player,player_id,ht_in_in,wt,birth_date,colleges,from_season,to_season,debut,hof,n_seasons,lg,teams,pos,career_g,career_gs,mp_per_game,fg_per_game,fga_per_game,fg_percent,x3p_per_game,x3pa_per_game,x3p_percent,x2p_per_game,x2pa_per_game,x2p_percent,e_fg_percent,ft_per_game,fta_per_game,ft_percent,orb_per_game,drb_per_game,trb_per_game,ast_per_game,stl_per_game,blk_per_game,tov_per_game,pf_per_game,pts_per_game,career_mp,career_fg,career_fga,career_x3p,career_x3pa,career_x2p,career_x2pa,career_ft,career_fta,career_orb,career_drb,career_trb,career_ast,career_stl,career_blk,career_tov,career_pf,career_pts,career_trp_dbl,career_per,career_ts_percent,career_x3p_ar,career_f_tr,career_orb_percent,career_drb_percent,career_trb_percent,career_ast_percent,career_stl_percent,career_blk_percent,career_tov_percent,career_usg_percent,career_ows,career_dws,career_ws,career_ws_48,career_obpm,career_dbpm,career_bpm,career_vorp,career_fg_per_100_poss,career_fga_per_100_poss,career_x3p_per_100_poss,career_x3pa_per_100_poss,career_x2p_per_100_poss,career_x2pa_per_100_poss,career_ft_per_100_poss,career_fta_per_100_poss,career_orb_per_100_poss,career_drb_per_100_poss,career_trb_per_100_poss,career_ast_per_100_poss,career_stl_per_100_poss,career_blk_per_100_poss,career_tov_per_100_poss,career_pf_per_100_poss,career_pts_per_100_poss,career_o_rtg,career_d_rtg,career_pg_percent,career_sg_percent,career_sf_percent,career_pf_percent,career_c_percent,career_on_court_plus_minus_per_100_poss,career_net_plus_minus_per_100_poss,career_bad_pass_turnover,career_lost_ball_turnover,career_shooting_foul_committed,career_offensive_foul_committed,career_shooting_foul_drawn,career_offensive_foul_drawn,career_points_generated_by_assists,career_and1,career_fga_blocked,career_avg_dist_fga,career_percent_fga_from_x0_3_range,career_percent_fga_from_x3_10_range,career_percent_fga_from_x10_16_range,career_percent_fga_from_x16_3p_range,career_percent_fga_from_x3p_range,career_fg_percent_from_x0_3_range,career_fg_percent_from_x3_10_range,career_fg_percent_from_x10_16_range,career_fg_percent_from_x16_3p_range,career_percent_assisted_x2p_fg,career_percent_assisted_x3p_fg,career_percent_dunks_of_fga,career_num_of_dunks,career_percent_corner_3s_of_3pa,career_corner_3_point_percent,career_num_heaves_attempted,career_num_heaves_made,career_CHMP_count,career_FMVP_count,career_all_star_count,career_all_defense_share_mean,career_all_nba_share_mean,career_all_rookie_share_mean,career_all_defense_1st_count,career_all_defense_2nd_count,career_all_defense_ORV_count,career_all_nba_1T_count,career_all_nba_2T_count,career_all_nba_3T_count,career_all_nba_ORV_count,career_all_rookie_1st_count,career_all_rookie_2nd_count,career_all_rookie_ORV_count,career_mvp_winner_count,career_mvp_share_mean,career_roy_winner_count,career_roy_share_sum,career_smoy_winner_count,career_smoy_share_mean,career_mip_winner_count,career_mip_share_mean,career_dpoy_winner_count,career_dpoy_share_mean,career_clutch_poy_winner_count,career_clutch_poy_share_mean,from,to,experience,career_percent_fga_from_x2p_range
Kareem Abdul-Jabbar,abdulka01,86,225.0,1947-04-16,UCLA,1970,1986,1969-10-18T00:00:00Z,True,17,NBA,"MIL, LAL",C,1328,557.0,38.40512048192771,10.906626506024097,19.39156626506024,0.5624417520969245,0.0,0.008283132530120483,0.0,4.021084337349397,6.883283132530121,0.5841811617984903,0.5624417520969245,4.623493975903615,6.420933734939759,0.7200656737422305,1.9593373493975903,6.349397590361446,12.127259036144578,3.9518072289156625,0.7718373493975904,2.1950301204819276,1.5715361445783131,3.0120481927710845,26.436746987951807,51002.0,14484,25752,0.0,11.0,5340.0,9141.0,6140,8527,2602.0,8432.0,16105.0,5248,1025.0,2915.0,2087.0,4000.0,35108,21.0,25.69116505235089,0.5960573114779812,0.000479628249872554,0.33161389749421594,6.592435491172477,19.160110909913985,15.087122073644169,15.300021567781656,1.1582727787767568,3.3892394748755086,6.5228873377514605,12.151296027606762,171.0,86.8,257.6,0.24245866828751814,4.837292129716412,1.8836488766301585,6.714875612564604,82.5,12.749101571914416,22.555351739281793,0.0,0.0071686795383338235,6.643826152157031,11.37129314731007,5.35730123450178,7.290126663631737,3.2079425862946205,10.348699890207,13.56471895669871,4.778710869507003,1.2592025279168788,3.5766756821894328,2.580783547117264,3.7069142811236375,30.85018879040248,77.13086790027582,98.18846905711914,,,,,,,,,,,,,,,,,,,,,,,,,,,,,,,,,,,4,2,16,0.22041176470588236,0.5291764705882354,0.058823529411764705,5,11,0,10,15,,1,1,,1,6,0.35905882352941176,1,1.0,0,0.0,0,0.0,0,0.0,,,1970,1989,17,
Kareem Abdul-Jabbar,abdulka01,86,225.0,1947-04-16,UCLA,1971,1987,1969-10-18T00:00:00Z,True,17,NBA,"MIL, LAL",C,1324,635.0,37.69561933534743,10.654078549848943,18.833081570996978,0.5657108482053339,0.0007552870090634441,0.010574018126888218,0.07142857142857142,4.455438066465256,7.651812688821752,0.5822722337380318,0.5657309003408864,4.45619335347432,6.138217522658611,0.7259751445797957,2.080060422960725,6.648791540785498,11.66012084592145,3.8625377643504533,0.8111782477341389,2.2749244712990935,1.7167673716012084,2.9924471299093653,25.76510574018127,49909.0,14106,24935,1.0,14.0,5899.0,10131.0,5900,8127,2754.0,8803.0,15438.0,5114,1074.0,3012.0,2273.0,3962.0,34113,21.0,25.536069646757092,0.5992230659800837,0.0006368590835320283,0.3267181670640566,6.6347182600115815,18.984180948499603,15.999545172213427,15.274838205534072,1.1436242390445652,3.326972823405761,7.3504638441964385,13.498296900358653,166.2,85.3,251.29999999999998,0.24176575367168246,4.626392519605871,1.77421073798512,6.401045646491052,84.7,12.629511864065956,22.34947969032777,0.0,0.01286446812789061,6.898833701990751,11.851633822642267,5.316971646893223,7.247783028353105,3.189048361150211,10.155507239091092,13.352136537301426,4.72479640056304,1.2371631811783634,3.473801025537904,2.643318922179771,3.767846370400161,30.577141564448013,79.39302232053086,98.72911220591192,,,,,,,,,,,,,,,,,,,,,,,,,,,,,,,,,,,5,2,16,0.19729411764705884,0.4894117647058824,0.0,5,10,0,10,14,,2,0,,0,6,0.3336470588235294,0,0.0,0,0.0,0,0.0,0,0.0,,,1970,1989,18,
Kareem Abdul-Jabbar,abdulka01,86,225.0,1947-04-16,UCLA,1972,1988,1969-10-18T00:00:00Z,True,17,NBA,"MIL, LAL",C,1322,715.0,37.011346444780635,10.229198184568835,18.15052950075643,0.5635757449468639,0.0007564296520423601,0.0113464447806354,0.06666666666666667,4.8252647503782145,8.345688350983359,0.5781745672074685,0.5635965826213795,4.262481089258699,5.835854765506808,0.7303953337653921,2.172465960665658,6.931164901664145,11.047655068078669,3.764750378214826,0.848714069591528,2.3479576399394855,1.8396369137670197,2.9606656580937973,24.721633888048412,48929.0,13523,23995,1.0,15.0,6379.0,11033.0,5635,7715,2872.0,9163.0,14605.0,4977,1122.0,3104.0,2432.0,3914.0,32682,20.0,24.844041366061024,0.5973891965909788,0.0006967851376484294,0.322455006233522,6.609495391281243,18.885869320852663,15.60182509350283,15.157176725459339,1.1363141181140564,3.2738130760898443,8.13448670522594,14.77810092174375,151.8,82.7,234.3,0.22993699033293138,4.367233678608762,1.6824099591371284,6.050061769457379,85.9,12.490812981089045,22.165820108334124,0.0,0.012159080110234725,7.074360923690962,12.238111755202889,5.261208780765941,7.157431340872373,3.151266273876271,10.01538297063575,13.168331274351418,4.619255440463745,1.2241589850803005,3.3875059393709015,2.679326237764896,3.8079920174855078,30.238434856979943,81.01644017865628,99.18262377648959,,,,,,,,,,,,,,,,,,,,,,,,,,,,,,,,,,,5,1,16,0.16617647058823531,0.4308235294117647,0.0,5,9,0,9,13,,2,0,,0,5,0.281,0,0.0,0,0.0,0,0.0,0,0.0,,,1970,1989,19,
Kareem Abdul-Jabbar,abdulka01,86,225.0,1947-04-16,UCLA,1973,1989,1969-10-18T00:00:00Z,True,17,NBA,"MIL, LAL",C,1315,789.0,35.77262357414449,9.640304182509505,17.212927756653993,0.5600618511155291,0.0007604562737642585,0.013688212927756654,0.05555555555555555,5.088973384030418,8.888973384030418,0.5725040636495851,0.5600839407996465,3.99467680608365,5.43574144486692,0.7348908785674314,2.2623574144486693,7.143726235741445,10.336882129277566,3.5596958174904945,0.8821292775665399,2.4250950570342207,1.9216730038022813,2.946768060836502,23.276045627376426,47041.0,12677,22635,1.0,18.0,6692.0,11689.0,5253,7148,2975.0,9394.0,13593.0,4681,1160.0,3189.0,2527.0,3875.0,30608,19.0,24.02856869539338,0.5938490253183393,0.000904912735698646,0.3167560638591867,7.137805318764482,20.155517527263452,15.245730320358836,14.759012350927913,1.135005633383644,3.5097021746986674,8.87533853446993,16.095474160838418,134.4,77.6,211.8,0.21622323079866498,4.124628314339872,1.6095416447804143,5.734571904903281,85.9,12.351812181697765,22.027786786032383,0.0,0.01555941261104894,7.145031630392582,12.484381209034645,5.193032178500468,7.062303880147075,3.1415397264028138,9.879302075958618,13.022458720624844,4.52173476145888,1.2193527759380638,3.349279466508325,2.680126521570329,3.8734898485851965,29.88855596409893,81.90613652453925,99.4852353438235,,,,,,,,,,,,,,,,,,,,,,,,,,,,,,,,,,,5,1,16,0.16617647058823531,0.37905882352941184,0.0,5,9,0,8,12,0,2,0,0,0,4,0.24300000000000002,0,0.0,0,0.0,0,0.0,0,0.0,,,1970,1989,20,
Artis Gilmore,gilmoar01,86,240.0,1949-09-21,"Gardner-Webb University, Jacksonville University",1972,1988,1971-10-16T00:00:00Z,True,17,"ABA,NBA","KEN, CHI, SAS, BOS, CHI",C,1329,804.0,35.46576373212942,7.075244544770504,12.15801354401806,0.5819408342616661,0.002257336343115124,0.015048908954100828,0.15,5.54778028592927,9.388261851015802,0.590927306243488,0.5820336675331106,4.6139954853273135,6.6139954853273135,0.6976109215017064,3.623777276147479,8.663656884875847,12.287434161023326,2.2949586155003763,0.5440180586907449,2.3912716328066215,2.9541008276899925,3.4078254326561326,18.766741911211437,47134.0,9403,16158,3.0,20.0,7373.0,12477.0,6132,8790,4816.0,11514.0,16330.0,3050,723.0,3178.0,3926.0,4529.0,24941,2.0,21.43618407094666,0.6252933975474181,0.0012295370645393983,0.5559540246955489,10.757709933381424,24.92656044468961,17.9746722111427,9.358395213646201,0.7787038741142909,3.67733058938346,16.41051894598379,19.030674247889,114.10000000000001,75.6,189.8,0.19310765052828108,2.357548916579092,0.774120502427063,3.124670970324776,51.6,9.274118000300257,15.889423509983487,0.0,0.012087774608417156,6.864484812090277,11.550740629535104,6.300575489165791,8.912395536205775,4.607826652654755,11.010203673122152,15.651786518540758,2.9711129460041033,0.7593129159785819,2.9284291647900718,3.8563178701896614,4.62535655307011,24.832309963468948,106.99624680978832,101.32007206125206,,,,,,,,,,,,,,,,,,,,,,,,,,,,,,,,,,,0,0,11,0.0,0.0,0.0,4,5,0,5,5,,0,1,,1,1,0.053941176470588235,1,0.633,0,0.0,0,0.0,0,0.0,,,1972,1988,17,
Caldwell Jones,jonesca01,83,217.0,1950-08-04,Albany State University,1974,1990,1973-10-10T00:00:00Z,False,17,"ABA,NBA","SDA, KEN, SDS, SSL, PHI, HOU, CHI, POR, SAS",C,1299,771.0,27.00615858352579,3.1485758275596614,6.640492686682063,0.474147924878275,0.005388760585065435,0.04387990762124711,0.12280701754385964,2.615088529638183,5.503464203233256,0.47517135263673244,0.4745536749362393,1.5812163202463434,2.090839107005389,0.7562592047128129,2.2486528098537337,5.976905311778291,8.225558121632025,1.3856812933025404,0.527328714395689,1.7682832948421863,1.6235565819861433,3.4149345650500385,7.8837567359507315,35081.0,4090,8626,7.0,57.0,3397.0,7149.0,2054,2716,2921.0,7764.0,10685.0,1800,685.0,2297.0,2109.0,4436.0,10241,0.0,12.099438442461732,0.5231339471508795,0.007071178130612012,0.3419042216584476,8.742359111769902,22.667327043128758,15.8135258401984,6.485396653459138,0.8922835723040962,3.477976682534705,18.439716655739577,12.762623642427524,14.8,51.5,66.2,0.0905754111912431,-1.8955845044325987,1.1127533422650437,-0.801681822068926,10.3,5.322570622274164,11.241002251931244,0.002522733103389299,0.07506342464581968,4.43605370428437,9.349499729198142,2.691228870328668,3.560157920241727,3.818882015906046,10.152227701604858,13.951560673869048,2.368082437786836,0.8922835723040962,2.984270687836721,2.7633676349020835,5.812659274251019,13.35287477551951,95.3446024913771,101.67763176648329,,,,,,,,,,,,,,,,,,,,,,,,,,,,,,,,,,,0,0,1,0.058823529411764705,0.0,0.0,2,2,0,0,0,0,0,0,0,0,0,5.882352941176471e-05,0,0.359,0,0.0,0,0.0,0,0.0,,,1974,1990,17,
Moses Malone,malonmo01,82,215.0,1955-03-23,,1975,1991,1974-10-18T00:00:00Z,True,17,"ABA,NBA","UTS, SSL, BUF, HOU, PHI, WSB, ATL",C,1290,871.0,35.70697674418604,7.526356589147287,15.125581395348837,0.4975912259122591,0.0031007751937984496,0.05581395348837209,0.05555555555555555,6.346511627906977,12.772868217054263,0.49687443102506523,0.4976937269372694,6.578294573643411,8.666666666666666,0.7590339892665474,5.35968992248062,7.641860465116279,13.001550387596899,1.3922480620155038,0.8612403100775193,1.3930232558139535,3.1271317829457366,2.533333333333333,21.634108527131783,46062.0,9709,19512,4.0,72.0,8187.0,16477.0,8486,11180,6914.0,9858.0,16772.0,1796,1111.0,1797.0,4034.0,3268.0,27908,0.0,22.250809778125134,0.5716512092397203,0.0037265641960835395,0.5773146628457296,16.394778776431767,23.373544353262993,19.90366245495202,5.858905388389561,1.1605423125352785,2.2002909122487084,14.073149233641614,24.125580739003958,112.2,57.8,169.99999999999997,0.17706764795275934,3.2294255568581476,-1.466436542052017,1.7832616907646217,43.800000000000004,10.130841040336938,20.33345490860145,0.0,0.07172289522817073,8.562765403152273,17.24054318093005,8.858985714905996,11.648564977638834,7.201161478007902,10.257047023576918,17.46614562980331,1.8786244626807347,1.1605423125352785,1.8685510833224783,4.1904758803352005,3.3997307976205984,29.07479267074812,107.30411184924667,104.19847162520081,,,,,,,,,,,,,,,,,,,,,,,,,,,,,,,,,,,1,1,13,0.023,0.33788235294117647,0.0,1,2,0,4,8,0,4,1,0,1,3,0.16794117647058826,0,0.1,0,0.00125,0,0.0,0,0.0014444444444444444,,,1975,1995,17,
Moses Malone,malonmo01,82,215.0,1955-03-23,,1976,1992,1974-10-18T00:00:00Z,True,17,"ABA,NBA","SSL, BUF, HOU, PHI, WSB, ATL, MIL",C,1289,948.0,35.19627618308766,7.415050426687355,15.055081458494957,0.49252808409770177,0.005430566330488751,0.0612878200155159,0.08860759493670886,6.231962761830877,12.69511249030256,0.490894646785627,0.4927084406884469,6.599689681923972,8.605896043444531,0.7668800144235103,5.259115593483321,7.39177657098526,12.65089216446858,1.4018619084561676,0.8533747090768037,1.3444530643910009,2.9976726144297907,2.417377812257564,21.43522110162917,45368.0,9558,19406,7.0,79.0,8033.0,16364.0,8507,11093,6779.0,9528.0,16307.0,1807,1100.0,1733.0,3864.0,3116.0,27630,0.0,22.26922059601481,0.5687116249338742,0.004211051842708516,0.575861532357609,16.32544524775172,23.176364397813437,19.751805237171578,5.98296155880797,1.169478487039323,2.1670869335214245,13.526161611708694,24.219200758243694,112.69999999999999,54.900000000000006,167.60000000000002,0.17715907688238405,3.2946239640275086,-1.5909694057485453,1.7171728971962619,42.39999999999999,10.137070181625814,20.557776406277554,0.005534738141421266,0.08388952565685064,8.539472756127667,17.40648254276142,9.029073355669196,11.74996252865456,7.171030241579969,10.071991271380709,17.25108005642744,1.9206841826838301,1.169478487039323,1.8277971257273853,4.074462175983072,3.290339005466408,29.25510712396403,107.7915931934403,104.8161699876565,,,,,,,,,,,,,,,,,,,,,,,,,,,,,,,,,,,1,1,12,0.023,0.33788235294117647,0.0,1,2,0,4,8,0,4,0,0,0,3,0.16794117647058823,0,0.0,0,0.0011111111111111111,0,0.0,0,0.0013,,,1975,1995,18,
Moses Malone,malonmo01,82,215.0,1955-03-23,,1977,1993,1974-10-18T00:00:00Z,True,17,NBA,"BUF, HOU, PHI, WSB, ATL, MIL",C,1257,948.0,35.24582338902148,7.414478918058871,15.081941129673826,0.49161303935014244,0.005568814638027049,0.061256961018297536,0.09090909090909091,6.201272871917263,12.663484486873509,0.4896971981404699,0.49179765798079966,6.697692919649961,8.704057279236277,0.7694909057672973,5.254574383452665,7.426412092283214,12.68098647573588,1.3969769291964995,0.8560063643595863,1.3627684964200477,2.9705648369132858,2.3937947494033414,21.53221957040573,44304.0,9320,18958,7.0,77.0,7795.0,15918.0,8419,10941,6605.0,9335.0,15940.0,1756,1076.0,1713.0,3734.0,3009.0,27066,0.0,22.405028891296496,0.5692402717587577,0.004206730769230768,0.581590240158902,16.347237269772485,23.321571415673528,19.835443752257135,5.964639761646804,1.1723749548573492,2.1965962441314555,13.367328006500545,24.25283270133622,111.9,53.9,165.79999999999998,0.17954570693391114,3.3656035572408816,-1.5731830083062475,1.806263542795233,42.400000000000006,10.13671451787649,20.59536836403034,0.005667659804983749,0.08326787648970749,8.50074936800289,17.371029703864213,9.156911339833874,11.87994537739256,7.167770404478151,10.119422625496568,17.29280877573131,1.9141567352834963,1.1723749548573492,1.8516138497652581,4.04121975442398,3.260168382087397,29.383949530516432,107.98106265799927,104.81644998194294,,,,,,,,,,,,,,,,,,,,,,,,,,,,,,,,,,,1,1,12,0.023,0.33788235294117647,0.0,1,2,0,4,8,0,4,0,0,0,3,0.16794117647058826,0,0.0,0,0.001,0,0.0,0,0.0011818181818181817,,,1975,1995,19,
Moses Malone,malonmo01,82,215.0,1955-03-23,,1978,1994,1974-10-18T00:00:00Z,True,17,NBA,"HOU, PHI, WSB, ATL, MIL, PHI",C,1230,948.0,34.484552845528455,7.34390243902439,14.94308943089431,0.4914581066376496,0.005691056910569106,0.06341463414634146,0.08974358974358974,6.420325203252032,13.129268292682926,0.489008607344108,0.49164853101196954,6.669918699186992,8.632520325203252,0.7726502166132981,5.100813008130081,7.170731707317073,12.271544715447154,1.3829268292682926,0.8292682926829268,1.259349593495935,3.0837398373983738,2.265040650406504,21.36341463414634,42416.0,9033,18380,7.0,78.0,7897.0,16149.0,8204,10618,6274.0,8820.0,15094.0,1701,1020.0,1549.0,3793.0,2786.0,26277,0.0,22.49038570350811,0.570235830818559,0.004452258581667296,0.5827397208600529,16.17897963032818,23.0939716144851,19.62869907582045,6.076216522067145,1.160866182572614,2.088721237268955,14.212931440965672,25.683499151263675,107.1,51.099999999999994,158.1,0.17880740758204453,3.379444077706526,-1.6500919464353074,1.7438112976235383,39.9,10.271642776310825,20.88206808751415,0.005919935873255376,0.08843125235760092,9.000061297623537,18.41815588457186,9.328187476423992,12.056778102602792,7.121744153149754,10.002204356846473,17.12981422104866,1.9397161448509996,1.160866182572614,1.7535529045643152,4.291036401357978,3.159253583553377,29.828925405507356,114.30273953225198,105.33921161825727,,,,,,,,,,,,,,,,,,,,,,,,,,,,,,,,,,,1,1,12,0.023,0.33788235294117647,0.0,1,2,0,4,8,0,4,0,0,0,3,0.16652941176470587,0,0.0,0,0.0009090909090909091,0,0.0,0,0.0010833333333333333,,,1975,1995,20,
Moses Malone,malonmo01,82,215.0,1955-03-23,,1979,1995,1974-10-18T00:00:00Z,True,17,NBA,"HOU, PHI, WSB, ATL, MIL, PHI, SAS",C,1188,948.0,34.05555555555556,7.266835016835016,14.803872053872054,0.49087394097913234,0.006734006734006734,0.06734006734006734,0.1,6.657407407407407,13.621212121212121,0.48875293536027686,0.4911013817023938,6.656565656565657,8.591750841750843,0.7747624179484668,4.978114478114478,7.02020202020202,11.998316498316498,1.4107744107744107,0.8198653198653199,1.2424242424242424,3.016835016835017,2.207070707070707,21.196969696969695,40458.0,8633,17587,8.0,80.0,7909.0,16182.0,7908,10207,5914.0,8340.0,14254.0,1676,974.0,1476.0,3584.0,2622.0,25182,0.0,22.519321271441992,0.5705586287013692,0.004877650897226753,0.5864459192248752,16.05223688763656,22.916399723169707,19.48174155914776,6.281170596668149,1.1623387216372536,2.0960131494389245,14.046381432596768,25.76781106332493,102.8,49.60000000000001,152.3,0.1805460971872065,3.4124820801819173,-1.601174057046814,1.8264669533837559,38.9,10.300620396460527,20.96783578031539,0.00731128577784369,0.09528894161846856,9.450726679519503,19.350766226704238,9.43749567452667,12.159632211181965,7.048781452370361,9.925349745414996,16.98028078501162,2.004500963962628,1.1623387216372536,1.7535666617232686,4.257145681941767,3.1226160462702057,29.995602847397304,114.69719214988383,105.46346828810124,,,,,,,,,,,,,,,,,,,,,,,,,,,,,,,,,,,1,1,11,0.023,0.33788235294117647,0.0,1,2,0,4,8,0,4,0,0,0,3,0.1665294117647059,0,0.0,0,0.0008333333333333334,0,0.0,0,0.001,,,1975,1995,21,
Robert Parish,parisro01,85,230.0,1953-08-30,Centenary (LA),1977,1993,1976-10-22T00:00:00Z,True,17,NBA,"GSW, BOS",C,1339,1023.0,30.52501867064974,6.653472740851382,12.27259148618372,0.5421408142152985,0.0,0.004480955937266617,0.0,5.703510082150859,10.330843913368184,0.5520855924239139,0.5421408142152985,2.8454070201643016,3.945481702763256,0.7211811470755253,3.1613144137415983,6.869305451829724,10.030619865571321,1.4958924570575056,0.8386855862584018,1.6101568334578042,2.1889469753547424,2.988050784167289,16.152352501867064,40873.0,8909,16433,0.0,6.0,7637.0,13833.0,3810,5283,4233.0,9198.0,13431.0,2003,1123.0,2156.0,2931.0,4001.0,21628,2.0,19.893504269322044,0.5791760575441001,0.00035779120690920656,0.3238371051794583,11.818131774031757,24.153196486678247,18.1586377315098,7.079935409683655,1.309881829080322,2.9564308957013186,13.415983656692681,21.223519193599685,71.9,67.2,139.0,0.16330396594328775,1.6208719692706675,0.31140850928485797,1.9441513957869498,40.6,10.450891786754092,19.232483546595553,0.0,0.0,9.021999853203827,16.318041249724757,4.462082548381572,6.183808382061508,4.972262863014704,10.78577300418369,15.729300516233211,2.328096787610403,1.309881829080322,2.507197905707925,3.438157218701832,4.675807990605045,25.340505957478044,108.13216548821961,101.43928754923789,,,,,,,,,,,,,,,,,,,,,,,,,,,,,,,,,,,3,0,9,0.0032941176470588232,0.034999999999999996,0.0,0,0,2,0,1,1,7,0,0,1,0,0.01682352941176471,0,0.0,0,0.0,0,0.0,0,0.0,,,1977,1997,17,
Robert Parish,parisro01,85,230.0,1953-08-30,Centenary (LA),1978,1994,1976-10-22T00:00:00Z,True,17,NBA,"GSW, BOS",C,1336,1097.0,31.04491017964072,6.719311377245509,12.413922155688622,0.5412722339463371,0.0,0.004491017964071856,0.0,5.982784431137724,10.896706586826348,0.5490451985162798,0.5412722339463371,2.876497005988024,3.9820359281437128,0.7223684210526315,3.123502994011976,6.928892215568863,10.052395209580839,1.5052395209580838,0.8308383233532934,1.6152694610778444,2.2747005988023954,2.969311377245509,16.315119760479043,41476.0,8977,16585,0.0,6.0,7993.0,14558.0,3843,5320,4173.0,9257.0,13430.0,2011,1110.0,2158.0,3039.0,3967.0,21797,2.0,19.731572475648566,0.5781941604783489,0.0003525894493200887,0.32293449223647414,11.542388369177354,24.061565724756484,17.971708940109945,7.035227601504484,1.283472369563121,2.9403799787829104,13.781449512971358,21.882686372842123,71.2,67.0,138.2,0.15990838075031344,1.5404137332433216,0.28249831227697947,1.8346103770855435,40.0,10.419787346899412,19.215589738644038,0.0,0.0,9.321998264056322,16.957503134342755,4.453910695341883,6.164285369852444,4.8555429646060375,10.7457710483171,15.57299643167133,2.3147699874626286,1.283472369563121,2.485618188832096,3.517520975986112,4.597528691291349,25.273801716655417,111.59034140225673,101.87264924293568,,,,,,,,,,,,,,,,,,,,,,,,,,,,,,,,,,,3,0,9,0.0032941176470588232,0.034999999999999996,0.0,0,0,2,0,1,1,7,0,0,0,0,0.01682352941176471,0,0.0,0,0.0,0,0.0,0,0.0,,,1977,1997,18,
Robert Parish,parisro01,85,230.0,1953-08-30,Centenary (LA),1979,1995,1976-10-22T00:00:00Z,True,17,NBA,"GSW, BOS, CHH",C,1335,1101.0,30.605992509363297,6.521348314606741,12.019475655430712,0.5425651252648636,0.0,0.0044943820224719105,0.0,6.106367041198502,11.183520599250937,0.5460147354320161,0.5425651252648636,2.8082397003745316,3.8629213483146065,0.7269730463447741,3.0374531835205993,6.775280898876405,9.812734082397004,1.4681647940074907,0.7925093632958802,1.551310861423221,2.1752808988764043,2.852434456928839,15.850936329588015,40859.0,8706,16046,0.0,6.0,8152.0,14930.0,3749,5157,4055.0,9045.0,13100.0,1960,1058.0,2071.0,2904.0,3808.0,21161,2.0,19.534866247338407,0.5783311877432145,0.00035791380112092807,0.322836217234881,11.482312342445974,23.946038816417435,17.906035389999758,6.969580753322401,1.2525098509508308,2.88380528157811,13.652566142098438,21.57844783279082,70.20000000000002,65.4,135.6,0.1592880393548545,1.5153283242370104,0.2608703100908001,1.788073619031303,38.9,10.30520570743288,18.97356274015517,0.0,0.0,9.667921388188649,17.69336988178859,4.430695807533224,6.092459433662106,4.81185540517389,10.7184806285029,15.506409848503388,2.299958393499596,1.2525098509508308,2.434545632541178,3.4349959617220196,4.512836829095181,25.01781737193764,111.8890574903938,102.27423578648524,,,,,,,,,,,,,,,,,,,,,,,,,,,,,,,,,,,3,0,9,0.0032941176470588232,0.035,0.0,0,0,2,0,1,1,7,0,0,0,0,0.01682352941176471,0,0.0,0,0.0,0,0.0,0,0.0,,,1977,1997,19,
Robert Parish,parisro01,85,230.0,1953-08-30,Centenary (LA),1980,1996,1976-10-22T00:00:00Z,True,17,NBA,"GSW, BOS, CHH",C,1333,1135.0,29.657914478619656,6.2055513878469615,11.385596399099775,0.5450352507083086,0.0,0.00450112528132033,0.0,6.2055513878469615,11.381095273818454,0.5452508074616044,0.5450352507083086,2.7029257314328583,3.711177794448612,0.7283201940570042,2.909977494373593,6.457614403600901,9.367591897974494,1.4058514628657164,0.7344336084021005,1.431357839459865,2.0412603150787696,2.6894223555888974,15.11402850712678,39534.0,8272,15177,0.0,6.0,8272.0,15171.0,3603,4947,3879.0,8608.0,12487.0,1874,979.0,1908.0,2721.0,3585.0,20147,1.0,19.27819851267264,0.5800944250518542,0.0003699094450346538,0.326330550918197,11.420076389942835,23.638093792684778,17.726303940911624,6.892249709111145,1.2060859007436637,2.7832675671573837,13.56625436333283,21.169514847978956,69.1,61.0,130.2,0.15799949410633884,1.5203495725198564,0.15709262912935698,1.6836166337835785,36.60000000000001,10.151272322557798,18.610836242221882,0.0,0.0,10.151272322557798,18.605023524055248,4.41337582840087,6.054628926999544,4.774123539232053,10.586141043152729,15.341635048312847,2.2813325239034756,1.2060859007436637,2.331423584762483,3.3416148125663985,4.411405372590681,24.691850053118834,112.45234481711944,102.9361309252795,,,,,,,,,,,,,,,,,,,,,,,,,,,,,,,,,,,3,0,9,0.0032941176470588232,0.034999999999999996,0.0,0,0,2,0,1,1,7,0,0,0,0,0.01682352941176471,0,0.0,0,0.0,0,0.0,0,0.0,,,1977,1997,20,
Robert Parish,parisro01,85,230.0,1953-08-30,Centenary (LA),1981,1997,1976-10-22T00:00:00Z,True,17,NBA,"BOS, CHH, CHI",C,1304,1138.0,29.00383435582822,6.006134969325154,10.976993865030675,0.5471566298728517,0.0,0.003834355828220859,0.0,6.006134969325154,10.973159509202453,0.5473478230484311,0.5471566298728517,2.6234662576687118,3.5996932515337425,0.7288027268853856,2.817484662576687,6.226226993865031,9.043711656441717,1.3604294478527608,0.7108895705521472,1.3895705521472392,1.9355828220858895,2.589723926380368,14.635736196319018,37821.0,7832,14314,0.0,5.0,7832.0,14309.0,3421,4694,3674.0,8119.0,11793.0,1774,927.0,1812.0,2524.0,3377.0,19085,1.0,19.184318235900694,0.5815752624203485,0.00033063641892070545,0.3276406229343487,11.364723301869335,23.233616244943285,17.519327886623838,6.793799740884694,1.1964649268924672,2.767613230744824,13.41382036434785,20.867132016604533,67.89999999999999,58.5,126.50000000000001,0.16041305095053016,1.528521191930409,0.17350149387906189,1.708476772163613,35.199999999999996,10.06549535972079,18.38376298881574,0.0,0.0,10.06549535972079,18.377686999286112,4.385600592263557,6.014296290420666,4.735644218820232,10.454239708098674,15.17601332593004,2.2645170672377777,1.1964649268924672,2.3181856640490732,3.2469448190158907,4.3543507575156655,24.491430686655562,113.00325216149758,103.0,0.0,0.0,0.0,0.0,100.0,16.3,5.200000000000001,7.0,12.0,27.0,3.0,14.0,,48.0,3.0,9.0,8.2,0.371,0.329,0.28,0.020999999999999998,0.0,0.585,0.511,0.375,0.0,0.629,0.0,0.049,7.0,0.0,0.0,0.0,0.0,4,0,9,0.0032941176470588232,0.034999999999999996,0.0,0,0,2,0,1,1,7,0,0,0,0,0.01682352941176471,0,0.0,0,0.0,0,0.0,0,0.0,,,1977,1997,21,1.0
James Edwards,edwarja01,85,252.0,1955-11-22,Washington,1978,1994,1977-10-18T00:00:00Z,False,17,NBA,"LAL, IND, CLE, PHO, DET, LAC, LAL",C,1112,763.0,25.014388489208635,5.151978417266187,10.369604316546763,0.49683461972075277,0.0008992805755395684,0.018884892086330936,0.047619047619047616,4.225719424460432,8.410071942446043,0.5024593669803251,0.4968779810944411,2.9046762589928057,4.157374100719425,0.6986805104910232,1.599820143884892,3.7248201438848922,5.3246402877697845,1.330935251798561,0.3723021582733813,0.7652877697841727,1.7050359712230216,3.5404676258992804,13.20953237410072,27816.0,5729,11531,1.0,21.0,4699.0,9352.0,3230,4623,1779.0,4142.0,5921.0,1480,414.0,851.0,1896.0,3937.0,14689,0.0,14.951750790911706,0.5414298245614035,0.0019324129997123959,0.4029748705780845,6.913441903940179,16.42378846706931,11.628519557089446,7.900061115904515,0.7005500431406385,1.715836209375899,12.222943629565716,22.657175726200748,32.800000000000004,27.0,60.0,0.10322188668392292,-0.9423533218291632,-0.6505428530342249,-1.5617953695714697,2.8,9.848662640207074,19.814556370434282,0.0,0.043647540983606556,8.174532643083117,16.274367270635604,5.551168392292206,7.9366911130284725,3.046390566580386,7.074234253666955,10.10766465343687,2.5257657463330463,0.7005500431406385,1.4431010928961747,3.258164365832614,6.782592752372734,25.22276387690538,106.87909836065573,106.7084771354616,,,,,,,,,,,,,,,,,,,,,,,,,,,,,,,,,,,2,0,0,0.0,0.0,0.0,0,0,0,0,0,0,0,0,0,0,0,0.0,0,0.0,0,0.0,0,0.0,0,0.0,,,1978,1996,17,
James Edwards,edwarja01,85,252.0,1955-11-22,Washington,1979,1995,1977-10-18T00:00:00Z,False,17,NBA,"IND, CLE, PHO, DET, LAC, LAL, POR",C,1057,711.0,24.292336802270576,4.982024597918637,9.95364238410596,0.5005227639958179,0.000946073793755913,0.019867549668874173,0.047619047619047616,4.475875118259224,8.926206244087039,0.5014308426073132,0.5005702879954377,2.8088930936613057,3.9914853358561966,0.7037212609623134,1.5061494796594135,3.554399243140965,5.0605487228003785,1.327341532639546,0.34626300851466413,0.738883632923368,1.6471144749290445,3.4616840113528857,12.773888363292336,25677.0,5266,10521,1.0,21.0,4731.0,9435.0,2969,4219,1592.0,3757.0,5349.0,1403,366.0,781.0,1741.0,3659.0,13502,0.0,14.87637963936597,0.5445521673092651,0.0020933909724656307,0.4026075476107022,6.78252521712038,16.323861821863925,11.511333099661176,8.125030182653736,0.6756046267087277,1.722335163765237,12.284118082330492,22.571682828990927,30.400000000000002,25.0,55.5,0.10350535498695332,-1.0007438563695135,-0.5913035011878335,-1.5583557269151378,2.5999999999999996,9.871620516415469,19.729571211590137,0.0,0.04728356116368734,8.919733613739924,17.79584063558827,5.567040542119407,7.901460450987265,2.973295166880866,6.998235775207382,9.96789344549597,2.601849904583869,0.6756046267087277,1.447727538263816,3.267196323558048,6.873684620477469,25.28137243447443,107.41114616193481,107.24617361841337,,,,,,,,,,,,,,,,,,,,,,,,,,,,,,,,,,,2,0,0,0.0,0.0,0.0,0,0,0,0,0,0,0,0,0,0,0,0.0,0,0.0,0,0.0,0,0.0,0,0.0,,,1978,1996,18,
James Edwards,edwarja01,85,252.0,1955-11-22,Washington,1980,1996,1977-10-18T00:00:00Z,False,17,NBA,"IND, CLE, PHO, DET, LAC, LAL, POR, CHI",C,1003,629.0,23.334995014955133,4.758723828514457,9.53738783649053,0.49895463098473763,0.0009970089730807576,0.020937188434695914,0.047619047619047616,4.757726819541376,9.516450648055832,0.4999476165531692,0.49900689943550075,2.678963110667996,3.7926221335992025,0.7063617245005258,1.423728813559322,3.2582253240279164,4.681954137587239,1.3180458624127618,0.30608175473579263,0.6779661016949152,1.5952143569292123,3.3469591226321036,12.19740777666999,23405.0,4773,9566,1.0,21.0,4772.0,9545.0,2687,3804,1428.0,3268.0,4696.0,1322,307.0,680.0,1600.0,3357.0,12234,0.0,14.523067720572529,0.5431726554155095,0.002296603289895321,0.3994178167058321,6.732634052552874,15.769938047425764,11.205362102114933,8.417167271950438,0.6238709677419355,1.6759666737876522,12.408575090792565,22.659470198675496,26.000000000000004,22.2,48.199999999999996,0.0987574022644734,-1.1846656697286906,-0.6612390514847255,-1.808942533646657,0.9000000000000001,9.878085879085665,19.81527024140141,0.0,0.05187353129673147,9.878085879085665,19.771527451399276,5.567207861568041,7.867652211066011,2.947776116214484,6.732992950224311,9.676778466139714,2.704956205938902,0.6238709677419355,1.388263191625721,3.3157188634907073,6.970835291604358,25.301371501815844,107.18179876094851,107.80226447340311,,,,,,,,,,,,,,,,,,,,,,,,,,,,,,,,,,,3,0,0,0.0,0.0,0.0,0,0,0,0,0,0,0,0,0,0,0,0.0,0,0.0,0,0.0,0,0.0,0,0.0,,,1978,1996,19,
Tree Rollins,rollitr01,85,235.0,1955-06-16,Clemson,1978,1994,1977-10-22T00:00:00Z,False,17,NBA,"ATL, CLE, DET, HOU, ORL",C,1105,505.0,21.312217194570135,2.3276018099547513,4.453393665158371,0.5226579963422069,0.0,0.006334841628959276,0.0,1.829864253393665,3.47420814479638,0.5266996613701485,0.5226579963422069,0.9447963800904977,1.3493212669683259,0.7002012072434608,1.9158371040723983,4.106787330316742,6.02262443438914,0.5891402714932127,0.45701357466063347,2.2678733031674208,0.9357466063348416,2.9990950226244344,5.6,23550.0,2572,4921,0.0,7.0,2022.0,3839.0,1044,1491,2117.0,4538.0,6655.0,651,505.0,2506.0,1034.0,3314.0,6188,4.0,13.75656475583864,0.555984373673036,0.0015746496815286623,0.30552895966029725,9.839915074309978,21.31781740976645,15.55092569002123,3.8039787685774953,1.0401783439490444,6.271146496815286,15.750114649681526,11.649422505307854,21.699999999999996,41.5,63.199999999999996,0.1292020382165605,-1.3575498938428874,2.532152866242038,1.1768152866242039,19.0,5.332934182590233,10.16691719745223,0.0,0.009532908704883228,4.240917197452229,8.015532908704882,2.1644458598726115,3.0810658174097667,4.37508280254777,9.403745222929937,13.789184713375798,1.3401910828025478,1.0401783439490444,5.182067940552016,2.1421188959660302,6.873312101910828,12.79943949044586,110.28951167728238,100.28628450106157,,,,,,,,,,,,,,,,,,,,,,,,,,,,,,,,,,,0,0,0,0.04988235294117647,0.0,0.0,1,2,0,0,0,0,0,0,0,1,0,0.0,0,0.0,0,0.0,0,0.0,0,0.012166666666666668,,,1978,1995,17,
Tree Rollins,rollitr01,85,235.0,1955-06-16,Clemson,1979,1995,1977-10-22T00:00:00Z,False,17,NBA,"ATL, CLE, DET, HOU, ORL",C,1076,508.0,20.662639405204462,2.173791821561338,4.129182156133829,0.5264460949808688,0.0,0.006505576208178439,0.0,1.8977695167286246,3.606877323420074,0.5261530533367689,0.5264460949808688,0.8931226765799256,1.2769516728624535,0.6994177583697234,1.829925650557621,3.930297397769517,5.760223048327138,0.5399628252788105,0.4228624535315985,2.159851301115242,0.8698884758364313,2.8355018587360594,5.2407063197026025,22233.0,2339,4443,0.0,7.0,2042.0,3881.0,961,1374,1969.0,4229.0,6198.0,581,455.0,2324.0,936.0,3051.0,5639,4.0,13.462470201952053,0.5586372059551118,0.0016679260558629064,0.3164843251023254,9.740615301578735,21.011730310799262,15.36891107812711,3.5701254891377685,0.9957405658255746,6.17097557684523,15.93029730580668,11.216511491926415,20.2,38.6,58.7,0.12727859488148247,-1.4190077812261053,2.498034453290154,1.0813700355327664,17.4,5.161129852021769,9.773831691629562,0.0,0.010097602662708588,4.5372824180272575,8.584941303467819,2.121971843655827,3.0277290514100654,4.333810102100481,9.323847433994512,13.66647775828723,1.279606890658031,0.9957405658255746,5.118611973193001,2.070327890972878,6.746327531147394,12.419601493275762,110.79678855754959,100.93815499482751,,,,,,,,,,,,,,,,,,,,,,,,,,,,,,,,,,,0,0,0,0.04988235294117647,0.0,0.0,1,2,0,0,0,0,0,0,0,0,0,0.0,0,0.0,0,0.0,0,0.0,0,0.011230769230769232,,,1978,1995,18,
Rick Mahorn,mahorri01,82,240.0,1958-09-21,Hampton,1981,1998,1980-10-10T00:00:00Z,False,17,NBA,"WSB, DET, PHI, NJN, DET",PF,1101,613.0,23.298819255222526,2.809264305177112,5.693006357856494,0.49345883854499045,0.004541326067211626,0.03451407811080836,0.13157894736842105,2.8047229791099,5.658492279745686,0.4956661316211878,0.4938576898532227,1.4159854677565848,2.0072661217075387,0.7054298642533937,1.6412352406902815,4.656675749318801,6.297910990009083,0.9809264305177112,0.5703905540417802,0.9137148047229791,1.3169845594913714,3.1580381471389645,7.03905540417802,25652.0,3093,6268,5.0,38.0,3088.0,6230.0,1559,2210,1807.0,5127.0,6934.0,1080,628.0,1006.0,1450.0,3477.0,7750,0.0,11.622208794635894,0.535046117261812,0.006037930765632309,0.3546094651489162,7.8934157180726645,22.134940745360986,15.049660845158272,5.786164821456417,1.203340870107594,2.300537969748947,16.867269608607515,14.254985966006547,10.599999999999998,41.0,51.599999999999994,0.09664100265086545,-2.50375409324809,1.2463745516918758,-1.2606931233432093,4.7,5.925920006237331,11.990838920941837,0.002455948853890535,0.06928114766879775,5.902760018711992,11.906662248557616,2.9915679089349765,4.226333229377826,3.470442850460003,9.815195696242009,13.26307110556682,2.0517932324964914,1.203340870107594,1.9109465148916267,2.771549976610011,6.638421955403087,14.830687665679088,103.30578512396694,102.61266178075783,0.0,0.0,0.0,6.878918918918919,93.12108108108109,5.615243243243243,2.1368648648648647,10.0,9.0,82.0,16.0,20.0,,44.0,4.0,22.0,9.112756756756756,0.4013372972972973,0.22703783783783782,0.2963437837837838,0.07080324324324323,0.0044778378378378374,0.5150940540540541,0.39006378378378376,0.37274486486486486,0.3723578378378379,0.7079621621621621,0.0,0.02980864864864865,4.0,0.0,0.0,0.0,0.0,1,0,0,0.01958823529411765,0.00011764705882352942,0.0,0,1,1,0,0,0,1,0,0,0,0,0.0,0,0.0,0,0.0,0,0.0,0,0.0,,,1981,1999,17,0.995522162162162
Rick Mahorn,mahorri01,82,240.0,1958-09-21,Hampton,1982,1999,1980-10-10T00:00:00Z,False,17,NBA,"WSB, DET, PHI, NJN, DET, PHI",PF,1065,613.0,23.55211267605634,2.8046948356807513,5.696713615023474,0.49233558595681554,0.004694835680751174,0.03568075117370892,0.13157894736842105,2.8,5.661032863849766,0.49460938795820203,0.4927476512279545,1.4413145539906103,2.045070422535211,0.7047750229568411,1.64037558685446,4.690140845070423,6.330516431924883,0.9924882629107982,0.5746478873239437,0.9042253521126761,1.331455399061033,3.15962441314554,7.055399061032864,25083.0,2987,6067,5.0,38.0,2982.0,6029.0,1535,2178,1747.0,4995.0,6742.0,1057,612.0,963.0,1418.0,3365.0,7514,0.0,11.51607861898497,0.5341171709923055,0.006174899334210421,0.3598238647689671,7.826894709564247,22.08868556392776,14.994705577482758,5.794115536419089,1.2024239524777738,2.261420085316748,16.977355180799744,14.189558665231429,10.0,39.900000000000006,49.8,0.09534939999202649,-2.5241119483315395,1.2168839453015987,-1.3106167523820915,4.3,5.862871267392259,11.891165331100748,0.002511661284535343,0.07085276880755892,5.8391859028026945,11.805079137264284,3.0160666586931386,4.264501853845235,3.4394928836263605,9.794801259817406,13.211214766973649,2.0557229996411914,1.2024239524777738,1.8730773830881473,2.7754415341067653,6.586875573097316,14.72880038272934,103.09763584898138,102.71729856875174,0.0,0.0,0.12072243346007605,12.80893536121673,87.0703422053232,3.0178707224334596,-0.47519011406844114,13.0,11.0,94.0,16.0,22.0,,48.0,4.0,24.0,9.207794676806083,0.36628707224334595,0.24659030418250952,0.2941292775665399,0.08905608365019012,0.003937262357414448,0.5132718631178708,0.39476425855513303,0.35189068441064636,0.3274058935361217,0.7190731939163498,0.0,0.026210076045627376,4.0,0.0,0.0,0.0,0.0,1,0,0,0.01958823529411765,0.00011764705882352942,0.0,0,1,1,0,0,0,1,0,0,0,0,0.0,0,0.0,0,0.0,0,0.0,0,0.0,,,1981,1999,18,0.9960627376425855
Eddie Johnson,johnsed03,79,215.0,1959-05-01,Illinois,1982,1999,1981-10-30T00:00:00Z,False,17,NBA,"KCK, SAC, PHO, SEA, CHH, IND, HOU",SF,1199,479.0,27.192660550458715,6.444537114261885,13.645537948290242,0.4722816453761995,0.46872393661384487,1.4003336113427856,0.334723049434187,5.97581317764804,12.245204336947456,0.48801253235254055,0.4894566346800318,2.65721434528774,3.1626355296080066,0.8401898734177216,1.4895746455379484,2.5404503753127607,4.030025020850709,2.126772310258549,0.6163469557964971,0.1501251042535446,1.7314428690575479,2.470391993327773,16.015012510425354,32604.0,7727,16361,562.0,1679.0,7165.0,14682.0,3186,3792,1786.0,3046.0,4832.0,2550,739.0,180.0,2076.0,2962.0,19202,1.0,15.909851551956812,0.5316995767390504,0.10784385351490615,0.23175104281683231,6.185274812906393,10.496564838670102,8.369982210771685,12.124846644583485,1.096089436878911,0.3152803337013863,10.332772052508895,25.274573671942093,46.8,18.799999999999997,65.60000000000001,0.09657492945650842,1.1273095325726903,-1.7750214697583118,-0.6878266470371733,11.000000000000002,11.349635014108697,24.049260826892404,0.8431143417985524,2.538651699178015,10.495994356520672,21.524233222917434,4.678051772788615,5.5761164274322175,2.6023678076309658,4.482259845417739,7.099849711691817,3.7170377867746285,1.096089436878911,0.2561495522021838,3.0401116427432218,4.362167218746166,28.222374555269294,108.71095571095572,111.14541160593792,0.0,8.495662949194548,86.84758364312268,4.656753407682776,0.0,-1.4873605947955393,-3.6427922346137964,69.0,13.0,81.0,10.0,64.0,,311.0,13.0,46.0,16.856381660470877,0.1701156546881454,0.06691738950846758,0.13208137133415945,0.26978108219743907,0.3611119372160264,0.5877294506402313,0.43549483684427914,0.36756877323420073,0.45792152003304415,0.7440359355638166,0.9603292028087567,0.0,0.0,0.16489673688558448,0.38369764560099134,0.0,0.0,0,0,0,0.0,0.00023529411764705883,0.0,0,0,0,0,0,0,2,0,0,0,0,0.0,0,0.0,1,0.03586666666666667,0,0.0,0,0.0,,,1982,1999,17,0.6388880627839736
Danny Schayes,schayda01,83,235.0,1959-05-10,Syracuse,1982,1998,1981-10-30T00:00:00Z,False,17,NBA,"UTA, DEN, MIL, LAL, PHO, MIA, ORL",C,1119,426.0,19.510277033065236,2.6657730116175156,5.539767649687221,0.4812066462332634,0.0035746201966041107,0.02680965147453083,0.13333333333333333,2.6621983914209117,5.5129579982126895,0.48289836278165016,0.4815292789159542,2.486148346738159,3.0857908847184987,0.805676223573704,1.6228775692582662,3.4325290437890974,5.055406613047364,1.1572832886505808,0.49955317247542447,0.7488829311885612,1.3976764968722073,3.1018766756032172,7.821268990169794,21832.0,2983,6199,4.0,30.0,2979.0,6169.0,2782,3453,1816.0,3841.0,5657.0,1295,559.0,838.0,1564.0,3471.0,8752,1.0,13.50071912788567,0.5631285727372664,0.00473314400879443,0.5617085470868449,8.752903994137046,19.585406742396483,14.0100128252107,7.783579149871748,1.2049468669842434,2.2606082814217663,16.675480945401247,17.077171124954194,24.3,24.5,48.599999999999994,0.10725906925613778,-2.016049835104434,0.03679919384389885,-1.973616709417369,0.20000000000000007,6.397883840234519,13.352642909490655,0.012554965188713815,0.05660956394283621,6.385328875045804,13.2884573103701,5.922787651154269,7.365449798460975,3.901195492854525,8.224596921949432,12.125192378160499,2.7672224257969953,1.2049468669842434,1.785168559912056,3.335855624770978,7.440197874679369,18.72470227189447,109.44659215829974,106.61048002931477,0.0,0.0,0.0,3.8741721854304636,96.12582781456953,-1.5999999999999999,0.37218543046357616,31.0,19.0,124.0,13.0,65.0,,121.0,9.0,40.0,13.07019867549669,0.3024172185430464,0.10027814569536424,0.11095364238410596,0.48396688741721855,0.0023841059602649007,0.5211523178807947,0.2796556291390728,0.31556291390728475,0.39941059602649004,0.7300794701986755,0.0,0.004490066225165563,2.0,0.0,0.0,0.0,0.0,0,0,0,0.0,0.0,0.0,0,0,0,0,0,0,0,0,0,0,0,0.0,0,0.0,0,0.0,0,0.0,0,0.0,,,1982,1999,17,0.997615894039735
Danny Schayes,schayda01,83,235.0,1959-05-10,Syracuse,1983,1999,1981-10-30T00:00:00Z,False,17,NBA,"UTA, DEN, MIL, LAL, PHO, MIA, ORL",C,1056,407.0,19.272727272727273,2.596590909090909,5.401515151515151,0.48071528751753156,0.003787878787878788,0.027462121212121212,0.13793103448275862,2.5928030303030303,5.37405303030303,0.4824669603524229,0.48106591865357645,2.507575757575758,3.102272727272727,0.8083028083028083,1.5984848484848484,3.367424242424242,4.965909090909091,1.0918560606060606,0.48674242424242425,0.7272727272727273,1.3456439393939394,3.0321969696969697,7.704545454545454,20352.0,2742,5704,4.0,29.0,2738.0,5675.0,2648,3276,1688.0,3556.0,5244.0,1153,514.0,768.0,1421.0,3202.0,8136,1.0,13.443189858490566,0.5646825864779874,0.004917845911949686,0.5763448309748428,8.728434551886792,19.478670400943393,13.944447720125785,7.456161556603773,1.19171088836478,2.241337460691824,16.43161360062893,16.91840605345912,23.7,23.3,46.9,0.11101542845911949,-2.0218553459119493,0.02869005503144651,-1.9871216588050318,0.10000000000000026,6.318474842767296,13.212716194968552,0.013467963836477989,0.060726218553459124,6.305006878930818,13.14386301100629,6.05066823899371,7.499488993710692,3.897557979559749,8.182330974842769,12.071270636792454,2.6440595518867926,1.19171088836478,1.7531397405660378,3.2566086871069184,7.380483490566038,18.701483883647796,109.91327633647799,106.39455581761007,0.0,0.0,0.0,3.9565217391304346,96.04347826086956,-0.8100255754475703,0.9447570332480818,32.0,22.0,135.0,17.0,66.0,,131.0,9.0,42.0,13.116265984654731,0.29792480818414324,0.1004772378516624,0.1078849104859335,0.49143017902813296,0.0022097186700767266,0.5144117647058823,0.28355754475703326,0.3290537084398977,0.3960158567774936,0.7431667519181586,0.0,0.004161636828644502,2.0,0.0,0.0,0.0,0.0,0,0,0,0.0,0.0,0.0,0,0,0,0,0,0,0,0,0,0,0,0.0,0,0.0,0,0.0,0,0.0,0,0.0,,,1982,1999,18,0.9977902813299232
Buck Williams,willibu01,80,215.0,1960-03-08,Maryland,1982,1998,1981-10-30T00:00:00Z,False,17,NBA,"NJN, POR, NYK",PF,1307,1140.0,32.48967100229533,4.8997704667176745,8.921958684009182,0.5491810307863819,0.0038255547054322878,0.022953328232593728,0.16666666666666666,4.895944912012242,8.899005355776588,0.5501676554036626,0.5493954206328788,3.0382555470543227,4.57459831675593,0.6641578859341027,3.462892119357307,6.496557000765111,9.959449120122418,1.259372609028309,0.8263198163733741,0.8416220351951033,2.1300688599846977,3.264728385615914,12.841622035195103,42464.0,6404,11661,5.0,30.0,6399.0,11631.0,3971,5979,4526.0,8491.0,13017.0,1646,1080.0,1100.0,2784.0,4267.0,16784,0.0,15.341458647324794,0.5870426949886963,0.0024534429163526753,0.509943928975132,11.82900339110776,22.742857479276562,17.20396571213263,5.451782686510927,1.2300960813865862,1.596069611906556,16.141995572720422,16.402522136397888,58.300000000000004,61.800000000000004,120.1,0.135663715146948,0.004441409193669951,0.015481348907309712,0.025040033911077612,21.7,7.230001883948757,13.17260503014318,0.0039374529012810855,0.03123587038432555,7.226064431047475,13.11946825546345,4.488931801055011,6.738529107008288,5.12566880180859,9.574003862094951,14.706497268274305,1.8525221363978899,1.2300960813865862,1.2468467407686512,3.1373021853805576,4.850911360211003,18.944421156744536,113.02656367746798,104.01318764129616,0.0,0.0,3.008952551477171,80.0626678603402,16.25872873769024,5.411638316920323,2.711638316920322,32.0,22.0,130.0,26.0,115.0,,169.0,20.0,35.0,7.200895255147716,0.5921880035810206,0.26994628469113696,0.10216025067144135,0.0336965085049239,0.0020089525514771713,0.5905264100268576,0.4367958818263205,0.3736338406445837,0.6118316920322292,0.6224914950760967,0.0,0.06450044762757386,29.0,0.0,0.0,0.0,0.0,0,0,3,0.12694117647058822,0.026470588235294117,0.05347058823529412,2,4,9,0,1,0,6,1,0,1,0,0.0037058823529411765,1,0.478,0,0.0,0,0.0,0,0.0026875,,,1982,1998,17,0.9979910474485227
Herb Williams,willihe01,83,260.0,1958-02-16,Ohio State,1982,1998,1981-10-30T00:00:00Z,False,17,NBA,"IND, DAL, NYK, TOR, NYK",C,1096,607.0,25.958029197080293,4.592153284671533,9.829379562043796,0.46718648473034435,0.0072992700729927005,0.07664233576642336,0.09523809523809523,4.58485401459854,9.752737226277372,0.4701094583216391,0.467557783347257,1.697080291970803,2.4388686131386863,0.6958473625140292,1.479014598540146,4.454379562043796,5.9333941605839415,1.6934306569343065,0.552007299270073,1.4625912408759123,1.7582116788321167,2.622262773722628,10.888686131386862,28450.0,5033,10773,8.0,84.0,5025.0,10689.0,1860,2673,1621.0,4882.0,6503.0,1856,605.0,1603.0,1927.0,2874.0,11934,0.0,13.630038664323374,0.4956302987697715,0.007867978910369068,0.2449842179261863,6.247957820738138,18.872780316344468,12.532836555360282,9.692611599297011,1.0361968365553604,3.3723444639718805,13.778010544815466,20.358748681898067,-1.3999999999999997,37.099999999999994,36.0,0.060820351493848845,-1.602330404217926,0.6843128295254833,-0.9210826010544817,7.800000000000001,8.580404217926187,18.382541300527237,0.002007029876977153,0.137402460456942,8.57039367311072,18.255311072056237,3.151525483304042,4.538165202108963,2.775079086115993,8.34782776801406,11.11214762741652,3.1321933216168714,1.0361968365553604,2.7360281195079086,3.2653251318101932,4.964340949033392,20.328815465729352,98.03525483304043,105.07353251318102,0.0,0.0,0.0,4.524861878453039,95.47513812154696,-10.229834254143645,-14.393922651933703,2.0,3.0,34.0,1.0,3.0,,20.0,0.0,3.0,11.098342541436464,0.12298895027624308,0.302889502762431,0.4385690607734807,0.12437016574585635,0.01118232044198895,0.5868397790055248,0.5508287292817678,0.20323756906077348,0.6619834254143646,0.86053591160221,0.0,0.02311049723756906,1.0,0.0,0.0,0.0,0.0,0,0,0,0.0,0.0,0.0026470588235294116,0,0,0,0,0,0,0,0,0,1,0,0.0,0,0.0,0,0.0,0,0.0,0,0.0,,,1982,1999,17,0.988817679558011
Herb Williams,willihe01,83,260.0,1958-02-16,Ohio State,1983,1999,1981-10-30T00:00:00Z,False,17,NBA,"IND, DAL, NYK, TOR, NYK",C,1020,532.0,25.69313725490196,4.53921568627451,9.73235294117647,0.4664047547093785,0.0058823529411764705,0.07549019607843137,0.07792207792207792,4.533333333333333,9.656862745098039,0.46944162436548226,0.46670696081394175,1.7019607843137254,2.4382352941176473,0.6980297547245677,1.4205882352941177,4.367647058823529,5.788235294117647,1.6833333333333333,0.5411764705882353,1.3990196078431372,1.7568627450980392,2.623529411764706,10.786274509803922,26207.0,4630,9927,6.0,77.0,4624.0,9850.0,1736,2487,1449.0,4455.0,5904.0,1717,552.0,1427.0,1792.0,2676.0,11002,0.0,13.413580341130233,0.49507738390506356,0.00784630060670813,0.24716148357309112,6.084259930552906,18.68513374289312,12.367840653260577,9.72283740985233,1.0293089632540924,3.275960621208074,13.868981569809593,20.409550883351777,-2.2,33.3,31.500000000000004,0.05771992215820199,-1.6968061968176442,0.6286335711832716,-1.0713702445911397,6.2,8.567314076391805,18.391418323348724,0.002178807188918991,0.14047391918189794,8.565135269202885,18.261987255313464,3.1909489830961193,4.583317434273286,2.6974739573396427,8.269313542183387,10.955107414049683,3.139615369939329,1.0293089632540924,2.6443164040141944,3.2971114587705577,5.01990307932995,20.343469302094856,97.78280612050216,105.42217728087915,0.0,0.0,0.0,7.570707070707071,92.42929292929293,-9.231313131313131,-13.261111111111113,2.0,4.0,35.0,2.0,4.0,,20.0,0.0,3.0,11.02979797979798,0.12316161616161615,0.3090808080808081,0.42237878787878785,0.13515656565656564,0.010222222222222223,0.6223131313131313,0.5608030303030302,0.1857878787878788,0.6480757575757575,0.8295808080808081,0.0,0.021126262626262625,1.0,0.0,0.0,0.0,0.0,0,0,0,0.0,0.0,0.0,0,0,0,0,0,0,0,0,0,0,0,0.0,0,0.0,0,0.0,0,0.0,0,0.0,,,1982,1999,18,0.9897777777777778
Terry Cummings,cummite01,81,220.0,1961-03-15,DePaul,1983,1999,1982-11-05T00:00:00Z,False,17,NBA,"SDC, MIL, SAS, MIL, SEA, NYK, PHI, GSW",PF,1161,815.0,28.854435831180016,6.8639104220499565,14.169681309216193,0.4844082426600207,0.03789836347975883,0.12833763996554695,0.2953020134228188,6.826012058570198,14.041343669250645,0.48613667034719665,0.4857455473831378,2.8372093023255816,4.024117140396211,0.7050513698630136,2.702842377260982,4.638242894056847,7.341085271317829,1.8682170542635659,1.069767441860465,0.5529715762273901,1.871662360034453,3.24031007751938,16.602928509905254,33500.0,7969,16451,44.0,149.0,7925.0,16302.0,3294,4672,3138.0,5385.0,8523.0,2169,1242.0,642.0,2173.0,3762.0,19276,1.0,18.352399999999996,0.5185990746268657,0.00905820895522388,0.281828328358209,10.600770149253732,18.151734328358213,14.362570149253731,10.510110447761194,1.8191014925373135,1.1776149253731343,10.533214925373134,25.66187462686567,45.50000000000001,45.099999999999994,90.89999999999999,0.12991829850746267,1.0845880597014927,-0.3985223880597015,0.676713432835821,22.599999999999998,11.629865671641793,24.054946268656714,0.0611731343283582,0.21514925373134328,11.57418208955224,23.83156119402985,4.801191044776119,6.807217910447761,4.599483582089552,7.904522388059702,12.516074626865672,3.1833910447761196,1.8191014925373135,0.933620895522388,3.198853731343284,5.565958208955224,28.13258805970149,107.7908656716418,104.65659701492537,0.0,0.0,0.3343253968253968,62.842261904761905,36.823412698412696,-0.140376984126984,-2.1421626984126987,65.0,34.0,185.0,19.0,131.0,,325.0,26.0,76.0,10.96547619047619,0.2463938492063492,0.20309722222222223,0.3169434523809524,0.22673214285714288,0.005833333333333334,0.5572976190476191,0.38646031746031745,0.40576289682539685,0.5101170634920635,0.6615396825396825,0.6081349206349206,0.013095238095238096,13.0,0.0,0.0,0.0,0.0,0,0,2,0.0,0.04647058823529412,0.058823529411764705,0,0,0,0,1,1,4,1,0,1,0,0.011941176470588236,1,0.811,0,0.0,0,0.0,0,0.0,,,1983,2000,17,0.9941666666666668
Terry Cummings,cummite01,81,220.0,1961-03-15,DePaul,1984,2000,1982-11-05T00:00:00Z,False,17,NBA,"SDC, MIL, SAS, MIL, SEA, NYK, PHI, GSW",PF,1113,746.0,28.18238993710692,6.613656783468104,13.763701707097933,0.4805143938899406,0.039532794249775384,0.132973944294699,0.2972972972972973,6.574123989218329,13.630727762803234,0.48230175993672136,0.4819505189633788,2.72596585804133,3.862533692722372,0.7057455222144685,2.5876010781671157,4.497753818508535,7.085354896675652,1.8086253369272238,1.0116801437556155,0.5283018867924528,1.793351302785265,3.1823899371069184,15.992812219227314,31367.0,7361,15319,44.0,148.0,7317.0,15171.0,3034,4299,2880.0,5006.0,7886.0,2013,1126.0,588.0,1996.0,3542.0,17800,1.0,17.938298211496157,0.5149346128096407,0.009593489973539069,0.278367201198712,10.447055822998692,17.86395574967322,14.17063155545637,10.463295820448241,1.7694487837536266,1.1624924283482638,10.436009181623998,25.6058915420665,39.2,43.2,82.60000000000001,0.12614151815602384,0.8225364236299295,-0.375027895559027,0.43752032390729106,19.299999999999997,11.525829693627061,24.030312111454716,0.0653329932731852,0.2297797047852839,11.466359549845379,23.791736538400226,4.7427073038543694,6.719048681735583,4.532715911626869,7.887423087958683,12.43302834188797,3.167848375681449,1.7694487837536266,0.9210380336021933,3.1528995441068637,5.6279975770714445,27.872174578378555,107.25899831032613,104.57793222176173,0.0,0.0,0.760666277030976,63.79105786090006,35.44827586206897,-1.1475452951490355,-1.8464932787843369,75.0,40.0,213.0,25.0,145.0,,375.0,29.0,83.0,11.07416715371128,0.23483372296902397,0.20180654587960262,0.3221838106370543,0.23513734658094682,0.005154880187025132,0.5640087668030391,0.39280362361192284,0.39671858562244305,0.5034739918176505,0.6626399766218586,0.5374050263004091,0.011572180011689071,13.0,0.0,0.0,0.0,0.0,0,0,2,0.0,0.04647058823529412,0.0,0,0,0,0,1,1,4,0,0,0,0,0.011176470588235295,0,0.0,0,0.0,0,0.0,0,0.0,,,1983,2000,18,0.9948451198129749
Dale Ellis,ellisda01,79,205.0,1960-08-06,Tennessee,1984,2000,1983-10-29T00:00:00Z,False,17,NBA,"DAL, SEA, MIL, SAS, DEN, SEA, CHH, MIL",SF,1209,589.0,28.765922249793217,6.057071960297767,12.634408602150538,0.47941080196399344,1.4218362282878412,3.5285359801488836,0.4029535864978903,4.635235732009925,9.105872622001653,0.5090380597692796,0.5356792144026187,2.182795698924731,2.783291976840364,0.7842496285289747,1.2679900744416874,2.206782464846981,3.474772539288668,1.4441687344913152,0.8056244830438379,0.1513647642679901,1.4648469809760132,2.051282051282051,15.718775847808105,34778.0,7323,15275,1719.0,4266.0,5604.0,11009.0,2639,3365,1533.0,2668.0,4201.0,1746,974.0,183.0,1771.0,2480.0,19004,0.0,16.023480361147854,0.5667369601472195,0.29511774685145786,0.21358749784346426,5.003996779573293,8.784763356144689,6.900675714532175,8.074972683880615,1.4076370119040773,0.32558514003105415,9.418232790844787,22.559738915406292,66.0,18.599999999999998,84.6,0.11689090804531602,2.0940853413077236,-1.4759474380355397,0.6259905687503594,22.9,10.50242107079188,21.963321640117318,2.507179826326989,6.207053309563517,8.001992639024673,15.735919259301856,3.775222842026568,4.7789407096440275,2.1761745931335903,3.8669618724481,6.030053482086376,2.521194433262407,1.4076370119040773,0.24797573178446145,2.5275835298177007,3.5706394847317267,27.31718615216516,113.9072977169475,111.4596871585485,0.0,23.553558052434457,74.97138576779027,1.205992509363296,0.0,-0.67292883895131,-1.5900973782771533,123.0,44.0,136.0,33.0,163.0,,683.0,26.0,84.0,18.705228464419474,0.12018292134831461,0.038250187265917605,0.06929812734082397,0.3014656179775281,0.47022217228464414,0.6370338576779027,0.5413896629213483,0.35050501872659173,0.4401438202247191,0.8154283146067416,0.9594954307116105,0.002483295880149813,6.0,0.21491610486891385,0.4190530337078652,0.0,0.0,0,0,1,0.0,0.014117647058823528,0.0,0,0,0,0,0,1,3,0,0,0,0,0.0,0,0.0,0,0.010647058823529412,1,0.0282,0,0.0,,,1984,2000,17,0.5297778277153559
Mark West,westma01,82,230.0,1960-11-05,Old Dominion,1984,2000,1983-10-29T00:00:00Z,False,17,NBA,"DAL, MIL, CLE, PHO, DET, CLE, IND, ATL, PHO",C,1090,548.0,18.544036697247705,2.3192660550458717,3.996330275229358,0.5803489439853077,0.0,0.003669724770642202,0.0,2.3192660550458717,3.992660550458716,0.5808823529411765,0.5803489439853077,1.1036697247706422,1.9422018348623853,0.5682569674067076,1.6376146788990826,3.2678899082568806,4.9055045871559635,0.3926605504587156,0.29908256880733947,1.2871559633027523,1.108256880733945,2.8770642201834864,5.742201834862385,20213.0,2528,4356,0.0,4.0,2528.0,4352.0,1203,2117,1785.0,3562.0,5347.0,428,326.0,1403.0,1208.0,3136.0,6259,0.0,11.988992232721518,0.5908028001781033,0.0007569880769801613,0.4928092316825805,10.160480878642458,19.20197397714342,14.78662741799832,2.906288032454361,0.7926977687626775,4.224474348191758,18.645851679612132,13.49864938405976,14.0,27.9,41.900000000000006,0.09956602186711523,-2.6304507000445256,0.8733537822193639,-1.7613615000247362,1.0000000000000004,6.091545045267897,10.532563201899766,0.0,0.010987978033938556,6.091545045267897,10.52157522386583,2.900400732202048,5.094582694305644,4.318389155493988,8.575951120565973,12.885375748280808,1.0324444664324939,0.7926977687626775,3.393088606342453,2.920254291792411,7.606431504477316,15.078202147133034,107.79701182407362,104.73774303665958,0.0,0.0,0.0,7.476331360946745,92.58579881656804,-0.1428402366863902,-4.194437869822486,16.0,12.0,149.0,20.0,50.0,,80.0,7.0,36.0,6.221715976331361,0.5169207100591716,0.4433923076923077,0.028910059171597637,0.011406508875739645,0.0,0.5872153846153846,0.3766236686390532,0.3404733727810651,0.357396449704142,0.6025266272189349,0.0,0.13606213017751478,37.0,0.0,0.0,0.0,0.0,0,0,0,0.0,0.0,0.0,0,0,0,0,0,0,0,0,0,0,0,0.0,0,0.0,0,0.0,0,0.0007333333333333333,0,0.0,,,1984,2000,17,1.0
John Stockton,stockjo01,73,170.0,1962-03-26,Gonzaga,1985,2001,1984-10-26T00:00:00Z,True,17,NBA,UTA,PG,1340,1136.0,32.03208955223881,4.723134328358209,9.136567164179105,0.5169484603446868,0.5902985074626865,1.5261194029850746,0.3867970660146699,4.132835820895522,7.61044776119403,0.5430476564032163,0.5492526341582945,3.191044776119403,3.8716417910447762,0.8242097147262915,0.6388059701492538,2.0380597014925375,2.676865671641791,10.82313432835821,2.2208955223880595,0.20522388059701493,2.8761194029850747,2.6485074626865672,13.227611940298507,42923.0,6329,12243,791.0,2045.0,5538.0,10198.0,4276,5188,856.0,2731.0,3587.0,14503,2976.0,275.0,3854.0,3549.0,17725,0.0,21.877023973161243,0.6102288749621415,0.1652539664049577,0.4253830580341541,2.427952379842975,7.136975514293035,4.876336695943899,50.688421126202726,3.493530275143862,0.43347389511450735,21.019467418400392,18.78882883302658,128.2,59.900000000000006,187.9,0.2103048016215083,5.005225636605084,2.0104605922232834,7.015767770193138,97.6,7.51057475013396,14.491200521864736,0.9393821494303755,2.4418633366726463,6.53159844372481,12.038613330848264,5.051233604361299,6.1186846212986055,1.0009808261305126,3.2276495119166877,4.228756144724274,17.088134566549403,3.493530275143862,0.3374321459357454,4.543873913752534,4.163907462199753,20.960450108333525,120.6319688744962,103.95182070218763,100.0,0.0,0.0,0.0,0.0,10.758537250977895,12.708587282816337,646.0,125.0,272.0,73.0,265.0,,6678.0,73.0,175.0,13.009560629491496,0.34038369871736557,0.08857482034021649,0.13263276630583096,0.2495123260256527,0.18937787683071047,0.6444888565450742,0.35966487764941324,0.451258892022196,0.5085266078413536,0.4447283726007459,0.6477877740380243,0.0,0.0,0.05577367415628127,0.48657072682616204,2.0,0.0,0,0,10,0.1156470588235294,0.32276470588235295,0.0026470588235294116,0,5,11,2,8,10,14,0,0,1,0,0.009588235294117647,0,0.0,0,0.0,0,0.01175,0,0.0013529411764705882,,,1985,2003,17,0.8106221231692895
John Stockton,stockjo01,73,170.0,1962-03-26,Gonzaga,1986,2002,1984-10-26T00:00:00Z,True,17,NBA,UTA,PG,1340,1213.0,32.83507462686567,4.905223880597015,9.466417910447761,0.5181710681907765,0.6074626865671642,1.5761194029850747,0.3854166666666667,4.29776119402985,7.890298507462687,0.5446893029414547,0.5502562081198266,3.2902985074626865,3.967164179104478,0.8293829947328819,0.6634328358208955,2.1313432835820896,2.794776119402985,11.01641791044776,2.252985074626866,0.21492537313432836,2.919402985074627,2.6529850746268657,13.708208955223881,43999.0,6573,12685,814.0,2112.0,5759.0,10573.0,4409,5316,889.0,2856.0,3745.0,14762,3019.0,288.0,3912.0,3555.0,18369,0.0,22.168819745903317,0.6117979954089866,0.16598540875929,0.41948319279983637,2.467528807472897,7.339439532716653,4.9967544716925385,50.933291665719665,3.4829655219436804,0.4501511397986318,20.69032478010864,18.972719834541692,135.39999999999998,60.2,195.5,0.21343923725539218,5.179501806859247,1.982926884701925,7.156676288097456,101.7,7.648405645582854,14.730343871451625,0.9421827768812929,2.465299211345713,6.667596990840702,12.248751107979725,5.111122980067729,6.159992272551649,1.0193936225823312,3.3123843723721,4.337732675742631,17.056637650855702,3.4829655219436804,0.34818064046910163,4.527750630696152,4.1028932475738085,21.303443260074094,121.15834450782972,104.01131843905543,100.0,0.0,0.0,0.0,0.0,9.422730289844383,11.609329596577918,799.0,159.0,353.0,89.0,358.0,,8096.0,94.0,227.0,12.64818201932296,0.34598849472674975,0.08354561545836714,0.13686569806032892,0.26133793052585,0.1726526292499447,0.6432608599454237,0.35083368980013274,0.45575182535585224,0.5069129729331072,0.4370206504904491,0.6614537207758685,0.0,0.0,0.06471111438896673,0.4891121764141898,3.0,0.0,0,0,10,0.11664705882352941,0.32376470588235295,0.0,0,5,12,2,8,10,15,0,0,0,0,0.009588235294117647,0,0.0,0,0.0,0,0.011058823529411765,0,0.0013529411764705882,,,1985,2003,18,0.8273473707500554
John Stockton,stockjo01,73,170.0,1962-03-26,Gonzaga,1987,2003,1984-10-26T00:00:00Z,True,17,NBA,UTA,PG,1340,1257.0,33.08880597014925,4.965671641791045,9.596268656716418,0.5174585893148768,0.6276119402985074,1.6246268656716418,0.3863114377583831,4.338059701492537,7.971641791044776,0.5441864819322224,0.5501594214169064,3.3388059701492536,4.028358208955224,0.828825490922564,0.676865671641791,2.1343283582089554,2.8111940298507463,11.030597014925373,2.238059701492537,0.21940298507462686,2.9298507462686567,2.62089552238806,13.89776119402985,44339.0,6654,12859,841.0,2177.0,5813.0,10682.0,4474,5398,907.0,2860.0,3767.0,14781,2999.0,294.0,3926.0,3512.0,18623,0.0,22.334421164212095,0.6120112090935745,0.16972974131126098,0.4200509934820361,2.5093551952006137,7.324747964545885,5.01730305148966,51.099278287737654,3.454611064751122,0.45926159814159084,20.504332528924873,19.153390919957598,139.0,59.8,198.6,0.21517970635332323,5.318069870768398,1.9412436004420488,7.253605178285482,103.6,7.724287872978642,14.903378515528091,0.9708743995128444,2.5264259455558316,6.719447890119308,12.360783959944971,5.180333340851169,6.247817948081824,1.0382349624484088,3.313823045174677,4.357967026771015,17.053192449085454,3.454611064751122,0.35730620898080695,4.53909650646158,4.052035454114888,21.553467601885473,121.30102167392138,104.00356345429532,100.0,0.0,0.0,0.0,0.0,8.887855248200076,10.832127068333964,929.0,192.0,412.0,104.0,421.0,,9409.0,110.0,263.0,12.61252368321334,0.3402430213464696,0.08145572817986611,0.13918384489074143,0.27364569912845776,0.16580598711633196,0.6351774030567133,0.3558863205759757,0.4606725401035746,0.4987358216496148,0.4460694076038903,0.6556414045724391,0.0,0.0,0.06805721864342554,0.4804753694581281,4.0,0.0,0,0,10,0.11664705882352942,0.32388235294117645,0.0,0,5,12,2,8,10,16,0,0,0,0,0.009588235294117647,0,0.0,0,0.0,0,0.011058823529411765,0,0.0013529411764705882,,,1985,2003,19,0.8341940128836681
Kevin Willis,willike02,84,220.0,1962-09-06,Michigan State,1985,2002,1984-10-26T00:00:00Z,False,17,NBA,"ATL, MIA, GSW, HOU, TOR, DEN, HOU",PF,1271,880.0,28.923682140047205,5.398898505114083,11.06372934697089,0.4879817949082634,0.03147128245476003,0.14555468135326516,0.21621621621621623,5.367427222659323,10.918174665617624,0.49160481372054476,0.4894040677001849,2.3044846577498035,3.2187254130605822,0.7159618675140552,3.1321793863099923,5.910306845003934,9.042486231313926,1.009441384736428,0.7136113296616837,0.5609756097560976,1.896931549960661,3.0896931549960662,13.13375295043273,36762.0,6862,14062,40.0,185.0,6822.0,13877.0,2929,4091,3981.0,7512.0,11493.0,1283,907.0,713.0,2411.0,3927.0,16693,0.0,15.900554920842172,0.5254631684892008,0.012699336271149556,0.29186551330177907,11.990721397094827,23.0777868451118,17.495685762472117,5.605418638811816,1.239614275610685,1.2818018606169415,13.226666122626625,21.31338066481693,35.0,44.199999999999996,79.4,0.10341075023121703,-0.664751645721125,-1.3493281105489363,-2.0033893694575924,-0.30000000000000016,9.414240248082258,19.335514933899134,0.05463794135248354,0.24661879114302815,9.374266906044285,19.07803438333061,4.038667645938741,5.624829987487079,5.46204776671563,10.308737283064035,15.780999401555954,1.7724770143082529,1.239614275610685,0.979258473423644,3.30079973886078,5.405576410423808,22.938980468962512,105.61911756705294,105.5095751047277,0.0,0.0,0.16653441777425115,28.23289029954374,71.600575282682,-2.6143820670501885,-4.49582424122198,153.0,147.0,353.0,125.0,460.0,,793.0,91.0,230.0,8.519480261852808,0.31594862130529655,0.3351239833366395,0.22657528268200752,0.11343721483832572,0.008748363419956356,0.6377814917675064,0.3956352906169411,0.3370247966673279,0.3861880579250149,0.6393401110890696,0.16653441777425115,0.06352192025391787,227.0,0.23502529260067448,0.23140368974409842,7.0,0.0,0,0,1,0.015588235294117648,0.014058823529411764,0.0026470588235294116,0,0,4,0,0,1,4,0,0,1,0,5.882352941176471e-05,0,0.0,0,0.0,0,0.01825,0,0.0,,,1985,2007,17,0.9912516365800436
Kevin Willis,willike02,84,220.0,1962-09-06,Michigan State,1986,2003,1984-10-26T00:00:00Z,False,17,NBA,"ATL, MIA, GSW, HOU, TOR, DEN, HOU, SAS",PF,1260,867.0,28.426190476190477,5.288095238095238,10.816666666666666,0.48888399735857363,0.03015873015873016,0.14126984126984127,0.21348314606741572,5.257936507936508,10.675396825396826,0.4925284365474686,0.4902780834984225,2.2706349206349206,3.169047619047619,0.716503881793138,3.084920634920635,5.801587301587301,8.886507936507936,1.0087301587301587,0.7111111111111111,0.5428571428571428,1.8785714285714286,3.0325396825396824,12.876984126984127,35817.0,6663,13629,38.0,178.0,6625.0,13451.0,2861,3993,3887.0,7310.0,11197.0,1271,896.0,684.0,2367.0,3821.0,16225,0.0,15.970340899572827,0.5264252170756903,0.012574140771142196,0.2940840941452383,12.040313259066924,23.085995477008122,17.525767093838123,5.723703827791272,1.2629393863249294,1.280735404975291,13.381277047212217,21.326339447748275,34.800000000000004,43.3,78.3,0.10468509367060334,-0.6403690984727923,-1.3292291370019822,-1.9536421252477876,0.09999999999999976,9.41197755255884,19.300979981572993,0.05109584834017366,0.2455035318424212,9.37593321607058,19.049311779322668,4.060795153139571,5.653335008515509,5.491241589189491,10.330661417762515,15.830041600357372,1.8045844152218222,1.2629393863249294,0.9707959907306586,3.3374654493676186,5.42243348130776,22.960823072842505,105.67063126448335,105.33246782254237,0.0,0.0,0.15372642373191722,26.44607214795825,73.40020142830983,-2.9439846182017946,-5.411362387841055,164.0,161.0,392.0,147.0,497.0,,852.0,97.0,247.0,8.441073063541477,0.3206440212415308,0.3291155466031862,0.22653103827137888,0.11486485991576635,0.008690807544405786,0.6450277421717634,0.38851080388207293,0.34294488188976374,0.37456033693462737,0.6339303241164622,0.15372642373191722,0.06525068668741989,249.0,0.2554042299945065,0.21360666544588905,7.0,0.0,1,0,1,0.015588235294117648,0.014058823529411764,0.0,0,0,4,0,0,1,4,0,0,0,0,5.882352941176471e-05,0,0.0,0,0.0,0,0.017176470588235293,0,0.0,,,1985,2007,18,0.9913091924555942
Kevin Willis,willike02,84,220.0,1962-09-06,Michigan State,1987,2004,1984-10-26T00:00:00Z,False,17,NBA,"ATL, MIA, GSW, HOU, TOR, DEN, HOU, SAS",PF,1226,808.0,27.64274061990212,5.150081566068516,10.577487765089723,0.4868908081431215,0.03099510603588907,0.14110929853181076,0.21965317919075145,5.1190864600326265,10.436378466557912,0.49050410316529897,0.4883559531153609,2.2128874388254487,3.0742251223491026,0.7198195807906607,3.002446982055465,5.636215334420881,8.638662316476346,1.0089722675367048,0.6941272430668842,0.5293637846655791,1.8123980424143555,2.926590538336052,12.544045676998369,33890.0,6314,12968,38.0,173.0,6276.0,12795.0,2713,3769,3681.0,6910.0,10591.0,1237,851.0,649.0,2222.0,3588.0,15379,0.0,16.08549424609029,0.5247747123045147,0.012891088816760106,0.2916786662732369,12.054160519327235,23.10482148126291,17.537134848037766,5.919663617586308,1.2727559752139272,1.2987164355267042,13.233475951608144,21.4806314547064,33.3,41.0,74.5,0.1051404249041015,-0.6259752139274122,-1.347580407199764,-1.9566922395987019,0.09999999999999987,9.46786957804662,19.489229861316023,0.05400118028917085,0.2537769253467099,9.429775745057539,19.228937739746236,4.08589554440838,5.6631543228090875,5.515688993803481,10.363402183534967,15.887692534670995,1.863723812334022,1.2727559752139272,0.9792239598701682,3.326757155503098,5.413623487754499,23.095246385364412,105.64455591619947,105.26515196223075,0.0,0.0,0.14864984506418769,25.60575475874281,74.24559539619301,-2.919415670650731,-5.612430278884462,172.0,172.0,418.0,157.0,513.0,,876.0,98.0,254.0,8.44962372731297,0.3203915891987605,0.3259414785303231,0.22786746347941567,0.11701584772023019,0.008634971226206286,0.6483291722000885,0.38793253652058435,0.34235227976980964,0.37318787073926507,0.6313898185037627,0.14864984506418769,0.06573776007082781,261.0,0.24696989818503765,0.20655263390880924,7.0,0.0,1,0,1,0.015588235294117648,0.014058823529411764,0.0,0,0,4,0,0,1,4,0,0,0,0,5.882352941176471e-05,0,0.0,0,0.0,0,0.011117647058823529,0,0.0,,,1985,2007,19,0.9913650287737937
Kevin Willis,willike02,84,220.0,1962-09-06,Michigan State,1988,2005,1984-10-26T00:00:00Z,False,17,NBA,"ATL, MIA, GSW, HOU, TOR, DEN, HOU, SAS, ATL",PF,1174,732.0,26.92333901192504,4.949744463373084,10.268313458262352,0.48204064703442556,0.03151618398637138,0.14565587734241908,0.21637426900584794,4.918228279386712,10.122657580919931,0.48586334567485695,0.48357527996681876,2.1320272572402046,2.9574105621805793,0.720910138248848,2.8867120954003407,5.476149914821124,8.362862010221464,1.008517887563884,0.676320272572402,0.5068143100511073,1.75809199318569,2.8347529812606473,12.063032367972744,31608.0,5811,12055,37.0,171.0,5774.0,11884.0,2503,3472,3389.0,6429.0,9818.0,1184,794.0,595.0,2064.0,3328.0,14162,0.0,15.888287775246775,0.5200294545684637,0.01372889774740572,0.2890205011389521,11.9206814730448,23.161225006327513,17.489752594279928,6.100885851683118,1.278008731966591,1.2935807390534044,13.242024171095926,21.48326373070109,28.8,36.9,65.9,0.09981425588458619,-0.7898728170083524,-1.4240097443685142,-2.194713363705391,-1.7999999999999998,9.369991774234371,19.483485193621867,0.05789989875980764,0.2670558086560365,9.3291476841306,19.20944381169324,4.051936218678815,5.611626803340926,5.463309921538851,10.367473424449505,15.840005694760821,1.9138192862566439,1.278008731966591,0.9705043027081753,3.32611364211592,5.402451910908631,22.871934320425204,104.9067324727917,105.43267527208302,0.0,0.0,0.14425637941403902,25.203625741043044,74.65211787954291,-3.3237563364550224,-5.63866311538792,178.0,178.0,443.0,158.0,523.0,,898.0,99.0,259.0,8.397912191769052,0.3243996047770427,0.3231945184294183,0.22736893203883493,0.11586270298135579,0.009029985393934186,0.6450387490334221,0.3877276398316007,0.3369035999656328,0.37061096314116326,0.6279202680642667,0.14425637941403902,0.06610018042787182,268.0,0.23967050433886072,0.20044780479422633,8.0,0.0,1,0,1,0.005352941176470588,0.013705882352941175,0.0,0,0,3,0,0,1,3,0,0,0,0,5.882352941176471e-05,0,0.0,0,0.0,0,0.007352941176470588,0,0.0,,,1985,2007,20,0.9909700146060659
Kevin Willis,willike02,84,220.0,1962-09-06,Michigan State,1990,2007,1984-10-26T00:00:00Z,False,17,NBA,"ATL, MIA, GSW, HOU, TOR, DEN, HOU, SAS, ATL, DAL",PF,1104,677.0,26.77536231884058,4.945652173913044,10.308876811594203,0.4797469466654951,0.03351449275362319,0.15307971014492755,0.21893491124260356,4.91213768115942,10.155797101449275,0.4836782019265073,0.48137246287672436,2.125,2.92481884057971,0.7265407246825643,2.858695652173913,5.546195652173913,8.404891304347826,1.0480072463768115,0.6594202898550725,0.5027173913043478,1.7463768115942029,2.807065217391304,12.04981884057971,29560.0,5460,11381,37.0,169.0,5423.0,11212.0,2346,3229,3156.0,6123.0,9279.0,1157,728.0,555.0,1928.0,3099.0,13303,0.0,16.007912719891745,0.5179228349120434,0.01446786197564276,0.2840153924221921,11.877726657645466,23.608440460081187,17.692090663058185,6.39440798376184,1.2570094722598104,1.3009370771312585,13.13088294993234,21.666840324763193,27.1,34.5,61.7,0.10007943166441136,-0.7797327469553452,-1.451349797023004,-2.210585250338295,-1.8000000000000003,9.426921515561567,19.696826792963464,0.061911366711772664,0.28555818673883626,9.383247631935047,19.410872801082544,4.0675,5.593775372124493,5.449330175913396,10.573213802435724,16.032405277401896,1.998643437077131,1.2570094722598104,0.9687516914749661,3.3267591339648175,5.393474289580515,23.014120433017588,104.73697564276048,105.31390392422192,0.0,0.0,0.14372538948810135,25.28753638075672,74.56873822975518,-3.275449409347715,-5.612018489984591,179.0,178.0,447.0,159.0,524.0,0.0,900.0,99.0,259.0,8.396447526108544,0.3246226673514809,0.3228551617873652,0.22709887005649715,0.11628650915939052,0.008996747132340352,0.6448729669577127,0.3875261941448383,0.33566349940078755,0.370472521828454,0.6292898476288307,0.14372538948810135,0.06585687382297552,268.0,0.23878830679678137,0.1997099811676083,8.0,0.0,1,0,1,0.005352941176470588,0.013705882352941175,0.0,0,0,3,0,0,1,3,0,0,0,0,5.882352941176471e-05,0,0.0,0,0.0,0,0.007352941176470588,0,0.0,,,1985,2007,21,0.9910032528676598
Jerome Kersey,kerseje01,79,215.0,1962-06-26,Longwood University,1985,2001,1984-10-27T00:00:00Z,False,17,NBA,"POR, GSW, LAL, SEA, SAS, MIL",SF,1153,571.0,24.384215091066782,4.096270598438855,8.816999132697312,0.4645878418256935,0.05030355594102342,0.24978317432784042,0.2013888888888889,4.045967042497832,8.567215958369472,0.47226159141526625,0.46744048790084597,2.013009540329575,2.9176062445793582,0.6899524375743162,2.02081526452732,3.477016478751084,5.497831743278404,1.8508239375542064,1.2480485689505638,0.6929748482220295,1.372940156114484,2.9965307892454467,10.255854293148309,28115.0,4723,10166,58.0,288.0,4665.0,9878.0,2321,3364,2330.0,4009.0,6339.0,2134,1439.0,799.0,1583.0,3455.0,11825,1.0,14.884680775386803,0.502813017961942,0.0308927263026854,0.3251332384847946,9.138964965321003,15.87174106348924,12.492107415970121,10.830517517339498,2.4851787302151878,1.7914565178730213,11.980348568379869,19.19159523386093,26.3,43.199999999999996,69.6,0.1187398897385737,-0.5541668148675085,1.2800213409212164,0.7175493508803129,19.3,8.080224079672773,17.43779832829451,0.08716699270851858,0.5070887426640583,7.9665018673306065,16.92178552374177,3.9362902365285435,5.71332384847946,3.99505246309799,6.8989151698381646,10.89235283656411,3.6509478925840297,2.4851787302151878,1.364502934376667,2.720718477680953,5.955248088209141,20.158225146718834,106.52384847945936,103.125982571581,0.0,1.1074973600844773,85.9533262935586,13.215839493136219,0.0,5.91142555438226,-0.9497360084477297,107.0,31.0,279.0,17.0,103.0,,572.0,20.0,50.0,14.47311510031679,0.2117026399155227,0.09492798310454065,0.13214065469904965,0.48271721224920805,0.07856029567053854,0.47637212249208033,0.3318817317845829,0.3766764519535375,0.4369197465681097,0.7717085533262935,0.6280067581837382,0.018699049630411826,22.0,0.1512166842661035,0.09257064413938754,3.0,0.0,1,0,0,0.005470588235294118,0.00011764705882352942,0.0,0,0,2,0,0,0,1,0,0,0,0,0.0,0,0.0,0,0.0,0,0.0039375,0,0.0,,,1985,2001,17,0.9214397043294614
Hakeem Olajuwon,olajuha01,84,255.0,1963-01-21,Houston,1985,2001,1984-10-27T00:00:00Z,True,17,NBA,HOU,C,1177,1149.0,36.40101954120646,8.967714528462192,17.479184367034833,0.5130510863753464,0.021240441801189464,0.10365335598980459,0.20491803278688525,8.946474086661002,17.37553101104503,0.5148892474695614,0.5136586788509211,4.567544604927782,6.4035683942226,0.7132811463446995,3.3440951571792694,8.025488530161427,11.369583687340697,2.542056074766355,1.774001699235344,3.177570093457944,3.032285471537808,3.598980458793543,22.524214103653357,42844.0,10555,20573,25.0,122.0,10530.0,20451.0,5376,7537,3936.0,9446.0,13382.0,2992,2088.0,3740.0,3569.0,4236.0,26511,14.0,23.88633180842125,0.5540167584725983,0.005764704509382878,0.36657963775557834,10.379868826440108,23.82977313042666,17.321900382784055,12.215722154794136,2.4089534123797964,5.4071772010083095,13.002863878255997,27.366781813089347,69.1,91.5,160.5,0.17999908972084774,2.3203248996358883,2.487491830828121,4.812494164877229,73.69999999999999,12.220763700868266,23.82512837270096,0.03165670805713753,0.1522173466529736,12.195635328167304,23.683316216973207,6.222670618989823,8.69105358976753,4.5079801139015965,10.955697413873589,15.448566893847444,3.488938941275324,2.4089534123797964,4.3112991317337315,4.1407548314816545,4.892250956960134,30.6912963308748,108.55746428904864,97.97420875735226,0.0,0.0,0.0,0.0,100.0,3.126717815638046,2.540099289179736,277.0,190.0,445.0,43.0,499.0,,1468.0,113.0,204.0,9.427868667494076,0.268725600812366,0.28833453683854227,0.29236466207830303,0.1415386438000677,0.009024483809093988,0.6505441724021211,0.46041836849825124,0.4371813155816315,0.41394211892135846,0.6905131445334536,0.47275188987927336,0.0429484373237053,138.0,0.12694392417917183,0.16089360261762384,2.0,0.0,2,2,12,0.35011764705882353,0.4711764705882353,0.058823529411764705,5,9,12,6,9,9,14,1,0,1,1,0.1535294117647059,0,0.263,0,0.0,0,0.0,2,0.1158235294117647,,,1985,2002,17,0.990975516190906
Hakeem Olajuwon,olajuha01,84,255.0,1963-01-21,Houston,1986,2002,1984-10-27T00:00:00Z,True,17,NBA,"HOU, TOR",C,1156,1104.0,35.733564013840834,8.71280276816609,17.07006920415225,0.510414027263974,0.02162629757785467,0.10726643598615918,0.20161290322580644,8.691176470588236,16.96280276816609,0.5123667703605487,0.5110474839102012,4.39878892733564,6.115916955017301,0.7192362093352193,3.1089965397923875,7.9411764705882355,11.050173010380623,2.5493079584775087,1.7846020761245676,3.1228373702422147,2.9697231833910034,3.4939446366782008,21.846020761245676,41308.0,10072,19733,25.0,124.0,10047.0,19609.0,5085,7070,3594.0,9180.0,12774.0,2947,2063.0,3610.0,3433.0,4039.0,25254,14.0,23.766432652270744,0.5507766534327492,0.006145855524353636,0.3560178173719376,9.837191343081244,24.047375810980924,17.15723588651109,12.562946644717728,2.4824005035344245,5.468362060617799,13.124486782221362,27.337096930376678,63.00000000000001,89.5,152.4,0.1773095042122591,2.1966108259901227,2.631831606468481,4.829957877408734,71.29999999999998,12.15978987121139,23.826106323230366,0.032833833639972894,0.16121332429553598,12.133727123075433,23.67568509731771,6.133167909363803,8.496472838191151,4.301513024111552,11.106674251960879,15.395850682676478,3.578427907427132,2.4824005035344245,4.341466544010845,4.153425486588554,4.87966011426358,30.477135179626227,107.72891449598141,97.5538152415997,0.0,0.0,0.0,0.0,100.0,2.85400839761742,2.534703642222439,326.0,221.0,524.0,46.0,541.0,,1616.0,123.0,236.0,9.424118738404452,0.2663404940923738,0.2742955766038473,0.30805878332194114,0.1428117371350454,0.008482960648374184,0.6514128503075872,0.4526923152035935,0.43500400351528173,0.4052036910457963,0.6800831950004882,0.4091397324480031,0.04012967483644175,145.0,0.10986270871985158,0.13924421443218435,2.0,0.0,2,2,11,0.332235294117647,0.4711764705882353,0.0,5,8,12,6,9,9,14,0,0,0,1,0.15264705882352939,0,0.0,0,0.0,0,0.0,2,0.11582352941176471,,,1985,2002,18,0.9915170393516258
Sam Perkins,perkisa01,81,235.0,1961-06-14,UNC,1985,2001,1984-10-27T00:00:00Z,False,17,NBA,"DAL, LAL, SEA, IND",PF,1286,757.0,28.458786936236393,4.275272161741835,9.318818040435458,0.45877837116154874,0.6601866251944012,1.8258164852255054,0.36158432708688243,3.6150855365474337,7.493001555209953,0.48246160232461605,0.4942006008010681,2.7052877138413685,3.337480559875583,0.8105778191985089,1.807153965785381,4.153965785381026,5.961119751166407,1.535769828926905,0.859253499222395,0.7255054432348367,1.2332814930015552,2.4704510108864697,11.91601866251944,36598.0,5498,11984,849.0,2348.0,4649.0,9636.0,3479,4292,2324.0,5342.0,7666.0,1975,1105.0,933.0,1586.0,3177.0,15324,1.0,15.533684900814253,0.5518685720531177,0.2035721897371441,0.3546656647904257,7.286242417618448,16.395212853161375,11.915793212743864,7.953199628394996,1.5258784633040057,1.6177632657522267,10.217765998141974,18.254675118858955,62.400000000000006,43.10000000000001,105.30000000000001,0.1382167604787147,1.0206705284441773,0.13546915131974424,1.14065249467184,29.099999999999998,7.5610743756489445,16.490187988414668,1.1891852013771245,3.30866714028089,6.363692005027597,13.193494180009836,4.785378982458058,5.906609650800591,3.189548609213618,7.3348625607956714,10.531766763211104,2.7104431936171376,1.5258784633040057,1.2825755505765342,2.168848024482212,4.3742007759986885,21.090220777091645,114.69714192032352,106.08399366085578,0.0,0.0,3.51891202719932,48.79685507862303,47.68423289417765,8.22632100864145,2.7472304859045185,120.0,62.0,277.0,26.0,230.0,,822.0,40.0,75.0,16.757501062473438,0.1445748689616093,0.1822710015582944,0.06755843603909902,0.13019464513387166,0.47507578977192244,0.5344350474571469,0.3968397790055248,0.3915982433772489,0.4155531945034707,0.5514231477546395,0.9580345658025216,0.005716107097322567,10.0,0.17270774897294233,0.4794414222977758,3.0,0.0,0,0,0,0.02676470588235294,0.0,0.040117647058823536,0,0,7,0,0,0,0,1,0,1,0,0.0,0,0.0,0,0.002058823529411765,0,0.0,0,0.0007647058823529411,,,1985,2001,17,0.5249242102280777
Otis Thorpe,thorpot01,82,248.0,1962-08-05,Providence,1985,2001,1984-10-27T00:00:00Z,False,17,NBA,"KCK, SAC, HOU, POR, DET, SAC, VAN, WAS, MIA, CHH",PF,1257,989.0,31.68019093078759,5.466984884645982,10.01829753381066,0.5456999920590805,0.002386634844868735,0.05091487669053302,0.046875,5.464598249801114,9.967382657120128,0.5482480644903823,0.5458191058524577,3.0652346857597452,4.464598249801114,0.6865645046329294,2.741447891805887,5.508353221957041,8.249801113762928,2.171837708830549,0.6682577565632458,0.39856801909307876,2.2068416865552902,3.2983293556085918,14.001591089896579,39822.0,6872,12593,3.0,64.0,6869.0,12529.0,3853,5612,3446.0,6924.0,10370.0,2730,840.0,501.0,2774.0,4146.0,17600,3.0,15.978778062377577,0.5825334237356236,0.004997714830997941,0.4406227462206821,9.884149465119782,19.216016272412237,14.607681683491537,10.567276882125459,1.0607151825624028,0.789596203103812,15.616757068956861,19.180618753452865,61.6,44.699999999999996,106.6,0.12838418462156598,0.18831048164331277,-0.27864748129174827,-0.1074908342122445,19.0,8.6020792526744,15.793498568630406,0.0,0.06876600873888805,8.6020792526744,15.718075435688814,4.7924087187986535,6.986740997438602,4.3237054894279545,8.704211240018079,13.016556174978655,3.4173396614936467,1.0607151825624028,0.6428205514539701,3.4825724473908886,5.242112400180804,22.02476018281352,111.85076088594245,106.49364672793934,0.0,0.0,0.7890295358649789,57.20112517580872,42.206623193964965,-2.091254315304948,-4.183390870732643,209.0,79.0,452.0,101.0,312.0,,1133.0,78.0,131.0,8.382137834036568,0.4167804628564122,0.2567761155862422,0.16599028257256107,0.15534931594425266,0.005444060861782381,0.6711678813450966,0.41091343817926096,0.35814576141158416,0.4374512210714742,0.6902475386779184,0.0,0.0985908451604654,208.0,0.0,0.0,5.0,0.0,1,0,1,0.0055294117647058825,0.004294117647058824,0.021411764705882352,0,0,4,0,0,0,4,0,0,1,0,0.0,0,0.0,0,0.0,0,0.004,0,0.0,,,1985,2001,17,0.9945559391382177
Karl Malone,malonka01,81,250.0,1963-07-24,Louisiana Tech,1986,2002,1985-10-25T00:00:00Z,True,17,NBA,UTA,PF,1353,1348.0,37.35624538063563,9.416112342941611,18.123429416112344,0.5195546674279189,0.06060606060606061,0.2180339985218034,0.27796610169491526,9.35550628233555,17.90539541759054,0.5224964913729051,0.5212267036417765,6.759053954175905,9.121951219512194,0.7409658078107276,2.5040650406504064,7.8233555062823354,10.327420546932743,3.4781966001478195,1.4035476718403548,0.8085735402808574,3.1123429416112343,3.147080561714708,25.65188470066519,50543.0,12740,24521,82.0,295.0,12658.0,24226.0,9145,12342,3388.0,10585.0,13973.0,4706,1899.0,1094.0,4211.0,4258.0,34707,3.0,24.18944660981738,0.5779735868468433,0.01185234354905724,0.5030413707140455,8.105080822270146,23.61973171359041,16.149543952673962,17.104516945966804,1.917715608491779,1.5052984587381042,12.357903171556892,29.79415349306531,133.3,86.09999999999998,219.2,0.20809647231070577,4.385491561640584,0.8828007834912845,5.24993371980294,92.80000000000001,12.874368359614584,24.763158103001402,0.0868428862552678,0.2961755337039748,12.782110282333853,24.456363888174426,9.279472924044873,12.485151257345231,3.3925766179292878,10.696128049383693,14.08311141008646,4.786247353738401,1.917715608491779,1.1031952990522922,4.239991690243951,4.277563658666877,35.08967809587876,113.0053419860317,101.11123202025998,0.0,0.0,9.023533628001433,75.15601481304503,15.996475928801816,7.754975510691673,11.991159956994386,817.0,157.0,505.0,230.0,1584.0,,4017.0,381.0,463.0,10.974919364472584,0.33157752956636005,0.10602705769919962,0.22456397085175006,0.33054682833592164,0.007106140246087684,0.6592468044439136,0.40900519651176687,0.3943970254449887,0.4681176681400072,0.7904265918050413,0.5807024250388244,0.02917011109783777,229.0,0.03748715804563374,0.181579261736949,1.0,0.0,0,0,14,0.14941176470588236,0.7078823529411765,0.04547058823529412,3,4,12,11,13,13,16,1,0,1,2,0.25276470588235295,0,0.186,0,0.0,0,0.0020588235294117644,0,0.0005882352941176471,,,1986,2004,17,0.9928938597539122
Karl Malone,malonka01,81,250.0,1963-07-24,Louisiana Tech,1987,2003,1985-10-25T00:00:00Z,True,17,NBA,UTA,PF,1353,1353.0,37.696969696969695,9.483370288248336,18.32520325203252,0.5175042348955392,0.06282335550628233,0.2269031781226903,0.2768729641693811,9.420546932742054,18.09830007390983,0.5205210928247641,0.5192183592804711,6.965262379896526,9.28159645232816,0.7504379678292722,2.458980044345898,7.801921655580192,10.260901699926091,3.583887657058389,1.426459719142646,0.7989652623798965,3.0613451589061347,3.079822616407982,25.994826311899484,51004.0,12831,24794,85.0,307.0,12746.0,24487.0,9424,12558,3327.0,10556.0,13883.0,4849,1930.0,1081.0,4142.0,4167.0,35171,3.0,24.555150576425376,0.5790318994588659,0.012281370088620503,0.506878813426398,7.929631009332601,23.44110461924555,15.985205081954357,17.665418398556977,1.9472413928319345,1.4892184926672416,12.008328758528744,29.955674064779238,142.6,86.09999999999998,228.4,0.21494533762057882,4.6465198807936625,0.9081228923221707,5.536450082346482,97.29999999999998,12.924458865971296,24.971010116853577,0.0918143675005882,0.3107677829189867,12.827278252686064,24.654572190416438,9.516863383264058,12.659740412516665,3.3226629283977727,10.64559250254882,13.962712728413457,4.926666535957963,1.9472413928319345,1.0889420437612736,4.168078974198102,4.184997255117246,35.431546545368995,113.7940749745118,101.00413693043683,0.0,0.0,7.6772029677812785,76.62475861368026,15.84779957312735,7.1648846427482455,10.575058440898465,950.0,197.0,598.0,255.0,1824.0,,4795.0,430.0,524.0,11.068182742148593,0.31925678422603926,0.10766424433377376,0.22030216485415183,0.3449378493749365,0.007687112511434089,0.6599559914625471,0.40930282549039537,0.3900109259071044,0.4591479825185487,0.7931977843276756,0.6432625266795405,0.027205102144526882,249.0,0.03189399329200122,0.1544872446386828,1.0,0.0,0,0,14,0.14941176470588236,0.7110588235294117,0.0,3,4,12,11,13,13,17,0,0,0,2,0.252764705882353,0,0.0,0,0.0,0,0.0020588235294117644,0,0.0005882352941176471,,,1986,2004,18,0.9923128874885659
Karl Malone,malonka01,81,250.0,1963-07-24,Louisiana Tech,1988,2004,1985-10-25T00:00:00Z,True,17,NBA,"UTA, LAL",PF,1313,1313.0,37.71515613099771,9.364813404417365,18.105102817974107,0.5172471815581356,0.06473724295506474,0.22924600152322924,0.2823920265780731,9.3000761614623,17.875856816450877,0.5202590430744323,0.519034999158674,7.0594059405940595,9.324447829398325,0.7570856816139835,2.3686214775323684,7.833206397562833,10.201827875095201,3.696877380045697,1.4287890327494288,0.7928408225437928,3.0525514089870525,3.015993907083016,25.853769992383853,49520.0,12296,23772,85.0,301.0,12211.0,23471.0,9269,12243,3110.0,10285.0,13395.0,4854,1876.0,1041.0,4008.0,3960.0,33946,4.0,24.746048061389335,0.5808482633279483,0.012444123586429727,0.5157549676898222,7.728955977382876,23.630260500807758,15.982885702746366,18.21667407108239,1.9601958804523423,1.4951130856219712,12.121134894991924,29.88223344103393,142.9,83.2,225.8,0.2188809168012924,4.798955977382875,0.9824717285945073,5.762689822294023,97.3,12.827619143780293,24.80227382875606,0.09456583198707594,0.31431138933764136,12.727526252019386,24.48511914378029,9.67373182552504,12.767090064620357,3.2263832794830365,10.74391760904685,13.964592084006462,5.096205573505655,1.9601958804523423,1.086062197092084,4.176112681744749,4.1266296445880455,35.402475767366724,114.17075928917609,100.86338852988692,0.0,0.0,7.17647617690371,77.23623580827514,15.727281364305734,7.19978623343309,10.270139185786899,1021.0,212.0,656.0,262.0,1911.0,,5140.0,450.0,541.0,11.024602156667143,0.31930525865754594,0.10605557930739633,0.22015201178091304,0.3470942473041661,0.007381407059047076,0.6617850933447342,0.4102614127594889,0.39157555460548193,0.45294218801957153,0.7911629851313478,0.601307301315852,0.026735166975440598,256.0,0.02981378556838155,0.14441119186736973,1.0,0.0,0,0,14,0.14941176470588236,0.7099411764705882,0.0,3,4,12,11,13,13,16,0,0,0,2,0.2525294117647059,0,0.0,0,0.0,0,0.0005294117647058823,0,0.0005882352941176471,,,1986,2004,19,0.992683815495701
Charles Oakley,oaklech01,81,225.0,1963-12-18,Virginia Union University,1986,2002,1985-10-25T00:00:00Z,False,17,NBA,"CHI, NYK, TOR, CHI",PF,1233,1158.0,32.23114355231144,3.9010543390105434,8.274128142741281,0.47147618114095274,0.055150040551500405,0.21816707218167072,0.2527881040892193,3.845904298459043,8.055961070559611,0.47739857042182626,0.4748088610076456,2.145985401459854,2.824006488240065,0.7599080987937966,3.1524736415247365,6.655312246553122,9.80778588807786,2.5750202757502025,1.0851581508515815,0.30656934306569344,2.240875912408759,3.506082725060827,10.003244120032441,39741.0,4810,10202,68.0,269.0,4742.0,9933.0,2646,3482,3887.0,8206.0,12093.0,3175,1338.0,378.0,2763.0,4323.0,12334,3.0,13.434810397322666,0.5237185526282679,0.025119976850104427,0.3379536247200624,11.24919352809441,23.60860320575728,17.416685538864144,11.892989607709922,1.699627588636421,0.6380564152889963,19.05643541934023,15.86626405978712,25.7,62.8,88.4,0.10691421957172692,-1.1162804156916033,0.6822475529050602,-0.4283888175939206,15.500000000000002,6.170795903475,13.110435067059207,0.08756951259404645,0.347452253340379,6.083226390880954,12.760343222364813,3.3729297199365895,4.429093379633124,4.963559044815178,10.554560781057345,15.524428172416398,4.101567650537229,1.699627588636421,0.4770790870889007,3.5487154324249515,5.581359301477065,15.790865856420323,104.602652172819,102.10598626104023,0.0,0.0,2.4551045510455105,79.34360755372259,18.45922870993416,0.7932204616163807,0.18890094783300768,556.0,79.0,783.0,41.0,203.0,,2696.0,43.0,98.0,15.373779031907967,0.16431401490485492,0.0534633528688228,0.1275775993054048,0.6182055567614501,0.03671934013457782,0.5304462774039505,0.2724334708052963,0.32749309022502,0.44197865566890965,0.8525182693003401,0.5657479921858042,0.0014249330728601406,3.0,0.19571782070761884,0.38598871282830477,0.0,0.0,0,0,1,0.10117647058823531,0.0058235294117647066,0.03476470588235294,1,2,9,0,0,0,4,1,0,1,0,0.0,0,0.038,0,0.0,0,0.0,0,0.001764705882352941,,,1986,2004,17,0.9632806598654223
Charles Oakley,oaklech01,81,225.0,1963-12-18,Virginia Union University,1987,2003,1985-10-25T00:00:00Z,False,17,NBA,"CHI, NYK, TOR, CHI, WAS",PF,1198,1129.0,32.12270450751252,3.7996661101836393,8.110183639398999,0.4685055578427336,0.05676126878130217,0.22203672787979967,0.2556390977443609,3.7429048414023374,7.888146911519199,0.4744973544973545,0.4720049403046521,2.0834724540901504,2.7103505843071787,0.7687095780720665,3.0626043405676127,6.56677796327212,9.629382303839733,2.5726210350584306,1.0709515859766277,0.29549248747913187,2.17779632721202,3.474958263772955,9.73956594323873,38483.0,4552,9716,68.0,266.0,4484.0,9450.0,2496,3247,3669.0,7867.0,11536.0,3082,1283.0,354.0,2609.0,4163.0,11668,3.0,13.225086401787802,0.5220724215887534,0.025664865005327026,0.33437057921679697,11.007530597926356,23.348883922771098,17.174136631759477,11.95455395889094,1.6910038198685133,0.6248889119871112,19.020949510173324,15.613034326845622,24.5,61.7,86.00000000000001,0.1074404282410415,-1.2238780760335732,0.7580126289530441,-0.4600368994101293,14.700000000000001,6.054621521191176,12.939599303588597,0.0904321388665125,0.3542057531897202,5.964189382324663,12.582667671439337,3.3022373515578307,4.285824909700387,4.8601876153106565,10.487311280305589,15.354013460489048,4.125977704440922,1.6910038198685133,0.46385157082348055,3.473084219005795,5.577584907621548,15.485715770600004,104.6103993971364,101.87324273055636,0.0,0.0,2.3670735960934777,78.32731077781654,19.55430763864667,0.8185629577956051,0.2896965469131496,571.0,79.0,825.0,46.0,213.0,,2786.0,43.0,100.0,15.31017788629229,0.16623899546564352,0.05283718172305545,0.12691147540983605,0.6188435995814441,0.035402720613882104,0.5293545866759679,0.2626650156958493,0.3396665504011162,0.4394336239972097,0.8515674223927451,0.5454623648412975,0.0013738402511335893,3.0,0.18870010463899548,0.3721485873735612,0.0,0.0,0,0,1,0.10117647058823531,0.0058235294117647066,0.0,1,2,9,0,0,0,4,0,0,0,0,0.0,0,0.0,0,0.0,0,0.0,0,0.001764705882352941,,,1986,2004,18,0.9645972793861181
Charles Oakley,oaklech01,81,225.0,1963-12-18,Virginia Union University,1988,2004,1985-10-25T00:00:00Z,False,17,NBA,"CHI, NYK, TOR, CHI, WAS, HOU",PF,1123,1048.0,31.636687444345505,3.6384683882457702,7.720391807658059,0.471280276816609,0.05075690115761353,0.21015138023152272,0.24152542372881355,3.5877114870881566,7.510240427426536,0.47770927199430874,0.4745674740484429,2.0089047195013356,2.578806767586821,0.7790055248618785,3.0008904719501337,6.319679430097952,9.320569902048085,2.4826357969723953,1.0667853962600178,0.2831700801424755,2.057880676758682,3.433659839715049,9.336598397150489,35528.0,4086,8670,57.0,236.0,4029.0,8434.0,2256,2896,3370.0,7097.0,10467.0,2788,1198.0,318.0,2311.0,3856.0,10485,1.0,13.139706710200407,0.5245101891465886,0.02536706259851385,0.3344506586354425,10.983641071830668,22.781949448322454,16.899777640171134,11.75870018013961,1.7142225850033777,0.6181490655257824,18.949538392253995,15.137986939878402,25.599999999999998,57.099999999999994,82.6,0.11178295991893718,-1.1875140734068903,0.8473485701418602,-0.3338521729340239,14.7,5.898671470389551,12.540421639270434,0.08117822562485928,0.34172765142985817,5.817493244764693,12.195741387074984,3.240669331231705,4.148246453501463,4.845040531411844,10.276843616302635,15.120552803422653,4.052859716280117,1.7142225850033777,0.4521053816707949,3.3441145012384603,5.609257487052466,15.110034339112813,105.25253321324026,101.69353749155596,0.0,0.0,2.3629526462395543,78.25536211699165,19.629944289693594,0.822708913649025,0.2914554317548746,572.0,79.0,829.0,46.0,213.0,,2790.0,43.0,101.0,15.30267409470752,0.1665293175487465,0.05274519498607243,0.12698126740947074,0.6186366991643455,0.03534108635097493,0.5293034818941504,0.26220772980501394,0.34081615598885795,0.4386685933147632,0.851825835654596,0.5445127437325905,0.001371448467966574,3.0,0.18837158774373258,0.3715006963788301,0.0,0.0,0,0,1,0.10117647058823531,0.0058235294117647066,0.0,1,2,9,0,0,0,4,0,0,0,0,0.0,0,0.0,0,0.0,0,0.0,0,0.001764705882352941,,,1986,2004,19,0.9646589136490251
Terry Porter,portete01,75,195.0,1963-04-08,University of Wisconsin-Stevens Point,1986,2002,1985-10-25T00:00:00Z,False,17,NBA,"POR, MIN, MIA, SAS",PG,1274,732.0,27.75039246467818,4.260596546310832,9.210361067503925,0.4625873529913073,1.0180533751962324,2.6373626373626373,0.3860119047619048,3.2425431711145998,6.572998430141287,0.4933126343443993,0.5178540991989091,2.694662480376766,3.2237048665620094,0.835889943998052,0.5612244897959183,2.478021978021978,3.0392464678178963,5.620094191522763,1.2425431711145998,0.14207221350078492,2.0926216640502355,1.7291993720565149,12.233908948194662,35354.0,5428,11734,1297.0,3360.0,4131.0,8374.0,3433,4107,715.0,3157.0,3872.0,7160,1583.0,181.0,2666.0,2203.0,15586,7.0,17.19108163149856,0.5756118968150704,0.2893280251173842,0.35139602308083956,2.2576879561011483,9.961175538835777,6.110027153928835,28.98523787973072,2.1760903999547434,0.35398823329750523,16.612521921140463,19.103623352378797,71.8,38.3,110.39999999999999,0.149935085138881,2.4219607399445606,0.45448888386038355,2.874681789896475,43.300000000000004,7.505592012219268,16.244982180234206,1.8418340216100015,4.7496945183006165,5.669092606211461,11.493556598970414,4.736623861514963,5.672203993890366,0.9897550489336426,4.402856819596086,5.390122758386605,9.830893251117272,2.1760903999547434,0.26573230751824406,3.684335577303841,3.061070883068394,21.560855914465126,115.19149176896532,106.31467443570742,56.389402407566635,43.43723129836629,0.34189595872742906,0.0,0.0,8.236865864144454,5.1149075666380055,411.0,93.0,209.0,41.0,255.0,,2947.0,37.0,107.0,17.168497420464316,0.1949292777300086,0.05699613069647463,0.09866595012897679,0.2177712811693895,0.43145700773860707,0.5833028804815132,0.43671259673258817,0.3667903052450559,0.4384210017196904,0.37345990971625115,0.7309651762682716,0.0,0.0,0.26655030094582977,0.44658490971625103,5.0,0.0,0,0,2,0.017411764705882352,0.005588235294117647,0.0026470588235294116,0,0,2,0,0,0,3,0,0,1,0,0.0015294117647058822,0,0.0,0,0.001,0,0.002235294117647059,0,0.0,,,1986,2002,17,0.5685429922613928
Patrick Ewing,ewingpa01,84,240.0,1962-08-05,Georgetown,1986,2002,1985-10-26T00:00:00Z,True,17,NBA,"NYK, SEA, ORL",C,1183,1122.0,34.31445477599324,8.201183431952662,16.26458157227388,0.5042357465828179,0.016060862214708368,0.10566356720202874,0.152,8.185122569737954,16.15891800507185,0.5065390249006069,0.5047294839145574,4.557903634826712,6.1614539306847,0.7397448209630951,2.326289095519865,7.485207100591716,9.81149619611158,1.8723584108199494,0.9602704987320372,2.4463229078613695,2.9898562975486054,3.4099746407438714,20.976331360946745,40594.0,9702,19241,19.0,125.0,9683.0,19116.0,5392,7289,2752.0,8855.0,11607.0,2215,1136.0,2894.0,3537.0,4034.0,24815,1.0,21.012001773661133,0.5506975907769621,0.006400699610779916,0.37935194856382715,7.862437798689463,24.69600187219786,16.420823274375525,9.76808641671183,1.4269005271715034,4.733177316844853,13.672252056954227,28.00772035276149,44.9,81.49999999999999,126.50000000000001,0.14949460511405627,1.2539932009656598,1.644883480317288,2.880846923190619,50.10000000000001,12.13411095235749,24.125208158841208,0.021370153224614476,0.1636793614819924,12.119596492092429,23.987113859191012,6.776646795092871,9.140143863625166,3.438449031876632,11.168786027491747,14.606986254126225,2.776378282504804,1.4269005271715034,3.6110262600384293,4.4216312755579645,5.044624821402178,31.06356850766123,105.34480465093364,98.84184854904666,0.0,0.0,0.0,0.0,100.0,2.248362770390951,0.7173844016669974,260.0,246.0,451.0,117.0,724.0,,958.0,149.0,253.0,8.553095852351658,0.2994538598928359,0.3286253224846199,0.273609446318714,0.09370549712244493,0.004443143480849375,0.6011559833300257,0.42557342726731495,0.3861674935503076,0.4164873982933121,0.6192103591982536,0.2864655685651915,0.04156310775947608,171.0,0.4323646556856519,0.0,1.0,0.0,0,0,11,0.09941176470588235,0.2425882352941177,0.05617647058823529,0,3,8,1,7,6,11,1,0,1,0,0.08370588235294119,1,0.462,0,0.0,0,0.0007058823529411765,0,0.0061764705882352946,,,1986,2002,17,0.9955568565191508
Mark Jackson,jacksma01,75,192.0,1965-04-01,St. John's,1988,2004,1987-11-06T00:00:00Z,False,17,NBA,"NYK, LAC, IND, DEN, IND, TOR, NYK, UTA, HOU",PG,1296,1092.0,30.185956790123456,3.6983024691358026,8.280092592592593,0.4466498928338459,0.566358024691358,1.7075617283950617,0.33167645729778583,3.1319444444444446,6.572530864197531,0.4765203099319089,0.48084987419625386,1.6736111111111112,2.174382716049383,0.769694819020582,0.9884259259259259,2.8410493827160495,3.8294753086419755,7.973765432098766,1.2407407407407407,0.09027777777777778,2.434413580246914,1.720679012345679,9.636574074074074,39121.0,4793,10731,734.0,2213.0,4059.0,8518.0,2169,2818,1281.0,3682.0,4963.0,10334,1608.0,117.0,3155.0,2230.0,12489,18.0,15.964277498018967,0.5205443368012065,0.21458651363717696,0.2622899465760078,3.777347204826053,10.733207228854068,7.318095140717262,39.41144909383708,2.0933820710104545,0.2010071317195368,21.169070320288334,16.857102323560234,54.7,37.300000000000004,91.5,0.112709746683367,1.896577285856701,-0.09069809053960788,1.8037959152373406,37.599999999999994,6.216924413997597,13.962102195751642,0.9593645356713786,2.9168323918100256,5.262304133329925,11.046184913473581,2.8228087216584443,3.678377342092482,1.6611461874696456,4.846859742849109,6.4975971984356224,13.579248996702537,2.0933820710104545,0.14830909230336647,4.120779121188109,2.922432964392526,16.241149254875896,109.77853326857698,107.08586181334833,98.03660057363761,2.099950118468637,0.0,0.0,0.0,1.4326536974685125,-0.041139792991644795,923.0,193.0,293.0,82.0,259.0,,9742.0,59.0,240.0,13.276031924180073,0.23253011597456041,0.26174329716922307,0.10670650953984287,0.09002861952861953,0.30839774286070587,0.5728193665045517,0.40529748098266616,0.3737035166479611,0.37484412021449054,0.3042691732136177,0.8797127447312632,0.0,0.0,0.10260443945629129,0.3058991769547325,22.0,3.0,0,0,1,0.0,0.003823529411764706,0.058823529411764705,0,0,0,0,0,0,6,1,0,1,0,0.00023529411764705883,1,0.963,0,0.0,0,0.0,0,0.0,,,1988,2004,17,0.6916022571392941
Reggie Miller,millere01,79,185.0,1965-08-24,UCLA,1988,2004,1987-11-06T00:00:00Z,True,17,NBA,IND,SG,1323,1238.0,34.402116402116405,5.991685563114134,12.683295540438397,0.47240762812872467,1.8624338624338623,4.677248677248677,0.39819004524886875,4.129251700680272,8.00604686318972,0.5157666163141994,0.5458283671036949,4.525321239606954,5.108087679516251,0.8859129920094703,0.653817082388511,2.3892668178382466,3.0430839002267573,3.019652305366591,1.0997732426303855,0.2222222222222222,1.7626606198034769,1.981103552532124,18.371126228269084,45514.0,7927,16780,2464.0,6188.0,5463.0,10592.0,5987,6758,865.0,3161.0,4026.0,3995,1455.0,294.0,2332.0,2621.0,24305,1.0,18.449854989673508,0.6138013138814431,0.37321147339280225,0.3987122204156962,2.25666168651404,7.758467724216725,5.103974601221602,14.45830953113328,1.653014457090126,0.44143779935843913,10.47659840928066,21.65695170716702,135.3,32.5,167.9,0.17699991211495367,3.8196752647537022,-0.2547018499802259,3.5747000922792993,64.0,8.977264138506833,19.063439820714503,2.8208287559871685,7.080054488728742,6.168403128707652,11.98457397723777,6.787786175682209,7.654820494792811,0.9669486311904029,3.5917585797776512,4.565977501428132,4.523386210836226,1.653014457090126,0.34101375400975525,2.631563914399965,2.966423518038406,27.58064551566551,121.56558421584567,108.74383706112405,9.144212433257056,87.0903890160183,3.8459191456903126,0.0,0.0,4.370718916857362,2.3113558352402745,449.0,178.0,288.0,139.0,739.0,,3607.0,145.0,202.0,18.245671243325706,0.11885640732265444,0.058825371853546915,0.11232136727688787,0.2740063882532418,0.4356120327993898,0.7073794813119756,0.41671086003051105,0.3885786136536995,0.4509887490465293,0.6946210907704042,0.8725691742944317,0.004229023646071701,32.0,0.2610185450038139,0.42255158276125093,18.0,0.0,0,0,5,0.002,0.06529411764705882,0.024058823529411764,0,0,2,0,0,3,12,0,0,1,0,0.00017647058823529413,0,0.0,0,0.0,0,0.019176470588235295,0,0.0,,,1988,2005,17,0.5643879672006101
Reggie Miller,millere01,79,185.0,1965-08-24,UCLA,1989,2005,1987-11-06T00:00:00Z,True,17,NBA,IND,SG,1307,1303.0,35.026013771996936,6.071155317521041,12.908951798010712,0.4703058321479374,1.9120122417750574,4.830910482019893,0.39578713968957874,4.159143075745983,8.078041315990818,0.5148702405758666,0.5443634423897582,4.657995409334354,5.2333588370313695,0.8900584795321638,0.6029074215761285,2.45141545524101,3.0543228768171384,3.0673297628156084,1.1109410864575364,0.21423106350420812,1.765876052027544,1.9686304514154553,18.712318286151493,45779.0,7935,16872,2499.0,6314.0,5436.0,10558.0,6088,6840,788.0,3204.0,3992.0,4009,1452.0,280.0,2308.0,2573.0,24457,1.0,18.543648834618494,0.6136976124423862,0.37907461936695863,0.4016180563140304,2.0604796959304483,7.842534786692587,5.047648485113261,14.576203062539593,1.6469516590576463,0.4239629524454444,10.29978592804561,21.74041591122567,137.5,32.7,170.29999999999998,0.17849732410057012,3.854511894099915,-0.2509447563293213,3.6086393324450072,64.7,8.976784114987222,19.146320365232967,2.855145372332292,7.212839948447978,6.133537211385133,11.934662181349527,6.886603027589071,7.731416151510518,0.8838594115205661,3.636018698529894,4.523087004958606,4.5312566897485755,1.6469516590576463,0.32354136175975884,2.5997728215994234,2.9137879813888463,27.71329648965683,121.70571659494529,108.66493370322637,8.310255188250077,85.44053550539405,6.322386378406481,0.0,0.0,4.428109700619558,2.9122438369221437,497.0,188.0,316.0,154.0,806.0,,3937.0,154.0,213.0,18.341826610632122,0.11312386811663272,0.05692608639140419,0.1156664789220571,0.28038984446081194,0.43364100342272865,0.7089864823881115,0.43616294787920795,0.404303539707985,0.4511721762488627,0.6919196308652138,0.879448507430354,0.004481738226246697,37.0,0.2644824747627919,0.4198564620250422,19.0,0.0,0,0,5,0.002,0.0654705882352941,0.0,0,0,2,0,0,3,13,0,0,0,0,0.00017647058823529413,0,0.0,0,0.0,0,0.019176470588235295,0,0.0,,,1988,2005,18,0.5663589965772713
Horace Grant,grantho01,82,215.0,1965-07-04,Clemson,1988,2004,1987-11-07T00:00:00Z,False,17,NBA,"CHI, ORL, SEA, LAL, ORL, LAL",PF,1165,1037.0,33.15107296137339,4.668669527896996,9.180257510729614,0.508555399719495,0.0034334763948497852,0.05407725321888412,0.06349206349206349,4.665236051502146,9.126180257510729,0.5111926260346125,0.5087424029920523,1.8145922746781116,2.6206008583690985,0.6924336717982312,2.9759656652360515,5.12961373390558,8.10557939914163,2.2103004291845494,0.9811158798283262,0.975107296137339,1.1184549356223177,2.430901287553648,11.155364806866952,38621.0,5439,10695,4.0,63.0,5435.0,10632.0,2114,3053,3467.0,5976.0,9443.0,2575,1143.0,1136.0,1303.0,2832.0,12996,0.0,15.964224126770407,0.5376312368918464,0.005832112063385205,0.2835164806711375,10.393601926413092,17.819163149581833,14.110297506537899,9.840628155666607,1.5312368918464048,1.9846896766008129,9.673434142047073,15.19033427409958,69.1,49.2,118.0,0.14693596747883275,0.9630252971181483,0.42239196292172654,1.383172367364905,32.800000000000004,7.262377980891225,14.314942647782296,0.0,0.07666295538696564,7.2552704487196085,14.236658812563114,2.822340177623573,4.071997100023304,4.639556199994822,7.989896688330183,12.62582273892442,3.4388130809663133,1.5312368918464048,1.5114549079516324,1.7488956785168688,3.77561430309935,17.368752751093965,116.86908676626706,104.33373035395252,0.0,0.0,0.49747376603186944,73.5410674957896,25.96145873817852,2.3394934577017747,3.6472017100660707,241.0,76.0,535.0,33.0,340.0,,2095.0,83.0,139.0,12.600168415597876,0.252017554087317,0.089375696333722,0.14822846223604091,0.5048078118927322,0.005617178390983287,0.6479263505635445,0.3721947791164658,0.33903588547739344,0.4424816686099235,0.7981226842855292,0.16167897396035755,0.025893120870579094,99.0,0.0705293431791683,0.16167897396035755,2.0,0.0,4,0,1,0.10294117647058823,0.0075294117647058826,0.021411764705882352,0,4,10,0,0,0,6,0,0,1,0,0.0,0,0.0,0,0.0,0,0.0,0,0.002176470588235294,,,1988,2004,17,0.9943828216090167
Scottie Pippen,pippesc01,80,210.0,1965-09-25,University of Central Arkansas,1988,2004,1987-11-07T00:00:00Z,True,17,NBA,"CHI, HOU, POR, CHI",SF,1178,1053.0,34.86332767402377,6.298811544991511,13.3276740237691,0.4726114649681529,0.830220713073005,2.5483870967741935,0.3257828114590273,5.468590831918506,10.779286926994907,0.507323988029611,0.5037579617834395,2.6502546689303905,3.766553480475382,0.7036285778679288,1.7555178268251272,4.606112054329372,6.361629881154499,5.207979626485569,1.9584040747028864,0.8039049235993209,2.764855687606112,2.82597623089983,16.07809847198642,41069.0,7420,15700,978.0,3002.0,6442.0,12698.0,3122,4437,2068.0,5426.0,7494.0,6135,2307.0,947.0,3257.0,3329.0,18940,17.0,18.634308115610317,0.5348501546178384,0.1954672137135065,0.2814797535854294,5.925211229881419,15.250227665635881,10.650113224086294,23.13094061214054,2.929920377900606,1.5609364727653459,15.833117436509287,22.518768414132314,57.8,67.19999999999999,125.10000000000001,0.14624371180208917,2.3102875648299204,1.774469794735689,4.102442231366724,63.20000000000001,9.392812096715284,19.8819011906791,1.2603715697971705,3.8579366432102074,8.13905865738148,16.04446906425771,3.946399961041175,5.609876062236723,2.6163480971048725,6.880625289147533,9.49096155250919,7.780238135820205,2.929920377900606,1.1930580243005673,4.140738756726485,4.208729211814264,23.984031751442693,107.74031507950035,101.35596191774817,0.0,4.322889905382543,88.11736324331099,7.939845855003447,0.1035152578482361,6.6039476157653985,2.145804874992167,703.0,253.0,440.0,113.0,534.0,,5248.0,126.0,242.0,14.360229337677799,0.2820083338555047,0.09840347139545084,0.10918478601416129,0.2107661507613259,0.2994727739833323,0.6301964408797543,0.3612261419888464,0.3787411491948117,0.43058963594210165,0.5660389748731124,0.770385362491384,0.0449379660379723,235.0,0.18148818848298764,0.36632671220001256,9.0,0.0,6,0,7,0.4010588235294118,0.27570588235294113,0.018705882352941176,8,10,13,3,5,7,10,0,0,1,0,0.04205882352941177,0,0.0,0,0.0,0,0.0019411764705882354,0,0.029588235294117648,,,1988,2004,17,0.7005272260166677
Rod Strickland,stricro02,75,175.0,1966-07-11,DePaul,1989,2005,1988-11-04T00:00:00Z,False,17,NBA,"NYK, SAS, POR, WSB, WAS, POR, MIA, MIN, ORL, TOR, HOU",PG,1094,740.0,30.744058500914075,4.952468007312614,10.90310786106033,0.45422535211267606,0.17824497257769653,0.6316270566727605,0.2821997105643994,4.774223034734918,10.271480804387568,0.46480377324908784,0.4623993963782696,3.137111517367459,4.350091407678245,0.7211599075436016,1.0712979890310785,2.6617915904936016,3.73308957952468,7.30073126142596,1.477148080438757,0.19652650822669104,2.6160877513711154,1.8720292504570384,13.220292504570384,33634.0,5418,11928,195.0,691.0,5223.0,11237.0,3432,4759,1172.0,2912.0,4084.0,7987,1616.0,215.0,2862.0,2048.0,14463,6.0,17.995177498959386,0.5139979782363086,0.05609246595706725,0.3958738776238331,3.889596836534459,9.886965570553608,6.850478682285782,37.25109710412083,2.441663197954451,0.43601712552773975,16.97376761610275,21.756142593803887,49.0,36.7,85.8,0.12240322292917881,2.007861092941666,0.3033418564547779,2.306175298804781,36.4,8.19801094130939,18.06487780222394,0.2922191829696141,1.0528602009870964,7.886941785098413,17.002518285068682,5.19491883213415,7.177882499851341,1.7560504251650118,4.4279984539454125,6.171760718320747,12.096048641255871,2.441663197954451,0.32110067193910924,4.332678242254861,3.0985312481417613,21.860551822560506,107.59365522982696,105.53205090087411,93.25253927197022,6.6027379976026745,0.1447227304271024,0.0,0.0,-0.8289887073370765,1.5915147309318023,769.0,302.0,369.0,96.0,812.0,,7951.0,185.0,292.0,11.049195634344837,0.3204688663175825,0.1485997728849915,0.22190133114629992,0.25740117342754404,0.05167522553782096,0.5868452463566967,0.3527467036780014,0.37038924988959687,0.41763011797362953,0.26601141883792817,0.6254870986057662,0.0003781464891804933,2.0,0.0745724559964671,0.16412434546716295,7.0,1.0,0,0,0,0.001,0.02511764705882353,0.022058823529411766,0,0,1,0,1,1,6,0,1,1,0,5.882352941176471e-05,0,0.0,0,0.0,0,0.0017058823529411764,0,0.0,,,1989,2005,17,0.9483247744621791
Clifford Robinson,robincl02,82,225.0,1966-12-16,UConn,1990,2006,1989-11-03T00:00:00Z,False,17,NBA,"POR, PHO, DET, GSW, NJN",PF,1330,843.0,31.282706766917293,5.494736842105263,12.52406015037594,0.4387344659902744,0.9233082706766917,2.593233082706767,0.35604523050159465,4.571428571428571,9.930827067669172,0.46032707450030286,0.47559584559044243,2.6646616541353385,3.856390977443609,0.6909728992006239,1.369172932330827,3.280451127819549,4.6496240601503755,2.28796992481203,1.0451127819548873,1.0278195488721804,1.8586466165413533,3.0654135338345863,14.577443609022556,41606.0,7308,16657,1228.0,3449.0,6080.0,13208.0,3544,5129,1821.0,4363.0,6184.0,3043,1390.0,1367.0,2472.0,4077.0,19388,0.0,14.68972263615825,0.5111088785271355,0.21898730952266499,0.3012606354852666,4.886413017353267,11.989448637215785,8.416757198480989,12.224114310435995,1.7066240446089505,2.2936042878430993,11.637408066144307,22.47501081574773,34.300000000000004,55.300000000000004,89.3,0.10320703744652211,0.0318872278036822,0.5541748786232755,0.5870186992260731,27.1,8.977351824256116,20.48185357881075,1.5487261452675096,4.341051771379128,7.427685910685958,16.152076623563907,4.344952651059943,6.270499447195116,2.2256285151180117,5.363204826226987,7.586465894342163,3.77203528337259,1.7066240446089505,1.6708167091284911,3.0523289910109113,5.01757919530837,23.841256068836227,103.3213719175119,103.38052204009037,0.0,0.1843100949927548,29.476734825309933,57.0204475929802,13.79524231202705,1.8857953630655293,-1.781094026726775,705.0,332.0,1102.0,130.0,1015.0,10.0,4334.0,229.0,425.0,14.049396232490743,0.1840122363548543,0.20206854773788435,0.1551390677829657,0.18425768797295122,0.2745485831589116,0.6070721703429399,0.41944481564965386,0.36234366446626953,0.42145628723232975,0.6804768555788118,0.9702927869908228,0.025508090484624053,216.0,0.18014985509579778,0.3503809370471743,7.0,1.0,0,0,1,0.057999999999999996,0.0021176470588235297,0.020352941176470588,0,2,10,0,0,0,6,0,0,1,0,0.0,0,0.0,1,0.05382352941176471,0,0.0058823529411764705,0,0.001411764705882353,,,1990,2007,17,0.7254514168410885
Clifford Robinson,robincl02,82,225.0,1966-12-16,UConn,1991,2007,1989-11-03T00:00:00Z,False,17,NBA,"POR, PHO, DET, GSW, NJN",PF/SF,1298,844.0,31.58397534668721,5.463020030816641,12.422187981510016,0.43977921111386753,0.9560862865947611,2.674114021571649,0.3575338519158744,4.50693374422188,9.748073959938367,0.46234094681103294,0.4782622178119573,2.6363636363636362,3.785824345146379,0.6963776963776964,1.342064714946071,3.278890600924499,4.62095531587057,2.3281972265023114,1.039291217257319,1.0300462249614792,1.8281972265023112,3.042372881355932,14.51848998459168,40996.0,7091,16124,1241.0,3471.0,5850.0,12653.0,3422,4914,1742.0,4256.0,5998.0,3022,1349.0,1337.0,2373.0,3949.0,18845,0.0,14.690716167430969,0.5122943945750805,0.22705180993267632,0.296836642599278,4.763662308517904,11.89812420723973,8.308239828275928,12.34888769636062,1.687245097082642,2.291826031807981,11.579861449897551,22.159388720850817,35.800000000000004,53.699999999999996,89.3,0.10466379646794809,0.11711386476729439,0.5730315152697825,0.6911162064591667,27.8,8.876004976095228,20.2072275343936,1.5891135720558103,4.4398795004390665,7.282120206849449,15.77879061371841,4.274053566201581,6.124082837349986,2.172370475168309,5.33425212215826,7.504219923895014,3.8094033564250167,1.687245097082642,1.6648819397014343,2.9884671675285395,4.958444726314762,23.601797736364524,103.54288223241292,103.46448433993561,0.0,0.1774874995154851,28.385596340943447,56.42741966742897,15.46858405364549,1.3791891158572043,-2.2630140703128028,722.0,338.0,1164.0,130.0,1023.0,25.0,4456.0,229.0,432.0,14.125303306329704,0.1811244621884569,0.20054831582619478,0.1522836156440172,0.19050401178340245,0.27560176751036863,0.6022943137330904,0.4176515368812745,0.36199779061203924,0.4183669909686422,0.6890101166711888,0.9713924570719796,0.024563859064304815,216.0,0.189731695026939,0.35529008876313034,7.0,1.0,0,0,1,0.057999999999999996,0.0021176470588235297,0.0,0,2,10,0,0,0,6,0,0,0,0,0.0,0,0.0,1,0.05382352941176471,0,0.0058823529411764705,0,0.001411764705882353,,,1990,2007,18,0.7243982324896314
Gary Payton,paytoga01,76,180.0,1968-07-23,Oregon State,1991,2007,1990-11-03T00:00:00Z,True,17,NBA,"SEA, MIL, LAL, BOS, MIA",PG,1335,1233.0,35.293632958801496,6.522846441947565,14.005992509363296,0.4657182586372874,0.847940074906367,2.6741573033707864,0.31708683473389354,5.674906367041198,11.33183520599251,0.5007932310946589,0.49598887581559525,2.445692883895131,3.355805243445693,0.7287946428571429,1.0426966292134832,2.904119850187266,3.946816479400749,6.716104868913858,1.8314606741573034,0.21348314606741572,2.269662921348315,2.4097378277153556,16.339325842696628,47117.0,8708,18698,1132.0,3570.0,7576.0,15128.0,3265,4480,1392.0,3877.0,5269.0,8966,2445.0,285.0,3030.0,3217.0,21813,15.0,18.876447991170913,0.5248250313050491,0.18934265763949318,0.23701695778593715,3.4738353460534417,9.548920771695991,6.51626589129189,31.939582316361395,2.685381072648938,0.4451471867903304,13.180569645775408,22.52205573359934,96.5,49.0,145.50000000000003,0.14820809898762655,2.742046395144003,0.5190822845257551,3.254753061527686,62.4,9.608826962667402,20.663998132308933,1.2657278689220453,3.971428571428571,8.370203960354013,16.69297281236072,3.620092535602861,4.951662881762421,1.5295838020247472,4.293870577498567,5.815497591102997,9.886104802937368,2.685381072648938,0.29482564679415074,3.3407368890209472,3.5308062907230937,24.113419784791052,110.91784281681771,105.56701402890677,85.31310632202617,14.686893677973826,0.0,0.0,0.0,3.470935607786965,3.395325216485448,973.0,464.0,594.0,209.0,1049.0,28.0,13075.0,279.0,638.0,11.835536167719253,0.3261899863272348,0.17093772381014388,0.11941063871345792,0.14539511035874733,0.23789152939644506,0.6494535125984765,0.38267309069600886,0.36553271697376133,0.39413519760401067,0.3468950452503418,0.801068233608959,0.0007931180415391627,11.0,0.2502030731167394,0.3377706881958461,10.0,0.0,1,0,9,0.4550588235294118,0.3208235294117647,0.02488235294117647,9,9,14,2,7,9,11,0,1,1,0,0.04847058823529411,0,0.0,0,0.0,0,0.008705882352941178,1,0.07252941176470588,,,1991,2007,17,0.7621084706035549
Dikembe Mutombo,mutomdi01,86,245.0,1966-06-25,Georgetown,1992,2008,1991-11-01T00:00:00Z,True,17,NBA,"DEN, ATL, PHI, NJN, NYK, HOU",C,1187,995.0,30.91406908171862,3.5080033698399324,6.766638584667228,0.5184262948207171,0.0,0.0016849199663016006,0.0,3.5080033698399324,6.7649536647009265,0.5185554171855542,0.5184262948207171,2.851727042965459,4.171019376579612,0.6837002625732175,3.1979780960404383,7.186183656276327,10.384161752316764,1.0446503791069923,0.4161752316764954,2.7615838247683233,1.8256107834877844,2.840775063184499,9.867733782645324,36695.0,4164,8032,0.0,2.0,4164.0,8030.0,3385,4951,3796.0,8530.0,12326.0,1240,494.0,3278.0,2167.0,3372.0,11713,10.0,17.226055320888406,0.5757938138710997,0.000303365581141845,0.6240480719444066,11.854595994004633,26.19253304264886,19.08809102057501,5.287322523504565,0.6997765363128492,6.2719934595994005,17.440280692192395,15.002327292546669,48.4,68.2,116.8,0.15277193078076032,-0.08975882272789205,1.767543262024799,1.6689603488213651,33.8,5.929878730072216,11.431023300177136,0.0,0.0,5.929878730072216,11.431023300177136,4.836961438888132,7.072181496116638,5.420932007085435,12.189006676658945,17.61868646954626,1.7320179861016487,0.6997765363128492,4.677618204115001,3.091805423082164,4.818100558659218,16.697250306581278,111.68761411636463,99.21002861425262,0.0,0.0,0.0,0.027777777777777776,99.97222222222223,4.593125112188116,8.013776700771855,181.0,295.0,1005.0,274.0,1064.0,19.0,1334.0,209.0,359.0,5.306143421288818,0.4777648088314486,0.38107821755519655,0.12689912044516247,0.014273469754083647,0.0,0.6527955932507629,0.43243932866630763,0.3087213695925327,0.18283041644229042,0.4749661640639024,0.0,0.14589328666307666,631.0,0.0,0.0,0.0,0.0,0,0,8,0.2748235294117647,0.05270588235294118,0.058823529411764705,3,6,12,0,1,3,8,1,1,1,0,0.00017647058823529413,0,0.036,0,0.0,0,0.0,4,0.12623529411764706,,,1992,2009,17,1.0
Dikembe Mutombo,mutomdi01,86,245.0,1966-06-25,Georgetown,1993,2009,1991-11-01T00:00:00Z,True,17,NBA,"DEN, ATL, PHI, NJN, NYK, HOU",C,1125,926.0,30.288888888888888,3.3253333333333335,6.378666666666667,0.5213210702341137,0.0,0.0017777777777777779,0.0,3.3253333333333335,6.376888888888889,0.5214664064678004,0.5213210702341137,2.7288888888888887,3.9644444444444447,0.6883408071748879,3.104,7.108444444444444,10.212444444444445,0.9635555555555556,0.4008888888888889,2.7368888888888887,1.7075555555555555,2.7644444444444445,9.379555555555555,34075.0,3741,7176,0.0,2.0,3741.0,7174.0,3070,4460,3492.0,7997.0,11489.0,1084,451.0,3079.0,1921.0,3110.0,10552,10.0,17.265822450476893,0.5783543947175349,0.0003266911225238445,0.6281489655172413,11.860402054292003,26.418318415260455,19.233182685253116,5.008384446074835,0.6898165810711665,6.3950344827586205,17.35629933969186,14.58501540719002,47.099999999999994,64.80000000000001,112.2,0.15791160674981658,-0.060387380777696266,1.858723404255319,1.7888334556126193,32.400000000000006,5.779970652971386,11.0868085106383,0.0,0.0,5.779970652971386,11.0868085106383,4.755870873074101,6.912683785766691,5.402292002934704,12.369796038151138,17.78150843727073,1.6420132061628763,0.6898165810711665,4.7515774027879685,2.980149669845928,4.815184152604549,16.324355099046223,112.33305942773295,98.66823184152605,0.0,0.0,0.0,0.027658623771224307,99.97234137622877,4.573422698838248,7.959669347631815,182.0,299.0,1010.0,275.0,1066.0,21.0,1334.0,210.0,360.0,5.288529937444148,0.4793443699731904,0.38010415549597854,0.12635478105451298,0.014212243074173368,0.0,0.6515567917783736,0.43272913315460226,0.30739709562109024,0.18204615728328863,0.47550250223413765,0.0,0.14559776586237713,632.0,0.0,0.0,0.0,0.0,0,0,7,0.27152941176470585,0.052705882352941186,0.0,3,6,11,0,1,3,8,0,0,0,0,0.00017647058823529413,0,0.0,0,0.0,0,0.0,4,0.12623529411764706,,,1992,2009,18,1.0
Shaquille O'Neal,onealsh01,85,325.0,1972-03-06,LSU,1993,2009,1992-11-06T00:00:00Z,True,17,NBA,"ORL, LAL, MIA, PHO",C,1117,1108.0,35.74395702775291,9.788719785138765,16.82452999104745,0.5818123769488639,0.0008952551477170994,0.018800358102059087,0.047619047619047616,9.787824529991047,16.80572963294539,0.582409972299169,0.5818389825999042,5.147717099373321,9.753804834377798,0.5277650298301974,3.6418979409131604,7.6078782452999105,11.24977618621307,2.6141450313339303,0.6338406445837064,2.3527305282005373,2.819158460161146,3.4529991047448525,24.72605192479857,39926.0,10934,18793,1.0,21.0,10933.0,18772.0,5750,10895,4068.0,8498.0,12566.0,2920,708.0,2628.0,3149.0,3857.0,27619,2.0,26.86511546360767,0.5860007513900716,0.001058383008565847,0.5846709662876322,11.830939738516255,23.65519210539498,17.877014977708765,14.172459049241098,0.9163226969894304,4.627989280168311,11.993009567700245,29.78623703852126,113.5,62.800000000000004,175.8,0.21145561789310227,4.721444672644392,0.687892601312428,5.402309272153484,74.39999999999999,14.126877222862294,24.282470069628815,0.0,0.017056554626058207,14.126877222862294,24.257721785302813,7.431716174923609,14.082116916295146,5.268111005359915,10.98041126083254,16.226666833642234,3.7841281370535493,0.9163226969894304,3.388533787506888,4.064925111456193,4.989523117767871,35.683737414216296,112.88265791714672,101.2425737614587,0.0,0.0,0.0,0.0,100.0,7.822606216535707,9.113643001182115,728.0,438.0,1633.0,440.0,3397.0,24.0,5058.0,1045.0,508.0,4.291297545372366,0.5069901953967041,0.4183115569153744,0.07188658646825673,0.0020474236840275365,0.0007033585981503373,0.7507958069675266,0.4330148112092344,0.279244663097142,0.13623666643487936,0.6184813643001181,0.0,0.2015822960851123,2507.0,0.0,0.0,5.0,0.0,4,3,15,0.10605882352941176,0.564529411764706,0.058823529411764705,0,3,12,8,10,14,17,1,1,1,1,0.2576470588235294,1,0.98,0,0.0,0,0.0017647058823529412,0,0.014588235294117645,,,1993,2011,17,0.9992966414018496
Shaquille O'Neal,onealsh01,85,325.0,1972-03-06,LSU,1994,2010,1992-11-06T00:00:00Z,True,17,NBA,"ORL, LAL, MIA, PHO, CLE",C,1089,1080.0,34.98163452708907,9.607897153351699,16.484848484848484,0.5828319964349377,0.0009182736455463728,0.018365472910927456,0.05,9.606978879706153,16.46648301193756,0.5834262770466205,0.5828598484848485,4.990817263544536,9.550045913682277,0.5225961538461539,3.5068870523415976,7.327823691460055,10.834710743801653,2.6152433425160697,0.6088154269972452,2.20752984389348,2.7061524334251605,3.402203856749311,24.20752984389348,38095.0,10463,17952,1.0,20.0,10462.0,17932.0,5435,10400,3819.0,7980.0,11799.0,2848,663.0,2404.0,2947.0,3705.0,26362,2.0,26.892943955899725,0.5854784617403858,0.0010131250820317626,0.5840774379839873,11.625323533272082,23.388715054469092,17.628956555978476,14.536240976506102,0.8992807455046595,4.517873736710854,11.798713741960887,29.858309489434312,109.9,58.900000000000006,168.49999999999997,0.2123523822023888,4.754597716235726,0.6260742879642999,5.3733062081638,70.69999999999999,14.207869799186247,24.37854574091088,0.0,0.017876361727260797,14.207869799186247,24.36066937918362,7.385662160388502,14.128255676597979,5.196823730148314,10.845680535503346,16.027659797873735,3.875143719648247,0.8992807455046595,3.2652054075337973,4.0004515028218925,5.044507153169707,35.80284026775167,112.98713741960887,101.36739729623311,0.0,0.0,0.0,0.0,100.0,7.648083461102594,8.50965268982068,757.0,461.0,1741.0,468.0,3515.0,28.0,5240.0,1074.0,533.0,4.254459702686487,0.5101317245516966,0.4158601759882674,0.07098200119992,0.0022107859476034933,0.0007569495366975535,0.7471671555229651,0.4330555296313579,0.2874593360442637,0.1306059262715819,0.6162709486034263,0.0,0.20056629558029462,2583.0,0.0,0.0,5.0,0.0,4,3,14,0.10494117647058823,0.5575882352941176,0.0,0,3,11,8,10,14,16,0,0,0,1,0.2558235294117647,0,0.0,0,0.0,0,0.0017647058823529412,0,0.014588235294117647,,,1993,2011,18,0.9992430504633023
Shaquille O'Neal,onealsh01,85,325.0,1972-03-06,LSU,1995,2011,1992-11-06T00:00:00Z,True,17,NBA,"ORL, LAL, MIA, PHO, CLE, BOS",C,1045,1035.0,34.088995215311,9.228708133971292,15.848803827751196,0.5822968240550658,0.0009569377990430622,0.01722488038277512,0.05555555555555555,9.22775119617225,15.83157894736842,0.5828699226305609,0.582327013645695,4.820095693779904,9.264114832535885,0.5202974899287264,3.3330143540669854,7.102392344497607,10.435406698564593,2.5636363636363635,0.5770334928229665,2.1196172248803826,2.661244019138756,3.3913875598086123,23.27846889952153,35623.0,9644,16562,1.0,18.0,9643.0,16544.0,5037,9681,3483.0,7422.0,10905.0,2679,603.0,2215.0,2781.0,3544.0,24326,1.0,26.547104398843445,0.5852637341043707,0.0009929259186480645,0.5900434550711618,11.385461639951716,23.291118097858124,17.4680824186621,14.6739718721051,0.8763018274710159,4.517003059820902,12.070089548886953,29.729991859192094,98.89999999999998,55.7,154.3,0.20795452376273757,4.487527720854504,0.6574376105325211,5.137088397945148,63.89999999999999,14.045846784380878,24.116483732420065,0.0,0.01911686270106392,14.045846784380878,24.097366869719004,7.338225303876708,14.101291300564242,5.086202734188586,10.815074530499958,15.885402689273782,3.901490609999158,0.8763018274710159,3.229306908458019,4.045734497375292,5.17578250007018,35.42934620890997,112.31050164219745,101.23905903489319,0.0,0.0,0.0,0.0,100.0,7.7985107628276005,8.536313975417832,770.0,474.0,1817.0,481.0,3581.0,28.0,5293.0,1093.0,546.0,4.194442999284647,0.5179776289263186,0.4097016648240879,0.06936860245821681,0.002156727580152175,0.0007384405280613904,0.7464784093126097,0.43283410288092605,0.2804303505235091,0.1274123366066203,0.6209102230604149,0.0,0.20113929895298172,2626.0,0.0,0.0,5.0,0.0,4,3,13,0.10494117647058823,0.5468235294117647,0.0,0,3,11,8,10,13,15,0,0,0,1,0.239,0,0.0,0,0.0,0,0.0017647058823529412,0,0.014588235294117647,,,1993,2011,19,0.9992615594719385
Lindsey Hunter,hunteli01,74,170.0,1970-12-03,"Alcorn State, Jackson State University",1994,2010,1993-11-05T00:00:00Z,False,17,NBA,"DET, MIL, LAL, TOR, DET, CHI",PG,937,438.0,24.816435432230524,3.169690501600854,8.178228388473853,0.38757666710165734,1.1472785485592316,3.184631803628602,0.36025469168900803,2.022411953041622,4.993596584845251,0.40500106860440266,0.4577189090434556,1.0042689434364995,1.3457844183564567,0.746233148295004,0.46744930629669157,1.689434364994664,2.1568836712913555,2.6744930629669157,1.1953041622198506,0.17609391675560299,1.2369263607257204,1.9818569903948773,8.490928495197439,23253.0,2970,7663,1075.0,2984.0,1895.0,4679.0,941,1261,438.0,1583.0,2021.0,2506,1120.0,165.0,1159.0,1857.0,7956,0.0,12.04985593256784,0.48377383563411175,0.39048054014535755,0.16399367823506644,2.229441362404851,7.948398056164795,5.11487119941513,17.378011439384167,2.5759428890895797,0.533010794306111,12.311181352943708,18.61070829570378,9.7,23.0,32.800000000000004,0.067890035694319,-0.951511632907582,0.5815679697243367,-0.3863673504494044,9.399999999999999,6.824977422268095,17.611220057626973,2.4650711736120074,6.867337547843288,4.350182772115425,10.752212617726745,2.1636864060551324,2.903255493914764,1.0031823850685933,3.638468154646712,4.658775211800628,5.7326753537177995,2.5759428890895797,0.3890981808798865,2.6497441190384037,4.275345116759127,18.287657506558293,100.92233260224486,105.60559927751258,93.13478526584811,6.734985276959831,0.13700761153397412,0.0,0.0,2.252664036890938,-2.579437746541474,448.0,194.0,508.0,64.0,316.0,20.0,3852.0,67.0,210.0,17.205550308350464,0.17906122562364576,0.057904105783654666,0.12170876159786652,0.23723279071059505,0.4039946663703539,0.5001692871826213,0.2969589421634536,0.3464986388132674,0.40435579754430795,0.41207350408356025,0.8927789321628978,0.006807711539529974,36.0,0.24752319573309622,0.39664442469026057,4.0,0.0,2,0,0,0.0,0.0,0.016941176470588234,0,0,0,0,0,0,0,0,1,1,0,0.0,0,0.0,0,0.0,0,0.002529411764705882,0,0.0,,,1994,2010,17,0.5960053336296461
Grant Hill,hillgr01,80,225.0,1972-10-05,Duke,1995,2012,1994-11-04T00:00:00Z,True,17,NBA,"DET, ORL, PHO",SF,997,972.0,34.44232698094283,6.325977933801404,13.067201604814443,0.4841111452256678,0.21664994984954863,0.6880641925777332,0.31486880466472306,6.1093279839518555,12.37913741223671,0.49351806838437856,0.4924009824992324,4.226680040120361,5.490471414242728,0.7698209718670077,1.1735205616850553,4.964894684052156,6.138415245737211,4.238716148445336,1.2407221664994985,0.5707121364092277,2.441323971915747,2.3450351053159477,17.09528585757272,34339.0,6307,13028,216.0,686.0,6091.0,12342.0,4214,5474,1170.0,4950.0,6120.0,4226,1237.0,569.0,2434.0,2338.0,17044,29.0,19.20408282128193,0.5529586767232593,0.05653807623984391,0.4143438946969918,4.077780366347302,16.700355281167187,10.500899851480824,22.050840152596173,1.903745012959026,1.2327615830396925,13.487370045720608,23.86463496316142,62.1,38.4,100.0,0.13982902821864351,2.3228981624392095,0.7621625556946912,3.0761612161099627,43.8,9.65837677276566,19.932129648504613,0.3250094644573226,1.0194123300037858,9.322155566556976,18.899991263577856,6.472687032237397,8.42239727423629,1.7855470456332452,7.612790122018696,9.398337167651942,6.527333352747605,1.903745012959026,0.8708261743207432,3.7301144471300853,3.5599697137365673,26.088645563353623,110.08590815108187,105.69265266897696,0.0,8.898735960001408,82.2764339283828,8.739269744023098,0.0,3.0478891588324357,2.982687229322911,892.0,524.0,878.0,257.0,1861.0,174.0,7613.0,448.0,589.0,10.982387944086476,0.32139414105137154,0.12274757931058765,0.23217636702932998,0.25999637336713494,0.06359110594697369,0.6576231822823141,0.3990423928734904,0.4091908735607902,0.4312946375127636,0.45783718883137925,0.8797416288158868,0.03791408753212915,385.0,0.39787028625752613,0.22830671455230453,11.0,1.0,0,0,7,0.06017647058823529,0.16705882352941176,0.057705882352941176,0,0,8,1,5,5,7,1,1,1,0,0.03111764705882353,1,0.41,0,0.0,0,0.0016470588235294118,0,0.0032352941176470593,,,1995,2013,17,0.9364088940530263
Grant Hill,hillgr01,80,225.0,1972-10-05,Duke,1996,2013,1994-11-04T00:00:00Z,True,17,NBA,"DET, ORL, PHO, LAC",SF,956,903.0,33.57531380753138,6.105648535564853,12.617154811715482,0.4839164317691925,0.22489539748953974,0.700836820083682,0.3208955223880597,5.880753138075314,11.916317991631798,0.49350421348314605,0.492828718288841,4.031380753138075,5.21652719665272,0.7728093041908963,1.0993723849372385,4.888075313807532,5.98744769874477,4.078451882845188,1.1757322175732217,0.5376569037656904,2.3608786610878663,2.274058577405858,16.467573221757323,32098.0,5837,12062,215.0,670.0,5622.0,11392.0,3854,4987,1051.0,4673.0,5724.0,3899,1124.0,514.0,2257.0,2174.0,15743,28.0,19.02500467318836,0.5522551560844913,0.059924450121502895,0.4065605333665649,3.935092529129541,16.846507570565144,10.515972957816686,21.826154277525077,1.8541217521340894,1.1946943734812137,13.557283942924792,23.64394977880242,57.9,36.99999999999999,94.5,0.14130802542214468,2.2377126300704098,0.8196336220325254,3.047825409682846,40.7,9.577693314225186,19.774035765468252,0.3448034145429622,1.0665680104679418,9.220895382889902,18.7021963985295,6.347027852202629,8.232276154277525,1.7195027727584276,7.6978129478472175,9.417315720605645,6.457922612000749,1.8541217521340894,0.8423982802666832,3.706000373855068,3.5471213159698425,25.82659355723098,109.80774503084304,105.2676490747087,0.0,8.77904154240932,81.95401900270477,9.197829253068868,0.0,3.001702614605729,2.819290519453499,900.0,533.0,897.0,260.0,1870.0,176.0,7673.0,450.0,596.0,11.005385255565574,0.31976673139607464,0.12320601289964629,0.23190092932935708,0.26069349469450026,0.06432467577501907,0.658477494971912,0.39602618073375406,0.41020327345863095,0.4282897565711908,0.4617189818988834,0.881563978084472,0.03733955198002636,385.0,0.4042367709272488,0.2298931964768708,11.0,1.0,0,0,6,0.06017647058823529,0.16658823529411765,0.0,0,0,8,1,5,5,6,0,0,0,0,0.03111764705882353,0,0.0,0,0.0,0,0.0016470588235294118,0,0.0032352941176470593,,,1995,2013,18,0.9356753242249811
Jason Kidd,kiddja01,76,205.0,1973-03-23,California,1995,2011,1994-11-05T00:00:00Z,True,17,NBA,"DAL, PHO, NJN, DAL",PG,1267,1254.0,36.85003946329913,4.710339384372533,11.740331491712707,0.40121008403361347,1.4167324388318863,4.067087608524073,0.3483407723656123,3.293606945540647,7.6732438831886345,0.42923266817527256,0.46154621848739497,2.4001578531965273,3.0607734806629834,0.7841670964414647,1.3441199684293608,5.1310181531176005,6.475138121546961,9.138121546961326,1.9550118389897395,0.3275453827940016,3.027624309392265,1.8658247829518548,13.237569060773481,46689.0,5968,14875,1795.0,5153.0,4173.0,9722.0,3041,3878,1703.0,6501.0,8204.0,11578,2477.0,415.0,3836.0,2364.0,16772,107.0,18.250922058729035,0.5086331469939386,0.3635280687099745,0.252933153419435,4.093426717213905,16.070301355779733,10.065565764955341,39.679354880164496,2.7777228040866158,0.6583499325322881,19.054021289811303,19.74296729422348,60.0,70.0,130.3,0.1338723468054574,2.4461864679046457,1.4547388035725757,3.911073272076935,69.5,6.683113795540706,16.653768553620765,2.0192293688020735,5.7812868127396175,4.668339437554884,10.86633468268757,3.3890488123540874,4.337790485981709,1.8998393625907604,7.301516417143224,9.195763456060314,12.967032919959735,2.7777228040866158,0.45255841847116024,4.279258497718948,2.6512390498832703,18.769491743237165,107.20604425025167,102.09002120413803,84.8972357088833,14.757069314660747,0.42249981701515116,0.0,0.0,4.270329616707736,6.633230048551981,2386.0,545.0,915.0,125.0,989.0,78.0,22224.0,204.0,428.0,16.36949032620099,0.21168882816502793,0.06395815746456195,0.1069482274867641,0.24546092663527466,0.3719217800766097,0.5521101568790104,0.3203340571400688,0.339330031473394,0.39011430453558443,0.37876624295508327,0.8577471881328225,0.003958572230219338,42.0,0.17128814014199625,0.3407397955449289,52.0,3.0,1,0,10,0.2737647058823529,0.2884117647058823,0.058823529411764705,4,9,15,5,6,6,16,1,1,1,0,0.054941176470588236,1,0.41,0,0.0,0,0.0,0,0.0009411764705882353,,,1995,2013,17,0.6280782199233904
Jason Kidd,kiddja01,76,205.0,1973-03-23,California,1996,2012,1994-11-05T00:00:00Z,True,17,NBA,"DAL, PHO, NJN, DAL",PG,1236,1223.0,36.73139158576052,4.641585760517799,11.562297734627832,0.40144146665733677,1.4595469255663431,4.141585760517799,0.352412580582145,3.1820388349514563,7.4207119741100325,0.42880505887483644,0.46455811349800574,2.3228155339805827,2.9377022653721685,0.7906912696226934,1.266990291262136,5.18284789644013,6.449838187702265,9.089805825242719,1.948220064724919,0.3244336569579288,2.9749190938511325,1.8616504854368932,13.065533980582524,45400.0,5737,14291,1804.0,5119.0,3933.0,9172.0,2871,3631,1566.0,6406.0,7972.0,11235,2408.0,401.0,3677.0,2301.0,16149,103.0,18.27963436123348,0.5113114757709252,0.38103535242290754,0.24437896475770926,3.9052511013215856,16.27679074889868,10.086112334801761,39.71751982378855,2.780325991189427,0.6600066079295155,19.13122907488987,19.57270264317181,59.8,69.49999999999999,129.6,0.13695361233480174,2.456079295154185,1.5336806167400883,4.000196035242291,68.60000000000001,6.618055066079296,16.484603524229076,2.091286343612335,5.915656387665198,4.537226872246696,10.562625550660792,3.2980110132158593,4.188775330396475,1.8015814977973565,7.409980176211453,9.202773127753305,12.966160792951543,2.780325991189427,0.4481740088105727,4.230863436123348,2.6591651982378854,18.620251101321585,107.32546255506608,101.65083700440529,84.24958693291791,15.415970353585422,0.4087475806070906,0.0,0.0,4.219215880659019,6.501949676627484,2454.0,564.0,948.0,126.0,996.0,85.0,22808.0,204.0,434.0,16.57880139734693,0.20574236415993957,0.0630806779020913,0.1043133880942265,0.2404658216494359,0.38640893641127316,0.5463452768729642,0.3229271585705519,0.3422487607987537,0.3904360808195251,0.3745749421706085,0.8549561440777982,0.0038297219468441676,42.0,0.16922813104848228,0.3391533305008733,52.0,3.0,1,0,10,0.27264705882352946,0.28729411764705887,0.0,4,9,14,5,6,6,15,0,0,0,0,0.05452941176470588,0,0.0,0,0.0,0,0.0,0,0.0009411764705882353,,,1995,2013,18,0.6135910635887267
Jason Kidd,kiddja01,76,205.0,1973-03-23,California,1997,2013,1994-11-05T00:00:00Z,True,17,NBA,"DAL, PHO, NJN, DAL, NYK",PG,1231,1190.0,36.07554833468725,4.383428107229895,10.89114541023558,0.40247631834116504,1.4500406173842404,4.100731112916328,0.3536053882725832,2.933387489845654,6.790414297319253,0.4319894724249312,0.4690460207354367,2.1787164906580014,2.719740048740861,0.8010752688172043,1.1478472786352558,5.141348497156783,6.289195775792039,8.69293257514216,1.9155158407798538,0.3249390739236393,2.782290820471162,1.8448415922014623,12.395613322502031,44409.0,5396,13407,1785.0,5048.0,3611.0,8359.0,2682,3348,1413.0,6329.0,7742.0,10701,2358.0,400.0,3425.0,2271.0,15259,94.0,18.092519534328627,0.5152222522461664,0.40520583665473214,0.23772505573194627,3.6771330135783287,16.476630863113332,10.083158819158278,38.587443986579295,2.7960571055416694,0.6843477673444572,18.977468531153594,18.882958409331444,60.7,69.69999999999999,130.70000000000002,0.1412525839356887,2.3813551307167464,1.7126123083158817,4.104636447566935,68.3,6.389535904884146,15.882670179468127,2.1256637168141594,5.987793014929407,4.274563714562364,9.881582562093268,3.1579972528091154,3.9662973721542927,1.6693035195568464,7.505712805962755,9.170632079083068,12.666378436803349,2.7960571055416694,0.4630502826003738,4.0483595667544865,2.692688419014164,18.064293273885923,107.92803260600328,101.21081312346597,81.79988290661802,17.835055957125807,0.481951856605643,0.0,0.0,4.241333963836159,6.221234434461483,2508.0,579.0,1008.0,128.0,1008.0,93.0,23408.0,207.0,441.0,16.828199238893017,0.19954365106172173,0.062432907743925785,0.0999745772253372,0.23289970501474927,0.40520583665473214,0.546605417820712,0.3310732509176068,0.34950597851786797,0.3873337386565786,0.36824591862009953,0.8567983291675111,0.003653538697110946,42.0,0.17262194600193653,0.3398363394807359,55.0,4.0,1,0,9,0.2695882352941177,0.2828235294117647,0.0,4,9,13,5,6,6,14,0,0,0,0,0.05452941176470588,0,0.0,0,0.0,0,0.0,0,0.0009411764705882353,,,1995,2013,19,0.5947941633452678
Juwan Howard,howarju01,81,240.0,1973-02-07,Michigan,1995,2011,1994-11-19T00:00:00Z,False,17,NBA,"WSB, WAS, DAL, DEN, ORL, HOU, DAL, CHA, DEN, POR, MIA",PF,1173,898.0,31.042625745950556,5.554987212276215,11.829497016197783,0.46958777745748054,0.005115089514066497,0.042625745950554135,0.12,5.549872122762149,11.786871270247229,0.47085201793721976,0.46980397809166907,2.606990622335891,3.412617220801364,0.7639270547089683,1.9863597612958226,4.29923273657289,6.285592497868713,2.256606990622336,0.6939471440750213,0.2651321398124467,2.084398976982097,2.9548167092924125,13.722080136402386,36413.0,6516,13876,6.0,50.0,6510.0,13826.0,3058,4003,2330.0,5043.0,7373.0,2647,814.0,311.0,2445.0,3466.0,16096,0.0,14.632216516079426,0.5138958339054733,0.0035128662840194437,0.28487529179139315,7.383000576717107,16.157517919424382,11.749949193969188,12.75878120451487,1.1788756762694643,0.6295114382226128,13.547721967429215,22.45703457556367,28.3,31.3,59.699999999999996,0.07849726745942383,-0.637731030126603,-0.8844698322027846,-1.53128552989317,4.3,9.386977178480212,19.97364952077555,0.009046219756680308,0.0655370334770549,9.370433636338669,19.910078818004557,4.393233185950073,5.752151704061737,3.3571718891604645,7.266934885892402,10.640875511493148,3.7993765962705632,1.1788756762694643,0.4465355779529289,3.519127784033175,5.006376843435037,23.160623952983826,102.69656441380826,106.79941229780573,0.0,0.2160475772643073,15.208865490234311,68.66614669656495,15.460953495174028,-2.860852750966819,-3.7287153488674405,754.0,444.0,1140.0,430.0,1383.0,54.0,4726.0,296.0,821.0,9.611429592798412,0.23488755646550324,0.2657436547398524,0.29771177407299076,0.19918124207858048,0.002583081472815313,0.5938387442722044,0.41227571414643654,0.42831783172467575,0.44546777810275906,0.6559329238568783,0.044359949302915085,0.037942673296285465,397.0,0.10583315459361087,0.0,5.0,0.0,0,0,1,0.0,0.007176470588235294,0.043,0,0,0,0,0,1,2,0,1,1,0,0.0,0,0.01,0,0.0,0,0.0005294117647058823,0,0.0,,,1995,2013,17,0.9974169185271847
Juwan Howard,howarju01,81,240.0,1973-02-07,Michigan,1996,2012,1994-11-19T00:00:00Z,False,17,NBA,"WSB, WAS, DAL, DEN, ORL, HOU, DAL, CHA, DEN, POR, MIA",PF,1136,846.0,30.154049295774648,5.350352112676056,11.443661971830986,0.4675384615384615,0.00528169014084507,0.037852112676056336,0.13953488372093023,5.345070422535211,11.40580985915493,0.468626996990044,0.46776923076923077,2.528169014084507,3.2755281690140845,0.7718355280838485,1.9049295774647887,4.147007042253521,6.05193661971831,2.193661971830986,0.6742957746478874,0.261443661971831,2.023767605633803,2.859154929577465,13.234154929577464,34255.0,6078,13000,6.0,43.0,6072.0,12957.0,2872,3721,2164.0,4711.0,6875.0,2492,766.0,297.0,2299.0,3248.0,15034,0.0,14.545815209458475,0.51252199678879,0.0031858122901766163,0.2823083345497008,7.3172266822361705,16.011808495110202,11.653764413954166,12.810705006568384,1.1838446942052254,0.6371157495256168,13.615623996496861,22.416569843818415,26.399999999999995,30.1,56.6,0.07911385199240986,-0.6687520070062765,-0.8479112538315574,-1.526320245219676,4.1000000000000005,9.332669683257917,19.9385111662531,0.009616114435848783,0.05595679462852139,9.31508392935338,19.877790103634506,4.39431323894322,5.698225076631149,3.322221573492921,7.23446212231791,10.574508830827616,3.807499635089768,1.1838446942052254,0.45576704130783824,3.5245715953875343,4.999924098671727,23.045821048022187,102.44250474383301,106.41631878557875,0.0,0.21472174671360744,15.133942702109104,68.6866057297891,15.525629017150608,-2.927983592261232,-3.839614353541553,762.0,448.0,1148.0,434.0,1388.0,54.0,4750.0,297.0,833.0,9.600926972643002,0.235342366202642,0.2662300313297374,0.2967746196828268,0.19918626659345628,0.002567229740641452,0.5927228448693517,0.4110405348664449,0.4264564452052582,0.4455262749911179,0.6547980362391395,0.04408772326475243,0.0377098284939117,397.0,0.1051836826975873,0.0,5.0,0.0,1,0,1,0.0,0.007176470588235294,0.0,0,0,0,0,0,1,2,0,0,0,0,0.0,0,0.0,0,0.0,0,0.0005294117647058823,0,0.0,,,1995,2013,18,0.9974327702593585
Juwan Howard,howarju01,81,240.0,1973-02-07,Michigan,1997,2013,1994-11-19T00:00:00Z,False,17,NBA,"WSB, WAS, DAL, DEN, ORL, HOU, DAL, CHA, DEN, POR, MIA",PF,1062,767.0,29.2015065913371,5.0423728813559325,10.846516007532957,0.4648841045229621,0.0018832391713747645,0.02824858757062147,0.06666666666666667,5.040489642184557,10.818267419962336,0.4659239272347463,0.46497091761437626,2.4048964218455744,3.103578154425612,0.774878640776699,1.8606403013182675,3.9990583804143127,5.8596986817325805,2.0131826741996233,0.6581920903954802,0.24293785310734464,1.8832391713747645,2.8135593220338984,12.491525423728813,31012.0,5355,11519,2.0,30.0,5353.0,11489.0,2554,3296,1976.0,4247.0,6223.0,2138,699.0,258.0,2000.0,2988.0,13266,0.0,14.27749903263253,0.5107107248806914,0.0025630078679220944,0.281751547787953,7.349509867148201,15.96371727073391,11.635018702437767,12.196656133109764,1.2014252547401005,0.6187669289307364,13.453066554881982,21.929046820585583,23.9,27.0,51.0,0.07874132593834644,-0.8144202244292532,-0.8336514897459048,-1.658738552818264,2.6999999999999997,9.114839416999871,19.581071843157485,0.0,0.040564942602863405,9.106036373016897,19.535244421514253,4.324397007609957,5.59471494905198,3.361605185089643,7.229253192312653,10.599925835160583,3.6210402424867794,1.2014252547401005,0.4396975364375081,3.4008319360247645,5.091961176318844,22.5387978846898,102.26976654198374,106.25070940281182,0.0,0.21436863149748484,15.109054559525346,68.67232039210629,15.567522249451825,-2.9379691732232684,-3.863394814910358,765.0,448.0,1153.0,434.0,1389.0,54.0,4766.0,298.0,835.0,9.59944537598349,0.23521517477105636,0.266657229459564,0.296459241583903,0.19920569456984397,0.0025630078679220944,0.5922957242357796,0.41168018831420095,0.4265773893976525,0.4447935960273443,0.654872371985038,0.044015219914871666,0.03764781374951632,397.0,0.10501070553334194,0.0,5.0,0.0,2,0,0,0.0,0.00011764705882352942,0.0,0,0,0,0,0,0,1,0,0,0,0,0.0,0,0.0,0,0.0,0,0.0,0,0.0,,,1995,2013,19,0.9974369921320779
Kevin Garnett,garneke01,83,240.0,1976-05-19,,1996,2012,1995-11-03T00:00:00Z,True,17,NBA,"MIN, BOS",PF,1255,1218.0,36.47729083665339,7.752191235059761,15.549800796812749,0.49853958493466566,0.1362549800796813,0.4820717131474104,0.28264462809917357,7.615936254980079,15.06772908366534,0.5054468535166579,0.5029208301306687,3.69800796812749,4.68207171314741,0.7898230088495575,2.399203187250996,8.208764940239044,10.60796812749004,4.035856573705179,1.3258964143426295,1.5203187250996015,2.341035856573705,2.4741035856573705,19.338645418326692,45779.0,9729,19515,171.0,605.0,9558.0,18910.0,4641,5876,3011.0,10302.0,13313.0,5065,1664.0,1908.0,2938.0,3105.0,24270,16.0,23.313272461172154,0.549183075209157,0.030283820092182,0.2995059088228227,7.808720155529827,25.729751632844756,16.992771794927805,19.85675091199021,1.9212018611153585,3.1021407195438964,11.713938705519999,25.156152384281004,98.1,83.6,181.70000000000002,0.19043124576771006,3.938404071735949,2.1188033814631164,6.065449223443063,93.30000000000001,11.223427772559472,22.532737718167716,0.1886476331942594,0.6873653858756199,11.042047663775966,21.820006990104634,5.354529369361497,6.788955634679656,3.483341706896175,11.918838331986281,15.374787566351385,5.835846130321762,1.9212018611153585,2.195002075187313,3.388713165425195,3.5737172065794356,28.019393171541537,110.6885034622862,99.03484130278075,0.0,0.0,9.29501448742124,70.04845237547717,20.768132272455503,5.651846571310306,12.005512118842844,1096.0,606.0,1221.0,438.0,2302.0,57.0,10742.0,488.0,613.0,11.26208434898588,0.23172841834153524,0.20432888745803246,0.2263862162535069,0.3075536494503978,0.029876948903095245,0.6875642965552132,0.4472934507657636,0.44924283677505406,0.452105574207791,0.679065837280964,0.7179179046129788,0.07372324426252128,1300.0,0.06148010854067976,0.17757170123717977,24.0,0.0,1,0,14,0.42300000000000004,0.3947058823529412,0.03676470588235294,9,12,16,4,7,9,16,0,1,1,1,0.16188235294117645,0,0.009,0,0.0,0,0.0023529411764705885,1,0.09635294117647059,,,1996,2016,17,0.9701230510969046
Kevin Garnett,garneke01,83,240.0,1976-05-19,,1997,2013,1995-11-03T00:00:00Z,True,17,NBA,"MIN, BOS",PF,1243,1243.0,36.611423974255835,7.876106194690266,15.79243765084473,0.4987264391237901,0.13274336283185842,0.4770716009654063,0.2782462057335582,7.743362831858407,15.315366049879325,0.5055943688606398,0.5029291900152827,3.776347546259051,4.769106999195495,0.7918353576248313,2.3419147224456958,8.391794046661303,10.733708769106999,4.086082059533387,1.332260659694288,1.4794851166532583,2.3636363636363638,2.46983105390185,19.66130329847144,45508.0,9790,19630,165.0,593.0,9625.0,19037.0,4694,5928,2911.0,10431.0,13342.0,5079,1656.0,1839.0,2938.0,3070.0,24439,16.0,23.509081919662478,0.5499225630658345,0.02939366704755207,0.3015468489056869,7.596644546013887,26.172736661685857,17.122589434824647,20.08071547859717,1.9257712929594797,3.005548474993408,11.640548914476577,25.50772831150567,98.1,84.8,182.9,0.19283910521227035,3.996807154785972,2.1616067504614573,6.166704755207875,93.89999999999999,11.36643667047552,22.81303726817263,0.1841368550584513,0.6789992968269315,11.194053792739737,22.113560253142303,5.447657554715654,6.894152676452492,3.391997011514459,12.146286367232134,15.51072778412587,5.891531159356596,1.9257712929594797,2.1330425419706422,3.4073349740704937,3.5611013448184927,28.399241891535553,110.57717324426474,98.63195482113035,0.0,0.0,8.88202074360552,67.15823591456447,24.066383932495384,5.511804517886964,11.73867671618177,1139.0,627.0,1280.0,463.0,2384.0,67.0,11105.0,503.0,632.0,11.317087105563857,0.22903014854531076,0.2040476839237057,0.2259247385075152,0.3114834754328909,0.02939366704755207,0.6891831985584953,0.44594745978729006,0.4507871583018371,0.45258963259207174,0.6829729058627054,0.7304513052650082,0.07191383932495386,1327.0,0.058748439834754335,0.16968188010899182,26.0,0.0,1,0,15,0.42300000000000004,0.39547058823529413,0.0,9,12,16,4,7,9,17,0,0,0,1,0.16194117647058823,0,0.0,0,0.0,0,0.0023529411764705885,1,0.0963529411764706,,,1996,2016,18,0.9706063329524478
Kevin Garnett,garneke01,83,240.0,1976-05-19,,1998,2014,1995-11-03T00:00:00Z,True,17,NBA,"MIN, BOS, BRK",PF,1220,1220.0,35.75573770491803,7.70327868852459,15.48032786885246,0.4976172826432278,0.130327868852459,0.4713114754098361,0.27652173913043476,7.572950819672132,15.009016393442623,0.5045601004860466,0.5018267499735254,3.710655737704918,4.674590163934426,0.793792740662809,2.2795081967213116,8.443442622950819,10.722950819672132,4.036885245901639,1.3065573770491803,1.4065573770491804,2.321311475409836,2.454098360655738,19.24754098360656,43622.0,9398,18886,159.0,575.0,9239.0,18311.0,4527,5703,2781.0,10301.0,13082.0,4925,1594.0,1716.0,2832.0,2994.0,23482,16.0,23.614047957452662,0.5487016642978314,0.029563385447709877,0.3009815460088946,7.5685342258493415,26.96693870065563,17.515920865618266,20.29607308238962,1.9294278116546697,2.930264545412865,11.679659346201458,25.628634633900333,93.99999999999999,82.80000000000001,176.8,0.1945850259043602,4.0305281738572285,2.2125899775342717,6.25176745678786,90.9,11.38001237907478,22.89450048140846,0.18523222227316494,0.6834349640089864,11.207042318096374,22.182836642061343,5.481779835862638,6.9185938288019795,3.3763972307551238,12.50809453945257,15.862610609325568,5.957037733253863,1.9294278116546697,2.07446013479437,3.4257072119572696,3.622215854385402,28.465648067488882,110.37591123744899,98.25494016780523,0.0,0.0,5.352528540644629,67.94087845582504,26.817844207051486,5.5240543762321765,11.185821374535784,1109.0,606.0,1223.0,472.0,2301.0,71.0,10776.0,484.0,599.0,11.397916189078906,0.2239892943927376,0.2025344092430425,0.22145142359359957,0.3223360001833937,0.029563385447709877,0.6912615423410204,0.44263518408142677,0.45118472330475445,0.45093948007885926,0.6823149557562698,0.6933743982394204,0.06964456008436111,1242.0,0.06645869056897896,0.17701808720370454,26.0,0.0,1,0,14,0.4199411764705882,0.3948823529411764,0.0,9,12,15,4,7,9,16,0,0,0,1,0.16194117647058826,0,0.0,0,0.0,0,0.00029411764705882356,1,0.0963529411764706,,,1996,2016,19,0.9704366145522901
Kevin Garnett,garneke01,83,240.0,1976-05-19,,1999,2015,1995-11-03T00:00:00Z,True,17,NBA,"MIN, BOS, BRK, MIN",PF,1185,1185.0,34.89620253164557,7.515611814345991,15.10464135021097,0.49756969663109674,0.13248945147679325,0.47763713080168774,0.2773851590106007,7.383122362869198,14.627004219409283,0.5047597069174408,0.5019554165037153,3.6438818565400846,4.570464135021097,0.7972673559822747,2.2,8.438818565400844,10.638818565400843,3.9274261603375527,1.2666666666666666,1.3358649789029535,2.2666666666666666,2.429535864978903,18.80759493670886,41352.0,8906,17899,157.0,566.0,8749.0,17333.0,4318,5416,2607.0,10000.0,12607.0,4654,1501.0,1583.0,2686.0,2879.0,22287,15.0,23.670768040239896,0.5491792899980654,0.030780760301799187,0.3008634890694525,7.499690462371833,27.6283033468756,17.81571145289224,20.29372460824144,1.92148142774231,2.866226542851616,11.686866415167344,25.692176920100604,89.10000000000001,80.1,169.1,0.19633473592571093,4.021573321725673,2.2609160379183595,6.2838218224027855,86.60000000000001,11.389536177210292,22.912785355000967,0.1977026504159412,0.7067856451924937,11.204768814083963,22.176221222673632,5.524869413813117,6.9406824337396005,3.3411007931901726,12.814894080092861,16.140704198104086,5.944406558328497,1.92148142774231,2.022056974269685,3.4297736506094023,3.6763856645385946,28.529979202940613,110.26726639582124,97.94841845618107,0.0,0.0,5.490520410137357,67.97129522151286,26.65554265815438,5.628784581156897,11.357513542271231,1057.0,564.0,1168.0,462.0,2182.0,77.0,10207.0,452.0,561.0,11.455888469723352,0.2235406026310698,0.20092034242600113,0.21640626813697036,0.32821965080286325,0.030780760301799187,0.6853788692203521,0.44232999613077956,0.45164108144708837,0.4531639098471658,0.6805880973108919,0.6765423195976011,0.06551313116656994,1114.0,0.06695161056297157,0.1477772054556007,25.0,0.0,1,0,13,0.4168823529411765,0.3912352941176471,0.0,9,12,14,4,7,9,15,0,0,0,1,0.16194117647058823,0,0.0,0,0.0,0,0.00029411764705882356,1,0.09582352941176472,,,1996,2016,20,0.9692192396982007
Kevin Garnett,garneke01,83,240.0,1976-05-19,,2000,2016,1995-11-03T00:00:00Z,True,17,NBA,"MIN, BOS, BRK, MIN",PF,1176,1176.0,34.12244897959184,7.267006802721088,14.552721088435375,0.4993572513731448,0.13010204081632654,0.47023809523809523,0.2766726943942134,7.136904761904762,14.08248299319728,0.5067930680514462,0.503827275914456,3.560374149659864,4.4481292517006805,0.8004205696807494,2.0884353741496597,8.343537414965986,10.431972789115646,3.8384353741496597,1.2338435374149659,1.284013605442177,2.182823129251701,2.378401360544218,18.224489795918366,40128.0,8546,17114,153.0,553.0,8393.0,16561.0,4187,5231,2456.0,9812.0,12268.0,4514,1451.0,1510.0,2567.0,2797.0,21432,15.0,23.569587320574165,0.5508651814194577,0.031134619218500796,0.30241813696172254,7.342513955342902,27.88172846889952,17.893553129984053,20.19513805821372,1.9127068381180226,2.8191836124401917,11.669001694577354,25.399264852472093,87.10000000000001,77.8,164.79999999999998,0.19712186004784688,3.962382874800638,2.297423245614035,6.261179226475279,83.8,11.259232954545457,22.571418959330146,0.19929724880382776,0.7119866427432219,11.077701355661882,21.833181319776717,5.5206638755980855,6.9081314792663475,3.245055821371611,12.948980761562998,16.178279505582136,5.93716856060606,1.9127068381180226,1.985309509569378,3.3777412280701755,3.6762036483253584,28.272061901913876,110.58871610845296,98.0881927830941,0.0,0.0,4.23853668261563,69.55325458532695,26.284788676236044,5.794614732854864,11.477649023125997,1001.0,546.0,1130.0,449.0,2099.0,81.0,9923.0,441.0,534.0,11.465896630781499,0.22397336024720887,0.19880308014354067,0.21304515550239234,0.33292122707336524,0.031134619218500796,0.6857176784290271,0.44607132177033487,0.45152287679425834,0.4538176335725677,0.6820903857655503,0.6528204246411483,0.06406526614832536,1043.0,0.08284945673843702,0.15228476375598085,22.0,0.0,1,0,13,0.4037058823529412,0.3780588235294117,0.0,9,12,13,4,7,8,14,0,0,0,1,0.16147058823529412,0,0.0,0,0.0,0,0.00029411764705882356,1,0.09535294117647058,,,1996,2016,21,0.9688653807814991
Jerry Stackhouse,stackje01,78,218.0,1974-11-05,UNC,1996,2012,1995-11-03T00:00:00Z,False,17,NBA,"PHI, DET, WAS, DAL, MIL, MIA, ATL",SG,933,564.0,31.809217577706324,5.702036441586281,13.944265809217578,0.4089162182936203,1.0267952840300107,3.3365487674169345,0.30774172823642787,4.67524115755627,10.607717041800644,0.44073961806608064,0.44573405073020755,4.961414790996785,6.040728831725616,0.8213271823988645,0.9871382636655949,2.264737406216506,3.251875669882101,3.435155412647374,0.9239013933547695,0.4640943193997856,2.804930332261522,1.9067524115755627,17.392282958199356,29678.0,5320,13010,958.0,3113.0,4362.0,9897.0,4629,5636,921.0,2113.0,3034.0,3205,862.0,433.0,2617.0,1779.0,16227,1.0,16.621810768919737,0.5234011725857538,0.24078448682525774,0.431055899993261,3.516267942583732,8.219677875867646,5.872073589864547,19.60047509940023,1.5197789608464183,1.0677774782667295,14.50229462901813,27.550849113821684,32.099999999999994,19.700000000000003,52.0,0.08407655502392344,1.6232596536154726,-1.2820978502594516,0.3301873441606577,17.599999999999998,9.386154727407506,22.94854100680639,1.6823236067120426,5.495161399016107,7.6885302244086535,17.461776400026956,8.157952018330075,9.927478266729564,1.6143742839814001,3.7305782060785764,5.361705640541816,5.672622818249208,1.5197789608464183,0.7761574230069411,4.615344699777612,3.131828290316059,28.611547274075072,102.9886447873846,108.2567895410742,1.433369166326871,59.598435704489006,38.14530896689773,0.5399414315898728,0.0,-0.4340326945175519,-2.1425584757385923,1005.0,753.0,541.0,259.0,1729.0,32.0,6567.0,289.0,743.0,13.99622641509434,0.27559469177447454,0.07866508507246915,0.1679416910701709,0.23969451755198873,0.23805960633131928,0.5776468843829929,0.3335178856062571,0.3415341216591911,0.3861037179819847,0.49508985432034697,0.8552506579678987,0.05644686214182451,626.0,0.3203429217481558,0.3565153649405049,14.0,0.0,0,0,2,0.0,0.011764705882352941,0.05464705882352942,0,0,0,0,0,0,3,1,1,1,0,0.00023529411764705883,0,0.018,0,0.04523529411764706,0,0.012529411764705883,0,0.0,,,1996,2013,17,0.7619403936686808
Jerry Stackhouse,stackje01,78,218.0,1974-11-05,UNC,1997,2013,1995-11-03T00:00:00Z,False,17,NBA,"PHI, DET, WAS, DAL, MIL, MIA, ATL, BRK",SG,898,493.0,30.646993318485524,5.494432071269488,13.464365256124722,0.40807211975849805,0.9966592427616926,3.2405345211581293,0.3075601374570447,4.497772828507795,10.223830734966592,0.4399302908179937,0.4450831196757919,4.7461024498886415,5.724944320712694,0.8290215911301303,0.9309576837416481,2.1893095768374167,3.1202672605790647,3.2984409799554566,0.8830734966592427,0.3986636971046771,2.6603563474387526,1.8162583518930957,16.73162583518931,27521.0,4934,12091,895.0,2910.0,4039.0,9181.0,4262,5141,836.0,1966.0,2802.0,2962,793.0,358.0,2389.0,1631.0,15025,1.0,16.64006758475346,0.5227816939791432,0.24357334399186076,0.4208712619454235,3.4504741833508956,8.228781657643255,5.8440499981832055,19.477544420624252,1.5055157879437522,0.9572253915192036,14.297936121507215,27.504382108208276,31.5,19.5,51.199999999999996,0.08933654300352459,1.6501580611169653,-1.2493441372043168,0.38897932487918324,16.7,9.398423022419243,23.024170633334545,1.6968206097162166,5.550198030594818,7.685102285527415,17.48302750626794,8.100803023145962,9.76959049453145,1.5839431706696703,3.7446277388176306,5.346637113476982,5.65643326913993,1.5055157879437522,0.6976817702845101,4.543617601104612,3.104879909886995,28.591373859961486,103.16427455397697,107.66898005159696,1.4050361542095127,58.558736964499836,39.150539587951016,0.6083354529268559,0.0,-0.4452200138076377,-2.1693906471421824,1016.0,762.0,556.0,261.0,1734.0,34.0,6652.0,290.0,747.0,14.093157952109298,0.27129355764688784,0.07837520438937538,0.16818004432978453,0.23851455252352746,0.24357334399186076,0.5780887322408342,0.33412041713600515,0.34498274045274513,0.3848563642309509,0.4951869118127975,0.8574595763235348,0.05556829330329566,628.0,0.32711612950110824,0.3571772464663348,14.0,0.0,0,0,2,0.0,0.011764705882352941,0.0,0,0,0,0,0,0,3,0,0,0,0,0.00023529411764705883,0,0.0,0,0.04523529411764707,0,0.012529411764705883,0,0.0,,,1996,2013,18,0.7564266560081393
Kurt Thomas,thomaku01,81,230.0,1972-10-04,TCU,1996,2012,1995-11-04T00:00:00Z,False,17,NBA,"MIA, DAL, NYK, PHO, SEA, SAS, MIL, CHI, POR",PF,1071,633.0,24.99346405228758,3.5396825396825395,7.293183940242764,0.48534118550761746,0.007469654528478058,0.028944911297852476,0.25806451612903225,3.5322128851540615,7.264239028944911,0.48624678663239074,0.4858532838304955,1.2007469654528478,1.5760971055088702,0.7618483412322274,1.7721755368814192,4.9869281045751634,6.759103641456583,1.1045751633986929,0.6666666666666666,0.7703081232492998,1.1512605042016806,3.2931839402427636,8.287581699346406,26768.0,3791,7811,8.0,31.0,3783.0,7780.0,1286,1688,1898.0,5341.0,7239.0,1183,714.0,825.0,1233.0,3527.0,8876,0.0,13.888325612671848,0.5188103705917514,0.00402077106993425,0.21376344889420204,8.354860280932456,23.01821204423192,15.748759713090257,7.398501942618052,1.4252577704722058,2.3213762701733414,12.723236700537957,16.968062612074117,21.8,41.3,63.300000000000004,0.11308405558876271,-1.7367491034070532,0.9913105200239091,-0.7626307531380754,8.4,7.517823520621638,15.509145248057383,0.0,0.0682904961147639,7.4953937537358035,15.446245517035267,2.557142857142857,3.3644762402869093,3.7762514943215777,10.580439330543934,14.333409294680218,2.3455170352659893,1.4252577704722058,1.62497758517633,2.4540384040645544,7.003732068141064,17.636315750149432,104.7284444112373,101.04946204423192,0.0,0.0,0.5210448771552583,51.000517660176,48.29900848166288,1.1423844224107036,1.0531039700553497,437.0,226.0,1656.0,306.0,633.0,121.0,2614.0,123.0,416.0,10.63355632540915,0.24711221279815238,0.18499163779715683,0.25754513598534623,0.30646665073866125,0.004022139927527575,0.612530561860391,0.4437626727193087,0.4401994982678294,0.42408867917015086,0.7914695575996495,0.5366543224624697,0.01042073826305101,71.0,0.1758535818102178,0.14146059809660336,0.0,0.0,0,0,0,0.011117647058823529,0.0,0.014705882352941176,0,0,5,0,0,0,0,0,0,1,0,0.0,0,0.0,0,0.0,0,0.0,0,0.0,,,1996,2013,17,0.9959778600724724
Kurt Thomas,thomaku01,81,230.0,1972-10-04,TCU,1997,2013,1995-11-04T00:00:00Z,False,17,NBA,"MIA, DAL, NYK, PHO, SEA, SAS, MIL, CHI, POR, NYK",PF,1036,608.0,24.618725868725868,3.4382239382239383,7.091698841698841,0.4848237375799646,0.008687258687258687,0.02895752895752896,0.3,3.4295366795366795,7.062741312741313,0.48558152248189146,0.4854362324758405,1.1332046332046333,1.47007722007722,0.7708470124753776,1.7374517374517375,4.912162162162162,6.649613899613899,1.1177606177606179,0.6534749034749034,0.777027027027027,1.1032818532818534,3.193050193050193,8.018339768339768,25505.0,3562,7347,9.0,30.0,3553.0,7317.0,1174,1523,1800.0,5089.0,6889.0,1158,677.0,805.0,1143.0,3308.0,8307,0.0,13.904481474220738,0.5183228778670849,0.0041447559302097625,0.20567296608508137,8.303614977455402,23.052409331503625,15.727265242109391,7.574483434620663,1.4200196039992161,2.379811801607528,12.604850029405997,16.693769849049204,21.6,38.8,60.6,0.1136210154871594,-1.6817055479317782,1.0130797882768086,-0.6851323269947069,8.5,7.419321701627132,15.32175651832974,0.0015369535385218586,0.06672025093118997,7.394244265830229,15.254205057831797,2.4494883356204666,3.188880611644776,3.760901783963929,10.585787100568513,14.320717506371302,2.4089041364438346,1.4200196039992161,1.6678808076847678,2.3913115075475395,6.901631052734759,17.336886884924528,105.05994902960204,101.0980199960792,0.0,0.0,0.6359929425602823,51.13883552244658,48.04850029405999,1.0618114095275435,0.8893707116251715,439.0,228.0,1681.0,310.0,640.0,126.0,2665.0,124.0,418.0,10.689907861203684,0.24554279553028818,0.18288613997255437,0.25765971378161145,0.3099022544599099,0.0041447559302097625,0.6146434032542638,0.4446270143109194,0.440426975102921,0.42560890021564396,0.7929224465791022,0.5437757302489707,0.010260576357576946,71.0,0.17315079396196822,0.13928641442854342,0.0,0.0,0,0,0,0.011117647058823529,0.0,0.0,0,0,5,0,0,0,0,0,0,0,0,0.0,0,0.0,0,0.0,0,0.0,0,0.0,,,1996,2013,18,0.9958552440697901
Ray Allen,allenra02,77,205.0,1975-07-20,UConn,1997,2013,1996-11-01T00:00:00Z,True,17,NBA,"MIL, SEA, BOS, MIA",SG,1227,1140.0,36.19233903830481,6.786471067644662,15.005704971475142,0.4522593960460569,2.328443357783211,5.802770986145069,0.40126404494382023,4.458027709861451,9.202933985330073,0.48441374424371236,0.5298446665218336,3.4987775061124693,3.915240423797881,0.8936303080766028,0.9837000814995925,3.145884270578647,4.12958435207824,3.4376528117359415,1.1385493072534638,0.19233903830480847,2.139364303178484,2.2355338223308885,19.400162999185003,44408.0,8327,18412,2857.0,7120.0,5470.0,11292.0,4293,4804,1207.0,3860.0,5067.0,4218,1397.0,236.0,2625.0,2743.0,23804,3.0,18.810806611421363,0.5815920104485678,0.38907780129706354,0.2596465276526752,3.31015132408575,10.237896324986488,6.817602684201046,16.73243109349667,1.6750945775535941,0.4160894433435417,11.34802738245361,24.100689065033325,109.10000000000001,31.9,141.1,0.1524050171140335,3.7709646910466583,-0.6985092776076383,3.0632363538101246,56.7,9.94156233111151,21.99378490362097,3.4178346243920017,8.501547018555215,6.518041794271303,13.480733201225002,5.12080255809764,5.7349666726715895,1.4395581877139254,4.611743379571248,6.05810664745091,5.035662493244461,1.6750945775535941,0.2857142857142857,3.1551297063592147,3.2955278328229145,28.434899117276167,114.22340569266798,108.2302062691407,2.004976580796253,86.3138848856062,11.690100882723833,0.0,0.0,3.8378422806701495,5.275626013330931,1258.0,834.0,1358.0,287.0,1633.0,76.0,9345.0,361.0,771.0,16.03398261574491,0.1908959872095118,0.09668140875517926,0.1484165916051162,0.1748489686542965,0.38907780129706354,0.6190748738965951,0.40707890470185554,0.4354518104845974,0.43311653305710673,0.44452967933705645,0.8384105116195282,0.01970656188074221,337.0,0.25942469825256714,0.4319194964871195,62.0,2.0,2,0,10,0.0,0.03552941176470588,0.03258823529411765,0,0,0,0,1,2,13,0,1,1,0,0.002235294117647059,0,0.0,0,0.0,0,0.0,0,0.0,,,1997,2014,17,0.6109221987029364
Ray Allen,allenra02,77,205.0,1975-07-20,UConn,1998,2014,1996-11-01T00:00:00Z,True,17,NBA,"MIL, SEA, BOS, MIA",SG,1218,1068.0,35.970443349753694,6.713464696223317,14.816912972085387,0.4530946971795866,2.3448275862068964,5.854679802955665,0.4005048380311317,4.3686371100164205,8.962233169129721,0.487449615243679,0.5322214218429656,3.442528735632184,3.834975369458128,0.8976664525797474,0.9302134646962233,3.1305418719211824,4.060755336617405,3.4080459770114944,1.1297208538587848,0.1921182266009852,2.1018062397372743,2.167487684729064,19.214285714285715,43812.0,8177,18047,2856.0,7131.0,5321.0,10916.0,4193,4671,1133.0,3813.0,4946.0,4151,1376.0,234.0,2560.0,2640.0,23403,3.0,18.788548799415686,0.5843094585958185,0.4005581804071944,0.25679994065552814,3.154259107093947,10.24520451017986,6.749851638820416,16.64723363462065,1.671697251894458,0.4220875559207523,11.310599835661463,23.93415959097964,108.30000000000001,31.9,140.29999999999998,0.15362444079247695,3.7981238016981647,-0.6957682826622843,3.0930110472016805,56.3,9.884353601752943,21.837359627499314,3.4612526248516393,8.624292431297361,6.421756596366293,13.201406007486533,5.070104081073678,5.64808728202319,1.3642906053136126,4.613601296448461,5.989208436044918,5.022215374783165,1.671697251894458,0.2868803067652698,3.114749383730484,3.211499132657719,28.31915913448371,114.38284031772118,108.16194193371679,2.032251437962202,84.40434127636264,13.572491554825161,0.0,0.0,4.154517027298457,5.163836391856113,1229.0,827.0,1311.0,279.0,1567.0,81.0,9251.0,351.0,725.0,16.177894184241758,0.1863223089564503,0.09511686295991967,0.1433572537204419,0.17475543230165252,0.4005581804071944,0.6275883547886424,0.40678727289327127,0.4400877385191272,0.4330501004291062,0.4509548525518123,0.8471421071852462,0.019015908883410936,322.0,0.27123290422715235,0.42825712133662003,62.0,2.0,2,0,10,0.0,0.03552941176470588,0.0,0,0,0,0,1,2,13,0,0,0,0,0.002235294117647059,0,0.0,0,0.0,0,0.0,0,0.0,,,1997,2014,18,0.5994418195928056
Marcus Camby,cambyma01,83,220.0,1974-03-22,UMass,1997,2013,1996-11-01T00:00:00Z,False,17,NBA,"TOR, NYK, DEN, LAC, POR, HOU, NYK",C,973,786.0,29.479958890030833,3.87153134635149,8.301130524152107,0.46638603441871984,0.018499486125385406,0.09044193216855087,0.20454545454545456,3.8530318602261047,8.210688591983557,0.46927024658905997,0.4675003095208617,1.7574511819116136,2.621788283658787,0.6703253626029009,2.683453237410072,7.093525179856115,9.776978417266188,1.8879753340184995,0.9938335046248715,2.3956834532374103,1.3997944501541624,2.761562178828366,9.51901336073998,28684.0,3767,8077,18.0,88.0,3749.0,7989.0,1710,2551,2611.0,6902.0,9513.0,1837,967.0,2331.0,1362.0,2687.0,9262,4.0,17.805686096778693,0.5021116650397434,0.010982498954120764,0.3124616162320457,10.505675637986334,27.85975108074188,19.167675359085205,10.109468693348209,1.7550760005578026,6.062065960117138,13.048047692093153,16.59905870868777,26.6,54.800000000000004,81.5,0.13670216845628225,-0.0077116162320457335,2.322754845907126,2.334583740064147,31.4,6.8493899037791115,14.671740343048388,0.02523706596011714,0.15332589596987867,6.81875610096221,14.519819411518617,3.1043926927904058,4.645858318226188,4.765325617068748,12.48766908380979,17.246004741319204,3.298037233300795,1.7550760005578026,4.205672151722214,2.4580776739645795,4.9048180170129685,16.838634778970857,106.46252266071677,98.46140705619858,0.0,0.0,0.5546994840329104,25.562961929995815,74.106191605076,0.45620206386835854,2.4593675916887463,736.0,279.0,1588.0,130.0,1135.0,125.0,3910.0,248.0,373.0,8.165918281969043,0.4659546088411658,0.1541835518058848,0.13867525449728071,0.2300637289081021,0.010982498954120764,0.6007619578859295,0.3527047831543718,0.3477076070283085,0.36283889973504396,0.6852175080184074,0.4866476084228141,0.1104125993585274,844.0,0.2272976572305118,0.14650725142936827,9.0,1.0,0,0,0,0.11870588235294116,0.012823529411764706,0.051470588235294115,2,4,7,0,0,0,6,1,1,1,0,5.882352941176471e-05,0,0.0,0,0.00047058823529411766,0,0.00011764705882352942,1,0.0782941176470588,,,1997,2013,17,0.9890175010458792
Derek Fisher,fishede01,73,200.0,1974-08-09,Little Rock,1997,2013,1996-11-01T00:00:00Z,False,17,NBA,"LAL, GSW, UTA, LAL, OKC, DAL",PG,1206,731.0,25.946102819237147,2.9676616915422884,7.436152570480929,0.399085637823372,0.9618573797678275,2.5804311774461026,0.37275064267352187,2.005804311774461,4.855721393034826,0.4130806010928962,0.4637600356824264,1.6334991708126037,1.9966832504145937,0.8181063122923588,0.3333333333333333,1.769485903814262,2.1028192371475956,3.057213930348259,1.0630182421227197,0.07877280265339967,1.1807628524046434,2.0953565505804312,8.530679933665008,31291.0,3579,8968,1160.0,3112.0,2419.0,5856.0,1970,2408,402.0,2134.0,2536.0,3687,1282.0,95.0,1424.0,2527.0,10288,0.0,11.753587293470966,0.5111980761241252,0.34284251062605864,0.2684907800965134,1.4503083953852547,7.600367517816625,4.56014828544949,17.694122910741108,2.1238183503243744,0.22474513438368862,12.478840561183727,16.31532069924259,30.7,28.299999999999997,59.199999999999996,0.09084340545204692,-1.366344955418491,0.4284203125499345,-0.9466076507622,8.3,5.909267840593142,14.81781342878144,1.91893835288102,5.148342974018088,4.001735323255888,9.68150906011313,3.2556070435588502,3.977952126809626,0.6578664791793168,3.5451567543383082,4.188805087724905,6.104534850276437,2.1238183503243744,0.1530695727205906,2.344185228979579,4.191409670512288,16.99577514301237,106.9386724617302,106.62586686267616,88.8256687226359,11.318238471125882,0.0,0.0,0.0,6.058480074142724,3.610638841839507,924.0,270.0,851.0,145.0,747.0,316.0,8082.0,146.0,373.0,17.237183215621105,0.16371509379693838,0.07341737240740148,0.07821779425393885,0.341902559841488,0.34284251062605864,0.45637125691093283,0.32869994567127925,0.36082403886101433,0.42038563804288775,0.4884337988559011,0.8691374516634176,0.0020437186411428206,13.0,0.3033534243073088,0.40135419130101313,12.0,0.0,5,0,0,0.00788235294117647,0.0,0.0052352941176470585,0,0,3,0,0,0,0,0,0,1,0,0.0,0,0.0,0,0.00029411764705882356,0,0.0,0,0.0,,,1997,2014,17,0.6571574893739414
Derek Fisher,fishede01,73,200.0,1974-08-09,Little Rock,1998,2014,1996-11-01T00:00:00Z,False,17,NBA,"LAL, GSW, UTA, LAL, OKC, DAL, OKC",PG,1207,728.0,26.344656172328087,2.995857497928749,7.512013256006628,0.39880886732105436,1.015741507870754,2.707539353769677,0.37515299877600977,1.980115990057995,4.804473902236951,0.41214002414209344,0.46641667585750524,1.612261806130903,1.9544324772162387,0.8249258160237388,0.32228666114333054,1.79950289975145,2.1217895608947805,3.053024026512013,1.0861640430820216,0.07705053852526926,1.1615575807787903,2.1516155758077877,8.619718309859154,31798.0,3616,9067,1226.0,3268.0,2390.0,5799.0,1946,2359,389.0,2172.0,2561.0,3685,1311.0,93.0,1402.0,2597.0,10404,0.0,11.701154160639033,0.5131663626643186,0.35776709226995407,0.25979127618089193,1.3823039184854393,7.597040694383294,4.529215673941757,17.35076105415435,2.1356091578086676,0.21855777092898926,12.245417950814517,16.125904144914774,32.1,29.0,61.199999999999996,0.0923985470784326,-1.3413988301151016,0.46968677275300336,-0.880256619913202,8.9,5.868702434115353,14.717428769104975,1.9899050254733004,5.308365305994086,3.887124976413611,9.42091012013334,3.1586860808855906,3.8269450908862197,0.6247908673501479,3.5450216994779544,4.155821120825209,5.994370715139317,2.1356091578086676,0.14643059311906412,2.2644002767469655,4.226756399773571,16.885750676143154,107.33505251902635,106.61588779168501,86.38320020127053,13.399144600289326,0.35926787848292346,0.0,0.0,6.241219573558085,3.69228567834455,909.0,274.0,873.0,139.0,733.0,358.0,8077.0,144.0,359.0,17.48036983458079,0.15259601232781936,0.07210016353229763,0.07661091892571861,0.3410196238757154,0.35776709226995407,0.45903324108434496,0.31976963959997484,0.36205560098119377,0.41842615887791684,0.49837071513931697,0.8660777092898926,0.001460815145606642,8.0,0.3090951317692937,0.3973003648028178,11.0,0.0,5,0,0,0.00788235294117647,0.0,0.0,0,0,3,0,0,0,0,0,0,0,0,0.0,0,0.0,0,0.00029411764705882356,0,0.0,0,0.0,,,1997,2014,18,0.6422329077300459
Steve Nash,nashst01,75,195.0,1974-02-07,Santa Clara,1997,2013,1996-11-01T00:00:00Z,True,17,NBA,"PHO, DAL, PHO, LAL",PG,1202,1043.0,31.41098169717138,5.228785357737105,10.647254575707155,0.49109235818096575,1.3951747088186357,3.2570715474209653,0.42835249042145596,3.8336106489184694,7.39018302828619,0.5187436676798379,0.5566104078762306,2.5274542429284526,2.7953410981697173,0.9041666666666667,0.5316139767054908,2.4742096505823628,3.0058236272878536,8.526622296173045,0.7420965058236273,0.08319467554076539,2.867720465890183,1.6339434276206324,14.380199667221298,37756.0,6285,12798,1677.0,3915.0,4608.0,8883.0,3038,3360,639.0,2974.0,3613.0,10249,892.0,100.0,3447.0,1964.0,17285,3.0,20.025948193664583,0.6038424886110817,0.30764326199809305,0.26109264752622097,1.9239644030087937,8.642501854009959,5.361735883038457,41.49130204470813,1.2057659709715014,0.1873688950100646,19.542697849348446,21.00368947981778,113.4,15.9,129.9,0.16484436910689693,4.397579192711093,-1.3341588091958896,3.0646996503866935,48.3,8.473389659921601,17.262533107320692,2.25600699226613,5.280445492107215,6.211521347600382,11.994437970123954,4.093118974467635,4.530212416569552,0.8634998410848608,3.9968720203411383,4.864357982837165,13.781669138679945,1.2057659709715014,0.13563936857717981,4.649761627291026,2.653501430236254,23.299947028286898,117.85578451107109,110.52833986651129,91.47565949782816,8.578027333403963,0.018116325881979024,0.0,0.0,6.450325776035597,7.05530246848183,2518.0,623.0,746.0,129.0,728.0,256.0,22934.0,172.0,435.0,15.167507151181267,0.19193622205742136,0.10817011865663737,0.15961415404174173,0.23270706642652822,0.30764326199809305,0.6400143818201081,0.4448980029664159,0.467877396970018,0.4873517586608751,0.1698092223752516,0.5349727460536073,7.103506727407565e-05,0.0,0.08735181163258819,0.44859301832821274,10.0,0.0,0,0,8,0.0,0.26382352941176473,0.0,0,0,0,3,5,7,11,0,0,0,2,0.1428235294117647,0,0.0,0,0.0,0,0.009999999999999998,0,0.0,,,1997,2014,17,0.692356738001907
Steve Nash,nashst01,75,195.0,1974-02-07,Santa Clara,1998,2014,1996-11-01T00:00:00Z,True,17,NBA,"PHO, DAL, PHO, LAL",PG,1152,1051.0,32.45225694444444,5.422743055555555,11.0390625,0.49123220885428953,1.4427083333333333,3.3715277777777777,0.4279093717816684,3.9800347222222223,7.667534722222222,0.5190761915543983,0.556577809231737,2.6197916666666665,2.8932291666666665,0.9054905490549054,0.5442708333333334,2.5625,3.1067708333333335,8.8515625,0.7630208333333334,0.08854166666666667,2.9644097222222223,1.640625,14.90798611111111,37385.0,6247,12717,1662.0,3884.0,4585.0,8833.0,3018,3333,627.0,2952.0,3579.0,10197,879.0,102.0,3415.0,1890.0,17174,3.0,20.12922562525077,0.6040589808746823,0.30708621104721145,0.26049444964557983,1.903549551959342,8.653064063126923,5.357169987963088,41.70072221479203,1.19949712451518,0.19341447104453657,19.485595827203422,21.0574989969239,113.1,15.600000000000001,129.29999999999998,0.16576265882038252,4.4669279122642775,-1.3465293566938612,3.121690517587268,48.4,8.501904507155276,17.314570014711784,2.2573385047478935,5.288811020462752,6.24047612678882,12.040061522000803,4.103656546743347,4.536621639695065,0.8551370870670054,4.005151798849806,4.864314564664973,13.840345058178412,1.19949712451518,0.1394971245151799,4.650100307610004,2.5770335696134814,23.37155276180286,117.97809281797512,110.53048013909321,91.37373278052695,8.698782934331952,0.0,0.0,0.0,6.607093754179482,7.319692389995988,2500.0,617.0,725.0,126.0,729.0,258.0,22831.0,173.0,425.0,15.158563595024743,0.19074048415139763,0.10838175738932727,0.1605030359769961,0.23334174134010965,0.30708621104721145,0.6440825464758593,0.4449549551959342,0.46855193259328604,0.48514706433061394,0.16731255851277252,0.5322350942891534,7.17400026748696e-05,0.0,0.0858950648655878,0.442597672863448,10.0,0.0,0,0,8,0.0,0.26382352941176473,0.0,0,0,0,3,5,7,11,0,0,0,2,0.1428235294117647,0,0.0,0,0.0,0,0.009999999999999998,0,0.0,,,1997,2014,18,0.6929137889527887
Kobe Bryant,bryanko01,78,212.0,1978-08-23,,1997,2013,1996-11-03T00:00:00Z,True,17,NBA,LAL,SG,1239,1091.0,36.634382566585955,8.897497982243745,19.613397901533496,0.4536438829677791,1.321226795803067,3.937853107344633,0.3355195736831318,7.576271186440678,15.675544794188863,0.4833178869323448,0.48732562445989874,6.401937046004843,7.641646489104116,0.8377693282636248,1.1541565778853915,4.1525423728813555,5.306698950766747,4.751412429378531,1.4753833736884585,0.4995964487489911,3.0016142050040355,2.553672316384181,25.5181598062954,45390.0,11024,24301,1637.0,4879.0,9387.0,19422.0,7932,9468,1430.0,5145.0,6575.0,5887,1828.0,619.0,3719.0,3164.0,31617,19.0,23.427805684071384,0.5550739369905265,0.20020081515752366,0.3920628772857458,3.6041859440405375,12.597492839832562,8.149153998678122,24.231449658515093,2.096089447014761,0.9842916942057722,11.66686274509804,31.75833884115444,124.1,49.4,173.20000000000002,0.18326589557171183,4.865267680105751,0.07580964970257764,4.958671513549239,79.3,12.610616875963869,27.7707226261291,1.866049790702798,5.56861643533818,10.731956378056841,22.194386428728794,9.07299845781009,10.825058382903723,1.6337695527649263,5.870896673276052,7.5016259087904835,6.723320114562679,2.096089447014761,0.7012293456708526,4.236633619740031,3.6251861643533823,36.12012778144966,111.3118087684512,104.98457810090328,1.008019387530293,82.37351839612249,16.369266358228685,0.18788279356686494,0.0,5.463859881031064,5.586719541749283,1622.0,1167.0,1065.0,449.0,3610.0,84.0,13366.0,814.0,1089.0,13.776314166115883,0.23196071821987221,0.12779374311522362,0.1710055518836748,0.2690684732319894,0.20020081515752366,0.6410701916721745,0.44086303150473677,0.42831676580744654,0.40244677241683185,0.359660916501432,0.6725746199603437,0.04495505617977528,988.0,0.09284749944921789,0.33394941617096274,52.0,1.0,5,2,15,0.4209411764705882,0.7089411764705881,0.01576470588235294,9,12,14,11,13,15,16,0,1,1,1,0.2471764705882353,0,0.0,0,0.015705882352941177,0,0.0021176470588235292,0,0.015411764705882354,,,1997,2016,17,0.7997991848424763
Kobe Bryant,bryanko01,78,212.0,1978-08-23,,1998,2014,1996-11-03T00:00:00Z,True,17,NBA,LAL,SG,1174,1091.0,37.873935264054516,9.266609880749574,20.402044293015333,0.4542000668002672,1.3534923339011926,4.0536626916524705,0.33389367514183654,7.913117546848381,16.348381601362863,0.48403063616943676,0.4873705744822979,6.65587734241908,7.941226575809199,0.838142228896278,1.1797274275979557,4.330494037478705,5.510221465076661,4.969335604770017,1.5212947189097104,0.5085178875638842,3.1013628620102214,2.6158432708688246,26.54258943781942,44464.0,10879,23952,1589.0,4759.0,9290.0,19193.0,7814,9323,1385.0,5084.0,6469.0,5834,1786.0,597.0,3641.0,3071.0,31161,19.0,23.601088521050738,0.5551493118028068,0.1972542281396186,0.3916253823317739,3.56247076286434,12.701749730118747,8.181232007916517,24.531492893127027,2.0902505397625046,0.9666921554516013,11.567150953580425,31.921257646635475,123.1,48.199999999999996,170.99999999999997,0.18473670834832673,4.959211946743433,0.06654821878373517,5.044118837711407,78.7,12.698704569989204,27.927991183879094,1.8485606333213385,5.5408600215904995,10.83727060093559,22.37925062972292,9.120214105793451,10.877615599136378,1.615210057574667,5.917728949262325,7.5298353724361275,6.7980703490464185,2.0902505397625046,0.6897400143936667,4.230411119107593,3.5890833033465275,36.32559148974452,111.45888808924073,105.00814141777617,1.136492443324937,83.56375944584383,15.169395465994961,0.0677626844188557,0.0,5.4972629543001075,5.767719953220583,1606.0,1153.0,1029.0,442.0,3558.0,84.0,13251.0,808.0,1070.0,13.762038952860742,0.22838993342929115,0.1287121941345808,0.17297024559193955,0.2727281171284635,0.1972542281396186,0.6453257691615689,0.44245906801007556,0.43245499730118747,0.4005236820798848,0.3580252563871896,0.6702596707448724,0.04488033015473191,972.0,0.09364148524649155,0.33264359931630083,52.0,1.0,5,2,16,0.42094117647058826,0.7089411764705882,0.0,9,12,14,11,13,15,16,0,0,0,1,0.2471764705882353,0,0.0,0,0.015705882352941177,0,0.0021176470588235292,0,0.015411764705882354,,,1997,2016,18,0.8027457718603814
Kobe Bryant,bryanko01,78,212.0,1978-08-23,,1999,2015,1996-11-03T00:00:00Z,True,17,NBA,LAL,SG,1130,1125.0,38.597345132743364,9.516814159292036,21.019469026548673,0.45276187268440554,1.3876106194690265,4.179646017699115,0.3319923777260216,8.129203539823008,16.839823008849557,0.48273687529560144,0.48576961940047153,6.767256637168142,8.05929203539823,0.8396837597452509,1.1787610619469027,4.5079646017699115,5.686725663716814,5.161061946902655,1.556637168141593,0.49911504424778763,3.1964601769911503,2.615929203539823,27.18849557522124,43615.0,10754,23752,1568.0,4723.0,9186.0,19029.0,7647,9107,1332.0,5094.0,6426.0,5832,1759.0,564.0,3612.0,2956.0,30723,21.0,23.67547861974091,0.5533236271924796,0.19687313997477934,0.38498546371661124,3.4833383010432195,12.995503840421874,8.276482861400893,25.082233176659404,2.10143528602545,0.9380648859337384,11.581380259085178,32.226250143299325,118.19999999999999,47.0,164.89999999999998,0.18156925369712254,5.0073873667316295,0.058509687034277176,5.084613091826206,77.60000000000001,12.796641063854176,28.2325988765333,1.8586289120715351,5.6053055141579735,10.924888226527571,22.619259429095493,9.098468416829071,10.834238220795598,1.5828132523214489,6.04166915052161,7.626032328327409,6.924395276854292,2.10143528602545,0.6643287859681302,4.278353777370171,3.52430585807635,36.515657457296804,111.09985096870342,105.0995299782185,1.2139630860942336,85.6263670755474,13.02677977759945,0.06908173793419695,0.0,4.917814971913333,5.8288203599679,1608.0,1154.0,982.0,435.0,3498.0,89.0,13241.0,793.0,1041.0,13.804757537544424,0.22165608162329475,0.12828233405938325,0.1738202911842256,0.2794239367190187,0.19687313997477934,0.6438806373953915,0.44626756849707666,0.4332164622262982,0.4038592227444686,0.35180495242462456,0.6571352745615041,0.04211810157056059,910.0,0.09595772096755703,0.3393670755474034,50.0,1.0,5,2,16,0.42094117647058826,0.7088235294117646,0.0,9,12,14,11,13,15,15,0,0,0,1,0.2471764705882353,0,0.0,0,0.0,0,0.0005882352941176471,0,0.015411764705882354,,,1997,2016,19,0.8031268600252206
Kobe Bryant,bryanko01,78,212.0,1978-08-23,,2000,2016,1996-11-03T00:00:00Z,True,17,NBA,LAL,SG,1146,1141.0,38.02966841186736,9.415357766143106,21.017452006980804,0.44797807855185584,1.4607329842931938,4.440663176265271,0.32894478286500295,7.954624781849913,16.576788830715532,0.4798652418802969,0.4827285560076393,6.661431064572426,7.93717277486911,0.8392700087950747,1.1518324607329844,4.440663176265271,5.592495636998255,5.0837696335078535,1.5261780104712042,0.4598603839441536,3.1273996509598603,2.5462478184991273,26.952879581151834,43582.0,10790,24086,1674.0,5089.0,9116.0,18997.0,7634,9096,1320.0,5089.0,6409.0,5826,1749.0,527.0,3584.0,2918.0,30888,21.0,23.508106557753198,0.5499071405626176,0.20932040750768663,0.37973514294892385,3.4407301179385983,12.978628791702999,8.233869487403055,25.156369602129324,2.0886879904547753,0.8774907071726861,11.35245973108164,32.526448992703415,113.6,46.0,159.29999999999998,0.175623720802166,4.958292414299482,-0.039688403469322196,4.928709100087192,75.9,12.82868156578404,28.6010463035198,1.9834725345326052,6.026350328117113,10.832075168647608,22.56665595888211,9.078835298976642,10.814935064935066,1.5657771557064843,6.033302739663164,7.600630994447248,6.917151576338855,2.0886879904547753,0.6210247349823321,4.244139782479006,3.4767725207654534,36.684922674498644,110.63349547978524,105.4850855857923,1.1713780918727916,82.73140287274563,15.921481345509614,0.11188105181038044,0.0,4.137072644669819,5.514372906245698,1620.0,1152.0,965.0,423.0,3500.0,91.0,13244.0,776.0,1039.0,13.984828598962876,0.21492333991097243,0.12682309210224404,0.17151518975723923,0.2775165435271442,0.20932040750768663,0.6397911523105869,0.44434642742416586,0.43405986416410447,0.4012750217979901,0.3492127254371071,0.6565868248359414,0.03914517461337249,862.0,0.09967633426644028,0.3316364783626268,50.0,1.0,5,2,17,0.4209411764705882,0.7013529411764706,0.0,9,12,14,11,13,14,14,0,0,0,1,0.2471764705882353,0,0.0,0,0.0,0,0.0005882352941176471,0,0.015411764705882354,,,1997,2016,20,0.7906795924923133
Jermaine O'Neal,onealje01,83,226.0,1978-10-13,,1997,2013,1996-12-05T00:00:00Z,False,17,NBA,"POR, IND, TOR, MIA, BOS, PHO",C,967,684.0,27.384694932781798,5.190279214064116,11.144777662874871,0.4657140205994247,0.014477766287487074,0.09824198552223372,0.14736842105263157,5.175801447776629,11.046535677352637,0.46854521625163825,0.46636355200890783,3.0072388831437435,4.2150982419855225,0.7134445534838076,1.9710444674250258,5.287487073422958,7.258531540847984,1.3898655635987591,0.47156153050672184,1.8407445708376422,1.8821096173733196,2.889348500517063,13.402275077559462,26481.0,5019,10777,14.0,95.0,5005.0,10682.0,2908,4076,1906.0,5113.0,7019.0,1344,456.0,1780.0,1820.0,2794.0,12960,1.0,17.985600996941205,0.5150927457422303,0.008413352970054001,0.3773681885125184,8.430376496355878,22.004067066953663,15.279366338129224,9.624530795664816,0.9249348589554774,5.034152788791964,12.840557380763565,25.01773346927986,18.499999999999996,44.699999999999996,63.400000000000006,0.11468834258524982,-0.4831048676409501,0.7785128960386694,0.31665722593557644,15.599999999999998,10.060454665609303,21.57510290396888,0.017620180506778445,0.19589894641441036,10.021490880253767,21.38796495600619,5.815607416638346,8.177387560892715,3.8111551678561986,10.236928363732487,14.047785204486237,2.686854726029984,0.9249348589554774,3.5562818624674293,3.6467165137268225,5.604520222045996,25.961315660284733,101.3987764812507,99.88195309844794,0.0,0.0,0.19376156489558552,45.63694724519467,54.284354820437294,1.4465352516898908,1.2287564669007967,408.0,538.0,1565.0,404.0,1830.0,229.0,3043.0,387.0,1056.0,8.224791359842907,0.30386231637778033,0.3182623767984593,0.2400192968543484,0.12956459348211927,0.008413352970054001,0.6400376118726634,0.41302571655148973,0.3736645141799781,0.37583931875684456,0.6222796722178165,0.3570707299573279,0.09872285789811563,916.0,0.16670877232732903,0.07054688267059402,7.0,0.0,0,0,6,0.022117647058823527,0.0648235294117647,0.0,0,0,5,0,1,3,7,0,0,0,0,0.024999999999999998,0,0.0,0,0.0,1,0.02476470588235294,0,0.001,,,1997,2014,17,0.9915866470299459
Jermaine O'Neal,onealje01,83,226.0,1978-10-13,,1998,2014,1996-12-05T00:00:00Z,False,17,NBA,"POR, IND, TOR, MIA, BOS, PHO, GSW",C,966,697.0,27.853002070393376,5.253623188405797,11.254658385093167,0.4667954378219279,0.014492753623188406,0.09730848861283643,0.14893617021276595,5.239130434782608,11.157349896480332,0.4695676377806643,0.467439293598234,3.0641821946169774,4.27536231884058,0.7167070217917676,2.020703933747412,5.367494824016563,7.388198757763975,1.4089026915113871,0.484472049689441,1.8571428571428572,1.9099378881987579,2.950310559006211,13.58592132505176,26906.0,5075,10872,14.0,94.0,5061.0,10778.0,2960,4130,1952.0,5185.0,7137.0,1361,468.0,1794.0,1845.0,2850.0,13124,1.0,17.970415520701703,0.5172537352263435,0.008161302311752026,0.3801852003270646,8.471333531554299,21.9190440793875,15.257931316434997,9.560975247156769,0.9331747565598753,4.991317921653164,12.899111722292426,24.8475507321787,19.7,45.4,65.3,0.11618724448078496,-0.48542704229539885,0.7880993087043782,0.32528803984241433,15.9,9.998372110309969,21.39416858693228,0.017341856834906712,0.19110235635174314,9.960023786516018,21.21168884263733,5.815606184494164,8.141154389355535,3.8318813647513563,10.200490596892887,14.032078346837135,2.6750390247528433,0.9331747565598753,3.524522411358061,3.6315171337248193,5.616119081245818,25.835178027205824,101.73767932803092,99.91540920240838,0.0,0.0,0.190700958893927,44.96684754329889,54.95569761391511,1.4691407121088236,1.1513937411729724,415.0,545.0,1585.0,417.0,1856.0,237.0,3084.0,396.0,1062.0,8.155849996283358,0.3040448598825541,0.3221500780495057,0.23747773730766372,0.12826901062959936,0.008161302311752026,0.6421873559800788,0.4142998216011299,0.3749872890805025,0.37293915855199583,0.6217673381401918,0.351430535939939,0.09775682004013976,920.0,0.16407548502192817,0.06943254292722813,7.0,0.0,0,0,6,0.022117647058823527,0.0648235294117647,0.0,0,0,5,0,1,3,7,0,0,0,0,0.024999999999999998,0,0.0,0,0.0,1,0.02476470588235294,0,0.001,,,1997,2014,18,0.9918386976882482
Chauncey Billups,billuch01,75,202.0,1976-09-25,Colorado,1998,2014,1997-10-31T00:00:00Z,True,17,NBA,"BOS, TOR, DEN, MIN, DET, DEN, NYK, LAC, DET",PG,1043,937.0,31.64717162032598,4.542665388302972,10.9424736337488,0.4151406291071585,1.7545541706615533,4.530201342281879,0.3873015873015873,2.788111217641419,6.412272291466922,0.43480861244019137,0.49531236309471655,4.310642377756472,4.821668264621285,0.894014714655001,0.46021093000958774,2.408437200383509,2.8686481303930966,5.4036433365292424,1.0076701821668264,0.1610738255033557,2.049856184084372,2.0795781399808244,15.150527325023969,33008.0,4738,11413,1830.0,4725.0,2908.0,6688.0,4496,5029,480.0,2512.0,2992.0,5636,1051.0,168.0,2138.0,2169.0,15802,2.0,18.821049442559378,0.5785605913717886,0.4145286900145419,0.43874448618516726,1.6843856034900628,8.890138754241395,5.287187954435288,28.12734791565681,1.6974491032476973,0.3755180562287931,13.601239093553076,21.931486306349974,92.39999999999999,28.400000000000002,120.7,0.17557355792535143,3.481477217644207,-0.25974915172079494,3.224730368395541,43.7,7.6607640571982545,18.40769510421716,2.9658143480368393,7.62430622879302,4.695873727581192,10.805501696558412,7.258903902084343,8.112054653417353,0.7716795928259815,4.0674927290353855,4.831559015996122,9.1081131846825,1.6974491032476973,0.2881755937954435,3.435136936500242,3.480559258361609,25.522676320891904,117.35757998061077,107.0304471643238,79.68601551139118,20.02035870092099,0.364123848763936,0.0,0.0,4.050284779447407,2.4846067619970915,1186.0,546.0,825.0,260.0,1652.0,57.0,12355.0,258.0,633.0,16.884573436742606,0.20028120455647114,0.061526114881240906,0.10408110155113912,0.21957776902569073,0.4145286900145419,0.510829404992729,0.3461249091129423,0.38491529326223944,0.4118805744062045,0.28625669534658266,0.6061682622394573,0.0022442135239941832,24.0,0.15322203708191953,0.3944983943286476,16.0,0.0,1,1,5,0.07758823529411764,0.06294117647058824,0.0,0,2,8,0,1,3,7,0,0,0,0,0.022058823529411766,0,0.0,0,0.0,0,0.004176470588235294,0,0.00011764705882352942,,,1998,2014,17,0.5854713099854582
Tim Duncan,duncati01,83,250.0,1976-04-25,Wake Forest,1998,2014,1997-10-31T00:00:00Z,True,17,NBA,SAS,PF,1254,1252.0,34.77272727272727,7.696172248803828,15.210526315789474,0.505976722239698,0.022328548644338118,0.12679425837320574,0.1761006289308176,7.673843700159489,15.083732057416269,0.5087496695744118,0.5067107056726434,4.444976076555024,6.4003189792663475,0.6944928980812359,2.850079744816587,8.26634768740032,11.116427432216906,3.055821371610845,0.7296650717703349,2.225677830940989,2.5199362041467306,2.4035087719298245,19.859649122807017,43605.0,9651,19074,28.0,159.0,9623.0,18915.0,5574,8026,3574.0,10366.0,13940.0,3832,915.0,2791.0,3160.0,3014.0,24904,3.0,24.55694071780759,0.5509038413026028,0.008338080495356037,0.4200977869510378,9.810021786492374,26.635617475060197,18.500227038183695,16.436656346749224,1.110253411306043,4.575300997592019,12.275514275885794,27.57062492833391,93.5,98.1,191.5,0.21095587661965376,3.454830868019722,2.276550854259833,5.746818025455796,85.2,11.782729044834307,23.267228528838437,0.019626189657149413,0.2045407636738906,11.742846003898634,23.08782249742002,6.802990482742805,9.80895310170852,4.35384703589038,12.654186446508426,17.017729618163052,4.669177846577228,1.110253411306043,3.40834078660704,3.857702098383213,3.700222451553721,30.414606123151017,109.52840270611168,95.46746932691205,0.0,0.0,0.5878224974200207,39.40921912624699,60.00295837633299,9.664905400756792,8.482031877078317,1251.0,1010.0,1690.0,397.0,3632.0,56.0,8560.0,798.0,1379.0,8.081697053090242,0.3079190001146658,0.33873239307418873,0.2026510491916065,0.14215963765623207,0.008338080495356037,0.687561908038069,0.44586435041853,0.4056043802316248,0.41324935213851627,0.539966448801743,0.5133206054351566,0.062377135649581465,1099.0,0.13818394679509233,0.38481825478729503,14.0,0.0,5,3,14,0.4729411764705883,0.6377058823529411,0.058823529411764705,8,14,17,10,13,14,17,1,1,1,2,0.25158823529411767,1,0.974,0,0.0,0,0.0,0,0.059176470588235296,,,1998,2016,17,0.9916619195046441
Tim Duncan,duncati01,83,250.0,1976-04-25,Wake Forest,1999,2015,1997-10-31T00:00:00Z,True,17,NBA,SAS,C,1249,1247.0,34.12970376301041,7.497197758206565,14.896717373899119,0.5032785123078577,0.02401921537229784,0.12489991993594876,0.19230769230769232,7.473178542834267,14.77181745396317,0.5059078590785908,0.5040847038589702,4.391513210568455,6.289031224979984,0.6982813494589434,2.77822257806245,8.164131305044036,10.942353883106485,3.0728582866293035,0.7389911929543634,2.190552441953563,2.411529223378703,2.341873498799039,19.40992794235388,42628.0,9364,18606,30.0,156.0,9334.0,18450.0,5485,7855,3470.0,10197.0,13667.0,3838,923.0,2736.0,3012.0,2925.0,24243,4.0,24.60179224922586,0.5494176128366333,0.008398071689969035,0.4213926057990053,9.705395514685183,26.85211128835507,18.536532326170594,16.661330580838886,1.1411935816834007,4.608372431265835,12.008954208501455,27.408100309655627,92.80000000000001,95.60000000000001,188.29999999999998,0.21217397016045791,3.466266303837853,2.3246833067467394,5.799223515060524,83.9,11.65236698883363,23.14412827249695,0.02007600638078259,0.20464483438115794,11.611569860185794,22.970418504269496,6.829921647743268,9.788362109411654,4.311635544712395,12.69236886553439,17.00640658721967,4.767462700572394,1.1411935816834007,3.4062400300272127,3.7495847799568365,3.6603546964436524,30.194611522942665,109.82464577273154,95.5826686684808,0.0,0.0,0.0,34.29949798254668,65.70050201745332,9.6455967908417,7.733607018860842,1192.0,991.0,1630.0,395.0,3583.0,61.0,8582.0,775.0,1351.0,8.071199680960872,0.30548702730599603,0.3375034484376466,0.20029954490006566,0.14805524537862438,0.008398071689969035,0.6892795814957305,0.4414917425166556,0.4007165243501924,0.4064439804823122,0.5478064652341185,0.5773281645866567,0.05776517781739702,992.0,0.1487762268931219,0.44588064183165993,15.0,0.0,5,3,14,0.4662352941176471,0.6154117647058823,0.0,8,14,17,9,12,14,17,0,0,0,2,0.2441176470588235,0,0.0,0,0.0,0,0.0,0,0.05829411764705883,,,1998,2016,18,0.9916019283100311
Tim Duncan,duncati01,83,250.0,1976-04-25,Wake Forest,2000,2016,1997-10-31T00:00:00Z,True,17,NBA,SAS,C,1260,1257.0,33.49285714285714,7.270634920634921,14.446031746031746,0.5032963410614218,0.023015873015873017,0.11984126984126985,0.19205298013245034,7.247619047619048,14.326190476190476,0.5058999501412664,0.5040929568179321,4.23015873015873,6.053968253968254,0.6987414787624541,2.719047619047619,8.02936507936508,10.748412698412698,3.0793650793650795,0.7341269841269841,2.1333333333333333,2.346031746031746,2.3039682539682538,18.794444444444444,42201.0,9161,18202,29.0,151.0,9132.0,18051.0,5330,7628,3426.0,10117.0,13543.0,3880,925.0,2688.0,2956.0,2903.0,23681,4.0,24.386673301580533,0.5488476339423237,0.008292907751001161,0.4167437738442216,9.67269259022298,26.957418070661834,18.57008127769484,16.823954408663305,1.1551574607236794,4.592282173408213,12.096594867420203,27.060792398284402,90.4,94.5,184.8,0.21034575010070855,3.372107296035639,2.377308594583067,5.757773512476008,82.7,11.497400535532334,22.829534845145847,0.020279140304732116,0.20105210776995808,11.456190611596881,22.659730812066062,6.695554607710717,9.587047700291462,4.288903106561455,12.694526196061704,16.985855785407928,4.8587450534347525,1.1551574607236794,3.372533826212649,3.7106537759768723,3.659545982322694,29.742626951967964,109.8997417122817,95.81102343546361,0.0,0.0,0.0,30.96170706855288,69.03829293144712,9.756050804483307,7.758441743086657,1177.0,975.0,1609.0,389.0,3497.0,65.0,8674.0,770.0,1326.0,8.052105400345962,0.30623001824601315,0.33839191014430936,0.1952957749816355,0.15160292410132462,0.008292907751001161,0.6895575697258358,0.44188289377028983,0.4025501054477382,0.39769626312172696,0.5501496646998887,0.5366542262031706,0.053912419136987286,908.0,0.1436298665908391,0.4038766853866022,14.0,0.0,4,2,14,0.43517647058823533,0.5582941176470589,0.0,7,13,17,8,11,13,17,0,0,0,2,0.20723529411764705,0,0.0,0,0.0,0,0.0,0,0.057294117647058836,,,1998,2016,19,0.9917070922489988
Vince Carter,cartevi01,78,220.0,1977-01-26,UNC,1999,2015,1999-02-05T00:00:00Z,True,17,NBA,"TOR, NJN, ORL, PHO, DAL, MEM",SG,1214,951.0,33.22158154859967,7.042833607907743,16.022240527182866,0.43956608914708756,1.5469522240527183,4.135090609555189,0.3741035856573705,5.495881383855025,11.887149917627678,0.462338022313076,0.4878412420955221,3.785831960461285,4.737232289950577,0.7991653625456442,1.255354200988468,3.4950576606260295,4.750411861614498,3.559308072487644,1.0897858319604612,0.6243822075782537,1.9670510708401976,2.8039538714991763,19.418451400329488,40331.0,8550,19451,1878.0,5020.0,6672.0,14431.0,4596,5751,1524.0,4243.0,5767.0,4321,1323.0,758.0,2388.0,3404.0,23574,5.0,19.76192259056309,0.5355220054052714,0.26690295306340034,0.29268118816791056,4.305730083558553,12.235364855818105,8.253130346383674,20.79199623118693,1.7265403783689968,1.4277925169224666,9.830041407354145,27.83458877786318,76.80000000000001,39.7,116.69999999999999,0.1388351640177531,3.5170315638094762,0.017224963427636315,3.5318638268329567,56.1,11.224651012868511,25.508482308893903,2.4446579554189087,6.531940690783765,8.75478416106717,18.956147876323428,6.0340284148669765,7.5453001413304905,1.9940839552701397,5.55215343036374,7.551129404180408,5.664255783392428,1.7265403783689968,1.0072723215392625,3.1441323051746797,4.451236021918624,30.911246931640672,108.53219607745902,105.85014009074905,0.2925045250551685,59.66244328184275,38.685403287793505,1.3010091492896283,0.0,2.4621060722521135,8.783089930822443,1130.0,596.0,1700.0,369.0,2139.0,140.0,9804.0,437.0,719.0,14.130948897870127,0.24167134462324266,0.12684156108204608,0.12293171505789591,0.24148525947782104,0.26690295306340034,0.5850796161761425,0.41092774788624137,0.3852704123379039,0.40130539783293245,0.40441672658748856,0.8137159753043565,0.04872827353648559,888.0,0.17043683518881259,0.4096021918623391,41.0,0.0,0,0,8,0.004,0.06082352941176471,0.058823529411764705,0,0,3,0,1,2,9,1,1,1,0,0.003,1,0.958,0,0.0012352941176470586,0,0.0005882352941176471,0,0.0,,,1999,2020,17,0.7330970469365996
Vince Carter,cartevi01,78,220.0,1977-01-26,UNC,2000,2016,1999-02-05T00:00:00Z,True,17,NBA,"TOR, NJN, ORL, PHO, DAL, MEM",SG,1224,905.0,32.333333333333336,6.812091503267974,15.545751633986928,0.4381963422324995,1.5669934640522876,4.185457516339869,0.3743900058559438,5.245098039215686,11.360294117647058,0.4617044228694714,0.48859575362623503,3.645424836601307,4.548202614379085,0.8015088916831328,1.1936274509803921,3.406045751633987,4.599673202614379,3.454248366013072,1.0669934640522876,0.5694444444444444,1.8897058823529411,2.7491830065359477,18.836601307189543,39576.0,8338,19028,1918.0,5123.0,6420.0,13905.0,4462,5567,1461.0,4169.0,5630.0,4228,1306.0,697.0,2313.0,3365.0,23056,5.0,19.589791793005862,0.5359960076814231,0.280689508793208,0.28892131594906006,4.20293612290277,12.253802809783707,8.20776480695371,20.649749848392965,1.732125530624621,1.3463664847382253,9.737249848392967,27.696919850414393,74.2,39.099999999999994,113.5,0.13756875379017589,3.4361077420658983,0.020105619567414613,3.4493278754800882,54.3,11.140069739235901,25.396972912876493,2.54079492621791,6.78853850818678,8.573585001010715,18.587651607034566,5.960390135435619,7.433772993733576,1.943789165150596,5.549964625025268,7.498739134829189,5.641388720436629,1.732125530624621,0.9400722660198099,3.098620375985446,4.476975945017182,30.76426369516879,108.56142611683849,105.98701233070548,0.3742672326662624,60.831337174044876,37.40249140893471,1.3321457448958964,0.0,2.378251970891449,8.4601980998585,1100.0,574.0,1695.0,361.0,2046.0,148.0,9599.0,413.0,694.0,14.30937436830402,0.24006473620375984,0.12161693955932888,0.11765827774408731,0.23980018192844144,0.280689508793208,0.5830998837679402,0.4055026278552658,0.3867753436426117,0.39972351930462907,0.3997470941985041,0.8137350667070953,0.046664645239539115,835.0,0.172675055589246,0.40950048008894285,43.0,2.0,0,0,8,0.003,0.05982352941176471,0.0,0,0,2,0,1,2,8,0,0,0,0,0.0029411764705882353,0,0.0,0,0.0012352941176470586,0,0.0005882352941176471,0,0.0,,,1999,2020,18,0.7193104912067919
Vince Carter,cartevi01,78,220.0,1977-01-26,UNC,2001,2017,1999-02-05T00:00:00Z,True,17,NBA,"TOR, NJN, ORL, PHO, DAL, MEM",SG,1215,838.0,31.480658436213993,6.37283950617284,14.668312757201646,0.4344630232297161,1.5925925925925926,4.265843621399177,0.3733359058460351,4.780246913580247,10.40246913580247,0.4595300261096606,0.4887498597239367,3.386008230452675,4.223045267489712,0.8017930228025726,1.108641975308642,3.320164609053498,4.42880658436214,3.3242798353909464,1.033744855967078,0.5275720164609053,1.7983539094650205,2.6872427983539096,17.724279835390945,38249.0,7743,17822,1935.0,5183.0,5808.0,12639.0,4114,5131,1347.0,4034.0,5381.0,4039,1256.0,641.0,2185.0,3265.0,21535,4.0,18.907304766137678,0.5357059792412875,0.3074760124447698,0.28343656043295246,4.027242542288687,12.277952364767705,8.1364819995294,20.231640042876936,1.725067322021491,1.3108133545975058,9.788347407775367,26.906805406677297,67.0,38.50000000000001,105.69999999999999,0.1324526915736359,3.083534210044707,0.08071322126068657,3.1571230620408377,49.699999999999996,10.719318152108553,24.64125075165364,2.6486888546105782,7.109812021229313,8.039344819472404,17.518107662945436,5.696324086904233,7.094995947606473,1.8539412795105752,5.5598708462966355,7.423673821537819,5.582681900180397,1.725067322021491,0.8971293367146854,3.0267876284347306,4.493756699521556,29.765996496640437,108.44212920599232,106.16235718580877,0.3872519542994588,59.34811367617454,38.50521582263588,1.6975868650160788,0.0,2.331394284817904,7.6244973724803256,1065.0,548.0,1699.0,328.0,1875.0,151.0,9187.0,376.0,639.0,14.55157520458051,0.2392187508170148,0.11847635232293655,0.10703325577139272,0.22766639650709825,0.3074760124447698,0.5712079270046276,0.4080082093649507,0.37715796491411535,0.39598216946848286,0.3897198096682266,0.8160228502705953,0.042616695861329705,714.0,0.1770370205757013,0.39804502078485715,40.0,2.0,0,0,7,0.003,0.04094117647058824,0.0,0,0,2,0,1,1,7,0,0,0,0,0.00047058823529411766,0,0.0,0,0.0013529411764705882,0,0.0005882352941176471,0,0.0,,,1999,2020,19,0.69252398755523
Vince Carter,cartevi01,78,220.0,1977-01-26,UNC,2002,2018,1999-02-05T00:00:00Z,True,17,NBA,"TOR, NJN, ORL, PHO, DAL, MEM, SAC",SG,1198,767.0,30.297161936560936,5.92237061769616,13.730383973288815,0.43133321174539485,1.5275459098497495,4.132721202003339,0.3696222985255504,4.394824707846411,9.597662771285476,0.45790572273438856,0.486959693598395,3.1368948247078463,3.8948247078464107,0.8054007715387913,0.9924874791318865,3.2754590984974956,4.267946577629382,3.186143572621035,0.988313856427379,0.48831385642737896,1.7145242070116862,2.634390651085142,16.509181969949918,36296.0,7095,16449,1830.0,4951.0,5265.0,11498.0,3758,4666,1189.0,3924.0,5113.0,3817,1184.0,585.0,2054.0,3156.0,19778,4.0,18.178071963852766,0.5340915527881861,0.3208025126735728,0.27752187568878117,3.7641585849680403,12.602140731761073,8.157686797443246,20.018608111086618,1.7131006171478953,1.2932444346484462,9.944481485563148,26.250421534053338,57.0,36.800000000000004,94.00000000000001,0.1240910017632797,2.5719721181397404,0.09663599294688122,2.6693079127176547,42.7,10.346382521489971,23.95808078025127,2.6323396517522593,7.146815076041436,7.681075049592241,16.794390566453604,5.484293035045184,6.797173242230549,1.7247052016751157,5.687023363456028,7.422120894864448,5.552391448093454,1.7131006171478953,0.8590368084637425,2.9943079127176553,4.5729419219748735,28.79079512893983,107.83213026228786,106.44831386378664,0.40808904562486226,60.11023253251047,36.46589155829844,2.8685530085959887,0.0,1.8867037690103594,7.212712144588935,1011.0,513.0,1675.0,310.0,1717.0,157.0,8728.0,350.0,586.0,14.691770443024025,0.23678760744985677,0.11924437954595547,0.10380237491734627,0.21930901476746748,0.3208025126735728,0.5681111692748513,0.41100922966718095,0.3784754518404232,0.3945420432003527,0.3782905829843509,0.8243278047167731,0.04371412827859819,680.0,0.17679105135552128,0.39464070420983033,41.0,2.0,0,0,6,0.001,0.013705882352941177,0.0,0,0,1,0,0,0,6,0,0,0,0,0.00011764705882352942,0,0.0,0,0.0013529411764705882,0,0.0005882352941176471,0,0.0,,,1999,2020,20,0.6791974873264272
Vince Carter,cartevi01,78,220.0,1977-01-26,UNC,2003,2019,1999-02-05T00:00:00Z,True,17,NBA,"TOR, NJN, ORL, PHO, DAL, MEM, SAC, ATL",SG,1214,716.0,29.028830313014826,5.545304777594728,12.85831960461285,0.4312620115310698,1.5090609555189456,4.080724876441516,0.36980218005652,4.036243822075782,8.777594728171334,0.45983483483483484,0.48994234465086484,2.9324546952224053,3.6449752883031303,0.8045197740112995,0.8912685337726524,3.2224052718286655,4.113673805601318,3.018945634266886,0.9341021416803954,0.4686985172981878,1.6046128500823724,2.558484349258649,15.532125205930807,35241.0,6732,15610,1832.0,4954.0,4900.0,10656.0,3560,4425,1082.0,3912.0,4994.0,3665,1134.0,569.0,1948.0,3106.0,18856,4.0,17.78022190062711,0.5365500978973355,0.33970610936125534,0.27524726880622,3.5342896058568143,12.888788626883459,8.184923810334555,19.622113447405013,1.6788740387616699,1.3119122612865697,9.924602026049204,25.60238926250674,53.60000000000001,35.10000000000001,88.9,0.1209729292585341,2.315791265855112,0.10850997417780427,2.425021991430436,39.3,10.053256150506511,23.287236457535258,2.6906983343264947,7.295403081637865,7.335370732953094,15.974453051843023,5.329868618938169,6.613722652592151,1.6080531199455184,5.8016855367327835,7.416668085468631,5.466377231066088,1.6788740387616699,0.8510428194432621,2.9112369115518852,4.603756987599671,28.114687437927415,108.04574217530717,106.86907295479696,0.42030589370335686,57.210096194773136,37.255497857609036,5.067875485939672,0.0,1.6174427513407676,7.074376436536988,966.0,476.0,1660.0,291.0,1633.0,171.0,8418.0,334.0,558.0,14.924604863653132,0.23480585113929797,0.1165603700235521,0.09998584035640305,0.2088860985783604,0.33970610936125534,0.5699871740302489,0.4041094463834738,0.3823899719077211,0.39411588774438866,0.3830816378649869,0.8257937345705287,0.04292991118299708,636.0,0.17590896966601402,0.39545100876819606,43.0,2.0,0,0,5,0.001,0.013411764705882352,0.0,0,0,1,0,0,0,5,0,0,0,0,0.00011764705882352942,0,0.0,0,0.0013529411764705882,0,0.0005882352941176471,0,0.0,,,1999,2020,21,0.6602938906387446
Vince Carter,cartevi01,78,220.0,1977-01-26,UNC,2004,2020,1999-02-05T00:00:00Z,True,17,NBA,"TOR, NJN, ORL, PHO, DAL, MEM, SAC, ATL",SG,1231,674.0,28.14459788789602,5.267262388302194,12.310316815597076,0.4278738286920945,1.5012185215272136,4.082047116165719,0.36776119402985075,3.7660438667749796,8.228269699431356,0.45769572514562146,0.4888478289560512,2.8058489033306255,3.488220958570268,0.8043782021425244,0.8456539398862714,3.1592201462225833,4.004874086108854,2.900081234768481,0.90089358245329,0.44922826969943136,1.5491470349309504,2.497969130787977,14.841592201462225,34646.0,6484,15154,1848.0,5025.0,4636.0,10129.0,3454,4294,1041.0,3889.0,4930.0,3570,1109.0,553.0,1907.0,3075.0,18270,4.0,17.345376089591873,0.5350606130577844,0.355026121341569,0.27341765283149566,3.4637966864861744,13.00232638688449,8.207706517346878,19.287643595220228,1.6658690757951855,1.3102089707325524,9.984560988281476,25.268726548519307,49.6,34.699999999999996,84.5,0.11699806615482308,2.0776280090053687,0.08852392772614445,2.166885066097096,36.4,9.822320036945102,22.924929284765913,2.749884546556601,7.4874357790221095,7.04225307394793,15.417286266812908,5.252190729088496,6.5189747734226176,1.5717918374415516,5.84336142700456,7.422201697165618,5.4052127229694635,1.6658690757951855,0.8348409628817178,2.8921087571436823,4.617369970559371,27.636639150262656,107.65008947641863,107.05192518616867,0.42752410090630955,55.43283495930266,36.58627258557986,7.430497027073833,0.10113721641747965,1.4372683715291807,6.746195809040004,944.0,463.0,1650.0,286.0,1597.0,175.0,8212.0,324.0,544.0,15.08956589505282,0.23289614962766264,0.11549803729146221,0.09791326560064653,0.19858445419384632,0.355026121341569,0.5625095249090805,0.4044467470992322,0.3768361138370952,0.3944546845234659,0.3797317439242625,0.827047249321711,0.041381602493794384,595.0,0.17591361196097674,0.39675108237603185,43.0,2.0,0,0,4,0.001,0.013411764705882354,0.0,0,0,1,0,0,0,5,0,0,0,0,0.00011764705882352942,0,0.0,0,0.0013529411764705882,0,0.0005882352941176471,0,0.0,,,1999,2020,22,0.6449738786584309
Nazr Mohammed,mohamna01,82,221.0,1977-09-05,Kentucky,1999,2015,1999-02-05T00:00:00Z,False,17,NBA,"PHI, ATL, NYK, SAS, DET, CHA, OKC, CHI",C,1000,354.0,15.872,2.399,4.934,0.4862180786380219,0.0,0.008,0.0,2.399,4.926,0.4870077141697117,0.4862180786380219,1.021,1.597,0.6393237319974953,1.807,2.897,4.704,0.375,0.432,0.639,0.916,2.152,5.819,15872.0,2399,4934,0.0,8.0,2399.0,4926.0,1021,1597,1807.0,2897.0,4704.0,375,432.0,639.0,916.0,2152.0,5819,0.0,14.95517263104839,0.5142799269153226,0.0016636214717741936,0.3216217867943548,13.318428679435483,21.02850302419355,17.195904737903227,4.054000756048388,1.429170866935484,3.045142389112903,14.04887222782258,19.003559727822584,11.200000000000001,23.099999999999998,34.300000000000004,0.10373122479838709,-2.047561743951613,-0.4766696068548388,-2.5463331653225807,-2.3000000000000003,8.003099798387096,16.48848916330645,0.0,0.01883820564516129,8.003099798387096,16.457472278225808,3.4173324092741932,5.319071320564517,6.049483366935483,9.696131552419354,15.719298135080646,1.2541456653225804,1.429170866935484,2.1364100302419353,3.073292590725807,7.2013797883064505,19.444947076612905,102.99861391129032,102.04208669354838,0.0,0.0,0.0,17.670362903225808,82.32963709677419,-2.609929435483871,-3.2945186491935488,245.0,289.0,1245.0,186.0,752.0,26.0,815.0,169.0,513.0,5.893371975806451,0.4780848034274194,0.24983726058467742,0.1966556199596774,0.07325031502016129,0.0016636214717741936,0.6057896295362903,0.38159671118951616,0.38721793094758067,0.3018707787298387,0.6195534274193548,0.0,0.10314472026209677,427.0,0.08064516129032258,0.0,2.0,0.0,1,0,0,0.0,0.0,0.0,0,0,0,0,0,0,0,0,0,0,0,0.0,0,0.0,0,0.0,0,0.0,0,0.0,,,1999,2016,17,0.9983363785282259
Nazr Mohammed,mohamna01,82,221.0,1977-09-05,Kentucky,2000,2016,1999-02-05T00:00:00Z,False,17,NBA,"PHI, ATL, NYK, SAS, DET, CHA, OKC, CHI, OKC",C,979,354.0,16.108273748723185,2.438202247191011,5.002042900919306,0.4874412905860731,0.0,0.008171603677221655,0.0,2.438202247191011,4.993871297242084,0.4882389036612804,0.4874412905860731,1.0326864147088866,1.6118488253319714,0.6406844106463878,1.8283963227783453,2.9427987742594484,4.771195097037793,0.38100102145045966,0.43615934627170583,0.6486210418794689,0.9264555669050051,2.1797752808988764,5.909090909090909,15770.0,2387,4897,0.0,8.0,2387.0,4889.0,1011,1578,1790.0,2881.0,4671.0,373,427.0,635.0,907.0,2134.0,5785,0.0,14.982403297400127,0.5152797083069118,0.0016743817374762205,0.3203475586556754,13.281483830057068,21.04143944197844,17.184407102092578,4.057203551046291,1.4215345592897906,3.0448890298034237,14.034679771718455,18.96860494610019,11.399999999999999,22.9,34.3,0.10429156626506025,-2.0267850348763474,-0.4703233988585923,-2.5193532022828156,-2.1,8.01285351934052,16.466670894102727,0.0,0.018960050729232722,8.01285351934052,16.435453392517438,3.4042675967026,5.2876157260621435,6.029594166138237,9.703024730500951,15.706252377932785,1.2553519340519976,1.4215345592897906,2.136417247939125,3.0611350665821178,7.185415345592898,19.451648700063412,103.12993024730501,102.09803424223209,0.0,0.0,0.0,17.569816106531388,82.43018389346861,-2.7658655675332913,-3.4498668357641087,242.0,287.0,1237.0,182.0,746.0,26.0,810.0,168.0,505.0,5.890596068484464,0.4785514901712112,0.2485298668357641,0.19707133798351303,0.07366125554850983,0.0016743817374762205,0.6064010779961952,0.38262238427393785,0.38964590995561194,0.30126823081800885,0.6188441344324668,0.0,0.10344356372859861,426.0,0.08116677235256817,0.0,2.0,0.0,1,0,0,0.0,0.0,0.0,0,0,0,0,0,0,0,0,0,0,0,0.0,0,0.0,0,0.0,0,0.0,0,0.0,,,1999,2016,18,0.9983256182625239
Dirk Nowitzki,nowitdi01,84,245.0,1978-06-19,,1999,2015,1999-02-05T00:00:00Z,True,17,NBA,DAL,PF,1265,1234.0,35.48221343873518,7.821343873517787,16.450592885375492,0.4754444978375781,1.2450592885375493,3.2545454545454544,0.3825601165897498,6.576284584980237,13.19604743083004,0.4983526028874378,0.5132868813070639,5.340711462450593,6.078260869565217,0.8786578228638314,1.0798418972332016,6.865612648221344,7.945454545454545,2.5944664031620555,0.850592885375494,0.891699604743083,1.8102766798418972,2.4545454545454546,22.228458498023716,44885.0,9894,20810,1575.0,4117.0,8319.0,16693.0,6756,7689,1366.0,8685.0,10051.0,3282,1076.0,1128.0,2290.0,3105.0,28119,2.0,23.26020942408377,0.5804976272696891,0.20168671048234374,0.36926710482343766,3.5091389105491815,21.651992870669492,12.699621254316586,13.028437117076974,1.2468151943856522,1.8782421744458058,8.696970034532695,26.91602985407152,136.8,55.099999999999994,192.0,0.20534202963127993,4.616658126322824,0.39735100813189256,4.996212543165869,79.60000000000001,11.503373064498163,24.18641194162861,1.8287868998551855,4.768247744235268,9.67280383201515,19.414808956221457,7.860044558315695,8.95131335635513,1.5829141138464968,10.084527124874679,11.689600089116631,3.8195165422747013,1.2468151943856522,1.3173666035423863,2.670457836693773,3.603865433886599,32.690232817199515,116.5301771193049,103.8473209312688,0.0,0.0,0.8302996546730533,72.92073075637741,26.286175782555418,6.550353124651889,10.013545727971483,1097.0,692.0,1886.0,276.0,2889.0,120.0,7514.0,631.0,727.0,14.828441572908545,0.1531557981508299,0.08781040436671493,0.24475753592514202,0.31260975827113735,0.20168671048234374,0.6543564219672496,0.40414528238832576,0.4638283836470981,0.4774063941183024,0.5617750250640526,0.9323674501503844,0.020107586053247188,387.0,0.10802951988414837,0.39950346440904544,20.0,0.0,1,1,13,0.001,0.3971764705882353,0.004176470588235294,0,0,1,4,9,12,15,0,0,1,1,0.10641176470588234,0,0.0,0,0.0,0,0.015,0,0.0,,,1999,2019,17,0.7983132895176561
Dirk Nowitzki,nowitdi01,84,245.0,1978-06-19,,2000,2016,1999-02-05T00:00:00Z,True,17,NBA,DAL,PF,1293,1285.0,35.801237432327916,7.931941221964424,16.69450889404486,0.47512276475493376,1.3047177107501933,3.3959783449342615,0.38419494420405376,6.627223511214231,13.298530549110595,0.4983425414364641,0.5141990178819605,5.34184068058778,6.064191802010828,0.8808825404922841,1.0649651972157772,6.961330239752513,8.02629543696829,2.6040216550657385,0.8499613302397525,0.8917246713070379,1.7795823665893271,2.4447022428460943,22.51044083526682,46291.0,10256,21586,1687.0,4391.0,8569.0,17195.0,6907,7841,1377.0,9001.0,10378.0,3367,1099.0,1153.0,2301.0,3161.0,29106,2.0,23.259123803763153,0.5810476766542093,0.2071094597221922,0.36303566568015383,3.4257825495236656,21.735099695405154,12.69946857920546,12.974673262621243,1.2320083817588732,1.8717266855328247,8.434738934134066,26.939245209651986,140.89999999999998,57.0,198.00000000000003,0.20532477155386578,4.636251107126655,0.40487567777753775,5.023870730811605,82.4,11.54105765699596,24.28118856797218,1.8945691387094683,4.922684755135988,9.644760320580675,19.360357304875677,7.781186407725044,8.836838694346632,1.543412326370137,10.11754336696118,11.682441511308895,3.792689723704392,1.2320083817588732,1.302486444449245,2.596420470501825,3.5510423192413207,32.75475794430883,116.64226307489577,103.95409474843922,0.0,0.0,0.7223002311464432,72.67881445637381,26.655656607115855,6.5152189410468555,10.00796699142382,1106.0,713.0,1937.0,275.0,2924.0,130.0,7730.0,634.0,719.0,14.925709101121171,0.14796742347324535,0.08609116242898186,0.24616145687066604,0.31276185435613835,0.2071094597221922,0.6591857596509041,0.3995864206865265,0.4669712255081981,0.4777151930180812,0.56562567237692,0.9350739236568665,0.01914236028601672,383.0,0.1075152621459895,0.40081784796180686,20.0,0.0,1,1,13,0.001,0.3978823529411764,0.0,0,0,1,4,9,12,16,0,0,0,1,0.10641176470588236,0,0.0,0,0.0,0,0.015,0,0.0,,,1999,2019,18,0.7928905402778077
Dirk Nowitzki,nowitdi01,84,245.0,1978-06-19,,2001,2017,1999-02-05T00:00:00Z,True,17,NBA,DAL,PF,1265,1258.0,35.39683794466403,7.934387351778656,16.71620553359684,0.4746524165326776,1.3043478260869565,3.3944664031620553,0.38425710293432697,6.6300395256917,13.321739130434782,0.4976857346309043,0.5136668873545824,5.3090909090909095,6.011857707509882,0.8831032215647601,1.0260869565217392,7.036363636363636,8.062450592885375,2.5660079051383398,0.8426877470355731,0.8877470355731225,1.7478260869565216,2.3857707509881423,22.48221343873518,44777.0,10037,21146,1650.0,4294.0,8387.0,16852.0,6716,7605,1298.0,8901.0,10199.0,3246,1066.0,1123.0,2211.0,3018.0,28440,2.0,23.437950286977692,0.580511021283248,0.20592902606248745,0.36015199767737904,3.3495254259999556,22.34642562029613,12.950356209661209,13.03528150613038,1.236471849386962,1.9063559416664808,8.273687384148113,27.27958996806396,135.4,56.99999999999999,192.4,0.2062775308752261,4.680664180271122,0.4545525604663108,5.1141970207919245,80.80000000000001,11.690780981307368,24.631085155325277,1.9196261473524356,4.98307166625723,9.769368202425353,19.64018804296849,7.83070102954642,8.872334010764455,1.5029345422873348,10.358898541662015,11.884045380440849,3.7866851285258054,1.236471849386962,1.3123121245282177,2.587160819170556,3.5127967483306155,33.13523237376331,116.51300891082475,103.81930455367711,0.0,0.0,0.6811086048641043,72.26457779663667,27.11300444424593,6.780070125287538,10.022837617526855,1068.0,696.0,1876.0,263.0,2821.0,134.0,7473.0,612.0,676.0,14.972673470755073,0.14542818857895792,0.08432302298054806,0.24819728878665387,0.3161513053576613,0.20592902606248745,0.6534408289970297,0.4053678674319406,0.471390155660272,0.4751530026576144,0.5654736136855975,0.9351095205127633,0.01791658664046274,352.0,0.09688784420573061,0.3979085914643679,20.0,0.0,1,1,13,0.001,0.39788235294117646,0.0,0,0,1,4,9,12,16,0,0,0,1,0.10641176470588234,0,0.0,0,0.0,0,0.002823529411764706,0,0.0,,,1999,2019,19,0.7940709739375126
Dirk Nowitzki,nowitdi01,84,245.0,1978-06-19,,2002,2018,1999-02-05T00:00:00Z,True,17,NBA,DAL,PF,1260,1253.0,34.56507936507936,7.771428571428571,16.394444444444446,0.4740281744687031,1.2992063492063493,3.365873015873016,0.3859938693704315,6.472222222222222,13.028571428571428,0.4967714424951267,0.5136515466911943,5.049206349206349,5.694444444444445,0.8866898954703832,0.9531746031746032,6.890476190476191,7.843650793650793,2.534126984126984,0.8174603174603174,0.8468253968253968,1.6714285714285715,2.316666666666667,21.891269841269843,43552.0,9792,20657,1637.0,4241.0,8155.0,16416.0,6362,7175,1201.0,8682.0,9883.0,3193,1030.0,1067.0,2106.0,2919.0,27583,2.0,23.189775440852316,0.5788004454445261,0.20867604243203527,0.3455513179647318,3.1803751836884646,22.488597538574577,12.904358008817045,13.181158155767818,1.2259597722263043,1.8865585966201321,8.086503490080823,27.23349559147686,127.70000000000002,54.900000000000006,182.60000000000002,0.2012855666789126,4.534891623806025,0.4576368479059515,4.9709175238795,77.0,11.720600661278471,24.72546840558413,1.9512904114621599,5.052282329169728,9.760298034533431,19.665140521675237,7.633410635562086,8.609799779573843,1.4278770205731082,10.376742744305659,11.83463216385011,3.8247129867744305,1.2259597722263043,1.2795945077149153,2.53008587435709,3.494730437178545,33.026526910360026,116.20942781043351,104.27573934606907,0.0,0.0,0.48500642909625274,68.97481171932402,30.600523512123438,6.213806484202791,9.021631612784716,1016.0,679.0,1832.0,246.0,2639.0,137.0,7369.0,568.0,630.0,15.176660084496694,0.13622653379867744,0.08088450587803085,0.2520361866274798,0.32222187270389424,0.20867604243203527,0.6543027874724467,0.4163685249816312,0.471029734570169,0.4766612555106539,0.5719498989713445,0.9370872520205732,0.01596829077883909,309.0,0.08076774889786922,0.4009162150991918,17.0,0.0,1,1,13,0.0,0.3925882352941176,0.0,0,0,0,4,9,11,15,0,0,0,1,0.10641176470588234,0,0.0,0,0.0,0,0.0009411764705882353,0,0.0,,,1999,2019,20,0.7913239575679648
Dirk Nowitzki,nowitdi01,84,245.0,1978-06-19,,2003,2019,1999-02-05T00:00:00Z,True,17,NBA,DAL,PF,1235,1197.0,33.567611336032385,7.552226720647774,16.012145748987855,0.4716561314791403,1.2647773279352226,3.3165991902834007,0.38134765625,6.287449392712551,12.695546558704454,0.49524842145544995,0.5111504424778761,4.826720647773279,5.432388663967611,0.8885079743627963,0.8793522267206477,6.6396761133603235,7.519028340080972,2.463157894736842,0.7740890688259109,0.8161943319838056,1.602429149797571,2.2453441295546557,21.19595141700405,41456.0,9327,19775,1562.0,4096.0,7765.0,15679.0,5961,6709,1086.0,8200.0,9286.0,3042,956.0,1008.0,1979.0,2773.0,26177,2.0,22.865688923195677,0.5752861588189888,0.2102912967966036,0.3369807989193362,3.0268356812041683,22.345062234658435,12.748892802006946,13.226758490930143,1.192927441142416,1.8858790042454652,7.957159397915863,27.26360961018912,117.00000000000001,52.599999999999994,169.5,0.19628779911231187,4.335818699343882,0.45078878811269774,4.763903898108839,71.1,11.72425945580857,24.84565804708607,1.9503956001543807,5.108095329988421,9.76439598610575,19.729110382091857,7.514458703203397,8.462980027016595,1.3593762060980317,10.284735623311462,11.675641644152837,3.8282299305287526,1.192927441142416,1.2677537630258588,2.497785604013894,3.480690370513315,32.91594702817445,115.55753087610961,104.42391933616365,0.0,0.0,0.5095281744500193,72.29124855268236,27.243438826707834,5.936785989965265,8.816313681976071,945.0,654.0,1730.0,225.0,2438.0,138.0,7026.0,522.0,570.0,15.354525279814743,0.12651852566576613,0.08076186800463142,0.2568010903126206,0.32569381995368585,0.2102912967966036,0.6591577576225396,0.4188210391740641,0.473524314936318,0.4732898494789657,0.5739957304129678,0.9364169239675803,0.014151799498263219,266.0,0.07975701949054419,0.40397867618680056,18.0,0.0,1,1,13,0.0,0.35917647058823526,0.0,0,0,0,4,8,10,14,0,0,0,1,0.10494117647058823,0,0.0,0,0.0,0,0.0009411764705882353,0,0.0,,,1999,2019,21,0.7897087032033963
Paul Pierce,piercpa01,79,235.0,1977-10-13,Kansas,1999,2015,1999-02-05T00:00:00Z,True,17,NBA,"BOS, BRK, WAS",SF,1250,1240.0,35.4976,6.7968,15.1984,0.4472049689440994,1.6424,4.4248,0.371180618333032,5.1544,10.7736,0.4784287517635702,0.501236972312875,5.4832,6.7992,0.8064478173902813,0.8632,4.9712,5.8344,3.7016,1.372,0.5784,2.7664,2.7792,20.7192,44372.0,8496,18998,2053.0,5531.0,6443.0,13467.0,6854,8499,1079.0,6214.0,7293.0,4627,1715.0,723.0,3458.0,3474.0,25899,9.0,20.14617776976472,0.5716238168214188,0.2954210988911926,0.44531745244748944,2.8280852790047777,16.257295141079958,9.621608221400884,19.09344406382403,2.014146308482827,1.2557130622915351,13.213224556026322,27.177679617776977,87.7,61.599999999999994,149.2,0.16129302262688183,3.3440863607680518,0.5821779500585955,3.9175020283061395,66.2,9.986423870909583,22.349783647345173,2.414806634814748,6.514295050933022,7.58326196700622,15.833696925989361,8.063152438474715,9.99276570810421,1.2749459118362931,7.310188857838277,8.576805192463716,5.440300189308573,2.014146308482827,0.8652753989002073,4.070228973226358,4.104953574326152,30.458252952312264,109.54083656359866,102.64554223384116,0.0703146128188948,25.61157937438024,68.95878031190841,5.2991751555034705,0.06670873523843865,3.5789935094203544,6.883613540070315,1498.0,1080.0,1698.0,470.0,3378.0,168.0,10467.0,723.0,1122.0,14.133428738844316,0.26697027404669615,0.08345048679347336,0.1402154737221671,0.21398577932029206,0.2954210988911926,0.6127268547732804,0.33274637158568465,0.4106228026683494,0.41640933471558644,0.4485212746777247,0.8677086901649689,0.02729394663301181,482.0,0.13541059677273956,0.38695402506084925,25.0,1.0,1,1,10,0.0029411764705882353,0.10188235294117647,0.058823529411764705,0,0,2,0,1,4,13,1,1,1,0,0.002352941176470589,0,0.017,0,0.0,0,0.00011764705882352942,0,0.0,,,1999,2017,17,0.7045789011088074
Paul Pierce,piercpa01,79,235.0,1977-10-13,Kansas,2000,2016,1999-02-05T00:00:00Z,True,17,NBA,"BOS, BRK, WAS, LAC",SF,1270,1231.0,34.62283464566929,6.579527559055118,14.762204724409449,0.4457008747599744,1.6094488188976377,4.38503937007874,0.36703178308493445,4.97007874015748,10.377165354330709,0.4789437741862053,0.5002133560913165,5.32992125984252,6.590551181102362,0.8087216248506571,0.7669291338582677,4.878740157480315,5.645669291338582,3.6086614173228346,1.3118110236220473,0.5433070866141733,2.679527559055118,2.7275590551181104,20.098425196850393,43971.0,8356,18748,2044.0,5569.0,6312.0,13179.0,6769,8370,974.0,6196.0,7170.0,4583,1666.0,690.0,3403.0,3464.0,25525,9.0,19.846853608059856,0.5704844329216984,0.3035012849377999,0.44285415387414434,2.5951718177889975,16.326321893975575,9.54549589502172,19.049014122944666,1.9724090878078735,1.2163062018148325,13.17232721566487,27.06648927702349,84.20000000000002,60.99999999999999,145.20000000000002,0.15834320347501762,3.164403811603102,0.5679538786927749,3.723515498851516,63.50000000000001,9.90492142548498,22.2351367947056,2.4234040617679833,6.605899342748631,7.493268290464168,15.627429442132314,8.03125696481772,9.925657819926771,1.1595324190944032,7.3455095403788855,8.500347956607763,5.4337745332150735,1.9724090878078735,0.8333788178572241,4.040922426144504,4.123747469923359,30.26921834845694,109.20918332537354,102.77253189602237,0.07095585726956403,25.733801823929408,67.66721248095335,6.467330740715472,0.06731709535830434,3.724018102840508,6.764608491960611,1487.0,1057.0,1707.0,466.0,3330.0,173.0,10385.0,710.0,1090.0,14.347094676036479,0.2595059698437607,0.07925610061176684,0.14128148097609788,0.21653578494917108,0.3035012849377999,0.6097037820381616,0.33221277660276094,0.41367640035477926,0.4170508289554479,0.4491548748038481,0.866273180050488,0.025733961019763024,450.0,0.12849794182529395,0.3763587364399263,25.0,1.0,1,1,10,0.0029411764705882353,0.10188235294117647,0.0,0,0,2,0,1,4,13,0,0,0,0,0.002352941176470589,0,0.0,0,0.0,0,0.00011764705882352942,0,0.0,,,1999,2017,18,0.6964987150622001
Paul Pierce,piercpa01,79,235.0,1977-10-13,Kansas,2001,2017,1999-02-05T00:00:00Z,True,17,NBA,"BOS, BRK, WAS, LAC",SF,1222,1166.0,34.09574468085106,6.463175122749591,14.5,0.4457362153620407,1.6063829787234043,4.363338788870704,0.3681545386346587,4.856792144026187,10.136661211129296,0.4791313473803181,0.5011287318697444,5.253682487725041,6.491816693944354,0.8092777007437287,0.7299509001636661,4.852700490998363,5.582651391162029,3.5777414075286416,1.2422258592471358,0.5180032733224222,2.6522094926350244,2.6734860883797054,19.786415711947626,41665.0,7898,17719,1963.0,5332.0,5935.0,12387.0,6420,7933,892.0,5930.0,6822.0,4372,1518.0,633.0,3241.0,3267.0,24179,9.0,19.75570622824913,0.5715184447377895,0.3085723748949958,0.44324528981159245,2.5244833793351735,16.44779551182047,9.598939157566305,19.231426857074283,1.9002448097923912,1.1820064802592105,13.26691227649106,27.125448217928724,78.8,58.3,137.1,0.15778346333853355,3.1223112924516983,0.5442577703108125,3.6565726629065165,59.39999999999999,9.898079923196928,22.210454818192726,2.4576911076443055,6.682397695907836,7.4459258370334815,15.526813872554904,8.0475627025081,9.94474498979959,1.1258466338653546,7.430399615984639,8.54509300372015,5.479903996159846,1.9002448097923912,0.8110932437297493,4.066871474858994,4.108474738989559,30.305724228969154,109.10774030961238,102.79983199327972,0.0748829953198128,25.360230409216367,67.28546741869675,7.277355094203768,0.07104284171366855,3.6956798271930875,6.282150486019441,1425.0,1017.0,1621.0,429.0,3159.0,174.0,9915.0,678.0,1029.0,14.412394095763828,0.2611735749429977,0.07416428657146286,0.14115528621144846,0.21496421456858275,0.3085723748949958,0.6069102604104164,0.33406182647305893,0.41522248889955593,0.41509789991599655,0.44741531261250445,0.8627155646225849,0.023841617664706587,394.0,0.12218427937117482,0.38177345493819753,25.0,1.0,1,1,10,0.0029411764705882353,0.10188235294117648,0.0,0,0,2,0,1,4,13,0,0,0,0,0.002352941176470589,0,0.0,0,0.0,0,0.00011764705882352942,0,0.0,,,1999,2017,19,0.6914276251050041
Andre Miller,millean02,75,200.0,1976-03-19,Utah,2000,2016,1999-11-02T00:00:00Z,False,17,NBA,"CLE, LAC, DEN, PHI, POR, DEN, WAS, SAC, MIN, SAS",PG,1304,939.0,30.880368098159508,4.6280674846625764,10.049079754601227,0.460546398046398,0.14800613496932516,0.6809815950920245,0.21734234234234234,4.480061349693251,9.368098159509202,0.47822527832351014,0.46791056166056166,3.0789877300613497,3.8151840490797544,0.807035175879397,1.052914110429448,2.624233128834356,3.6771472392638036,6.53680981595092,1.1855828220858895,0.174079754601227,2.39340490797546,2.210122699386503,12.483128834355828,40268.0,6035,13104,193.0,888.0,5842.0,12216.0,4015,4975,1373.0,3422.0,4795.0,8524,1546.0,227.0,3121.0,2882.0,16278,9.0,17.42138422568789,0.5324454157147114,0.06879268898380848,0.3777555130624814,3.9722037349756634,9.898033177709348,6.940429124863416,34.70549567895103,1.9975563723055525,0.4358150392371114,17.114984603158838,20.640739545048177,69.5,31.1,100.9,0.12013315784245554,1.5092852885666037,-0.22372603556173637,1.2684141253600871,33.3,7.827408860633753,17.02712575742525,0.25757673586967317,1.159496374292242,7.583848216946458,15.855629780470846,5.214435780272177,6.465362074103507,1.7779899672196287,4.429584285288566,6.214646865997815,11.034399523194596,1.9975563723055525,0.29775752458527865,4.051514850501639,3.7223726035561735,21.133331677759013,109.716325618357,107.66077282209199,82.39157643786629,17.165590543359492,0.6566504420383431,0.0,0.0,0.8750670507599085,3.9225290553292935,1796.0,739.0,963.0,285.0,1923.0,201.0,18484.0,395.0,1087.0,10.005706764676667,0.3422652230058607,0.1733396245157445,0.21810104797854377,0.1974336942485348,0.06879268898380848,0.6063176467666633,0.406299319558955,0.4062960663554187,0.40351979239098046,0.3000387404390583,0.6946746051455249,0.0016558805999801333,18.0,0.10981332571769147,0.2377744114433297,123.0,3.0,0,0,0,0.009941176470588236,0.0037647058823529413,0.051470588235294115,0,0,7,0,0,0,3,1,1,1,0,0.0,0,0.017,0,0.0008235294117647059,0,0.001411764705882353,0,0.0,,,2000,2016,17,0.9312073110161915
Jason Terry,terryja01,74,185.0,1977-09-15,Arizona,2000,2016,1999-11-02T00:00:00Z,False,17,NBA,"ATL, DAL, BOS, BRK, HOU",SG,1285,675.0,31.01556420233463,5.252918287937743,11.819455252918289,0.4444298130102713,1.6879377431906615,4.454474708171206,0.3789308176100629,3.564980544747082,7.364980544747081,0.48404480135249367,0.5158348696339216,2.1315175097276264,2.5214007782101167,0.8453703703703703,0.37509727626459144,2.052918287937743,2.4280155642023344,4.091828793774319,1.178988326848249,0.18832684824902723,1.8319066147859921,1.8910505836575875,14.325291828793775,39855.0,6750,15188,2169.0,5724.0,4581.0,9464.0,2739,3240,482.0,2638.0,3120.0,5258,1515.0,242.0,2354.0,2430.0,18408,1.0,16.61197842177895,0.5544881947058086,0.38647763141387526,0.2106176389411617,1.4071107765650483,7.457132103876552,4.496815957847195,22.740286036883703,1.994567808305106,0.4530874419771672,12.500466691757621,21.773097478359052,69.19999999999999,30.099999999999998,99.19999999999999,0.11938456906285284,2.021879312507841,-0.3305156191193075,1.6845640446618995,37.0,8.902373604315645,20.017648977543598,2.846636557521014,7.533089951072636,6.043540333709697,12.497922468949943,3.604047170994856,4.2779074143771165,0.6368009032743696,3.4556693012169117,4.11682599422908,6.931085183791244,1.994567808305106,0.31505457282649607,3.0929394053443735,3.1936494793626897,24.273483879061597,110.44932881696148,107.76795885083428,50.74665663028478,46.848651361184295,2.5168987579977418,0.0,0.0,1.469225944047171,2.39680090327437,1397.0,565.0,973.0,153.0,1113.0,90.0,11625.0,214.0,615.0,16.65633170242128,0.14144476226320413,0.09385753355915193,0.14420168109396564,0.23424556517375486,0.38647763141387526,0.5989124325680593,0.4216502822732405,0.44636213774934136,0.4688919081671058,0.3926036632793878,0.8186008781834148,0.006821001129092962,104.0,0.26799500690001254,0.4050352778823234,24.0,2.0,1,0,0,0.001,0.00017647058823529413,0.01576470588235294,0,0,1,0,0,0,1,0,1,1,0,0.0,0,0.0,1,0.11394117647058823,0,0.0018823529411764706,0,0.0,,,2000,2018,17,0.6135223685861246
Jason Terry,terryja01,74,185.0,1977-09-15,Arizona,2001,2017,1999-11-02T00:00:00Z,False,17,NBA,"ATL, DAL, BOS, BRK, HOU, MIL",SG,1278,648.0,30.77621283255086,5.169014084507042,11.604851330203443,0.4454183804193918,1.7183098591549295,4.489827856025039,0.3827117462530498,3.4507042253521125,7.115023474178404,0.48498845265588914,0.5194524981457758,2.0735524256651017,2.448356807511737,0.8469159475870885,0.3701095461658842,2.024256651017214,2.3943661971830985,3.92018779342723,1.1510172143974962,0.19718309859154928,1.7480438184663536,1.8716744913928012,14.129890453834117,39332.0,6606,14831,2196.0,5738.0,4410.0,9093.0,2650,3129,473.0,2587.0,3060.0,5010,1471.0,252.0,2234.0,2392.0,18058,1.0,16.48145784602868,0.5588271890572563,0.4034722363469948,0.20636369876944985,1.4037348723685548,7.429901861080038,4.4823731312925865,21.97979253534018,1.9600833926573782,0.4898276212752975,12.176721244787958,21.481089189464047,69.50000000000001,30.099999999999998,99.39999999999999,0.12131879894233703,2.01937862300417,-0.28875724600833924,1.723731312925862,36.9,8.82488558934201,19.799338960642732,2.9157886708024003,7.6441599715244575,5.896738025017798,12.16739042001424,3.534399471168514,4.1857596867690425,0.6324900844096409,3.4324087257195157,4.086108003661142,6.687369063358079,1.9600833926573782,0.3291365809010475,2.9727753483168926,3.179975592392962,24.118252313637747,111.14354723888945,107.90369165056443,48.87414827621275,48.6891843791315,2.5503661141055627,0.0,0.0,1.9521432929929827,2.80039662361436,1333.0,533.0,953.0,148.0,1078.0,93.0,11119.0,213.0,593.0,16.792136174107597,0.13901230550188143,0.09325755110342725,0.13903536560561378,0.22545273568595545,0.4034722363469948,0.5970115681887521,0.4245445947320249,0.4455174412691955,0.4657235838503,0.4025981134953727,0.8211251398352486,0.006671692260754602,101.0,0.2865328231465473,0.40965946303264517,22.0,1.0,1,0,0,0.001,0.00017647058823529413,0.0,0,0,1,0,0,0,1,0,0,0,0,0.0,0,0.0,1,0.11394117647058823,0,0.0018823529411764706,0,0.0,,,2000,2018,18,0.5965277636530052
Jason Terry,terryja01,74,185.0,1977-09-15,Arizona,2002,2018,1999-11-02T00:00:00Z,False,17,NBA,"ATL, DAL, BOS, BRK, HOU, MIL",SG,1247,575.0,29.71692060946271,4.866880513231756,10.920609462710505,0.4456601556763108,1.693664795509222,4.441860465116279,0.38129626286333274,3.173215717722534,6.478748997594226,0.48978834014110656,0.5232045821706565,1.888532477947073,2.2293504410585405,0.8471223021582733,0.3496391339214114,1.9270248596631916,2.276663993584603,3.7417802726543705,1.1299117882919005,0.2028869286287089,1.619887730553328,1.7963111467522053,13.315958299919808,37057.0,6069,13618,2112.0,5539.0,3957.0,8079.0,2355,2780,436.0,2403.0,2839.0,4666,1409.0,253.0,2020.0,2240.0,16605,1.0,16.22911730577219,0.5604037563753137,0.42547853307067485,0.19846698329600346,1.380252044148204,7.338691745149363,4.425981595919799,21.516644628545215,1.9874841460452812,0.5256442777343012,12.09154005990771,20.896081711957255,64.7,29.1,93.60000000000001,0.1213535634293116,1.8945165555765444,-0.20994683865396552,1.6772566586609816,34.300000000000004,8.603823838950806,19.295768680681114,2.9746579593599054,7.825414901368162,5.618244866017217,11.483314893272524,3.337239927678981,3.947426936881021,0.619559057667917,3.383482203092533,4.025552527187846,6.610162722292684,1.9874841460452812,0.3502442183663006,2.8547966645977816,3.1620746417680867,23.538961599697764,111.47677901611031,108.04703564778585,50.76112475375773,47.00350810912918,2.3780122513964974,0.0,0.0,2.569546914213239,2.9223601478802927,1210.0,473.0,888.0,139.0,968.0,94.0,10402.0,192.0,511.0,17.02122675877702,0.13847178670696494,0.08946760396146478,0.13008948376824891,0.21671495264052673,0.42547853307067485,0.5984670912378228,0.4265076233909923,0.45042569555009837,0.4662613811155787,0.411774401597539,0.8284334403756376,0.006497773699975714,92.0,0.3000357827131176,0.41633761502550126,22.0,0.0,1,0,0,0.001,0.00017647058823529413,0.0,0,0,1,0,0,0,1,0,0,0,0,0.0,0,0.0,1,0.11394117647058823,0,0.0009411764705882353,0,0.0,,,2000,2018,19,0.574521466929325
Metta World Peace,artesro01,79,260.0,1979-11-13,St. John's,2000,2017,1999-11-03T00:00:00Z,False,17,NBA,"CHI, IND, SAC, HOU, LAL, NYK, LAL",SF,991,840.0,31.7255297679112,4.708375378405651,11.368314833501513,0.41416651872891885,1.1644803229061553,3.432896064581231,0.339212228101117,3.5438950554994952,7.935418768920282,0.44659206510681587,0.4653825670157998,2.5953582240161452,3.628657921291625,0.7152391546162402,1.1695257315842584,3.318869828456105,4.488395560040363,2.65489404641776,1.7366296670030272,0.5267406659939455,1.8072653884964682,2.6094853683148336,13.176589303733602,31440.0,4666,11266,1154.0,3402.0,3512.0,7864.0,2572,3596,1159.0,3289.0,4448.0,2631,1721.0,522.0,1791.0,2586.0,13058,0.0,14.82525127226463,0.5060958969465649,0.30942907124681934,0.3137083969465649,4.271752544529263,11.99134541984733,8.15525445292621,14.460566157760814,2.8880884223918577,1.2451367684478374,12.16650445292621,21.260779262086515,19.7,41.300000000000004,61.099999999999994,0.09335607506361322,-0.0534319338422392,1.240130407124682,1.1969179389312976,25.3,7.789141221374045,18.803183842239186,1.9168479643765903,5.667681297709923,5.867480916030535,13.15168893129771,4.303047073791348,6.024910941475827,1.934138040712468,5.477293256997455,7.4322169211195925,4.395693384223918,2.8880884223918577,0.8541603053435115,3.0042430025445293,4.32404262086514,21.80098282442748,102.0001272264631,103.35687022900764,0.0,6.104643765903308,82.6263358778626,11.210782442748092,0.1623409669211196,3.0745324427480916,6.903953562340966,627.0,479.0,839.0,354.0,1542.0,90.0,5887.0,327.0,794.0,13.55906806615776,0.30859379770992373,0.10604300254452927,0.08243985368956744,0.19350009541984736,0.30942907124681934,0.5638888358778626,0.30685155852417306,0.3692658078880407,0.36420791984732825,0.4504454198473283,0.8171728371501272,0.024485909669211197,242.0,0.27390909669211194,0.3228388994910942,11.0,0.0,1,0,1,0.17935294117647058,0.008588235294117647,0.029411764705882353,2,4,11,0,0,1,1,0,1,1,0,0.0,0,0.0,0,0.0,0,0.001411764705882353,1,0.07547058823529411,,,2000,2017,17,0.6905709287531806
Elton Brand,brandel01,81,275.0,1979-03-11,Duke,2000,2016,1999-11-03T00:00:00Z,False,17,NBA,"CHI, LAC, PHI, DAL, ATL, PHI",PF,1058,868.0,32.996219281663514,6.237240075614367,12.462192816635161,0.5004929844520288,0.001890359168241966,0.01984877126654064,0.09523809523809523,6.235349716446125,12.44234404536862,0.5011394712853237,0.5005688282138794,3.4281663516068055,4.658790170132325,0.7358490566037735,3.122873345935728,5.421550094517959,8.544423440453686,2.064272211720227,0.888468809073724,1.727788279773157,1.947069943289225,2.944234404536862,15.90453686200378,34910.0,6599,13185,2.0,21.0,6597.0,13164.0,3627,4929,3304.0,5736.0,9040.0,2184,940.0,1828.0,2060.0,3115.0,16827,1.0,20.500240618733887,0.5466997994843883,0.0017420509882555143,0.369100773417359,10.99422228587797,18.977920366657116,15.000008593526212,11.679023202520767,1.4218934402749928,3.9304182182755656,11.793414494414208,22.846413635061587,65.80000000000001,43.89999999999999,109.7,0.15073904325408194,1.8978143798338585,0.3464107705528502,2.2441478086508164,37.199999999999996,10.017957605270697,19.977095388140935,0.0,0.02420509882555142,10.009080492695503,19.937083930105985,5.497035233457462,7.471695789172156,5.009833858493268,8.676075623030652,13.674076195932397,3.3018017759954166,1.4218934402749928,2.769057576625609,3.1241420796333426,4.69347464909768,25.492979089086223,110.06064164995703,103.37957605270697,0.0,0.0,1.3961042681180178,67.33256946433687,31.357834431395016,-1.8863219707820114,2.806654253795474,513.0,770.0,1575.0,322.0,2211.0,55.0,4958.0,607.0,813.0,8.420856488112289,0.2961756230306502,0.26620389573188197,0.3149413348610713,0.12113497565167575,0.0017420509882555143,0.6486631337725579,0.46191873388713833,0.4339433113720997,0.3826681466628473,0.6345473216843313,0.17691205958178172,0.04556662847321685,581.0,0.24505393869951306,0.0,1.0,0.0,0,0,2,0.003882352941176471,0.03347058823529412,0.058823529411764705,0,0,2,0,1,1,6,1,1,1,0,0.002411764705882353,1,0.479,0,0.0,0,0.0010588235294117648,0,0.00029411764705882356,,,2000,2016,17,0.9982579490117445
Jamal Crawford,crawfja01,77,185.0,1980-03-20,Michigan,2001,2017,2000-10-31T00:00:00Z,False,17,NBA,"CHI, NYK, GSW, ATL, POR, LAC",SG,1182,433.0,30.56175972927242,5.302876480541455,12.929780033840947,0.41012890139370545,1.733502538071066,4.958544839255499,0.3495990445316499,3.569373942470389,7.971235194585448,0.4477817873063044,0.47716416933848066,2.960236886632826,3.437394247038917,0.8611863155303963,0.3697123519458545,1.9686971235194586,2.338409475465313,3.489001692047377,0.9357021996615905,0.21150592216582065,1.9306260575296108,1.5626057529610828,15.299492385786802,36124.0,6268,15283,2049.0,5861.0,4219.0,9422.0,3499,4063,437.0,2327.0,2764.0,4124,1106.0,250.0,2282.0,1847.0,18084,0.0,15.315953382792603,0.5286414572029675,0.38197730040969996,0.2659058520651091,1.3851290001107297,7.418621968774222,4.375628391097332,19.519078728822944,1.5900813863359542,0.5359345587421105,11.934973978518437,24.187576126674788,41.0,18.099999999999998,59.2,0.07885422433839,1.4541855829919168,-1.3590576901782747,0.0876868563835677,19.2,8.996437271619973,21.929692171409588,2.9387858487432177,8.420047613774777,6.060807219577013,13.523535599601376,5.014300741889049,5.825805558631381,0.6244214372716199,3.342558963569926,3.964685527627062,5.919715424648433,1.5900813863359542,0.36272838002436053,3.2848521758387776,2.6648793046174286,25.945410253571037,105.54072085040417,110.49775772339719,24.048416565164434,59.85859816188683,15.74161222455985,0.3576846417893921,0.0,-2.0093428191783858,-1.356956593954158,1196.0,585.0,794.0,194.0,1468.0,87.0,9089.0,328.0,512.0,16.961576791053044,0.13879930240283467,0.11021946628280369,0.1113234414793489,0.2580427416675894,0.38197730040969996,0.5531880744103643,0.41374548776436715,0.4107457092237848,0.4198882183589857,0.29251752297641453,0.7564271398516221,0.007151699701029786,95.0,0.2584159561510353,0.38791487653637474,71.0,6.0,0,0,0,0.0,0.0,0.0010588235294117646,0,0,0,0,0,0,0,0,0,1,0,0.0,0,0.0,3,0.18076470588235294,0,0.0,0,0.0,,,2001,2020,17,0.6180226995903001
Jamal Crawford,crawfja01,77,185.0,1980-03-20,Michigan,2002,2018,2000-10-31T00:00:00Z,False,17,NBA,"CHI, NYK, GSW, ATL, POR, LAC, MIN",SG,1201,425.0,30.580349708576186,5.386344712739384,13.08992506244796,0.41148781884104063,1.758534554537885,5.044129891756869,0.3486299108616705,3.6278101582014988,8.045795170691092,0.45089516713236055,0.4786591183766936,2.9758534554537883,3.4487926727726896,0.8628681796233704,0.37385512073272276,1.935886761032473,2.309741881765196,3.4704412989175686,0.9184013322231473,0.20399666944213155,1.9084096586178185,1.5520399666944213,15.50707743547044,36727.0,6469,15721,2112.0,6058.0,4357.0,9663.0,3574,4142,449.0,2325.0,2774.0,4168,1103.0,245.0,2292.0,1864.0,18624,0.0,15.406580989462793,0.5306845372614153,0.38373722329621257,0.26517926865793556,1.3968088871947066,7.275622838783456,4.318367958177908,19.301682685762515,1.5550875377787459,0.5210499087864513,11.620227625452664,24.34538895090805,43.199999999999996,18.0,61.39999999999999,0.08045418901625508,1.5177199335638631,-1.4063795028180903,0.10852234051242957,19.699999999999996,9.110060718272662,22.13182127590056,2.9700220546192178,8.537841370109184,6.143142647098865,13.607642878536227,5.031472758461078,5.834579464698996,0.6268794075203528,3.2784817709042393,3.9031039834454213,5.868723282598633,1.5550875377787459,0.35026274947586244,3.235649522149917,2.638083698641327,26.22843412203556,106.08721104364636,110.8168105208702,21.399270291611078,62.45691180875105,15.75320608816402,0.3518120184060773,0.0,-1.8227952187763772,-1.799703215617938,1200.0,582.0,801.0,200.0,1500.0,98.0,9205.0,339.0,517.0,17.020350151114982,0.13527132627222482,0.10989852152367469,0.11165385138998557,0.2597953821439268,0.38373722329621257,0.5632909848340457,0.4142525934598524,0.41669964875976806,0.4236350096659134,0.28551591472213905,0.749720015247638,0.006662618781822637,92.0,0.2614106787921692,0.38552440983472647,73.0,6.0,0,0,0,0.0,0.0,0.0,0,0,0,0,0,0,0,0,0,0,0,0.0,0,0.0,3,0.18076470588235294,0,0.0,0,0.0,,,2001,2020,18,0.6162627767037874
Jamal Crawford,crawfja01,77,185.0,1980-03-20,Michigan,2003,2019,2000-10-31T00:00:00Z,False,17,NBA,"CHI, NYK, GSW, ATL, POR, LAC, MIN, PHO",SG,1242,419.0,30.158615136876005,5.276972624798712,12.859903381642512,0.41034310042574507,1.7334943639291465,4.993558776167472,0.3471460819090616,3.5434782608695654,7.8663446054750406,0.450460593654043,0.47774229902329074,2.9444444444444446,3.4130434782608696,0.8627034677990092,0.3639291465378422,1.9106280193236715,2.2745571658615136,3.49597423510467,0.9001610305958132,0.2028985507246377,1.8993558776167472,1.5466988727858293,15.231884057971014,37457.0,6554,15972,2153.0,6202.0,4401.0,9770.0,3657,4239,452.0,2373.0,2825.0,4342,1118.0,252.0,2359.0,1921.0,18918,0.0,15.288114371145578,0.5300915182742878,0.3871820487492325,0.26722722054622633,1.376808073257335,7.274149024214433,4.307646100862322,19.541121819686577,1.5411271591424833,0.5264863710387913,11.757796940491765,24.26730384173853,42.9,17.799999999999997,61.0,0.07837392209733829,1.4307472568545265,-1.4450970446111542,-0.017112956189764213,18.9,9.029748778599462,21.9952772512481,2.958958272152068,8.547905598419522,6.0706009557626075,13.460768347705368,5.038911284940065,5.841912059161172,0.616656432709507,3.270486157460555,3.8894465653949855,5.96698881383987,1.5411271591424833,0.35189684171182956,3.253733614544678,2.657978481992685,26.06081907253651,106.00755533011186,111.09186533892196,21.566596363830527,62.60421283071255,15.478522038604266,0.3449555490295539,0.0,-2.1104706730384177,-1.9997196785647542,1249.0,593.0,815.0,204.0,1529.0,104.0,9588.0,344.0,522.0,17.091171209653737,0.13312633152681744,0.10851693942387271,0.11365314894412258,0.257838561550578,0.3871820487492325,0.5624101236084043,0.40899642256454066,0.4173770456790453,0.4248078329818192,0.2792963131056945,0.7406364097498465,0.006532770910644204,92.0,0.26051704621299093,0.37692476706623596,74.0,6.0,0,0,0,0.0,0.0,0.0,0,0,0,0,0,0,0,0,0,0,0,0.0,0,0.0,3,0.18076470588235294,0,0.0,0,0.0,,,2001,2020,19,0.6128179512507675
Jamal Crawford,crawfja01,77,185.0,1980-03-20,Michigan,2004,2020,2000-10-31T00:00:00Z,False,17,NBA,"CHI, NYK, GSW, ATL, POR, LAC, MIN, PHO, BRK",SG,1163,388.0,30.49957007738607,5.349957007738607,13.04213241616509,0.41020569620253167,1.7781599312123817,5.1263972484952705,0.34686346863468637,3.5717970765262255,7.915735167669819,0.4512274603519444,0.47837552742616035,3.055030094582975,3.53396388650043,0.8644768856447689,0.3705932932072227,1.8993981083404987,2.2699914015477214,3.4488392089423905,0.8950988822012038,0.1951848667239897,1.9131556319862424,1.5442820292347377,15.533104041272571,35471.0,6222,15168,2068.0,5962.0,4154.0,9206.0,3553,4110,431.0,2209.0,2640.0,4011,1041.0,227.0,2225.0,1796.0,18065,0.0,15.284860872261845,0.5320221025626568,0.3920971497843309,0.27320374390347046,1.3865044684390064,7.175997293563757,4.262420005074568,19.03476642891376,1.5150968396718445,0.5054213301006456,11.66358433650024,24.384015110935696,41.4,16.7,58.300000000000004,0.07908263088156524,1.445561162639903,-1.4806405232443405,-0.037997237179667874,17.7,9.055028051083983,22.064010036367737,3.0024160581883796,8.680987285388063,6.0524118293817475,13.39718643398833,5.1694088128330185,5.983673987200812,0.6231033802261002,3.217732795805024,3.8376532942403654,5.822122297087762,1.5150968396718445,0.33790420343379096,3.239353274505935,2.6284260381720275,26.28550928927857,106.29705956978941,111.32282709819289,17.607510360576246,65.67703194158608,16.34515519720335,0.3642694031744242,0.0,-2.162022497251276,-2.595306024639847,1175.0,559.0,759.0,195.0,1478.0,104.0,8880.0,335.0,499.0,17.17608186969637,0.13035913845112912,0.10734828451411012,0.11355828705139409,0.25691576217191514,0.3920971497843309,0.5629557666826421,0.41027484423895577,0.41721530264159457,0.42643835809534547,0.28089430802627496,0.7417830340277973,0.00611231710411322,82.0,0.26583707817653857,0.37977702912238165,71.0,6.0,0,0,0,0.0,0.0,0.0,0,0,0,0,0,0,0,0,0,0,0,0.0,0,0.0,3,0.18076470588235297,0,0.0,0,0.0,,,2001,2020,20,0.6079028502156693
Mike Miller,millemi01,80,218.0,1980-02-19,Florida,2001,2017,2000-10-31T00:00:00Z,False,17,NBA,"ORL, MEM, MIN, WAS, MIA, MEM, CLE, DEN",SF,1032,570.0,26.949612403100776,3.891472868217054,8.47577519379845,0.45912884417514577,1.5406976744186047,3.7887596899224807,0.40664961636828645,2.35077519379845,4.687015503875969,0.501550547860244,0.5500171487367097,1.309108527131783,1.7025193798449612,0.7689243027888446,0.6124031007751938,3.627906976744186,4.24031007751938,2.5833333333333335,0.5552325581395349,0.22189922480620156,1.5125968992248062,1.9796511627906976,10.632751937984496,27812.0,4016,8747,1590.0,3910.0,2426.0,4837.0,1351,1757,632.0,3744.0,4376.0,2666,573.0,229.0,1561.0,2043.0,10973,1.0,14.321433194304618,0.5766409823097943,0.46147770746440386,0.1951960304904358,2.646792751330361,15.698335250970803,9.138166978282756,15.81990867251546,1.0810189846109592,0.635944915863656,14.422741981878325,18.16306270674529,39.2,21.700000000000003,60.699999999999996,0.10487135049618869,1.2338558895440817,-0.40499424708758813,0.8285811879764131,19.7,7.55742485258162,16.46426003164102,3.001679131310226,7.360905364590824,4.56102401840932,9.112088307205523,2.530321443981016,3.3193010211419534,1.1821084423989643,7.051693513591255,8.221379260750755,5.022414784984899,1.0810189846109592,0.4248202214871279,2.927732633395656,3.8541564792176035,20.655983028908384,109.88893283474759,107.9275852150151,0.11771897022867826,31.14411045591831,63.90824104703006,4.857795196318136,0.013411477060261757,-0.49587228534445565,-0.1310477491730189,783.0,359.0,944.0,259.0,660.0,82.0,6006.0,192.0,371.0,16.818696965338702,0.22210071192291095,0.055065403422982884,0.04501938012368761,0.21668883934992086,0.46147770746440386,0.6491347619732489,0.3653586581331799,0.3035883072055228,0.415331187976413,0.5451135121530275,0.9147373076369912,0.017694915863655975,151.0,0.17311638860923345,0.41226963181360565,1.0,0.0,2,0,0,0.0,0.0,0.058823529411764705,0,0,0,0,0,0,0,1,1,1,0,0.0,1,0.605,1,0.04794117647058823,0,0.0,0,0.0,,,2001,2017,17,0.5385222925355961
Richard Jefferson,jefferi01,79,233.0,1980-06-21,Arizona,2002,2018,2001-10-30T00:00:00Z,False,17,NBA,"NJN, MIL, SAS, GSW, UTA, DAL, CLE, DEN",SF,1181,809.0,29.037256562235395,4.360711261642676,9.400508044030483,0.46388038191316877,0.882303132938188,2.344623200677392,0.37630913687251716,3.478408128704488,7.05588484335309,0.49297971918876754,0.5108088632678797,3.016088060965284,3.928027095681626,0.767837896098297,0.7764606265876376,3.220152413209145,3.9966130397967823,2.0423370025402203,0.6663844199830652,0.2938187976291279,1.4970364098221847,2.232853513971211,12.619813717188823,34293.0,5150,11102,1042.0,2769.0,4108.0,8333.0,3562,4639,917.0,3803.0,4720.0,2412,787.0,347.0,1768.0,2637.0,14904,1.0,14.424430641821946,0.5677973930539761,0.2697843291633861,0.4058487738022337,3.0914530662234276,12.841845274545827,7.958183885924242,12.048998337853206,1.1967806841046278,0.758411337590762,11.76366313824979,19.93433645350363,49.7,33.2,83.19999999999999,0.11621497098533229,0.3847053334499752,-0.14317207593386408,0.2424634765112414,19.299999999999997,7.872831190038782,16.98066952439273,1.576791181873852,4.210366547108738,6.299924182777826,12.776980724929285,5.457758143061266,7.086950689645117,1.4003265972647478,5.815306330738051,7.207438835914035,3.7011722508966844,1.1967806841046278,0.5147260373837226,2.7025019683317293,4.014037850290147,22.79832327297116,110.25390021287143,106.80176712448605,0.0,4.116904324497711,84.36310617327152,11.452453853556118,0.016563146997929608,1.1439302481556004,1.0049747761933925,733.0,503.0,1195.0,301.0,2017.0,139.0,5477.0,382.0,657.0,12.896987723442102,0.32159525267547306,0.09628556848336395,0.07582223777447292,0.23640156883328958,0.2697843291633861,0.6496742775493541,0.34438666783308547,0.3651548420960546,0.3889911352170997,0.6580360715014727,0.9328723937829878,0.09061688974426267,878.0,0.3909780130055696,0.3824693669261949,7.0,0.0,1,0,0,0.003,0.0,0.03676470588235294,0,0,3,0,0,0,0,0,1,1,0,0.0,0,0.024,0,0.0,0,0.0027058823529411765,0,0.0,,,2002,2018,17,0.7302156708366138
Joe Johnson,johnsjo02,79,240.0,1981-06-29,Arkansas,2002,2018,2001-10-30T00:00:00Z,False,17,NBA,"BOS, PHO, ATL, BRK, MIA, UTA, HOU",SG,1276,1091.0,34.66614420062696,6.130094043887147,13.886363636363637,0.44144703425701226,1.5501567398119123,4.177899686520377,0.3710373288313637,4.579937304075235,9.70846394984326,0.47174685179205683,0.49726282521586995,2.1810344827586206,2.717868338557994,0.802479815455594,0.8362068965517241,3.128526645768025,3.9647335423197494,3.919278996865204,0.8393416927899686,0.20376175548589343,1.920846394984326,1.7648902821316614,15.991379310344827,44234.0,7822,17719,1978.0,5331.0,5844.0,12388.0,2783,3468,1067.0,3992.0,5059.0,5001,1071.0,260.0,2451.0,2252.0,20405,2.0,15.451819867070578,0.5284094135732694,0.30355706017995204,0.19052213229642356,2.7752249400913325,10.409128724510557,6.602414432337117,19.559266627481126,1.2551973594972194,0.4485463670479721,11.303655559072208,22.46966586788443,56.60000000000001,26.400000000000002,83.0,0.08997583306958447,1.4580842790613553,-1.074223448026405,0.37969435276032015,26.599999999999998,9.282782475019216,21.055063977935525,2.3395148528281413,6.333691278202288,6.940633901523714,14.71431025907673,3.3111384907537187,4.140538951937423,1.2621671112718722,4.725154858253832,5.979976940814757,5.941526879775738,1.2551973594972194,0.3040783108016458,2.9021815797802595,2.6657525885065785,24.25022380973911,107.08638151648053,109.90297056562825,3.2331238413889767,52.73368901749785,40.06540217931908,3.902043676809694,0.0,0.6641203599041461,2.69160148302211,1128.0,779.0,909.0,247.0,1220.0,65.0,11485.0,259.0,633.0,14.793683591807207,0.15370436768096937,0.19369735949721933,0.13069008002893703,0.21845749875661255,0.30355706017995204,0.5949755165709635,0.49717732965592076,0.42917859565040467,0.3879525252068545,0.309995410769996,0.8651481439616585,0.008664737532215038,138.0,0.3762942306822806,0.40082703350363974,51.0,3.0,0,0,7,0.011705882352941177,0.018,0.0,0,0,6,0,0,1,7,0,1,1,0,0.00011764705882352942,0,0.0,0,0.00011764705882352942,0,0.0025294117647058825,0,0.0,,,2002,2022,17,0.6964429398200479
Joe Johnson,johnsjo02,79,240.0,1981-06-29,Arkansas,2003,2022,2001-10-30T00:00:00Z,False,17,NBA,"PHO, ATL, BRK, MIA, UTA, HOU, BOS",SG,1200,1031.0,35.266666666666666,6.31,14.28,0.4418767507002801,1.6166666666666667,4.3341666666666665,0.3730051913093636,4.693333333333333,9.945833333333333,0.471889400921659,0.4984827264239029,2.285,2.845833333333333,0.8029282576866764,0.8266666666666667,3.175,4.001666666666667,4.0183333333333335,0.8433333333333334,0.2,1.9833333333333334,1.7816666666666667,16.52166666666667,42320.0,7572,17136,1940.0,5201.0,5632.0,11935.0,2742,3415,992.0,3810.0,4802.0,4822,1012.0,240.0,2380.0,2138.0,19826,2.0,15.618251417769377,0.5307139413988659,0.30718986294896033,0.19501890359168245,2.706060964083176,10.3909404536862,6.5614650283553875,19.76475897920605,1.2395274102079397,0.4326134215500945,11.339506143667297,22.762551984877124,55.5,24.5,80.0,0.09066543005671078,1.5789295841209832,-1.14531190926276,0.4292674858223062,26.0,9.395921550094517,21.288631852551987,2.4000496219281664,6.461684782608696,6.993119092627599,14.819565217391304,3.4110893194706993,4.264418714555766,1.2287027410207938,4.712488185255198,5.9335137051039695,5.988400283553875,1.2395274102079397,0.2951937618147448,2.94741729678639,2.645966446124764,24.634002835538755,107.32105387523629,110.12528355387524,3.3793478260869567,53.44352551984877,39.16571361058601,3.9426984877126654,0.0,0.7289957466918715,2.9066611531190927,1092.0,757.0,853.0,239.0,1201.0,65.0,11078.0,256.0,601.0,14.870519848771265,0.15055980623818524,0.19525909735349717,0.12885890831758035,0.21824350189035913,0.30718986294896033,0.5957612240075614,0.4967996691871456,0.4331957939508506,0.3858514177693762,0.29743962665406426,0.8601790879017014,0.007970037807183365,124.0,0.36927228260869566,0.4078177457466919,51.0,3.0,0,0,7,0.011705882352941177,0.018000000000000002,0.0,0,0,6,0,0,1,7,0,0,0,0,0.00011764705882352942,0,0.0,0,0.00011764705882352942,0,0.0025294117647058825,0,0.0,,,2002,2022,18,0.6928101370510397
Tony Parker,parketo01,74,185.0,1982-05-17,,2002,2018,2001-10-30T00:00:00Z,True,17,NBA,SAS,PG,1198,1151.0,31.115191986644408,6.313856427378965,12.82721202003339,0.49222359601744,0.42237061769616024,1.2954924874791318,0.32603092783505155,5.891485809682805,11.531719532554257,0.5108939558450959,0.5086874471269603,2.7621035058430716,3.6736227045075127,0.7518745739604635,0.3564273789649416,2.4090150250417364,2.7654424040066776,5.700333889816361,0.8614357262103506,0.07595993322203673,2.328881469115192,1.674457429048414,15.812186978297161,37276.0,7564,15367,506.0,1552.0,7058.0,13815.0,3309,4401,427.0,2886.0,3313.0,6829,1032.0,91.0,2790.0,2006.0,18943,1.0,18.321920270415276,0.5450858997746539,0.10847301212576456,0.28393397896770034,1.3556175555317094,8.754965661551669,5.1516498551346706,32.17367743320099,1.4785438351754479,0.1790159888400043,14.0126837643524,25.060628822835067,65.1,45.4,110.3,0.14222470222126837,1.5175072432664447,-0.3115060628822835,1.2048878635046678,30.400000000000002,10.677722931645027,21.730596094001505,0.7079568623242837,2.1866053224594912,9.975077798047002,19.53050488249812,4.678935508101729,6.236613370533319,0.5989725292413349,4.093864685052044,4.685312265264514,9.646598347462175,1.4785438351754479,0.13002736345101404,3.940685695890117,2.8352371499087887,26.787104303036806,108.50493615194763,104.65116965339628,97.14151196480309,2.9010623457452516,0.0,0.0,0.0,7.88680920699646,2.1410585899774657,1327.0,860.0,776.0,236.0,1751.0,102.0,15791.0,400.0,983.0,10.451386951389635,0.34839373859856204,0.1834138587831312,0.09135384697928961,0.2685719766069321,0.10847301212576456,0.6418772668741282,0.44651995922309257,0.3823982186929928,0.40979828844296595,0.27047464856744285,0.8723201255499518,0.0006330614872840433,8.0,0.4589423221375684,0.36998803519690954,6.0,0.0,4,1,6,0.012647058823529414,0.1116470588235294,0.05041176470588235,0,0,5,0,3,4,13,1,1,1,0,0.022294117647058825,0,0.0,0,0.0,0,0.01735294117647059,0,0.0,,,2002,2019,17,0.8915269878742353
Tony Parker,parketo01,74,185.0,1982-05-17,,2003,2019,2001-10-30T00:00:00Z,True,17,NBA,"SAS, CHO",PG,1177,1079.0,30.5964316057774,6.379779099405267,12.906542056074766,0.4943058389836087,0.38912489379779097,1.2013593882752762,0.32390381895332393,5.990654205607477,11.705182667799491,0.5117950206866516,0.509380554275558,2.796941376380629,3.7085811384876806,0.7541809851088201,0.3466440101954121,2.371282922684792,2.717926932880204,5.694137638062871,0.8190314358538657,0.07731520815632965,2.305862361937128,1.6083262531860663,15.945624468988955,36012.0,7509,15191,458.0,1414.0,7051.0,13777.0,3292,4365,408.0,2791.0,3199.0,6702,964.0,91.0,2714.0,1893.0,18768,1.0,18.65461235143841,0.547191463956459,0.09671048539375765,0.2856263745418194,1.3379595690325448,8.7703237809619,5.143046762190381,32.72588581583916,1.426094079751194,0.18942019326891038,13.756592247028767,25.53622681328446,64.89999999999999,42.8,107.4,0.14340608685993558,1.669432411418416,-0.4242696878818171,1.2440103298900367,29.699999999999996,10.942785738087304,22.172939575696986,0.661385093857603,2.055998000666445,10.286898811507275,20.10576752193713,4.808333333333334,6.383411085193825,0.5891314006442296,4.083958125069421,4.671595579251361,9.766391758302788,1.426094079751194,0.1303565478173942,3.9526435632566916,2.7616572253693215,27.398117294235256,109.03351660557593,105.09905031656115,96.03851493946462,4.005553704320782,0.0,0.0,0.0,7.851049650116628,2.602882372542486,1280.0,844.0,716.0,231.0,1748.0,105.0,15550.0,408.0,981.0,10.333469399089193,0.3459509052538043,0.18965941908252806,0.09464128623792069,0.27318863156725537,0.09671048539375765,0.6447343385538153,0.4577068754859492,0.397958985893591,0.40878626568921467,0.26877246473397753,0.8730006386759968,0.0005293790958569366,7.0,0.47010688103965337,0.37094524047539706,7.0,0.0,4,1,6,0.012647058823529412,0.1116470588235294,0.0,0,0,5,0,3,4,13,0,0,0,0,0.022294117647058825,0,0.0,0,0.0,0,0.01735294117647059,0,0.0,,,2002,2019,18,0.9032895146062423
Zach Randolph,randoza01,81,250.0,1981-07-16,Michigan State,2002,2018,2001-10-30T00:00:00Z,False,17,NBA,"POR, NYK, LAC, MEM, SAC",PF,1116,883.0,31.017921146953405,6.663082437275985,14.134408602150538,0.4714086471408647,0.17831541218637992,0.6532258064516129,0.2729766803840878,6.484767025089606,13.481182795698924,0.4810235958790296,0.47771649549892226,3.14247311827957,4.114695340501792,0.7637195121951219,2.9381720430107525,6.208781362007168,9.146953405017921,1.836021505376344,0.7473118279569892,0.26971326164874554,2.0519713261648747,2.3557347670250897,16.64695340501792,34616.0,7436,15774,199.0,729.0,7237.0,15045.0,3507,4592,3279.0,6929.0,10208.0,2049,834.0,301.0,2290.0,2629.0,18578,1.0,19.345493413450427,0.5224341056159002,0.04396276288421539,0.29241928587936217,11.009484053616823,23.772946036514906,17.29722093829443,10.919950311994455,1.2742055696787613,0.687771550727987,11.384495608966951,26.55726542639242,44.099999999999994,37.1,81.30000000000001,0.11252527732840306,1.5252484400277329,-1.3554656806101226,0.1701323087589555,19.0,11.382161428241275,24.156384330945233,0.29544430321238735,1.1069563207765194,11.073827131962098,23.054518141899702,5.382297203605269,7.041570372082274,5.025967760573145,10.609796048070256,15.612892881904322,3.1339467298359134,1.2742055696787613,0.4617691241044603,3.5082100762653106,4.019178992373469,28.425025999537784,106.16316154379477,106.28778599491565,0.0,0.0,0.05159463831754102,75.8228275941761,24.241420152530623,-1.2162785994915646,2.2306159001617747,780.0,721.0,992.0,410.0,2015.0,71.0,4702.0,515.0,1320.0,8.35126819967645,0.3615490813496649,0.2784149526230645,0.12242382135428702,0.19360526923965793,0.04396276288421539,0.5939077016408597,0.43613103767044137,0.37944332100762657,0.39319979200369776,0.49476802634619826,0.830470736075803,0.009878524381788769,134.0,0.16456199445343198,0.2202854171481396,38.0,5.0,0,0,2,0.00023529411764705883,0.01576470588235294,0.0,0,0,1,0,0,1,6,0,0,0,0,0.0,0,0.0,0,0.005705882352941177,1,0.036941176470588234,0,0.0,,,2002,2018,17,0.9560372371157846
Tyson Chandler,chandty01,84,235.0,1982-10-02,,2002,2018,2001-10-31T00:00:00Z,False,17,NBA,"CHI, NOK, NOH, CHA, DAL, NYK, DAL, PHO",C,1079,875.0,28.28822984244671,3.227988878591288,5.418906394810009,0.5956900974858902,0.0,0.009267840593141797,0.0,3.227988878591288,5.409638554216867,0.5967106390268974,0.5956900974858902,2.164967562557924,3.3493975903614457,0.6463752075262866,3.1621872103799813,6.192771084337349,9.354958294717331,0.8563484708063022,0.5588507877664504,1.2085264133456906,1.4884151992585728,2.897126969416126,8.6209453197405,30523.0,3483,5847,0.0,10.0,3483.0,5837.0,2336,3614,3412.0,6682.0,10094.0,924,603.0,1304.0,1606.0,3126.0,9302,0.0,16.300452118074894,0.6272727123808275,0.0018655767781672835,0.6221683648396291,12.654191920846575,25.178861841889724,18.849257936637947,4.66937391475281,1.0240802018150248,3.3765815942076465,17.86810274219441,13.41855649837827,55.1,44.099999999999994,99.50000000000001,0.1563744389476788,-0.2372538741277071,0.4522589522655047,0.19667791501490675,16.900000000000002,5.928974871408446,9.961714117223078,0.0,0.0025620024244012714,5.928974871408446,9.941388461160434,3.9805916849588834,6.163837106444321,5.808075877207352,11.32105952887986,17.13517675195754,1.563542246830259,1.0240802018150248,2.2129639943649058,2.7255872620646726,5.312102349048258,15.82309078399895,118.79746420731907,103.04262359532156,0.0,0.0,0.11663335845100416,11.56963601218753,88.50044228942109,0.594384562461095,2.012855879173083,448.0,376.0,1485.0,462.0,1601.0,125.0,2077.0,355.0,402.0,2.8060446220882613,0.7526591750483242,0.15406378796317532,0.046350358745863775,0.04528575172820496,0.0018655767781672835,0.6775058480490123,0.3461859253677555,0.34323821380598235,0.23159322478131245,0.652758739311339,0.0,0.3152422107918619,1687.0,0.03376142581004488,0.0,4.0,0.0,1,0,1,0.09405882352941176,0.010352941176470589,0.006294117647058823,1,3,6,0,0,1,6,0,0,1,0,0.0,0,0.0,0,0.00029411764705882356,0,0.007764705882352942,1,0.04064705882352942,,,2002,2020,17,0.9981344232218328
Tyson Chandler,chandty01,84,235.0,1982-10-02,,2003,2019,2001-10-31T00:00:00Z,False,17,NBA,"CHI, NOK, NOH, CHA, DAL, NYK, DAL, PHO, LAL",C,1063,850.0,28.230479774223895,3.191909689557855,5.307619943555974,0.6013824884792627,0.0,0.010348071495766699,0.0,3.191909689557855,5.2972718720602066,0.6025572722429409,0.6013824884792627,2.119473189087488,3.2728127939793037,0.6475998850244323,3.189087488240828,6.272812793979304,9.461900282220132,0.8532455315145814,0.5606773283160865,1.160865475070555,1.4571966133584195,2.8758231420507996,8.503292568203198,30009.0,3393,5642,0.0,11.0,3393.0,5631.0,2253,3479,3390.0,6668.0,10058.0,907,596.0,1234.0,1549.0,3057.0,9039,0.0,16.304498650404877,0.6312528907994268,0.0021891099336865606,0.6246659335532674,12.764127428438135,25.43136059182245,19.039181578859676,4.603029091272618,1.0227798327168516,3.2671331933753205,17.939981338931656,13.127884967842979,55.6,43.9,99.80000000000001,0.15950711453230695,-0.17313139391515886,0.49258888999966677,0.3008164217401445,17.4,5.858289179912694,9.749958345829585,0.0,0.005521676830284247,5.858289179912694,9.726368756039854,3.8914392348961977,6.010106967909627,5.846772634876204,11.447595721283616,17.300513179379518,1.5514379019627444,1.0227798327168516,2.1238561764803894,2.6605318404478657,5.260375220767103,15.594015128794695,119.74887533739879,103.09657102869139,0.0,0.0,0.02605884901196308,9.268352827485089,90.84921190309574,0.9184344696591024,1.9667899630110965,417.0,355.0,1449.0,461.0,1538.0,127.0,2053.0,335.0,387.0,2.720243926821953,0.7592512246326102,0.15363954147089207,0.04274707587723683,0.04237238828351495,0.0021891099336865606,0.6818737712019727,0.3508309507147856,0.33314855543336996,0.21598097237495417,0.649513146056183,0.0,0.3215720283914826,1654.0,0.03433969809057283,0.0,4.0,0.0,1,0,1,0.09405882352941176,0.010352941176470589,0.0,1,3,6,0,0,1,6,0,0,0,0,0.0,0,0.0,0,0.00029411764705882356,0,0.007764705882352942,1,0.04064705882352942,,,2002,2020,18,0.9978108900663135
Tyson Chandler,chandty01,84,235.0,1982-10-02,,2004,2020,2001-10-31T00:00:00Z,False,17,NBA,"CHI, NOK, NOH, CHA, DAL, NYK, DAL, PHO, LAL, HOU",C,1014,787.0,28.00887573964497,3.106508875739645,5.104536489151874,0.6085780525502318,0.0,0.010848126232741617,0.0,3.106508875739645,5.093688362919132,0.6098741529525653,0.6085780525502318,2.0532544378698225,3.1568047337278107,0.6504217432052484,3.201183431952663,6.276134122287968,9.477317554240631,0.8254437869822485,0.5571992110453649,1.1203155818540433,1.4023668639053255,2.829388560157791,8.266272189349113,28401.0,3150,5176,0.0,11.0,3150.0,5165.0,2082,3201,3246.0,6364.0,9610.0,837,565.0,1136.0,1422.0,2869.0,8382,0.0,16.294507235660717,0.6361760501390796,0.0023130523573113623,0.6269388753917117,12.908774338931728,25.698732438998626,19.241875286081477,4.453195310024294,1.0263828738424703,3.205834301609098,17.985669518678918,12.753072074926939,54.099999999999994,42.099999999999994,96.5,0.16298665539945778,-0.13222069645435028,0.516094503714658,0.364177317700081,16.900000000000002,5.749938382451322,9.456409985563889,0.0,0.005834301609098271,5.749938382451322,9.431484806872998,3.800144361114045,5.843709728530686,5.916326889898245,11.538829618675399,17.46087813809373,1.5142107672265057,1.0263828738424703,2.0642266117390236,2.579824654061477,5.211802401323898,15.28445477271927,120.87958170486955,103.14830463716066,0.0,0.0,0.027534241752050985,7.605929368684201,92.51829160945037,1.5534699482412593,2.4522657652899547,377.0,304.0,1368.0,437.0,1421.0,129.0,1904.0,307.0,347.0,2.6084398436674765,0.772445653322066,0.14850758776099435,0.03545368120840816,0.041426323016795184,0.0023130523573113623,0.684729727826485,0.3434831520016901,0.3282090419351431,0.2204898771170029,0.6488302524558995,0.0,0.33162437942325973,1574.0,0.03628393366430759,0.0,4.0,0.0,1,0,1,0.09405882352941176,0.010352941176470589,0.0,1,3,6,0,0,1,6,0,0,0,0,0.0,0,0.0,0,0.00029411764705882356,0,0.007764705882352942,1,0.04064705882352942,,,2002,2020,19,0.9976869476426886
Pau Gasol,gasolpa01,84,250.0,1980-07-06,,2002,2018,2001-11-01T00:00:00Z,True,17,NBA,"MEM, LAL, CHI, SAS",C,1196,1144.0,33.98076923076923,6.637123745819398,13.072742474916389,0.5077070674768148,0.14464882943143811,0.39548494983277593,0.3657505285412262,6.49247491638796,12.677257525083611,0.512135602163303,0.5132395267029102,3.952341137123746,5.243311036789297,0.7537872747568171,2.561036789297659,6.776755852842809,9.33779264214047,3.238294314381271,0.5025083612040134,1.6103678929765886,2.1923076923076925,2.1764214046822743,17.37123745819398,40641.0,7938,15635,173.0,473.0,7765.0,15162.0,4727,6271,3063.0,8105.0,11168.0,3873,601.0,1926.0,2622.0,2603.0,20776,10.0,21.41312959818902,0.5655707782780934,0.030726237051253658,0.40266076130016487,8.59408971235944,22.094067567235058,15.429849167097267,16.663586033808226,0.7605964420166827,3.5278191973622697,12.454622179572354,23.396104918678184,89.4,53.7,142.79999999999998,0.16893934696488766,2.818830737432642,0.7679756895745675,3.557491203464482,57.099999999999994,10.126871878152604,19.949639526586452,0.2164759725400458,0.5986245417189537,9.912617799758863,19.370679855318517,6.049678895696464,8.03799365173101,3.912069092788071,10.326812824487586,14.231628158755935,4.939509362466476,0.7605964420166827,2.4610270416574394,3.3553037572894366,3.328800964543195,26.53172412096159,113.34150242366084,103.80475382003395,0.0,0.0,0.0,31.71915061145149,68.50645899461135,2.2807977165916196,3.368143008292119,1184.0,976.0,1466.0,210.0,2563.0,134.0,8956.0,600.0,1205.0,7.720068403828644,0.35690763022563415,0.3035038753967668,0.15068172535124627,0.15850732019389285,0.030726237051253658,0.6567743657882434,0.4342556777638345,0.40690443148544575,0.4229279545286779,0.6002038581727811,0.9183653945522994,0.0945500110725622,1366.0,0.38568327550995296,0.3337098250535174,4.0,0.0,2,0,6,0.0037058823529411765,0.0841764705882353,0.058823529411764705,0,0,4,0,2,4,13,1,1,1,0,0.0,1,0.929,0,0.0,0,0.0007058823529411765,0,0.0,,,2002,2019,17,0.9692737629487465
Pau Gasol,gasolpa01,84,250.0,1980-07-06,,2003,2019,2001-11-01T00:00:00Z,True,17,NBA,"MEM, LAL, CHI, SAS, MIL",C,1144,1071.0,33.21153846153846,6.493881118881119,12.819055944055943,0.5065802932151381,0.1555944055944056,0.42045454545454547,0.3700623700623701,6.338286713286713,12.398601398601398,0.5112098138747885,0.5126491646778043,3.861013986013986,5.09965034965035,0.7571134727459718,2.4886363636363638,6.755244755244755,9.243881118881118,3.236013986013986,0.4938811188811189,1.548951048951049,2.11013986013986,2.1302447552447554,17.00437062937063,37994.0,7429,14665,178.0,481.0,7251.0,14184.0,4417,5834,2847.0,7728.0,10575.0,3702,565.0,1772.0,2414.0,2437.0,19453,10.0,21.519884718639783,0.5651902932041901,0.03377875454019056,0.3992935726693689,8.559846291519714,22.51696583671106,15.631573406327314,16.91330736432068,0.7648181291782913,3.4980996999526237,12.25360056851082,23.385242406695795,85.1,51.400000000000006,136.29999999999998,0.17247820708532927,2.9059746275727747,0.8255487708585566,3.7001658156551036,54.800000000000004,10.118710849081433,19.987763857451174,0.23913775859346212,0.6494709691003843,9.889864189082486,19.351413381060166,6.040208980365321,7.98434752855714,3.8806390482707798,10.512496710006845,14.385376638416592,5.041303890087908,0.7648181291782913,2.414002210875401,3.301247565405064,3.328578196557351,26.53638469231984,113.78944043796389,103.73095751960835,0.0,0.0,0.0,33.92898878770332,66.31233879033532,2.8513581091751328,2.7178317629099333,1107.0,894.0,1378.0,189.0,2385.0,135.0,8589.0,546.0,1106.0,7.978072853608465,0.34840101068589774,0.29933707953887456,0.15370213717955467,0.16513057324840769,0.03377875454019056,0.6515886192556719,0.4387924935516134,0.41403242617255354,0.4280884876559457,0.5936507869663632,0.9126780017897563,0.08817152708322366,1197.0,0.41474216981628675,0.3569590198452387,4.0,0.0,2,0,6,0.0037058823529411765,0.08382352941176471,0.0,0,0,4,0,2,4,12,0,0,0,0,0.0,0,0.0,0,0.0,0,0.0007058823529411765,0,0.0,,,2002,2019,18,0.9662212454598093
Nenê,hilarne01,83,250.0,1982-09-13,,2003,2019,2002-10-30T00:00:00Z,False,17,NBA,"DEN, WAS, HOU",C,965,626.0,26.152331606217615,4.3264248704663215,7.897409326424871,0.5478283689804487,0.007253886010362694,0.054922279792746116,0.1320754716981132,4.319170984455958,7.842487046632124,0.5507399577167019,0.5482876262957617,2.644559585492228,4.0041450777202074,0.660455486542443,1.749222797927461,4.290155440414508,6.0393782383419685,1.7813471502590674,1.078756476683938,0.7471502590673575,1.749222797927461,3.0404145077720206,11.304663212435234,25237.0,4175,7621,7.0,53.0,4168.0,7568.0,2552,3864,1688.0,4140.0,5828.0,1719,1041.0,721.0,1688.0,2934.0,10909,0.0,17.061964575821218,0.5871903950548797,0.006883227007964496,0.5141378531521179,7.617866624400682,18.6209969489242,13.140931964972065,11.213266236081944,2.0829456750009903,2.2032888219677456,15.24514799698855,19.35167016681856,37.2,36.1,73.20000000000002,0.13935297380829734,-0.22618774022268892,1.1918651186749614,0.9585132939731346,18.800000000000004,8.379629115980505,15.31191108293379,0.004746998454649919,0.10269049411578239,8.368700717200936,15.206740103815825,5.134346396164362,7.7546023695367925,3.4036058168562033,8.312101279866862,11.694868645243094,3.4738915084994257,2.0829456750009903,1.4495621508103185,3.40789317272259,5.891528311605976,21.91412608471688,111.00344731941198,103.2233625232793,0.0,0.0,0.010540080041209335,27.311368229187305,72.70812695645283,4.254000079248722,5.809973451678092,561.0,480.0,1287.0,362.0,1784.0,186.0,3883.0,458.0,643.0,5.602262551016365,0.5662742402028768,0.17379775726116417,0.1121946744858739,0.14112747156952093,0.006883227007964496,0.6890667274240202,0.3791388437611443,0.36871565558505365,0.35812247890002774,0.7017941910686689,0.3666045885010104,0.17977548837025006,1224.0,0.16817363395015256,0.0,6.0,0.0,0,0,0,0.004,0.0016470588235294116,0.041999999999999996,0,0,4,0,0,0,2,1,1,1,0,0.0,0,0.003,0,0.0,0,0.0061764705882352946,0,0.0,,,2003,2019,17,0.9931167729920355
Udonis Haslem,hasleud01,80,235.0,1980-06-09,Florida,2004,2020,2003-10-28T00:00:00Z,False,17,NBA,MIA,PF,858,500.0,25.13053613053613,3.0804195804195804,6.293706293706293,0.48944444444444446,0.005827505827505828,0.0675990675990676,0.08620689655172414,3.0745920745920747,6.226107226107226,0.4938225383751404,0.4899074074074074,1.435897435897436,1.900932400932401,0.7553648068669528,1.872960372960373,4.833333333333333,6.706293706293707,0.8496503496503497,0.49184149184149184,0.2902097902097902,0.9370629370629371,2.3811188811188813,7.602564102564102,21562.0,2643,5400,5.0,58.0,2638.0,5342.0,1232,1631,1607.0,4147.0,5754.0,729,422.0,249.0,804.0,2043.0,6523,0.0,12.973620257861052,0.5332205732306836,0.010457285966051388,0.30141197477042947,9.018486225767555,22.364316853724144,15.817943604489379,5.395979037195065,1.037598553009925,0.9195992950561173,11.701331045357575,15.077743252017438,23.299999999999997,27.7,50.8,0.11300510156757258,-1.4227761803172247,-0.5289026991930247,-1.964126704387348,0.20000000000000015,6.501818013171319,13.290687320285688,0.011608385121973843,0.13680549114182355,6.490209628049346,13.15569056673778,3.0409145719321025,4.016301827288749,3.951094518133754,10.197031815230497,14.167966793432889,1.795436415916891,1.037598553009925,0.6214822372692701,1.9759159632687138,5.034597903719507,16.07606437250719,109.4812169557555,104.39184676746127,0.0,0.0,10.60379371115852,78.8525646971524,10.656664502365272,1.879547351822651,0.36051386698822013,303.0,246.0,1012.0,140.0,660.0,199.0,1672.0,141.0,356.0,9.87049438827567,0.35335966051386697,0.09700686392727949,0.21041007327706146,0.3289603932844819,0.010457285966051388,0.653298348947222,0.364466468787682,0.39736610704016323,0.4094358593822466,0.7749253316018924,0.06358408310917354,0.06934468045635842,321.0,0.08574357666264726,0.012354883591503572,5.0,0.0,3,0,0,0.0058823529411764705,0.0,0.022058823529411766,0,0,3,0,0,0,0,0,1,1,0,0.0,0,0.0,0,0.00047058823529411766,0,0.0015294117647058822,0,0.00047058823529411766,,,2004,2023,17,0.9895427140339487
Udonis Haslem,hasleud01,80,235.0,1980-06-09,Florida,2005,2021,2003-10-28T00:00:00Z,False,17,NBA,MIA,PF,784,476.0,25.216836734693878,3.1122448979591835,6.32015306122449,0.4924318869828456,0.006377551020408163,0.07015306122448979,0.09090909090909091,3.1058673469387754,6.25,0.4969387755102041,0.4929364278506559,1.3928571428571428,1.846938775510204,0.7541436464088398,1.808673469387755,4.928571428571429,6.737244897959184,0.8647959183673469,0.4961734693877551,0.2869897959183674,0.9311224489795918,2.354591836734694,7.623724489795919,19770.0,2440,4955,5.0,55.0,2435.0,4900.0,1092,1448,1418.0,3864.0,5282.0,678,389.0,225.0,730.0,1846.0,5977,0.0,12.91398583712696,0.5344009610520991,0.010769600404653516,0.29159787556904404,8.737334344967122,22.699312089023774,15.85638846737481,5.440192210419828,1.0408548305513405,0.9030804248861912,11.645199797673243,15.014446130500758,20.6,25.6,46.0,0.11169858371269603,-1.4482094081942338,-0.49406676783004555,-1.955852301466869,0.20000000000000007,6.533257460799192,13.265609509357612,0.012660596863935256,0.1401264542235711,6.520596863935255,13.12745574102175,2.926135558927668,3.8719018715225086,3.791704602933738,10.343004552352047,14.147268588770862,1.8129084471421344,1.0408548305513405,0.6142589782498735,1.955270612038442,4.946181082448153,16.027020738492663,109.53864441072332,104.61001517450683,0.0,0.0,8.296358118361153,80.27991906929691,11.546990389479008,2.0418765806777945,0.4759484066767831,276.0,220.0,927.0,123.0,578.0,200.0,1549.0,123.0,297.0,10.076449165402124,0.34624183105715733,0.09054638340920587,0.21348745574102174,0.3390758219524532,0.010769600404653516,0.6585533131006575,0.3636363682346991,0.4071149721800708,0.4100488619119879,0.7868467374810318,0.06934749620637329,0.06936545270612038,293.0,0.0632811330298432,0.013474759736975216,4.0,0.0,3,0,0,0.0058823529411764705,0.0,0.0,0,0,3,0,0,0,0,0,0,0,0,0.0,0,0.0,0,0.00047058823529411766,0,0.0015294117647058822,0,0.00047058823529411766,,,2004,2023,18,0.9892303995953464
Udonis Haslem,hasleud01,80,235.0,1980-06-09,Florida,2006,2022,2003-10-28T00:00:00Z,False,17,NBA,MIA,PF,717,396.0,23.9581589958159,2.9400278940027893,6.05997210599721,0.4851553509781358,0.008368200836820083,0.07670850767085077,0.10909090909090909,2.9316596931659693,5.98326359832636,0.48997668997668997,0.48584579976985043,1.2789400278940029,1.709902370990237,0.7479608482871125,1.6499302649930265,4.739191073919107,6.389121338912134,0.800557880055788,0.4560669456066946,0.2580195258019526,0.8675034867503487,2.232914923291492,7.167364016736402,17178.0,2108,4345,6.0,55.0,2102.0,4290.0,917,1226,1183.0,3398.0,4581.0,574,327.0,185.0,622.0,1601.0,5139,0.0,12.490441262079404,0.5258640121085109,0.012083595296309233,0.28140738153452094,8.385399930143207,23.083944580277098,15.8711782512516,5.315770171149143,1.013942251717313,0.8743334497613225,11.41156129933636,15.056356968215157,15.299999999999999,21.700000000000003,36.9,0.10301810455233439,-1.7287984631505413,-0.6187157992781466,-2.3475666550238676,-1.5000000000000002,6.500739317731982,13.379945278845035,0.017470019792758182,0.15729421352893236,6.483269297939225,13.22492141110723,2.831330771917569,3.779654208871813,3.6435382465944812,10.470095470951218,14.12808825241588,1.7710385376644544,1.013942251717313,0.5852660379555245,1.922208638956805,4.94181511235301,15.860175806263827,108.15560600768424,105.0328326929794,0.0,0.0,9.54820118756549,77.23891023402025,13.35475608336244,0.9590639189661196,-0.10378390965188015,228.0,187.0,824.0,111.0,483.0,201.0,1325.0,100.0,266.0,10.396530445919199,0.3242070089649552,0.09626644545348703,0.2145592618465479,0.3530230527418792,0.012083595296309233,0.6581781930376062,0.37521486785423214,0.4049343928280359,0.40111945511701014,0.7949899289789264,0.08464314821283037,0.06114536034462685,223.0,0.0764534870182792,0.017116951915240427,1.0,0.0,3,0,0,0.003941176470588235,0.0,0.0,0,0,2,0,0,0,0,0,0,0,0,0.0,0,0.0,0,0.00047058823529411766,0,0.0,0,0.00047058823529411766,,,2004,2023,19,0.9879164047036908
Udonis Haslem,hasleud01,80,235.0,1980-06-09,Florida,2007,2023,2003-10-28T00:00:00Z,False,17,NBA,MIA,PF,643,317.0,22.951788491446344,2.827371695178849,5.883359253499222,0.48057097541633625,0.013996889580093312,0.09642301710730948,0.14516129032258066,2.8133748055987557,5.786936236391913,0.486159634506853,0.4817605075337034,1.1881804043545878,1.6049766718507,0.7403100775193798,1.5863141524105755,4.569206842923795,6.155520995334371,0.744945567651633,0.432348367029549,0.2643856920684292,0.8444790046656299,2.171073094867807,6.85692068429238,14758.0,1818,3783,9.0,62.0,1809.0,3721.0,764,1032,1020.0,2938.0,3958.0,479,278.0,170.0,543.0,1396.0,4409,0.0,12.256017075484486,0.5199930207345169,0.015050074535844966,0.27149756064507385,8.40714188914487,23.348610922889282,15.9856484618512,5.19158422550481,0.9979062203550618,0.9472625016939964,11.525437051090933,15.242044992546417,11.299999999999999,18.700000000000003,29.900000000000002,0.0972497628404933,-1.984218728825044,-0.7220558341238649,-2.7063355468220625,-2.6000000000000005,6.537023986990108,13.579123187423772,0.030437728689524327,0.21339612413606182,6.506586258300582,13.367888602791707,2.7520734516872207,3.7073587206938607,3.6637078194877355,10.556403306681121,14.23693589917333,1.7238717983466596,0.9979062203550618,0.6204567014500609,1.9538352080227674,5.02965849031034,15.868559425396397,106.76345033202331,105.08632606044179,0.0,0.0,11.113904323079009,74.85289334598184,14.198333107467137,-0.03372408185391004,-1.1700636942675158,195.0,168.0,747.0,98.0,415.0,170.0,1110.0,90.0,241.0,10.315374712020601,0.327734652391923,0.1010699281745494,0.21089307494240409,0.3452408862989565,0.015050074535844966,0.6464547364141482,0.38348753218593307,0.40092397343813524,0.39414615801599134,0.7932482721235938,0.10333378506572706,0.056144396259655775,176.0,0.0911263043772869,0.021126507656864076,0.0,0.0,2,0,0,0.003941176470588235,0.0,0.0,0,0,2,0,0,0,0,0,0,0,0,0.0,0,0.0,0,0.00047058823529411766,0,0.0,0,0.00047058823529411766,0,0.0,2004,2023,20,0.9849499254641552
Kyle Korver,korveky01,79,212.0,1981-03-17,Creighton,2004,2020,2003-10-28T00:00:00Z,False,17,NBA,"PHI, UTA, CHI, ATL, CLE, UTA, MIL",SG,1232,423.0,25.310876623376622,3.330357142857143,7.530032467532467,0.4422765980381589,1.9886363636363635,4.638798701298701,0.42869641294838146,1.3417207792207793,2.8912337662337664,0.46406513194834365,0.574323595990083,1.0527597402597402,1.2004870129870129,0.8769438810006761,0.2800324675324675,2.676948051948052,2.9569805194805197,1.7159090909090908,0.6525974025974026,0.32711038961038963,1.047077922077922,2.0470779220779223,9.70211038961039,31183.0,4103,9277,2450.0,5715.0,1653.0,3562.0,1297,1479,345.0,3298.0,3643.0,2114,804.0,403.0,1290.0,2522.0,11953,0.0,12.751479973062246,0.605477054805503,0.6237982233909501,0.15737254273161658,1.2942885546611937,11.938723022159511,6.675624539011641,10.413148189718758,1.319773594586794,1.0421319308597634,11.598329217843053,16.2184106724818,42.7,30.4,73.5,0.11301744540294391,0.5354327678542796,0.1040663181861912,0.6177564698714043,20.8,6.728897155501396,15.207783086938395,4.004649969534682,9.340499631209312,2.7264855850944425,5.882362184523619,2.131597344707052,2.427992816598788,0.5735336561588045,5.391219574768302,5.968377000288619,3.446730590385787,1.319773594586794,0.6448545681942084,2.111753198858352,4.129477599974345,19.59779366962768,113.58294583587211,107.34672738351024,0.8214411698681974,47.33733123817465,43.86194400795305,7.784818651188147,0.0,3.508219222011993,3.2118943013821633,735.0,290.0,1419.0,138.0,273.0,181.0,4622.0,73.0,232.0,20.971041913863324,0.0570956290286374,0.022257832793509284,0.06829092774909408,0.22849190263925861,0.6237982233909501,0.6182765288779143,0.36417009267870315,0.4361826636308245,0.4471412949363435,0.8502305102138986,0.9658210884135587,0.002266459288715005,20.0,0.285923099124523,0.47591739088605967,3.0,0.0,0,0,1,0.0,0.00017647058823529413,0.0010588235294117646,0,0,0,0,0,0,1,0,0,1,0,0.0,0,0.0,0,0.005705882352941177,0,0.0008823529411764705,0,0.0,,,2004,2020,17,0.37620177660904985
Carmelo Anthony,anthoca01,79,238.0,1984-05-29,Syracuse,2004,2020,2003-10-29T00:00:00Z,True,17,NBA,"DEN, NYK, OKC, HOU, POR",SF,1122,1114.0,35.67825311942959,8.442959001782532,18.84402852049911,0.4480442699711488,1.2914438502673797,3.699643493761141,0.3490725126475548,7.151515151515151,15.144385026737968,0.4722222222222222,0.4823109303315518,5.393048128342246,6.640819964349376,0.8121057576164273,1.6836007130124777,4.827985739750446,6.5115864527629235,2.8966131907308377,1.0071301247771836,0.49376114081996436,2.6131907308377897,2.8814616755793225,23.570409982174688,40031.0,9473,21143,1449.0,4151.0,8024.0,16992.0,6051,7451,1889.0,5417.0,7306.0,3250,1130.0,554.0,2932.0,3233.0,26446,2.0,19.896844945167494,0.5400145886937624,0.19873995153755838,0.34967787464714845,5.361819589817891,15.31762883765082,10.320878818915341,15.053518523144563,1.4300666983088108,1.1077964577452475,10.667170442906746,30.354315405560687,66.9,35.49999999999999,102.39999999999999,0.12276648097724265,2.7227698533636433,-1.204406584896705,1.5263196023082108,35.60000000000001,12.019607304339136,26.85831230796133,1.8419799655267166,5.283537758237366,10.18150933026904,21.581646723789067,7.708508405985361,9.462726387050036,2.4008518398241363,6.857555394569209,9.262321700681973,4.123896480227824,1.4300666983088108,0.7100472134096076,3.7199645274911948,4.098061502335691,33.59862856286378,107.44967650071194,108.11763383377883,0.0,2.960405685593665,67.56333841273013,28.628088231620495,1.1198321300991732,1.8582673428093228,2.1467712522794837,968.0,775.0,1207.0,635.0,3012.0,142.0,7443.0,628.0,1359.0,12.813467063026156,0.30329112437860656,0.08074722090379956,0.14481589268317058,0.27280022982188806,0.19873995153755838,0.5835890684719343,0.34201211561040196,0.39260408183657663,0.41333693887237394,0.42803329919312527,0.8216119007768979,0.05121505832979441,1005.0,0.12138485173990159,0.35155404561464865,45.0,0.0,0,0,10,0.0,0.1421764705882353,0.058823529411764705,0,0,0,0,2,6,13,1,1,1,0,0.026647058823529413,0,0.729,0,0.0,0,0.002235294117647059,0,0.0,,,2004,2022,17,0.8012600484624417
Carmelo Anthony,anthoca01,79,238.0,1984-05-29,Syracuse,2005,2021,2003-10-29T00:00:00Z,True,17,NBA,"DEN, NYK, OKC, HOU, POR",SF,1109,1035.0,34.919747520288546,8.274120829576194,18.44454463480613,0.4485944756783183,1.3642921550946798,3.843101893597836,0.35499765368371655,6.909828674481515,14.601442741208295,0.4732291730994874,0.485578098264483,5.21190261496844,6.384129846708746,0.8163841807909604,1.5671776375112714,4.764652840396754,6.331830477908025,2.81965734896303,0.9729486023444545,0.49684400360685305,2.4761045987376016,2.842200180342651,23.12443642921551,38726.0,9176,20455,1513.0,4262.0,7663.0,16193.0,5780,7080,1738.0,5284.0,7022.0,3127,1079.0,551.0,2746.0,3152.0,25645,2.0,19.843324898001345,0.5427180447244746,0.2123872592057016,0.34241504415638074,5.103883695708309,15.412965449568766,10.238447038165575,14.895016268140266,1.403514434746682,1.1550689459278003,10.336827970872282,30.181147033001086,64.9,33.89999999999999,98.89999999999999,0.12251007075349894,2.699509373547488,-1.177983783504622,1.5220162164953777,34.4,12.007343903320766,26.792002788824046,1.9770774156897173,5.585647885141765,10.034279295563705,21.213458658265765,7.601464132624076,9.27757578887569,2.2812838919588905,6.902308526571296,9.179904973402882,4.092165470226721,1.403514434746682,0.7278417600578423,3.599052316273305,4.117827815937613,33.60681970768992,108.06972060114651,108.7463719464959,0.0,2.750813407013376,63.03434385167588,32.07253524763725,2.4231265816247483,1.7979212931880388,2.001688787894438,918.0,723.0,1210.0,608.0,2867.0,147.0,7214.0,601.0,1240.0,13.23855807467851,0.28126031606672525,0.08193247430666734,0.1553546712802768,0.26951662965449574,0.2123872592057016,0.5832350100707534,0.3531817641894334,0.39901252388576147,0.41693735474874766,0.4137546093064091,0.8240294892320406,0.04673617208077261,892.0,0.12796266074471932,0.35521471362908635,45.0,0.0,0,0,10,0.0,0.1408235294117647,0.0,0,0,0,0,2,6,12,0,0,0,0,0.02658823529411765,0,0.0,0,0.0009411764705882353,0,0.002235294117647059,0,0.0,,,2004,2022,18,0.7876127407942984
Carmelo Anthony,anthoca01,79,238.0,1984-05-29,Syracuse,2006,2022,2003-10-29T00:00:00Z,True,17,NBA,"DEN, NYK, OKC, HOU, POR, LAL",SF,1103,963.0,34.370806890299185,8.127833182230281,18.085222121486854,0.4494184880689793,1.4687216681776971,4.080689029918404,0.35992001777382804,6.659111514052584,14.00453309156845,0.4754968602317602,0.4900240625626629,4.9465095194922934,6.043517679057117,0.8184818481848185,1.5040797824116048,4.737080689029918,6.241160471441523,2.7207615593834995,0.9592021758839528,0.5194922937443336,2.339981867633726,2.800543970988214,22.670897552130555,37911.0,8965,19948,1620.0,4501.0,7345.0,15447.0,5456,6666,1659.0,5225.0,6884.0,3001,1058.0,573.0,2581.0,3089.0,25006,2.0,19.82103874864815,0.545584078499644,0.23411257946242517,0.32812368441877027,4.955202975389728,15.5228825406874,10.218635752156366,14.578892669673714,1.4057397589090237,1.240953812877529,9.984197198702224,29.786043628498323,64.8,32.699999999999996,97.6,0.12354002796022262,2.7489435783809446,-1.1310754134683867,1.6136398406794863,34.60000000000001,11.952037667167842,26.615979531006833,2.153725831552847,5.993795995885099,9.802410909762338,20.62944000422041,7.311276410540476,8.90303342037931,2.2181082007860513,6.949223180607212,9.163564664609217,4.003856400517,1.4057397589090237,0.7684260504866661,3.449407823586822,4.1048824879322625,33.3808103189048,108.69895281052993,109.11497982116009,0.0,2.6035715227770306,59.135396059191265,35.43633773838727,3.042758038564005,1.508947271240537,1.9350821661259263,873.0,672.0,1212.0,572.0,2724.0,149.0,6979.0,574.0,1138.0,13.704167655825486,0.2622963256047058,0.0822061934530875,0.16127416844715256,0.2605244915723669,0.23411257946242517,0.5887090817968399,0.36288544221993624,0.4072292210704017,0.4234756139379072,0.40258771860409903,0.8327882936350927,0.04320487457466172,813.0,0.1305458837804331,0.3751133180343436,40.0,0.0,0,0,10,0.0,0.1403529411764706,0.0,0,0,0,0,2,6,11,0,0,0,0,0.02658823529411765,0,0.0,0,0.0009411764705882353,0,0.002235294117647059,0,0.0,,,2004,2022,19,0.7658874205375749
LeBron James,jamesle01,81,250.0,1984-12-30,,2004,2020,2003-10-29T00:00:00Z,False,17,NBA,"CLE, MIA, CLE, LAL",SF,1265,1264.0,38.380237154150194,9.866403162055336,19.589723320158104,0.5036519914450587,1.482213438735178,4.310671936758894,0.3438474234366404,8.384189723320159,15.27905138339921,0.5487375827814569,0.5414833945361366,5.85296442687747,7.969960474308301,0.734378099583416,1.1928853754940711,6.241897233201581,7.434782608695652,7.388142292490119,1.592885375494071,0.7565217391304347,3.4972332015810275,1.8379446640316206,27.06798418972332,48551.0,12481,24781,1875.0,5453.0,10606.0,19328.0,7404,10082,1509.0,7896.0,9405.0,9346,2015.0,957.0,4424.0,2325.0,34241,94.0,27.488749974253878,0.5860380424708038,0.21854301662169678,0.40674540174249757,3.6728388704661077,18.498294576836727,11.19400630265082,36.465518732878834,2.16338901361455,1.565506374739964,13.174017013037838,31.54269736977611,165.7,70.8,236.60000000000002,0.23375102469568085,7.112850404729047,1.8250767234454492,8.921107701180203,133.7,13.34352536508002,26.51057444748821,1.9896026858355131,5.803781590492471,11.342293670573211,20.700243043397663,7.959162530122964,10.805779489608865,1.6314123293032068,8.403969022265246,10.029272311589873,9.945729233177483,2.16338901361455,1.0138905480834586,4.707853597248254,2.4862804061708306,36.61579576115837,116.0582068340508,103.44353360383926,3.6192869353875308,6.653766142818892,59.893184486416345,27.977178636897282,1.9347696236946716,7.132621367222097,11.298308994665403,2445.0,1066.0,854.0,489.0,4472.0,163.0,21842.0,1265.0,933.0,11.919381681118823,0.3595577845976396,0.12211313876130253,0.09889615043974379,0.20086459599184367,0.21854301662169678,0.7316386686165064,0.4204405882474099,0.36709863854503505,0.382488846779675,0.34720477436098124,0.4885974748202921,0.07993897139090854,1901.0,0.13968604148215277,0.39033675928405187,34.0,2.0,4,4,16,0.29558823529411765,0.8616470588235294,0.058823529411764705,5,6,13,13,15,16,17,1,1,1,4,0.5185882352941177,1,0.861,0,0.0,0,0.0065882352941176465,0,0.05211764705882353,,,2004,2025,17,0.7814569833783032
LeBron James,jamesle01,81,250.0,1984-12-30,,2005,2021,2003-10-29T00:00:00Z,False,17,NBA,"CLE, MIA, CLE, LAL",SF,1231,1230.0,38.12591389114541,9.976441917140535,19.587327376116978,0.5093314532183145,1.5564581640942323,4.484971567831032,0.34703857996739723,8.419983753046305,15.102355808285946,0.5575278360497015,0.5490627073656271,5.877335499593826,8.023558082859465,0.7325098714184469,1.1689683184402924,6.401299756295694,7.570268074735987,7.498781478472786,1.570268074735987,0.7506092607636068,3.5085296506904955,1.8245329000812347,27.38667749796913,46933.0,12281,24112,1916.0,5521.0,10365.0,18591.0,7235,9877,1439.0,7880.0,9319.0,9231,1933.0,924.0,4319.0,2246.0,33713,99.0,27.994598683229288,0.5930710800502844,0.2275195704514947,0.4102137089041826,3.637138047855453,19.10735516587476,11.487750623228857,37.21289923934119,2.1428994524108838,1.5810687575906077,13.19064837108218,31.77650480472163,166.29999999999998,70.8,237.10000000000002,0.24235710480898306,7.394136321990923,2.001612937591886,9.375145420066904,134.60000000000002,13.544101165491233,26.59396799693179,2.0939765197196003,6.052560032386594,11.4314426949055,20.53463234824111,8.02694692433895,10.922221038501693,1.6034112458185075,8.651249653761747,10.248341252423668,10.12521040632391,2.1428994524108838,1.0079602838088337,4.737208360854836,2.4793982911810453,37.18200626424904,117.12696823130847,103.48844096904098,5.152110455329939,2.793833763023885,61.226258709223785,28.941682824451878,2.0014701808961712,7.827061981974304,11.881153985468647,2417.0,1026.0,829.0,463.0,4416.0,174.0,21694.0,1262.0,884.0,12.030705473760467,0.3611900368610573,0.11892891994971552,0.09492853642426438,0.19737470436579801,0.2275195704514947,0.7417431018686212,0.426443547184284,0.37123891504911255,0.3839885794643428,0.34025148616112333,0.47244923614514306,0.08042437091172523,1858.0,0.1279443675026101,0.3968882023309825,31.0,2.0,4,4,17,0.29558823529411765,0.8775294117647059,0.0,5,6,13,13,16,17,17,0,0,0,4,0.5181176470588235,0,0.0,0,0.0,0,0.0065882352941176465,0,0.052117647058823525,,,2004,2025,18,0.7724804295485054
LeBron James,jamesle01,81,250.0,1984-12-30,,2006,2022,2003-10-29T00:00:00Z,False,17,NBA,"CLE, MIA, CLE, LAL",SF,1207,1206.0,37.8036454018227,10.046396023198012,19.59320629660315,0.5127489534441203,1.6313173156586578,4.690140845070423,0.34781840664193603,8.415078707539354,14.903065451532726,0.5646542139203914,0.554378620660493,5.809444904722453,7.934548467274234,0.7321708259371411,1.152444076222038,6.461474730737366,7.613918806959403,7.458989229494615,1.5153272576636287,0.7713338856669428,3.523612261806131,1.84009942004971,27.533554266777134,45629.0,12126,23649,1969.0,5661.0,10157.0,17988.0,7012,9577,1391.0,7799.0,9190.0,9003,1829.0,931.0,4253.0,2221.0,33233,101.0,28.083010804532204,0.5971563917683929,0.23719564312169888,0.4064300335313068,3.6096473733809646,19.322867036314623,11.597628701045387,37.23110740976133,2.0738806460803443,1.658758684170155,13.26236165596441,31.95459685726183,161.79999999999998,68.5,230.3,0.24206601065112102,7.4008328036994016,1.969127090227706,9.356192333822788,130.6,13.666994674439502,26.662304674658657,2.196581121655088,6.332130881676127,11.458622805671832,20.32320454097175,7.964362576431656,10.843529334414516,1.5795239869381317,8.757226763680992,10.33481776940104,10.104269214753776,2.0738806460803443,1.041307063490324,4.773687786276271,2.5073615463849745,37.47903087948454,117.35334984330142,103.86778145477656,5.299349098161257,2.8736768283328584,56.19619101886958,31.481382454141006,4.342304236340923,7.7989063972473645,11.663201034429859,2388.0,1015.0,828.0,457.0,4318.0,192.0,21303.0,1254.0,859.0,12.10636875671174,0.3632638015297289,0.11859516973854346,0.09199116789760899,0.18889432159372332,0.23719564312169888,0.7454643538100769,0.43239551600955534,0.37523794078327377,0.3867232680970436,0.33552238707839316,0.47435657147866483,0.0802767757347301,1817.0,0.12124414297924567,0.38561217646672075,31.0,2.0,4,4,17,0.29558823529411765,0.8574705882352941,0.0,5,6,13,13,15,17,17,0,0,0,4,0.5138823529411765,0,0.0,0,0.0,0,0.0011176470588235294,0,0.052117647058823525,,,2004,2025,19,0.7628043568783011
LeBron James,jamesle01,81,250.0,1984-12-30,,2007,2023,2003-10-29T00:00:00Z,False,17,NBA,"CLE, MIA, CLE, LAL",SF,1183,1181.0,37.38123415046492,10.025359256128487,19.48013524936602,0.5146452592753309,1.6593406593406594,4.783601014370245,0.3468810743947694,8.366018596787828,14.696534234995774,0.5692511215920856,0.5572358429160339,5.631445477599324,7.68385460693153,0.7328932893289329,1.1673710904480135,6.517328825021132,7.684699915469146,7.486897717666948,1.4843617920540997,0.7582417582417582,3.525781910397295,1.7988165680473374,27.341504649196956,44222.0,11860,23045,1963.0,5659.0,9897.0,17386.0,6662,9090,1381.0,7710.0,9091.0,8857,1756.0,897.0,4171.0,2128.0,32345,98.0,27.89688842657501,0.598746845461535,0.2425873547103252,0.3972299081904934,3.6903758310343266,19.557080186332595,11.774126000633169,37.403021120709155,2.040882366243047,1.6593912532223782,13.383655194247208,31.888989643164038,153.0,66.60000000000001,219.6,0.23823278006422144,7.309305323142326,1.936685360227941,9.231785084347157,125.19999999999999,13.69934874044593,26.614438514766405,2.242603229161956,6.479675274750124,11.4401610058342,20.123153633937857,7.7576703903034705,10.55716837773054,1.6092736646917825,8.877999638189138,10.485278820496585,10.197024105648774,2.040882366243047,1.0337840893672832,4.803959567636019,2.459520148342454,37.3825629777034,117.38403961828953,104.26125005653294,5.46795712541269,2.8891049703767355,50.65607616118674,36.44032382072272,4.789765275202388,7.960779702410564,11.632694134141376,2375.0,983.0,806.0,449.0,4126.0,185.0,20983.0,1207.0,841.0,12.114700827642348,0.3613368685269776,0.1240808873411424,0.09148539188639139,0.1804035095653747,0.2425873547103252,0.7516352946497218,0.4353739315272942,0.37909520148342457,0.3863202930667994,0.34062226945864055,0.48550474876758176,0.0806302745239926,1777.0,0.11457609334720274,0.3836098095970332,26.0,2.0,4,4,17,0.29264705882352937,0.8100588235294118,0.0,5,6,12,12,14,17,17,0,0,0,4,0.4815294117647059,0,0.0,0,0.0,0,0.0007647058823529412,0,0.05211764705882353,0,0.0,2004,2025,20,0.7574126452896749
LeBron James,jamesle01,81,250.0,1984-12-30,,2008,2024,2003-10-29T00:00:00Z,False,17,NBA,"CLE, MIA, CLE, LAL",SF,1176,1174.0,37.02040816326531,10.011054421768707,19.296768707482993,0.5187943418675363,1.711734693877551,4.857142857142857,0.35241596638655465,8.299319727891156,14.439625850340136,0.5747600259113126,0.5631472260168334,5.506802721088436,7.4770408163265305,0.7364949391561469,1.155612244897959,6.568027210884353,7.723639455782313,7.63265306122449,1.4625850340136055,0.7482993197278912,3.542517006802721,1.7304421768707483,27.2406462585034,43536.0,11773,22693,2013.0,5712.0,9760.0,16981.0,6476,8793,1359.0,7724.0,9083.0,8976,1720.0,880.0,4166.0,2035.0,32035,102.0,27.90440095553106,0.6039696572951121,0.24886420433664094,0.39012525266446163,3.689751010657847,19.75896729143697,11.917663542815141,38.01698364571848,2.0169445975744216,1.6650542080117605,13.585882947445793,31.799469404630656,150.7,63.7,214.39999999999998,0.23632501837559727,7.308505604557148,1.8577659867695704,9.157593715545755,122.5,13.725022969496509,26.448895167217938,2.321747519294377,6.604943035648657,11.386429621462698,19.839486861448,7.619990352811467,10.316425486953325,1.6010680815876517,8.983386163175304,10.576676773245131,10.430347298787211,2.0169445975744216,1.0243890113928704,4.849561282616685,2.3793848768834986,37.37511714443219,117.92900128629181,105.13361356119074,5.554116133774348,2.9346288129364204,44.47760474090408,41.66776920249908,5.612941014332966,7.867741639103272,11.740596288129362,2413.0,980.0,766.0,429.0,4030.0,177.0,21282.0,1185.0,851.0,12.078847390665198,0.36247356210951853,0.12935784178610804,0.08927988331495773,0.16978606210951858,0.24886420433664094,0.7547582230797502,0.4402079658213892,0.37661957919882394,0.3881059353178979,0.34748823961778763,0.49628309904446904,0.0810018375597207,1753.0,0.1112784362366777,0.3834059399117971,22.0,1.0,4,4,17,0.2926470588235294,0.784470588235294,0.0,5,6,12,12,13,17,17,0,0,0,4,0.4731764705882353,0,0.0,0,0.0,0,0.0007647058823529412,0,0.05211764705882353,0,0.003,2004,2025,21,0.7511357956633591
LeBron James,jamesle01,81,250.0,1984-12-30,,2009,2025,2003-10-29T00:00:00Z,False,17,NBA,"CLE, MIA, CLE, LAL",SF,1171,1170.0,36.68061485909479,9.931682322801025,19.061485909479078,0.521034003852874,1.7497865072587533,4.9094790777113575,0.356409810401809,8.181895815542271,14.15200683176772,0.5781438571083756,0.566932485103714,5.28266438941076,7.133219470538002,0.7405722494912008,1.1084543125533732,6.608881298035866,7.71733561058924,7.69598633646456,1.4107600341588387,0.7156276686592656,3.5619128949615715,1.681468830059778,26.895815542271563,42953.0,11630,22321,2049.0,5749.0,9581.0,16572.0,6186,8353,1298.0,7739.0,9037.0,9012,1652.0,838.0,4171.0,1969.0,31495,105.0,27.524016948757946,0.6065062510185552,0.25456119479431005,0.37714913975740927,3.587975228738389,19.979014271412943,12.014110772239425,38.19741345191255,1.95484599445906,1.625011058598934,13.848839429143482,31.58293017949852,144.9,61.9,206.9,0.23112704584080274,7.108637347798757,1.7395827998044375,8.832377249551836,117.39999999999999,13.670081251600589,26.2278583568086,2.383013992037809,6.705811002723908,11.269992782809117,19.517521476963193,7.33571112611459,9.879251740274253,1.5403720345493914,9.075035503922892,10.613214443694272,10.562463623029823,1.95484599445906,0.9851512117896305,4.894135450375992,2.3211091192698996,37.04904197611343,118.0120829744139,105.71799408655973,5.629502013829069,3.202058063464717,43.410285661071406,42.319442180988524,5.675552347915163,7.7883267757781764,10.830235373547831,2449.0,976.0,743.0,409.0,3838.0,176.0,21371.0,1130.0,841.0,12.145482271319814,0.3548768654110307,0.1378579610271692,0.09128351919539963,0.16123567620422324,0.25456119479431005,0.7597443717551743,0.4430750820664447,0.3889986962493889,0.3895763276139036,0.3504729588154495,0.5142886177915397,0.0804250459804903,1715.0,0.11110108723488464,0.38324964496077113,22.0,1.0,4,4,17,0.28870588235294115,0.7619411764705882,0.0,5,6,11,11,13,17,17,0,0,0,4,0.4536470588235294,0,0.0,0,0.0,0,0.00029411764705882356,0,0.052117647058823525,0,0.011333333333333334,2004,2025,22,0.74543880520569
Trevor Ariza,arizatr01,80,215.0,1985-06-30,UCLA,2005,2021,2004-11-03T00:00:00Z,False,17,NBA,"NYK, ORL, LAL, HOU, NOH, WAS, HOU, PHO, WAS, POR, SAC, MIA",SF,1094,758.0,29.69926873857404,3.749542961608775,8.871115173674589,0.4226687274600721,1.4488117001828154,4.117915904936015,0.3518312985571587,2.30073126142596,4.753199268738574,0.48403846153846153,0.5043276661514683,1.5612431444241317,2.1316270566727606,0.7324185248713551,0.9789762340036563,3.841864716636197,4.8208409506398535,2.149908592321755,1.476234003656307,0.3190127970749543,1.336380255941499,1.9972577696526508,10.509140767824498,32491.0,4102,9705,1585.0,4505.0,2517.0,5200.0,1708,2332,1071.0,4203.0,5274.0,2352,1615.0,349.0,1462.0,2185.0,11497,1.0,13.160832230463821,0.5373134406451017,0.46190212674279024,0.2443389554030347,3.800043088855375,14.786479332738297,9.254199624511404,11.023791203717954,2.51308977870795,0.8799452155981656,11.885272844787789,16.69174848419562,25.099999999999998,38.9,64.1,0.09467609491859284,-0.29792557939121606,0.975251608137638,0.675073097165369,22.1,6.395146348219506,15.127481456403311,2.439026191868517,6.927733833984795,3.9675079252716134,8.204721307438982,2.685140500446278,3.671755255301468,1.6948354929057279,6.546542119356129,8.239927980056015,3.659428764888738,2.51308977870795,0.542091656150934,2.2908959404142686,3.4078021605983198,17.922550860238218,107.21802960819919,106.15111877135206,0.0,4.801298821212028,80.19109907358961,14.933119940906712,0.11387768920624172,1.6246098919700838,0.9910252069803946,695.0,344.0,823.0,188.0,1044.0,152.0,5454.0,222.0,481.0,14.729174232864485,0.3116411313902312,0.07701554276568898,0.03890585085100489,0.1104527407589794,0.46190212674279024,0.6242938967714137,0.2751628758733188,0.20338546058908621,0.3156460866085993,0.5893074697608568,0.8731514265488906,0.06765488904619742,612.0,0.3943674556030901,0.3660798374934597,24.0,1.0,1,0,0,0.011235294117647059,0.00011764705882352942,0.001,0,0,6,0,0,0,1,0,0,1,0,0.0,0,0.0,0,0.00011764705882352942,0,0.0,0,0.001176470588235294,,,2005,2022,17,0.5380978732572097
Trevor Ariza,arizatr01,80,215.0,1985-06-30,UCLA,2006,2022,2004-11-03T00:00:00Z,False,17,NBA,"NYK, ORL, LAL, HOU, NOH, WAS, HOU, PHO, WAS, POR, SAC, MIA, LAL",SF,1038,757.0,30.415221579961464,3.8179190751445087,9.070327552986512,0.4209240573552841,1.5433526011560694,4.398843930635838,0.3508541392904074,2.2745664739884393,4.671483622350674,0.486904516395133,0.5060010621348912,1.5385356454720616,2.096339113680154,0.7339154411764706,0.9556840077071291,3.9710982658959537,4.926782273603083,2.210019267822736,1.5009633911368014,0.3246628131021195,1.348747591522158,1.9797687861271676,10.717726396917149,31571.0,3963,9415,1602.0,4566.0,2361.0,4849.0,1597,2176,992.0,4122.0,5114.0,2294,1558.0,337.0,1400.0,2055.0,11125,1.0,13.064584587121091,0.5375231383231446,0.4848490703493712,0.23455535143010992,3.6161287257293084,14.888305723607107,9.212017357701688,11.025795825282698,2.487155934243452,0.8793734756580407,11.77237971556175,16.559944252636914,24.100000000000005,37.99999999999999,62.2,0.09453216559500806,-0.302369262931171,0.974479744068924,0.671255265908587,21.400000000000002,6.342348991162775,15.066795476861676,2.536454341009154,7.220404801875138,3.8176142662570083,7.851509296506287,2.5766589591713913,3.5132685059073196,1.6100250229641127,6.588796680497925,8.197329828006716,3.662585917455893,2.487155934243452,0.5360267333945709,2.25118304773368,3.288324728389978,17.807601913148144,107.25314370783313,106.22881758575909,0.0,4.109499223971366,79.66985524690381,16.12935922207089,0.14646352665420798,1.6279750403851636,0.838890120680371,673.0,326.0,800.0,172.0,973.0,156.0,5338.0,213.0,452.0,15.068740299642075,0.30203775616863576,0.07536733077824585,0.03769079218269931,0.09992626144246301,0.4848490703493712,0.6272526369136232,0.277121820658199,0.199375471160242,0.3083412942257135,0.590549713344525,0.8694549745019163,0.06325035633967882,557.0,0.38090903043932717,0.36487802096861044,23.0,1.0,1,0,0,0.011235294117647059,0.00011764705882352942,0.0,0,0,6,0,0,0,1,0,0,0,0,0.0,0,0.0,0,0.00011764705882352942,0,0.0,0,0.0011764705882352942,,,2005,2022,18,0.5151509296506287
Dwight Howard,howardw01,82,265.0,1985-12-08,,2005,2021,2004-11-03T00:00:00Z,True,17,NBA,"ORL, LAL, HOU, ATL, CHO, WAS, LAL, PHI",C,1182,1051.0,32.56006768189509,5.851945854483925,9.980541455160745,0.5863355090277189,0.011844331641285956,0.07445008460236886,0.1590909090909091,5.840101522842639,9.906091370558375,0.5895465026902382,0.5869288802237858,4.4543147208121825,7.875634517766497,0.5655816951337416,3.4120135363790185,8.661590524534686,12.073604060913706,1.3883248730964468,0.8857868020304569,1.8544839255499155,2.753807106598985,3.212351945854484,16.17005076142132,38486.0,6917,11797,14.0,88.0,6903.0,11709.0,5265,9309,4033.0,10238.0,14271.0,1641,1047.0,2192.0,3255.0,3797.0,19113,1.0,21.349883074364705,0.6020931767395936,0.0078043704204126185,0.7864560619446033,12.162555214883334,29.72723327963415,21.10400145507457,7.324203606506263,1.3913526996830017,4.410247882346827,17.076838330821595,22.43418126071818,63.5,74.89999999999999,138.5,0.1724422387361638,0.8967572623811255,1.0551525229953749,1.9769864366263055,38.7,9.205446136257342,15.698612482461156,0.009608688873876215,0.09424206204853713,9.192444005612431,15.596520812763085,7.036714649482929,12.41834952969911,5.338185314140207,13.594413552980306,18.93946370108611,2.170378839058359,1.3913526996830017,2.9312996933950006,4.337491555370785,5.028360962427897,25.45697396455854,110.65286078054358,99.7305513693291,0.0,0.0,0.0,12.25788598451385,87.74211401548615,3.895003377851686,4.053060853297303,639.0,962.0,1737.0,806.0,3945.0,64.0,3921.0,884.0,997.0,3.565088603648079,0.5994996362313568,0.3325368965338045,0.04099968819830588,0.019357948344852677,0.0078043704204126185,0.7174807722288624,0.41137850127319026,0.2602884945174869,0.3336151847425038,0.5784717559632073,0.36610195915397803,0.26924273761887435,2910.0,0.12768648339655977,0.07684009769786417,27.0,0.0,1,0,8,0.2540588235294118,0.32494117647058823,0.058823529411764705,4,5,10,5,6,8,11,1,1,1,0,0.07352941176470588,0,0.256,0,0.00011764705882352942,0,0.0013529411764705882,3,0.19070588235294117,,,2005,2022,17,0.9921956295795875
Dwight Howard,howardw01,82,265.0,1985-12-08,,2006,2022,2004-11-03T00:00:00Z,True,17,NBA,"ORL, LAL, HOU, ATL, CHO, WAS, LAL, PHI, LAL",C,1160,996.0,31.712931034482757,5.775,9.775,0.5907928388746803,0.01896551724137931,0.08706896551724137,0.21782178217821782,5.75603448275862,9.687931034482759,0.5941448656344546,0.5917629420583825,4.382758620689655,7.794827586206897,0.5622649856226498,3.331034482758621,8.568965517241379,11.9,1.3801724137931035,0.8655172413793103,1.803448275862069,2.704310344827586,3.1724137931034484,15.951724137931034,36787.0,6699,11339,22.0,101.0,6677.0,11238.0,5084,9042,3864.0,9940.0,13804.0,1601,1004.0,2092.0,3137.0,3680.0,18504,1.0,21.567939761328727,0.6057991953679288,0.009741946883409902,0.7961101747900072,12.184581509772473,30.183097289803467,21.343036942398133,7.4750944627178075,1.39161388533993,4.439750455323892,17.071802538940386,22.643583331068037,61.900000000000006,72.7,134.7,0.1754912333161171,0.9256367738603312,1.1111425231739473,2.0630141082447606,37.699999999999996,9.318520129393537,15.779693913610789,0.020610541767472207,0.11707124799521569,9.294359420447442,15.654410525457362,7.101087340636639,12.615809932856715,5.345888493217712,13.790776633049719,19.146486530567863,2.2138771848750918,1.39161388533993,2.925484546171202,4.37352869220105,5.091695435887678,25.76838285263816,111.08554652458749,99.66534373555876,0.0,0.0,0.0,6.436975018348873,93.56302498165113,4.1217250659200255,4.168320330551554,600.0,923.0,1691.0,793.0,3834.0,67.0,3841.0,866.0,959.0,3.5799739038247207,0.6008490227526029,0.33267366189142905,0.03936991328458422,0.017645744420583358,0.009741946883409902,0.7247214233288933,0.4118710685840107,0.2667878054747601,0.3178863185364395,0.5848280370783157,0.4061060972626199,0.2691746812732759,2788.0,0.13709421806616467,0.10678413570011146,27.0,0.0,1,0,8,0.25405882352941184,0.32494117647058823,0.0,4,5,10,5,6,8,11,0,0,0,0,0.07352941176470588,0,0.0,0,0.00011764705882352942,0,0.0013529411764705882,3,0.19058823529411767,,,2005,2022,18,0.9902580531165901
Andre Iguodala,iguodan01,78,215.0,1984-01-28,Arizona,2005,2021,2004-11-03T00:00:00Z,False,17,NBA,"PHI, DEN, GSW, MIA",SF,1192,784.0,32.54278523489933,4.173657718120805,9.00503355704698,0.4634805291596795,0.8917785234899329,2.6803691275167787,0.3327073552425665,3.2818791946308723,6.324664429530201,0.5189017111022682,0.5129960871995528,2.360738255033557,3.3313758389261743,0.7086376227650466,0.9177852348993288,4.057046979865772,4.974832214765101,4.206375838926174,1.4546979865771812,0.5100671140939598,1.8481543624161074,1.7911073825503356,11.599832214765101,38791.0,4975,10734,1063.0,3195.0,3912.0,7539.0,2814,3971,1094.0,4836.0,5930.0,5014,1734.0,608.0,2203.0,2135.0,13827,9.0,15.420316568276146,0.5567830166791266,0.3154568843288391,0.35632515274161536,3.2528369982727954,14.086672166224124,8.710675156608492,19.42522492330695,2.274197623160011,1.2661802995540203,15.144848031759945,17.032695728390607,50.699999999999996,48.5,98.8,0.12205730710731871,0.8096620350081205,1.3437317934572452,2.14169523858627,40.5,6.605808048258617,14.241313706787658,1.3849423835425745,4.210291046892321,5.193127271789848,10.047405325977676,3.7644814518831686,5.318241344641798,1.4398236704390193,6.376553839808204,7.8128586527802835,6.6117527261478175,2.274197623160011,0.7888118377974273,2.9193060245933338,2.805980768735016,18.364870717434457,111.40878038720322,105.46299399345209,0.5280348534453868,31.600345440952797,64.32448248305019,3.710499858214534,0.0,3.795380371735712,4.028266866025625,1151.0,550.0,1140.0,179.0,1665.0,206.0,11192.0,299.0,334.0,13.637054986981516,0.32525951896058364,0.07211273233481993,0.08583684359774174,0.20120494444587658,0.3154568843288391,0.7163909927560517,0.3241515042148952,0.33006212781315253,0.38162937279265813,0.5530791162898611,0.8431538501198731,0.15062924389678017,1485.0,0.3285330875718594,0.3425024103529169,59.0,2.0,3,1,1,0.11094117647058824,0.00047058823529411766,0.0568235294117647,1,2,14,0,0,0,4,1,1,1,0,0.0,0,0.022,0,0.07370588235294118,0,0.001764705882352941,0,0.015588235294117648,,,2005,2023,17,0.6845431156711608
Andre Iguodala,iguodan01,78,215.0,1984-01-28,Arizona,2006,2022,2004-11-03T00:00:00Z,False,17,NBA,"PHI, DEN, GSW, MIA, GSW",SF,1141,702.0,32.171779141104295,4.164767747589833,9.035056967572306,0.4609564458240373,0.9053461875547765,2.740578439964943,0.3303485769107771,3.259421560035057,6.294478527607362,0.5178223336118073,0.5110582985740615,2.342681858019281,3.3137598597721296,0.7069558317905316,0.8992112182296231,3.978965819456617,4.87817703768624,4.278702892199825,1.4224364592462753,0.5100788781770377,1.8334794040315512,1.7221735319894829,11.577563540753724,36708.0,4752,10309,1033.0,3127.0,3719.0,7182.0,2673,3781,1026.0,4540.0,5566.0,4882,1623.0,582.0,2092.0,1965.0,13210,8.0,15.50957284515637,0.5537900185245723,0.32438607388035307,0.35108406886782173,3.230748065816716,13.9509207802114,8.644679633867275,19.886896589299333,2.2491391522283974,1.293083251607279,14.985221205186877,17.249882859322216,48.5,45.6,93.8,0.12240252805927863,0.8920426065162907,1.327100359594639,2.2051378446115293,38.900000000000006,6.668257600523047,14.456750572082381,1.4206739675275142,4.350201590933857,5.218271221532091,10.123861283643894,3.785610766045549,5.3536204642039875,1.425059932439795,6.324002942137954,7.752661545167265,6.801473793178599,2.2491391522283974,0.7972866949983656,2.93249700337801,2.7315053939195817,18.554165304565764,111.55442955214123,105.72520976353928,0.428081072245832,28.485016890051217,66.9770894627874,4.266018306636155,0.016426936907486107,4.170987250735535,4.130072463768116,1110.0,516.0,1047.0,168.0,1586.0,214.0,10913.0,287.0,313.0,13.954546692819005,0.31331129454069956,0.0718175057208238,0.0854840906614362,0.20488106134902473,0.32438607388035307,0.7184530620028331,0.3348030402092187,0.3244252479023646,0.3854894573389997,0.5462248828593222,0.8364308052740548,0.14390176528277213,1380.0,0.31562980821619263,0.343489566307072,61.0,2.0,4,1,1,0.10605882352941177,0.00047058823529411766,0.0,1,2,13,0,0,0,4,0,0,0,0,0.0,0,0.0,0,0.07370588235294118,0,0.001764705882352941,0,0.015235294117647059,,,2005,2023,18,0.675613926119647
Andre Iguodala,iguodan01,78,215.0,1984-01-28,Arizona,2007,2023,2004-11-03T00:00:00Z,False,17,NBA,"PHI, DEN, GSW, MIA, GSW",SF,1067,620.0,31.61668228678538,4.1377694470477975,9.030927835051546,0.45817766708177665,0.9165885660731021,2.7910028116213685,0.32840832773673606,3.2211808809746953,6.239925023430178,0.5162210874136377,0.5089248650892486,2.260543580131209,3.2193064667291473,0.7021834061135371,0.8547328959700093,3.9268978444236176,4.781630740393627,4.354264292408622,1.3983130271790065,0.528584817244611,1.8256794751640113,1.6663542642924085,11.452671040299906,33735.0,4415,9636,978.0,2978.0,3437.0,6658.0,2412,3435,912.0,4190.0,5102.0,4646,1492.0,564.0,1948.0,1778.0,12220,8.0,15.546983844671706,0.5496359567215059,0.3339435008151771,0.33631516229435304,3.1230146731880835,13.96288128056914,8.601873425226028,20.527425522454426,2.242647102415889,1.3690054839187789,15.015995257151326,17.45684600563213,43.599999999999994,43.1,86.39999999999999,0.12272559656143468,0.9379576107899806,1.4131584407884987,2.3362116496220544,36.9,6.7350615088187356,14.699905143026532,1.4648851341336888,4.499315251222765,5.2474284867348455,10.210280124499779,3.7194071439158143,5.290060767748629,1.3720468356306508,6.343073958796503,7.718701645175632,7.033982510745517,2.242647102415889,0.8353134726545132,2.965818882466281,2.685759596857863,18.66711723729065,111.20723284422706,105.54483474136653,0.4658070253445976,26.604416777827183,68.21428783162887,4.868712020157107,0.03462279531643694,4.552891655550615,3.5797569290054843,1041.0,473.0,945.0,160.0,1436.0,190.0,10406.0,269.0,277.0,14.368554913294798,0.2979078701645176,0.06825516525863345,0.0856994219653179,0.2140634948866163,0.3339435008151771,0.7261154587223951,0.33362851637764934,0.3197183340744034,0.383968548984734,0.5396977026826738,0.8285106862309176,0.13863349636875646,1255.0,0.29204698384467165,0.3361633022083889,58.0,2.0,4,1,1,0.10211764705882354,0.00047058823529411766,0.0,1,2,12,0,0,0,4,0,0,0,0,0.0,0,0.0,0,0.07370588235294118,0,0.001764705882352941,0,0.015058823529411765,0,0.0,2005,2023,19,0.6660564991848229
Chris Paul,paulch01,72,175.0,1985-05-06,Wake Forest,2006,2022,2005-11-01T00:00:00Z,False,17,NBA,"NOK, NOH, LAC, HOU, OKC, PHO",PG,1155,1155.0,34.54199134199134,6.405194805194805,13.535930735930735,0.47319943712421647,1.3367965367965369,3.625108225108225,0.36876044900883687,5.068398268398268,9.910822510822511,0.5114003669083602,0.5225789944991684,3.979220779220779,4.567099567099567,0.8712796208530805,0.6181818181818182,3.8891774891774893,4.507359307359307,9.503896103896103,2.123809523809524,0.14891774891774892,2.4017316017316017,2.4242424242424243,18.126406926406926,39896.0,7398,15634,1544.0,4187.0,5854.0,11447.0,4596,5275,714.0,4492.0,5206.0,10977,2453.0,172.0,2774.0,2800.0,20936,18.0,24.65591036695408,0.5825214557850411,0.2652476188089032,0.3406402897533587,2.072478443954281,12.849869661118909,7.477551634249048,45.278732203729696,3.1802135552436335,0.35574243031882896,13.419946861840788,23.635925907359134,144.8,54.1,199.00000000000003,0.23933040906356526,5.1011905955484265,2.2006115901343493,7.30451925005013,93.5,9.569643573290556,20.194701223180267,1.963512632845398,5.34328002807299,7.578892620814116,14.849862141568076,5.969971927010227,6.857491979145779,0.9331386605173451,5.771520954481653,6.712657910567476,14.18431672348105,3.1802135552436335,0.21959845598556246,3.571373069981952,3.6219696210146375,27.035737918588325,122.53699619009424,105.09259073591338,97.18468016843794,2.957314016442751,0.0,0.0,0.0,7.142856426709444,10.116199619009425,1625.0,693.0,829.0,277.0,1229.0,269.0,25251.0,322.0,485.0,14.794851614196913,0.15584782935632643,0.1520772257870463,0.20277927611790655,0.22378554241026669,0.2652476188089032,0.6406778624423503,0.492151569079607,0.47865144375375973,0.4733404351313415,0.11023074994986966,0.47488327150591536,0.0028895127331060757,42.0,0.10030742430318829,0.38391603168237415,38.0,1.0,0,0,12,0.3406470588235294,0.41611764705882354,0.058823529411764705,7,9,17,4,9,11,16,1,1,1,0,0.10629411764705882,1,0.997,0,0.0,0,0.003882352941176471,0,0.011411764705882354,,,2006,2025,17,0.7347523811910969
Chris Paul,paulch01,72,175.0,1985-05-06,Wake Forest,2007,2023,2005-11-01T00:00:00Z,False,17,NBA,"NOK, NOH, LAC, HOU, OKC, PHO",PG,1136,1136.0,34.31073943661972,6.412852112676056,13.516725352112676,0.47443829371540214,1.4014084507042253,3.7596830985915495,0.37274642940763286,5.011443661971831,9.757042253521126,0.5136232407073259,0.5262780853142299,3.8160211267605635,4.375,0.8722334004024145,0.5985915492957746,3.852992957746479,4.451584507042254,9.586267605633802,2.085387323943662,0.16549295774647887,2.381161971830986,2.3838028169014085,18.0431338028169,38977.0,7285,15355,1592.0,4271.0,5693.0,11084.0,4335,4970,680.0,4377.0,5057.0,10890,2369.0,188.0,2705.0,2708.0,20497,16.0,24.502929933037436,0.5838187392564846,0.2769792954819509,0.32493052312902476,2.018780306334505,12.736039202606666,7.400133412012212,45.46986684454935,3.1265669497395905,0.3981861097570362,13.398804423121328,23.524388742078663,141.7,53.0,194.8,0.23971023937193728,5.102268004207609,2.152161531159402,7.2572106626985144,90.9,9.601675346999512,20.19811427251969,2.0589270595479388,5.553877928008825,7.507663493855351,14.642640531595555,5.727988300792775,6.576704210175232,0.9026143623162377,5.720419734715345,6.631220976473305,14.334974472124587,3.1265669497395905,0.24665058880878463,3.5439772173332993,3.5647227852323167,26.957205531467274,123.12599738307206,105.50606768094003,100.0,0.07329963824819766,0.0,0.0,0.0,7.636247017471843,10.397944941888806,1632.0,653.0,830.0,251.0,1105.0,255.0,25161.0,296.0,425.0,15.201965261564512,0.13623957718654595,0.15079539215434742,0.21578489878646379,0.21988367498781336,0.2769792954819509,0.6460263232162557,0.4945849603612387,0.48945221540908745,0.4764515226928701,0.11121987325858841,0.4565908612771635,0.0020210893603920263,31.0,0.09929430176770916,0.3964415681042666,37.0,1.0,0,0,12,0.3399411764705882,0.41600000000000004,0.0,7,9,17,4,9,11,15,0,0,0,0,0.10629411764705882,0,0.0,0,0.0,0,0.003882352941176471,0,0.011411764705882354,0,0.0,2006,2025,18,0.7230207045180492
Chris Paul,paulch01,72,175.0,1985-05-06,Wake Forest,2008,2024,2005-11-01T00:00:00Z,False,17,NBA,"NOH, LAC, HOU, OKC, PHO, GSW",PG,1130,1090.0,33.76548672566372,6.292035398230088,13.230973451327433,0.47555347468396764,1.4336283185840708,3.838938053097345,0.37344398340248963,4.8584070796460175,9.392035398230089,0.5172901158955997,0.5297304528125208,3.615929203539823,4.128318584070796,0.8758842443729904,0.5699115044247788,3.8566371681415927,4.426548672566372,9.48141592920354,2.0539823008849556,0.16902654867256636,2.3185840707964602,2.3557522123893806,17.63362831858407,38155.0,7110,14951,1620.0,4338.0,5490.0,10613.0,4086,4665,644.0,4358.0,5002.0,10714,2321.0,191.0,2620.0,2662.0,19926,15.0,24.263933953610273,0.5851082689031581,0.29088926746166954,0.3111001965666361,1.9540951382518679,12.891366793342945,7.451033940505833,45.24270737780107,3.1156938802253964,0.41664788363255145,13.392611715371512,23.23258812737518,138.1,52.1,190.3,0.2392927532433495,4.982154370331542,2.1603407155025556,7.145336128947713,87.9,9.53899095793474,20.01222906565326,2.1357620233259076,5.741016904730705,7.36738828462849,14.265569388022538,5.50054776569257,6.2830690604114805,0.8721320927794524,5.789961997117023,6.670457345039969,14.345826235093696,3.1156938802253964,0.2538225658498231,3.494619315948106,3.5621045734503998,26.670339405058314,123.60052417769624,105.8565587734242,100.0,0.07487878390774473,0.0,0.0,0.0,8.011191193814703,10.589935788232212,1604.0,625.0,844.0,228.0,1013.0,241.0,24830.0,271.0,388.0,15.607330625081904,0.12170148080199186,0.14645391167605817,0.22108761630192636,0.21956527322762417,0.29088926746166954,0.658003197483947,0.502995413445158,0.49453529026339926,0.47996938802253963,0.11421465076660987,0.45173767527191716,0.0015712750622461013,24.0,0.10374705805267988,0.3978971825448827,41.0,1.0,0,0,12,0.3389411764705882,0.4157058823529412,0.0,7,9,16,4,9,11,14,0,0,0,0,0.10629411764705882,0,0.0,0,0.0,0,0.003882352941176471,0,0.011411764705882354,0,0.0,2006,2025,19,0.7091107325383305
Chris Paul,paulch01,72,175.0,1985-05-06,Wake Forest,2009,2025,2005-11-01T00:00:00Z,False,17,NBA,"NOH, LAC, HOU, OKC, PHO, GSW, SAS",PG,1132,1092.0,33.07508833922262,5.94434628975265,12.582155477031803,0.47244260338411853,1.4734982332155477,3.939929328621908,0.3739910313901345,4.470848056537102,8.642226148409893,0.5173259736277216,0.5309976830723865,3.3913427561837457,3.857773851590106,0.8790931989924433,0.5432862190812721,3.853356890459364,4.396643109540636,9.181978798586572,1.9496466431095407,0.18462897526501768,2.2508833922261484,2.3215547703180213,16.753533568904594,37441.0,6729,14243,1668.0,4460.0,5061.0,9783.0,3839,4367,615.0,4362.0,4977.0,10394,2207.0,209.0,2548.0,2628.0,18965,14.0,23.354424294222913,0.5855268288774338,0.31987484308645603,0.30245858817873456,1.890497048689939,13.063216794423226,7.517742581661814,44.04486792553618,2.996669426564461,0.47165941080633533,13.72334339360594,22.469303704495072,129.1,49.1,178.2,0.22840071045110974,4.51746748217195,1.9752303624369005,6.495593066424507,80.2,9.146139259100986,19.308266339040088,2.2316818461045376,5.974725568227344,6.877933281696536,13.327790390213936,5.24194332416335,5.965222616917283,0.8433001255308352,5.867749258833899,6.719572126812852,14.086274405063966,2.996669426564461,0.2812424881814054,3.437515023637189,3.5609812772094758,25.70886995539649,123.57383616890574,106.82927806415427,100.0,0.07630672257685425,0.0,0.0,0.0,7.4340642611041385,10.300024037819503,1609.0,577.0,880.0,213.0,907.0,228.0,24177.0,241.0,346.0,16.183112096364948,0.10714809967682488,0.13677019844555435,0.22394754413610746,0.2119510963916562,0.31987484308645603,0.6700680003205042,0.5033294516706285,0.4997881466841164,0.47838727598087666,0.12167110921182661,0.43553582970540317,0.0011195213803050132,16.0,0.10964624342298551,0.3861554712748057,41.0,1.0,0,0,11,0.31347058823529417,0.3574117647058823,0.0,7,8,15,3,8,10,13,0,0,0,0,0.06452941176470588,0,0.0,0,0.0,0,0.0,0,0.009117647058823529,0,0.0,2006,2025,20,0.6801251569135439
Lou Williams,willilo02,74,175.0,1986-10-27,,2006,2022,2005-11-02T00:00:00Z,False,17,NBA,"PHI, ATL, TOR, LAL, HOU, LAC, ATL",PG,1123,122.0,24.135351736420304,4.494211932324132,10.72573463935886,0.4190120381901204,1.2974176313446126,3.6918967052537845,0.35142305836951276,3.196794300979519,7.033837934105076,0.4544879098620078,0.4794935657949357,3.5992876224398933,4.2769367764915405,0.8415573599833437,0.383793410507569,1.8281389136242208,2.21193232413179,3.3739982190560998,0.8477292965271594,0.1709706144256456,1.6883348174532502,1.2813891362422083,13.885129118432769,27104.0,5047,12045,1457.0,4146.0,3590.0,7899.0,4042,4803,431.0,2053.0,2484.0,3789,952.0,192.0,1896.0,1439.0,15593,1.0,17.95895439787485,0.5499332570838252,0.344852457201889,0.39910076003541917,1.7931227863046046,8.491646989374262,5.148324970484062,22.762234356552543,1.7811319362455726,0.5656176210153483,11.823454102715468,26.250619834710747,46.400000000000006,19.2,65.8,0.11653353748524203,2.2876734061393154,-0.918904958677686,1.3726793093270366,23.099999999999998,9.387492621015348,22.40546782762692,2.705349763872491,7.693558146399056,6.676110537190083,14.711721517119242,7.52120720188902,8.946177685950413,0.8147542798110979,3.828995720188902,4.642381198347108,7.03498007674144,1.7811319362455726,0.37356478748524197,3.51726313459268,2.70174512987013,29.006227863046043,110.35035419126328,110.59319657615112,66.22970779220779,30.79785271546635,3.073310212514758,0.0,0.0,0.2148354486422668,0.35137987012987015,1173.0,450.0,595.0,118.0,1990.0,165.0,8549.0,371.0,732.0,14.723546340023614,0.21811791617473433,0.14106390200708382,0.1269638798701299,0.1690167134002361,0.344852457201889,0.5898338252656433,0.3916349616292798,0.3825791396103896,0.3899316706021252,0.28891562131050763,0.651761400531287,0.014387839433293977,148.0,0.2275620941558442,0.3868700191853601,22.0,2.0,0,0,0,0.0,0.00011764705882352942,0.0,0,0,0,0,0,0,1,0,0,0,0,0.0,0,0.0,3,0.21005882352941174,0,0.0017058823529411764,0,0.0,,,2006,2022,17,0.6551475427981109
Rudy Gay,gayru01,80,250.0,1986-08-17,UConn,2007,2023,2006-11-01T00:00:00Z,False,17,NBA,"MEM, TOR, SAC, SAS, UTA",SF,1120,779.0,30.858035714285716,5.955357142857143,13.188392857142857,0.45156049014961747,1.0589285714285714,3.061607142857143,0.3458734324876057,4.896428571428571,10.126785714285715,0.4835126080056427,0.4917067226321847,2.782142857142857,3.4803571428571427,0.7993842996408415,1.2919642857142857,4.317857142857143,5.609821428571428,2.0357142857142856,1.0991071428571428,0.7125,2.0044642857142856,2.2535714285714286,15.751785714285715,34561.0,6670,14771,1186.0,3429.0,5484.0,11342.0,3116,3898,1447.0,4836.0,6283.0,2280,1231.0,798.0,2245.0,2524.0,17642,0.0,16.335181273689997,0.5346871039611121,0.23389864297908045,0.26299100141778303,4.77131159399323,15.93964873701571,10.350180839674778,11.129591157663263,1.8187436706113826,1.8512832383322244,11.943013801683978,24.148560516188766,26.9,34.2,60.9,0.08478947368421053,0.7314111281502272,-0.17118428286218568,0.5693353780272561,22.5,9.816504152078934,21.747298978617522,1.7355921414310926,5.013613610717283,8.079919562512659,16.73375770377014,4.597083417725181,5.74259714707329,2.139116345013165,7.073172072567345,9.198709528080784,3.3353693469517665,1.8187436706113826,1.1744307167037988,3.3100691530916353,3.704701831544226,25.963545614999564,104.76166777581668,108.20899279534736,0.0,0.3276525563496427,63.147073290703396,34.47374207922225,2.1101241283527674,-0.45403200138884897,1.6181794508260754,918.0,827.0,1197.0,245.0,1700.0,116.0,5184.0,344.0,818.0,12.915071901854692,0.24014736263418304,0.1832350047741674,0.16027941899829287,0.18267668759584504,0.23389864297908045,0.6373839009287926,0.4128983825699489,0.44405555394809176,0.3939076994299933,0.3805428662365094,0.8376236798703741,0.08219727438442175,1050.0,0.22098032464338419,0.3699375886114406,47.0,1.0,0,0,0,0.0,0.0014117647058823533,0.03952941176470588,0,0,0,0,0,0,3,1,1,1,0,0.0,0,0.145,0,0.0,0,0.015705882352941177,0,0.0,0,0.0,2007,2023,17,0.7661013570209195
Kyle Lowry,lowryky01,72,196.0,1986-03-25,Villanova,2007,2023,2006-11-01T00:00:00Z,False,17,NBA,"MEM, HOU, TOR, MIA",PG,1078,831.0,31.846938775510203,4.680890538033395,11.044526901669759,0.42381992272803626,1.927643784786642,5.249536178107607,0.36720268598692346,2.7532467532467533,5.794990723562152,0.47510805186489513,0.5110868469679153,3.303339517625232,4.053803339517625,0.8148741418764303,0.7857142857142857,3.5742115027829313,4.359925788497217,6.261595547309833,1.3051948051948052,0.29591836734693877,2.339517625231911,2.7393320964749535,14.592764378478664,34331.0,5046,11906,2078.0,5659.0,2968.0,6247.0,3561,4370,847.0,3853.0,4700.0,6750,1407.0,319.0,2522.0,2953.0,15731,21.0,17.77750138358918,0.567480964725758,0.4697120386822406,0.3723354111444467,2.798732923596749,12.755978561649822,7.778584952375404,30.38180653054091,2.0958754478459705,0.7800501004922664,15.586044682648332,21.260362354723135,71.30000000000001,36.800000000000004,108.0,0.15110960939092946,2.358192304331362,0.5681017156505783,2.9337420989776004,42.8,7.45385802918645,17.559045760391484,3.056744633130407,8.305522705426583,4.394474381754099,9.261207072325304,5.26725991086773,6.460988610876468,1.2618828464070373,5.675945938073461,6.917447787713728,9.930610818210946,2.0958754478459705,0.4720981037546241,3.7071830124377385,4.360708980221957,23.20344003961434,114.80731700212635,108.13809676385773,93.54201741865953,6.457982581340479,0.0,0.0,0.0,3.9903964347091545,3.982860971133961,1522.0,525.0,1168.0,237.0,1676.0,577.0,15523.0,342.0,699.0,16.230916664239317,0.2290494014156302,0.11873839969706679,0.06824642451428738,0.11437461769246453,0.4697120386822406,0.6184167079316071,0.38077108152981265,0.37866397716349653,0.3776245375899333,0.2581874981794879,0.6754188342897092,0.0003150796656083423,2.0,0.14928429116541903,0.395300136902508,48.0,2.0,1,0,6,0.025529411764705884,0.020470588235294115,0.0,0,0,7,0,0,1,6,0,0,0,0,0.00029411764705882356,0,0.0,0,0.00011764705882352942,0,0.009470588235294118,0,0.00023529411764705883,0,0.0,2007,2025,17,0.5302879613177596
Kyle Lowry,lowryky01,72,196.0,1986-03-25,Villanova,2008,2024,2006-11-01T00:00:00Z,False,17,NBA,"MEM, HOU, TOR, MIA, PHI",PG,1128,886.0,31.77836879432624,4.6054964539007095,10.85549645390071,0.42425479787668435,1.926418439716312,5.2313829787234045,0.3682426707337739,2.6790780141843973,5.624113475177305,0.47635561160151324,0.5129848917925683,3.1906028368794326,3.9157801418439715,0.8148064297034187,0.7703900709219859,3.5407801418439715,4.3111702127659575,6.179964539007092,1.2872340425531914,0.300531914893617,2.300531914893617,2.729609929078014,14.328014184397164,35846.0,5195,12245,2173.0,5901.0,3022.0,6344.0,3599,4417,869.0,3994.0,4863.0,6971,1452.0,339.0,2595.0,3079.0,16162,21.0,17.450703007309045,0.5687872844947833,0.48008784801651516,0.36238302739496736,2.7441360263348766,12.662570440216482,7.699815879038106,29.91210455838866,2.067427328014283,0.801704513753278,15.644004909892317,20.89139652959884,72.5,38.5,111.0,0.1487151704513753,2.1635775260838033,0.5694359203258383,2.7396585393070354,42.9,7.345112425375217,17.286059811415498,3.059883947999777,8.287435139206607,4.282700998716733,9.00126931875244,5.093868214026669,6.251609663560788,1.238609607766557,5.630304636500586,6.84939463259499,9.813892763488255,2.067427328014283,0.478968364671093,3.6512804775986165,4.350331975673716,22.81689170339787,114.94225297104279,108.4151369748368,94.22016403503878,5.779835964961223,0.0,0.0,0.0,3.732572671985716,3.5516961446186466,1574.0,537.0,1235.0,239.0,1693.0,601.0,16050.0,345.0,713.0,16.425866205434357,0.2223024884226971,0.11869449868883557,0.06849782402499582,0.11052823188082353,0.48008784801651516,0.6195735646934107,0.3882511856274061,0.3759187357027284,0.38609532444345257,0.2697641298889695,0.6799906265692126,0.0001748312224515985,1.0,0.15283641131507,0.3982774647101489,50.0,2.0,1,0,6,0.025529411764705884,0.020470588235294115,0.0,0,0,7,0,0,1,6,0,0,0,0,0.00029411764705882356,0,0.0,0,0.00011764705882352942,0,0.00947058823529412,0,0.00023529411764705883,0,0.0,2007,2025,18,0.5199121519834848
Kyle Lowry,lowryky01,72,196.0,1986-03-25,Villanova,2009,2025,2006-11-01T00:00:00Z,False,17,NBA,"MEM, HOU, TOR, MIA, PHI",PG,1081,889.0,31.837187789084183,4.606845513413506,10.888066604995375,0.42310960067969416,2.003700277520814,5.410730804810361,0.3703197127714139,2.603145235892692,5.477335800185014,0.4752575578449586,0.5151231945624469,3.129509713228492,3.7946345975948197,0.8247196489517309,0.7761332099907493,3.5531914893617023,4.329324699352451,6.263644773358002,1.2886216466234968,0.303422756706753,2.3024976873265497,2.7345050878815913,14.346901017576318,34416.0,4980,11770,2166.0,5849.0,2814.0,5921.0,3383,4102,839.0,3841.0,4680.0,6771,1393.0,328.0,2489.0,2956.0,15509,21.0,17.49544979079498,0.5702424744304975,0.500110210367271,0.3471492329149233,2.759085890283589,12.694293351929336,7.7241254067875404,30.199381101813106,2.0676632961413297,0.8170937935843793,15.672065318456534,20.823846466759647,71.0,37.599999999999994,108.60000000000001,0.15150023245002325,2.2726987447698743,0.6036087866108788,2.883228730822873,42.4,7.333333333333333,17.30481752673175,3.174520571827057,8.551784053928408,4.156180264993027,8.7557880055788,4.985695606694561,6.049369479311948,1.2446943282194327,5.641175615992562,6.865539284053928,9.928571013482102,2.0676632961413297,0.4838389121338912,3.6454643189214315,4.346028010227801,22.802827173407717,115.44133542538354,108.44177126917712,94.46559739655974,5.5344026034402605,0.0,0.0,0.0,4.057731868898187,3.4494304974430503,1530.0,509.0,1191.0,218.0,1560.0,560.0,15558.0,320.0,654.0,16.82902719665272,0.207508019525802,0.11962119363086936,0.06756398186889818,0.10535364365411437,0.500110210367271,0.6265256566713157,0.38296646908414694,0.37907063575081357,0.378142549976755,0.28020894351464437,0.6738099721059972,0.0,0.0,0.14015263249651327,0.4010049105067411,42.0,2.0,1,0,6,0.025529411764705884,0.020470588235294115,0.0,0,0,7,0,0,1,6,0,0,0,0,0.00029411764705882356,0,0.0,0,0.00011764705882352942,0,0.009470588235294118,0,0.00011764705882352942,0,0.0,2007,2025,19,0.499889789632729
Kevin Durant,duranke01,83,240.0,1988-09-29,Texas,2008,2025,2007-10-31T00:00:00Z,False,17,NBA,"SEA, OKC, GSW, BRK, PHO",SF,1123,1120.0,36.72039180765806,9.387355298308103,18.699020480854852,0.502023905900281,1.9510240427426535,5.004452359750668,0.3898576512455516,7.43633125556545,13.694568121104185,0.5430131998179335,0.5541930568122292,6.496883348174532,7.365093499554764,0.8821182444686253,0.6589492430988424,6.31166518254675,6.970614425645592,4.370436331255566,1.0454140694568121,1.1335707925200356,3.1647373107747105,1.9029385574354407,27.222617987533393,41237.0,10542,20999,2191.0,5620.0,8351.0,15379.0,7296,8271,740.0,7088.0,7828.0,4908,1174.0,1273.0,3554.0,2137.0,30571,18.0,24.798561971045423,0.6199463588524868,0.266248466183282,0.3945028736329025,2.09076557460533,18.47364017751049,10.633130441108714,20.63299464073526,1.4204452312243858,2.4644785023158815,12.594230909134998,30.093796832941287,125.0,50.300000000000004,175.5,0.20416701020927808,5.782159225937872,0.6267259984964958,6.403487159589688,87.8,12.732967965661903,25.39756286829789,2.637939229332881,6.786519387928315,10.101280403521109,18.62532191963528,8.834699420423407,10.049135485122584,0.9088488493343356,8.569704391687077,9.474105778790891,5.900215825593521,1.4204452312243858,1.532536314474865,4.299420423406164,2.5833232291388804,36.97304847588331,117.84492082353226,107.40684336881927,0.0,7.930838809806727,47.24880568421563,38.42781967650411,6.5259839464558524,5.4995659238062915,5.70344593447632,1622.0,1273.0,1130.0,355.0,3268.0,121.0,11421.0,718.0,721.0,14.286871013895286,0.19468099037272352,0.1300438926207047,0.21224039091107502,0.19690069597691395,0.266248466183282,0.7543047505880641,0.4686845066323933,0.47016531270461,0.4685631835487548,0.4890162960448141,0.7521456216504595,0.07507519945679851,1513.0,0.083901544729248,0.42297679268617994,9.0,0.0,2,2,15,0.017588235294117648,0.5128823529411766,0.057823529411764704,0,0,10,6,11,11,14,1,1,1,1,0.18888235294117647,1,0.872,0,0.0,0,0.018588235294117652,0,0.0008235294117647059,0,0.0,2008,2025,17,0.7337515338167179
Jeff Green,greenje02,80,235.0,1986-08-28,Georgetown,2008,2025,2007-10-31T00:00:00Z,False,17,NBA,"SEA, OKC, BOS, MEM, LAC, ORL, CLE, WAS, HOU, UTA, BRK, DEN, HOU",PF,1217,660.0,27.327033689400164,4.2752670501232535,9.495480690221857,0.4502422983731395,0.9868529170090387,2.921939194741167,0.33773903262092236,3.288414133114215,6.57354149548069,0.50025,0.5022066458982347,2.305669679539852,2.867707477403451,0.8040114613180516,0.8241577649958916,3.1873459326211995,4.0115036976170915,1.4658997534921938,0.6236647493837305,0.485620377978636,1.2999178307313064,2.055875102711586,11.843056696795399,33257.0,5203,11556,1201.0,3556.0,4002.0,8000.0,2806,3490,1003.0,3879.0,4882.0,1784,759.0,591.0,1582.0,2502.0,14413,0.0,13.062624409898667,0.5531497128424092,0.3107320864780347,0.3041525092461737,3.408665844784556,13.091779174309169,8.276248609315333,8.31145924166341,1.1384009381483597,1.4347265237393634,10.716880656703852,19.580602579907985,28.199999999999996,27.6,56.0,0.08064350362329736,-0.7422136693027032,-0.7025317978170009,-1.4555161319421475,4.6000000000000005,7.869474095679104,17.505231981237035,1.8094085455693538,5.355416904711791,6.074369305710076,12.150187930360525,4.240941756622666,5.283747782421746,1.5191147728297802,5.863709895661063,7.38513696364675,2.690041194335027,1.1384009381483597,0.8989566106383619,2.4014944222269,3.772616291307093,21.793120245361877,108.25314971284241,110.53760110653397,0.0,0.011907267642902246,37.73124455001955,54.95579877920438,7.322849324954145,-2.70164476651532,-4.08704934299546,529.0,482.0,1335.0,291.0,1700.0,215.0,4175.0,374.0,611.0,12.716534864840487,0.29475996030910784,0.17996036924557232,0.0868846859307815,0.12722789187238775,0.3107320864780347,0.6732436780226719,0.40090519289172205,0.3706303936013471,0.3465511621613495,0.5593708993595334,0.9435379619328261,0.07232023333433564,732.0,0.36939486423910756,0.3828877529542653,65.0,0.0,1,0,0,0.0,0.0,0.04358823529411765,0,0,0,0,0,0,0,1,1,1,0,0.0,0,0.0,0,0.0,0,0.00011764705882352942,0,0.0,0,0.0,2008,2025,17,0.6892679135219653
Al Horford,horfoal01,81,240.0,1986-06-03,Florida,2008,2024,2007-11-02T00:00:00Z,False,17,NBA,"ATL, BOS, PHI, OKC, BOS",C,1078,1036.0,31.780148423005567,5.442486085343228,10.611317254174397,0.5128944837835475,0.7996289424860853,2.1103896103896105,0.3789010989010989,4.642857142857143,8.500927643784786,0.5461588825840245,0.5505726025002186,1.4573283858998145,1.9165120593692022,0.760406582768635,1.9387755102040816,6.0148423005565865,7.953617810760668,3.2476808905380334,0.7699443413729128,1.1586270871985158,1.4128014842300556,2.166048237476809,13.141929499072356,34259.0,5867,11439,862.0,2275.0,5005.0,9164.0,1571,2066,2090.0,6484.0,8574.0,3501,830.0,1249.0,1523.0,2335.0,14167,2.0,18.09082284947021,0.575942029831577,0.2088689979275519,0.1852702939373595,6.9909425260515485,21.127023555853935,14.135468052190665,16.19524504509764,1.2298987127470156,2.979129571791354,10.986783035114861,18.22947254735982,62.5,50.300000000000004,113.0,0.15808324819755393,1.6775008027087772,1.2850112379228815,2.939364838436615,43.1,8.695714994599959,16.947669225604947,1.2358358387576986,3.2662628798271984,7.474225750897574,13.68127791237339,2.363886861846522,3.102717534078636,3.128699027992644,9.640278466972182,12.761869873609855,5.146778948597449,1.2298987127470156,1.8593274759917102,2.270568317814297,3.4742899675997547,21.00314369946583,117.1696780408068,105.32385650486003,0.0,0.0,0.0,18.97588954727225,81.02411045272775,4.415747686739251,3.313161505005984,626.0,366.0,1336.0,267.0,957.0,49.0,8389.0,270.0,447.0,11.846913219883827,0.26673656557400977,0.2185680842990163,0.11758428442161184,0.18803742082372518,0.2088689979275519,0.7316039872734172,0.45566116932776785,0.44287048658746603,0.42761113867888734,0.6859454741819668,0.768437053037158,0.07569724743862928,817.0,0.3559319594850988,0.4376728450918007,2.0,0.0,1,0,5,0.036470588235294116,0.02764705882352941,0.058823529411764705,0,1,7,0,0,1,7,1,1,1,0,0.0,0,0.624,0,0.0,0,0.0,0,0.004764705882352942,0,0.0,2008,2025,17,0.7911310020724481
Al Horford,horfoal01,81,240.0,1986-06-03,Florida,2009,2025,2007-11-02T00:00:00Z,False,17,NBA,"ATL, BOS, PHI, OKC, BOS",C,1057,1001.0,31.578051087984864,5.420056764427625,10.626300851466414,0.5100605413105413,0.923368022705771,2.444654683065279,0.37770897832817335,4.496688741721854,8.181646168401135,0.5496068455134135,0.5535078347578347,1.3718070009460739,1.7899716177861873,0.766384778012685,1.8174077578051089,5.900662251655629,7.718070009460738,3.315988647114475,0.7625354777672658,1.1579943235572374,1.3547776726584673,2.033112582781457,13.135288552507095,33378.0,5729,11232,976.0,2584.0,4753.0,8648.0,1450,1892,1921.0,6237.0,8158.0,3505,806.0,1224.0,1432.0,2149.0,13884,2.0,18.090856252621485,0.5781099826232847,0.24769734555695366,0.17011303852837195,6.566406015938642,20.75965606087842,13.740215111750256,16.538453472347054,1.2257175384984123,3.029516447959734,10.54986518065792,18.178971178620646,62.099999999999994,49.699999999999996,111.9,0.16082943855233983,1.8180657918389358,1.3964317814129066,3.198349212055845,44.1,8.693408832164899,17.028111330816703,1.4374468212595122,3.8170471568098745,7.2657169393013366,13.210932350650129,2.232470489544011,2.9044550302594523,2.942468092755708,9.487431841332617,12.414994906824855,5.278614656360477,1.2257175384984123,1.861201989334292,2.187009407394092,3.2667415663011568,21.074012822817423,118.05785247767992,105.55452693390856,0.0,0.0,0.0,21.85017077116664,78.14982922883337,5.339175504823536,3.7960452992989397,614.0,332.0,1225.0,245.0,870.0,43.0,8457.0,250.0,406.0,12.548457067529512,0.2483392953442387,0.2133381568697945,0.11108409730960513,0.17940715441308644,0.24769734555695366,0.7392406974653964,0.4582536101623825,0.4432365929654263,0.42167146024327407,0.6937131943196116,0.8379757325184254,0.07032161903049913,757.0,0.38113233267421653,0.4686093834262089,2.0,0.0,1,0,5,0.036470588235294116,0.027647058823529413,0.0,0,1,7,0,0,1,7,0,0,0,0,0.0,0,0.0,0,0.0,0,0.0,0,0.004764705882352941,0,0.0,2008,2025,18,0.7523026544430464
Mike Conley,conlemi01,72,175.0,1987-10-11,Ohio State,2008,2024,2007-11-07T00:00:00Z,False,17,NBA,"MEM, UTA, MIN",PG,1101,1064.0,31.64486830154405,5.083560399636694,11.567665758401454,0.4394629396984925,1.6376021798365124,4.227974568574024,0.38732545649838884,3.4459582198001817,7.3396911898274295,0.46949634946170027,0.5102465452261307,2.625794732061762,3.189827429609446,0.8231776765375854,0.47774750227066304,2.494096276112625,2.971843778383288,5.727520435967302,1.3841961852861036,0.20708446866485014,1.9118982742960944,1.96094459582198,14.430517711171662,34841.0,5597,12736,1803.0,4655.0,3794.0,8081.0,2891,3512,526.0,2746.0,3272.0,6306,1524.0,228.0,2105.0,2159.0,15888,0.0,17.306455038603946,0.5553272868172554,0.3636918859963835,0.2709423667518154,1.7348468758072386,9.072205160586664,5.381384001607301,28.70107057776757,2.255581068281622,0.5641543009672512,13.058867426308085,21.096208489997416,64.4,36.099999999999994,100.39999999999999,0.13840397807181193,2.046209925088258,0.4164461410407279,2.465712809620849,39.3,8.244108952096665,18.733957119485666,2.6396515599437445,6.779257196980569,5.609485950460664,11.950828047415403,4.25987198989696,5.174986366637008,0.7645102034958814,4.0412043282339765,4.8196349128899865,9.257108004936711,2.255581068281622,0.3387244912602968,3.1041502827128955,3.1859217588473348,23.369334978904163,114.23340317442094,108.73821072873913,100.0,0.07373496742343791,0.0,0.0,0.0,3.1754168938893828,5.246327602537241,1323.0,561.0,941.0,99.0,1312.0,382.0,14263.0,304.0,608.0,14.466645618667663,0.23551430785568728,0.16537217645876984,0.09395218277316954,0.14109150139203813,0.3636918859963835,0.581875003587727,0.40352211474986366,0.39399982778909903,0.40830860193450247,0.24935696449585257,0.7561803909187451,0.0012991303349502022,15.0,0.19074570190293044,0.4396967079016102,42.0,1.0,0,0,1,0.029529411764705884,0.0011176470588235294,0.00811764705882353,0,1,8,0,0,0,4,0,0,1,0,5.882352941176471e-05,0,0.002,0,0.0,0,0.002882352941176471,0,0.00029411764705882356,0,0.0,2008,2025,17,0.6363081140036163
Mike Conley,conlemi01,72,175.0,1987-10-11,Ohio State,2009,2025,2007-11-07T00:00:00Z,False,17,NBA,"MEM, UTA, MIN",PG,1119,1082.0,31.470956210902592,5.0,11.404825737265416,0.4384109073812882,1.6979445933869526,4.355674709562109,0.38982355354944603,3.3020554066130474,7.0491510277033065,0.46843306288032455,0.5128506503682808,2.5755138516532616,3.1090259159964253,0.8283989652198908,0.47989276139410186,2.482573726541555,2.962466487935657,5.722073279714031,1.393208221626452,0.21447721179624665,1.8686327077747988,1.9526362823949954,14.273458445040214,35216.0,5595,12762,1900.0,4874.0,3695.0,7888.0,2882,3479,537.0,2778.0,3315.0,6403,1559.0,240.0,2091.0,2185.0,15972,0.0,17.291242616992278,0.5582997501135847,0.3847505395274875,0.2667292423898228,1.7544212857791914,9.058944797819173,5.388698318945933,28.62496308496138,2.2785182871422083,0.5891299409359382,12.966980917764651,20.852356883234894,66.8,37.800000000000004,104.50000000000001,0.14252064402544298,2.082178555202181,0.5278140617900954,2.6169383234893226,40.99999999999999,8.150014198091775,18.556318150840525,2.747915720127215,7.011472058155384,5.407073489323035,11.541015447523854,4.199787028623351,5.068071331213084,0.7698744888686961,4.038973761926397,4.822620399818264,9.289663789186733,2.2785182871422083,0.35114152657882775,3.050320876874148,3.185006815084053,23.224534302589735,115.21078487051341,108.78359268514312,100.0,0.07294979554747842,0.0,0.0,0.0,3.874281576556111,5.538309291231259,1329.0,550.0,962.0,94.0,1287.0,399.0,14494.0,292.0,588.0,14.883879486597,0.21912068378009997,0.16744374716038163,0.09369661517492049,0.13461449341208542,0.3847505395274875,0.5837693094048159,0.40721495910949573,0.392034359382099,0.3894511017719218,0.26386134143571105,0.7549670036347116,0.0012068661971830986,14.0,0.19215657655611088,0.4425886528850523,41.0,1.0,0,0,1,0.029529411764705884,0.0011176470588235296,0.0,0,1,8,0,0,0,4,0,0,0,0,5.882352941176471e-05,0,0.0,0,0.0,0,0.002882352941176471,0,0.00029411764705882356,0,0.0,2008,2025,18,0.6152494604725124
Thaddeus Young,youngth01,80,235.0,1988-06-21,Georgia Tech,2008,2024,2007-11-07T00:00:00Z,False,17,NBA,"PHI, MIN, BRK, IND, CHI, SAS, TOR, PHO",PF,1172,726.0,28.167235494880547,5.241467576791809,10.411262798634812,0.5034420586789051,0.4453924914675768,1.3592150170648465,0.327683615819209,4.796075085324232,9.052047781569966,0.5298331605240834,0.5248319947549582,1.2090443686006827,1.8284982935153584,0.6612225851609893,1.9590443686006827,3.6843003412969284,5.643344709897611,1.8216723549488054,1.3754266211604096,0.39078498293515357,1.4001706484641638,2.121160409556314,12.137372013651877,33012.0,6143,12202,522.0,1593.0,5621.0,10609.0,1417,2143,2296.0,4318.0,6614.0,2135,1612.0,458.0,1641.0,2486.0,14225,0.0,16.369459590451957,0.5429033078880408,0.1306675754271174,0.1736745122985581,7.763392099842481,14.939582576032958,11.314300860293226,10.340397431237124,2.476987156185629,1.149712225857264,11.131152308251545,19.949787955894827,33.9,38.1,72.0,0.10465221737549982,0.17121046892039257,0.30389555313219435,0.47601175330182965,20.400000000000002,9.456355264752212,18.785471949594083,0.7879195444080941,2.4093784078516896,8.680276869017327,16.36574578940991,2.2061916878710774,3.3176844783715014,3.5382254937598447,6.6288167938931295,10.155761541257725,3.232688113413304,2.476987156185629,0.7026051132921363,2.5015297467587545,3.825169635284139,21.888270931782383,108.29907306434023,107.10284139100933,0.0,0.2559675269598934,7.800102992851085,85.57491215315643,6.349448685326548,-0.08471162001696361,4.5667908639282695,686.0,552.0,1218.0,181.0,1022.0,216.0,4906.0,255.0,785.0,8.160375015146009,0.41952238579910334,0.27113837392463347,0.0706176844783715,0.10831352235550709,0.1306675754271174,0.6518857082273113,0.4486900521022658,0.3331082939537138,0.3769215133890706,0.6000949654671028,0.933440294438386,0.05922304010662789,660.0,0.395245153277596,0.3294680722161638,16.0,0.0,0,0,0,0.0005882352941176471,0.0,0.02335294117647059,0,0,1,0,0,0,0,0,1,1,0,0.0,0,0.003,0,0.00888235294117647,0,0.0019411764705882354,0,0.0,0,0.0,2008,2024,17,0.8693324245728825
Nicolas Batum,batumni01,80,230.0,1988-12-14,,2009,2025,2008-10-28T00:00:00Z,False,17,NBA,"POR, CHO, LAC, PHI, LAC",SF,1131,871.0,28.85499557913351,3.5322723253757737,8.084880636604774,0.4368985126859143,1.5473032714412025,4.1936339522546415,0.3689647902171621,1.9849690539345712,3.8912466843501328,0.5101113383321972,0.5325896762904637,1.34394341290893,1.6162687886825817,0.8315098468271335,0.9664014146772767,3.871794871794872,4.838196286472148,3.137046861184792,0.9089301503094607,0.6162687886825818,1.4730327144120248,1.7232537577365163,9.95579133510168,32635.0,3995,9144,1750.0,4743.0,2245.0,4401.0,1520,1828,1093.0,4379.0,5472.0,3548,1028.0,697.0,1666.0,1949.0,11260,9.0,14.018887697257545,0.5696253408916808,0.5409804197946989,0.1888063428834074,3.776905163168377,15.024580971349778,9.389480618967367,16.2699555691742,1.5990041366630918,1.751092385475716,14.092710280373833,15.95371840049027,39.6,34.1,74.0,0.10873010571472344,0.713482457484296,0.7722690363107093,1.4857055308717633,28.599999999999998,6.231548950513253,14.28810479546499,2.7274214800061283,7.391355906235637,3.5210816607936266,6.911202696491497,2.3865389918798834,2.8681997855063583,1.7216516010418264,6.798713038149226,8.520137888769726,5.4935498697717176,1.5990041366630918,1.113687758541443,2.585965987436801,3.0625065114141257,17.58998621112303,113.41130687911752,108.65665696338287,0.0,10.623686226444002,58.48457177876513,26.308258005209133,4.527194729584801,2.6639589397885706,2.475069710433584,1080.0,274.0,748.0,130.0,711.0,168.0,8214.0,174.0,288.0,17.631870690975944,0.18976519074613143,0.055584188754404774,0.07603330779837598,0.13749293703079518,0.5409804197946989,0.6831246208058833,0.4166766355140187,0.37810050559215563,0.3658156886777999,0.5785778152290486,0.9090587099739542,0.0463845258158419,378.0,0.3038348092538686,0.39126290792094376,14.0,0.0,0,0,0,0.008588235294117647,0.0,0.0,0,0,6,0,0,0,0,0,0,0,0,0.0,0,0.002,0,0.0,0,0.0,0,0.0,0,0.0,2009,2025,17,0.45901958020530104
Eric Gordon,gordoer01,75,215.0,1988-12-25,Indiana,2009,2025,2008-10-29T00:00:00Z,False,17,NBA,"LAC, NOH, NOP, HOU, LAC, PHO, PHI",SG,925,665.0,31.224864864864866,5.2118918918918915,12.123243243243243,0.42990904226859283,2.252972972972973,6.0562162162162165,0.3720099964298465,2.958918918918919,6.067027027027027,0.48770491803278687,0.5228286070982701,2.6032432432432433,3.215135135135135,0.8096839273705447,0.3654054054054054,1.9189189189189189,2.2843243243243245,2.711351351351351,0.8389189189189189,0.35135135135135137,1.8118918918918918,1.7405405405405405,15.28,28883.0,4821,11214,2084.0,5602.0,2737.0,5612.0,2408,2974,338.0,1775.0,2113.0,2508,776.0,325.0,1676.0,1610.0,14134,0.0,13.70204964858221,0.5664002354326074,0.4997022469965032,0.2642142090503064,1.3255305889277431,6.990541148772634,4.125077034934044,13.895762213066511,1.349541252639961,0.9552643423467092,11.842003946958418,21.687466675899316,30.2,11.999999999999998,41.9,0.06966928643146487,0.5645085344320188,-1.327306720216044,-0.7633659938372053,9.0,8.37423397846484,19.469553024270336,3.6040958349201953,9.629384066752069,4.7927292871239136,9.845223834089255,4.211415019215455,5.214139805421874,0.5936744797978049,3.0728144583318904,3.6691479416958073,4.387702108506734,1.349541252639961,0.5531662223453242,2.932164248866115,2.7928019942526747,24.55877852023682,109.00193885676696,114.58962019180834,16.576567531073643,63.41688882733788,19.348717238514006,0.5994875878544472,0.0,-0.526849703978119,2.3750233701485306,772.0,548.0,821.0,139.0,1310.0,63.0,5801.0,319.0,681.0,16.243059931447565,0.24349392376138213,0.13606436312017448,0.03640148184052904,0.08384786898867845,0.4997022469965032,0.6154984939237613,0.367764982861891,0.34262431187895986,0.32706225115119625,0.4472237994668144,0.8531847107294949,0.014331856109129938,147.0,0.11919443963577189,0.41160163417927503,27.0,1.0,0,0,0,0.0005882352941176471,0.00023529411764705883,0.03952941176470588,0,0,1,0,0,0,2,0,1,1,0,0.0,0,0.037,1,0.07076470588235294,0,0.0005294117647058823,0,0.0,0,0.0,2009,2025,17,0.5002977530034969
Brook Lopez,lopezbr01,85,282.0,1988-04-01,Stanford,2009,2025,2008-10-29T00:00:00Z,False,17,NBA,"NJN, BRK, LAL, MIL",C,1105,1065.0,30.336651583710406,6.04524886877828,12.169230769230769,0.49676507771250095,0.9728506787330317,2.764705882352941,0.3518821603927987,5.072398190045249,9.404524886877828,0.5393571978444958,0.5367368186212538,2.7891402714932125,3.497737556561086,0.7974126778783959,1.955656108597285,4.141176470588236,6.09683257918552,1.4615384615384615,0.5728506787330316,1.8642533936651584,1.5846153846153845,2.595475113122172,15.852488687782806,33522.0,6680,13447,1075.0,3055.0,5605.0,10392.0,3082,3865,2161.0,4576.0,6737.0,1615,633.0,2060.0,1751.0,2868.0,17517,0.0,18.516765109480342,0.581370711771374,0.2487400513095877,0.2790551279756578,7.23463695483563,14.972307738201776,11.15316806873098,8.06596563450868,0.9412535051607901,5.060971899051369,10.253099457072967,22.30373187757294,53.800000000000004,38.199999999999996,92.2,0.13163209235725792,1.1303353021896068,0.1493258158821073,1.2917129049579381,28.0,9.992661535707894,20.061640116938133,1.5051279756577771,4.308728596145814,8.47374559990454,15.753382853051727,4.65599904540302,5.839845474613687,3.2738529920649126,6.816893383449675,10.084702583378078,2.3846787184535527,0.9412535051607901,3.034278980967723,2.6273283216991827,4.266589105661954,26.142396038422532,113.6032456297357,108.63077978640892,0.0,0.0,0.0,0.0,100.0,0.48884314778354526,3.1938189845474616,520.0,491.0,1592.0,429.0,1932.0,67.0,3813.0,545.0,633.0,11.532429449316865,0.29896569417099217,0.24558427301473662,0.11613528429091344,0.09093120935505042,0.2487400513095877,0.7018538571684267,0.47549985084422164,0.43926585525923273,0.39699591313167476,0.6429507785931627,0.6499813555277132,0.08017445259829364,972.0,0.21072564286140447,0.22429535827217947,0.0,0.0,1,0,1,0.07647058823529412,0.01411764705882353,0.049705882352941176,1,2,5,0,0,0,6,1,1,1,0,0.0,0,0.212,0,0.0,0,0.0019411764705882354,0,0.036823529411764706,0,0.0,2009,2025,17,0.7512599486904123
Kevin Love,loveke01,80,251.0,1988-09-07,UCLA,2009,2025,2008-10-29T00:00:00Z,False,17,NBA,"MIN, CLE, MIA",PF,952,693.0,28.891806722689076,5.329831932773109,12.168067226890756,0.438017955801105,1.7584033613445378,4.7710084033613445,0.36856010568031705,3.5714285714285716,7.397058823529412,0.48281738142573133,0.5102727900552486,3.7804621848739495,4.565126050420168,0.8281178094799816,2.327731092436975,7.648109243697479,9.975840336134453,2.282563025210084,0.6060924369747899,0.3865546218487395,1.763655462184874,1.9338235294117647,16.198529411764707,27505.0,5074,11584,1674.0,4542.0,3400.0,7042.0,3599,4346,2216.0,7281.0,9497.0,2173,577.0,368.0,1679.0,1841.0,15421,3.0,20.743752045082708,0.5705513542992182,0.38866347936738777,0.3735965824395565,8.947311397927649,29.91826940556263,19.381127067805853,12.887402290492636,1.0524013815669877,1.0758807489547355,11.150496273404833,24.264246500636247,62.4,32.4,95.0,0.16566947827667694,3.769263770223596,-0.5430467187784039,3.216193419378295,36.2,9.291434284675514,21.19037993092165,3.0629740047264136,8.273724777313216,6.219312852208689,12.906249772768586,6.595618978367569,7.957720414470097,4.0643410289038355,13.316269769132886,17.389594619160153,3.960479912743138,1.0524013815669877,0.6800436284311943,3.0722923104890025,3.376378840210871,28.1730376295219,115.25359025631704,107.14241047082349,0.0,0.0,0.0,69.47467733139429,30.62592255953463,0.7474204690056354,4.163595709870933,811.0,451.0,956.0,210.0,1670.0,192.0,4889.0,273.0,710.0,14.308962006907835,0.25624413742955826,0.16270249045628069,0.08472510452644975,0.10761272495909832,0.38866347936738777,0.6112826758771133,0.4109936738774768,0.38625457189601886,0.39859792764951835,0.5770170150881657,0.9113116160698055,0.02280003635702599,232.0,0.1791323395746228,0.4167863661152517,25.0,0.0,1,0,5,0.0,0.06305882352941176,0.034470588235294114,0,0,0,0,2,2,5,0,1,1,0,0.004,0,0.027,0,0.025294117647058825,1,0.041352941176470585,0,0.0,0,0.0,2009,2025,17,0.6113365206326123
Russell Westbrook,westbru01,76,200.0,1988-11-12,UCLA,2009,2025,2008-10-29T00:00:00Z,False,17,NBA,"OKC, HOU, WAS, LAL, LAC, DEN",PG,1237,1075.0,33.284559417946646,7.621665319320938,17.372675828617623,0.43871568171242437,1.1050929668552951,3.6192400970088925,0.30533839624748715,6.5165723524656425,13.75343573160873,0.47381414212660905,0.47052117263843646,4.83589329021827,6.261115602263541,0.7723692704970949,1.5957962813257882,5.418755052546484,7.014551333872272,8.023443815683104,1.5804365400161682,0.32821341956346,3.9037995149555376,2.5521422797089732,21.18431689571544,41173.0,9428,21490,1367.0,4477.0,8061.0,17013.0,5982,7745,1974.0,6703.0,8677.0,9925,1955.0,406.0,4829.0,3157.0,26205,203.0,21.58830058533505,0.5241820124839094,0.20543275933257235,0.3576088941782236,5.412180312340612,17.634107303329856,11.570500085007165,40.60502513783305,2.335158963398344,0.8115609744249873,16.366140431836396,31.206251669783597,59.50000000000001,53.0,112.20000000000002,0.13116127073567632,3.1706482403516865,0.464926043766546,3.635574284118233,58.5,11.298800184586987,25.759264566584896,1.6286109829257034,5.331736817817501,9.666988074709153,20.440171957350692,7.2120831612950225,9.297112185169892,2.3667767711850005,7.9494401670998,10.335190537488161,11.884647706020935,2.335158963398344,0.4768270468510917,5.789456682777549,3.7684720569305123,31.423325966045713,107.28671702329196,107.13197969543147,84.33968863089889,15.483350739562335,0.36633230515143417,0.0,0.0,3.5057950598693313,2.9377018920166122,2805.0,1271.0,953.0,441.0,3431.0,155.0,22630.0,708.0,1312.0,11.311403103975907,0.34404019624511206,0.1468485172321667,0.1426466130716732,0.16121409661671482,0.20543275933257235,0.6050307725936901,0.3407409467369392,0.3807759454011124,0.37237563451776656,0.2119800354601316,0.5571753333495252,0.038744201296966464,675.0,0.13551832511597403,0.3071321011342385,16.0,0.0,0,0,9,0.05382352941176471,0.29741176470588243,0.053764705882352944,0,0,12,2,7,9,11,1,1,1,1,0.09523529411764706,0,0.122,0,0.0008235294117647059,0,0.011352941176470588,0,0.00041176470588235296,0,0.0,2009,2025,17,0.7945672406674276
DeAndre Jordan,jordade01,83,265.0,1988-07-21,Texas A&M,2009,2025,2008-11-01T00:00:00Z,False,17,NBA,"LAC, DAL, NYK, BRK, LAL, PHI, DEN",C,1111,791.0,25.082808280828083,3.4707470747074707,5.153015301530153,0.6735371179039301,0.0018001800180018,0.011701170117011701,0.15384615384615385,3.468946894689469,5.141314131413141,0.6747198879551821,0.6737117903930131,1.5922592259225923,3.3555355535553555,0.47451716738197425,2.872187218721872,6.835283528352836,9.707470747074707,0.9405940594059405,0.5139513951395139,1.4113411341134114,1.297929792979298,2.4158415841584158,8.535553555355536,27867.0,3856,5725,2.0,13.0,3854.0,5712.0,1769,3728,3191.0,7594.0,10785.0,1045,571.0,1568.0,1442.0,2684.0,9483,0.0,18.325460221767685,0.6439714716331144,0.0022799368428607315,0.6597585674812503,13.050579538522266,29.841594000071776,21.59943660960993,5.504019090680734,1.0397495245272184,4.569289841030609,16.414027344170524,14.027168335306996,53.6,45.199999999999996,98.89999999999999,0.17027236516309613,0.41791366131984076,0.7239566512362293,1.1411597947392973,22.099999999999998,6.946068826927907,10.312042918146913,0.0021028456597409124,0.016302436573725196,6.946068826927907,10.289288405641082,3.178268202533462,6.72087415222306,5.7357376107941285,13.616072774249114,19.353626152797215,1.8458104568127174,1.0397495245272184,2.830523558330642,2.584318369397496,4.849201564574587,17.054207485556393,120.92141242329637,103.00918649298454,0.0,0.0,0.0,1.703915024939893,98.29608497506011,2.4134711307281016,3.1061757634478058,491.0,345.0,1483.0,320.0,1304.0,65.0,2420.0,321.0,339.0,1.7507051351060394,0.8286620375354362,0.15684375784978646,0.00794068252772096,0.0037464025549933614,0.0022799368428607315,0.728258047152546,0.4219837800983242,0.3176368823339434,0.06517622994940252,0.7122830946998243,0.021028456597409123,0.488945562852119,2461.0,0.06452075932106076,0.0,0.0,0.0,1,0,1,0.09929411764705882,0.0531764705882353,0.0,2,2,5,1,1,3,4,0,0,0,0,0.0,0,0.0,0,0.0,0,0.006882352941176471,0,0.039764705882352945,0,0.0,2009,2025,17,0.9977200631571392
