player,player_id,ht_in_in,wt,birth_date,colleges,from_season,to_season,debut,hof,n_seasons,lg,teams,pos,career_g,career_gs,mp_per_game,fg_per_game,fga_per_game,fg_percent,x3p_per_game,x3pa_per_game,x3p_percent,x2p_per_game,x2pa_per_game,x2p_percent,e_fg_percent,ft_per_game,fta_per_game,ft_percent,orb_per_game,drb_per_game,trb_per_game,ast_per_game,stl_per_game,blk_per_game,tov_per_game,pf_per_game,pts_per_game,career_mp,career_fg,career_fga,career_x3p,career_x3pa,career_x2p,career_x2pa,career_ft,career_fta,career_orb,career_drb,career_trb,career_ast,career_stl,career_blk,career_tov,career_pf,career_pts,career_trp_dbl,career_per,career_ts_percent,career_x3p_ar,career_f_tr,career_orb_percent,career_drb_percent,career_trb_percent,career_ast_percent,career_stl_percent,career_blk_percent,career_tov_percent,career_usg_percent,career_ows,career_dws,career_ws,career_ws_48,career_obpm,career_dbpm,career_bpm,career_vorp,career_fg_per_100_poss,career_fga_per_100_poss,career_x3p_per_100_poss,career_x3pa_per_100_poss,career_x2p_per_100_poss,career_x2pa_per_100_poss,career_ft_per_100_poss,career_fta_per_100_poss,career_orb_per_100_poss,career_drb_per_100_poss,career_trb_per_100_poss,career_ast_per_100_poss,career_stl_per_100_poss,career_blk_per_100_poss,career_tov_per_100_poss,career_pf_per_100_poss,career_pts_per_100_poss,career_o_rtg,career_d_rtg,career_pg_percent,career_sg_percent,career_sf_percent,career_pf_percent,career_c_percent,career_on_court_plus_minus_per_100_poss,career_net_plus_minus_per_100_poss,career_bad_pass_turnover,career_lost_ball_turnover,career_shooting_foul_committed,career_offensive_foul_committed,career_shooting_foul_drawn,career_offensive_foul_drawn,career_points_generated_by_assists,career_and1,career_fga_blocked,career_avg_dist_fga,career_percent_fga_from_x0_3_range,career_percent_fga_from_x3_10_range,career_percent_fga_from_x10_16_range,career_percent_fga_from_x16_3p_range,career_percent_fga_from_x3p_range,career_fg_percent_from_x0_3_range,career_fg_percent_from_x3_10_range,career_fg_percent_from_x10_16_range,career_fg_percent_from_x16_3p_range,career_percent_assisted_x2p_fg,career_percent_assisted_x3p_fg,career_percent_dunks_of_fga,career_num_of_dunks,career_percent_corner_3s_of_3pa,career_corner_3_point_percent,career_num_heaves_attempted,career_num_heaves_made,career_CHMP_count,career_FMVP_count,career_all_star_count,career_all_defense_share_mean,career_all_nba_share_mean,career_all_rookie_share_mean,career_all_defense_1st_count,career_all_defense_2nd_count,career_all_defense_ORV_count,career_all_nba_1T_count,career_all_nba_2T_count,career_all_nba_3T_count,career_all_nba_ORV_count,career_all_rookie_1st_count,career_all_rookie_2nd_count,career_all_rookie_ORV_count,career_mvp_winner_count,career_mvp_share_mean,career_roy_winner_count,career_roy_share_sum,career_smoy_winner_count,career_smoy_share_mean,career_mip_winner_count,career_mip_share_mean,career_dpoy_winner_count,career_dpoy_share_mean,career_clutch_poy_winner_count,career_clutch_poy_share_mean,from,to,experience,career_percent_fga_from_x2p_range
Dolph Schayes,schaydo01,80,220.0,1928-05-19,NYU,1950,1964,1949-11-03T00:00:00Z,True,15,NBA,"SYR, PHI",PF,996,,29.919678714859437,5.886546184738956,15.488955823293173,0.3800479678485772,,,,,,,,6.738955823293173,7.93574297188755,0.8491902834008097,,,11.301204819277109,3.0843373493975905,,,,3.4457831325301207,18.512048192771083,29800.0,5863,15427,,,,,6712,7904,,,11256.0,3072,,,,3432.0,18438,3.0,22.095526845637583,0.48932399328859066,,0.5068340604026846,,,,,,,,,86.10000000000001,56.0,142.30000000000004,0.19226996644295308,,,,,,,,,,,,,,,,,,,,,,,,,,,,,,,,,,,,,,,,,,,,,,,,,,,,,,,,,,1,,12,,,,,,,6,12,,,0,,0,0,0.08111111111111112,0,0.0,,,,,,,,,1950,1964,15,
Hal Greer,greerha01,74,175.0,1936-06-26,Marshall,1959,1973,1958-10-19T00:00:00Z,True,15,NBA,"SYR, PHI",SG,1122,138.0,35.46167557932264,7.579322638146167,16.76559714795009,0.4520759130296103,0.0,0.0,,0.0,0.0,,0.4520759130296103,4.080213903743315,5.095365418894831,0.8007696344236488,0.0,0.0,5.049019607843137,4.046345811051693,0.0,0.0,0.0,3.435828877005348,19.23885918003565,39788.0,8504,18811,0.0,0.0,0.0,0.0,4578,5717,0.0,0.0,5665.0,4540,0.0,0.0,0.0,3855.0,21586,1.0,15.666469789886396,0.5049568965517243,0.0,0.30146566804061525,0.0,0.0,2.089582809751194,16.252138157894738,0.0,0.0,0.0,0.0,64.89999999999999,37.800000000000004,102.69999999999999,0.1239314114808485,,,,,,,,,,,,,,,,,,,,,,,,,,,,,,,,,,,,,,,,,,,,,,,,,,,,,,,,,,1,0,10,0.0,0.16637500000000002,0.0,0,0,,0,7,,,0,,0,0,0.0004,0,0.0,,,,,,,,,1959,1973,15,
Lenny Wilkens,wilkele01,73,180.0,1937-10-28,Providence,1961,1975,1960-10-22T00:00:00Z,True,15,NBA,"STL, SEA, CLE, POR",PG,1077,0.0,35.34261838440111,5.7465181058495824,13.302692664809657,0.43198157325329795,0.0,0.0,,0.0,0.0,,0.43198157325329795,5.008356545961003,6.474466109563602,0.7735551412591424,0.1095636025998143,0.2590529247910863,4.670380687093779,6.695450324976787,0.1615598885793872,0.02414113277623027,0.0,3.050139275766017,16.501392757660167,38064.0,6189,14327,0.0,0.0,0.0,0.0,5394,6973,118.0,279.0,5030.0,7211,174.0,26.0,0.0,3285.0,17772,13.0,16.77463745271122,0.5102220470786045,0.0,0.49072047078604464,1.2364043306266919,3.081084738704976,3.12427471057608,28.255547829542067,1.2018135106543752,0.1517384967728503,0.0,0.0,60.30000000000001,35.49999999999999,95.6,0.12045150273224046,1.8946487376509331,-0.18581229418221734,1.7088364434687158,3.4,7.548600439077936,16.429061470911087,0.0,0.0,0.0,0.0,5.591163556531285,7.050466520307355,1.5,3.54069703622393,4.9725576289791436,9.572557628979144,2.1823271130625685,0.331860592755214,0.0,3.3230241492864985,20.620225027442373,0.0,100.04418221734358,,,,,,,,,,,,,,,,,,,,,,,,,,,,,,,,,,,0,0,9,0.0,0.0,0.0,0,0,,0,0,,,0,,0,0,0.020933333333333335,0,0.0,,,,,,,,,1961,1975,15,
John Havlicek,havlijo01,77,203.0,1940-04-08,Ohio State,1963,1977,1962-10-20T00:00:00Z,True,15,NBA,BOS,SF,1188,0.0,36.76262626262626,8.38973063973064,19.11868686868687,0.4388235812089992,0.0,0.0,,0.0,0.0,,0.4388235812089992,4.325757575757576,5.31986531986532,0.8131329113924051,0.4351851851851852,0.968013468013468,6.46043771043771,4.87037037037037,0.32491582491582494,0.07996632996632996,0.0,2.606060606060606,21.105218855218855,43674.0,9967,22713,0.0,0.0,0.0,0.0,5139,6320,517.0,1150.0,7675.0,5786,386.0,95.0,0.0,3096.0,25073,31.0,17.743094289508633,0.49336289325456795,0.0,0.27850886110729506,2.7212351720836216,5.922160753231554,5.306433737202968,19.673718723480857,1.1411827031322428,0.26159902122453316,0.0,0.0,54.699999999999996,71.8,126.60000000000001,0.13921836790767964,1.1891767513209477,0.24346343957729677,1.4838077381966934,10.200000000000001,9.173223112323162,20.21555309357423,0.0,0.0,0.0,0.0,4.39042952104994,5.211871484574741,1.9525651951593657,4.3674194648031355,6.346326913243566,5.891545934890063,1.4686381455599113,0.37027441622635077,0.0,3.1877450144878132,22.68384182716891,0.0,97.43582750980057,,,,,,,,,,,,,,,,,,,,,,,,,,,,,,,,,,,8,1,12,0.43155555555555547,0.4151666666666667,0.0,5,8,,4,11,,,1,,1,0,0.019600000000000003,0,0.0,,,,,,,,,1963,1978,15,
Paul Silas,silaspa01,79,220.0,1943-07-12,Creighton,1965,1979,1964-10-17T00:00:00Z,False,15,NBA,"STL, ATL, PHO, BOS, DEN, SEA",PF,1172,0.0,28.493174061433447,3.5665529010238908,8.233788395904437,0.43316062176165804,0.0,0.0,,0.0,0.0,,0.43316062176165804,2.651023890784983,3.9351535836177476,0.6736773633998265,1.5622866894197953,2.5435153583617747,10.171501706484642,2.138225255972696,0.2841296928327645,0.11348122866894197,0.21331058020477817,2.5469283276450514,9.784129692832764,33394.0,4180,9650,0.0,0.0,0.0,0.0,3107,4612,1831.0,2981.0,11921.0,2506,333.0,133.0,250.0,2985.0,11467,1.0,14.166167575013475,0.4880294963167036,0.0,0.47615353057435456,9.331243023845763,15.037336377473364,12.660306717786298,9.641618254776306,0.894461149867693,0.3411415525114155,2.6681613602267045,1.6467844640773461,28.0,49.599999999999994,77.8,0.11162436365814216,-0.276309778729479,-0.01621698786581012,-0.3110778015703069,5.9,4.863704496788008,11.807080656673802,0.0,0.0,0.0,0.0,3.620071377587437,5.2532976445396145,5.86241256245539,9.545838686652392,15.392748037116347,3.206117059243397,1.0616059957173447,0.4318986438258387,0.8173804425410421,3.958486795146324,13.399007851534618,28.94532476802284,96.15717344753747,,,,,,,,,,,,,,,,,,,,,,,,,,,,,,,,,,,3,0,2,0.18181818181818182,0.0,0.0,2,5,,0,0,,,0,,0,0,0.0014666666666666667,0,0.0,,,,,,,,,1965,1980,15,
Elvin Hayes,hayesel01,81,235.0,1945-11-17,Houston,1969,1983,1968-10-17T00:00:00Z,True,15,NBA,"SDR, HOU, BAL, CAP, WSB, HOU",PF,1222,125.0,40.10310965630114,8.852700490998364,19.54418985270049,0.4529581710840347,0.004091653027823241,0.02618657937806874,0.15625,1.8682487725040917,4.03518821603928,0.46298925167308863,0.4530628480509149,4.312602291325695,6.437806873977086,0.6698868692004576,2.202127659574468,5.564648117839607,13.108837970540097,1.9042553191489362,0.6939443535188216,1.4263502454991817,1.044189852700491,3.330605564648118,22.022094926350245,49006.0,10818,23883,5.0,32.0,2283.0,4931.0,5270,7867,2691.0,6800.0,16019.0,2327,848.0,1743.0,1276.0,4070.0,26911,2.0,17.887024037872912,0.49342313186140463,0.0014953271028037382,0.33139646165775627,7.1864072817194105,18.25741456870018,13.279767783536709,6.962851487572951,1.1314424635332252,2.3814405598084867,4.550071419826144,8.256764477819043,37.900000000000006,82.80000000000001,120.6,0.118114639023793,0.3834770068899215,0.44392565294023395,0.7868386476526198,21.999999999999996,9.535356513379268,20.68725845217113,0.0,0.056279442397051765,3.4563563531485335,7.498730972600545,4.763211023874379,7.046072744752443,3.97641724082679,9.992100624899855,13.9688415318058,2.1588271110398973,1.2527992308924853,2.5689985579234094,1.9017849703573144,4.203704534529723,23.86712385835603,57.89847780804358,97.18887998718154,,,,,,,,,,,,,,,,,,,,,,,,,,,,,,,,,,,1,0,12,0.0216,0.19106666666666666,0.06193333333333333,0,2,,3,6,,,1,,1,0,0.03813333333333334,0,0.321,,,,,0,0.0,,,1969,1984,15,
Kareem Abdul-Jabbar,abdulka01,86,225.0,1947-04-16,UCLA,1970,1984,1969-10-18T00:00:00Z,True,15,NBA,"MIL, LAL",C,1170,399.0,39.0965811965812,11.116239316239316,19.835042735042734,0.5604343517042272,0.0,0.006837606837606838,0.0,3.3008547008547007,5.640170940170941,0.5852401879072586,0.5604343517042272,4.713675213675214,6.575213675213675,0.7168854803067723,1.971794871794872,6.518803418803419,12.824786324786325,4.033333333333333,0.7649572649572649,2.241880341880342,1.4418803418803419,3.0034188034188034,26.946153846153845,45743.0,13006,23207,0.0,8.0,3862.0,6599.0,5515,7693,2307.0,7627.0,15005.0,4719,895.0,2623.0,1687.0,3514.0,31527,21.0,26.02355551669108,0.5938217432175413,0.0004198019369083794,0.332086876680585,6.557611572158989,19.560029290100456,15.453505454386463,15.403524036464596,1.1595053483502178,3.441825749595334,5.881686815469034,10.62239031108585,155.8,80.0,235.60000000000002,0.2472825131714142,4.949956364543074,2.0120963720234384,6.954993142999626,72.8,12.691593940905125,22.556267921705526,0.0,0.008343722727839422,5.585581598304451,9.5471855130283,5.3257293354943265,7.272129410297967,3.2993891036030423,10.881174417154968,14.189963844907117,4.79162199227029,1.2771038523874831,3.7367566388230893,2.4219174666500436,3.6097026555292357,30.7027303328762,70.26792170552301,96.99002618127416,,,,,,,,,,,,,,,,,,,,,,,,,,,,,,,,,,,3,1,14,0.2498,0.5108666666666667,0.06666666666666667,5,11,,9,13,,,1,,1,6,0.3777999999999999,1,1.0,0,0.0,,,0,0.0,,,1970,1989,15,
Dan Issel,isselda01,81,235.0,1948-10-25,Kentucky,1971,1985,1970-10-15T00:00:00Z,True,15,"ABA,NBA","KEN, DNA, DEN",C,1218,318.0,34.30541871921182,8.564039408866995,17.16256157635468,0.4989954075774971,0.023809523809523808,0.11658456486042693,0.20422535211267606,7.0205254515599345,14.091133004926109,0.4982229214006875,0.49968905472636815,5.411330049261084,6.8267651888341545,0.7926638604930848,3.0344827586206895,6.105911330049261,9.14039408866995,2.3866995073891624,0.8530377668308703,0.4696223316912972,2.044334975369458,2.876847290640394,22.563218390804597,41784.0,10431,20904,29.0,142.0,8551.0,17163.0,6591,8315,3696.0,7437.0,11133.0,2907,1039.0,572.0,2490.0,3504.0,27482,0.0,21.467250622247743,0.5591423990044035,0.006615594485927628,0.3989480901780587,8.60097117631784,17.485268761360686,13.180643308443424,10.06750191460846,1.3439610761305096,0.7698545832251364,9.225921405322614,23.182921692513876,110.9,46.8,158.0,0.18113861765269004,3.0238657709573697,-0.7668661848514756,2.282266229424687,33.900000000000006,10.787376229743067,21.55734980419625,0.03157375274602821,0.14329969117132033,8.151376993855264,16.365029131777515,6.929466076602248,8.745592027762743,3.686478397911426,7.911967907287719,11.602696679295743,3.2839154382501827,1.3489031806170206,0.7460345760769208,2.5832563914801496,3.7857111019134644,28.5791174504123,106.02543856856315,104.34970868222484,,,,,,,,,,,,,,,,,,,,,,,,,,,,,,,,,,,0,0,7,0.0,0.0,0.0,0,0,,1,5,,,1,,1,0,0.0384,1,0.0,0,0.032,,,0,0.0,,,1971,1985,15,
Billy Paultz,paultbi01,83,235.0,1948-07-30,"Cameron University, St. John's",1971,1985,1970-10-15T00:00:00Z,False,15,"ABA,NBA","NYA, SAA, SAS, HOU, SAS, ATL, UTA",C,1124,89.0,27.03914590747331,4.834519572953736,9.726868327402135,0.49702734839476814,0.0,0.015124555160142349,0.0,3.5551601423487544,7.185943060498221,0.49473814535099664,0.49702734839476814,1.9848754448398576,2.8745551601423487,0.6904982977406375,2.1209964412811386,5.849644128113879,7.970640569395018,1.9626334519572954,0.40480427046263345,1.2962633451957295,1.6548042704626333,2.645017793594306,11.65391459074733,30392.0,5434,10933,0.0,17.0,3996.0,8077.0,2231,3231,2384.0,6575.0,8959.0,2206,455.0,1457.0,1860.0,2973.0,13099,0.0,16.239151750460646,0.5270436299026059,0.0016032179520926561,0.295599532771782,8.1457298979518,21.374252732141564,15.049802579626219,9.725575809423534,0.829528415961306,2.7598501845552583,13.124197157146616,16.718623321926824,36.9,33.6,70.59999999999998,0.11123045538299553,0.2149114039073149,0.5650340754202635,0.7452248977737391,15.500000000000002,7.980159018627896,16.240254429804633,0.0,0.007537482962289868,5.1374784189005,10.624357110404361,3.1464379827351205,4.634493412085415,3.32338482507951,8.98492503407542,12.280699681962744,3.5412903225806445,0.9350567923671058,2.5405770104497956,2.541908223534757,4.422971376646978,19.113934575193095,91.9658791458428,101.43630168105406,,,,,,,,,,,,,,,,,,,,,,,,,,,,,,,,,,,0,0,4,0.0,0.0,0.0,0,0,,0,0,,,0,,0,0,0.0,0,0.0,0,0.0,,,0,0.0,,,1971,1985,15,
Julius Erving,ervinju01,79,210.0,1950-02-22,UMass,1972,1986,1971-10-15T00:00:00Z,True,15,"ABA,NBA","VIR, NYA, PHI",SF,1183,763.0,36.6094674556213,9.651732882502113,19.036348267117496,0.5070159857904085,0.1014370245139476,0.33474218089602703,0.30303030303030304,7.850380388841927,15.282333051563821,0.5136899164776813,0.5096802841918295,5.126796280642434,6.607776838546069,0.7758730970960727,3.0211327134404056,5.65257819103973,8.673710904480135,4.213863060016906,1.8562975486052409,1.5612848689771768,3.1969568892645817,2.837700760777684,24.53169907016061,43309.0,11418,22520,120.0,396.0,9287.0,18079.0,6065,7817,3574.0,6687.0,10261.0,4985,2196.0,1847.0,3782.0,3357.0,29021,1.0,23.815428663788126,0.5586965757694706,0.01711937472580757,0.3474364450806991,8.639372878616454,15.280509824747748,12.029541203906808,17.815541804243924,2.540102020303548,2.3447066429610475,12.524629984529774,25.424713108129946,105.69999999999999,71.9,177.50000000000003,0.1966473250363666,4.792552237589327,1.646306007662419,6.43746977148602,78.19999999999999,12.094079287014646,23.743819797299132,0.1501643887726544,0.4479689155775344,9.521756378556095,18.386658696301932,6.432899491889248,8.2781784093688,3.5658343069858436,6.570404586582616,10.135054207537427,5.473790180148358,2.535230823574165,2.150808358014292,3.9232399532646793,3.6380295084639838,30.755710132326172,102.85498464799065,99.15115615574817,,,,,,,,,,,,,,,,,,,,,,,,,,,,,,,,,,,1,0,15,0.0,0.27586666666666665,0.0,1,1,0,9,12,,0,1,,1,4,0.23666666666666666,0,0.35,0,0.0,0,0.0,0,0.0,,,1972,1987,15,
Artis Gilmore,gilmoar01,86,240.0,1949-09-21,"Gardner-Webb University, Jacksonville University",1972,1986,1971-10-16T00:00:00Z,True,15,"ABA,NBA","KEN, CHI, SAS",C,1176,703.0,37.275510204081634,7.61734693877551,13.092687074829932,0.581801649672014,0.002551020408163265,0.017006802721088437,0.15,5.891156462585034,9.962585034013605,0.5913280983270741,0.5818990712476456,4.951530612244898,7.062925170068027,0.7010594750782567,3.879251700680272,9.335034013605442,13.214285714285714,2.44812925170068,0.5688775510204082,2.5960884353741496,3.1301020408163267,3.5255102040816326,20.18877551020408,43836.0,8958,15397,3.0,20.0,6928.0,11716.0,5823,8306,4562.0,10978.0,15540.0,2879,669.0,3053.0,3681.0,4146.0,23742,2.0,22.098752167168538,0.6261865818049093,0.0013220412446391097,0.5496923989415092,10.927105575326216,25.407863399945253,18.31414818870335,9.545991878821061,0.7769554393826238,3.787065425677525,16.12715348115704,19.325611369650517,111.19999999999999,72.80000000000001,183.99999999999997,0.20133650424308788,2.731654303479873,0.8763472237373187,3.6003736227773535,51.7,9.528305334351481,16.3273071888295,0.0,0.013174975455437984,6.901944474746372,11.598393694774735,6.462329551652667,9.081965201265408,4.693602050834515,11.303059888731317,16.02689538562234,3.0189102214464922,0.7556534307843352,3.0257990618522963,3.883495145631068,4.539964001309043,25.50751336315043,106.82156103414421,100.52249918184793,,,,,,,,,,,,,,,,,,,,,,,,,,,,,,,,,,,0,0,11,0.0,0.0,0.0,4,5,0,5,5,,0,1,,1,1,0.06113333333333334,1,0.633,0,0.0,0,0.0,0,0.0,,,1972,1988,15,
Caldwell Jones,jonesca01,83,217.0,1950-08-04,Albany State University,1974,1988,1973-10-10T00:00:00Z,False,15,"ABA,NBA","SDA, KEN, SDS, SSL, PHI, HOU, CHI, POR",C,1155,729.0,28.4995670995671,3.4164502164502166,7.185281385281385,0.47547897337028555,0.005194805194805195,0.04415584415584416,0.11764705882352941,2.8173160173160174,5.911688311688311,0.47656707674282367,0.47584046270635016,1.7038961038961038,2.251948051948052,0.7566320645905421,2.387012987012987,6.405194805194805,8.792207792207792,1.49004329004329,0.554978354978355,1.8917748917748918,1.7125541125541126,3.5705627705627707,8.541991341991341,32917.0,3946,8299,6.0,51.0,3254.0,6828.0,1968,2601,2757.0,7398.0,10155.0,1721,641.0,2185.0,1978.0,4124.0,9866,0.0,12.437075067594252,0.524962876325303,0.006400765561867728,0.3413603912871768,8.768475255946775,22.921274721268645,15.967129446790413,6.627851869854482,0.8863991250721512,3.504004010085974,17.955494121578514,12.98817936020901,15.399999999999999,48.7,64.1,0.09338964668712214,-1.7255642980830574,1.1219521827627061,-0.6263906188291763,11.1,5.46420998268372,11.511155330072606,0.0,0.0719324361272291,4.522101042014764,9.50068049943798,2.745639031503478,3.6280675638727713,3.8326822006865755,10.291931220949662,14.107664732509035,2.4125922775465565,0.8863991250721512,3.0196798007108794,2.758565482881186,5.746571680286782,13.69164869216514,95.45399033933833,101.40839080110581,,,,,,,,,,,,,,,,,,,,,,,,,,,,,,,,,,,0,0,1,0.06666666666666667,0.0,0.0,2,2,0,0,0,,0,0,,0,0,6.666666666666667e-05,0,0.359,0,0.0,0,0.0,0,0.0,,,1974,1990,15,
Moses Malone,malonmo01,82,215.0,1955-03-23,,1975,1989,1974-10-18T00:00:00Z,True,15,"ABA,NBA","UTS, SSL, BUF, HOU, PHI, WSB, ATL",C,1127,775.0,36.74800354924579,7.907719609582964,15.826974267968057,0.4996355889443292,0.0026619343389529724,0.049689440993788817,0.05357142857142857,6.558118899733807,13.14818101153505,0.4987852611688487,0.49971968380333015,6.81810115350488,9.030168589174801,0.7550358651862041,5.571428571428571,7.998225377107365,13.569653948535937,1.4179236912156168,0.9174800354924578,1.4543034605146405,3.251996450754215,2.6406388642413487,22.63620230700976,41415.0,8912,17837,3.0,56.0,7391.0,14818.0,7684,10177,6279.0,9014.0,15293.0,1598,1034.0,1639.0,3665.0,2976.0,25511,0.0,22.57325606664252,0.5722327176143909,0.0030623928528311,0.5746781117952433,16.55128093685862,23.63473137752022,20.125915731015336,5.8185850537244965,1.1943933357479173,2.2155185319328745,13.986333454062537,24.33222745382108,102.4,54.3,156.7,0.18162308342388023,3.3646842931305088,-1.3940021731256793,1.986625618737172,41.5,10.312425449716287,20.612282989255103,0.0,0.05732946999879271,8.57500664010624,17.188166123385248,8.893946637691657,11.750964626343112,7.248161294217071,10.400142460461185,17.657131474103586,1.8524399372208133,1.1943933357479173,1.8914378848243392,4.221724013038754,3.4327200289750093,29.467774960763006,106.46046118556079,103.4615960400821,,,,,,,,,,,,,,,,,,,,,,,,,,,,,,,,,,,1,1,13,0.02606666666666667,0.3829333333333333,0.0,1,2,0,4,8,0,4,1,0,1,3,0.19033333333333333,0,0.1,0,0.0,0,0.0,0,0.0018571428571428571,,,1975,1995,15,
Adrian Dantley,dantlad01,77,208.0,1955-02-28,Notre Dame,1977,1991,1976-10-21T00:00:00Z,True,15,NBA,"BUF, IND, LAL, UTA, DET, DAL, MIL",SF,955,569.0,35.76020942408377,8.553926701570681,15.833507853403141,0.540242047483632,0.007329842931937173,0.04293193717277487,0.17073170731707318,6.980104712041885,12.746596858638743,0.5476053561159944,0.5404735136565042,7.153926701570681,8.744502617801047,0.818105616093881,2.310994764397906,3.4010471204188484,5.712041884816754,2.9633507853403143,0.9884816753926702,0.15706806282722513,2.6209424083769632,2.670157068062827,24.26910994764398,34151.0,8169,15121,7.0,41.0,6666.0,12173.0,6832,8351,2207.0,3248.0,5455.0,2830,944.0,150.0,2503.0,2550.0,23177,1.0,21.50552838862698,0.6146000409944071,0.0026211238323914383,0.5544603671927616,7.086934496793652,10.062279289039854,8.600752540189157,12.991842112968873,1.300614916107874,0.2349155222394659,11.479537934467512,23.96801557787473,111.39999999999999,22.7,134.39999999999998,0.1886420016983397,4.130476413575005,-1.0464378788322448,3.0768440162806363,43.599999999999994,11.26662176803022,20.845866885303508,0.0014757986588972505,0.05105853415712571,9.274650815495887,16.96051360135867,9.414705279494012,11.490664987848085,3.019399139117449,4.471441539047174,7.499262100670551,3.8902813973236516,1.300614916107874,0.22039178940587392,3.4646569646569647,3.5257766976076836,31.939864132821874,109.29255365875085,108.78551140522971,,,,,,,,,,,,,,,,,,,,,,,,,,,,,,,,,,,0,0,6,0.0,0.043666666666666666,0.0606,0,0,0,0,2,0,1,1,0,1,0,0.010133333333333334,1,0.667,0,0.0,0,0.0,0,0.0,,,1977,1991,15,
Alex English,englial01,80,190.0,1954-01-05,South Carolina,1977,1991,1976-10-21T00:00:00Z,True,15,NBA,"MIL, IND, DEN, DAL",SF,1193,837.0,31.905280804694048,8.934618608549874,17.632858340318524,0.5067027952082145,0.015088013411567477,0.06957250628667226,0.21686746987951808,8.049455155071248,15.876781223805532,0.5069954067895043,0.5071306332002282,3.585079631181894,4.3093042749371335,0.831939311418012,2.3285834031852475,3.151718357082984,5.480301760268231,3.647108130762783,0.8943839061190276,0.6982397317686505,2.364626990779547,2.5373009220452643,21.46940486169321,38063.0,10659,21036,18.0,83.0,9603.0,18941.0,4277,5141,2778.0,3760.0,6538.0,4351,1067.0,833.0,2821.0,3027.0,25613,5.0,19.871878201928382,0.5486857052780916,0.0037336783753251185,0.24320219110422192,7.449207892178757,10.568475947770802,8.979657410083282,17.10770039145627,1.2697790505215039,1.1434516459553894,10.92985051099493,26.02662690802091,77.49999999999999,23.0,100.69999999999997,0.12694574783910886,3.249820035204792,-1.274468644090061,1.977103749047631,38.1,12.51584741087145,24.738415258912852,0.00810498384257678,0.09849985550271918,11.276218374799674,22.265215563670754,5.012999500827574,6.03039960066206,3.280490239865486,4.420938969603026,7.685739431994326,5.108727635761762,1.2697790505215039,0.9651131019625355,3.3143761658303332,3.576031841946247,30.102937235635654,109.05990069095972,110.10085910201508,,,,,,,,,,,,,,,,,,,,,,,,,,,,,,,,,,,0,0,8,0.0,0.07626666666666668,0.0,0,0,0,0,3,0,4,0,0,0,0,0.011133333333333334,0,0.0,0,0.0,0,0.0,0,0.0,,,1977,1991,15,
Robert Parish,parisro01,85,230.0,1953-08-30,Centenary (LA),1977,1991,1976-10-22T00:00:00Z,True,15,NBA,"GSW, BOS",C,1181,865.0,30.856900931414057,6.795088907705335,12.516511430990686,0.5428900013529969,0.0,0.005080440304826418,0.0,5.718035563082133,10.314987298899238,0.5543424725004105,0.5428900013529969,2.9373412362404743,4.077900084674005,0.7203073089700996,3.1905165114309906,6.958509737510584,10.149026248941574,1.5850973751058426,0.8450465707027942,1.6528365791701947,2.2692633361558,3.071972904318374,16.527519051651144,36442.0,8025,14782,0.0,6.0,6753.0,12182.0,3469,4816,3768.0,8218.0,11986.0,1872,998.0,1952.0,2680.0,3628.0,19519,2.0,19.996638494045328,0.5805235168212504,0.0004012952088249821,0.32881227704297245,11.787673563470719,24.166148949014875,18.152296800395153,7.4175676417320675,1.2985428900718952,2.9765956862960317,13.600694253882883,21.310347950167387,64.69999999999999,60.199999999999996,124.80000000000001,0.1644903133746776,1.6720459908896328,0.3485099610339718,2.033870259590582,37.0,10.498682838483068,19.28943252291312,0.0,0.0,8.896051259535701,16.02062180999945,4.536315240656386,6.2920339169090616,4.934320289775533,10.743202897755337,15.645293891663464,2.4346742769332095,1.2985428900718952,2.5331540530157515,3.50948081883541,4.729298611492235,25.50748037978157,107.54028318972614,101.18681740848471,,,,,,,,,,,,,,,,,,,,,,,,,,,,,,,,,,,3,0,9,0.0024666666666666665,0.039266666666666665,0.0,0,0,1,0,1,1,6,0,0,1,0,0.01906666666666667,0,0.0,0,0.0,0,0.0,0,0.0,,,1977,1997,15,
Walter Davis,daviswa03,78,193.0,1954-09-09,UNC,1978,1992,1977-10-18T00:00:00Z,True,15,NBA,"PHO, DEN, POR, DEN",SG,1033,373.0,27.937076476282673,7.858664085188771,15.363988383349467,0.5114989603679667,0.15198451113262343,0.558567279767667,0.2720970537261698,6.206195546950629,12.040658276863505,0.5154365653642065,0.5164450885262428,3.028073572120039,3.558567279767667,0.8509249183895539,0.8606001936108422,2.09486931268151,2.9554695062923524,3.7541142303969024,1.239109390125847,0.1287512100677638,2.4598257502420133,2.3756050338818975,18.897386253630202,28859.0,8118,15871,157.0,577.0,6411.0,12438.0,3128,3676,889.0,2164.0,3053.0,3878,1280.0,133.0,2541.0,2454.0,19521,0.0,19.05693890987214,0.5584610693371218,0.03611913094701826,0.23185117294431548,3.330593575660972,8.21227693267265,5.76515818288922,21.139096988807648,2.027568522817839,0.266970442496275,12.675782251637274,27.393825149866597,49.5,27.299999999999997,76.89999999999999,0.127999237672823,2.0880938355452368,-0.6204130427249731,1.470594961710385,25.2,12.909345438164872,25.219394296406666,0.25470390519422015,0.9341973041338922,10.300710350323987,19.9787518625039,4.9591357981912045,5.817069198516929,1.3980283447104893,3.400273744759001,4.823857375515438,6.198367926816592,2.0327073010152814,0.21766173464084,4.042423507398039,3.885540039502408,31.001763747877607,108.4282199660418,106.96676946533144,,,,,,,,,,,,,,,,,,,,,,,,,,,,,,,,,,,0,0,6,0.0,0.0012666666666666666,0.06666666666666667,0,0,0,0,2,0,2,1,0,1,0,0.002,1,0.747,0,0.0,0,0.0,0,0.0,,,1978,1992,15,
James Edwards,edwarja01,85,252.0,1955-11-22,Washington,1978,1992,1977-10-18T00:00:00Z,False,15,NBA,"LAL, IND, CLE, PHO, DET, LAC",C,1015,761.0,26.334975369458128,5.447290640394089,10.929064039408868,0.49842242855855046,0.0009852216748768472,0.020689655172413793,0.047619047619047616,4.432512315270936,8.782266009852217,0.5047116894772269,0.49846750202830614,3.046305418719212,4.3605911330049265,0.6985991866244916,1.7123152709359606,3.9586206896551723,5.670935960591133,1.3960591133004927,0.39408866995073893,0.8285714285714286,1.7881773399014778,3.6699507389162562,13.941871921182265,26730.0,5529,11093,1.0,21.0,4499.0,8914.0,3092,4426,1738.0,4018.0,5756.0,1417,400.0,841.0,1815.0,3725.0,14151,0.0,15.141025065469512,0.5425894874672653,0.0020109240553685,0.40101346801346793,7.025260007482229,16.560583613916947,11.757014590347923,7.858148148148147,0.7035278713056492,1.7623718668163115,12.176969696969696,22.61546202768425,32.7,26.499999999999996,59.29999999999999,0.10623187429854096,-0.8110138421249533,-0.6136288814066592,-1.3922783389450055,3.8999999999999986,9.872895622895623,19.800564908342682,0.0,0.04542087542087542,8.130748222970444,16.116543209876543,5.517976056864946,7.890722035166481,3.0937074448185564,7.128312757201646,10.208533482977929,2.51010101010101,0.7035278713056492,1.4826187803965585,3.2397530864197535,6.65944631500187,25.24105499438833,107.1816685372241,106.49349046015713,,,,,,,,,,,,,,,,,,,,,,,,,,,,,,,,,,,2,0,0,0.0,0.0,0.0,0,0,0,0,0,0,0,0,0,0,0,0.0,0,0.0,0,0.0,0,0.0,0,0.0,,,1978,1996,15,
Brad Davis,davisbr01,75,180.0,1955-12-17,Maryland,1978,1992,1977-10-21T00:00:00Z,False,15,NBA,"LAL, IND, UTA, DAL",PG,961,396.0,23.207075962539022,3.0905306971904265,6.056191467221644,0.5103092783505154,0.2809573361082206,0.8751300728407908,0.3210463733650416,2.7460978147762747,5.048907388137357,0.5438994229183842,0.5335051546391752,1.7232049947970864,2.0822060353798126,0.8275862068965517,0.31321540062434966,1.4953173777315296,1.8085327783558793,4.900104058272633,0.7866805411030177,0.15192507804370448,1.4328824141519252,2.225806451612903,8.18522372528616,22302.0,2970,5820,270.0,841.0,2639.0,4852.0,1656,2001,301.0,1437.0,1738.0,4709,756.0,146.0,1377.0,2139.0,7866,0.0,14.645130481571158,0.5866224105461393,0.1427241503004215,0.3453955250650166,1.4987534750246614,7.231037575105372,4.352986279257466,28.435615639852927,1.6397363465160073,0.3799121155053359,17.061164917944577,15.055627298000179,42.09999999999999,11.5,53.400000000000006,0.11552614115325979,0.5065330463635548,-0.3768182225809345,0.12887185005829066,12.1,6.467029862792575,12.675396825396826,0.5985696350103129,1.853210474396915,5.751354138642274,10.583701013362031,3.5783472334319795,4.338610886915972,0.6487714106358174,3.139852927988522,3.7894538606403017,10.22697964308134,1.6409380324634562,0.3160165007622635,2.9992018653035606,4.678557976863062,17.123280423280423,117.55510716527665,111.31526320509371,,,,,,,,,,,,,,,,,,,,,,,,,,,,,,,,,,,0,0,0,0.0,0.0,0.0,0,0,0,0,0,0,0,0,0,0,0,0.0,0,0.0,0,0.0,0,0.0,0,0.0,,,1978,1992,15,
Tree Rollins,rollitr01,85,235.0,1955-06-16,Clemson,1978,1992,1977-10-22T00:00:00Z,False,15,NBA,"ATL, CLE, DET, HOU",C,1018,504.0,22.51375245579568,2.487229862475442,4.741650294695481,0.5245494095711623,0.0,0.004911591355599214,0.0,1.9469548133595285,3.680746561886051,0.5289564985321591,0.5245494095711623,0.9990176817288802,1.4233791748526523,0.7018633540372671,2.0353634577603144,4.3487229862475445,6.384086444007859,0.6208251473477406,0.48330058939096265,2.412573673870334,0.9941060903732809,3.1591355599214146,5.9734774066797645,22919.0,2532,4827,0.0,5.0,1982.0,3747.0,1017,1449,2072.0,4427.0,6499.0,632,492.0,2456.0,1012.0,3216.0,6081,4.0,13.888263013220474,0.5580640952921158,0.001089925389414896,0.301299882193813,9.884720101226057,21.375635935250227,15.595780793228327,3.802404118853354,1.0408045726253325,6.30734761551551,15.733299882193815,11.71601727824076,21.6,40.599999999999994,62.10000000000001,0.1305426065709673,-1.2819102055063485,2.5538679698067104,1.274230987390375,19.099999999999998,5.391304158122082,10.239020027051788,0.0,0.00548453248396527,4.269222042846547,8.032715214450892,2.163349186264671,3.073607050918452,4.396548715039923,9.416889916663031,13.824080457262532,1.334351411492648,1.0408045726253325,5.214258911819888,2.1521357825385055,6.845996771237838,12.915310441118722,110.50948994284218,100.20559361228675,,,,,,,,,,,,,,,,,,,,,,,,,,,,,,,,,,,0,0,0,0.05653333333333333,0.0,0.0,1,2,0,0,0,0,0,0,0,1,0,0.0,0,0.0,0,0.0,0,0.0,0,0.014600000000000002,,,1978,1995,15,
Maurice Cheeks,cheekma01,73,180.0,1956-09-08,West Texas A&M University,1979,1993,1978-10-13T00:00:00Z,True,15,NBA,"PHI, SAS, NYK, ATL, NJN",PG,1101,978.0,31.64850136239782,4.455949137148047,8.514078110808356,0.5233624919991465,0.047229791099000905,0.18528610354223432,0.2549019607843137,4.143505903723887,7.809264305177112,0.5305885089555711,0.5261361211862599,2.11716621253406,2.6684831970935514,0.7933968686181075,0.6475930971843779,2.1571298819255222,2.8047229791099,6.713896457765667,2.0980926430517712,0.2670299727520436,2.0599455040871937,2.05086285195277,11.076294277929156,34845.0,4906,9374,52.0,204.0,4562.0,8598.0,2331,2938,713.0,2375.0,3088.0,7392,2310.0,294.0,2268.0,2258.0,12195,1.0,16.5048357009614,0.5709152245659348,0.02181598507676855,0.3114441957239202,2.3385622040464917,7.370010044482708,4.9065920505094,29.14819055818625,3.1714564499928257,0.4889654182809585,17.576025254699385,15.221845314966277,60.8,42.6,103.39999999999999,0.14250612713445254,1.2182264313387863,1.592486726933563,2.8075993686325154,42.2,6.77246089826374,12.926428468933851,0.0851112067728512,0.2897087100014349,6.314791218252259,11.907622327450136,3.227211938585163,4.046835987946621,0.9817793083656193,3.2847811737695514,4.237738556464342,10.179242359018511,3.1714564499928257,0.4008006887645286,3.105349404505668,3.0762175347969576,16.81657626632228,115.60410388864973,105.37905007892094,,,,,,,,,,,,,,,,,,,,,,,,,,,,,,,,,,,1,0,4,0.17226666666666668,0.0128,0.0,4,5,3,0,0,0,2,0,0,1,0,0.0,0,0.0,0,0.0,0,0.0,0,0.024909090909090912,,,1979,1993,15,
Bill Cartwright,cartwbi01,85,245.0,1957-07-30,San Francisco,1980,1995,1979-10-12T00:00:00Z,False,15,NBA,"NYK, CHI, SEA",C,963,758.0,28.5472481827622,4.834890965732087,9.208722741433021,0.5250338294993234,0.0,0.0020768431983385254,0.0,4.834890965732087,9.206645898234683,0.525152267087751,0.5250338294993234,3.5316718587746627,4.581516095534787,0.7708522212148685,1.881619937694704,4.458982346832814,6.3406022845275185,1.4434060228452752,0.47767393561786087,0.6936656282450675,1.964693665628245,2.941848390446521,13.201453790238837,27491.0,4656,8868,0.0,2.0,4656.0,8866.0,3401,4412,1812.0,4294.0,6106.0,1390,460.0,668.0,1892.0,2833.0,12713,0.0,15.144298133934743,0.5814479284129351,0.00019686442835837185,0.4931269142628497,7.590731512131244,18.141537230366303,12.83612091229857,7.094103524789931,0.815277727256193,1.4495289367429338,14.924378887635955,19.20495434869594,43.4,29.499999999999996,72.8,0.12701720563093374,-0.07989887599578044,-0.5461132734349424,-0.614422902040668,9.799999999999999,8.208351824233386,15.687126696009605,0.0,0.0,8.208351824233386,15.676486850241899,5.988010621657997,7.76753482958059,3.2112509548579533,7.585624386162745,10.82898766869157,2.477829107707977,0.815277727256193,1.1553271979920703,3.34319959259394,5.047204539667528,22.42732530646393,111.76912444072606,106.52708159033865,,,,,,,,,,,,,,,,,,,,,,,,,,,,,,,,,,,3,0,1,0.0,0.0,0.06666666666666667,0,0,0,0,0,0,0,1,0,1,0,0.0,0,0.0,0,0.0,0,0.0,0,0.0,,,1980,1995,15,
Rick Mahorn,mahorri01,82,240.0,1958-09-21,Hampton,1981,1996,1980-10-10T00:00:00Z,False,15,NBA,"WSB, DET, PHI, NJN",PF,1020,606.0,24.242156862745098,2.954901960784314,5.965686274509804,0.49531635168447,0.004901960784313725,0.03627450980392157,0.13513513513513514,2.95,5.929411764705883,0.4975198412698413,0.4957271980279376,1.4901960784313726,2.111764705882353,0.7056638811513464,1.6892156862745098,4.8656862745098035,6.5549019607843135,1.0382352941176471,0.5980392156862745,0.9764705882352941,1.3754901960784314,3.2549019607843137,7.404901960784314,24727.0,3014,6085,5.0,37.0,3009.0,6048.0,1520,2154,1723.0,4963.0,6686.0,1059,610.0,996.0,1403.0,3320.0,7553,0.0,11.756375621789944,0.5371720386621911,0.006096291503215109,0.35673830226068665,7.779180652727786,22.166437497472398,15.010607837586443,5.869470619161242,1.2080883245035792,2.3568851862336717,16.795066122052816,14.300764346665588,10.600000000000001,39.80000000000001,50.4,0.09794140008897156,-2.4273142718485863,1.3163262830104743,-1.1172847494641487,5.4,5.9730901443765925,12.032025720871923,0.0025478222186274112,0.06922796942613338,5.94906377643871,11.947345007481701,3.01498362114288,4.2598414688397295,3.4141060379342423,9.817980345371456,13.20867472803009,2.0801310308569576,1.2080883245035792,1.9610830266510295,2.7722489586282197,6.536664374974723,14.945108585756461,103.5504913657136,102.5893557649533,,,,,,,,,,,,,,,,,,,,,,,,,,,,,,,,,,,1,0,0,0.0222,0.00013333333333333334,0.0,0,1,1,0,0,0,1,0,0,0,0,0.0,0,0.0,0,0.0,0,0.0,0,0.0,,,1981,1999,15,
Eddie Johnson,johnsed03,79,215.0,1959-05-01,Illinois,1982,1997,1981-10-30T00:00:00Z,False,15,NBA,"KCK, SAC, PHO, SEA, CHH, IND, HOU",SF,1121,478.0,27.739518287243534,6.685102586975915,14.098126672613738,0.4741837509491268,0.4424620874219447,1.320249776984835,0.33513513513513515,6.2426404995539695,12.777876895628903,0.48855068416643394,0.48987598076436345,2.7413024085637825,3.2613737734165924,0.8405361050328227,1.5486173059768065,2.623550401427297,4.172167707404103,2.1953612845673507,0.6306868867082962,0.15789473684210525,1.7948260481712757,2.56021409455843,16.553969669937555,31096.0,7494,15804,496.0,1480.0,6998.0,14324.0,3073,3656,1736.0,2941.0,4677.0,2461,707.0,177.0,2012.0,2870.0,18557,1.0,16.04779392847955,0.5321088564445587,0.09558769616670955,0.23101077308978651,6.293565088757397,10.610412914844352,8.479833419089273,12.225517751479293,1.0965365320298428,0.32577823514278365,10.380540905582711,25.504875225109334,44.89999999999999,18.7,63.5,0.09798176614355546,1.1726395677900696,-1.751923076923077,-0.616609853357345,11.100000000000001,11.506286982248522,24.26817275533831,0.7737940571134552,2.324614098276306,10.721456135837407,21.95784345253408,4.713249292513507,5.616532673012607,2.642320555698482,4.523655775662465,7.181936583483407,3.747018909184461,1.0965365320298428,0.26377990738358625,3.078653202984307,4.415169153588886,28.49685811679959,108.76164136866478,111.05836763570878,0.0,16.0,76.0,8.0,0.0,3.7,0.0,27.0,6.0,37.0,6.0,23.0,,108.0,6.0,12.0,16.7,0.174,0.047,0.127,0.29,0.362,0.571,0.471,0.348,0.48599999999999993,0.757,0.939,0.0,0.0,0.145,0.474,0.0,0.0,0,0,0,0.0,0.0002666666666666667,0.0,0,0,0,0,0,0,2,0,0,0,0,0.0,0,0.0,1,0.04138461538461539,0,0.0,0,0.0,,,1982,1999,15,0.638
Alton Lister,listeal01,84,240.0,1958-10-01,Arizona State,1982,1997,1981-10-30T00:00:00Z,False,15,NBA,"MIL, SEA, GSW, MIL, BOS",C,946,582.0,20.00105708245243,2.6543340380549685,5.178646934460888,0.5125535823637477,0.0010570824524312897,0.009513742071881607,0.1111111111111111,2.653276955602537,5.1691331923890065,0.5132924335378323,0.5126556440089814,1.3414376321353065,2.2473572938689217,0.59689557855127,1.9471458773784356,4.379492600422833,6.326638477801269,0.9651162790697675,0.3699788583509514,1.5560253699788584,1.5306553911205074,3.3477801268498943,6.651162790697675,18921.0,2511,4899,1.0,9.0,2510.0,4890.0,1269,2126,1842.0,4143.0,5985.0,913,350.0,1472.0,1448.0,3167.0,6292,0.0,12.882918450399028,0.5369531737223192,0.0020012684319010623,0.4429400137413456,10.912620897415572,24.4498863696422,17.70687595793034,6.436351144231277,0.8876697848950901,4.645394006659267,19.95628666560964,15.6671264732308,5.5,31.0,36.599999999999994,0.0928577770730934,-2.647624332751969,1.2696686221658473,-1.344188996353258,3.1000000000000005,6.361032714972782,12.428455155647164,0.0,0.025580043338089956,6.351456054119761,12.383621373077531,3.2140320279055015,5.390740447122245,4.691665345383436,10.541926959463032,15.227155012948572,2.306495428360023,0.8876697848950901,3.73486602188045,3.680307594736008,8.061999894297342,15.949130595634477,101.71381005232281,102.316209502669,0.0,0.0,0.0,0.0,100.0,-12.6,-5.1,16.0,1.0,50.0,8.0,11.0,,29.0,1.0,7.0,10.0,0.506,0.247,0.169,0.078,0.0,0.282,0.632,0.385,0.667,0.531,0.0,0.026,2.0,0.0,0.0,0.0,0.0,0,0,0,0.0,0.0,0.0,0,0,0,0,0,0,0,0,0,0,0,0.00046666666666666666,0,0.0,0,0.0,0,0.0,0,0.0,,,1982,1998,15,1.0
Danny Schayes,schayda01,83,235.0,1959-05-10,Syracuse,1982,1996,1981-10-30T00:00:00Z,False,15,NBA,"UTA, DEN, MIL, LAL, PHO, MIA",C,1000,387.0,20.02,2.781,5.708,0.48721093202522775,0.004,0.029,0.13793103448275862,2.777,5.679,0.48899454129248104,0.4875613174491941,2.647,3.282,0.8065204143814747,1.678,3.612,5.29,1.237,0.51,0.789,1.476,3.215,8.213,20020.0,2781,5708,4.0,29.0,2777.0,5679.0,2647,3282,1678.0,3612.0,5290.0,1237,510.0,789.0,1476.0,3215.0,8213,1.0,13.779265734265735,0.5711206293706295,0.004945754245754246,0.5804739760239761,8.75133866133866,19.98322677322677,14.19961038961039,7.996258741258742,1.1782417582417581,2.2824575424575424,16.95533966033966,17.11982017982018,23.8,22.4,45.999999999999986,0.11065474525474528,-1.843016983016983,0.018371628371628354,-1.8185014985014982,1.0000000000000002,6.424485514485515,13.211873126873124,0.013691308691308692,0.05903596403596404,6.410794205794206,13.144575424575423,6.086808191808192,7.561443556443557,3.8768481518481517,8.33945054945055,12.215644355644356,2.8592007992007997,1.1782417582417581,1.8146353646353643,3.3997602397602398,7.412067932067931,18.939785214785214,110.34595404595404,106.84675324675325,,,,,,,,,,,,,,,,,,,,,,,,,,,,,,,,,,,0,0,0,0.0,0.0,0.0,0,0,0,0,0,0,0,0,0,0,0,0.0,0,0.0,0,0.0,0,0.0,0,0.0,,,1982,1999,15,
Buck Williams,willibu01,80,215.0,1960-03-08,Maryland,1982,1996,1981-10-30T00:00:00Z,False,15,NBA,"NJN, POR",PF,1192,1130.0,33.75,5.162751677852349,9.384228187919463,0.5501519756838906,0.0041946308724832215,0.024328859060402684,0.1724137931034483,5.158557046979865,9.359899328859061,0.5511338173344089,0.5503754693366708,3.1912751677852347,4.806208053691275,0.6639902251701868,3.5922818791946307,6.841442953020135,10.433724832214764,1.3187919463087248,0.8582214765100671,0.8783557046979866,2.2374161073825505,3.3305369127516777,13.520973154362416,40230.0,6154,11186,5.0,29.0,6149.0,11157.0,3804,5729,4282.0,8155.0,12437.0,1572,1023.0,1047.0,2667.0,3970.0,16117,0.0,15.450855083271188,0.588023788217748,0.0024781257767834955,0.5090959234402187,11.741565995525727,23.024625901068855,17.294720357941834,5.454459358687546,1.2224956500124287,1.5772582649763855,16.11304250559284,16.504302759134973,55.3,57.8,113.2,0.13495684812329106,0.07305990554312698,-0.03373601789709169,0.04472532935620181,20.7,7.30003977131494,13.270939597315436,0.004156102411135968,0.03297042008451405,7.295883668903803,13.218570718369376,4.516032811334825,6.7830599055431255,5.084504101416853,9.659475515784242,14.751183196619438,1.8572234650758142,1.2224956500124287,1.24756400695998,3.156032811334825,4.725968182948049,19.109512801391993,113.08307233407905,104.23604275416356,,,,,,,,,,,,,,,,,,,,,,,,,,,,,,,,,,,0,0,3,0.14386666666666667,0.030000000000000002,0.0606,2,4,9,0,1,0,6,1,0,1,0,0.0042,1,0.478,0,0.0,0,0.0,0,0.0030714285714285717,,,1982,1998,15,
Herb Williams,willihe01,83,260.0,1958-02-16,Ohio State,1982,1996,1981-10-30T00:00:00Z,False,15,NBA,"IND, DAL, NYK, TOR",C,1048,605.0,26.801526717557252,4.768129770992366,10.194656488549619,0.4677087233245975,0.007633587786259542,0.07919847328244274,0.0963855421686747,4.760496183206107,10.115458015267176,0.4706159796245637,0.4680831149382254,1.7709923664122138,2.53912213740458,0.6974821495678316,1.532442748091603,4.615458015267175,6.147900763358779,1.7624045801526718,0.5677480916030534,1.5162213740458015,1.8291984732824427,2.6927480916030535,11.314885496183207,28088.0,4997,10684,8.0,83.0,4989.0,10601.0,1856,2661,1606.0,4837.0,6443.0,1847,595.0,1589.0,1917.0,2822.0,11858,0.0,13.721190544004553,0.49682305610937055,0.007825263457704358,0.2463929436058103,6.2631728852178865,18.926096553688406,12.56609228140131,9.766547992025064,1.030283395044147,3.376680432925093,13.831878382227288,20.44847621760182,-1.0999999999999996,36.5,35.6,0.061010289091426945,-1.553663486186272,0.6727250071204784,-0.883409285103959,8.000000000000002,8.622069923098833,18.44931287382512,0.002032896610652236,0.13720806038165767,8.611930361720308,18.3224081458274,3.184345628026203,4.573583024779265,2.7824052976360005,8.369784249501567,11.140657932213044,3.155785388778126,1.030283395044147,2.744374821988038,3.2887318427798347,4.92835018513244,20.44583452007975,98.17662346909712,105.13849330675022,,,,,,,,,,,,,,,,,,,,,,,,,,,,,,,,,,,0,0,0,0.0,0.0,0.003,0,0,0,0,0,0,0,0,0,1,0,0.0,0,0.0,0,0.0,0,0.0,0,0.0,,,1982,1999,15,
Tom Chambers,chambto01,82,220.0,1959-06-21,Utah,1982,1997,1981-10-31T00:00:00Z,False,15,NBA,"SDC, SEA, PHO, UTA, CHH",PF,1106,743.0,30.661844484629295,6.669077757685352,14.237793851717903,0.4684066806375818,0.20524412296564196,0.6690777576853526,0.30675675675675673,6.463833634719711,13.568716094032549,0.4763776904111415,0.4756144027433797,4.578661844484629,5.670886075949367,0.8073979591836735,1.755877034358047,4.302893309222423,6.05877034358047,2.0641952983725136,0.798372513562387,0.5669077757685352,2.3037974683544302,3.3815551537070525,18.122061482820975,33912.0,7376,15747,227.0,740.0,7149.0,15007.0,5064,6272,1942.0,4759.0,6701.0,2283,883.0,627.0,2548.0,3740.0,20043,0.0,16.51390953054966,0.5408075607454589,0.04523923684831328,0.3997060922387356,6.50412833215381,15.666929110639305,11.154370134465674,10.098047888652983,1.2479771172446332,1.098788039631989,12.119485727765984,25.440389832507666,46.699999999999996,32.3,78.89999999999999,0.11166678461901391,0.3115711252653929,-0.8947186836518047,-0.6021880160415192,12.0,10.411311630101437,22.23161417787214,0.3160179287567823,1.0392987732955885,10.093205944798303,21.199230360934184,7.156336989856099,8.837213965557915,2.7379482189195565,6.732200990799718,9.472726468506723,3.224557678697806,1.2479771172446332,0.8762915782024063,3.5952995989620193,5.305980184005662,28.299463316820002,108.23454824251003,108.08389360698278,0.0,0.0,0.0,66.0,34.0,-31.6,-36.0,1.0,4.0,7.0,3.0,2.0,,8.0,0.0,5.0,12.2,0.581,0.065,0.129,0.129,0.097,0.167,0.0,0.25,0.25,0.8,1.0,0.0,0.0,0.0,0.0,0.0,0.0,0,0,4,0.0,0.061599999999999995,0.030333333333333334,0,0,0,0,2,2,3,0,0,1,0,0.0024666666666666665,0,0.0,0,0.0007692307692307692,0,0.0,0,0.0,,,1982,1998,15,0.903
Dominique Wilkins,wilkido01,80,215.0,1960-01-12,Georgia,1983,1999,1982-10-29T00:00:00Z,True,15,NBA,"ATL, LAC, BOS, SAS, ORL",SF,1074,995.0,35.48696461824954,9.276536312849162,20.10148975791434,0.46148501551716153,0.6620111731843575,2.0772811918063314,0.31869116987897805,8.614525139664805,18.02420856610801,0.47794193615042874,0.477951734679698,5.615456238361267,6.925512104283054,0.8108362463027695,2.7467411545623834,3.9283054003724396,6.6750465549348235,2.492551210428305,1.2830540037243947,0.5977653631284916,2.485102420856611,1.9189944134078212,24.83054003724395,38113.0,9963,21589,711.0,2231.0,9252.0,19358.0,6031,7438,2950.0,4219.0,7169.0,2677,1378.0,642.0,2669.0,2061.0,26668,0.0,21.566035211082834,0.5357263138561646,0.10460832261957864,0.34300634953952724,8.50297273896046,12.459717156875609,10.435352766772493,12.056770655681788,1.7729068821661902,1.0194238186445568,9.775451945530394,30.260509537428174,82.29999999999998,35.29999999999999,117.70000000000002,0.14792309710597434,4.316923359483641,-1.0641014876813688,3.261514443890536,50.6,12.941455671293259,28.04404796263743,0.9247002335161231,2.944995146013171,11.993999422769136,25.1259675176449,7.828279064885997,9.6770681919555,3.8477947157137984,5.486812898486081,9.330905465326792,3.469435625639545,1.7729068821661902,0.8301813029674916,3.4747566447144025,2.6847322435914256,34.656985805368244,111.27371238160208,108.4136646288668,0.0,2.6558944014565316,58.12926718252162,38.329540282203006,0.8852981338188439,-9.554756486117432,-3.52972234865726,70.0,28.0,36.0,18.0,167.0,,290.0,37.0,88.0,12.585298133818844,0.4207269003186163,0.11206144742831133,0.11653800637232589,0.11206144742831133,0.23872690031861626,0.5101324533454711,0.39873008648156577,0.34013245334547115,0.3960291306326809,0.5006413290851162,0.9238643604915794,0.050394173873463816,47.0,0.10264314974965863,0.4312680928538917,0.0,0.0,0,0,9,0.0,0.2435333333333333,0.06666666666666667,0,0,0,1,5,4,9,1,0,1,0,0.05633333333333334,0,0.0,0,0.0006428571428571428,0,0.006916666666666667,0,0.0,,,1983,1999,15,0.7612730996813837
Terry Cummings,cummite01,81,220.0,1961-03-15,DePaul,1983,1997,1982-11-05T00:00:00Z,False,15,NBA,"SDC, MIL, SAS, MIL, SEA",PF,1037,812.0,30.187078109932497,7.3124397299903565,15.042430086788814,0.4861209051862299,0.041465766634522665,0.14175506268081003,0.2925170068027211,7.270973963355834,14.900675024108004,0.48796272327206835,0.4874991986665812,3.033751205400193,4.300867888138862,0.7053811659192825,2.840887174541948,4.8592092574734815,7.700096432015429,1.9903567984570878,1.1166827386692382,0.5998071359691417,1.9903567984570878,3.29122468659595,17.700096432015428,31304.0,7583,15599,43.0,147.0,7540.0,15452.0,3146,4460,2946.0,5039.0,7985.0,2064,1158.0,622.0,2064.0,3413.0,18355,1.0,18.598029005877844,0.5207334525939177,0.009553347814975724,0.2842424290825453,10.668301175568617,18.162273191924356,14.404152823920267,10.622265525172503,1.8016196013289034,1.2149054433938156,10.549124712496804,25.94168157423972,43.49999999999999,42.00000000000001,85.69999999999997,0.1311930104778942,1.2730194224380271,-0.4371741630462561,0.8258369537439306,22.4,11.781500766675187,24.274916943521596,0.06223485816509073,0.22701252236135955,11.721910937899311,24.04287630973677,4.88556095067723,6.921182596473296,4.590870176335293,7.866534628162535,12.470320086889851,3.227095578839765,1.8016196013289034,0.9640397393304371,3.236072067467416,5.35534117045745,28.52258177868643,108.19154101712242,104.93984794275492,0.0,0.0,0.0,95.0,5.0,2.7000000000000006,-8.4,19.0,8.0,42.0,4.0,38.0,,94.0,10.0,22.0,11.0,0.285,0.197,0.288,0.213,0.016,0.549,0.46,0.424,0.5,0.697,1.0,0.016,4.0,0.0,0.0,0.0,0.0,0,0,2,0.0,0.05266666666666667,0.06666666666666667,0,0,0,0,1,1,4,1,0,1,0,0.013533333333333335,1,0.811,0,0.0,0,0.0,0,0.0,,,1983,2000,15,0.984
Ricky Pierce,piercri01,76,205.0,1959-08-19,"Walla Walla Community College, Rice University",1983,1997,1982-11-05T00:00:00Z,False,15,NBA,"DET, SDC, MIL, SEA, GSW, IND, CHH, DEN",SG,930,269.0,24.970967741935485,5.740860215053764,11.593548387096774,0.49517714709701355,0.3139784946236559,0.975268817204301,0.3219404630650496,5.426881720430107,10.618279569892474,0.5110886075949367,0.5087182340938602,3.5978494623655912,4.106451612903226,0.8761455878502226,0.9086021505376344,1.5118279569892472,2.4204301075268817,1.9268817204301076,0.8161290322580645,0.15806451612903225,1.5397849462365591,2.3419354838709676,15.393548387096773,23223.0,5339,10782,292.0,907.0,5047.0,9875.0,3346,3819,845.0,1406.0,2251.0,1792,759.0,147.0,1432.0,2178.0,14316,0.0,17.896718770184727,0.5742238298238816,0.08359992249063429,0.3552975498428282,4.148529475089351,6.996925461826637,5.585083753175732,12.409671446410885,1.6187271239719245,0.4112948370150283,10.336222710244154,25.15547948154847,54.699999999999996,17.299999999999997,71.8,0.14847448650045214,1.9928734444300908,-0.8216251130344916,1.2007449511260389,18.599999999999998,11.353761357275113,22.968393403091763,0.643211471386126,1.947607974852517,10.7289755845498,21.006583990009904,7.133751022693019,8.12882056581837,1.7790035740429748,3.0001722430349225,4.778516987469319,3.8382293416009996,1.6187271239719245,0.3154502002325281,3.052999181845584,4.6143865994918825,30.4740300564096,115.78641863669638,110.22025578090685,0.0,97.0,2.0,0.0,0.0,-1.8,-0.1,26.0,15.0,39.0,10.0,60.0,,178.0,12.0,37.0,14.3,0.221,0.113,0.219,0.256,0.191,0.482,0.518,0.523,0.457,0.503,0.976,0.0,0.0,0.158,0.6,0.0,0.0,0,0,1,0.0,0.0006666666666666666,0.0,0,0,0,0,0,0,3,0,0,0,0,0.0,0,0.0,2,0.11492857142857142,0,0.0,0,0.0,,,1983,1998,15,0.809
LaSalle Thompson,thompla01,82,245.0,1961-06-23,Texas,1983,1997,1982-11-20T00:00:00Z,False,15,NBA,"KCK, SAC, IND, PHI, DEN, IND",C,985,516.0,21.561421319796953,3.183756345177665,6.473096446700508,0.4918444165621079,0.0040609137055837565,0.026395939086294416,0.15384615384615385,3.1796954314720813,6.446700507614213,0.4932283464566929,0.4921580928481807,1.5532994923857868,2.1065989847715736,0.7373493975903614,2.155329949238579,4.6355329949238575,6.790862944162437,1.1563451776649747,0.7522842639593909,0.9868020304568528,1.6710659898477158,3.1908629441624368,7.9248730964467,21238.0,3136,6376,4.0,26.0,3132.0,6350.0,1530,2075,2123.0,4566.0,6689.0,1139,741.0,972.0,1646.0,3143.0,7806,0.0,13.605659666635276,0.5308103399566815,0.0041906017515773615,0.32175360203408987,11.351374894057821,23.89616253884546,17.69382239382239,7.398549769281476,1.6537432903286564,2.649293718805914,18.91597608061023,17.236599491477545,8.0,26.999999999999996,35.00000000000001,0.07918725868725869,-1.9412279875694507,0.4241924851680948,-1.4995385629531972,2.700000000000001,7.033331763819568,14.323448535643656,0.005918636406441285,0.050762783689612956,7.024168942461625,14.262675393163198,3.424206610791977,4.645023071852341,4.762294001318391,10.26589603540823,15.038718335059798,2.5668754119973634,1.6537432903286564,2.1879743855353606,3.705320651662115,7.096638101516152,17.483063376965813,101.98173085977965,105.694745267916,0.0,0.0,0.0,9.0,91.0,-16.8,-11.8,3.0,1.0,15.0,4.0,2.0,,6.0,0.0,2.0,12.2,0.211,0.158,0.421,0.211,0.0,0.25,0.333,0.125,0.0,0.667,0.0,0.0,0.0,0.0,0.0,0.0,0.0,0,0,0,0.0,0.0,0.0,0,0,0,0,0,0,0,0,0,0,0,0.0,0,0.0,0,0.0,0,0.0,0,0.0,,,1983,1997,15,1.0
Clyde Drexler,drexlcl01,79,210.0,1962-06-22,Houston,1984,1998,1983-10-28T00:00:00Z,True,15,NBA,"POR, HOU",SG,1086,950.0,34.564456721915285,7.6749539594843466,16.273480662983424,0.4716233802976291,0.7615101289134438,2.396869244935543,0.31771033422973494,6.913443830570903,13.876611418047883,0.4982083609820836,0.4950206529734623,4.3259668508287294,5.489871086556169,0.7879906071787991,2.4079189686924494,3.7403314917127073,6.148250460405157,5.639963167587477,2.032228360957643,0.6620626151012892,2.741252302025783,3.0248618784530388,20.437384898710867,37537.0,8335,17673,827.0,2603.0,7508.0,15070.0,4698,5962,2615.0,4062.0,6677.0,6125,2207.0,719.0,2977.0,3285.0,22195,25.0,21.07173455523883,0.5459555105629114,0.1528817433465647,0.33766307909529264,7.718698883768015,12.086631856568186,9.920614327197166,25.179060660148654,2.8083171271012604,1.1935636838319523,12.874427897807498,25.378000372965335,85.8,49.900000000000006,135.6,0.17339411780376693,4.1187761408743375,1.3139116072142152,5.417476090257612,70.39999999999999,10.655888856328422,22.648067240322877,1.1024722274022967,3.4695367237658843,9.56462423741908,19.18573940378826,6.018810773370275,7.65942137091403,3.3171031249167484,5.23220289314543,8.570309294829102,7.858214561632522,2.8083171271012604,0.9060633508271839,3.806193888696486,4.202589445080853,28.451706316434457,113.61294189732797,105.06100647361271,1.5638701517706577,95.43612984822934,2.521290050590219,0.0,0.0,4.6201306913996625,6.847870994940978,215.0,53.0,164.0,30.0,224.0,,1647.0,63.0,82.0,14.547870994940979,0.341701939291737,0.05899999999999999,0.10714966273187183,0.14938322091062395,0.34276517706576726,0.6185754637436762,0.2990400505902192,0.2994993676222597,0.39110581787521076,0.4595845278246206,0.8224361298482293,0.028914839797639123,56.0,0.13113806913996628,0.37923229342327147,2.0,0.0,1,0,10,0.013666666666666666,0.15186666666666665,0.0,0,0,4,1,3,4,11,0,0,0,0,0.051866666666666665,0,0.0,0,0.004266666666666667,0,0.0,0,0.0008666666666666666,,,1984,1998,15,0.6572348229342327
Dale Ellis,ellisda01,79,205.0,1960-08-06,Tennessee,1984,1998,1983-10-29T00:00:00Z,False,15,NBA,"DAL, SEA, MIL, SAS, DEN, SEA",SF,1119,579.0,29.474530831099194,6.329758713136729,13.15549597855228,0.48114937843896477,1.419124218051832,3.5290437890974085,0.40212712079007346,4.9106344950848975,9.62645218945487,0.5101188265874489,0.5350859316622512,2.3029490616621984,2.932975871313673,0.7851919561243145,1.3360142984807863,2.265415549597855,3.6014298480786415,1.513851653261841,0.8364611260053619,0.16085790884718498,1.5245755138516532,2.1072386058981234,16.381590705987488,32982.0,7083,14721,1588.0,3949.0,5495.0,10772.0,2577,3282,1495.0,2535.0,4030.0,1694,936.0,180.0,1706.0,2358.0,18331,0.0,16.25791643926991,0.5666613910617913,0.2799248377903099,0.2172043538900006,5.144399975744345,8.796849796858893,6.977263355769814,8.251731247347038,1.4226790370505122,0.3358437935843793,9.387814565520586,22.892323085319266,63.40000000000001,18.4,81.7,0.11903292705111879,2.1746316172457703,-1.4548814504881453,0.7280304408465224,22.6,10.687829725304713,22.26887393123522,2.4324146504153785,6.038314838396702,8.262534109514279,16.212837305196775,3.8812048996422286,4.906591474137408,2.2330665211327396,3.865162816081499,6.084433933660784,2.572751804014311,1.4226790370505122,0.2577436177308835,2.5597325814080407,3.5716966830392334,27.724586137893393,114.12770602146625,111.55627311867079,0.0,23.179340028694405,75.4232424677188,1.3974175035868006,0.0,-1.808034433285508,-3.4796269727403155,94.0,32.0,103.0,25.0,138.0,,568.0,22.0,69.0,18.260258249641318,0.13466714490674317,0.034794835007173605,0.07106312769010042,0.3267044476327116,0.43197560975609756,0.6086642754662841,0.562180774748924,0.34491104734576755,0.45492109038737444,0.8145882352941177,0.9526657101865136,0.0033974175035868005,6.0,0.17901147776183643,0.4132525107604017,0.0,0.0,0,0,1,0.0,0.016,0.0,0,0,0,0,0,1,3,0,0,0,0,0.0,0,0.0,0,0.012066666666666667,1,0.03253846153846154,0,0.0,,,1984,2000,15,0.5680243902439025
Derek Harper,harpede01,76,185.0,1961-10-13,Illinois,1984,1998,1983-10-29T00:00:00Z,False,15,NBA,"DAL, NYK, DAL, ORL",PG,1154,854.0,31.772963604852688,5.260831889081456,11.34575389948007,0.46368288398380814,0.889948006932409,2.520797227036395,0.35304228257133036,4.370883882149047,8.824956672443674,0.49528672427337,0.502902314213702,2.1906412478336224,2.9410745233968805,0.7448438420742487,0.5918544194107452,1.8492201039861351,2.4410745233968805,5.537261698440208,1.6577123050259965,0.25996533795493937,1.977469670710572,2.330155979202773,13.602253032928942,36666.0,6071,13093,1027.0,2909.0,5044.0,10184.0,2528,3394,683.0,2134.0,2817.0,6390,1913.0,300.0,2282.0,2689.0,15697,0.0,16.070583101510937,0.5374618174875907,0.2235055637375225,0.25470444008072873,2.085719740358915,6.557393770795832,4.31540118911253,26.83794796269023,2.6164593901707303,0.5083101510936563,13.748712703867342,19.858719249440895,51.7,33.0,84.80000000000001,0.1110422462226586,1.2679321442208042,0.5484345169912179,1.8210222004036432,35.19999999999999,8.335147002672775,18.00728740522555,1.4393143511700213,4.044736267932144,6.920422189494355,13.96308296514482,3.466230295096274,4.649939998909072,0.9330824196803577,2.945445371734031,3.855492827142312,8.765551191839853,2.6164593901707303,0.41015109365624824,3.1346042655321003,3.700490918016691,21.56495390825288,110.31587847051765,108.77262313860253,68.69604633593553,30.860488541928984,0.4434651221354822,0.0,0.0,-3.784437169478721,2.3643162931251576,154.0,25.0,104.0,17.0,64.0,,1209.0,13.0,21.0,16.408662805338707,0.2163142785192647,0.029434651221354823,0.10634802316796776,0.36827751196172254,0.27962553512969024,0.5881571392596323,0.36942734827499374,0.2977929992445228,0.44097355829765805,0.4963376983127676,0.7223215814656258,0.0031130697557290353,4.0,0.1696431629312516,0.3755006295643415,0.0,0.0,0,0,0,0.07700000000000001,0.0005333333333333334,0.0,0,2,7,0,0,0,3,0,0,0,0,0.0,0,0.0,0,0.0,0,0.0007692307692307692,0,0.003,,,1984,1999,15,0.7203744648703098
Mark West,westma01,82,230.0,1960-11-05,Old Dominion,1984,1998,1983-10-29T00:00:00Z,False,15,NBA,"DAL, MIL, CLE, PHO, DET, CLE, IND",C,1019,546.0,19.221786064769383,2.4543670264965654,4.205103042198234,0.5836639439906651,0.0,0.003925417075564278,0.0,2.4543670264965654,4.20117762512267,0.5842092968932492,0.5836639439906651,1.1599607458292445,2.0255152109911676,0.5726744186046512,1.6977428851815506,3.396467124631992,5.094210009813542,0.4052993130520118,0.3140333660451423,1.351324828263003,1.1629048086359175,2.9754661432777234,6.068694798822375,19587.0,2501,4285,0.0,4.0,2501.0,4281.0,1182,2064,1730.0,3461.0,5191.0,413,320.0,1377.0,1185.0,3032.0,6184,0.0,12.178684841987032,0.5968467350793895,0.0007811813958237606,0.4847963955684894,10.154674018481643,19.225338234543322,14.796528309593096,2.8734619900954717,0.8001072139684485,4.260504416194415,18.609945371930362,13.65215193750957,14.2,26.900000000000006,40.99999999999999,0.10064573441568388,-2.5519885638433655,0.8660642262725278,-1.6903252157042934,1.3,6.209572675754328,10.667371215602186,0.0,0.011339153520191965,6.209572675754328,10.656032062081994,2.9342727319140245,5.106728952876908,4.3007249706437936,8.565456680451318,12.85693061724613,1.0220401286567622,0.8001072139684485,3.4274671976310813,2.9496196456833617,7.558048705774238,15.347960381885942,108.3917394190024,104.97855720631031,0.0,0.0,0.0,9.282894736842104,90.8157894736842,2.9203947368421055,0.16776315789473684,8.0,10.0,86.0,13.0,30.0,,47.0,6.0,24.0,6.121052631578948,0.5526118421052632,0.4082697368421053,0.029973684210526316,0.010144736842105264,0.0,0.6036052631578948,0.4772105263157894,0.5407894736842105,0.09868421052631579,0.6270394736842105,0.0,0.1743157894736842,33.0,0.0,0.0,0.0,0.0,0,0,0,0.0,0.0,0.0,0,0,0,0,0,0,0,0,0,0,0,0.0,0,0.0,0,0.0,0,0.0008461538461538461,0,0.0,,,1984,2000,15,1.0
Charles Jones,jonesch01,81,215.0,1957-04-03,Albany State University,1984,1998,1984-02-12T00:00:00Z,False,15,NBA,"PHI, CHI, WSB, DET, HOU",PF,726,408.0,19.414600550964188,0.9986225895316805,2.0798898071625342,0.48013245033112584,0.0,0.008264462809917356,0.0,0.9986225895316805,2.071625344352617,0.4820478723404255,0.48013245033112584,0.5179063360881543,0.837465564738292,0.618421052631579,1.5316804407713498,2.9490358126721765,4.480716253443526,0.8581267217630854,0.6088154269972452,1.56198347107438,0.6707988980716253,2.8636363636363638,2.515151515151515,14095.0,725,1510,0.0,6.0,725.0,1504.0,376,608,1112.0,2141.0,3253.0,623,442.0,1134.0,487.0,2079.0,1826,0.0,9.199950336998935,0.5105712664065272,0.004305001773678609,0.4246295849592054,8.516651294785385,16.84780418588152,12.622852075203973,5.501993614757005,1.5242071656615817,4.706136927988649,22.154189428875483,6.652373181979425,5.1000000000000005,19.6,24.6,0.08393316778999643,-3.413217452997516,2.54295849592054,-0.8956083717630364,4.199999999999999,2.4960340546293014,5.2075700603050725,0.0,0.006222064561901383,2.4960340546293014,5.190826534231997,1.3066406527137284,2.1013621851720465,3.8522312876906715,7.406136927988649,11.280709471443773,2.1561546647747427,1.5242071656615817,3.904412912380277,1.6612061014544168,7.198474636395885,6.303944661227385,107.2028378857751,104.82426392337709,0.0,0.0,13.95,52.08181818181818,33.96818181818182,-3.0945454545454547,-4.80409090909091,2.0,2.0,18.0,0.0,0.0,,18.0,0.0,1.0,5.006363636363637,0.6,0.25772727272727275,0.05772727272727273,0.08454545454545455,0.0,0.8592318181818183,0.1922318181818182,0.0,0.0,0.5052772727272727,0.0,0.1422727272727273,2.0,0.0,0.0,0.0,0.0,1,0,0,0.0012666666666666666,0.0,0.0,0,0,1,0,0,0,0,0,0,0,0,0.0,0,0.0,0,0.0,0,0.0,0,0.0,,,1984,1998,15,1.0
Charles Barkley,barklch01,78,252.0,1963-02-20,Auburn,1985,1999,1984-10-26T00:00:00Z,True,15,NBA,"PHI, PHO, HOU",PF,1053,994.0,36.761633428300094,7.9097815764482435,14.608736942070275,0.5414418513943964,0.5052231718898386,1.8936372269705604,0.2668004012036108,7.404558404558404,12.715099715099715,0.5823437149899171,0.5587336670350387,5.962013295346629,8.103513770180436,0.7357318645259581,3.9781576448243117,7.737891737891738,11.716049382716049,3.943019943019943,1.5517568850902184,0.8395061728395061,3.164292497625831,3.0759734093067426,22.286799620132953,38710.0,8329,15383,532.0,1994.0,7797.0,13389.0,6278,8533,4189.0,8148.0,12337.0,4152,1634.0,884.0,3332.0,3239.0,23468,20.0,24.71573236889693,0.6127636528028934,0.12626290364246964,0.5596997675019375,12.514484629294756,23.694497545853785,18.185414621544822,17.49910359080341,2.1002789976750194,1.4125884784293463,14.96802634978042,24.800149832084735,122.1,53.39999999999999,175.20000000000002,0.2173442779643502,5.409261172823561,0.7840764660294497,6.1885120123998965,80.00000000000001,10.731170240247998,19.849891500904164,0.6950426246447946,2.5819271506070782,10.059762335313872,17.27021699819168,8.110627744768793,11.021353655386207,5.412642727977268,10.52932833893051,15.962572978558514,5.360609661586154,2.1002789976750194,1.1341513820718163,4.288168431929734,4.170098165848619,30.272379230173083,119.28395763368638,104.39088090932576,0.0,0.0,10.818622360678436,86.46400138456214,2.9814814814814814,5.144859813084112,6.892298373139496,209.0,66.0,159.0,36.0,473.0,,1560.0,104.0,157.0,10.800571131879543,0.4142724125995154,0.1801214953271028,0.15977898926964348,0.08587746625129802,0.15999013499480788,0.6556114572516443,0.41987210107303563,0.3503637937002423,0.4645434406368986,0.36692367601246106,0.5239548286604362,0.065490827275874,120.0,0.28429473866389754,0.3146649359640014,7.0,1.0,0,0,11,0.003733333333333333,0.5103333333333333,0.051533333333333334,0,0,2,5,10,8,14,1,0,1,1,0.16246666666666665,0,0.0,0,0.0,0,0.017857142857142856,0,0.0,,,1985,2000,15,0.8400098650051921
Antoine Carr,carran01,81,225.0,1961-07-23,Wichita State,1985,1999,1984-10-26T00:00:00Z,False,15,NBA,"ATL, SAC, SAS, UTA, HOU",PF,966,168.0,20.247412008281575,3.7629399585921326,7.476190476190476,0.5033231791747438,0.006211180124223602,0.047619047619047616,0.13043478260869565,3.756728778467909,7.428571428571429,0.5057134894091416,0.5037385765715868,1.8975155279503106,2.432712215320911,0.78,1.1832298136645962,2.2867494824016563,3.4699792960662528,1.1169772256728778,0.37060041407867494,0.9513457556935818,1.2194616977225672,3.127329192546584,9.4296066252588,19559.0,3635,7222,6.0,46.0,3629.0,7176.0,1833,2350,1143.0,2209.0,3352.0,1079,358.0,919.0,1178.0,3021.0,9109,0.0,14.22301753668388,0.5510589498440617,0.00644184262999131,0.3247314791144742,6.7699473388210025,12.757850605859197,9.804299810828772,8.74651055779948,0.9320619663581983,3.124377524413313,12.542849838948822,20.993261414182726,21.799999999999997,20.200000000000003,42.0,0.10293777800501046,-1.2949690679482593,0.14427629224397975,-1.1357686998312797,4.200000000000001,9.430517920139067,18.748949332787973,0.009663070709136459,0.10634490515875045,9.412280791451506,18.62982258806688,4.7493890280689195,6.089518891558873,2.9669308246842885,5.72087530037323,8.656444603507337,2.794790122194386,0.9320619663581983,2.3774477222761896,3.0330640625798866,7.831018968249912,23.615373996625596,108.12158085791707,107.60447875658265,0.0,0.0,23.518902891030393,65.67383246849518,10.750926612305411,-0.7646404744255005,-10.067531504818385,51.0,28.0,210.0,22.0,100.0,,283.0,25.0,47.0,11.14810971089696,0.22731949592290585,0.24075833951074868,0.23258784284655298,0.2955018532246108,0.004317272053372869,0.5763921423276502,0.42088880652335064,0.3721860637509266,0.5031853224610823,0.7034603409933283,0.0,0.04875463306152705,40.0,0.056338028169014086,0.0,0.0,0.0,0,0,0,0.0,0.0,0.0,0,0,0,0,0,0,0,0,0,0,0,0.0,0,0.0,0,0.0026666666666666666,0,0.0,0,0.0,,,1985,2000,15,0.995682727946627
Michael Jordan,jordami01,78,198.0,1963-02-17,UNC,1985,2003,1984-10-26T00:00:00Z,True,15,NBA,"CHI, WAS",SG,1072,1039.0,38.25652985074627,11.373134328358208,22.88899253731343,0.4968822594449199,0.5419776119402985,1.6585820895522387,0.32677165354330706,10.83115671641791,21.230410447761194,0.510171800166967,0.5087215225985247,6.834888059701493,8.182835820895523,0.8352713178294574,1.5559701492537314,4.667910447761194,6.223880597014926,5.254664179104478,2.345149253731343,0.8330223880597015,2.7276119402985075,2.596082089552239,30.12313432835821,41011.0,12192,24537,581.0,1778.0,11611.0,22759.0,7327,8772,1668.0,5004.0,6672.0,5633,2514.0,893.0,2924.0,2783.0,32292,28.0,27.89634488308015,0.5679324571456439,0.07190083148423593,0.35725373680232136,4.722257443125016,14.087910560581305,9.405388798127332,24.935058886640167,3.1254931603716076,1.4050498646704541,9.350479139742998,33.26423886274414,149.9,64.2,213.9,0.250415498280949,7.168062227207334,2.055414401014362,9.209146326595304,116.1,15.243839457706468,30.73278632561996,0.7307332179171442,2.2324839677159787,14.496247348272414,28.500302357903976,9.110541074345909,10.92478359464534,2.0817414839920994,6.262495428055887,8.357584550486456,7.022006290995098,3.1254931603716076,1.1119821511301846,3.6452049450147523,3.472680500353564,40.34454170832216,117.82721708809831,102.84623637560655,2.754798001927964,54.63552712295154,40.63666637455087,2.0617824905792657,0.0,5.873902374901412,5.357619840504777,356.0,195.0,272.0,47.0,769.0,,2759.0,168.0,225.0,13.777714486022258,0.16963500131452108,0.09442572955919726,0.30088852861274207,0.35719551310139336,0.07831084041714136,0.5980489878187714,0.3844398387520813,0.4433462448514591,0.45824458855490313,0.49147349049163086,0.7849758128121987,0.027478748575935494,179.0,0.06513933923407239,0.4571878888791517,1.0,0.0,6,6,14,0.4904,0.7119333333333332,0.06666666666666667,9,9,11,10,11,8,13,1,0,1,5,0.5409999999999999,1,0.737,0,0.0,0,0.0,1,0.05300000000000001,,,1985,2003,15,0.9216891595828587
John Stockton,stockjo01,73,170.0,1962-03-26,Gonzaga,1985,1999,1984-10-26T00:00:00Z,True,15,NBA,UTA,PG,1176,972.0,32.392857142857146,4.79421768707483,9.240646258503402,0.518818441152112,0.5841836734693877,1.5238095238095237,0.3833705357142857,4.210034013605442,7.716836734693878,0.545564738292011,0.5504279009846323,3.2551020408163267,3.9566326530612246,0.8226950354609929,0.6437074829931972,2.0306122448979593,2.6743197278911564,11.128401360544217,2.296768707482993,0.2032312925170068,2.9523809523809526,2.689625850340136,13.427721088435375,38094.0,5638,10867,687.0,1792.0,4951.0,9075.0,3828,4653,757.0,2388.0,3145.0,13087,2701.0,239.0,3472.0,3163.0,15791,0.0,21.817021053184227,0.6114708878038537,0.1627673911902137,0.42983855725311076,2.406418333595842,6.958082637685725,4.77849267601197,50.97878931065259,3.5560009450307133,0.4124560298209692,21.25158292644511,18.75549167847955,111.80000000000001,54.2,165.9,0.2091997952433454,4.974426418858613,2.081277891531475,7.062180395862864,87.0,7.4925788838137235,14.394321940463067,0.9129127946658269,2.3965558880663624,6.53514464220087,11.985682784690503,5.057820129154198,6.140297684674753,0.9885205019163124,3.155187168582979,4.143849425106316,17.264285714285712,3.5560009450307133,0.3295925867590696,4.587740851577676,4.1530398487950855,20.898070562293277,120.64823856775345,104.13632068042212,100.0,0.0,0.0,0.0,0.0,10.41836469824789,9.710220635950682,370.0,70.0,148.0,40.0,161.0,,3689.0,49.0,98.0,13.010804672290721,0.3529834523036989,0.09606456846203765,0.1311216742375081,0.22739033095392602,0.19290979883192733,0.675093121349773,0.4111421155094095,0.4650665152498378,0.4942216093445814,0.4573880597014925,0.5833101881894874,0.0,0.0,0.03536372485399091,0.4208445814406229,1.0,0.0,0,0,9,0.12993333333333335,0.35679999999999995,0.003,0,5,10,2,8,10,12,0,0,1,0,0.010800000000000002,0,0.0,0,0.0,0,0.013428571428571429,0,0.0015333333333333334,,,1985,2003,15,0.8070902011680727
Kevin Willis,willike02,84,220.0,1962-09-06,Michigan State,1985,2000,1984-10-26T00:00:00Z,False,15,NBA,"ATL, MIA, GSW, HOU, TOR",PF,1141,853.0,29.857142857142858,5.638036809815951,11.470639789658195,0.49151894865525675,0.03418054338299737,0.15600350569675722,0.21910112359550563,5.603856266432953,11.314636283961438,0.49527498063516656,0.4930088630806846,2.411042944785276,3.3803680981595092,0.7132486388384754,3.2418930762489047,6.102541630148992,9.344434706397896,1.0683610867659947,0.7230499561787905,0.5591586327782647,2.0008764241893076,3.1665205959684486,13.721297107800176,34067.0,6433,13088,39.0,178.0,6394.0,12910.0,2751,3857,3699.0,6963.0,10662.0,1219,825.0,638.0,2283.0,3613.0,15656,0.0,15.965353567969,0.5289386209528283,0.013118942084715415,0.2957430944902692,12.027398949129656,23.074767370182283,17.517521354976953,5.72812105556697,1.2111045880177296,1.2300642850852732,13.432800070449407,21.403117386326947,33.1,41.30000000000001,74.60000000000001,0.1048027710100684,-0.5800217219009598,-1.3668065870196964,-1.9352922182757508,0.2999999999999996,9.491055860510171,19.352385006017553,0.058960284145947686,0.25284586256494557,9.45329204215223,19.087818123110342,4.082161622684709,5.7045381160654,5.452602225027152,10.271928846097397,15.735553468165673,1.8146388000117417,1.2111045880177296,0.9406023424428334,3.361610943141457,5.342730501658497,23.14432735491825,105.96207473508088,105.68271347638478,0.0,0.0,0.22729118722079328,38.53309868688236,61.239610125896846,-1.0026668471639368,-3.7582780560444027,120.0,104.0,241.0,94.0,353.0,,644.0,68.0,170.0,8.714823338297009,0.3009779342087451,0.3648064166779477,0.23539623663192094,0.08935007445512387,0.009242046839041559,0.6497682415053472,0.40932042777852984,0.34231135779071337,0.406293894679843,0.6288570461621769,0.22729118722079328,0.06891471503993503,180.0,0.2793982672262082,0.3158267226208204,4.0,0.0,0,0,1,0.017666666666666667,0.015933333333333334,0.003,0,0,4,0,0,1,4,0,0,1,0,6.666666666666667e-05,0,0.0,0,0.0,0,0.020857142857142855,0,0.0,,,1985,2007,15,0.9907579531609584
Michael Cage,cagemi01,81,224.0,1962-01-28,San Diego State,1985,2000,1984-10-27T00:00:00Z,False,15,NBA,"LAC, SEA, CLE, PHI, NJN",C,1140,733.0,26.066666666666666,2.9096491228070174,5.6535087719298245,0.5146625290923196,0.0,0.021929824561403508,0.0,2.9096491228070174,5.631578947368421,0.5166666666666667,0.5146625290923196,1.4421052631578948,2.1719298245614036,0.6639741518578353,2.8307017543859647,4.753508771929824,7.58421052631579,0.9271929824561403,0.9210526315789473,0.6359649122807017,1.018421052631579,2.2640350877192983,7.26140350877193,29716.0,3317,6445,0.0,25.0,3317.0,6420.0,1644,2476,3227.0,5419.0,8646.0,1057,1050.0,725.0,1161.0,2581.0,8278,0.0,13.86241755283349,0.5463376632117379,0.003995187777628213,0.36192603311347427,12.214315520258447,21.708456723650556,16.83449656750572,4.971702113339615,1.77362700228833,1.6418326827298422,13.166937003634406,12.268851797011713,37.4,36.9,74.4,0.12016650962444474,-0.1619363305963118,-0.00998452012383905,-0.154018037420918,13.499999999999998,5.560842643693632,10.773058285098937,0.0,0.036155606407322655,5.560842643693632,10.733978328173375,2.708200969174855,4.0778738726611925,5.442398034728766,9.16640193834971,14.634567236505585,1.7792872526585006,1.77362700228833,1.24985193161933,1.9276214833759593,4.36549333692287,13.818458069726747,116.10519585408534,106.01611926235024,0.0,0.0,0.0,12.971003717472119,87.02899628252788,-5.254609665427508,-3.314089219330855,22.0,8.0,171.0,4.0,24.0,,194.0,2.0,10.0,8.677249070631971,0.5071297397769517,0.24288252788104087,0.1320182156133829,0.11314832713754645,0.005357620817843867,0.6253349442379181,0.38386617100371745,0.2343907063197026,0.27144237918215613,0.6107780669144982,0.0,0.09139739776951675,20.0,0.0,0.0,0.0,0.0,0,0,0,0.0,0.0,0.0,0,0,0,0,0,0,0,0,0,0,0,0.0,0,0.0,0,0.0,0,0.0018571428571428571,0,0.0,,,1985,2000,15,0.994642379182156
Jerome Kersey,kerseje01,79,215.0,1962-06-26,Longwood University,1985,1999,1984-10-27T00:00:00Z,False,15,NBA,"POR, GSW, LAL, SEA, SAS",SF,1059,551.0,25.08215297450425,4.291784702549575,9.200188857412654,0.4664887611618598,0.05476864966949953,0.26251180358829085,0.20863309352517986,4.237016052880075,8.937677053824363,0.4740623349181194,0.46946525710766707,2.156751652502361,3.1227573182247403,0.6906561838524342,2.137865911237016,3.5930122757318226,5.730878186968838,1.9357884796978282,1.2823418319169027,0.7025495750708215,1.440982058545798,3.076487252124646,10.79508970727101,26562.0,4545,9743,58.0,278.0,4487.0,9465.0,2284,3307,2264.0,3805.0,6069.0,2050,1358.0,744.0,1526.0,3258.0,11432,1.0,15.143742941043595,0.5066274753407123,0.031337888713199306,0.33629941269482727,9.377140275581658,15.957747910548905,12.643102928996308,10.968405993524584,2.4698742564565923,1.7509449589639334,12.01726526616972,19.438852496046987,26.600000000000005,40.3,67.0,0.12096073337851065,-0.4058768165047813,1.191709961599277,0.7770423913861909,18.599999999999998,8.198546796174986,17.616681725773663,0.09226338378134176,0.5151795798509148,8.07817558918756,17.09205632106016,4.091698667269031,5.932418492583389,4.099646110985618,6.8995670506738955,10.992572095474738,3.697040885475492,2.4698742564565923,1.3350237180935172,2.7643287403056997,5.91241999849409,20.554788796024397,107.33084858067916,103.50602364279798,0.0,0.8843494657448145,81.96637335009429,17.149277184160905,0.0,6.129509742300439,-0.36841609050911384,78.0,21.0,199.0,11.0,80.0,,389.0,17.0,37.0,14.360716530483971,0.2377369578881207,0.10396040226272785,0.1339943431803897,0.4189927718416091,0.10554085480829667,0.4458324952859837,0.4008170961659334,0.33948868636077945,0.4467049025769956,0.7507325581395349,0.9345103708359522,0.01753299811439346,14.0,0.17932149591451918,0.13775047140163418,1.0,0.0,1,0,0,0.0062,0.00013333333333333334,0.0,0,0,2,0,0,0,1,0,0,0,0,0.0,0,0.0,0,0.0,0,0.0045,0,0.0,,,1985,2001,15,0.8944591451917034
Hakeem Olajuwon,olajuha01,84,255.0,1963-01-21,Houston,1985,1999,1984-10-27T00:00:00Z,True,15,NBA,HOU,C,1075,1066.0,37.44186046511628,9.375813953488372,18.217674418604652,0.5146548202614379,0.023255813953488372,0.11069767441860465,0.21008403361344538,9.352558139534883,18.106976744186046,0.5165168250706396,0.5152930964052288,4.822325581395349,6.7227906976744185,0.7173100871731009,3.485581395348837,8.306976744186047,11.792558139534883,2.65953488372093,1.8390697674418606,3.332093023255814,3.1767441860465118,3.7274418604651163,23.59720930232558,40250.0,10079,19584,25.0,119.0,10054.0,19465.0,5184,7227,3747.0,8930.0,12677.0,2859,1977.0,3582.0,3415.0,4007.0,25367,14.0,24.19593043478261,0.5569169689440995,0.005929142857142856,0.369875751552795,10.49912298136646,23.934949068322982,17.439741614906836,12.418561490683231,2.4199552795031054,5.490047204968945,13.069393788819875,27.69825093167702,66.69999999999999,87.3,153.89999999999998,0.1837733664596273,2.443418633540373,2.556345341614907,5.004742857142857,71.19999999999997,12.391038509316772,24.077808695652173,0.033696894409937894,0.15942111801242237,12.364290683229815,23.92946335403727,6.373875776397515,8.849413664596273,4.550052173913042,10.989045962732922,15.52945838509317,3.5396422360248443,2.4199552795031054,4.385383850931676,4.208919254658384,4.911227329192547,31.183565217391298,108.98290683229814,97.92042236024845,0.0,0.0,0.0,0.0,100.0,4.329191258573935,4.097415855798372,221.0,148.0,313.0,30.0,386.0,,1162.0,87.0,160.0,9.637470090923593,0.26301643005263997,0.3033791673313128,0.28418806827245174,0.1375563885787207,0.01142909554952943,0.6335032700590205,0.49286377412665505,0.4337478066677301,0.4519060456213112,0.7058744616366246,0.6683681607911948,0.04455495294305312,106.0,0.17947104801403732,0.22746849577285053,1.0,0.0,2,2,12,0.39680000000000004,0.534,0.06666666666666667,5,9,12,6,9,9,14,1,0,1,1,0.17400000000000002,0,0.263,0,0.0,0,0.0,2,0.13126666666666664,,,1985,2002,15,0.9885709044504705
Sam Perkins,perkisa01,81,235.0,1961-06-14,UNC,1985,1999,1984-10-27T00:00:00Z,False,15,NBA,"DAL, LAL, SEA, IND",PF,1141,716.0,29.780017528483786,4.581945661700263,9.91849255039439,0.4619598833613148,0.6327782646801051,1.7703768624014022,0.3574257425742574,3.9491673970201577,8.14811568799299,0.4846724749919329,0.49385879650083947,2.950920245398773,3.6432953549517966,0.8099591051238875,1.9526730937773882,4.365468886941279,6.318141980718668,1.6354075372480281,0.9123575810692375,0.7730061349693251,1.3181419807186678,2.6117440841367223,12.747589833479404,33979.0,5228,11317,722.0,2020.0,4506.0,9297.0,3367,4157,2228.0,4981.0,7209.0,1866,1041.0,882.0,1504.0,2980.0,14545,1.0,15.827743606345097,0.55327363960093,0.1813926837164131,0.366574119308985,7.519750434091645,16.502751699579154,12.078157097030518,8.06703552194002,1.542891197504341,1.6422555107566434,10.242417375437771,18.57355425409812,59.6,40.30000000000001,99.8,0.1410781659260131,1.0707348656523143,0.11174254686718266,1.1705641719885813,27.2,7.727325701168368,16.73798522616911,1.0885488095588454,3.0612584243209042,6.634715559610346,13.689623002442683,4.985049589452309,6.155275317107625,3.2900556225904234,7.342317313634893,10.640295476617908,2.749786632920333,1.542891197504341,1.299587980811678,2.2112628388122078,4.409320462638688,21.518317195915124,115.24273816180582,106.25574619618,0.0,0.0,0.0,28.372297297297298,71.6277027027027,9.38509009009009,2.0155630630630625,78.0,43.0,186.0,13.0,179.0,,570.0,28.0,53.0,16.235,0.16478693693693694,0.18922950450450451,0.07996486486486486,0.10015337837837837,0.4654880630630631,0.507120045045045,0.4316263513513513,0.449472072072072,0.40920247747747746,0.5106315315315316,0.951536036036036,0.007263513513513514,8.0,0.10501103603603604,0.48909099099099096,3.0,0.0,0,0,0,0.03033333333333333,0.0,0.04546666666666667,0,0,7,0,0,0,0,1,0,1,0,0.0,0,0.0,0,0.0023333333333333335,0,0.0,0,0.0008666666666666666,,,1985,2001,15,0.534511936936937
Otis Thorpe,thorpot01,82,248.0,1962-08-05,Providence,1985,1999,1984-10-27T00:00:00Z,False,15,NBA,"KCK, SAC, HOU, POR, DET, SAC, VAN, WAS",PF,1157,984.0,33.18755401901469,5.780466724286949,10.560933448573898,0.5473442998608724,0.0025929127052722557,0.052722558340535866,0.04918032786885246,5.777873811581677,10.508210890233363,0.5498437242967593,0.5474670594975038,3.2878133102852205,4.788245462402766,0.6866425992779783,2.8867761452031115,5.807260155574762,8.694036300777874,2.305963699222126,0.693171996542783,0.4191875540190147,2.3189282627484875,3.372515125324114,14.851339671564391,38398.0,6688,12219,3.0,61.0,6685.0,12158.0,3804,5540,3340.0,6719.0,10059.0,2668,802.0,485.0,2683.0,3902.0,17183,3.0,16.218683264753373,0.5852466534715349,0.004940231262044898,0.4498732225636753,9.922670451586018,19.33158237408198,14.68281420907339,10.690468253554869,1.0467784780457314,0.7892103755403928,15.515563310589092,19.290431793322572,61.5,42.8,104.5,0.1305527631647482,0.3625084639824991,-0.29268972342309496,0.05202875149747385,19.9,8.664500755247671,15.857609771342258,0.0,0.06726912860044794,8.664500755247671,15.783436637324861,4.901020886504506,7.145369550497421,4.336048752539195,8.740106255534144,13.066396687327467,3.457091515183083,1.0467784780457314,0.6444085629459869,3.483264753372572,5.094655971665191,22.260945882598055,112.42174071566227,106.69738007187874,0.0,0.0,0.7217445677661404,55.08269501328748,44.4361419415351,-2.283554791308426,-3.677630139127716,178.0,62.0,351.0,73.0,287.0,,996.0,72.0,114.0,8.092746599968734,0.4369119899953103,0.2651616382679381,0.161250586212287,0.13189338752540256,0.005198374237924027,0.6719113647022043,0.404050179771768,0.35890136001250583,0.44642988901047365,0.6795751133343755,0.0,0.10813224949194934,190.0,0.0,0.0,4.0,0.0,1,0,1,0.006266666666666667,0.004866666666666668,0.024266666666666666,0,0,4,0,0,0,4,0,0,1,0,0.0,0,0.0,0,0.0,0,0.004571428571428572,0,0.0,,,1985,2001,15,0.994801625762076
Benoit Benjamin,benjabe01,84,250.0,1964-11-22,Creighton,1986,2000,1985-10-25T00:00:00Z,False,15,NBA,"LAC, SEA, LAL, NJN, MIL, VAN, TOR, PHI, CLE",C,807,614.0,27.151177199504335,4.446096654275093,8.951672862453531,0.49667774086378735,0.0012391573729863693,0.026022304832713755,0.047619047619047616,4.444857496902107,8.925650557620818,0.4979869498819936,0.4967469545957918,2.5353159851301115,3.51548946716233,0.7211843496651392,1.8079306071871128,5.705080545229244,7.5130111524163565,1.325898389095415,0.6468401486988847,1.9591078066914498,2.288723667905824,2.840148698884758,11.428748451053284,21911.0,3588,7224,1.0,21.0,3587.0,7203.0,2046,2837,1459.0,4604.0,6063.0,1070,522.0,1581.0,1847.0,2292.0,9223,1.0,14.840997672401992,0.5438704760166126,0.0030107252065172748,0.3945259458719365,7.297896033955548,23.809310392040523,15.409953904431564,7.309794167313223,1.1614440235498151,4.309839806489891,17.842485509561406,19.564844142211676,3.1999999999999997,29.5,32.599999999999994,0.07157902423440281,-1.9831408881383776,0.8719455981014101,-1.1411939208616675,4.700000000000001,7.994924923554377,16.10090365569805,0.0,0.04685774268632194,7.985395463465838,16.054045913011734,4.517233353110308,6.297138423622839,3.259545433800374,10.270850257861348,13.51895395007074,2.3606270822874356,1.1614440235498151,3.4842225366254387,4.102619688740814,5.1206425996075025,20.554360823330747,100.33699968052576,105.15435169549541,0.0,0.0,0.0,0.0,100.0,1.4070921985815605,4.029078014184397,3.0,4.0,19.0,9.0,17.0,,11.0,2.0,7.0,7.223404255319149,0.4536950354609929,0.34998226950354605,0.17901418439716313,0.01676595744680851,0.0,0.645404255319149,0.40075886524822696,0.4570035460992908,0.6985815602836879,0.6608297872340426,0.0,0.047180851063829785,3.0,0.0,0.0,0.0,0.0,0,0,0,0.0,0.0,0.024266666666666666,0,0,0,0,0,0,0,0,0,1,0,0.0,0,0.013,0,0.0,0,0.0,0,0.0,,,1986,2000,15,1.0
Joe Kleine,kleinjo01,83,255.0,1962-01-04,"Notre Dame, Arkansas",1986,2000,1985-10-25T00:00:00Z,False,15,NBA,"SAC, BOS, PHO, LAL, NJN, CHI, PHO, POR",C,965,204.0,15.24559585492228,1.9709844559585492,4.353367875647669,0.45274934539395384,0.013471502590673576,0.049740932642487044,0.2708333333333333,1.9575129533678757,4.303626943005181,0.4548519142788346,0.4542965960485599,0.8797927461139896,1.1077720207253885,0.794200187090739,1.3139896373056994,2.8217616580310882,4.135751295336788,0.644559585492228,0.2704663212435233,0.29533678756476683,0.805181347150259,2.0601036269430053,4.835233160621762,14712.0,1902,4201,13.0,48.0,1889.0,4153.0,849,1069,1268.0,2723.0,3991.0,622,261.0,285.0,777.0,1988.0,4666,0.0,10.51292142468733,0.49594106851549763,0.012328983143012508,0.2514302610114193,9.71378466557912,20.373572593800976,15.102780043501905,5.777243066884177,0.8740415986949429,1.14770935290919,14.163587547580205,15.484869494290376,5.499999999999999,13.600000000000001,19.1,0.06222172376291461,-2.9923327895595437,-0.9078031538879826,-3.8882408917890166,-6.8,6.328711256117456,13.979608482871125,0.0455410549211528,0.15746329526916802,6.287676726481783,13.825971995649807,2.7980356171832517,3.5385263730288203,4.229193855356172,9.074884448069602,13.310657966286024,2.0620377922784123,0.8740415986949429,0.9582041870581837,2.588145731375748,6.649055193039695,15.512839858618815,103.16020935290919,108.50904023926047,0.0,0.0,0.0,1.9296969696969697,98.07030303030302,-6.67460606060606,-9.077878787878788,40.0,17.0,127.0,6.0,24.0,,170.0,3.0,19.0,12.753151515151515,0.18405393939393938,0.1731248484848485,0.32931030303030306,0.29814,0.015370909090909091,0.45459696969696967,0.3794539393939394,0.3109406060606061,0.459730909090909,0.7850624242424242,0.5139393939393939,0.006167272727272727,2.0,0.0,0.0,0.0,0.0,1,0,0,0.0,0.0,0.0,0,0,0,0,0,0,0,0,0,0,0,0.0,0,0.0,0,0.0,0,0.0,0,0.0,,,1986,2000,15,0.9846290909090909
Karl Malone,malonka01,81,250.0,1963-07-24,Louisiana Tech,1986,2000,1985-10-25T00:00:00Z,True,15,NBA,UTA,PF,1192,1187.0,37.422818791946305,9.593120805369127,18.269295302013422,0.5250952840152454,0.05956375838926174,0.22231543624161074,0.2679245283018868,9.533557046979865,18.046979865771814,0.5282632949051692,0.526725444276071,6.795302013422819,9.250838926174497,0.7345606239230978,2.62751677852349,7.958053691275167,10.585570469798657,3.359060402684564,1.3875838926174497,0.8162751677852349,3.1073825503355703,3.1988255033557045,26.041107382550337,44608.0,11435,21777,71.0,265.0,11364.0,21512.0,8100,11027,3132.0,9486.0,12618.0,4004,1654.0,973.0,3704.0,3813.0,31041,3.0,24.366855720946916,0.5814943283715924,0.011942992288378765,0.5061817387015782,8.477315728120518,23.77131007890961,16.44332630918221,16.330525914634148,1.8785329985652797,1.4930236728837878,12.244888809182209,29.84854510401722,118.7,77.8,196.3,0.21113712786944053,4.414396520803443,0.8743476506456239,5.267942969870875,82.1,13.026076040172166,24.778701129842183,0.08476730631276902,0.30183151004304165,12.93484800932568,24.46516319942611,9.265062320659974,12.571769637733142,3.5372915172166426,10.803351416786228,14.334305505738882,4.5793310616929706,1.8785329985652797,1.1104353479196556,4.198583213773313,4.314492916068867,35.373231258966996,113.47984666427547,101.19092987804878,0.0,0.0,13.979087628389006,72.60312760247987,13.690478393633756,9.936411585083741,17.084389747385952,494.0,79.0,326.0,158.0,1079.0,,2531.0,272.0,288.0,11.061589710372907,0.34983075784213935,0.1038988618488017,0.2317049134820024,0.309133894697881,0.004873785509392061,0.671960766170075,0.41583880817988345,0.3920570000925327,0.4974364763579162,0.781526047931896,0.41288054039048766,0.03312121772924956,172.0,0.04682242990654206,0.0,1.0,0.0,0,0,12,0.15439999999999998,0.7767333333333334,0.051533333333333334,3,4,10,11,13,12,14,1,0,1,2,0.28533333333333327,0,0.186,0,0.0,0,0.002333333333333333,0,0.0006666666666666666,,,1986,2004,15,0.9951262144906079
Charles Oakley,oaklech01,81,225.0,1963-12-18,Virginia Union University,1986,2000,1985-10-25T00:00:00Z,False,15,NBA,"CHI, NYK, TOR",PF,1098,1045.0,32.4143897996357,4.014571948998179,8.336065573770492,0.4815907352780509,0.051001821493624776,0.19489981785063754,0.2616822429906542,3.963570127504554,8.141165755919854,0.486855352947757,0.484649841581995,2.275045537340619,3.0072859744990894,0.756511205330103,3.3451730418943533,6.681238615664845,10.026411657559198,2.54735883424408,1.104735883424408,0.290528233151184,2.3105646630236794,3.5428051001821492,10.3551912568306,35591.0,4408,9153,56.0,214.0,4352.0,8939.0,2498,3302,3673.0,7336.0,11009.0,2797,1213.0,319.0,2537.0,3890.0,11370,2.0,13.843044589924418,0.5354232811665871,0.022335140906408923,0.3582362394987497,11.896246242027479,23.50465005197943,17.71013177488691,11.643404231406816,1.7151358489505772,0.5958472647579444,19.257447107414794,16.002216852575085,27.300000000000004,57.99999999999999,85.2,0.11494903205866651,-0.8577983197999494,0.6801747632828523,-0.17132140147790176,16.2,6.29563372762777,13.0805119271726,0.08223146301031159,0.31022449495659016,6.213402264617459,12.767340057879798,3.5485487904245456,4.677334157511731,5.223609901379562,10.494838582787784,15.729378213593321,4.020123064819758,1.7151358489505772,0.4471945154673935,3.624362900733332,5.590862858587844,16.197853389901944,106.22747323761625,102.07951448399876,0.0,0.0,1.2200392927308448,73.48340399131423,25.379071450728983,1.5907248474821631,-1.1036397476993072,385.0,53.0,551.0,26.0,159.0,,1865.0,36.0,74.0,14.733171336986867,0.19520080653500155,0.0693964429738393,0.13941236687002376,0.5646560852031849,0.0314481439354772,0.5189101437286734,0.3452781511736118,0.3397183331609968,0.4647122324475235,0.8430150966807982,0.5484438010546996,0.0020363974769930723,3.0,0.19717743770034124,0.3370644193982008,0.0,0.0,0,0,1,0.11240000000000001,0.0066,0.0394,1,2,8,0,0,0,4,1,0,1,0,0.0,0,0.038,0,0.0,0,0.0,0,0.002,,,1986,2004,15,0.968551856064523
Terry Porter,portete01,75,195.0,1963-04-08,University of Wisconsin-Stevens Point,1986,2000,1985-10-25T00:00:00Z,False,15,NBA,"POR, MIN, MIA, SAS",PG,1122,690.0,28.86096256684492,4.540998217468806,9.779857397504456,0.4643215164494669,1.0258467023172906,2.6853832442067738,0.3820112844341188,3.515151515151515,7.094474153297683,0.49547738693467336,0.5167684316048483,2.9171122994652405,3.483065953654189,0.8375127942681678,0.6051693404634582,2.520499108734403,3.125668449197861,5.975044563279857,1.3244206773618539,0.13725490196078433,2.2076648841354722,1.8057040998217468,13.024955436720143,32382.0,5095,10973,1151.0,3013.0,3944.0,7960.0,3273,3908,679.0,2828.0,3507.0,6704,1486.0,154.0,2477.0,2026.0,14614,7.0,17.410224816255944,0.5759328330554012,0.27407223148662835,0.3596169785683404,2.3328484960780673,9.761188314495708,6.0267216354765,29.3689179173615,2.2117935890309433,0.32460317460317456,16.463136927922918,19.356194799580017,67.19999999999999,34.1,101.5,0.1504811006114508,2.5453523562472977,0.39243406830955474,2.935856339941943,40.10000000000001,7.644212834290653,16.477811747267,1.769878327465876,4.613028843184485,5.880158730158729,11.864078809214996,4.909184114631585,5.865199802359335,1.019158791921438,4.259829534926811,5.281452658884565,9.982947316410351,2.2117935890309433,0.24142115990365018,3.711617565314063,3.049067383114076,21.93606015687728,115.64424680377988,106.85427089123587,42.794535691724576,56.95072646873026,0.5023689197725837,0.0,0.0,5.859759949463045,3.663313329121921,278.0,59.0,144.0,27.0,202.0,,1950.0,24.0,73.0,17.165840176879342,0.20702305748578648,0.05189861023373342,0.1011367656348705,0.21979311433986104,0.4201484523057486,0.5850931775110548,0.4763322804801011,0.3808201200252685,0.4396827226784586,0.41400015792798495,0.7213164876816173,0.0,0.0,0.25770878079595705,0.41939387239418824,4.0,0.0,0,0,2,0.019733333333333332,0.006333333333333333,0.003,0,0,2,0,0,0,3,0,0,1,0,0.0017333333333333333,0,0.0,0,0.0011333333333333334,0,0.002533333333333333,0,0.0,,,1986,2002,15,0.5798515476942514
Patrick Ewing,ewingpa01,84,240.0,1962-08-05,Georgetown,1986,2000,1985-10-26T00:00:00Z,True,15,NBA,NYK,C,1039,1039.0,36.17516843118383,8.912415784408084,17.539942252165545,0.5081211589113257,0.01828681424446583,0.11742059672762271,0.1557377049180328,8.894128970163619,17.422521655437922,0.5104960777814607,0.5086424495171202,4.933589990375361,6.644850818094321,0.742468134414832,2.4716073147256976,7.88354186717998,10.355149181905679,2.009624639076035,1.0211742059672761,2.654475457170356,3.196342637151107,3.538017324350337,22.776708373435998,37586.0,9260,18224,19.0,122.0,9241.0,18102.0,5126,6904,2568.0,8191.0,10759.0,2088,1061.0,2758.0,3321.0,3676.0,23665,1.0,21.62524610227212,0.5560601021657,0.006672856914808704,0.37950146331080725,7.933081466503487,24.664481455861228,16.452915979354017,10.006395998510085,1.4370563507689031,4.854291491512797,13.529111903368275,28.567035598361095,45.4,77.7,123.09999999999998,0.15713002181663382,1.5912307774171235,1.7877347948704305,3.3650987069653597,50.99999999999999,12.492217847070718,24.647493747672005,0.023080402277443728,0.17438141861331347,12.476541797477784,24.4983477890704,6.948483477890703,9.339485446708881,3.4583435321662317,11.139881870909381,14.597956686000108,2.821694247858245,1.4370563507689031,3.708755919757357,4.473777470334699,4.951423402330656,31.95551269089555,106.26084180279891,98.61307401692119,0.0,0.0,0.0,0.0,100.0,4.5881895332390386,4.061216407355021,182.0,165.0,287.0,85.0,546.0,,664.0,113.0,159.0,9.00977369165488,0.29599434229137206,0.3290461103253182,0.286632531824611,0.08316534653465346,0.005057142857142856,0.6053673267326732,0.45142333804809054,0.40197284299858554,0.42515685997171143,0.6151746817538897,0.40834512022630837,0.048529702970297024,147.0,0.3398685997171146,0.0,1.0,0.0,0,0,11,0.11266666666666665,0.2749333333333333,0.06366666666666666,0,3,8,1,7,6,11,1,0,1,0,0.09486666666666667,1,0.462,0,0.0,0,0.0008,0,0.007000000000000001,,,1986,2002,15,0.9949428571428572
A.C. Green,greenac01,81,220.0,1963-10-04,Oregon State,1986,2000,1985-10-26T00:00:00Z,False,15,NBA,"LAL, PHO, DAL, LAL",PF,1196,831.0,29.382107023411372,3.678929765886288,7.423076923076923,0.4956071187204325,0.10367892976588629,0.40384615384615385,0.2567287784679089,3.5752508361204014,7.019230769230769,0.5093508040500297,0.5025906735751295,2.5418060200668897,3.460702341137124,0.7344769267939115,2.7148829431438126,4.943979933110368,7.65886287625418,1.1379598662207357,0.8386287625418061,0.4498327759197324,1.161371237458194,1.9372909698996656,10.003344481605351,35141.0,4400,8878,124.0,483.0,4276.0,8395.0,3040,4139,3247.0,5913.0,9160.0,1361,1003.0,538.0,1389.0,2317.0,11964,0.0,14.563134230670727,0.5559845195071283,0.0552776528840955,0.4635432970035003,10.684880908340684,18.73374690532426,14.768296292080473,5.4592697988105074,1.434202213938135,0.9388292877265872,11.516294357018866,14.767101106969069,57.10000000000001,39.1,96.20000000000002,0.1314568168236533,0.38243931589880753,-0.5028912096980735,-0.11868188156284677,16.8,6.27554992743519,12.698010870493157,0.16886542784781308,0.6895165191656472,6.090936512905155,11.994504994166357,4.331100424006147,5.901180956717224,4.6373979112717345,8.46329358868558,13.113058820181553,1.9671665575823116,1.434202213938135,0.7564241199738198,1.982624285023192,3.2906291795907916,17.055476508921203,116.38587405025469,106.44298682450699,0.0,0.11558669001751314,11.727045283962973,81.60170127595697,6.67125344008006,-4.021290968226168,-2.2563922942206656,93.0,50.0,195.0,21.0,200.0,,679.0,42.0,116.0,12.163360020015011,0.3278894170627971,0.1090764323242432,0.1854064298223668,0.3556463597698274,0.021096947710783086,0.5623631473605204,0.38701451088316235,0.3369816112084063,0.4684896172129097,0.7247012759569676,0.24130597948461346,0.026267575681761322,39.0,0.09036152114085565,0.0,6.0,1.0,3,0,1,0.029466666666666672,0.0,0.0,0,1,6,0,0,0,0,0,0,0,0,0.0,0,0.0,0,0.0,0,0.0,0,0.0,,,1986,2001,15,0.9789030522892169
Detlef Schrempf,schrede01,82,235.0,1963-01-21,Washington,1986,2000,1985-10-26T00:00:00Z,False,15,NBA,"DAL, IND, SEA, POR",SF,1110,524.0,29.90990990990991,4.8297297297297295,9.81981981981982,0.4918348623853211,0.4252252252252252,1.1063063063063063,0.38436482084690554,4.404504504504504,8.713513513513513,0.505479735318445,0.5134862385321101,4.02072072072072,5.007207207207207,0.8029866858582224,1.6702702702702703,4.5864864864864865,6.256756756756757,3.4135135135135135,0.7648648648648648,0.27837837837837837,2.018018018018018,2.988288288288288,14.105405405405405,33200.0,5361,10900,472.0,1228.0,4889.0,9672.0,4463,5558,1854.0,5091.0,6945.0,3789,849.0,309.0,2240.0,3317.0,15657,7.0,17.307810240963853,0.5858334638554219,0.11259704819277108,0.5102684939759037,6.547626506024097,17.148168674698795,12.009259036144577,17.253421686746986,1.294605421686747,0.6174578313253012,14.383466867469878,20.321786144578315,76.40000000000002,32.6,109.00000000000001,0.1576446686746988,1.9646536144578315,-0.09661445783132529,1.8769397590361445,32.4,8.127382530120482,16.552394578313255,0.7221054216867471,1.8901566265060241,7.397219879518072,14.635349397590364,6.7594879518072295,8.413319277108434,2.805506024096385,7.710611445783132,10.51416265060241,5.759069277108434,1.294605421686747,0.46693072289156623,3.4012590361445785,5.001201807228916,23.74105421686747,116.97876506024096,107.50135542168675,0.0,0.0,60.614639397201294,38.43643104891759,0.6086592512857314,9.348714268628155,7.503922975720607,301.0,104.0,330.0,41.0,369.0,,2241.0,61.0,111.0,12.618263365626122,0.26681102738906826,0.1881058485827054,0.16219291950723597,0.214248654467169,0.1689818203564167,0.6399483315392895,0.41959119722521226,0.3947514651357493,0.45879141251046524,0.6607594785312761,0.9727564884583184,0.026430570505920348,62.0,0.11292441095562733,0.35903564166965674,2.0,0.0,0,0,3,0.0061333333333333335,0.01906666666666667,0.0,0,0,4,0,0,1,6,0,0,0,0,6.666666666666667e-05,0,0.0,2,0.06973333333333333,0,0.0007333333333333333,0,0.0,,,1986,2001,15,0.8310181796435833
Chris Mullin,mullich01,79,215.0,1963-07-30,St. John's,1986,2000,1985-11-06T00:00:00Z,True,15,NBA,"GSW, IND",SF,966,814.0,32.90786749482402,6.9399585921325055,13.599378881987578,0.510314379234224,0.8240165631469979,2.1407867494824018,0.3849129593810445,6.115942028985507,11.458592132505176,0.5337428855361821,0.5406104894572581,3.718426501035197,4.296066252587992,0.8655421686746988,1.05175983436853,3.0817805383022776,4.133540372670807,3.55175983436853,1.5672877846790891,0.5579710144927537,2.3768115942028984,2.093167701863354,18.422360248447205,31789.0,6704,13137,796.0,2068.0,5908.0,11069.0,3592,4150,1016.0,2977.0,3993.0,3431,1514.0,539.0,2296.0,2022.0,17796,5.0,18.88637579036774,0.5960795243637736,0.1725197709899651,0.3114102047878197,3.540202585800119,10.24780584478908,6.93335745069049,16.639019786718677,2.2832552140677596,1.0506810531945012,13.479335619239361,22.299691717260693,69.2,23.5,92.79999999999998,0.14000855641888704,2.9723929661203563,0.19218597628110354,3.191827361665985,41.599999999999994,10.078379313599045,19.77813709144673,1.2539463336374217,3.222127150901255,8.829519645160275,16.54977822517223,5.371137814967442,6.199506118468654,1.5298342193840637,4.525533989744881,6.046478341564692,5.207603258988958,2.2832552140677596,0.8174745981314291,3.4647645411934955,3.1140268646387117,26.78100600836768,115.41781748403535,109.65535248041776,0.5234597511617448,17.19592265027732,81.5484934792385,1.2290511167740967,0.0,3.0021885774246737,3.721016339379403,231.0,88.0,218.0,41.0,185.0,,1378.0,40.0,97.0,16.15618348073752,0.20511992205066706,0.05420476690151401,0.10166451806325888,0.29320281816819066,0.34507195323040024,0.7364936291410582,0.36315514915305047,0.40716774096837055,0.4905877679508319,0.6774792384949783,0.9242154099835107,0.0023747564083345827,5.0,0.21092549842602307,0.47682011692399934,0.0,0.0,0,0,5,0.0,0.1032,0.012133333333333333,0,0,0,1,3,4,5,0,0,1,0,0.005866666666666668,0,0.0,0,0.0,0,0.009399999999999999,0,0.0,,,1986,2001,15,0.6549280467695997
Tyrone Corbin,corbity01,78,210.0,1962-12-31,DePaul,1986,2000,1985-11-14T00:00:00Z,False,15,NBA,"SAS, CLE, PHO, MIN, UTA, ATL, MIA, SAC, ATL, SAC",SF,1050,457.0,26.228571428571428,3.722857142857143,8.139047619047618,0.45740697402293473,0.18857142857142858,0.6266666666666667,0.3009118541033435,3.5342857142857143,7.512380952380952,0.4704614604462475,0.4689913409782354,1.6476190476190475,2.0828571428571427,0.7910379515317787,1.640952380952381,3.1523809523809523,4.793333333333333,1.8,1.1676190476190476,0.2571428571428571,1.2447619047619047,2.4847619047619047,9.281904761904762,27540.0,3909,8546,198.0,658.0,3711.0,7888.0,1730,2187,1723.0,3310.0,5033.0,1890,1226.0,270.0,1307.0,2609.0,9746,1.0,13.19420842411039,0.5131131082062454,0.08430522875816993,0.2553663761801017,7.156485112563544,13.863333333333333,10.486278140885982,10.490813362381992,2.2871604938271606,0.6522766884531589,12.031528685548293,17.152320261437907,24.299999999999997,32.900000000000006,56.800000000000004,0.0988584604212055,-0.8326978939724037,0.6050072621641249,-0.2281118373275236,12.300000000000002,7.297483660130719,16.00187363834423,0.380838779956427,1.3147494553376908,6.911601307189542,14.703772694262891,3.203445896877269,4.0637872185911394,3.1887618010167023,6.161205519244735,9.356811909949165,3.526586782861293,2.2871604938271606,0.5106281771968046,2.426365286855483,4.846681190994917,18.212541757443717,107.2352214960058,105.88198983297022,0.0,13.478818998716303,86.25274568535158,0.5972043930965626,0.0,7.7619169875909275,6.824746826415633,126.0,41.0,231.0,34.0,117.0,,889.0,24.0,85.0,16.498088717729285,0.19109485094850948,0.053929254029382395,0.1199734702610184,0.3700319497931821,0.2647088860362288,0.550667379831693,0.3631148195692483,0.31189002995293114,0.4521101126800741,0.8305790900014263,1.0,0.00384124946512623,6.0,0.06056653829696191,0.20644316074739696,0.0,0.0,0,0,0,0.0012666666666666666,0.0,0.0,0,0,1,0,0,0,0,0,0,0,0,0.0,0,0.0,0,0.0006666666666666666,0,0.0,0,0.0,,,1986,2001,15,0.7352911139637712
Dell Curry,curryde01,76,190.0,1964-06-25,Virginia Tech,1987,2001,1986-10-31T00:00:00Z,False,15,NBA,"UTA, CLE, CHH, MIL, TOR",SG,1027,95.0,22.067185978578383,4.818889970788705,10.515092502434275,0.45828317436799704,1.1684518013631937,2.8889970788704966,0.4044489383215369,3.6504381694255112,7.626095423563778,0.47867722165474974,0.5138438744328179,1.1801363193768257,1.4011684518013632,0.8422515635858235,0.560856864654333,1.9084712755598832,2.469328140214216,1.7994157740993184,0.937682570593963,0.22590068159688412,1.2249269717624147,1.6991236611489775,11.98636806231743,22663.0,4949,10799,1200.0,2967.0,3749.0,7832.0,1212,1439,576.0,1960.0,2536.0,1848,963.0,232.0,1258.0,1745.0,12310,0.0,16.122918413272735,0.54016696818603,0.2866888761417288,0.13461426113047698,2.926333671623351,9.849097648148966,6.3786965538543,13.55145832414067,2.139443145214667,0.6684243039315184,9.935273353042405,24.307187927458852,23.5,16.9,40.2,0.0855123770021621,1.4343026077747871,-0.48497109826589596,0.9489961611437143,17.000000000000004,10.975453382164762,23.947213519834094,2.704986100692759,6.7104002117989685,8.25341746458986,17.268494903587342,2.6865948903499093,3.197065701804704,1.265454705908309,4.348625512950624,5.617071879274589,4.089833649560958,2.139443145214667,0.5184441600847196,2.7953448351939283,3.8579402550412567,27.35890658783038,106.06830516701231,109.19529629793055,15.422535211267606,81.77749832327297,2.9855801475519788,0.0,0.0,0.43455734406438634,-3.2625586854460096,126.0,65.0,174.0,20.0,91.0,,841.0,18.0,73.0,17.970288397048964,0.15328487592219986,0.041219818913480887,0.08739151576123406,0.31902783366867876,0.3990759557344064,0.5014134808853119,0.398573608316566,0.38222853789403083,0.51804476861167,0.736005700871898,0.9068988933601609,0.005755365526492287,13.0,0.28681522468142184,0.4497129443326627,1.0,0.0,0,0,0,0.0,0.0,0.0,0,0,0,0,0,0,0,0,0,0,0,0.0,0,0.0,1,0.047733333333333336,0,0.0,0,0.0,,,1987,2002,15,0.6009240442655935
Ron Harper,harpero01,78,185.0,1964-01-20,Miami University,1987,2001,1986-11-01T00:00:00Z,False,15,NBA,"CLE, LAC, CHI, LAL",SG,1009,967.0,30.920713577799802,5.278493557978196,11.839444995044598,0.4458396115854679,0.5183349851337958,1.7948463825569871,0.2887907233572612,4.7601585728444,10.044598612487611,0.47390231869758265,0.4677297840281266,2.7106045589692767,3.765113974231913,0.7199262963937878,1.3102081268582755,2.960356788899901,4.270564915758176,3.881070366699703,1.7006937561942517,0.7224975222993062,2.230921704658077,2.303270564915758,13.785926660059465,31199.0,5326,11946,523.0,1811.0,4803.0,10135.0,2735,3799,1322.0,2987.0,4309.0,3916,1716.0,729.0,2251.0,2324.0,13910,4.0,15.590887528446428,0.5110091028558609,0.16558133273502354,0.3098800923106509,4.744866822654572,10.639241642360332,7.716362703932819,19.125273245937368,2.74229302221225,1.490185582871246,14.059258309561205,21.56035449854162,21.7,43.9,65.8,0.10108122055194076,0.4566300201929549,1.4022372511939485,1.8472739510881762,30.400000000000002,8.476178723677043,19.028715663963588,0.8453251706785473,2.9222154556235775,7.6307285489919545,16.107154075451138,4.332270265072598,6.030940094233789,2.1139074970351617,4.7971986281611585,6.9288566941248115,6.291329850315714,2.74229302221225,1.1670694573544027,3.5740087823327666,3.7275265232860026,22.139382672521556,104.57915317798647,103.72076028077824,64.97641963426372,28.283806544754572,6.876804619826756,0.0,0.0,7.384684793070261,4.016385948026949,212.0,87.0,264.0,35.0,252.0,,2020.0,51.0,145.0,12.82781520692974,0.3368842637151107,0.14581195861405197,0.1340555822906641,0.1366775745909528,0.24616265640038498,0.6101046679499519,0.3595951636188643,0.31407338787295475,0.3673938883541867,0.5916840712223292,0.943329042348412,0.020624278152069297,38.0,0.2677152309913378,0.3616689124157844,2.0,0.0,5,0,0,0.0011333333333333334,0.0016666666666666668,0.06666666666666667,0,0,1,0,0,0,3,1,0,1,0,0.0,0,0.128,0,0.0,0,0.0,0,0.0,,,1987,2001,15,0.753837343599615
Johnny Newman,newmajo01,79,190.0,1963-11-28,Richmond,1987,2001,1986-11-02T00:00:00Z,False,15,NBA,"CLE, NYK, CHH, NJN, MIL, DEN, CLE, NJN",SF,1112,495.0,24.919964028776977,3.9469424460431655,8.56384892086331,0.46088417515488816,0.5197841726618705,1.5548561151079137,0.3342972816657027,3.427158273381295,7.008992805755396,0.48896587118296125,0.4912317546991494,2.865107913669065,3.5305755395683454,0.8115129903209374,0.8462230215827338,1.3902877697841727,2.2365107913669067,1.5053956834532374,0.9307553956834532,0.21762589928057555,1.4703237410071943,2.797661870503597,11.278776978417266,27711.0,4389,9523,578.0,1729.0,3811.0,7794.0,3186,3926,941.0,1546.0,2487.0,1674,1035.0,242.0,1635.0,3111.0,12542,0.0,13.038594781855581,0.5582630363393599,0.18741925589116237,0.4096995777849952,3.8139439211865325,6.483493919382195,5.135953231568692,9.391620656057162,1.8801522860957744,0.5701346035870233,12.723333694200859,19.969416477211215,35.5,13.799999999999997,49.2,0.0854370105734185,-0.9460503049330591,-0.6417162859514273,-1.5952004619104325,3.1000000000000005,7.9357800151564355,17.25243044278445,1.0572552416008085,3.1604525278770166,6.877427736278012,14.099624697773448,5.782198404965536,7.114727003716936,1.6899426220634406,2.8146259608097863,4.523290390097795,3.025693767817834,1.8801522860957744,0.441875067662661,2.958529103965935,5.674977445779655,22.7159250839017,109.32806466746058,111.07794738551478,0.0,29.41258197176837,68.24130265644104,2.2226297654773814,0.0,-4.798488385017228,1.3997221295987554,172.0,131.0,346.0,89.0,525.0,,1029.0,96.0,268.0,13.486317661442705,0.32736956763365566,0.10058230521284874,0.11602789818828499,0.23985183950205624,0.2156846726686673,0.5816923418917418,0.2914059130821384,0.3232061798377237,0.42839935534066914,0.5481359342002889,0.9130534622651996,0.0346706680004446,92.0,0.26493231077025675,0.3707773702345226,3.0,0.0,0,0,0,0.0,0.0,0.0,0,0,0,0,0,0,0,0,0,0,0,0.0,0,0.0,0,0.0006666666666666666,0,0.0,0,0.0,,,1987,2002,15,0.7843153273313326
David Wingate,wingada01,77,185.0,1963-12-15,Georgetown,1987,2001,1986-11-02T00:00:00Z,False,15,NBA,"PHI, SAS, WSB, CHH, SEA, NYK, SEA",SG,740,218.0,17.895945945945947,2.2837837837837838,5.132432432432433,0.444971037388099,0.10675675675675676,0.3918918918918919,0.27241379310344827,2.177027027027027,4.7405405405405405,0.45923603192702395,0.45537124802527645,0.9554054054054054,1.2945945945945947,0.7379958246346555,0.6013513513513513,1.3175675675675675,1.9189189189189189,1.8594594594594596,0.8067567567567567,0.16486486486486487,1.1527027027027028,1.6878378378378378,5.629729729729729,13243.0,1690,3798,79.0,290.0,1611.0,3508.0,707,958,445.0,975.0,1420.0,1376,597.0,122.0,853.0,1249.0,4166,0.0,9.970354149361926,0.49603700067960427,0.07707218908102394,0.24886317299705502,3.868519217699917,8.170618439930529,6.056369402703315,14.67271766216114,2.224752699539379,0.5759797628936042,16.94526919882202,16.322411840217473,-0.6,12.2,11.8,0.042318885448916425,-2.7274182587027105,0.3619648115985804,-2.353167711243676,-1.2000000000000002,6.348501094918069,14.261277656120217,0.30326965189156535,1.1085252586271994,6.0341236879861055,13.160129879936571,2.656271237634977,3.585252586271993,1.6526164766291627,3.668489013063505,5.331813033300612,5.1609303028014795,2.224752699539379,0.47136600468171863,3.2016990107981576,4.704855395303179,15.620818545646756,98.88922449596014,108.55070603337613,0.05721393034825871,50.478233830845774,48.88681592039801,0.5777363184079602,0.0,3.050497512437811,-7.00273631840796,51.0,12.0,46.0,9.0,29.0,,281.0,4.0,19.0,14.628544776119403,0.24878793532338309,0.09081716417910447,0.10699875621890548,0.3443650497512438,0.2087860696517413,0.6176125621890547,0.3513246268656716,0.39542910447761187,0.37382276119402985,0.8192667910447762,0.8042176616915423,0.018107587064676616,7.0,0.13810509950248756,0.602422263681592,0.0,0.0,0,0,0,0.0012666666666666666,0.0,0.012133333333333333,0,0,1,0,0,0,0,0,0,1,0,0.0,0,0.0,0,0.0,0,0.0,0,0.0,,,1987,2001,15,0.7912139303482587
Chris Dudley,dudlech02,83,235.0,1965-02-22,Yale,1988,2002,1987-11-06T00:00:00Z,False,15,NBA,"CLE, NJN, POR, NYK, PHO, POR",C,883,331.0,18.471121177802946,1.5753114382785958,3.826727066817667,0.41166025451316957,0.0,0.0056625141562853904,0.0,1.5753114382785958,3.821064552661382,0.41227030231179607,0.41166025451316957,0.782559456398641,1.707814269535674,0.4582228116710875,2.5277463193657983,3.6500566251415627,6.177802944507361,0.4246885617214043,0.3782559456398641,1.1630804077010193,0.8380520951302378,2.633069082672707,3.933182332955832,16310.0,1391,3379,0.0,5.0,1391.0,3374.0,691,1508,2232.0,3223.0,5455.0,375,334.0,1027.0,740.0,2325.0,3473,0.0,10.655977927651747,0.4293647455548743,0.001631269160024525,0.4452389331698344,15.1226854690374,22.45488657265481,18.75443286327407,3.2140527283874922,1.0373083997547516,4.23343347639485,15.711183323114652,12.5146290619252,-1.7999999999999998,27.499999999999996,26.2,0.07696793378295523,-3.4499325567136725,0.4726916002452483,-3.035977927651748,-4.2,4.323789086450031,10.484880441446963,0.0,0.00935009196811772,4.323789086450031,10.461765787860207,2.1476394849785407,4.674353157572042,6.941747394236665,10.096419374616799,17.01269160024525,1.1677007970570206,1.0373083997547516,3.1936603310852236,2.2964622930717353,7.288252605763335,10.797927651747393,97.75199264255058,101.7301655426119,0.0,0.0,0.0,6.312212463404434,93.78377248013383,2.597720618987871,-1.7070263488080302,39.0,37.0,328.0,41.0,122.0,,239.0,23.0,61.0,6.691865328314512,0.4306698034295273,0.4868839397741532,0.06848473442074446,0.011644918444165622,0.00273525721455458,0.5645968214136344,0.30159473023839395,0.2741338352153911,0.22751986616478462,0.5333684650773736,0.0,0.1035694270179841,70.0,0.0,0.0,1.0,0.0,0,0,0,0.0,0.0,0.0,0,0,0,0,0,0,0,0,0,0,0,0.0,0,0.0,0,0.0,0,0.0,0,0.0,,,1988,2003,15,0.9972647427854454
Mark Jackson,jacksma01,75,192.0,1965-04-01,St. John's,1988,2002,1987-11-06T00:00:00Z,False,15,NBA,"NYK, LAC, IND, DEN, IND, TOR, NYK",PG,1172,1089.0,31.63566552901024,3.9351535836177476,8.755972696245733,0.44942506334047944,0.5972696245733788,1.772184300341297,0.33702455464612424,3.3378839590443685,6.983788395904437,0.4779474648747709,0.4835314753459365,1.7747440273037542,2.3029010238907848,0.7706557984438681,1.0554607508532423,2.969283276450512,4.024744027303754,8.395904436860068,1.3165529010238908,0.09641638225255973,2.5170648464163823,1.7909556313993173,10.242320819112628,37077.0,4612,10262,700.0,2077.0,3912.0,8185.0,2080,2699,1237.0,3480.0,4717.0,9840,1543.0,113.0,2950.0,2099.0,12004,18.0,16.223151819187095,0.5236789384254389,0.20986730317986893,0.262094452086199,3.836607600399169,10.69573590096286,7.320648919815519,39.471267901933814,2.1126682309787737,0.20261887423470076,20.771944871483665,16.878528467783262,55.1,35.400000000000006,90.00000000000001,0.11693019931493916,2.0707149985166002,-0.04354990964749035,2.024966960649459,37.7,6.296197103325511,14.049826037705316,0.9617930253256737,2.87845834344742,5.3378536559052785,11.172333252420641,2.8493621382528254,3.708838363405885,1.6912371551096368,4.819610540227095,6.4998651455079965,13.609941473150473,2.1126682309787737,0.15097230088734256,4.048569193839847,2.8922809288777405,16.43006176335734,110.67106292310596,107.2631011138981,98.01957981992282,2.136915821066171,0.0,0.0,0.0,1.6003287123052736,0.5051664999285408,769.0,165.0,258.0,63.0,222.0,,8676.0,52.0,211.0,13.12234529083893,0.23406681434900667,0.2736899385450907,0.10389817064456196,0.07817293125625267,0.30959654137487497,0.5729096755752465,0.4117048735172216,0.35819158210661717,0.38606445619551233,0.28434807774760607,0.8854156781477774,0.0,0.0,0.10179341146205516,0.31544404744890664,15.0,2.0,0,0,1,0.0,0.004333333333333333,0.06666666666666667,0,0,0,0,0,0,6,1,0,1,0,0.0002666666666666667,1,0.963,0,0.0,0,0.0,0,0.0,,,1988,2004,15,0.690403458625125
Derrick McKey,mckeyde01,82,241.0,1966-10-10,Alabama,1988,2002,1987-11-06T00:00:00Z,False,15,NBA,"SEA, IND, PHI",SF,937,639.0,29.059765208110992,4.1707577374599785,8.589114194236926,0.4855864811133201,0.21664887940234792,0.6851654215581644,0.3161993769470405,3.954108858057631,7.903948772678762,0.5002700513097489,0.498198310139165,2.398078975453575,3.0789754535752403,0.7788561525129982,1.6168623265741728,3.065101387406617,4.68196371398079,2.405549626467449,1.144076840981857,0.6520811099252934,1.8281750266808965,2.8815368196371396,10.95624332977588,27229.0,3908,8048,203.0,642.0,3705.0,7406.0,2247,2885,1515.0,2872.0,4387.0,2254,1072.0,611.0,1713.0,2700.0,10266,1.0,13.870101729773403,0.5458688530610747,0.08358940835139006,0.3509379705461089,6.518094678467811,12.335318961401448,9.421510154614566,12.434187814462522,2.02542142568585,1.5309376032906092,15.75685482390099,17.472037166256566,31.200000000000006,30.5,61.699999999999996,0.10907862940247531,0.11517866980058022,0.8516765213559073,0.9578500863050424,20.300000000000004,7.310250100995262,15.089621359579859,0.38644827206287413,1.2050497631202026,6.923926695802269,13.87830621763561,4.186962429762386,5.3860185831282825,2.846758970215579,5.401689375298395,8.257203716625657,4.243159866318997,2.02542142568585,1.142733849939403,3.2157846413750044,5.090998567703551,19.197069301112784,109.27896727753497,106.504205075471,0.0,2.3047654229774657,57.947173993350575,39.60325083117843,0.14480975249353528,1.7745105282600664,-2.630513483561138,146.0,51.0,312.0,20.0,119.0,,856.0,22.0,71.0,11.256594015515331,0.2666605097894348,0.2281935722201699,0.1961815663095678,0.18839619504987068,0.12037827853712596,0.6156477650535648,0.3564778352419653,0.37847118581455486,0.40277188769855926,0.6180581824898412,0.9369998152936831,0.013857960842260809,18.0,0.3109405245659402,0.26403250831178426,0.0,0.0,0,0,0,0.0432,0.00013333333333333334,0.03333333333333333,0,2,4,0,0,0,1,1,0,1,0,0.0,0,0.0,0,0.0,0,0.0008,0,0.0012666666666666666,,,1988,2002,15,0.879621721462874
Reggie Miller,millere01,79,185.0,1965-08-24,UCLA,1988,2002,1987-11-06T00:00:00Z,True,15,NBA,IND,SG,1173,1088.0,35.07502131287298,6.296675191815857,13.255754475703325,0.4750144703839475,1.8900255754475703,4.719522591645354,0.40046965317919075,4.406649616368286,8.53623188405797,0.516228902426845,0.5463052286320663,4.80306905370844,5.42455242966752,0.8854314002828855,0.7041773231031543,2.421142369991475,3.125319693094629,3.0485933503836318,1.132139812446718,0.23785166240409208,1.8738277919863597,2.0767263427109977,19.286445012787723,41143.0,7386,15549,2217.0,5536.0,5169.0,10013.0,5634,6363,826.0,2840.0,3666.0,3576,1328.0,279.0,2198.0,2436.0,22623,1.0,18.70979267433099,0.6154219186738934,0.3563963736237027,0.4072658532435651,2.390501421870063,7.688313929465522,5.141081107357266,14.258471671973362,1.663792139610626,0.4612765233454049,10.65819945069635,22.229066912962107,123.7,27.799999999999997,151.60000000000002,0.17680558053617867,3.975312932941205,-0.3362127214836059,3.6443817903410056,58.599999999999994,9.22567629973507,19.481364995260435,2.7956493206620814,6.981987215322168,6.437787716014874,12.50617115912792,7.049272051138711,7.955632792941691,1.0220353401550688,3.558345283523322,4.577799382641032,4.453651897042024,1.663792139610626,0.355661959507085,2.7356780011180515,3.0423692973288285,28.32078117784313,121.46464769219551,109.36071749750869,10.148870822041554,86.29972899728998,3.6531165311653115,0.0,0.0,3.5962541403191817,1.5767600120445648,370.0,149.0,240.0,119.0,639.0,,2714.0,129.0,183.0,17.94878651008732,0.11899638663053295,0.06295814513700693,0.12505769346582354,0.28227106293285154,0.41037440529960856,0.6981964468533575,0.4177348389039446,0.38059090635350795,0.4569254441433303,0.6662549232158989,0.8598993074375189,0.005070761818729299,31.0,0.26070617283950615,0.4291523035230352,16.0,0.0,0,0,5,0.002266666666666667,0.07400000000000001,0.027266666666666665,0,0,2,0,0,3,12,0,0,1,0,0.0002,0,0.0,0,0.0,0,0.021733333333333334,0,0.0,,,1988,2005,15,0.5896255947003914
Olden Polynice,polynol01,84,250.0,1964-11-21,Virginia,1988,2004,1987-11-06T00:00:00Z,False,15,NBA,"SEA, LAC, DET, SAC, SEA, UTA, LAC",C,1058,658.0,23.519848771266542,3.3620037807183363,6.651228733459357,0.5054710814267444,0.004725897920604915,0.024574669187145556,0.19230769230769232,3.3572778827977316,6.626654064272212,0.5066324347454001,0.505826346454455,1.0831758034026464,2.0236294896030245,0.5352638953759925,2.5803402646502835,4.1398865784499055,6.720226843100189,0.7032136105860114,0.4877126654064272,0.6153119092627599,1.10586011342155,2.679584120982987,7.811909262759924,24884.0,3557,7037,5.0,26.0,3552.0,7011.0,1146,2141,2730.0,4380.0,7110.0,744,516.0,651.0,1170.0,2835.0,8265,0.0,13.187859668863522,0.518475526442694,0.003714193859508117,0.3102694904356213,12.489113486577722,20.376571290789265,16.414459090178426,4.741761774634302,1.0526241761774635,1.867850827841183,12.78886834914001,16.04614209934094,19.999999999999996,26.8,46.9,0.09013112843594279,-1.3348014788619196,-0.9426539141617103,-2.2873171515833466,-1.7,7.334954187429675,14.516066548786368,0.0,0.04080131811605851,7.327644269410064,14.486525478218937,2.3340098054975082,4.381823661790709,5.625353640893746,9.023468895675938,14.648822536569682,1.5402949686545573,1.0526241761774635,1.3536850988587041,2.4145917055135833,5.83830975727375,17.02120639768526,106.61891175052243,106.09126346246585,0.0,0.0,0.0,3.5565610859728505,96.44343891402715,-1.1764705882352942,-1.043956043956044,167.0,113.0,421.0,74.0,265.0,,880.0,55.0,185.0,7.664598146951088,0.33283527257056666,0.40562421891833655,0.19505494505494506,0.06155666882137469,0.003991596638655463,0.6268818142641672,0.4271760396466279,0.3520525748761043,0.4124299719887955,0.6440800474035768,0.19597069597069597,0.05031684981684982,120.0,0.2596282051282051,0.0,0.0,0.0,0,0,0,0.0,0.0,0.003,0,0,0,0,0,0,0,0,0,1,0,0.0,0,0.0,0,0.0,0,0.0006666666666666666,0,0.0,,,1988,2004,15,0.9947155785391079
Horace Grant,grantho01,82,215.0,1965-07-04,Clemson,1988,2002,1987-11-07T00:00:00Z,False,15,NBA,"CHI, ORL, SEA, LAL, ORL",PF,1105,1026.0,33.873303167420815,4.827149321266968,9.453393665158371,0.5106260769672601,0.0036199095022624436,0.056108597285067875,0.06451612903225806,4.823529411764706,9.397285067873304,0.5132896764252697,0.5108175378135171,1.8778280542986425,2.714027149321267,0.6918972990996999,3.0642533936651586,5.263348416289593,8.327601809954752,2.2597285067873303,1.0099547511312217,1.009049773755656,1.1520361990950225,2.495022624434389,11.535746606334842,37430.0,5334,10446,4.0,62.0,5330.0,10384.0,2075,2999,3386.0,5816.0,9202.0,2497,1116.0,1115.0,1273.0,2757.0,12747,0.0,16.129233235372695,0.5402606465402083,0.005899492385786803,0.28541661768634785,10.482027785199039,17.894533796419985,14.195388725621157,9.84442960192359,1.5433689553833825,2.006473417045151,9.66234838364948,15.311627037135986,68.2,48.00000000000001,115.8,0.14880903018968744,1.0288992786534865,0.43378840502270916,1.4633262089233234,32.5,7.348463799091638,14.42565856265028,0.0,0.0791023243387657,7.341130109537804,14.344883783061714,2.8589580550360676,4.127694362810579,4.675129575207054,8.023205984504408,12.691407961528187,3.4411862142666307,1.5433689553833825,1.53,1.7618140528987443,3.7914293347582158,17.57527651616351,117.25359337429869,104.36481432006411,0.0,0.0,0.5390608549168246,73.35333754474627,26.107601600336913,2.4896399241945675,4.288250157927985,225.0,69.0,492.0,31.0,321.0,,1923.0,81.0,128.0,12.68201024777146,0.24799922790762963,0.091479188601109,0.14834273882220816,0.50645321822138,0.00577623359303713,0.6524186846353618,0.36449378816592964,0.34316880746823897,0.44900722959219486,0.8006540324278796,0.175194777847968,0.027359022952200468,97.0,0.07642535270583281,0.175194777847968,2.0,0.0,4,0,1,0.11666666666666668,0.008533333333333334,0.024266666666666666,0,4,10,0,0,0,6,0,0,1,0,0.0,0,0.0,0,0.0,0,0.0,0,0.0024666666666666665,,,1988,2004,15,0.9942237664069628
Scottie Pippen,pippesc01,80,210.0,1965-09-25,University of Central Arkansas,1988,2002,1987-11-07T00:00:00Z,True,15,NBA,"CHI, HOU, POR",SF,1091,989.0,35.514207149404214,6.509624197983501,13.71494042163153,0.47463743901624006,0.84967919340055,2.5857011915673693,0.3286068769939738,5.659945004582951,11.129239230064162,0.5085653104925053,0.5056138474904766,2.7351054078826764,3.906507791017415,0.7001407789770061,1.8249312557286892,4.72685609532539,6.551787351054079,5.316223648029331,1.999083409715857,0.8368469294225481,2.8084326306141154,2.8799266727772688,16.60403299725023,38746.0,7102,14963,927.0,2821.0,6175.0,12142.0,2984,4262,1991.0,5157.0,7148.0,5800,2181.0,913.0,3064.0,3142.0,18115,17.0,18.86505187632272,0.5365060909513241,0.19254049450265834,0.2840718525783306,6.047604914055643,15.334754555308935,10.758909306767151,23.095940226087855,2.9289087905848348,1.5881871677076345,15.63075930418624,22.67403344861405,56.8,64.1,120.99999999999999,0.14993274144427815,2.463686574097972,1.7934367418572243,4.275868476745987,61.39999999999999,9.519733649925152,20.05710524957415,1.2646699014091778,3.8418856139988637,8.257146544159395,16.241885613998864,3.9929825014195015,5.702911268259949,2.667712796159603,6.922495225313581,9.583835750787177,7.785139111134052,2.9289087905848348,1.2183657667888297,4.122773963764002,4.20287255458628,24.282258813813037,108.28944923346926,101.3666701078821,0.0,4.5482546201232035,88.55778820768553,7.478952772073922,0.12114989733059549,7.267593135816956,1.6265840422411264,584.0,205.0,378.0,99.0,476.0,,4513.0,111.0,201.0,14.488391023760633,0.28553710765620416,0.09795790554414784,0.10741947785274274,0.19987804341449109,0.30887481666177763,0.6329607656204166,0.35230060134936936,0.36672631270167205,0.4373424024640657,0.5714031974185979,0.7751059694925198,0.04859812261660311,219.0,0.1711370636550308,0.3800110002933412,8.0,0.0,6,0,7,0.4453333333333333,0.31246666666666667,0.0212,8,10,12,3,5,7,10,0,0,1,0,0.04766666666666666,0,0.0,0,0.0,0,0.0022,0,0.03353333333333334,,,1988,2004,15,0.6911251833382223
Mark Bryant,bryanma01,81,245.0,1965-04-25,Seton Hall,1989,2003,1988-11-04T00:00:00Z,False,15,NBA,"POR, HOU, PHO, CHI, CLE, DAL, SAS, BOS, DEN, PHI",PF,797,198.0,16.912170639899625,2.181932245922208,4.36762860727729,0.49956908934214306,0.0012547051442910915,0.015056461731493099,0.08333333333333333,2.1806775407779173,4.352572145545797,0.5010089362928798,0.49971272622809537,1.0464240903387705,1.5006273525721456,0.697324414715719,1.4052697616060226,2.3488080301129233,3.754077791718946,0.616060225846926,0.41405269761606023,0.24466750313676286,0.8293601003764115,2.5319949811794227,5.411543287327478,13479.0,1739,3481,1.0,12.0,1738.0,3469.0,834,1196,1120.0,1872.0,2992.0,491,330.0,195.0,661.0,2018.0,4313,0.0,10.896416648119295,0.5371901476370651,0.003367905630981527,0.3431089101565398,9.210861339862007,15.748735069367163,12.45311966763113,5.4756510126864,1.2306773499517767,0.9897470138734328,14.341034201350247,14.847703835596114,11.700000000000001,14.7,26.2,0.09284086356554641,-2.8625120557904893,-0.2928703909785592,-3.1609244009199493,-4.1000000000000005,6.488122264262927,12.925261517916763,0.004881667779508866,0.03920172119593442,6.483240596483418,12.890941464500333,3.092514281474887,4.4536315750426585,4.173640477780251,6.942644113064766,11.097692707174124,1.840893241338378,1.2306773499517767,0.7223903850434009,2.4638993990652125,7.491527561391795,16.039995548631204,107.23636768306254,106.0997848505082,0.0,0.0,3.8161805173362686,67.43826820766832,28.745551274995414,-3.0235920014676205,-0.20273344340487998,79.0,60.0,272.0,72.0,165.0,,494.0,32.0,99.0,7.677765547605944,0.3003445239405614,0.4279856906989543,0.2111278664465235,0.05901008989176298,0.001477160154100165,0.6350869565217391,0.46059328563566315,0.4037629792698586,0.47189121262153744,0.6474953219592735,0.0,0.041679324894514765,48.0,0.0,0.0,1.0,0.0,0,0,0,0.0,0.0,0.0,0,0,0,0,0,0,0,0,0,0,0,0.0,0,0.0,0,0.0,0,0.0,0,0.0,,,1989,2003,15,0.9985228398458998
Rod Strickland,stricro02,75,175.0,1966-07-11,DePaul,1989,2003,1988-11-04T00:00:00Z,False,15,NBA,"NYK, SAS, POR, WSB, WAS, POR, MIA, MIN",PG,1017,728.0,31.70206489675516,5.171091445427729,11.339233038348082,0.4560353798126951,0.18092428711897737,0.6420845624385447,0.28177641653905056,4.9901671583087515,10.697148475909538,0.4664950822685909,0.46401318071453346,3.2949852507374633,4.573254670599804,0.7204902171576005,1.1160275319567354,2.720747295968535,3.8367748279252702,7.575221238938053,1.551622418879056,0.19862340216322516,2.7148475909537857,1.9242871189773845,13.818092428711898,32241.0,5259,11532,184.0,653.0,5075.0,10879.0,3351,4651,1135.0,2767.0,3902.0,7704,1578.0,202.0,2761.0,1957.0,14053,6.0,18.191523215781153,0.5165172916472814,0.054443348531373094,0.40124028411029444,3.9279023603486243,9.795257591265779,6.823088613876742,37.399140845507276,2.4828913495238982,0.42400359790329084,16.896796005086692,21.916888433981576,48.49999999999999,36.199999999999996,84.7,0.1260712136720325,2.134257622282187,0.3795632889798703,2.5085760367234267,36.6,8.288266492974781,18.190155392202474,0.2881703421109767,1.0352997735802236,7.984144412394156,17.1449458763686,5.285366458856735,7.307630036289198,1.7713687540709033,4.378707236127911,6.137256908904809,12.14833286808722,2.4828913495238982,0.31276325176018116,4.352045532086473,3.081250581557644,22.127092832108186,108.036599361062,105.41261127136255,92.68522617236133,7.156107345414304,0.15866648222437404,0.0,0.0,-0.5137847558445152,1.6075459952967215,706.0,271.0,327.0,92.0,772.0,,7333.0,183.0,277.0,10.889998616682803,0.32798561350117583,0.15307117166966386,0.22320825840365197,0.24820009683220365,0.047572139991700096,0.5875130031816295,0.35035910914372675,0.37600428828330335,0.4245029741319685,0.26154903859454975,0.5976826670355513,0.000414580163231429,2.0,0.06337764559413474,0.14889057960990454,6.0,1.0,0,0,0,0.0011333333333333334,0.028466666666666664,0.025,0,0,1,0,1,1,6,0,1,1,0,6.666666666666667e-05,0,0.0,0,0.0,0,0.0019333333333333331,0,0.0,,,1989,2005,15,0.9524278600082998
Avery Johnson,johnsav01,70,175.0,1965-03-25,"Cameron University, Southern University and A&M College",1989,2003,1988-11-05T00:00:00Z,False,15,NBA,"SEA, DEN, SAS, HOU, SAS, GSW, SAS, DEN, DAL",PG,1008,636.0,25.771825396825395,3.513888888888889,7.306547619047619,0.48092328581126953,0.026785714285714284,0.18154761904761904,0.14754098360655737,3.4871031746031744,7.125,0.4894179894179894,0.48275627970128987,1.4821428571428572,2.0952380952380953,0.7073863636363636,0.373015873015873,1.3313492063492063,1.7043650793650793,5.689484126984127,0.9732142857142857,0.1498015873015873,1.683531746031746,1.6121031746031746,8.53670634920635,25978.0,3542,7365,27.0,183.0,3515.0,7182.0,1494,2112,376.0,1342.0,1718.0,5735,981.0,151.0,1697.0,1625.0,8605,0.0,14.556817306952036,0.5179360612826237,0.025145854184309802,0.2864908384017245,1.66598660404958,5.689090769112326,3.7351797674955733,34.04876818846717,1.9472592193394411,0.4064631611363462,17.050373392870892,17.157467857417817,33.7,22.8,56.4,0.10411340364924168,0.32471321887751164,-0.2156170605897298,0.09757872045577022,13.9,7.060597428593426,14.67286550157826,0.04693971822311187,0.3654130418046039,6.99549618908307,14.33609977673416,2.966521672184155,4.19965740241743,0.7414774039571945,2.6737970590499653,3.4183963353606894,11.439106166756485,1.9472592193394411,0.32154900300254063,3.3764146585572403,3.23056047424744,17.170652090230192,108.91361921625992,107.52070983139579,100.0,0.0,0.0,0.0,0.0,1.9463124949843507,-1.2580290506379905,466.0,134.0,246.0,33.0,323.0,,5555.0,81.0,243.0,9.735839820239145,0.4214685819757643,0.17343142604927372,0.10654401733408234,0.27700850654040604,0.021194847925527643,0.5748389374849531,0.39753647379825047,0.37879447877377415,0.42753711580130005,0.3929475162507021,0.7534708289864377,0.0004047026723376936,2.0,0.23139330711820882,0.07416932830430945,9.0,0.0,1,0,0,0.0,0.0006000000000000001,0.0,0,0,0,0,0,0,3,0,0,0,0,0.0,0,0.0,0,0.0,0,0.002533333333333333,0,0.0,,,1989,2004,15,0.9788051520744725
Grant Long,longgr01,80,225.0,1966-03-12,Eastern Michigan,1989,2003,1988-11-05T00:00:00Z,False,15,NBA,"MIA, ATL, DET, ATL, VAN, MEM, BOS",PF,1003,673.0,28.428713858424725,3.461615154536391,7.4177467597208375,0.4666666666666667,0.08275174476570289,0.292123629112662,0.2832764505119454,3.378863409770688,7.125623130608176,0.4741849727158248,0.47224462365591396,2.4835493519441676,3.2622133599202394,0.7613080684596577,2.161515453639083,3.9740777666999003,6.135593220338983,1.7108673978065803,1.1954137587238285,0.36490528414755735,1.6231306081754735,2.9481555333998006,9.489531405782651,28514.0,3472,7440,83.0,293.0,3389.0,7147.0,2491,3272,2168.0,3986.0,6154.0,1716,1199.0,366.0,1628.0,2957.0,9518,0.0,13.308122325875008,0.5332014098337658,0.04032303429894087,0.4379088868625937,8.564827803885812,16.340201304622294,12.386620607420916,9.216430525355966,2.144514975099951,0.8639931261836291,15.609174440625656,16.058350284070983,27.300000000000004,33.0,60.1,0.10106196955881322,-1.1520025250754014,0.5864312267657993,-0.5709195482920669,10.2,6.244346636739847,13.400641789997898,0.15151855229010314,0.5426737742863156,6.0932524373991725,12.845479413621382,4.472381987795469,5.889149189871642,3.9016518201585186,7.197566107876832,11.099217928035351,3.0882899628252787,2.144514975099951,0.6539419232657642,2.9214631409132354,5.307687451778075,17.104969488672232,107.38777442659746,105.80514834817984,0.0,0.14452156668319285,34.142662369856225,59.21132870599901,6.356965790778384,-1.61567922657412,0.6975954387704515,178.0,71.0,304.0,70.0,264.0,,896.0,41.0,97.0,12.484543877045118,0.2636536936043629,0.13973054040654437,0.14382882994546356,0.39184048091224594,0.060683812592959845,0.64135845314824,0.366850024789291,0.3072133118492811,0.3956437778879524,0.7159988844819039,0.7338869608329202,0.050324987605354476,82.0,0.24449590976698066,0.20295959345562717,2.0,0.0,0,0,0,0.0011333333333333334,0.0,0.016666666666666666,0,0,1,0,0,0,0,0,0,1,0,0.0,0,0.0,0,0.0,0,0.0014,0,0.0,,,1989,2003,15,0.93931618740704
Danny Manning,mannida01,82,230.0,1966-05-17,Kansas,1989,2003,1988-11-12T00:00:00Z,False,15,NBA,"LAC, ATL, PHO, MIL, UTA, DAL, DET",PF,883,398.0,27.408833522083807,5.691959229898075,11.138165345413363,0.5110320284697509,0.0464326160815402,0.22536806342015855,0.20603015075376885,5.645526613816535,10.912797281993205,0.5173308426733084,0.5131164209456024,2.5753114382785958,3.533408833522084,0.7288461538461538,1.72480181200453,3.5016987542468856,5.226500566251415,2.336353340883352,1.1325028312570782,0.8516421291053228,2.0985277463193657,3.278595696489241,14.005662514156285,24202.0,5026,9835,41.0,199.0,4985.0,9636.0,2274,3120,1523.0,3092.0,4615.0,2063,1000.0,752.0,1853.0,2895.0,12367,1.0,16.93168746384596,0.549813651764317,0.020541484174861582,0.31460846211056936,7.07651020576812,14.43365837534088,10.774886373027023,13.826596975456573,2.06510618957111,2.0842864226097015,14.193426163127016,23.129315759028188,26.599999999999998,28.5,55.10000000000001,0.1092817535740848,0.3299520700768532,0.6925130154532684,1.0151144533509626,18.400000000000006,10.366783736881251,20.299247996033383,0.08412114701264359,0.41807288653830266,10.289149657053136,19.875782993141062,4.6731716387075455,6.42903479051318,3.1372613833567478,6.418440624741757,9.556292868357987,4.269126518469548,2.06510618957111,1.5581315593752583,3.800549541360219,6.01470952813817,25.50992479960334,106.12304768200976,105.4756631683332,0.0,0.0,2.9805438066465255,56.37800604229607,41.116132930513594,2.752640483383685,0.7302477341389729,260.0,82.0,483.0,81.0,336.0,,1360.0,95.0,109.0,10.132676737160121,0.30003081570996976,0.23985885196374623,0.22739492447129908,0.19911287009063444,0.033267190332326294,0.6979896072507552,0.4705181873111782,0.3815461027190333,0.4138512386706949,0.7020274320241692,0.56278416918429,0.01567202416918429,42.0,0.19593716012084594,0.33708157099697883,3.0,0.0,0,0,2,0.0,0.0156,0.006933333333333333,0,0,0,0,0,0,4,0,0,1,0,6.666666666666667e-05,0,0.0,1,0.03333333333333333,0,0.0,0,0.0,,,1989,2003,15,0.9667328096676737
Steve Kerr,kerrst01,75,175.0,1965-09-27,Arizona,1989,2003,1988-12-17T00:00:00Z,False,15,NBA,"PHO, CLE, ORL, CHI, SAS, POR, SAS",PG,910,30.0,17.80989010989011,2.243956043956044,4.684615384615385,0.4790053952615529,0.7978021978021979,1.7571428571428571,0.4540337711069418,1.4461538461538461,2.9274725274725273,0.493993993993994,0.5641566971616233,0.689010989010989,0.7978021978021979,0.8636363636363636,0.2043956043956044,0.9604395604395605,1.164835164835165,1.821978021978022,0.5230769230769231,0.05054945054945055,0.5538461538461539,0.9307692307692308,5.974725274725275,16207.0,2042,4263,726.0,1599.0,1316.0,2664.0,627,726,186.0,874.0,1060.0,1658,476.0,46.0,504.0,847.0,5437,0.0,13.083531807243784,0.5935390880483742,0.3781557968778924,0.17017239464428946,1.329851298821497,6.108385265625963,3.7469920404763375,15.000178935028073,1.5233294255568581,0.18917751588819642,9.867316591596225,13.958598136607637,31.999999999999996,15.100000000000001,47.2,0.13966181279693962,0.518177330782995,0.3329425556858147,0.8310791633244895,11.700000000000001,6.58777071635713,13.74327759610045,2.3335904238909118,5.183821805392732,4.241654840501018,8.569821681989263,2.013352255198371,2.3390263466403405,0.6106188683902017,2.811291417288826,3.430264700438083,5.3233541062503855,1.5233294255568581,0.15666687233911275,1.6228296415129269,2.7308076756956874,17.548978836305302,122.60146850126489,107.31122354538162,82.59348954238088,17.406510457619124,0.0,0.0,0.0,5.043827645856267,-4.683535147035697,113.0,42.0,152.0,7.0,41.0,,1153.0,7.0,31.0,19.58623997483881,0.03378628715206794,0.044942758295329455,0.1308576820254757,0.33617156785658125,0.4537815694291555,0.6236235257115899,0.42490360119515647,0.4717754363893694,0.5202734706714893,0.6390150967133197,0.9222336845415945,0.0,0.0,0.13067038842585313,0.4157004245950622,1.0,0.0,5,0,0,0.0,0.0,0.0,0,0,0,0,0,0,0,0,0,0,0,0.0,0,0.0,0,0.0012666666666666666,0,0.0,0,0.0,,,1989,2003,15,0.5462184305708445
Vlade Divac,divacvl01,85,243.0,1968-02-03,,1990,2004,1989-11-03T00:00:00Z,True,15,NBA,"LAL, CHH, SAC",C,1119,979.0,30.12332439678284,4.639857015192136,9.36461126005362,0.49546712472564175,0.08936550491510277,0.3806970509383378,0.2347417840375587,4.550491510277033,8.983914209115282,0.5065154680194967,0.500238572382861,2.5737265415549597,3.721179624664879,0.69164265129683,2.558534405719392,5.747095621090259,8.305630026809652,3.1474530831099194,1.1474530831099197,1.4566577301161752,2.194816800714924,3.2028596961572835,11.942806076854334,33708.0,5192,10479,100.0,426.0,5092.0,10053.0,2880,4164,2863.0,6431.0,9294.0,3522,1284.0,1630.0,2456.0,3584.0,13364,8.0,17.741696333214666,0.5424761480954077,0.04007912068351726,0.39771211581820337,9.639073810371425,21.07344547288477,15.42696689213243,16.014112376883823,1.9367479530081877,3.2089948973537443,16.62628159487362,19.17873501839326,43.6,52.8,96.3,0.13723398006407975,0.5456004509315295,1.7473804438115583,2.2743799691467896,36.3,7.826993592025632,15.848249673667974,0.1517948261540287,0.6500088999644001,7.697816542067165,15.19119793520826,4.3401536727186425,6.283561765752938,4.32314880740477,9.718654325382698,14.023697638542778,5.324015070606385,1.9367479530081877,2.471736679719948,3.715794470155453,5.418060994422689,20.184772160911358,107.80814643408092,101.31630473478106,0.0,0.0,0.0,0.0,100.0,6.118497898586321,4.611724250859669,670.0,323.0,968.0,139.0,913.0,,4838.0,194.0,489.0,8.171851973145571,0.4316444517220676,0.26742694176082094,0.08393493804923312,0.18160853665192947,0.03512897767589105,0.6240300201954041,0.4119453632443644,0.33589334643305496,0.4029772392336663,0.6032011353092079,0.9124247584738824,0.05190360788166584,272.0,0.13390044211560503,0.1838003384094755,8.0,0.0,0,0,1,0.0,0.011133333333333334,0.05126666666666667,0,0,0,0,0,0,5,1,1,1,0,0.0,0,0.0,0,0.0,0,0.0006666666666666666,0,0.0,,,1990,2005,15,0.964871022324109
Glen Rice,ricegl01,80,215.0,1967-05-28,Michigan,1990,2004,1989-11-03T00:00:00Z,False,15,NBA,"MIA, CHH, LAL, NYK, HOU, LAC",SF,1000,876.0,34.985,6.776,14.867,0.45577453420326897,1.559,3.896,0.4001540041067762,5.217,10.971,0.47552638774952144,0.508206094033766,3.225,3.813,0.8457907159716759,0.946,3.441,4.387,2.097,0.958,0.265,1.733,2.361,18.336,34985.0,6776,14867,1559.0,3896.0,5217.0,10971.0,3225,3813,946.0,3441.0,4387.0,2097,958.0,265.0,1733.0,2361.0,18336,0.0,16.232056595683865,0.5525354008860941,0.2681586108332142,0.25754732028012006,3.118576532799771,11.389218236387023,7.239957124481919,10.17610690295841,1.4126740031442047,0.5184793482921252,9.528234957839073,23.08385593825925,63.7,25.099999999999998,88.7,0.12164333285693874,1.745050736029727,-0.9125939688437901,0.8383678719451193,24.799999999999997,9.985976847220236,21.89037873374303,2.3200457338859506,5.799259682721167,7.656255538087751,16.10272974131771,4.791304844933543,5.6692582535372305,1.3954837787623267,5.071987994854937,6.45301986565671,3.096106902958411,1.4126740031442047,0.38323853079891385,2.5568872373874516,3.4911762183793056,27.080257253108478,111.37038730884665,109.05319422609689,0.0,4.596996753246753,89.67674512987013,5.726258116883117,0.0,3.6947781385281386,1.3829951298701302,303.0,145.0,418.0,112.0,590.0,,1705.0,119.0,244.0,15.551833062770562,0.1945684523809524,0.11371455627705628,0.13748762175324677,0.2553179788961039,0.2989613771645021,0.5738398944805194,0.3830362554112554,0.4011364312770563,0.4691799918831169,0.6429266098484848,0.9255583739177491,0.031150771103896104,181.0,0.19469027326839827,0.4213478760822511,3.0,0.0,1,0,3,0.004600000000000001,0.062200000000000005,0.025666666666666667,0,0,1,0,1,2,6,0,1,1,0,0.0082,0,0.0,0,0.0,0,0.006866666666666668,0,0.0,,,1990,2004,15,0.7010386228354979
Clifford Robinson,robincl02,82,225.0,1966-12-16,UConn,1990,2004,1989-11-03T00:00:00Z,False,15,NBA,"POR, PHO, DET, GSW",PF/SF,1179,801.0,32.27650551314674,5.841391009329941,13.249363867684478,0.4408808655015684,0.9338422391857506,2.61323155216285,0.35735150925024345,4.9075487701441896,10.636132315521628,0.4614035087719298,0.476121887203124,2.909245122985581,4.201017811704834,0.6925095901473854,1.452078032230704,3.3893129770992365,4.841391009329941,2.4173027989821882,1.089058524173028,1.080576759966073,1.988125530110263,3.1297709923664123,15.525869380831212,38054.0,6887,15621,1101.0,3081.0,5786.0,12540.0,3430,4953,1712.0,3996.0,5708.0,2850,1284.0,1274.0,2344.0,3690.0,18305,0.0,15.133733641667106,0.5133350239133863,0.2063557576076102,0.313630183423556,5.020717927156146,11.9682897987071,8.480459347243391,12.524276028801179,1.7179481789036632,2.3223813528144213,11.762700373153939,23.068823251169395,34.199999999999996,50.800000000000004,84.8,0.10709181689178535,0.26025384979240024,0.5316865506911231,0.7925290376832922,26.700000000000003,9.227258632469649,20.954961370683765,1.5168523676880223,4.235160561307615,7.709378777526673,16.73212802859095,4.592749776633205,6.610040994376413,2.279586902822305,5.352131182004519,7.629129657854628,3.854803700005256,1.7179481789036632,1.701905187365323,3.160345824354864,4.948528407000578,24.560766279497553,103.8135018657697,103.28288747569243,0.0,0.21505729851587452,34.31481307533346,57.13108209656209,8.81598722524892,2.8817724967123803,-1.1772778508359947,642.0,290.0,878.0,118.0,955.0,,3895.0,221.0,396.0,13.657260943077214,0.1940924290813451,0.21448689648694344,0.16075831298140147,0.169451014465527,0.2612418279165884,0.6140124459891039,0.41108655833176777,0.36819077587826415,0.4206420721397708,0.6569151324441105,0.9692041611873004,0.0273322374600789,202.0,0.16459252301333835,0.3486700169077588,5.0,1.0,0,0,1,0.0646,0.0024,0.023066666666666666,0,2,9,0,0,0,6,0,0,1,0,0.0,0,0.0,1,0.060533333333333335,0,0.006666666666666667,0,0.0016,,,1990,2007,15,0.7387581720834115
Derrick Coleman,colemde01,82,230.0,1967-06-21,Syracuse,1991,2005,1990-11-02T00:00:00Z,False,15,NBA,"NJN, PHI, CHH, PHI, DET",PF,781,672.0,33.166453265044815,5.9103713188220235,13.23303457106274,0.4466376390904693,0.4174135723431498,1.4148527528809218,0.29502262443438915,5.492957746478873,11.818181818181818,0.4647887323943662,0.46240928882438315,4.258642765685019,5.539052496798976,0.7688395746648173,2.6619718309859155,6.597951344430218,9.259923175416134,2.541613316261204,0.7759282970550576,1.3457106274007682,2.6069142125480154,2.6402048655569783,16.496798975672217,25903.0,4616,10335,326.0,1105.0,4290.0,9230.0,3326,4326,2079.0,5153.0,7232.0,1985,606.0,1051.0,2036.0,2062.0,12884,4.0,18.009724742307842,0.5246703470640466,0.10853596108558855,0.4142039532100529,8.742883063737791,22.152607806045634,15.417766281897851,12.948504034281742,1.1909469945566151,2.745801644597151,14.235725591630313,23.81006447129676,28.4,36.10000000000001,64.2,0.1191625294367448,1.186777593328958,0.23601513338223376,1.420101918696676,22.299999999999997,9.085160020074893,20.376269158012587,0.6402501640736594,2.2063583368721766,8.452341427633867,18.182890012739836,6.542998880438558,8.513843956298498,4.095463845886576,10.193259468015288,14.27259390804154,3.8942554916418946,1.1909469945566151,2.071300621549627,4.017368644558546,4.076493070300737,25.379087364397943,104.9923560977493,103.14415318688955,0.0,0.0,0.23024316109422494,61.4,38.53199088145897,-1.328768996960486,-1.337401215805471,399.0,274.0,560.0,84.0,767.0,,1873.0,142.0,426.0,10.745478723404256,0.29416094224924016,0.21327720364741642,0.23468943768996964,0.1285739361702128,0.1295031914893617,0.6345439209726446,0.3870325227963526,0.33526474164133735,0.36720577507598784,0.6226454407294832,0.9255834346504559,0.06894080547112462,318.0,0.12263958966565348,0.2921854103343465,3.0,0.0,0,0,1,0.0012666666666666666,0.0264,0.06666666666666667,0,0,1,0,0,2,4,1,1,1,0,0.0,1,0.719,0,0.0,0,0.0026,0,0.0,,,1991,2005,15,0.8704968085106383
Kendall Gill,gillke01,77,195.0,1968-05-25,Illinois,1991,2005,1990-11-02T00:00:00Z,False,15,NBA,"CHH, SEA, CHH, NJN, MIA, MIN, CHI, MIL",SG,966,791.0,30.518633540372672,5.246376811594203,12.082815734989648,0.43420150788211104,0.32608695652173914,1.087991718426501,0.29971455756422455,4.920289855072464,10.994824016563147,0.44750965069202525,0.447695339273475,2.549689440993789,3.3819875776397517,0.7539026629935721,1.318840579710145,2.824016563146998,4.142857142857143,3.048654244306418,1.5724637681159421,0.4472049689440994,1.795031055900621,2.60351966873706,13.368530020703934,29481.0,5068,11672,315.0,1051.0,4753.0,10621.0,2463,3267,1274.0,2728.0,4002.0,2945,1519.0,432.0,1734.0,2515.0,12914,3.0,14.654825141616634,0.49004219666904103,0.09197218547539093,0.2784063634205081,4.763915742342526,10.656049659102473,7.646572368644211,15.992018588243278,2.6294800040704183,1.0014653505647706,11.682470065465894,21.774831247243988,19.700000000000003,28.200000000000003,48.00000000000001,0.07766910891760795,-0.3162714968963062,0.4367965808486822,0.11417862352023332,15.799999999999997,8.723703402191243,20.129788677453273,0.5458396933618261,1.8316203656592382,8.181432108815848,18.287503816017097,4.244360774736271,5.635002204809877,2.2031715342084732,4.739530545096843,6.931742478206302,5.067127980733353,2.6294800040704183,0.7335198941691258,2.982809266985517,4.368695091754011,22.25586988229707,102.4707777890845,106.6885790848343,3.2250908635167312,41.20459957388144,55.17997242762251,0.49097631282115556,0.0,-2.1346973304925427,0.02892593056774023,354.0,189.0,582.0,113.0,663.0,,2866.0,124.0,467.0,13.4774219827046,0.291997054768768,0.06749542549191628,0.1446200651710741,0.4016426243890212,0.09407995989472365,0.5709768768016041,0.272407319212934,0.30810822158165185,0.40170485023185865,0.6351607344278732,0.9404771901240756,0.03181100388519865,187.0,0.28092774783807495,0.25313140744454193,4.0,0.0,0,0,0,0.008,0.0010666666666666667,0.0564,0,0,3,0,0,0,3,1,1,1,0,0.0,0,0.0,0,0.0,0,0.0054666666666666665,0,0.0011333333333333334,,,1991,2005,15,0.9059378368216567
Scott Williams,willisc01,82,230.0,1968-03-21,UNC,1991,2005,1990-11-02T00:00:00Z,False,15,NBA,"CHI, PHI, MIL, DEN, PHO, DAL, CLE",C,746,266.0,16.380697050938338,2.1300268096514747,4.560321715817694,0.4670781893004115,0.006702412868632708,0.06032171581769437,0.1111111111111111,2.123324396782842,4.5,0.4718498659517426,0.4678130511463845,0.8605898123324397,1.193029490616622,0.7213483146067415,1.7171581769436997,2.982573726541555,4.6997319034852545,0.5777479892761395,0.5268096514745308,0.564343163538874,0.7305630026809652,2.5683646112600536,5.127345844504021,12220.0,1589,3402,5.0,45.0,1584.0,3357.0,642,890,1281.0,2225.0,3506.0,431,393.0,421.0,545.0,1916.0,3825,0.0,13.323600654664483,0.5057259410801964,0.01357266775777414,0.26350990180032735,11.903878887070373,21.066039279869067,16.44355973813421,5.259541734860883,1.6783142389525367,2.448256955810147,12.6409410801964,15.704050736497544,11.099999999999998,15.299999999999999,26.4,0.10359304418985267,-2.395540098199673,-0.2175286415711948,-2.602806873977087,-2.0,6.752217675941078,14.486497545008186,0.01660392798690671,0.19344517184942717,6.738076923076921,14.272585924713585,2.7438052373158754,3.8013829787234044,5.443436988543372,9.45112929623568,14.909140752864158,1.8259328968903434,1.6783142389525367,1.7998445171849426,2.3300245499181664,8.150409165302783,16.259582651391163,107.13044189852701,104.05916530278232,0.0,0.0,0.0,27.408763172490293,72.5912368275097,-0.9207016084303936,0.9980865224625622,82.0,72.0,493.0,72.0,182.0,,437.0,29.0,123.0,10.097282307265669,0.3219123682750971,0.17597448696616752,0.2771478092068774,0.2159374653355519,0.009031336661120356,0.5900994176372713,0.42999445368829725,0.43391486411536334,0.34909567387687185,0.7245592068774265,0.0365363283416528,0.058334997226844154,107.0,0.11504561841375487,0.0365363283416528,9.0,1.0,3,0,0,0.0,0.0,0.0,0,0,0,0,0,0,0,0,0,0,0,0.0,0,0.0,0,0.0,0,0.0,0,0.0,,,1991,2005,15,0.9909686633388797
Elden Campbell,campbel01,83,215.0,1968-07-23,Clemson,1991,2005,1990-11-03T00:00:00Z,False,15,NBA,"LAL, CHH, NOH, SEA, DET, NJN",PF,1044,671.0,24.689655172413794,3.8908045977011496,8.46264367816092,0.4597623089983022,0.0019157088122605363,0.035440613026819924,0.05405405405405406,3.888888888888889,8.4272030651341,0.46146851557172086,0.45987549518958687,2.5660919540229883,3.6704980842911876,0.6991127348643006,1.8007662835249043,4.057471264367816,5.85823754789272,1.1484674329501916,0.6724137931034483,1.5344827586206897,1.3093869731800767,2.8793103448275863,10.349616858237548,25776.0,4062,8835,2.0,37.0,4060.0,8798.0,2679,3832,1880.0,4236.0,6116.0,1199,702.0,1602.0,1367.0,3006.0,10805,0.0,15.906711669770328,0.512927257914339,0.004165114835505897,0.4350652157045313,8.322633457479826,18.602777777777778,13.498510242085663,7.660051986343886,1.418738361266294,4.28566495965239,11.464614369956548,20.59166278708876,25.099999999999998,37.699999999999996,62.8,0.11698199875853509,-1.1934629112352577,0.6552490689013035,-0.5513888888888889,9.6,8.203414028553693,17.84023510242086,0.0,0.06727188081936686,8.19365301055245,17.757103507138424,5.429907666045934,7.738225481067659,3.7860723153320914,8.580470204841713,12.376303538175046,2.411522346368715,1.418738361266294,3.224491775294848,2.7639315642458104,6.084252793296089,21.83668528864059,104.91379577901924,102.25069832402235,0.0,0.0,0.0,42.38277223746737,57.61722776253263,2.2523927447961984,-2.3609664681078915,274.0,229.0,908.0,207.0,1072.0,,1638.0,132.0,407.0,8.006003614215917,0.32269064988956564,0.34782691921558134,0.24717776587912454,0.07751127769225623,0.004536108694197176,0.5795114784820294,0.41090201459072345,0.38132052740780403,0.36440178033598825,0.678624723914062,0.1683956897128706,0.08442252861254265,389.0,0.260480958436517,0.0,2.0,0.0,1,0,0,0.0011333333333333334,0.0004,0.0,0,0,1,0,0,0,3,0,0,0,0,0.0,0,0.0,0,0.0,0,0.0018,0,0.0,,,1991,2005,15,0.9954638913058028
Gary Payton,paytoga01,76,180.0,1968-07-23,Oregon State,1991,2005,1990-11-03T00:00:00Z,True,15,NBA,"SEA, MIL, LAL, BOS",PG,1186,1180.0,36.51686340640809,7.0269814502529515,14.995784148397977,0.46859713241495643,0.8718381112984823,2.7124789207419897,0.32141746969225987,6.155143338954469,12.283305227655987,0.5010982976386601,0.49766657295473715,2.636593591905565,3.623102866779089,0.7277170118687456,1.129848229342327,3.0050590219224285,4.134907251264756,7.1736930860033725,1.9654300168634065,0.22934232715008432,2.4131534569983137,2.4713322091062393,17.56239460370995,43309.0,8334,17785,1034.0,3217.0,7300.0,14568.0,3127,4297,1340.0,3564.0,4904.0,8508,2331.0,272.0,2862.0,2931.0,20829,15.0,19.654369761481448,0.527400932831513,0.1719769562908402,0.24020203652820435,3.634891131173659,9.570341037659608,6.594744741277795,33.133785125493546,2.7842850215890462,0.4613798517629131,13.06802743078806,23.252164677087904,94.59999999999998,45.5,140.1,0.15525802950887804,3.165238172204392,0.5415825809877854,3.6998845505553115,62.3,9.999949202244338,21.369798425269575,1.2590108291579118,3.8911681174813553,8.770426470248678,17.479069015678036,3.770867487127387,5.16329169456695,1.600674224756979,4.293098432196541,5.881645847283474,10.200265533722781,2.7842850215890462,0.3066337250917823,3.4322450299014062,3.493255443441317,25.03712623242282,111.57466115587984,105.40631277563556,86.97736900780379,13.02263099219621,0.0,0.0,0.0,4.040252694165738,4.60751021924935,880.0,432.0,483.0,191.0,1004.0,,12029.0,269.0,589.0,11.531475287997027,0.3329496841322928,0.17934879227053138,0.12284288368636195,0.14784563359345967,0.21681322928279448,0.6538333704942401,0.3829621701969528,0.37042006688963214,0.38813169825343735,0.3384976217019695,0.7798992567818654,0.0009053511705685619,11.0,0.22727406168710518,0.340396209587514,8.0,0.0,0,0,9,0.5157333333333334,0.3636,0.0282,9,9,14,2,7,9,11,0,1,1,0,0.05493333333333334,0,0.0,0,0.0,0,0.009866666666666668,1,0.0822,,,1991,2007,15,0.7831867707172055
Dikembe Mutombo,mutomdi01,86,245.0,1966-06-25,Georgetown,1992,2006,1991-11-01T00:00:00Z,True,15,NBA,"DEN, ATL, PHI, NJN, NYK, HOU",C,1073,937.0,32.42031686859273,3.761416589002796,7.268406337371855,0.5175022438774202,0.0,0.001863932898415657,0.0,3.761416589002796,7.266542404473439,0.5176349878158266,0.5175022438774202,3.0689655172413794,4.491146318732525,0.6833367918655323,3.3215284249767008,7.525629077353215,10.847157502329916,1.1388630009319665,0.4296365330848089,2.939422180801491,1.9683131407269339,2.945945945945946,10.591798695246972,34787.0,4036,7799,0.0,2.0,4036.0,7797.0,3293,4819,3564.0,8075.0,11639.0,1222,461.0,3154.0,2112.0,3161.0,11365,10.0,17.379279615948487,0.5745892431080576,0.00032000459941932335,0.627174116767758,11.735898467818437,26.14753212406934,19.00518584528703,5.500388076005406,0.688794664673585,6.3478310863253515,17.52195647799465,15.364598844395896,45.4,63.800000000000004,109.3,0.15086946273033028,-0.017748009313824132,1.7384856411878,1.7151349642107685,32.5,6.059594101244717,11.70177365107655,0.0,0.0,6.059594101244717,11.70177365107655,4.961580475464973,7.257285767671831,5.366792192485699,12.165438238422398,17.53967861557479,1.8013712018857617,0.688794664673585,4.7463535228677385,3.1754074798056746,4.761586224739126,17.085034639376783,110.93819530284301,99.36829850231408,0.0,0.0,0.0,0.0,100.0,4.51403121319199,8.79506281900275,177.0,276.0,881.0,263.0,1007.0,6.0,1284.0,202.0,334.0,5.51626423243031,0.4549304574008638,0.4051834511189635,0.12745686101295642,0.012446309383588535,0.0,0.657106399685905,0.4267998625834315,0.304730908912446,0.1765406851197487,0.46538069297212403,0.0,0.1457604043973302,598.0,0.0,0.0,0.0,0.0,0,0,8,0.31033333333333335,0.05973333333333334,0.06666666666666667,3,6,11,0,1,3,8,1,1,1,0,0.0002,0,0.036,0,0.0,0,0.0,4,0.14306666666666665,,,1992,2009,15,1.0
Stacey Augmon,augmost01,80,205.0,1968-08-01,UNLV,1992,2006,1991-11-02T00:00:00Z,False,15,NBA,"ATL, DET, POR, CHH, NOH, ORL",SG,1001,472.0,21.636363636363637,3.033966033966034,6.473526473526474,0.46867283950617283,0.011988011988011988,0.07892107892107893,0.1518987341772152,3.021978021978022,6.394605394605395,0.472582408998594,0.4695987654320988,1.902097902097902,2.6133866133866133,0.72782874617737,1.3026973026973028,1.91008991008991,3.212787212787213,1.5594405594405594,0.973026973026973,0.3166833166833167,1.2467532467532467,1.7482517482517483,7.982017982017982,21658.0,3037,6480,12.0,79.0,3025.0,6401.0,1904,2616,1304.0,1912.0,3216.0,1561,974.0,317.0,1248.0,1750.0,7990,0.0,13.653619909502261,0.5183958814294949,0.01223100009234463,0.4024650937297997,6.817434666174163,10.146592483147105,8.466926770708282,11.324591375011542,2.3500692584726197,1.0374411302982731,14.11707452211654,18.06922615199926,19.599999999999998,24.3,43.800000000000004,0.09700965001385171,-0.8955489888262997,0.6959830085880505,-0.19347585187921318,9.800000000000002,7.270094191522762,15.542926401329764,0.02181180164373442,0.19235386462277218,7.241610490349986,15.366211099824547,4.5889047926863045,6.290904053929264,3.129000831101672,4.613851694523963,7.746652507156708,3.769175362452673,2.3500692584726197,0.7734278326715303,2.995622864530428,4.245396620186536,19.16688059839321,105.59996306214794,105.40557761566166,0.39723926380368096,43.484560327198366,54.717791411042946,1.3326175869120653,0.0,2.4929141104294477,0.12115541922290385,181.0,135.0,363.0,70.0,376.0,6.0,1499.0,56.0,160.0,9.412147239263804,0.3868540899795502,0.199209100204499,0.1793129856850716,0.2212758691206544,0.013664008179959101,0.5698991820040901,0.3622550102249489,0.36637361963190185,0.35832290388548066,0.6414005112474438,0.14478527607361963,0.06408179959100205,134.0,0.09892321063394684,0.0,7.0,0.0,0,0,0,0.0304,0.0006666666666666666,0.06413333333333333,0,0,6,0,0,0,2,1,1,1,0,0.0,0,0.0,0,0.0,0,0.0,0,0.0,,,1992,2006,15,0.986335991820041
Dale Davis,davisda01,83,230.0,1969-03-25,Clemson,1992,2006,1991-11-18T00:00:00Z,False,15,NBA,"IND, POR, GSW, IND, DET",C,1048,857.0,27.807251908396946,3.3959923664122136,6.397900763358779,0.5307979120059657,0.0,0.007633587786259542,0.0,3.3959923664122136,6.390267175572519,0.5314319844706585,0.5307979120059657,1.4360687022900764,2.5591603053435112,0.5611483967188665,3.095419847328244,4.984732824427481,8.080152671755725,0.9217557251908397,0.6498091603053435,1.1793893129770991,1.025763358778626,2.689885496183206,8.228053435114504,29142.0,3559,6705,0.0,8.0,3559.0,6697.0,1505,2682,3244.0,5224.0,8468.0,966,681.0,1236.0,1075.0,2819.0,8623,0.0,15.274486994715533,0.5458954773179604,0.0013469219682931853,0.40170187358451726,13.356578134651016,20.617435316725004,17.063808249262234,5.1760620410404234,1.2449179877839545,3.0498936243222845,11.925550751492692,14.008341912017018,45.1,40.699999999999996,85.40000000000003,0.14110932674490426,0.32096973440395316,0.17934252968224554,0.4999073502161829,18.2,6.477904742296342,12.197985725070346,0.0,0.00925125248781827,6.477904742296342,12.180258733099992,2.7387241781621032,4.872812435659873,5.913314117081875,9.502642234575527,15.40953606478622,1.7639455082012216,1.2449179877839545,2.2453537849152427,1.9445954292773318,5.1152906458033085,15.678011117974057,114.68965753894723,102.7769199094091,0.0,0.0,0.0,32.66362842484445,67.33637157515555,3.5911308809081977,0.49153476694683995,152.0,169.0,804.0,100.0,649.0,0.0,1451.0,128.0,340.0,5.816695775570353,0.5225974784412182,0.22521067569042683,0.20030307826656482,0.05047019975985154,0.0013520358039515335,0.6544271913546555,0.3207519375614016,0.38996435978604954,0.3560507586508023,0.6196579521886257,0.0,0.17698586398864752,703.0,0.009715096605174108,0.0,1.0,0.0,0,0,1,0.026933333333333333,0.0004,0.010266666666666667,0,0,8,0,0,0,1,0,0,1,0,0.0,0,0.0,0,0.0,0,0.0013333333333333333,0,0.0,,,1992,2007,15,0.9986479641960484
Robert Horry,horryro01,82,240.0,1970-08-25,Alabama,1993,2007,1992-11-06T00:00:00Z,False,15,NBA,"HOU, PHO, LAL, SAS",PF,1062,475.0,24.939736346516007,2.6195856873822976,6.143126177024482,0.42642550582464744,0.731638418079096,2.1271186440677967,0.34395750332005315,1.8879472693032016,4.016007532956685,0.47010550996483,0.4859748620478234,1.1883239171374764,1.6327683615819208,0.7277970011534025,1.515065913370998,3.3436911487758945,4.858757062146893,2.1619585687382297,1.0706214689265536,0.9566854990583804,1.2768361581920904,2.4717514124293785,7.159133709981168,26486.0,2782,6524,777.0,2259.0,2005.0,4265.0,1262,1734,1609.0,3551.0,5160.0,2296,1137.0,1016.0,1356.0,2625.0,7603,0.0,13.446700143472022,0.5215066072642149,0.35009189760628256,0.27048452012383895,7.038465604470286,14.830763422185306,11.025964660575399,12.78046137582119,2.2245337159253946,2.6866042437514164,15.697549648871103,14.672336328626447,23.4,42.0,65.5,0.11833062750132145,-0.06099826323340632,1.9719474439326439,1.877040700747565,26.1,5.458291172695009,12.777304991316166,1.5301593294570714,4.439318885448916,3.9115834780638825,8.350505927659896,2.46635581061693,3.4044589594502757,3.170894057237786,6.9722192856603495,10.142022200407762,4.496771879483501,2.2245337159253946,1.995956354300385,2.6446877595710943,5.177554179566564,14.889500113267387,107.08748017820736,101.08079740240127,0.0,0.0,7.783815435062654,88.48231643049537,3.832533083499239,7.984207752664246,2.940648787914276,459.0,155.0,868.0,94.0,385.0,22.0,3054.0,84.0,147.0,14.776946949291487,0.26631853847054693,0.10847341609087714,0.10243886871999063,0.14905193816606163,0.37350169809111133,0.6338024358824219,0.33895461997892024,0.379527110902916,0.2840023421946364,0.6434280360697974,0.9106921770699146,0.08019100597259633,270.0,0.24223568333528514,0.38817560604286216,5.0,0.0,7,0,0,0.0057333333333333325,0.0,0.03586666666666667,0,0,2,0,0,0,0,0,1,1,0,0.0,0,0.0,0,0.0005333333333333334,0,0.0,0,0.0,,,1993,2008,15,0.6264983019088887
Shaquille O'Neal,onealsh01,85,325.0,1972-03-06,LSU,1993,2007,1992-11-06T00:00:00Z,True,15,NBA,"ORL, LAL, MIA",C,981,972.0,36.62181447502548,10.286442405708462,17.730886850152906,0.5801425779004254,0.0010193679918450561,0.020387359836901122,0.05,10.285423037716615,17.710499490316003,0.5807528490848394,0.580171323444866,5.373088685015291,10.232415902140673,0.5251046025104602,3.7869520897043834,7.81243628950051,11.599388379204893,2.7533129459734966,0.6391437308868502,2.4791029561671762,2.854230377166157,3.441386340468909,25.946992864424058,35926.0,10091,17394,1.0,20.0,10090.0,17374.0,5271,10038,3715.0,7664.0,11379.0,2701,627.0,2432.0,2800.0,3376.0,25454,2.0,27.626404275455105,0.5835355452875354,0.0011135389411568225,0.5816066636976006,11.96041028781384,23.684440238267545,17.94415465122752,14.749763402549686,0.9056031843233312,4.743848466291822,11.483229416021823,30.442267438623837,107.30000000000001,58.300000000000004,165.20000000000002,0.22079833546734956,5.1864165228525305,0.7735567555530813,5.950759895340423,71.89999999999998,14.508336580749319,25.015929967154705,0.0,0.018955631019317486,14.508336580749319,24.988426209430493,7.5833630239937655,14.442593108055448,5.352975560875132,11.027720870678616,16.356407615654398,3.8985664978010353,0.9056031843233312,3.4888660023381397,4.027706953181539,4.868031509213384,36.609244001558764,113.20272226242832,100.57348438456827,0.0,0.0,0.0,0.0,100.0,8.80743881754301,10.178184314675713,625.0,363.0,1347.0,370.0,2990.0,11.0,4559.0,941.0,441.0,4.435275825862209,0.49852499798077704,0.4228805831516032,0.07541951377110089,0.0023781600839996773,0.0007260318229545271,0.7519940634843713,0.43173572409336886,0.2845046038284468,0.1582440432921412,0.6219418867619739,0.0,0.19982497375010094,2228.0,0.0,0.0,4.0,0.0,4,3,14,0.12020000000000002,0.6318666666666667,0.06666666666666667,0,3,12,8,10,13,15,1,1,1,1,0.292,1,0.98,0,0.0,0,0.0016666666666666668,0,0.016533333333333334,,,1993,2011,15,0.9992739681770454
Alonzo Mourning,mournal01,82,240.0,1970-02-08,Georgetown,1993,2008,1992-11-13T00:00:00Z,True,15,NBA,"CHH, MIA, NJN, MIA",C,838,686.0,30.9964200477327,6.105011933174224,11.5763723150358,0.5273683125450984,0.026252983293556086,0.10620525059665871,0.24719101123595505,6.078758949880668,11.47016706443914,0.5299625468164794,0.5285022162663643,4.841288782816229,6.995226730310263,0.6920846127601501,2.6062052505966586,5.9105011933174225,8.516706443914082,1.1288782816229117,0.49403341288782815,2.81145584725537,2.636038186157518,3.3532219570405726,17.077565632458235,25975.0,5116,9701,22.0,89.0,5094.0,9612.0,4057,5862,2184.0,4953.0,7137.0,946,414.0,2356.0,2209.0,2810.0,14311,0.0,21.232331087584217,0.5824251395572666,0.008779326275264678,0.6107792107795958,10.074090471607315,21.408958614051972,15.942240615976903,6.715834456207892,0.850306063522618,6.562179018286814,15.303360923965354,25.587761308950913,41.6,48.1,89.7,0.16579530317613086,0.7844504331087584,1.398313763233879,2.1758652550529356,27.2,10.401447545717037,19.711110683349375,0.043210779595765164,0.1868103946102021,10.358236766121273,19.519287776708374,8.227926852743021,11.894937439846005,4.443434071222329,10.063337824831569,14.51126467757459,1.9243079884504333,0.850306063522618,4.779210779595766,4.49553031761309,5.718263715110683,29.053154956689127,108.15676612127045,99.41312800769971,0.0,0.0,0.0,9.936691930450289,90.0633080695497,6.3729507674670405,7.636685561429209,247.0,299.0,719.0,363.0,1350.0,19.0,1225.0,271.0,408.0,7.087535825743584,0.3948393732883256,0.31201745111776313,0.17551417107190626,0.11441328577797592,0.003191898605184383,0.7165501560410164,0.45617845997070255,0.3459475192662888,0.40458053627157503,0.6568206483663461,0.3041207566397045,0.17346442901726006,900.0,0.06846920578307114,0.1563594675498376,0.0,0.0,1,0,7,0.14813333333333334,0.11633333333333334,0.06666666666666667,2,2,10,1,2,2,8,1,1,1,0,0.06446666666666666,0,0.02,0,0.0029333333333333334,0,0.0,2,0.08893333333333332,,,1993,2008,15,0.9968081013948155
Doug Christie,chrisdo01,78,200.0,1970-05-09,Pepperdine,1993,2007,1993-03-12T00:00:00Z,False,15,NBA,"LAL, NYK, TOR, SAC, ORL, DAL, LAC",SG,827,708.0,31.53446191051995,3.9153567110036276,9.194679564691656,0.42582851130983695,0.973397823458283,2.747279322853688,0.3543133802816901,2.9419588875453444,6.447400241837968,0.45630157539384847,0.4787611783271962,2.4425634824667473,2.9746070133010885,0.8211382113821138,0.9637243047158404,3.1257557436517533,4.0894800483675935,3.617896009673519,1.8802902055622732,0.4740024183796856,2.0810157194679566,2.4800483675937124,11.246674727932286,26079.0,3238,7604,805.0,2272.0,2433.0,5332.0,2020,2460,797.0,2585.0,3382.0,2992,1555.0,392.0,1721.0,2051.0,9301,0.0,14.63052264273937,0.5373231335557345,0.2979171363932666,0.3208229993481345,3.4018060508455084,11.110502703324514,7.236815061927221,17.651635415468384,3.0832355535104874,1.035285095287396,16.651727443536945,17.629372291882355,26.399999999999995,29.1,55.699999999999996,0.10252544192645426,-0.1915871007323901,1.3274320334368648,1.1387821618927105,20.599999999999998,6.417688561677978,15.057245293147743,1.6013267379884197,4.487096897887189,4.825346063882818,10.564339123432648,3.997871850914529,4.865658192415354,1.5614517427815486,5.112094022010047,6.671958280608919,5.913014302695656,3.0832355535104874,0.7802024617508341,3.3973963725602974,4.073008934391656,18.39467004102918,105.88070861612792,103.9703209478891,5.557987628152442,83.62750356880218,10.58212570835316,0.0,0.0,2.3680408357485834,2.819967988925899,756.0,305.0,604.0,143.0,682.0,3.0,5824.0,124.0,449.0,14.460496604230652,0.2900488817753169,0.08202474369511614,0.08811701345330278,0.23427455984773107,0.30536933858199594,0.6003117619068219,0.29613583077388933,0.30996076480512175,0.38615668123026337,0.5590466323484882,0.9009153869446728,0.06352009343772981,382.0,0.33043383657048925,0.3585257602630099,15.0,0.0,0,0,0,0.13213333333333332,0.0,0.0012666666666666666,1,4,7,0,0,0,0,0,0,1,0,0.0,0,0.0,0,0.0,0,0.009866666666666666,0,0.014533333333333332,,,1993,2007,15,0.6946306614180041
P.J. Brown,brownpj01,83,225.0,1969-10-14,Louisiana Tech,1994,2008,1993-11-05T00:00:00Z,False,15,NBA,"NJN, MIA, CHH, NOH, NOK, CHI, BOS",PF,1089,990.0,31.058769513314967,3.5371900826446283,7.681359044995409,0.46049013747758516,0.0073461891643709825,0.05417814508723599,0.13559322033898305,3.529843893480257,7.627180899908173,0.46279797736575967,0.4609683203825463,1.9816345270890725,2.4958677685950414,0.7939661515820456,2.756657483930211,4.965105601469237,7.7217630853994494,1.5252525252525253,0.837465564738292,1.024793388429752,1.2323232323232323,2.955004591368228,9.0633608815427,33823.0,3852,8365,8.0,59.0,3844.0,8306.0,2158,2718,3002.0,5407.0,8409.0,1661,912.0,1116.0,1342.0,3218.0,9870,0.0,14.130751263932828,0.5165966058599177,0.007289980190994293,0.32909700499659994,10.223291842828846,18.39148508411436,14.298903113266121,8.093087543978948,1.4310232681902848,2.4165833900008873,12.33311947491352,14.753209354581202,41.400000000000006,48.49999999999999,89.7,0.1275505425302309,-0.7195399580167342,0.7650090175324484,0.03954705377997222,17.400000000000002,6.117638884782545,13.256801584720455,0.015989119829701682,0.09626289802796913,6.1016497649528425,13.161573485498035,3.4312657067675842,4.306711409395972,4.743792685450729,8.568521420335276,13.330201342281878,2.6202495343405374,1.4310232681902848,1.755630783786181,2.130538391035686,5.089654968512551,15.643248676935816,110.10761907577684,102.00836708748484,0.0,0.0,0.49034573965614964,63.90791611562441,35.61107122614774,3.1746004156433028,3.7179709049688263,370.0,259.0,1164.0,216.0,893.0,20.0,2823.0,154.0,483.0,9.659969771396183,0.3244855091630455,0.1557392405063291,0.2644143963725676,0.25306578499905535,0.002185868127715851,0.5785522010202153,0.34220408086151516,0.4272433780464765,0.4480807103721897,0.7519522388059702,0.0,0.06768698280748157,410.0,0.07552427734744002,0.0,2.0,0.0,1,0,0,0.11026666666666665,0.0,0.0051333333333333335,0,3,10,0,0,0,0,0,0,1,0,6.666666666666667e-05,0,0.0,0,0.0,0,0.0,0,0.00013333333333333334,,,1994,2008,15,0.9978141318722842
Sam Cassell,cassesa01,75,185.0,1969-11-18,Florida State,1994,2008,1993-11-05T00:00:00Z,False,15,NBA,"HOU, DAL, PHO, NJN, MIL, MIN, LAC, BOS",PG,993,690.0,30.022155085599195,5.738167170191339,12.646525679758309,0.4537346711259755,0.676737160120846,2.0433031218529707,0.3311976343026121,5.061430010070493,10.603222557905337,0.47734827618957165,0.48049052396878483,3.59214501510574,4.173212487411883,0.8607625482625483,0.622356495468278,2.62134944612286,3.243705941591138,5.98086606243706,1.0654582074521652,0.16414904330312186,2.4350453172205437,2.7633434038267874,15.745216515609265,29812.0,5698,12558,672.0,2029.0,5026.0,10529.0,3567,4144,618.0,2603.0,3221.0,5939,1058.0,163.0,2418.0,2744.0,15635,3.0,19.483154434455923,0.5434111767073662,0.164606836173353,0.332404836978398,2.4114752448678383,9.893505970750034,6.23411042533208,34.4456695290487,1.8459412317187707,0.40241513484502883,14.45304910774185,25.660730578290625,65.9,21.500000000000004,87.79999999999998,0.14086015698376492,2.432362806923387,-0.6174862471487992,1.8383134308332216,28.899999999999995,10.04136253857507,22.14005769488796,1.1968100093921912,3.5575271702670066,8.861485307929694,18.576462498322822,6.288014893331544,7.295273715282437,1.0803837380920436,4.583785052998792,5.6834127197101845,10.471991144505568,1.8452737152824366,0.2787803569032604,4.25492754595465,4.820558835368308,27.56712397692204,110.23453642828392,107.75261639608212,92.26000955185863,7.739990448141367,0.0,0.0,0.0,2.3325121388203454,3.2646024038844224,1012.0,489.0,646.0,252.0,1110.0,57.0,11026.0,184.0,426.0,14.73909894133567,0.13473652789938706,0.0930107060415506,0.30750310435405553,0.3246695454907268,0.1396960518984319,0.5931781819629071,0.4291404919207196,0.4627367268964419,0.4566305818673883,0.30307259412560694,0.7309741701822814,0.0002756507203693385,3.0,0.16393898750298494,0.40056495263870107,28.0,0.0,3,0,1,0.0011333333333333334,0.03573333333333333,0.010266666666666667,0,0,1,0,1,1,6,0,0,1,0,0.0002,0,0.0,0,0.006466666666666667,0,0.0,0,0.0,,,1994,2008,15,0.8603039481015681
Lindsey Hunter,hunteli01,74,170.0,1970-12-03,"Alcorn State, Jackson State University",1994,2008,1993-11-05T00:00:00Z,False,15,NBA,"DET, MIL, LAL, TOR, DET",PG,896,438.0,25.518973214285715,3.279017857142857,8.427455357142858,0.38908753807442725,1.1808035714285714,3.2622767857142856,0.36195689360246325,2.0982142857142856,5.165178571428571,0.4062229904926534,0.45914448417428155,1.0446428571428572,1.3995535714285714,0.7464114832535885,0.48549107142857145,1.7410714285714286,2.2265625,2.7455357142857144,1.2265625,0.18303571428571427,1.2678571428571428,2.0279017857142856,8.783482142857142,22865.0,2938,7551,1058.0,2923.0,1880.0,4628.0,936,1254,435.0,1560.0,1995.0,2460,1099.0,164.0,1136.0,1817.0,7870,0.0,12.174165755521539,0.4858252788104089,0.3879907281871857,0.16570938115022962,2.252000874699322,7.970824404111086,5.137270938115023,17.38168816969167,2.5721495735840803,0.5385654931117428,12.244675267876667,18.65696041985567,10.399999999999999,22.6,33.099999999999994,0.06970124644653401,-0.8751847802317952,0.5902820905313798,-0.3021386398425541,9.700000000000001,6.869092499453313,17.65733216706757,2.4687032582549744,6.846332823092063,4.390500765361907,10.819470806910127,2.1891537284058606,2.936619287120052,1.0134178876011368,3.6487601137109116,4.679593264815219,5.7259173409140605,2.5721495735840803,0.3933741526350318,2.642593483490051,4.257861360157445,18.403441941832494,101.30072162694074,105.55429696041986,93.44767474873659,6.4122991312248026,0.14002612003861223,0.0,0.0,2.4730622906138207,-2.4691556413605125,435.0,191.0,496.0,61.0,313.0,17.0,3750.0,66.0,207.0,17.165072965760036,0.17987967747430586,0.058156833797058674,0.12295735619783088,0.23784572142410998,0.401059792175345,0.4993824882175913,0.2950080063596616,0.350356538527057,0.41052058372608025,0.41768843336551026,0.8923046959286809,0.006957696893986713,36.0,0.25023791948214175,0.39675867355630007,4.0,0.0,2,0,0,0.0,0.0,0.0192,0,0,0,0,0,0,0,0,1,1,0,0.0,0,0.0,0,0.0,0,0.0028666666666666662,0,0.0,,,1994,2010,15,0.5989402078246551
Chris Webber,webbech01,82,245.0,1973-03-01,Michigan,1994,2008,1993-11-09T00:00:00Z,True,15,NBA,"GSW, WSB, WAS, SAC, PHI, DET, GSW",PF,831,827.0,37.120336943441636,8.654632972322503,18.07942238267148,0.4787007454739084,0.3176895306859206,1.062575210589651,0.29898074745186864,8.336943441636583,17.016847172081828,0.4899229191712043,0.4874866879659212,3.049338146811071,4.700361010830325,0.6487455197132617,2.732851985559567,7.043321299638989,9.776173285198556,4.243080625752106,1.44043321299639,1.444043321299639,2.783393501805054,3.2490974729241877,20.676293622141998,30847.0,7192,15024,264.0,883.0,6928.0,14141.0,2534,3906,2271.0,5853.0,8124.0,3526,1197.0,1200.0,2313.0,2700.0,17182,21.0,20.93829221642299,0.5135620643822737,0.060581871818977534,0.2608391739877459,8.242059195383668,20.945644633189616,14.632956203196418,20.210548837812432,1.9634616008039683,2.6525853405517554,12.280866859013841,27.14265892955555,36.900000000000006,47.900000000000006,84.50000000000001,0.13187817291794987,2.2946477777417575,1.1307744675333096,3.4413168217330687,42.099999999999994,11.83329659286154,24.748218627419195,0.43829870003565996,1.4743248938308426,11.40707037961552,23.265584983953058,4.156339352287094,6.4206340973190255,3.7376244043180855,9.63758550264207,13.37126787045742,5.813868447498947,1.9634616008039683,1.9524718773300485,3.8062891042889095,4.4477809835640425,28.283661296074172,103.89843420754045,101.02723117320971,0.0,0.0,0.0,73.38349363946634,26.616506360533663,2.849387216878685,0.9640823766677006,948.0,425.0,1068.0,285.0,1430.0,10.0,6448.0,347.0,475.0,10.620272261867823,0.28816677008997826,0.22074065311821287,0.1484590055848588,0.28656046385355266,0.05606647533354018,0.6639623409866584,0.4194221222463544,0.3447479832454235,0.4203574309649394,0.6192796695625193,0.8822182748991624,0.08769965870307167,1012.0,0.02976927551970214,0.3651809649394974,8.0,0.0,0,0,5,0.011399999999999999,0.19773333333333334,0.06666666666666667,0,0,5,1,4,5,9,1,1,1,0,0.03913333333333334,1,0.525,0,0.0,0,0.0,0,0.0,,,1994,2008,15,0.9439335246664599
Bo Outlaw,outlabo01,80,210.0,1971-04-13,"South Plains College, Houston",1994,2008,1994-02-15T00:00:00Z,False,15,NBA,"LAC, ORL, PHO, MEM, PHO, ORL",PF,914,352.0,22.691466083150985,2.1936542669584247,3.8665207877461705,0.5673457838143746,0.0032822757111597373,0.04157549234135667,0.07894736842105263,2.1903719912472646,3.824945295404814,0.5726544622425629,0.5677702320316921,1.0470459518599562,2.009846827133479,0.5209580838323353,1.8435448577680524,3.010940919037199,4.854485776805252,1.5765864332603938,0.9354485776805251,1.3052516411378556,1.1553610503282277,2.3676148796498904,5.437636761487965,20740.0,2005,3534,3.0,38.0,2002.0,3496.0,957,1837,1685.0,2752.0,4437.0,1441,855.0,1193.0,1056.0,2164.0,4970,2.0,14.168351012536164,0.5743225168756025,0.010133076181292187,0.5149719382835102,9.119199614271938,15.386600771456125,12.206470588235293,10.519541947926712,2.1502892960462874,4.220713596914176,19.823259402121504,11.549758919961427,21.599999999999998,29.399999999999995,50.900000000000006,0.11752719382835104,-0.6294358727097397,2.4601060752169723,1.8377531340405011,20.2,5.0366682738669235,8.886330761812921,0.0,0.11020250723240116,5.0366682738669235,8.792193828351012,2.4098023143683704,4.618495660559305,4.246176470588236,6.896567020250723,11.142237222757958,3.624932497589199,2.1502892960462874,2.9914995178399226,2.6726133076181293,5.44539537126326,12.498264223722275,110.02237222757955,101.8516393442623,0.0,0.012420918219281443,32.43798247141448,54.04115154681061,13.324627082245051,2.9690115502931107,7.168100296012538,427.0,190.0,771.0,111.0,558.0,14.0,2814.0,150.0,273.0,4.408061988507749,0.6833472052934007,0.21043612513784898,0.05535440246096698,0.04087114748389344,0.00923576527947066,0.6865365372337338,0.3757870450983806,0.23929636078704508,0.2817722444715306,0.6468551279818909,0.11190434732137675,0.13751831214812235,374.0,0.05223750652968832,0.0,4.0,0.0,0,0,0,0.03793333333333334,0.0003333333333333333,0.0,0,0,5,0,0,0,1,0,0,0,0,0.0,0,0.0,0,0.0006,0,0.0011333333333333334,0,0.0034000000000000002,,,1994,2008,15,0.9907642347205293
Grant Hill,hillgr01,80,225.0,1972-10-05,Duke,1995,2010,1994-11-04T00:00:00Z,True,15,NBA,"DET, ORL, PHO",SF,868,846.0,35.19815668202765,6.574884792626728,13.539170506912443,0.4856194690265487,0.18087557603686635,0.597926267281106,0.302504816955684,6.394009216589862,12.941244239631336,0.49407994302501557,0.4922991831177672,4.513824884792626,5.88479262672811,0.7670321064996085,1.2258064516129032,5.238479262672811,6.464285714285714,4.514976958525345,1.304147465437788,0.5817972350230415,2.574884792626728,2.380184331797235,17.84447004608295,30552.0,5707,11752,157.0,519.0,5550.0,11233.0,3918,5108,1064.0,4547.0,5611.0,3919,1132.0,505.0,2235.0,2066.0,15489,29.0,19.870623854412152,0.5545555446451951,0.047342727153705154,0.4301869272060748,4.1832416863053155,17.266103692065986,10.848111416601204,23.21330845771144,1.96167517674784,1.2311763550667714,13.654860565593088,24.39892642052893,58.4,36.199999999999996,94.0,0.14782063367373657,2.6897420790782927,0.8577376276512175,3.5374770882429956,42.50000000000001,9.850438596491227,20.2640350877193,0.26389434406912804,0.8663262634197434,9.570568211573711,19.383405341712493,6.7803515318146115,8.855665750196387,1.8310978004713274,7.883696648337262,9.71479444880859,6.82483307148468,1.96167517674784,0.8739591516103691,3.8634459282534697,3.5448841319717204,26.716120057606705,110.62644016758314,105.21520686043466,0.0,10.169984561631592,81.28345656943203,8.349963435443243,0.0,3.2327943446818885,2.6246648248964006,811.0,458.0,755.0,232.0,1694.0,136.0,6898.0,415.0,519.0,10.793601202567645,0.3365201511335013,0.11605228731616155,0.23228890062566024,0.2617671244007475,0.05326257414479564,0.6508257902006988,0.4033037295847892,0.40989449094011543,0.43146237913382623,0.42871853416754696,0.8612392134557569,0.04177585926708377,373.0,0.33618042577394974,0.20297342975542376,9.0,1.0,0,0,7,0.05046666666666666,0.18933333333333333,0.0654,0,0,6,1,5,5,7,1,1,1,0,0.03526666666666667,1,0.41,0,0.0,0,0.0018666666666666666,0,0.00013333333333333334,,,1995,2013,15,0.9467374258552043
Donyell Marshall,marshdo01,81,218.0,1973-05-18,UConn,1995,2009,1994-11-04T00:00:00Z,False,15,NBA,"MIN, GSW, UTA, CHI, TOR, CLE, SEA, PHI",PF,957,422.0,26.151515151515152,4.280041797283177,9.832810867293626,0.4352816153028693,0.9425287356321839,2.6938349007314524,0.34988363072148954,3.3375130616509927,7.138975966562174,0.46750585480093676,0.48320935175345375,1.6948798328108674,2.3187042842215257,0.7309598918431726,1.9832810867293627,4.679205851619645,6.662486938349008,1.3636363636363635,0.8254963427377221,0.8861024033437827,1.3500522466039708,2.270637408568443,11.197492163009404,25027.0,4096,9410,902.0,2578.0,3194.0,6832.0,1622,2219,1898.0,4478.0,6376.0,1305,790.0,848.0,1292.0,2173.0,10716,0.0,16.7532984376873,0.5178862428577137,0.282805250329644,0.23427118711791264,8.520749590442321,20.627358452870897,14.487721261038079,9.18144803612099,1.6569544891517163,2.503464258600711,10.974008071283015,20.942006632836534,27.400000000000002,31.8,58.89999999999999,0.11307627762017022,1.1573300835098095,0.012822152075758158,1.143285251927918,19.799999999999997,8.590346425860071,19.725728213529386,1.9010069125344629,5.421524753266472,6.702569225236744,14.318983497822355,3.408011347744436,4.647704479162504,3.980333240100691,9.41311383705598,13.387149878131618,2.747664522315899,1.6569544891517163,1.7852039797019217,2.7040036760298873,4.554253406321172,22.488512406600872,105.37359651576297,103.2306309186079,0.0,0.4036442949970464,38.30285818148771,59.029581496796474,2.546871449993184,-2.7778888535465986,0.1617530785659108,457.0,324.0,1067.0,160.0,770.0,11.0,2513.0,172.0,527.0,12.102122052074339,0.34531962557368107,0.14929490616621988,0.07270722951788068,0.15012364247739354,0.28266819648293723,0.6355053846503385,0.3412609624210478,0.2594065070204935,0.3240336256645613,0.6706779206616076,0.9776963238969417,0.07376030353978279,567.0,0.39263098105148364,0.35572054346344345,6.0,0.0,0,0,0,0.0,0.0,0.0,0,0,0,0,0,0,0,0,1,1,0,0.0,0,0.0,0,0.0018,0,0.014333333333333333,0,0.0,,,1995,2009,15,0.7173318035170628
Jason Kidd,kiddja01,76,205.0,1973-03-23,California,1995,2009,1994-11-05T00:00:00Z,True,15,NBA,"DAL, PHO, NJN, DAL",PG,1107,1094.0,37.17705510388437,4.940379403794038,12.292682926829269,0.4018959435626102,1.3423667570009032,3.92773261065944,0.3417663293468261,3.598012646793135,8.364950316169828,0.4301295896328294,0.4564961787184009,2.6142728093947607,3.3441734417344176,0.7817396002160995,1.4634146341463414,5.228545618789521,6.691960252935862,9.213188798554652,1.985546522131888,0.3170731707317073,3.127371273712737,1.899728997289973,13.83739837398374,41155.0,5469,13608,1486.0,4348.0,3983.0,9260.0,2894,3702,1620.0,5788.0,7408.0,10199,2198.0,351.0,3462.0,2103.0,15318,103.0,18.57273478313692,0.5044037419511602,0.32693031223423646,0.26826803547564093,4.4077098772931596,16.27536143846434,10.29965253310655,40.1847843518406,2.795174340906329,0.6323022718989187,18.693439436277487,20.46086745231442,52.7,62.099999999999994,115.0,0.13403547564086987,2.542092090875957,1.4024201190620824,3.962471145668813,61.7,6.947561657149799,17.285440408212853,1.899132547685579,5.537283440651197,5.059929534685943,11.741183331308468,3.662957113351962,4.698379297776697,2.0471777426801117,7.373184303243835,9.421018102296197,12.962599927104845,2.795174340906329,0.4327323532985057,4.3840432511238,2.671021747053821,19.451524723605882,106.609257684364,101.76318794800146,87.70374862494006,11.977858009195273,0.4071869799452797,0.0,0.0,4.339243505486136,7.578312131554453,2083.0,493.0,767.0,120.0,948.0,52.0,19179.0,198.0,401.0,15.759820043437792,0.22786291710151468,0.0668191972470595,0.1160491354751361,0.25849510619693683,0.33074811722562275,0.548317377936987,0.3268451188897977,0.3427676642315178,0.3938631991650918,0.38294079485516036,0.8489255352156375,0.0045764815389388765,42.0,0.17105483315939415,0.3375100555665247,45.0,2.0,0,0,9,0.29693333333333327,0.3247333333333334,0.06666666666666667,4,9,14,5,6,6,14,1,1,1,0,0.06226666666666667,1,0.41,0,0.0,0,0.0,0,0.0010666666666666667,,,1995,2013,15,0.6692518827743774
Juwan Howard,howarju01,81,240.0,1973-02-07,Michigan,1995,2009,1994-11-19T00:00:00Z,False,15,NBA,"WSB, WAS, DAL, DEN, ORL, HOU, DAL, CHA, DEN",PF,1043,871.0,32.77948226270374,6.01150527325024,12.824544582933845,0.46875,0.005752636625119847,0.04697986577181208,0.12244897959183673,6.00575263662512,12.777564717162033,0.4700232610489983,0.4689742822966507,2.8513902205177373,3.7372962607861937,0.7629553617239611,2.095877277085331,4.534995206136146,6.630872483221476,2.4573346116970276,0.7449664429530202,0.28475551294343243,2.2511984659635664,3.081495685522531,14.880153403643337,34189.0,6270,13376,6.0,49.0,6264.0,13327.0,2974,3898,2186.0,4730.0,6916.0,2563,777.0,297.0,2348.0,3214.0,15520,0.0,14.961247769750505,0.513072420954108,0.0035981748515604432,0.28963175290298054,7.3432858521746756,16.10051478545731,11.696805990230775,13.206677586358186,1.197016584281494,0.637936178302963,13.446746029424668,23.027523472461905,27.0,28.89999999999999,56.20000000000001,0.07864661148322559,-0.4754072947439235,-0.922910877767703,-1.4032203340255636,5.099999999999999,9.60725379508029,20.47927988534324,0.009634677820351576,0.06980022814355495,9.589634092836878,20.416347363186993,4.548071016993771,5.962862324139342,3.3483020854660857,7.24353739506859,10.609699026002515,3.9146947848723266,1.197016584281494,0.45433619000263237,3.595390330223171,4.933036941706398,23.750814589487845,102.50320278452133,106.77326040539354,0.0,0.23287911164045258,16.33152345255193,70.92296913861351,12.029740428065997,-3.0388937541598064,-3.3293691105895546,719.0,421.0,1022.0,404.0,1336.0,38.0,4528.0,289.0,787.0,9.510593057063788,0.23680628437313905,0.26908095421585454,0.3041527656146005,0.1874056818579886,0.002612813955932322,0.590614635513364,0.4107766140049742,0.42647283427330357,0.4440581847479595,0.6505947385014188,0.04781588257960556,0.03918919676323256,390.0,0.05690937751777771,0.0,5.0,0.0,0,0,1,0.0,0.008133333333333333,0.04873333333333333,0,0,0,0,0,1,2,0,1,1,0,0.0,0,0.01,0,0.0,0,0.0006,0,0.0,,,1995,2013,15,0.9973871860440677
Michael Finley,finlemi01,79,215.0,1973-03-06,Wisconsin,1996,2010,1995-11-03T00:00:00Z,False,15,NBA,"PHO, DAL, SAS, BOS",SF,1103,875.0,34.44786944696283,6.070716228467815,13.685403445149593,0.4435905929115601,1.3182230281051677,3.5176790571169536,0.3747422680412371,4.752493200362648,10.167724388032639,0.4674097191261703,0.49175223583968203,2.230281051677244,2.7488667271078877,0.8113456464379947,1.016319129646419,3.3390752493200364,4.355394378966455,2.941976427923844,0.9029918404351768,0.2928377153218495,1.4768812330009067,1.642792384406165,15.689936536718042,37996.0,6696,15095,1454.0,3880.0,5242.0,11215.0,2460,3032,1121.0,3683.0,4804.0,3245,996.0,323.0,1629.0,1812.0,17306,6.0,15.965098957785031,0.5275655858511422,0.2681839404147805,0.19883164017264976,3.3314480471628594,10.892425518475626,7.163235603747764,14.521483840404251,1.3844694178334565,0.6037003895146857,8.887730287398671,21.652271291714914,56.699999999999996,28.4,85.30000000000001,0.1078284029897884,1.62879513633014,-0.6420912727655543,1.0026239604168858,28.700000000000003,9.227297610274764,20.809953679334665,2.008766712285504,5.375244762606591,7.21809400989578,15.437985577429203,3.3898752500263183,4.178145067901884,1.5409358879882094,5.091275397410254,6.640835877460784,4.463109274660491,1.3844694178334565,0.45455837456574383,2.226215917464996,2.502287082850827,23.856213811980204,108.33537740814823,107.67593957258659,0.4170308187672493,30.28047378104876,60.086677782888685,8.982060717571297,0.2987580496780129,2.1699143284268634,1.4095072447102117,851.0,342.0,799.0,117.0,1019.0,20.0,6723.0,176.0,485.0,15.667177437902483,0.15484323252069915,0.10858653403863845,0.16300825091996318,0.2983193997240111,0.27531120630174793,0.6549940777368906,0.40847872585096595,0.400164414673413,0.4151896561637535,0.5412889546918124,0.9225964523919044,0.03723979415823367,523.0,0.3026452104415824,0.4085877702391905,39.0,1.0,1,0,2,0.0114,0.015000000000000001,0.048799999999999996,0,0,3,0,0,0,7,1,1,1,0,0.0002,0,0.018,0,0.0010666666666666667,0,0.0034666666666666665,0,0.0,,,1996,2010,15,0.7246887936982521
Kevin Garnett,garneke01,83,240.0,1976-05-19,,1996,2010,1995-11-03T00:00:00Z,True,15,NBA,"MIN, BOS",PF,1124,1087.0,37.095195729537366,7.92170818505338,15.93950177935943,0.49698593436034827,0.148576512455516,0.5258007117437722,0.2825719120135364,7.773131672597865,15.413701067615659,0.5043001443001442,0.5016465728957357,3.8185053380782916,4.866548042704626,0.7846435100548446,2.5462633451957295,8.297153024911031,10.84341637010676,4.198398576512456,1.346085409252669,1.592526690391459,2.416370106761566,2.505338078291815,19.810498220640568,41695.0,8904,17916,167.0,591.0,8737.0,17325.0,4292,5470,2862.0,9326.0,12188.0,4719,1513.0,1790.0,2716.0,2816.0,22267,16.0,23.587976975656552,0.5477719630651157,0.032394171963065106,0.30392250869408804,8.115980333373308,25.568463844585683,17.02802973977695,20.282686173402087,1.9153927329415998,3.1877419354838707,11.774073629931646,25.319676220170283,92.1,73.69999999999999,165.8,0.19079697805492266,4.147859455570213,2.0601678858376307,6.217076388056121,86.60000000000001,11.272788104089217,22.702909221729225,0.20265499460366954,0.7359563496822161,11.073641923492026,21.939956829356042,5.433759443578367,6.935651756805372,3.6331046888116076,11.843379302074592,15.446408442259264,5.965636167406164,1.9153927329415998,2.259460366950474,3.4374361434224725,3.558584962225687,28.209756565535436,110.93476436023504,99.47475716512771,0.0,0.0,10.258438657936145,71.34142936906755,18.52329830973047,5.150403532815592,11.82238718846759,996.0,567.0,1110.0,395.0,2155.0,46.0,9970.0,469.0,570.0,11.223019136084462,0.23184594690624843,0.20550951728338662,0.23262339475153543,0.29776696614385056,0.03206794071366935,0.6843910715192122,0.4497487183391706,0.4498782295314959,0.4491558550327394,0.6687502411045124,0.7607758489416782,0.07475552002436425,1207.0,0.06785249479721843,0.1959769301050708,24.0,0.0,1,0,13,0.41386666666666666,0.4424,0.041666666666666664,8,10,14,4,7,9,14,0,1,1,1,0.18346666666666664,0,0.009,0,0.0,0,0.0026666666666666666,1,0.09580000000000001,,,1996,2016,15,0.9679320592863307
Antonio McDyess,mcdyean01,81,220.0,1974-09-07,Alabama,1996,2011,1995-11-03T00:00:00Z,False,15,NBA,"DEN, PHO, DEN, NYK, PHO, DET, SAS",PF,1015,645.0,27.6384236453202,4.9714285714285715,10.010837438423644,0.4966046648951875,0.006896551724137931,0.059113300492610835,0.11666666666666667,4.964532019704434,9.951724137931034,0.4988614988614989,0.49694911918118295,2.0965517241379312,3.1310344827586207,0.6696035242290749,2.4413793103448276,5.083743842364532,7.52512315270936,1.2807881773399015,0.7704433497536946,1.0857142857142856,1.5990147783251232,3.031527093596059,12.046305418719212,28053.0,5046,10161,7.0,60.0,5039.0,10101.0,2128,3178,2478.0,5160.0,7638.0,1300,782.0,1102.0,1623.0,3077.0,12227,0.0,17.195223327273375,0.527473995651089,0.005262360531850426,0.29813977114747087,10.195209068548818,21.249916229993225,15.702363383595337,8.135133497308665,1.488079706270274,2.8169571881795177,12.254368516736177,21.364674009909812,31.6,38.4,69.80000000000001,0.11954774890386058,-0.3109257476918689,0.19567604177806297,-0.135661070117278,13.0,9.500905429009373,19.140501907104404,0.009143407122232916,0.09788257940327237,9.47571382739814,19.035714540334364,4.004142159483834,5.965301393790326,4.687031690015329,9.762164474387767,14.469928349909102,2.4526325170213523,1.488079706270274,2.0871136776815313,3.045324920685845,5.830545752682423,23.03011799094571,106.07318290378926,103.05639325562329,0.0,0.0,3.1794901641252475,82.61444146975516,14.170100492763744,0.7501222209288791,-0.8997865983781477,534.0,344.0,1433.0,280.0,1185.0,45.0,2885.0,254.0,442.0,10.917626973965001,0.31006856012105694,0.11396201451131029,0.23251767353431882,0.3384873317037209,0.005285570170333295,0.6762049819578628,0.40111287005781243,0.40045664067046904,0.4290989795522446,0.8004334768944242,0.17467892755984946,0.09760567260311181,877.0,0.03362045551546192,0.0,3.0,0.0,0,0,1,0.004600000000000001,0.013066666666666667,0.059533333333333334,0,0,2,0,0,1,4,1,1,1,0,0.0,0,0.0,0,0.011333333333333332,0,0.0005333333333333334,0,0.0,,,1996,2011,15,0.9947144298296666
Theo Ratliff,ratlith01,82,225.0,1973-04-17,Wyoming,1996,2010,1995-11-03T00:00:00Z,False,15,NBA,"DET, PHI, ATL, POR, BOS, DET, MIN, PHI, CHA, SAS",C,800,533.0,25.53625,2.7575,5.55625,0.4962879640044994,0.0,0.0025,0.0,2.7575,5.55375,0.49651136619401304,0.4962879640044994,1.74375,2.45375,0.7106469689251146,1.92125,3.8075,5.72875,0.5775,0.48875,2.45375,1.2475,2.85125,7.25875,20429.0,2206,4445,0.0,2.0,2206.0,4443.0,1395,1963,1537.0,3046.0,4583.0,462,391.0,1963.0,998.0,2281.0,5807,0.0,14.3391502276176,0.5461347594106418,0.0005122130304958636,0.44268657300895775,8.852249253512166,17.117352782808748,13.012839590777816,3.674139703362866,1.039336237701307,7.22578197660189,15.877786480003913,14.170267756620488,17.8,30.099999999999998,47.9,0.11236820206569091,-1.860864457389006,1.876107494248372,0.014841646678740963,10.299999999999999,5.8023985510793485,11.661065152479317,0.0,0.0021391159626021833,5.8023985510793485,11.658926036516716,3.6616819227568653,5.142850849282884,4.017431102843997,7.988158989671544,12.020764599344071,1.1841695628763034,1.039336237701307,5.148622056879924,2.6113515101081792,6.010367614665426,15.2343384404523,106.07264183268883,101.12496940623623,0.0,0.0,0.0,13.852018406191174,86.24639196820749,0.40154779334867213,2.7229606776824937,197.0,275.0,897.0,232.0,791.0,34.0,988.0,123.0,301.0,6.907833089311858,0.376699435264589,0.30760960050198705,0.23761864672662622,0.07778618489855678,0.00027421041623091404,0.678599247019452,0.383860855469567,0.40354868228404106,0.3348278079899602,0.6478265007320644,0.0,0.1581660740430872,615.0,0.0,0.0,0.0,0.0,0,0,1,0.07926666666666667,0.0008666666666666666,0.0,0,2,6,0,0,0,3,0,0,0,0,0.0,0,0.0,0,0.0,0,0.0051333333333333335,0,0.014999999999999998,,,1996,2011,15,0.9997257895837691
Joe Smith,smithjo02,82,225.0,1975-07-26,Maryland,1996,2010,1995-11-03T00:00:00Z,False,15,NBA,"GSW, PHI, MIN, DET, MIN, MIL, DEN, PHI, CHI, CLE, OKC, ATL",PF,1014,616.0,26.58086785009862,4.26232741617357,9.364891518737673,0.4551390058972199,0.029585798816568046,0.1242603550295858,0.23809523809523808,4.232741617357002,9.240631163708088,0.4580576307363927,0.45671861836562766,2.4911242603550297,3.1538461538461537,0.7898686679174484,2.4191321499013805,4.044378698224852,6.463510848126233,0.9921104536489151,0.5976331360946746,0.8520710059171598,1.267258382642998,2.9201183431952664,11.045364891518737,26953.0,4322,9496,30.0,126.0,4292.0,9370.0,2526,3198,2453.0,4101.0,6554.0,1006,606.0,864.0,1285.0,2961.0,11200,0.0,15.392857937891886,0.5162173412978147,0.012639001224353501,0.3399534374652173,10.327662968871737,17.62694690757986,13.951100063072754,6.244766816309874,1.1748413905687678,2.3435906949133676,10.463150669684262,20.17550550959077,34.39999999999999,26.099999999999998,60.3,0.1074813193336549,-0.735035061032167,-0.7929284309724334,-1.5362445738878787,3.2,8.364857344265943,18.40135420917894,0.057247801728935566,0.23971357548324865,8.310748339702446,18.152576707602122,4.8986495009831925,6.1941602048009505,4.7538938151597225,7.955355619040551,12.714469632322931,1.946006010462657,1.1748413905687678,1.6749230141357179,2.4852632360034135,5.746109895002411,21.71664378733351,107.87196230475271,106.04923385151932,0.0,0.0,4.732720039781204,70.33022542681915,25.090792308967345,-0.5897894911321069,2.4278344107409247,418.0,356.0,1527.0,161.0,1168.0,127.0,2042.0,225.0,616.0,10.365713575335654,0.28235504724017907,0.1944856621912813,0.1988603514006299,0.3133050306646776,0.010960218796618596,0.5935543262058678,0.38419318746892095,0.40256547323056524,0.4274507707608156,0.7024476214155478,0.3605114370959722,0.058244157135753365,433.0,0.2452596552295707,0.0612986905353887,3.0,0.0,0,0,0,0.0,0.0,0.06426666666666667,0,0,0,0,0,0,0,1,1,1,0,0.0,0,0.133,0,0.0,0,0.004533333333333334,0,0.0,,,1996,2011,15,0.9890397812033814
Jerry Stackhouse,stackje01,78,218.0,1974-11-05,UNC,1996,2010,1995-11-03T00:00:00Z,False,15,NBA,"PHI, DET, WAS, DAL, MIL",SG,896,563.0,32.762276785714285,5.892857142857143,14.395089285714286,0.40936579314622423,1.0535714285714286,3.427455357142857,0.30739172907847606,4.839285714285714,10.967633928571429,0.44123333672534854,0.4459606140486897,5.137276785714286,6.256696428571429,0.8210845522654299,1.0200892857142858,2.3325892857142856,3.3526785714285716,3.5580357142857144,0.9508928571428571,0.47767857142857145,2.904017857142857,1.96875,17.9765625,29355.0,5280,12898,944.0,3071.0,4336.0,9827.0,4603,5606,914.0,2090.0,3004.0,3188,852.0,428.0,2602.0,1764.0,16107,1.0,16.687535343212396,0.5239253960143077,0.23933272014988924,0.43266690512689476,3.526520183955033,8.220337250894225,5.8769783682507235,19.724476239141545,1.5188315448816214,1.066806336228922,14.543358882643501,27.629586101175278,32.2,19.300000000000004,51.7,0.08443515585079203,1.6599454948049734,-1.2933094873105093,0.35647078862204057,17.7,9.417022653721684,22.998068472151253,1.67571112246636,5.479652529381706,7.7258422755918925,17.52707545562936,8.20055867824902,9.982258559018907,1.6191040708567537,3.730206097768694,5.366247657979901,5.704479645716233,1.5188315448816214,0.7755407937319024,4.639301652188725,3.139448134900358,28.709436211888942,103.06986884687447,108.3002214273548,1.440496735949576,59.7920762362122,37.93456892023711,0.5362422150521498,0.0,-0.44866811735574386,-2.1193967134388836,999.0,745.0,532.0,259.0,1722.0,32.0,6527.0,288.0,733.0,13.964932092744053,0.2769350941697306,0.07884812786073385,0.1680206723193517,0.2397253320327155,0.23642770315900052,0.5782234561416673,0.33072788324454117,0.3428379605312524,0.387095370300893,0.49383788549561036,0.8542852104749757,0.0567212050724094,622.0,0.3160046522097997,0.3568660238613341,13.0,0.0,0,0,2,0.0,0.013333333333333334,0.06193333333333333,0,0,0,0,0,0,3,1,1,1,0,0.0002666666666666667,0,0.018,0,0.05126666666666667,0,0.014199999999999999,0,0.0,,,1996,2013,15,0.7635722968409995
Rasheed Wallace,wallara01,83,225.0,1974-09-17,UNC,1996,2010,1995-11-03T00:00:00Z,False,15,NBA,"WSB, POR, ATL, DET, BOS",PF,1088,956.0,33.03952205882353,5.758272058823529,12.304227941176471,0.4679913348771196,0.9779411764705882,2.9034926470588234,0.33681544792655904,4.780330882352941,9.400735294117647,0.5085060617911615,0.5077313811907074,2.082720588235294,2.8878676470588234,0.7211966900063653,1.4402573529411764,5.288602941176471,6.728860294117647,1.8272058823529411,0.9898897058823529,1.328125,1.546875,2.958639705882353,14.577205882352942,35947.0,6265,13387,1064.0,3159.0,5201.0,10228.0,2266,3142,1567.0,5754.0,7321.0,1988,1077.0,1445.0,1683.0,3219.0,15860,0.0,17.004834895818842,0.5368283862352908,0.23278165076362423,0.236431218182324,5.240924138314742,18.765112526775535,12.052769354883578,9.690032547917767,1.6008735082204357,3.0330347455976856,10.237763930230617,21.254552535677526,47.8,56.699999999999996,104.49999999999999,0.13938999081981807,1.0381756474810135,1.1671099118146162,2.213528249923499,38.300000000000004,9.40877681030406,20.132898433805327,1.6177733885998828,4.755011544774251,7.797980359974407,15.351242106434473,3.3977383369961336,4.702509249728767,2.3627006426127353,8.659281720310458,11.020285420201965,3.0044315241883885,1.6008735082204357,2.1714830166634216,2.520507970067043,4.825412412718725,23.852727626783878,107.4274070158845,100.95293070353576,0.0,0.0,4.1594894464123655,63.51588161245938,32.404695687812875,6.748713369829328,7.0341052138528655,785.0,423.0,1749.0,176.0,1302.0,41.0,4164.0,275.0,374.0,13.485049328141924,0.2102048362071489,0.1862067976228812,0.18959064960918062,0.17665663514739893,0.23737644544629527,0.6727023332064755,0.45502224889487397,0.44979384642407566,0.4226359085453321,0.6506414414941889,0.9514679001141719,0.09475025615503965,1047.0,0.14609303551040723,0.27303668140168036,17.0,1.0,1,0,4,0.0548,0.012866666666666669,0.017866666666666666,0,0,9,0,0,0,8,0,1,1,0,0.00013333333333333334,0,0.0,0,0.009066666666666667,0,0.007533333333333334,0,0.0014666666666666667,,,1996,2013,15,0.7626235545537047
Kurt Thomas,thomaku01,81,230.0,1972-10-04,TCU,1996,2010,1995-11-04T00:00:00Z,False,15,NBA,"MIA, DAL, NYK, PHO, SEA, SAS, MIL",PF,966,593.0,25.659420289855074,3.750517598343685,7.7308488612836435,0.4851365827530798,0.007246376811594203,0.031055900621118012,0.23333333333333334,3.743271221532091,7.699792960662526,0.4861521914493143,0.4856052490626674,1.2960662525879918,1.6935817805383022,0.7652811735941321,1.8467908902691512,5.140786749482402,6.987577639751553,1.1149068322981366,0.6811594202898551,0.7784679089026915,1.2008281573498965,3.3540372670807455,8.804347826086957,24787.0,3623,7468,7.0,30.0,3616.0,7438.0,1252,1636,1784.0,4966.0,6750.0,1077,658.0,752.0,1160.0,3240.0,8505,0.0,14.215282204381326,0.519581272441199,0.004104490256989551,0.2185590430467584,8.478468552063582,23.10110138378989,15.850716101182071,7.356267398232944,1.4207971920764915,2.2813975067575747,12.40605155928511,17.514596360995686,20.900000000000002,37.800000000000004,59.0,0.11372554161455603,-1.5843829426715617,0.8694355912373422,-0.7335135353209344,8.0,7.758796950014122,16.015762294751283,0.0,0.0737483358211966,7.739327066607498,15.952588050187599,2.6895832492838987,3.5247186024932424,3.832238673498205,10.623802799854763,14.434138863113727,2.307467624157825,1.4207971920764915,1.5997579376285955,2.495078065114778,6.949384758139347,18.254181627466014,104.75854278452415,101.09880179126155,0.0,0.0,0.5656666090264568,51.80109804599689,47.43844025592253,0.877485734048072,1.1632024900570639,404.0,222.0,1498.0,280.0,615.0,106.0,2372.0,120.0,398.0,10.360076949680096,0.25440307798720385,0.19443446308144563,0.2625724537437316,0.2845766902991527,0.004111966107556631,0.6161413193844026,0.4414112484869444,0.4368283762752896,0.42051335811862356,0.7843994466539858,0.5316877053432475,0.011058533633062424,70.0,0.19091349645512712,0.1535751340134878,0.0,0.0,0,0,0,0.0126,0.0,0.016666666666666666,0,0,5,0,0,0,0,0,0,1,0,0.0,0,0.0,0,0.0,0,0.0,0,0.0,,,1996,2013,15,0.9958880338924434
Ray Allen,allenra02,77,205.0,1975-07-20,UConn,1997,2011,1996-11-01T00:00:00Z,True,15,NBA,"MIL, SEA, BOS",SG,1102,1098.0,37.03085299455535,7.086206896551724,15.669691470054447,0.452223766504517,2.370235934664247,5.947368421052632,0.39853524565151055,4.715970961887478,9.722323049001815,0.4850662684338249,0.5278549918925179,3.680580762250454,4.11978221415608,0.8933920704845815,1.046279491833031,3.2259528130671504,4.272232304900181,3.6061705989110706,1.162431941923775,0.19328493647912887,2.2268602540834848,2.2967332123411976,20.22323049001815,40808.0,7809,17268,2612.0,6554.0,5197.0,10714.0,4056,4540,1153.0,3555.0,4708.0,3974,1281.0,213.0,2454.0,2531.0,22286,3.0,19.169618702215253,0.5797495099000196,0.37975254851989804,0.2621888600274456,3.4303249362870027,10.284576553616938,6.886654577533816,17.247348559106058,1.672897471084101,0.40753528719858845,11.296258086649678,24.551041462458343,103.2,27.799999999999997,131.0,0.15400575867476962,3.9912517153499323,-0.7470814546167419,3.2341379141344837,53.89999999999999,10.14429523622819,22.450818466967263,3.401764359929426,8.519706920211723,6.736343364046264,13.918591942756322,5.266469809841208,5.898375318564987,1.4975102920995882,4.624284454028622,6.129200156831994,5.16346549696138,1.672897471084101,0.27946726132130956,3.210620466575181,3.3093217016271317,28.969969123701237,114.45790041168398,108.56883454224662,2.08211625171535,86.93239070770437,10.99524603019016,0.0,0.0,3.81968976671241,6.166437953342482,1168.0,786.0,1247.0,264.0,1553.0,66.0,8797.0,341.0,732.0,15.938409135463631,0.1923862722995491,0.09781165457753382,0.1523732846500686,0.17759000686139972,0.37975254851989804,0.6181461233091551,0.4043699764752009,0.4397643599294256,0.4383392717114291,0.43434005587139773,0.8291799157028036,0.02091572730837091,332.0,0.24775196039992156,0.42775867476965296,62.0,2.0,1,0,10,0.0,0.04026666666666667,0.03693333333333334,0,0,0,0,1,2,13,0,1,1,0,0.002533333333333333,0,0.0,0,0.0,0,0.0,0,0.0,,,1997,2014,15,0.6202474514801019
Marcus Camby,cambyma01,83,220.0,1974-03-22,UMass,1997,2011,1996-11-01T00:00:00Z,False,15,NBA,"TOR, NYK, DEN, LAC, POR",C,890,729.0,30.429213483146068,4.069662921348314,8.693258426966292,0.4681401059842316,0.017977528089887642,0.09325842696629214,0.1927710843373494,4.051685393258427,8.6,0.47112620851842174,0.46917409848778596,1.8797752808988764,2.7730337078651686,0.6778768233387358,2.730337078651685,7.273033707865168,10.003370786516854,1.9280898876404495,1.0224719101123596,2.507865168539326,1.449438202247191,2.846067415730337,10.037078651685393,27082.0,3622,7737,16.0,83.0,3606.0,7654.0,1673,2468,2430.0,6473.0,8903.0,1716,910.0,2232.0,1290.0,2533.0,8933,4.0,17.970825640646922,0.505941621741378,0.010783472417103611,0.3165073849789528,10.362536001772392,27.625127390886934,18.990658001624695,10.03863082490215,1.7501957019422496,6.136721807842848,12.87514216084484,16.819924673214683,25.900000000000002,51.89999999999999,77.89999999999999,0.1383838342810723,0.041134332767151616,2.334255224872609,2.3960859611550105,30.099999999999998,6.971711838121261,14.876183442877185,0.02173768554759619,0.15241119562809247,6.9442581788641915,14.725260320508086,3.2174211653496787,4.758023779632228,4.695605937523078,12.39171036112547,17.079912857248356,3.2557602835831925,1.7501957019422496,4.262015360756221,2.46411269477882,4.894948674396278,17.192489476404994,106.76135440513994,98.46100731112917,0.0,0.0,0.5875120005907983,26.761243630455652,72.88833911823352,0.4073443615685694,2.499353814341629,685.0,271.0,1498.0,121.0,1098.0,118.0,3654.0,237.0,358.0,8.186433793663689,0.46497230632892694,0.15305483346872464,0.14044365261059008,0.23064699800605568,0.010783472417103611,0.6070731851414224,0.3543864559486006,0.3458818034118603,0.361126763163725,0.6887307805922752,0.46551214829037735,0.11501990251827783,835.0,0.23075865888782215,0.1551736947049701,8.0,1.0,0,0,0,0.13453333333333334,0.014533333333333334,0.058333333333333334,2,4,7,0,0,0,6,1,1,1,0,6.666666666666667e-05,0,0.0,0,0.0005333333333333334,0,0.00013333333333333334,1,0.08873333333333332,,,1997,2013,15,0.9892165275828964
Derek Fisher,fishede01,73,200.0,1974-08-09,Little Rock,1997,2011,1996-11-01T00:00:00Z,False,15,NBA,"LAL, GSW, UTA, LAL",PG,1110,679.0,26.313513513513513,3.0585585585585586,7.620720720720721,0.4013476770303818,0.9864864864864865,2.6333333333333333,0.37461512145056447,2.0720720720720722,4.987387387387387,0.4154624277456647,0.4660716396737203,1.691891891891892,2.0747747747747747,0.8154580981328702,0.34954954954954953,1.7927927927927927,2.142342342342342,3.126126126126126,1.0918918918918918,0.07927927927927927,1.1900900900900901,2.1216216216216215,8.795495495495496,29208.0,3395,8459,1095.0,2923.0,2300.0,5536.0,1878,2303,388.0,1990.0,2378.0,3470,1212.0,88.0,1321.0,2355.0,9763,0.0,12.027184333059434,0.5140128389482334,0.34134846617365106,0.2730279717885511,1.499397425362914,7.614917145987401,4.582155573815394,17.863451794029036,2.1488804437140505,0.22257258285401263,12.248897562311697,16.45384483703095,30.599999999999998,26.799999999999997,57.599999999999994,0.0946907354149548,-1.2117296631059982,0.44422760887428103,-0.7768043001917283,9.0,6.001896740619008,14.966358531909068,1.9406806354423443,5.179536428375787,4.073435360175295,9.801687893727744,3.3234969871268145,4.07596206518762,0.6801937825253355,3.5407628047110373,4.205724459052314,6.1525883319638455,2.1488804437140505,0.15291700903861954,2.3291358531909068,4.182179539852095,17.270857299370036,107.64745960010956,106.57949876746098,89.4584360449192,10.71542043275815,0.0,0.0,0.0,6.116991920021911,3.7307039167351412,849.0,253.0,788.0,135.0,705.0,284.0,7618.0,140.0,348.0,17.19407354149548,0.16754882224048204,0.0718417899205697,0.07805614900027388,0.34130690221857024,0.34134846617365106,0.4552470213640099,0.3332245960010956,0.3637336003834566,0.4234589496028485,0.4872152150095865,0.8683089222130922,0.002189468638729115,13.0,0.29770008216926874,0.4018489454943851,11.0,0.0,5,0,0,0.008933333333333333,0.0,0.005933333333333333,0,0,3,0,0,0,0,0,0,1,0,0.0,0,0.0,0,0.0003333333333333333,0,0.0,0,0.0,,,1997,2014,15,0.6586515338263488
Steve Nash,nashst01,75,195.0,1974-02-07,Santa Clara,1997,2011,1996-11-01T00:00:00Z,True,15,NBA,"PHO, DAL, PHO",PG,1090,931.0,31.346788990825686,5.278899082568807,10.796330275229359,0.4889530931339225,1.4357798165137614,3.3431192660550457,0.4294731064763996,3.8431192660550457,7.453211009174312,0.5156326932545544,0.5554469748470429,2.5724770642201835,2.8458715596330277,0.903932946486138,0.5385321100917431,2.475229357798165,3.0137614678899083,8.488073394495412,0.7559633027522936,0.0798165137614679,2.836697247706422,1.6889908256880735,14.56605504587156,34168.0,5754,11768,1565.0,3644.0,4189.0,8124.0,2804,3102,587.0,2698.0,3285.0,9252,824.0,87.0,3092.0,1841.0,15877,3.0,20.201925778506205,0.6025730800749239,0.31232401662374154,0.2621988410208382,1.9541998361039572,8.66112444392414,5.39202762819012,41.238904823226406,1.232135331304144,0.18030320767970032,19.12051919925076,21.236803441816903,104.5,14.700000000000001,119.7,0.16784274760009368,4.503913018028565,-1.3387233668929992,3.1723425427300396,44.599999999999994,8.563149730742214,17.52686431749005,2.3211103956918753,5.4273618590494035,6.235562514633576,12.11412725357059,4.170665535003512,4.61641594474362,0.8759072816670568,4.004112034652306,4.884424022477171,13.729290564270661,1.232135331304144,0.12888082416295948,4.602230156871926,2.7470381643643176,23.62828084757668,118.06043666588621,110.53620346523063,91.63913603371576,8.420188480449543,0.020018730976352143,0.0,0.0,6.8734459143057824,7.24019843128073,2246.0,558.0,700.0,125.0,687.0,235.0,20729.0,165.0,410.0,15.174596113322407,0.19445451884804493,0.10599882931397799,0.1570193163193631,0.23028157925544368,0.31232401662374154,0.6323242800280964,0.43972919105595865,0.4660292086162492,0.48312836572231327,0.1723305431983142,0.5272421856708032,7.849449777569655e-05,0.0,0.08998846874268322,0.45203140365254035,8.0,0.0,0,0,7,0.0,0.29633333333333334,0.0,0,0,0,3,5,7,10,0,0,0,2,0.16146666666666665,0,0.0,0,0.0,0,0.011333333333333332,0,0.0,,,1997,2014,15,0.6876759833762585
Ben Wallace,wallabe01,81,240.0,1974-09-10,"Cuyahoga Community College, Virginia Union University",1997,2011,1996-11-01T00:00:00Z,True,15,NBA,"WSB, WAS, ORL, DET, CHI, CLE, DET",C,1026,901.0,30.316764132553605,2.4707602339181287,5.199805068226121,0.4751640112464855,0.005847953216374269,0.04580896686159844,0.1276595744680851,2.4649122807017543,5.153996101364522,0.47825264750378216,0.47572633552015,1.0653021442495128,2.5653021442495128,0.41527355623100304,3.2777777777777777,6.6764132553606235,9.954191033138402,1.3586744639376218,1.2884990253411306,2.0331384015594542,1.0009746588693957,1.9668615984405458,6.012670565302145,31105.0,2535,5335,6.0,47.0,2529.0,5288.0,1093,2632,3363.0,6850.0,10213.0,1394,1322.0,2086.0,1027.0,2018.0,6169,2.0,15.660003214917216,0.4766888603118469,0.008554251728018002,0.49936846166211224,12.399186625944381,25.685005626105127,19.001186304452663,6.8541520655843104,2.2752483523549265,5.009686545571451,13.891686224079729,11.10326314097412,23.000000000000004,69.00000000000001,92.1,0.14195550554573222,-0.09555698440765152,2.6103102395113327,2.50140491882334,35.5,4.334242083266356,9.16085838289664,0.0,0.08986015110110916,4.334242083266356,9.0773476932969,1.880356855810963,4.529683330654235,5.760234688956759,11.737379842469055,17.497977817071206,2.3873267963349947,2.2752483523549265,3.579723517119434,1.7594341745700048,3.4376820446873495,10.579887477897445,106.96113165086,95.54975084391577,0.0,0.0,0.0,23.962385468574183,76.30599582060762,4.2066130847130685,4.900228259122327,457.0,292.0,1176.0,99.0,1047.0,181.0,3083.0,216.0,405.0,3.946876707924771,0.6866736537534157,0.1656180356855811,0.08216685420350427,0.05719488828162675,0.008554251728018002,0.5803894550715318,0.25636347854042757,0.2383418742967369,0.27458733322616946,0.6119627391094679,0.4915286931361517,0.22111522263301722,1009.0,0.12313081498151424,0.0,9.0,0.0,1,0,4,0.3326,0.1252,0.0,5,6,7,0,3,5,6,0,0,0,0,0.0044666666666666665,0,0.0,0,0.0,0,0.009133333333333334,4,0.2498,,,1997,2012,15,0.9914457482719818
Kobe Bryant,bryanko01,78,212.0,1978-08-23,,1997,2011,1996-11-03T00:00:00Z,True,15,NBA,LAL,SG,1103,955.0,36.3961922030825,8.805077062556663,19.374433363553944,0.45446888160973326,1.28558476881233,3.7941976427923843,0.33882915173237754,7.519492293744333,15.580235720761559,0.48263020075647367,0.4876462330369677,6.369900271985494,7.6074342701722575,0.8373257061136933,1.1767905711695377,4.107887579329103,5.28467815049864,4.672710788757933,1.498640072529465,0.5222121486854034,2.9265639165911153,2.6165004533091567,25.26563916591115,40145.0,9712,21370,1418.0,4185.0,8294.0,17185.0,7026,8391,1298.0,4531.0,5829.0,5154,1653.0,576.0,3228.0,2886.0,27868,17.0,23.544857391954164,0.5555145597210115,0.1952651637812928,0.39507340889276377,3.6928509154315607,12.604117573794994,8.187266160169386,23.850566695727988,2.145893635571055,1.0344999377257442,11.542448623738945,31.52855648275003,111.5,44.8,156.1,0.18681163283098767,4.91465935982065,0.14325818906464066,5.077810437165275,71.4,12.563910823265664,27.617611159546644,1.8279785776559974,5.4002291692614275,10.723619379748412,22.20865363058911,9.084481255448996,10.848902727612407,1.6757080582887032,5.8445784032880805,7.522408768215219,6.65854278241375,2.145893635571055,0.7405853780047329,4.163029019803213,3.742172126043094,36.00238634948312,111.61108481753644,104.7768588865363,1.1397185203636817,82.60293934487483,16.050641424834975,0.13737700834475028,0.0,5.838303649271391,5.817372026404285,1386.0,1001.0,957.0,410.0,3203.0,69.0,11694.0,727.0,973.0,13.661469672437413,0.2390915431560593,0.12433924523601943,0.17113682899489352,0.27014475028023416,0.1952651637812928,0.6345634823763855,0.43965821397434296,0.42652083696599824,0.4013931747415619,0.363722107360817,0.6780341512018931,0.047072985427824135,909.0,0.0893667455473907,0.333300610287707,47.0,1.0,5,2,13,0.4515333333333333,0.6819333333333334,0.017866666666666666,9,11,12,9,11,13,14,0,1,1,1,0.25060000000000004,0,0.0,0,0.0178,0,0.0024000000000000002,0,0.01746666666666667,,,1997,2016,15,0.8047348362187071
Erick Dampier,dampier01,83,265.0,1975-07-14,Mississippi State,1997,2011,1996-11-06T00:00:00Z,False,15,NBA,"IND, GSW, DAL, MIA",C,972,771.0,24.609053497942387,2.8631687242798356,5.747942386831276,0.49812063719348487,0.00205761316872428,0.01646090534979424,0.125,2.861111111111111,5.731481481481482,0.4991922455573506,0.4982996241274387,1.7890946502057614,2.8590534979423867,0.6257646635480388,2.7911522633744856,4.389917695473251,7.181069958847736,0.8364197530864198,0.338477366255144,1.4341563786008231,1.4732510288065843,2.94238683127572,7.517489711934156,23920.0,2783,5587,2.0,16.0,2781.0,5571.0,1739,2779,2713.0,4267.0,6980.0,813,329.0,1394.0,1432.0,2860.0,7307,0.0,14.297851170568563,0.5526392976588629,0.0030196488294314382,0.5063285953177257,12.81205685618729,20.09296404682274,16.46283026755853,5.380790133779264,0.72998745819398,4.2081229096989965,17.727420568561875,15.373612040133779,23.4,29.8,52.50000000000001,0.10563716555183945,-1.467153010033445,0.14700250836120402,-1.3268102006688964,4.3,6.11760033444816,12.265071070234114,0.004397993311036789,0.03249163879598663,6.11760033444816,12.23520066889632,3.8278469899665555,6.115522575250836,5.9964339464882945,9.412788461538462,15.375798494983277,1.7759406354515048,0.72998745819398,3.0497575250836126,3.1555602006688965,6.30128762541806,16.062771739130437,108.1551839464883,103.90409698996656,0.0,0.0,0.0,0.367809364548495,99.63219063545151,0.3234949832775921,0.17087374581939796,357.0,405.0,1602.0,289.0,1228.0,26.0,1878.0,228.0,616.0,3.7417182274247494,0.5963296822742475,0.3054923913043478,0.07622416387959866,0.018747240802675588,0.0030196488294314382,0.6377471153846154,0.3617394230769231,0.2950852006688963,0.2701457357859532,0.5772902591973245,0.09749163879598662,0.17755522575250837,826.0,0.0402189381270903,0.05351170568561873,6.0,0.0,0,0,0,0.0,0.00046666666666666666,0.0024,0,0,0,0,0,0,1,0,0,1,0,0.0,0,0.0,0,0.00013333333333333334,0,0.0005333333333333334,0,0.0,,,1997,2012,15,0.9969803511705686
Jermaine O'Neal,onealje01,83,226.0,1978-10-13,,1997,2011,1996-12-05T00:00:00Z,False,15,NBA,"POR, IND, TOR, MIA, BOS",PF,887,656.0,28.05186020293123,5.397970687711386,11.596392333709131,0.4654870698036166,0.015783540022547914,0.10710259301014656,0.14736842105263157,5.382187147688839,11.489289740698986,0.4684525561770189,0.46616760645537625,3.1465614430665165,4.430665163472379,0.7101781170483461,2.0146561443066515,5.4160090191657275,7.430665163472379,1.4565952649379932,0.4836527621195039,1.8703494926719277,1.9458850056369785,2.9177001127395714,13.958286358511838,24882.0,4788,10286,14.0,95.0,4774.0,10191.0,2791,3930,1787.0,4804.0,6591.0,1292,429.0,1659.0,1726.0,2588.0,12381,1.0,18.23544731130938,0.5152242183104253,0.008954022988505747,0.38288871473354236,8.420814243228035,21.989450204967447,15.270601237842616,9.899967848243708,0.9311188811188812,4.989072421831041,12.742126838678564,25.44264930471827,17.900000000000002,42.199999999999996,60.3,0.1161692789968652,-0.3301985370950889,0.755622538381159,0.4480387428663291,15.5,10.228952656538866,21.939948557189943,0.018752511855960132,0.20848806366047748,10.18748492886424,21.740784502853472,5.945016477775099,8.400735471425126,3.8086287275942454,10.252093883128367,14.05811429949361,2.7520577124025403,0.9311188811188812,3.5319025801784423,3.686371674302708,5.532336628888353,26.425178844144362,101.50204967446346,99.80057873161321,0.0,0.0,0.20621332690298208,47.011373683787475,52.904870991077885,1.7730487902901693,1.3186681134956995,387.0,503.0,1449.0,381.0,1757.0,214.0,2926.0,372.0,1001.0,8.280532111566593,0.3004791013584117,0.31908005787316135,0.23937320151113253,0.13222048066875655,0.008954022988505747,0.6381344345309864,0.41702049674463476,0.3775091230608473,0.37402226509123054,0.6218197090266055,0.38001728156900566,0.09783248934973075,870.0,0.17742203199099754,0.07508045977011495,7.0,0.0,0,0,6,0.025066666666666668,0.07346666666666665,0.0,0,0,5,0,1,3,7,0,0,0,0,0.028333333333333332,0,0.0,0,0.0,1,0.028066666666666667,0,0.0011333333333333334,,,1997,2014,15,0.9910459770114942
Chauncey Billups,billuch01,75,202.0,1976-09-25,Colorado,1998,2012,1997-10-31T00:00:00Z,True,15,NBA,"BOS, TOR, DEN, MIN, DET, DEN, NYK, LAC",PG,1002,908.0,32.21656686626746,4.651696606786427,11.179640718562874,0.41608641314051065,1.7794411177644711,4.577844311377246,0.3887072160453455,2.8722554890219563,6.6017964071856285,0.4350718065003779,0.49567041599714334,4.432135728542915,4.9590818363273454,0.8937411954115516,0.47305389221556887,2.4530938123752497,2.9261477045908184,5.533932135728543,1.028942115768463,0.1656686626746507,2.082834331337325,2.114770459081836,15.51497005988024,32281.0,4661,11202,1783.0,4587.0,2878.0,6615.0,4441,4969,474.0,2458.0,2932.0,5545,1031.0,166.0,2087.0,2119.0,15546,2.0,18.99995353303801,0.5797207955143893,0.4092133143335089,0.4424571109940833,1.702106502276881,8.896391065952109,5.299792447569777,28.35649453238747,1.7038102908831823,0.3785136767758124,13.500591679316006,22.027068554257923,91.7,27.999999999999996,119.7,0.17803915615997026,3.579368668876429,-0.23603977571946347,3.3463988104457734,43.7,7.709203556271491,18.483823301632537,2.9562064372231345,7.574071435209567,4.753941947275487,10.931405470710326,7.333257953594994,8.197908986710448,0.7784734054087543,4.072559710046157,4.844543229763637,9.166906229670705,1.7038102908831823,0.29145627458876744,3.430522598432515,3.4795576345218557,25.684108298999412,117.65279886001053,106.96075090610576,81.12477928193054,18.57498218766457,0.3723242774387411,0.0,0.0,4.142919983891454,2.598500666026455,1159.0,532.0,803.0,254.0,1632.0,56.0,12153.0,257.0,628.0,16.787048108794647,0.20363811530002165,0.06147712276571357,0.10464372231343515,0.22101291781543322,0.4092133143335089,0.5142904494904122,0.35038871162603386,0.38927201759548963,0.40665883956506915,0.2814151048604442,0.601894396084384,0.0022947554288900596,24.0,0.15375403488119946,0.3921223939778817,16.0,0.0,1,1,5,0.08793333333333334,0.07133333333333333,0.0,0,2,8,0,1,3,7,0,0,0,0,0.025,0,0.0,0,0.0,0,0.004733333333333333,0,0.00013333333333333334,,,1998,2014,15,0.5907866856664912
Tim Duncan,duncati01,83,250.0,1976-04-25,Wake Forest,1998,2012,1997-10-31T00:00:00Z,True,15,NBA,SAS,PF,1111,1109.0,35.43564356435643,7.846084608460846,15.474347434743475,0.5070381572824569,0.023402340234023402,0.1323132313231323,0.17687074829931973,7.822682268226822,15.342034203420342,0.509885596949252,0.5077943229409028,4.588658865886589,6.66966696669667,0.6879892037786774,2.9630963096309633,8.317731773177318,11.28082808280828,3.0855085508550855,0.7398739873987399,2.222322232223222,2.568856885688569,2.4869486948694868,20.304230423042306,39369.0,8717,17192,26.0,147.0,8691.0,17045.0,5098,7410,3292.0,9241.0,12533.0,3428,822.0,2469.0,2854.0,2763.0,22558,3.0,24.74375269882395,0.5516121821737915,0.008536869110213618,0.4299645914298052,10.008834362061522,26.387916888922756,18.452137468566637,16.510030734842132,1.1115598567400744,4.477634687190428,12.255216032919304,27.68846300388631,87.30000000000001,88.60000000000001,175.79999999999998,0.21458307297619955,3.634105514491098,2.253321140999263,5.904523863953873,78.5,11.847054789301223,23.347143691737152,0.02173791561888796,0.21051080799613914,11.802880438924026,23.15919378190962,6.922278950443243,10.068150067311842,4.461147095430415,12.563788767812236,17.035675277502605,4.649010642891614,1.1115598567400744,3.3566587924509137,3.8799486905941225,3.7753613249003024,30.662234245218325,109.85526683431127,95.35332368106886,0.0,0.0,0.6510706393355178,43.64954659757677,55.69938276308771,9.783347303716123,9.163656684193148,1107.0,906.0,1532.0,368.0,3326.0,49.0,7672.0,737.0,1238.0,7.956498768066246,0.3078838680179837,0.3459694175620412,0.2090288043892403,0.12841451395768244,0.008536869110213618,0.6878152607381444,0.4471063781147603,0.40671088927836624,0.4145227463232493,0.5262411288069293,0.5157698950951256,0.0631364017374076,1000.0,0.12291328202392746,0.4130280169676649,13.0,0.0,4,3,13,0.5015999999999999,0.6720666666666666,0.06666666666666667,8,13,15,9,12,13,15,1,1,1,2,0.2803999999999999,1,0.974,0,0.0,0,0.0,0,0.05620000000000001,,,1998,2016,15,0.9914631308897864
Tracy McGrady,mcgratr01,80,210.0,1979-05-24,,1998,2012,1997-10-31T00:00:00Z,True,15,NBA,"TOR, ORL, HOU, NYK, DET, ATL",SG,938,703.0,32.68443496801706,7.152452025586354,16.431769722814497,0.4352819048854863,1.152452025586354,3.4093816631130065,0.33802376485303315,6.0,13.022388059701493,0.4607449856733524,0.4703497047946539,4.138592750533049,5.545842217484009,0.7462514417531718,1.3859275053304905,4.2388059701492535,5.6247334754797444,4.436034115138593,1.211087420042644,0.8603411513859275,2.1631130063965887,1.7707889125799574,19.595948827292112,30658.0,6709,15413,1081.0,3198.0,5628.0,12215.0,3882,5202,1300.0,3976.0,5276.0,4161,1136.0,807.0,2029.0,1661.0,18381,4.0,22.132200404462132,0.516596614260552,0.19954964446474005,0.3352462978667884,4.752971491943375,14.951849435710093,9.835413268967315,26.245019244569118,1.9452149520516668,1.9391186639702527,10.653754321873572,29.31872920607998,60.9,36.3,97.29999999999997,0.1522206928044882,4.682047100267466,0.5235631808989497,5.201330810881336,55.7,11.520128514580207,26.469704481701353,1.8592373931763324,5.50285080566247,9.666700371844215,20.951591754191398,6.661148802922565,8.937905277578444,2.2339291538913173,6.8398297344901815,9.057339030595601,7.147158979711658,1.9452149520516668,1.3955443929806248,3.4765672907560834,2.8397155717920275,31.553669515297806,107.58072933655163,103.70904820927653,1.5503946767564747,53.09044947485159,42.13474460173527,3.330549938025964,0.0,1.9462293691695476,5.097400352273469,1082.0,613.0,798.0,144.0,2260.0,34.0,9425.0,476.0,692.0,14.049093221997524,0.2540958966664492,0.10091587840041749,0.11447625415878401,0.33088404331658955,0.19954964446474005,0.586198740948529,0.38234304259899543,0.3801560767173332,0.40808278426511846,0.4126158588296693,0.6835516015395655,0.05470223106530105,732.0,0.07840981146845846,0.38504553460760654,29.0,0.0,0,0,7,0.018266666666666667,0.25293333333333334,0.0,0,0,5,2,5,7,7,0,0,0,0,0.057066666666666675,0,0.0,0,0.0016666666666666668,1,0.04526666666666667,0,0.0,,,1998,2012,15,0.8004503555352599
Vince Carter,cartevi01,78,220.0,1977-01-26,UNC,1999,2013,1999-02-05T00:00:00Z,True,15,NBA,"TOR, NJN, ORL, PHO, DAL",SG,1067,950.0,34.92689784442362,7.577319587628866,17.08903467666354,0.44340243501151694,1.5585754451733833,4.1396438612933455,0.37649988680099616,6.018744142455483,12.949390815370197,0.4647897517550843,0.48900405835252825,4.114339268978444,5.152764761012183,0.7984721716987996,1.3402061855670102,3.6738519212746015,5.014058106841612,3.776944704779756,1.1424554826616682,0.6644798500468604,2.0965323336457358,2.8987816307403937,20.82755388940956,37267.0,8085,18234,1663.0,4417.0,6422.0,13817.0,4390,5498,1430.0,3920.0,5350.0,4030,1219.0,709.0,2237.0,3093.0,22223,5.0,20.26387420506078,0.5379879249738374,0.24793627069525317,0.2998341428073094,4.365996726326241,12.249298306812998,8.287334639225053,21.302959723079397,1.7223065983309631,1.4335658893927603,9.805355944937881,28.31753562132718,74.30000000000001,37.0,111.40000000000002,0.14343207126948773,3.7723750234792175,0.03340220570477903,3.808482035044409,54.39999999999999,11.501921270829419,25.920704644860066,2.3478627203692275,6.23577964418923,9.126777041350257,19.668148764322325,6.243368127297608,7.816607185982236,2.0299728982746124,5.562857219523976,7.592830117798589,5.727528376311483,1.7223065983309631,1.0219470308852339,3.192918667990448,4.3878686237153515,31.585177234550677,108.93286285453618,105.71387554673035,0.3165535191992916,62.1012155526337,36.16934553358199,1.349424423752918,0.0,2.515735100759385,9.6104811227091,1038.0,577.0,1509.0,340.0,2049.0,125.0,9159.0,423.0,680.0,13.863544154345668,0.2479645262564735,0.12827423726084738,0.12678908954302734,0.2488786325703706,0.24793627069525317,0.5919943381543993,0.4132582177261384,0.38740158853677514,0.40660678348136436,0.41962320551694526,0.8132141304639492,0.05127150025491722,868.0,0.1719919231491668,0.4116529637480881,35.0,0.0,0,0,8,0.004533333333333334,0.06893333333333333,0.06666666666666667,0,0,3,0,1,2,9,1,1,1,0,0.0034000000000000002,1,0.958,0,0.00013333333333333334,0,0.0006666666666666666,0,0.0,,,1999,2020,15,0.7520637293047469
Al Harrington,harrial01,81,230.0,1980-02-17,,1999,2013,1999-02-05T00:00:00Z,False,15,NBA,"IND, ATL, IND, GSW, NYK, DEN, ORL",PF,947,445.0,29.036958817317846,5.222808870116157,11.732840549102429,0.4451444514445144,0.9957761351636748,2.8278775079197467,0.35212845407020166,4.227032734952481,8.904963041182683,0.47468279378631567,0.487579875798758,2.2988384371700104,3.1626187961985215,0.7268781302170284,1.562829989440338,4.141499472016895,5.704329461457234,1.7117212249208025,0.8912354804646251,0.25976768743400214,1.9049630411826821,3.1647307286166844,13.740232312565999,27498.0,4946,11111,943.0,2678.0,4003.0,8433.0,2177,2995,1480.0,3922.0,5402.0,1621,844.0,246.0,1804.0,2997.0,13012,0.0,14.350770965161102,0.521479053022038,0.2255479671248818,0.2724643610444396,6.106927776565568,16.378140228380246,11.200952796567025,10.162233616990326,1.5852025601861952,0.6637064513782821,12.850094552331079,23.200174558149687,17.6,24.500000000000004,42.2,0.07346701578296605,-0.5289439231944141,-0.8852389264673795,-1.429860353480253,3.8000000000000003,9.277616553931196,20.816037530002184,1.7317223070768784,4.915484762528183,7.548679903993019,15.903807549639975,4.103640264746526,5.6293439522874404,2.7891119354134846,7.367986762673649,10.158837006327733,3.0446396101534656,1.5852025601861952,0.4600589133755182,3.3999563604625798,5.61789584697069,24.356844134118845,101.92835842606735,106.79769437777293,0.0,0.5173830824059932,30.69455960433486,57.74270856062259,11.37166339370136,-1.0943632264164667,-1.4061713579169393,602.0,493.0,1229.0,378.0,1298.0,166.0,3705.0,277.0,739.0,11.873278056585935,0.329510873518074,0.1299684704342134,0.14999047203432977,0.16511211724489053,0.2255479671248818,0.5947019783256964,0.3321435377118337,0.3820173103498436,0.4055963706451378,0.4993626809222489,0.8872113244599606,0.049419921448832636,504.0,0.289434213397338,0.32175401847407087,19.0,1.0,0,0,0,0.0,0.0,0.0,0,0,0,0,0,0,0,0,0,0,0,0.0,0,0.0,0,0.0362,0,0.0,0,0.0,,,1999,2014,15,0.7744520328751182
Nazr Mohammed,mohamna01,82,221.0,1977-09-05,Kentucky,1999,2013,1999-02-05T00:00:00Z,False,15,NBA,"PHI, ATL, NYK, SAS, DET, CHA, OKC, CHI",C,897,353.0,16.92530657748049,2.599777034559643,5.326644370122631,0.4880703223105902,0.0,0.008918617614269788,0.0,2.599777034559643,5.317725752508361,0.4888888888888889,0.4880703223105902,1.1192865105908585,1.7435897435897436,0.6419437340153452,1.9286510590858417,3.0780379041248604,5.006688963210703,0.39241917502787066,0.46153846153846156,0.673355629877369,0.9721293199554069,2.2954292084726866,6.318840579710145,15182.0,2332,4778,0.0,8.0,2332.0,4770.0,1004,1564,1730.0,2761.0,4491.0,352,414.0,604.0,872.0,2059.0,5668,0.0,15.18763667500988,0.5175466341720458,0.001739230667896193,0.3265857594519826,13.33935581609801,20.992925833223556,17.186483994203662,3.993195889869582,1.4325121854828085,3.008160980108023,13.755717296798842,19.21751416150705,11.700000000000003,21.700000000000003,33.4,0.10551719141088131,-1.9105190357001713,-0.546126992491108,-2.4797523382953504,-1.9000000000000004,8.133355289158214,16.69534316954288,0.0,0.019694374917665656,8.133355289158214,16.662916611777103,3.5137465419575817,5.447049137136083,6.057818469239891,9.663627980503227,15.68938874983533,1.2306942431827164,1.4325121854828085,2.1129956527466733,3.0598010802265843,7.203642471347648,19.803688578579898,103.61467527335002,102.23751811355552,0.0,0.0,0.0,18.140297720985377,81.85970227901463,-2.7489658806481363,-3.344302463443551,223.0,278.0,1194.0,178.0,736.0,24.0,762.0,164.0,502.0,5.818337504940062,0.48026399683836124,0.2521584112765116,0.19657765775260178,0.06900744302463444,0.001739230667896193,0.6068205111316032,0.3799089052825715,0.394524239230668,0.30307713081280463,0.621944407851403,0.0,0.10607357396917402,422.0,0.0843103675405085,0.0,2.0,0.0,1,0,0,0.0,0.0,0.0,0,0,0,0,0,0,0,0,0,0,0,0.0,0,0.0,0,0.0,0,0.0,0,0.0,,,1999,2016,15,0.9982607693321038
Dirk Nowitzki,nowitdi01,84,245.0,1978-06-19,,1999,2013,1999-02-05T00:00:00Z,True,15,NBA,DAL,PF,1108,1077.0,36.078519855595665,7.918772563176895,16.674187725631768,0.4749120433017591,1.2093862815884477,3.1714801444043323,0.3813318155947638,6.709386281588448,13.502707581227437,0.49689191898937235,0.5111772665764547,5.562274368231047,6.3393501805054155,0.8774202733485194,1.1570397111913358,7.052346570397112,8.209386281588447,2.638086642599278,0.8700361010830325,0.9476534296028881,1.8871841155234657,2.509025270758123,22.609205776173287,39975.0,8774,18475,1340.0,3514.0,7434.0,14961.0,6163,7024,1282.0,7814.0,9096.0,2923,964.0,1050.0,2091.0,2780.0,25051,2.0,23.469651031894937,0.5801884177611007,0.19476993120700437,0.3797020637898687,3.7019412132582867,21.860610381488428,12.914954346466542,13.101463414634146,1.2565428392745466,1.9484002501563478,8.901075672295185,27.032170106316446,123.0,50.79999999999999,173.9,0.20880402751719823,4.700870544090056,0.47469918699186997,5.155587242026265,72.50000000000001,11.484580362726705,24.178684177611004,1.7511869918699186,4.5849505941213256,9.731392120075046,19.59654033771107,8.071897435897435,9.205515947467166,1.6676597873671044,10.218601626016259,11.911141963727331,3.8298686679174483,1.2565428392745466,1.3800475297060661,2.7445028142589116,3.63634521575985,32.79281801125703,116.50358974358974,103.39434646654159,0.0,0.0,0.9322826766729205,73.5960225140713,25.447729831144464,6.882111319574735,10.819622263914946,1002.0,622.0,1677.0,258.0,2676.0,100.0,6685.0,588.0,685.0,14.615689806128833,0.16399234521575984,0.08993225766103814,0.23749643527204503,0.3138317198248906,0.19476993120700437,0.643622363977486,0.39495051907442147,0.46162754221388363,0.47487509693558466,0.5613706566604127,0.9286292682926828,0.021823064415259538,373.0,0.11723999999999997,0.42049673545966226,20.0,0.0,1,1,11,0.0011333333333333334,0.44599999999999995,0.004733333333333333,0,0,1,4,9,12,13,0,0,1,1,0.1202,0,0.0,0,0.0,0,0.017,0,0.0,,,1999,2019,15,0.8052300687929956
Paul Pierce,piercpa01,79,235.0,1977-10-13,Kansas,1999,2013,1999-02-05T00:00:00Z,True,15,NBA,BOS,SF,1102,1099.0,36.62431941923775,7.152450090744102,15.998185117967331,0.44707884288145205,1.6542649727767695,4.471869328493648,0.36992694805194803,5.498185117967332,11.526315789473685,0.47701149425287354,0.49878048780487805,5.838475499092559,7.240471869328494,0.8063667126206292,0.9147005444646098,5.120689655172414,6.035390199637024,3.9065335753176043,1.4364791288566243,0.6061705989110708,2.9156079854809436,2.834845735027223,21.797640653357533,40360.0,7882,17630,1823.0,4928.0,6059.0,12702.0,6434,7979,1008.0,5643.0,6651.0,4305,1583.0,668.0,3213.0,3124.0,24021,9.0,20.554682854311203,0.5700114469772053,0.2809935332011893,0.4517967294350844,2.9031962338949455,16.24393211100099,9.650842418235877,19.673357284440037,2.0430946481665018,1.2707358771060455,13.214449950445985,27.771164519326064,81.6,57.00000000000001,138.5,0.16459613478691773,3.552021803766105,0.6102279484638257,4.152616451932607,62.6,10.193369672943508,22.811541129831518,2.357547076313181,6.3878567888999,7.843882556987116,16.426456888007927,8.32332507433102,10.315069375619425,1.308387016848365,7.298069871159563,8.602497522299306,5.562224975222993,2.0430946481665018,0.881248761149653,4.158741328047572,4.059573835480673,31.070599603567885,109.45232903865212,102.40693756194251,0.07730426164519326,28.105525272547077,69.05498017839444,2.6960604558969274,0.07333994053518335,3.6605327056491572,7.021152130822595,1377.0,1023.0,1515.0,441.0,3157.0,141.0,9737.0,685.0,1050.0,13.935022299306244,0.27184640733399407,0.0852435332011893,0.1421839692765114,0.2198319375619425,0.2809935332011893,0.6110162041625371,0.328942814667988,0.409909539147671,0.4136438800792864,0.441388503468781,0.8573652626362734,0.02744720019821605,451.0,0.13601860753221007,0.3766496531219029,25.0,1.0,1,1,10,0.0033333333333333335,0.11546666666666668,0.06666666666666667,0,0,2,0,1,4,13,1,1,1,0,0.002666666666666667,0,0.017,0,0.0,0,0.00013333333333333334,0,0.0,,,1999,2017,15,0.7190064667988106
Antawn Jamison,jamisan01,81,223.0,1976-06-12,UNC,1999,2013,1999-02-06T00:00:00Z,False,15,NBA,"GSW, DAL, WAS, CLE, LAL",PF,1061,864.0,35.24033930254477,7.210179076343072,15.958529688972668,0.45180722891566266,1.0885956644674835,3.132893496701225,0.34747292418772563,6.121583411875589,12.825636192271443,0.4772927689594356,0.4859142452161588,3.301602262016965,4.557021677662583,0.7245087900723889,2.4015080113100846,5.234684260131951,7.636192271442035,1.6531573986804902,0.9792648444863337,0.3939679547596607,1.6088595664467484,2.4043355325164937,18.810556079170595,37390.0,7650,16932,1155.0,3324.0,6495.0,13608.0,3503,4835,2548.0,5554.0,8102.0,1754,1039.0,418.0,1707.0,2551.0,19958,0.0,18.21111527146296,0.52498288312383,0.19799176250334316,0.28599893019523936,7.357076758491576,17.184370152447176,12.139005081572614,8.551147365605777,1.4334367477935277,0.8289462423107784,8.186191495052153,24.432115538914147,65.4,22.600000000000005,87.79999999999998,0.1126381117945975,2.2472238566461624,-1.619962556833378,0.6118935544263172,24.599999999999998,10.576432201123295,23.422193099759294,1.5859909066595348,4.609630917357582,8.977483284300613,18.821029687082106,4.829572078095747,6.6920700722118225,3.5266622091468305,7.703265579031826,11.225033431398769,2.4249478470179193,1.4334367477935277,0.5855897298742979,2.367686547205135,3.5300481412142286,27.614370152447176,109.52580903985023,108.99791388071677,0.0,0.7208344477132923,40.33511634126772,57.67929927788179,1.487617009895694,-2.2900106980476065,3.2513773736293126,754.0,527.0,1402.0,245.0,1972.0,101.0,3946.0,482.0,817.0,11.934212356244988,0.24663067665151117,0.25406384059909065,0.10244463760363734,0.1988419363466168,0.19799176250334316,0.6721812516715701,0.43166584648301687,0.35125875902647774,0.36836496389408935,0.6705136400106981,0.9766422305429261,0.012342845680663279,199.0,0.22825282161005617,0.34349577427119554,9.0,0.0,0,0,2,0.0,0.0033333333333333335,0.025,0,0,0,0,0,0,6,0,1,1,0,6.666666666666667e-05,0,0.0,1,0.03753333333333333,0,0.00013333333333333334,0,0.0,,,1999,2014,15,0.8020082374966568
Rashard Lewis,lewisra02,82,215.0,1979-08-08,,1999,2013,1999-02-09T00:00:00Z,False,15,NBA,"SEA, ORL, WAS, MIA",SF,989,836.0,32.932254802831146,5.607684529828109,12.37917087967644,0.45299354733317,1.7603640040444894,4.5409504550050555,0.38766421732353595,3.8473205257836196,7.838220424671385,0.49084107327141385,0.524095401453892,2.505561172901921,3.1122345803842264,0.8050682261208577,1.409504550050556,3.9726996966632964,5.382204246713853,1.7269969666329625,1.0738119312436805,0.538928210313448,1.5591506572295248,2.366026289180991,15.48129423660263,32570.0,5546,12243,1741.0,4491.0,3805.0,7752.0,2478,3078,1394.0,3929.0,5323.0,1708,1062.0,533.0,1542.0,2340.0,15311,0.0,16.951688670555722,0.5621952410193427,0.36833662879950874,0.24868455634019038,5.0186245010746084,13.991212772490021,9.539272336505986,8.937092416334051,1.7350660116671786,1.2387595947190666,10.259972367209086,21.305376112987414,60.5,28.699999999999996,89.2,0.13145790604851093,2.2679029782007984,-0.31582437826220455,1.9829352164568617,32.6,8.990727663494011,19.857939821922017,2.8178507829290758,7.24771875959472,6.172876880564936,12.587617439361376,4.0307184525637085,4.987642001842185,2.254415105925699,6.365919557875346,8.61856002456248,2.764160270187289,1.7350660116671786,0.8637979735953331,2.504694504144919,3.7886122198342034,24.828888547743315,111.83840957936752,106.82505373042677,0.0,0.8435677003377341,49.94421246545901,48.10181148295978,1.4066318698188518,2.399953945348481,2.452615904206325,631.0,436.0,1109.0,292.0,1154.0,40.0,4003.0,285.0,508.0,14.688581516733189,0.18690770647835428,0.1785678231501382,0.12707031010132022,0.1390821000921093,0.36833662879950874,0.6573125268652134,0.44297813939207864,0.4014702179920172,0.40107473134786614,0.5247449800429843,0.9548229659195578,0.040377310408351234,467.0,0.33090273257599023,0.40789373656739325,25.0,0.0,1,0,2,0.0,0.0017333333333333335,0.0,0,0,0,0,0,0,3,0,0,0,0,0.0,0,0.0,0,0.0,0,0.0006666666666666666,0,0.0,,,1999,2014,15,0.6316633712004913
Shawn Marion,mariosh01,79,220.0,1978-05-07,"Vincennes University, UNLV",2000,2014,1999-11-02T00:00:00Z,False,15,NBA,"PHO, MIA, TOR, DAL",SF,1106,1038.0,35.25858951175407,6.482820976491863,13.371609403254974,0.4848197984988843,0.7043399638336347,2.119349005424955,0.33233788395904434,5.7784810126582276,11.252260397830018,0.513539574126155,0.5111569409696396,2.0840867992766725,2.5705244122965643,0.8107632782272247,2.4122965641952985,6.537974683544304,8.950271247739602,1.94122965641953,1.566003616636528,1.0904159132007234,1.5524412296564196,2.2396021699819166,15.754068716094032,38996.0,7170,14789,779.0,2344.0,6391.0,12445.0,2305,2843,2668.0,7231.0,9899.0,2147,1732.0,1206.0,1717.0,2477.0,17424,0.0,19.031290388757824,0.5429452507949533,0.15645866242691558,0.189999256333983,7.8826212944917415,20.707713611652473,14.393130064622012,9.100410298492154,2.285519027592574,2.2370499538414195,9.784749717919786,20.57409477895169,63.0,60.4,123.30000000000001,0.1517022002256642,1.7940481074982044,1.0153477279720997,2.819150682121243,47.3,9.460631859677916,19.534170171299625,1.013739870755975,3.093804492768489,8.42733357267412,16.43918607036619,3.034134270181557,3.7415555441583757,3.5268489075802645,9.526359113755257,13.055977536157556,2.822438198789619,2.285519027592574,1.5907964919478919,2.258972715150272,3.2721099599958974,22.976138578315723,110.16465791363217,101.30074879474817,0.0,1.32311006257052,63.51436044722536,35.03484972817725,0.27043799364037335,2.8022540773412654,2.181136526823264,806.0,550.0,1465.0,132.0,1197.0,58.0,4955.0,248.0,693.0,9.763537285875474,0.3391928659349677,0.2220373371627859,0.1736892501795056,0.10839514309159913,0.15645866242691558,0.6787665401579648,0.4247841829931275,0.4001011898656272,0.3475855215919581,0.6876716842753103,0.9749655862139707,0.10722592060724176,1456.0,0.5085344907169965,0.3266131398092112,15.0,0.0,1,0,4,0.06513333333333333,0.051333333333333335,0.040466666666666665,0,0,9,0,0,2,7,0,1,1,0,0.00013333333333333334,0,0.0,0,0.0,0,0.0037333333333333333,0,0.022733333333333335,,,2000,2015,15,0.8435413375730844
Andre Miller,millean02,75,200.0,1976-03-19,Utah,2000,2014,1999-11-02T00:00:00Z,False,15,NBA,"CLE, LAC, DEN, PHI, POR, DEN, WAS",PG,1184,935.0,32.5625,4.924831081081081,10.733108108108109,0.45884482215926975,0.1554054054054054,0.714527027027027,0.21749408983451538,4.769425675675675,10.01858108108108,0.47605800033721124,0.4660843563109852,3.3217905405405403,4.109797297297297,0.8082614056720099,1.1182432432432432,2.7592905405405403,3.8775337837837838,6.88597972972973,1.2652027027027026,0.1866554054054054,2.516891891891892,2.308277027027027,13.326858108108109,38554.0,5831,12708,184.0,846.0,5647.0,11862.0,3933,4866,1324.0,3267.0,4591.0,8153,1498.0,221.0,2980.0,2733.0,15779,9.0,17.603413394200338,0.5311321263682108,0.06715173522851067,0.3822933807127665,4.001229444415626,9.892978679255071,6.948205114903771,34.78876640556103,2.0225890958136636,0.4421901748197334,16.80392955335374,20.87697774549982,67.50000000000001,29.9,97.70000000000002,0.1215482180837267,1.6288737874150543,-0.19519375421486748,1.415772682471339,33.3,7.9059215645588,17.260704466462624,0.25688644498625307,1.154782901903823,7.66367432691809,16.093388494060285,5.337166052809047,6.610193494838407,1.7927400529127973,4.422345281942211,6.222472376407118,11.036419048607147,2.0225890958136636,0.30449499403434144,4.046109353115112,3.6903771333713755,21.415936089640507,109.80121388182809,107.61319188670436,81.96441354982622,17.57306634849821,0.6858432328681849,0.0,0.0,1.0219562172537218,4.204347149452716,1697.0,708.0,916.0,279.0,1883.0,183.0,17659.0,389.0,1047.0,10.067341910048246,0.3401921460808217,0.17026049177776625,0.2200451055662188,0.20229174664107485,0.06715173522851067,0.6055125278829694,0.4022290294132905,0.40525024640763607,0.3935109197489236,0.2999708720236552,0.6903956787881932,0.0017294962909166366,18.0,0.10842317269284639,0.24184520412927324,118.0,3.0,0,0,0,0.01126666666666667,0.004266666666666667,0.058333333333333334,0,0,7,0,0,0,3,1,1,1,0,0.0,0,0.017,0,0.0009333333333333333,0,0.0016,0,0.0,,,2000,2016,15,0.9328482647714893
Jason Terry,terryja01,74,185.0,1977-09-15,Arizona,2000,2014,1999-11-02T00:00:00Z,False,15,NBA,"ATL, DAL, BOS, BRK",SG,1136,650.0,32.53169014084507,5.643485915492958,12.64612676056338,0.44626200751775025,1.716549295774648,4.524647887323944,0.37937743190661477,3.92693661971831,8.121478873239436,0.4835248211575981,0.5141305861060839,2.352992957746479,2.7808098591549295,0.8461538461538461,0.3987676056338028,2.171654929577465,2.5704225352112675,4.408450704225352,1.2341549295774648,0.18838028169014084,1.9639084507042253,1.9568661971830985,15.356514084507042,36956.0,6411,14366,1950.0,5140.0,4461.0,9226.0,2673,3159,453.0,2467.0,2920.0,5008,1402.0,214.0,2231.0,2223.0,17445,1.0,17.061678753111806,0.553892953782877,0.361022026193311,0.21934825197532198,1.4322383374824117,7.532803874878233,4.548368329905834,23.489260201320487,2.0009497781145145,0.4282416928238987,12.494874986470395,22.335493559909086,66.1,28.2,94.1,0.12219130858317998,2.208753652992748,-0.3524488581015261,1.8489717501894145,35.9,9.146774542699426,20.488075008117764,2.778658404589241,7.34164682324927,6.354962658296353,13.160839917740015,3.7960358263881377,4.502627448858101,0.6475322004545947,3.4995535231085615,4.16994804632536,7.138811018508497,2.0009497781145145,0.2995102283796948,3.1731978569109214,3.166213875960602,24.887712414763502,110.46384890139626,107.7024028574521,48.999485875094706,48.40718692499188,2.6802954865245154,0.0,0.0,1.477757333044702,2.6706597034311073,1312.0,544.0,878.0,146.0,1090.0,86.0,11031.0,205.0,604.0,16.39877421798896,0.14698113973373744,0.09494609806256088,0.1506647905617491,0.2465865353393224,0.361022026193311,0.5975959248836453,0.414317133888949,0.4471852743803442,0.470987958653534,0.38910609914492916,0.810470478406754,0.007267263773135619,103.0,0.25498460331204675,0.40211765342569544,22.0,2.0,1,0,0,0.0011333333333333334,0.0002,0.017866666666666666,0,0,1,0,0,0,1,0,1,1,0,0.0,0,0.0,1,0.12913333333333332,0,0.0021333333333333334,0,0.0,,,2000,2018,15,0.6389779738066891
Metta World Peace,artesro01,79,260.0,1979-11-13,St. John's,2000,2014,1999-11-03T00:00:00Z,False,15,NBA,"CHI, IND, SAC, HOU, LAL, NYK",SF,931,833.0,32.964554242749735,4.932330827067669,11.83780880773362,0.41665910534434264,1.2019334049409238,3.523093447905478,0.3411585365853659,3.7303974221267455,8.314715359828142,0.44865004521379664,0.4674258234280011,2.7089151450053706,3.7841031149301827,0.7158671586715867,1.2191192266380235,3.4414607948442537,4.660580021482277,2.7851772287862513,1.8141783029001075,0.5467239527389903,1.900107411385607,2.686358754027927,13.775510204081632,30690.0,4592,11021,1119.0,3280.0,3473.0,7741.0,2522,3523,1135.0,3204.0,4339.0,2593,1689.0,509.0,1769.0,2501.0,12825,0.0,14.994099055066796,0.5081200716845877,0.30494493320299765,0.31395933528836756,4.29357771260997,11.975363310524601,8.163382209188661,14.624444444444444,2.9065004887585535,1.2415151515151517,12.28686542847833,21.35473769957641,20.199999999999996,40.900000000000006,61.2,0.09580172694688822,0.035454545454545495,1.2798533724340175,1.3252557836428807,25.700000000000003,7.8588986640599545,18.86448680351906,1.9073216031280549,5.6092179863147615,5.947168458781361,13.273773216031282,4.327201042684915,6.052401433691757,1.9428250244379277,5.471818181818181,7.43593678722711,4.441694362984686,2.9065004887585535,0.8546041055718475,3.041720430107527,4.291459758879114,21.954672531769308,102.22854349951125,103.17008797653959,0.0,6.201694362984686,82.52759856630824,11.211045943304008,0.16630824372759856,3.35237210817856,7.026533072662105,618.0,473.0,810.0,349.0,1514.0,87.0,5805.0,325.0,776.0,13.49987292277615,0.3105639947865755,0.1062698598892147,0.08295500162919517,0.19527217334636693,0.30494493320299765,0.5689525904203323,0.3076872922776149,0.3704348973607038,0.3648272075594656,0.4519304007820137,0.814763897034865,0.024968947539915288,241.0,0.27190720104268484,0.323668458781362,10.0,0.0,1,0,1,0.20326666666666662,0.009733333333333333,0.03333333333333333,2,4,11,0,0,1,1,0,1,1,0,0.0,0,0.0,0,0.0,0,0.0016,1,0.08553333333333334,,,2000,2017,15,0.6950550667970022
Elton Brand,brandel01,81,275.0,1979-03-11,Duke,2000,2014,1999-11-03T00:00:00Z,False,15,NBA,"CHI, LAC, PHI, DAL, ATL",PF,1005,863.0,34.028855721393036,6.493532338308458,12.953233830845772,0.5013058841603933,0.001990049751243781,0.01890547263681592,0.10526315789473684,6.491542288557214,12.934328358208955,0.501884760366182,0.5013827008757106,3.5890547263681594,4.872636815920398,0.7365734122932408,3.2507462686567163,5.582089552238806,8.832835820895522,2.1333333333333333,0.909452736318408,1.7860696517412935,2.02089552238806,3.0139303482587065,16.578109452736317,34199.0,6526,13018,2.0,19.0,6524.0,12999.0,3607,4897,3267.0,5610.0,8877.0,2144,914.0,1795.0,2031.0,3029.0,16661,1.0,20.71785724728793,0.5485383490745345,0.0015298400538027428,0.3725129682154449,11.098526272698033,18.96177666013626,15.044167958127431,11.744694289306706,1.4127167461036874,3.933261206468025,11.748223632269948,23.045358051405017,66.00000000000001,42.800000000000004,108.8,0.15264130530132455,2.0292991023129336,0.32516447849352326,2.3558057253136058,37.4,10.118965466826515,20.14701891868183,0.0,0.021971402672592764,10.109903798356676,20.108912541302377,5.581660282464399,7.579768414281119,5.059618702301238,8.670814936109242,13.719012251820228,3.3121026930612008,1.4127167461036874,2.778493523202433,3.146302523465599,4.663996023275534,25.779446767449343,110.37270095616832,103.40273107400802,0.0,0.0,1.4251293897482382,68.62399485365069,30.03918243223486,-1.9068013684610665,2.9022164390771663,501.0,760.0,1526.0,318.0,2198.0,50.0,4857.0,603.0,807.0,8.36220942132811,0.29893909178630956,0.26882689552326094,0.31331822567911344,0.11758794116787041,0.0015298400538027428,0.6475887306646393,0.46352761776660134,0.43541901809994443,0.3806238194099243,0.6303819994736688,0.18059007573320857,0.046357642036316836,580.0,0.22935854849557005,0.0,1.0,0.0,0,0,2,0.0044,0.03793333333333334,0.06666666666666667,0,0,2,0,1,1,6,1,1,1,0,0.0027333333333333333,1,0.479,0,0.0,0,0.0012000000000000001,0,0.0003333333333333333,,,2000,2016,15,0.9984701599461974
Jamal Crawford,crawfja01,77,185.0,1980-03-20,Michigan,2001,2015,2000-10-31T00:00:00Z,False,15,NBA,"CHI, NYK, GSW, ATL, POR, LAC",SG,1021,427.0,31.186092066601372,5.416258570029383,13.19686581782566,0.4104200682796497,1.7786483839373164,5.088148873653281,0.3495668912415784,3.6376101860920667,8.10871694417238,0.4486049039739099,0.4778091138488942,3.0166503428011753,3.515181194906954,0.8581777653942603,0.3917727717923604,2.0470127326150833,2.4387855044074436,3.6503428011753183,0.9725759059745348,0.21939275220372184,1.9931439764936336,1.5768854064642508,15.627815866797258,31841.0,5530,13474,1816.0,5195.0,3714.0,8279.0,3080,3589,400.0,2090.0,2490.0,3727,993.0,224.0,2035.0,1610.0,15956,0.0,15.628450739612449,0.5288642002449672,0.3838554693633994,0.266593009013536,1.4437077981219182,7.60973587512955,4.493605728463301,20.18017022078452,1.6290034860714175,0.5474451179297133,12.066150560597972,24.240780754373297,38.7,15.199999999999998,53.99999999999999,0.08147366602807701,1.6973085016174114,-1.3536478125687006,0.3352187431299268,18.9,9.05005496058541,22.035495116359414,2.9642285104111052,8.503743601017556,6.08272981376213,13.547511070632202,5.030551804277503,5.863732294839986,0.6479319116861907,3.4224113564272485,4.067739706667504,6.0901667661191565,1.6290034860714175,0.3711661065921297,3.336424735404039,2.646801293929211,26.087490970760975,105.88345215288464,110.49599572877736,27.148707641091676,62.9440658270783,9.845356615684182,0.06903049527338966,0.0,-2.2175842467259197,-0.1643447127916836,1057.0,508.0,705.0,181.0,1280.0,70.0,8181.0,286.0,468.0,16.92234226311988,0.14455924751107066,0.10763038221161396,0.10735008322602933,0.25688031154800417,0.3838554693633994,0.5490039885681983,0.41207025533117686,0.4107558807826387,0.42106237241292677,0.30027866587104673,0.7676417197952325,0.007911434942369901,92.0,0.2662350742753054,0.386306805690776,60.0,4.0,0,0,0,0.0,0.0,0.0012,0,0,0,0,0,0,0,0,0,1,0,0.0,0,0.0,2,0.16719999999999996,0,0.0,0,0.0,,,2001,2020,15,0.6161445306366006
Kenyon Martin,martike01,81,234.0,1977-12-30,Cincinnati,2001,2015,2000-10-31T00:00:00Z,False,15,NBA,"NJN, DEN, LAC, NYK, MIL",PF,757,667.0,30.56010568031704,5.11889035667107,10.60898282694848,0.4825052919935251,0.08718626155878467,0.3725231175693527,0.23404255319148937,5.031704095112286,10.236459709379128,0.4915472964253452,0.4866143693188893,1.9933949801849407,3.16776750330251,0.6292743953294412,1.7331571994715984,5.081902245706737,6.815059445178336,1.9009247027741083,1.179656538969617,1.141347424042272,1.7410832232496698,3.299867899603699,12.318361955085866,23134.0,3875,8031,66.0,282.0,3809.0,7749.0,1509,2398,1312.0,3847.0,5159.0,1439,893.0,864.0,1318.0,2498.0,9325,1.0,15.029865133569638,0.5120733984611393,0.035002809717299216,0.2939561684101323,6.522434511973717,19.054504192962735,12.830574046857441,10.59424656349961,2.0075041065098986,2.830548111005447,12.623999308377279,20.207171263075992,12.0,36.00000000000001,48.400000000000006,0.09956812483790091,-1.0250021613209992,1.1037650211809455,0.08602057577591427,12.1,8.652628166335264,17.916944756635253,0.1460274920031123,0.6334486037866344,8.490334572490706,17.289227976139017,3.3746260914671042,5.360802282354975,2.941743753782312,8.569888475836434,11.504754906198668,3.2059133742543446,2.0075041065098986,1.9402827007867205,2.947402092158727,5.582056713063024,20.79881991873433,101.42655831244056,101.19006656868679,0.0,0.0,2.106682804530129,77.07136681940001,20.935549407798046,3.2648093714878534,1.5933733898158557,470.0,397.0,1145.0,241.0,1121.0,13.0,3176.0,227.0,522.0,8.46567389988761,0.3935936284256938,0.21531334831849228,0.1335075213970779,0.2224344255208784,0.035002809717299216,0.6815519149304056,0.3992015647964037,0.3270727932912596,0.34037883634477395,0.6869068470649261,0.7675599118181033,0.17475209648136947,1278.0,0.22146118267485085,0.29901547505835563,11.0,0.0,0,0,1,0.0294,0.0002666666666666667,0.06426666666666667,0,0,5,0,0,0,2,1,1,1,0,0.0,0,0.29,0,0.0,0,0.0016,0,0.001,,,2001,2015,15,0.9649999135471601
Mike Miller,millemi01,80,218.0,1980-02-19,Florida,2001,2015,2000-10-31T00:00:00Z,False,15,NBA,"ORL, MEM, MIN, WAS, MIA, MEM, CLE",SF,965,568.0,28.277720207253886,4.129533678756476,8.976165803108808,0.4600554144539367,1.6196891191709843,3.97720207253886,0.4072433559145388,2.5098445595854924,4.998963730569948,0.5020729684908789,0.5502770722696837,1.3979274611398964,1.8186528497409327,0.7686609686609687,0.6466321243523316,3.793782383419689,4.4404145077720205,2.6984455958549223,0.5782383419689119,0.23316062176165803,1.5865284974093263,2.0528497409326425,11.276683937823835,27288.0,3985,8662,1563.0,3838.0,2422.0,4824.0,1349,1755,624.0,3661.0,4285.0,2604,558.0,225.0,1531.0,1981.0,10882,1.0,14.465537965406035,0.5775274479624743,0.45405676487833485,0.1984628774552917,2.6647134271474635,15.661257695690413,9.128741571386689,15.818759161536207,1.0752198768689534,0.6358545880973323,14.211030489592494,18.327169451773674,39.099999999999994,21.299999999999997,60.300000000000004,0.10623878627968339,1.3205584872471416,-0.431940779829962,0.8883318674875403,19.700000000000003,7.645492524186454,16.626015098211667,3.0093924069187916,7.3706024626209325,4.641479771328056,9.263760627382,2.575590002931691,3.379720023453534,1.1905526238639694,7.0368000586338315,8.214138082673703,5.005757109352096,1.0752198768689534,0.4261433597185575,2.9292729404866606,3.815068894752272,20.886089123424213,110.08989299325711,107.88485781295807,0.11997947815889769,31.686822046320728,64.07244942832014,4.149149809440047,0.0,-0.3133098798006452,0.030922017003811305,761.0,358.0,914.0,253.0,660.0,81.0,5859.0,192.0,368.0,16.708168425681613,0.2259282102022867,0.054752895045441216,0.04544645998240986,0.22017447229551454,0.45405676487833485,0.654765318088537,0.36619045001465844,0.3025834799179126,0.4233066182937556,0.5409302990325419,0.9152597478745235,0.01803470389914981,151.0,0.1735395411902668,0.4147186675461741,1.0,0.0,2,0,0,0.0,0.0,0.06666666666666667,0,0,0,0,0,0,0,1,1,1,0,0.0,1,0.605,1,0.05433333333333333,0,0.0,0,0.0,,,2001,2017,15,0.5459432351216651
Hedo Türkoğlu,turkohe01,82,220.0,1979-03-19,,2001,2015,2000-11-01T00:00:00Z,False,15,NBA,"SAC, SAS, ORL, TOR, PHO, ORL, LAC",SF,997,571.0,26.7753259779338,3.8625877632898695,9.061183550651956,0.42627850343148105,1.2497492477432297,3.255767301905717,0.3838570548367221,2.61283851554664,5.805416248746239,0.45006910850034554,0.49524020367500554,2.0802407221664994,2.6529588766298895,0.7841209829867675,0.6489468405215647,3.334002006018054,3.982948846539619,2.8405215646940825,0.7522567703109327,0.29989969909729186,1.5827482447342025,2.4102306920762286,11.055165496489469,26695.0,3851,9034,1246.0,3246.0,2605.0,5788.0,2074,2645,647.0,3324.0,3971.0,2832,750.0,299.0,1578.0,2403.0,11022,3.0,14.289233938939873,0.5396024349129052,0.36511575201348573,0.28869005431728795,2.8400936504963483,13.914279827683087,8.524914778048323,17.30083536242742,1.479288256227758,0.818853717924705,13.372579134669413,20.137917212961227,32.6,31.0,63.3,0.11380033714178682,0.5106049822064056,0.39569956920771676,0.9395579696572394,19.6,7.512979958793782,17.61017793594306,2.4415471061996628,6.356456265218206,5.075527252294438,11.28971717550103,4.053317100580633,5.16471998501592,1.2564300430792283,6.474620715489792,7.744304176812136,5.522940625585315,1.479288256227758,0.5811575201348567,3.0785540363363926,4.684693762876943,21.506825248173815,107.4848848098895,105.16654804270463,0.0,0.34542049072860087,82.67188612099645,16.486383217831055,0.6710994568271211,4.152448023974527,2.3962240119872633,858.0,404.0,1229.0,135.0,1079.0,67.0,6482.0,192.0,300.0,15.60448023974527,0.21986967596928264,0.0851251919835175,0.11699820191047011,0.21294575763251547,0.36511575201348573,0.5710950739838921,0.3458710619966286,0.4070893800337142,0.3865350814759319,0.37046083536242735,0.8285618280576887,0.01878587750515078,149.0,0.18589248923019294,0.41026941374789283,29.0,0.0,0,0,0,0.0,0.00046666666666666666,0.040466666666666665,0,0,0,0,0,0,2,0,1,1,0,0.0,0,0.0,0,0.0012000000000000001,1,0.0416,0,0.00013333333333333334,,,2001,2015,15,0.6348842479865144
Richard Jefferson,jefferi01,79,233.0,1980-06-21,Arizona,2002,2016,2001-10-30T00:00:00Z,False,15,NBA,"NJN, MIL, SAS, GSW, UTA, DAL, CLE",SF,1082,796.0,30.051756007393717,4.60720887245841,9.918669131238447,0.464498695490123,0.9038817005545287,2.3807763401109057,0.3796583850931677,3.7033271719038816,7.5378927911275415,0.4912947523295733,0.5100633619083116,3.2144177449168208,4.181146025878004,0.768788682581786,0.8197781885397413,3.3391866913123844,4.1589648798521255,2.1432532347504623,0.7014787430683919,0.31053604436229204,1.5813308687615526,2.2855822550831792,13.33271719038817,32516.0,4985,10732,978.0,2576.0,4007.0,8156.0,3478,4524,887.0,3613.0,4500.0,2319,759.0,336.0,1711.0,2473.0,14426,1.0,14.768655431172347,0.5678343892237668,0.25632639316029027,0.41109438430311235,3.15410874646328,12.91622893344815,8.021026571534014,12.319716447287492,1.219467339156108,0.7725335219584205,11.749145036289827,20.371054250215277,48.3,32.4,81.0,0.11929360930003689,0.547367449870833,-0.11720383811046875,0.43114466724074285,19.8,8.051740681510642,17.341404231762823,1.5656446057325624,4.1420408414319105,6.49019252060524,13.20144236683479,5.625916471890761,7.299923114774264,1.4291733300528968,5.8420131627506455,7.262544593430926,3.761252921638578,1.219467339156108,0.5264608192889654,2.763255012916718,3.983568089555911,23.308678804280966,110.2381904293271,106.45300775003075,0.0,3.483023742157707,85.1976872924099,11.248062492311478,0.01746832328699717,1.0954268667732807,1.1122770328453686,705.0,491.0,1115.0,290.0,1967.0,123.0,5253.0,370.0,638.0,12.772327469553451,0.32356353795054743,0.09555984745971215,0.07808235945380736,0.24640540041825562,0.25632639316029027,0.6436148050190676,0.3510542502152786,0.35778555172837984,0.39977607946856936,0.6544123815967523,0.9325045208512731,0.08932790011071472,838.0,0.3888666195103949,0.38475741173576083,6.0,0.0,1,0,0,0.0034000000000000002,0.0,0.041666666666666664,0,0,3,0,0,0,0,0,1,1,0,0.0,0,0.024,0,0.0,0,0.0030666666666666668,0,0.0,,,2002,2018,15,0.7436736068397096
Joe Johnson,johnsjo02,79,240.0,1981-06-29,Arkansas,2002,2016,2001-10-30T00:00:00Z,False,15,NBA,"BOS, PHO, ATL, BRK, MIA",SG,1143,1073.0,36.033245844269466,6.4768153980752405,14.639545056867892,0.44241917169664735,1.6027996500437445,4.311461067366579,0.3717532467532468,4.874015748031496,10.328083989501312,0.4719186785260483,0.49716129803382536,2.3447069116360453,2.9273840769903763,0.8009563658099222,0.8923884514435696,3.1706036745406823,4.062992125984252,4.176727909011373,0.889763779527559,0.20559930008748906,2.041119860017498,1.8302712160979877,16.901137357830272,41186.0,7403,16733,1832.0,4928.0,5571.0,11805.0,2680,3346,1020.0,3624.0,4644.0,4774,1017.0,235.0,2333.0,2092.0,19318,2.0,15.785580051473799,0.5289250230660905,0.29579497887631717,0.19546064196571647,2.8486014665177493,10.176601272276987,6.513958626717817,20.14451027048026,1.2828606808138687,0.43131403875103186,11.381547127664739,22.839513426892633,55.199999999999996,23.0,78.2,0.09103418637401058,1.627086874180547,-1.1523454571941925,0.4747414169863546,25.8,9.445180401107173,21.380804156752294,2.328669936386151,6.300213664837567,7.110756082163843,15.07300539018113,3.425897149516826,4.292927208274657,1.297746807167484,4.616180255426601,5.9060384596707625,6.098290681299471,1.2828606808138687,0.29543048608750544,2.96894818627689,2.6647671538872433,24.685924828825332,107.26659544505415,110.01454377701161,3.4723935317826444,55.95301801583062,38.304423833341424,2.199558102267761,0.0,0.6530277278686933,3.306082163842082,1075.0,730.0,832.0,242.0,1178.0,61.0,10929.0,250.0,619.0,14.676183654639928,0.16066826105958337,0.19086964016898944,0.12919394940028164,0.22376640120429275,0.29579497887631717,0.5878106152576118,0.49821968630117036,0.42903695430486094,0.3872847083960569,0.319612416840674,0.862254018355752,0.009218205215364443,138.0,0.37826084106249697,0.4014096537658428,49.0,2.0,0,0,7,0.013266666666666668,0.020400000000000005,0.0,0,0,6,0,0,1,7,0,1,1,0,0.00013333333333333334,0,0.0,0,0.00013333333333333334,0,0.002866666666666667,0,0.0,,,2002,2022,15,0.7042050211236828
Tony Parker,parketo01,74,185.0,1982-05-17,,2002,2016,2001-10-30T00:00:00Z,True,15,NBA,SAS,PG,1080,1067.0,32.053703703703704,6.593518518518518,13.342592592592593,0.4941707147814018,0.43796296296296294,1.3388888888888888,0.32710926694329184,6.155555555555556,12.003703703703703,0.5128046899105214,0.5105829285218598,2.9342592592592593,3.8944444444444444,0.7534474560152163,0.38055555555555554,2.4944444444444445,2.875,5.878703703703704,0.8981481481481481,0.08148148148148149,2.437962962962963,1.724074074074074,16.55925925925926,34618.0,7121,14410,473.0,1446.0,6648.0,12964.0,3169,4206,411.0,2694.0,3105.0,6349,970.0,88.0,2633.0,1862.0,17884,1.0,18.739823213357212,0.5479677046623146,0.10831555838003348,0.2900725056329077,1.4059564388468424,8.807897625512739,5.2122306314634,32.49711710670749,1.501421225951817,0.18508290484718934,14.085516205442255,25.424550811716447,63.39999999999999,42.6,105.89999999999999,0.14691631521173953,1.7785285111791556,-0.266320989080825,1.5186868103298865,30.900000000000002,10.848024149286497,21.994000231093644,0.7147553295973195,2.201045698769426,10.138988387544051,19.778433185048243,4.83397365532382,6.426792420128257,0.621927898780981,4.126974406378184,4.7407995840314285,9.680888555086948,1.501421225951817,0.1354266566526085,4.011309145531227,2.8380553469293424,27.288396210064132,108.74423710208562,104.31726269570744,97.83413253220868,2.1658674677913226,0.0,0.0,0.0,8.242168813911839,2.611647119995378,1232.0,821.0,708.0,227.0,1664.0,95.0,14689.0,378.0,919.0,10.423242243919349,0.35162146860015026,0.1828184759373736,0.08933549020740654,0.2682080709457507,0.10831555838003348,0.6452051245017045,0.4498957767635335,0.38056213530533245,0.4075500028886707,0.2710246403605061,0.8656105205384481,0.000681668496158068,8.0,0.43688237333179275,0.37428207868738805,5.0,0.0,4,1,6,0.014333333333333335,0.12653333333333333,0.057133333333333335,0,0,5,0,3,4,13,1,1,1,0,0.02526666666666667,0,0.0,0,0.0,0,0.019666666666666666,0,0.0,,,2002,2019,15,0.8916844416199665
Zach Randolph,randoza01,81,250.0,1981-07-16,Michigan State,2002,2016,2001-10-30T00:00:00Z,False,15,NBA,"POR, NYK, LAC, MEM",PF,984,820.0,31.83130081300813,6.75,14.27540650406504,0.472841176051826,0.1290650406504065,0.4959349593495935,0.26024590163934425,6.620934959349594,13.779471544715447,0.4804926617007154,0.47736171424503454,3.3353658536585367,4.361788617886178,0.7646784715750233,3.048780487804878,6.314024390243903,9.362804878048781,1.829268292682927,0.766260162601626,0.2855691056910569,2.108739837398374,2.41260162601626,16.964430894308943,31322.0,6642,14047,127.0,488.0,6515.0,13559.0,3282,4292,3000.0,6213.0,9213.0,1800,754.0,281.0,2075.0,2374.0,16693,1.0,19.492184407125983,0.5239674031032501,0.03370611710618735,0.30502732903390584,11.185955558393461,23.569641146797775,17.29932315944065,10.581214481833852,1.2780824979247813,0.702704169593257,11.489563246280571,26.35637251771917,42.99999999999999,33.5,76.60000000000001,0.11714433944192579,1.6045590958431772,-1.3345635655449846,0.26467977779196733,17.9,11.27815912138433,23.862013919928486,0.21045590958431776,0.8335036076878871,11.053457633612158,23.039837813677288,5.579739480237533,7.289464274311984,5.0934391162761,10.549367856458721,15.622345316391034,3.0512323606410834,1.2780824979247813,0.4787816869931678,3.524027839856969,4.021195964497797,28.327683417406295,106.59210778366644,106.07732584126174,0.0,0.0,0.0,76.60759210778366,23.52043292254645,-0.7651842155673327,2.8749441287274125,692.0,643.0,902.0,382.0,1872.0,65.0,4119.0,473.0,1212.0,8.093368878104847,0.37183937807291995,0.27778832769299533,0.12309561969222912,0.19357882638401122,0.03370611710618735,0.5915894578890236,0.43176227571674863,0.377720962901475,0.3940002554115318,0.5001423280761126,0.8145197305408339,0.010632303173488284,129.0,0.16711467977779196,0.20297247940744526,32.0,5.0,0,0,2,0.0002666666666666667,0.017866666666666666,0.0,0,0,1,0,0,1,6,0,0,0,0,0.0,0,0.0,0,0.0003333333333333333,1,0.04186666666666667,0,0.0,,,2002,2018,15,0.9662938828938126
Tyson Chandler,chandty01,84,235.0,1982-10-02,,2002,2016,2001-10-31T00:00:00Z,False,15,NBA,"CHI, NOK, NOH, CHA, DAL, NYK, DAL, PHO",C,986,783.0,28.472616632860042,3.2545638945233266,5.509127789046653,0.5907584683357879,0.0,0.010141987829614604,0.0,3.2545638945233266,5.498985801217039,0.5918480265584655,0.5907584683357879,2.218052738336714,3.445233265720081,0.6438033559022667,3.1693711967545637,6.0973630831643,9.266734279918865,0.8529411764705882,0.5618661257606491,1.2707910750507099,1.5030425963488845,2.9350912778904665,8.727180527383368,28074.0,3209,5432,0.0,10.0,3209.0,5422.0,2187,3397,3125.0,6012.0,9137.0,841,554.0,1253.0,1482.0,2894.0,8605,0.0,16.37271852960034,0.6225116834081357,0.0020283180166702284,0.6309142266866139,12.679942295362256,24.741540215145687,18.65326280544276,4.653533518558097,1.0292334544418322,3.5238833083992307,17.717635534658406,13.636688751157651,50.50000000000001,42.0,92.7,0.1584832229108784,-0.25751585096530594,0.5301809503455154,0.2573626843342594,15.9,5.982271852960035,10.122547552895918,0.0,0.002785495476241362,5.982271852960035,10.100448813849114,4.07223765761915,6.328955617297144,5.826227114055711,11.168315879461423,16.996487853529953,1.5588801025860226,1.0292334544418322,2.3192989955118617,2.74988957754506,5.382421457576407,16.015883023438054,118.15345159222056,102.4409417966802,0.0,0.0,0.1268077224478165,12.224727505877324,87.85146398803163,1.2559913086841916,2.0973676711548053,394.0,363.0,1378.0,417.0,1507.0,117.0,1892.0,342.0,385.0,2.9450986678065108,0.7388072950060554,0.16089185723445176,0.05000374011540926,0.048600270713115325,0.0020283180166702284,0.6761829806938805,0.3513557384056422,0.33218137778727647,0.23129657334188217,0.6535612310322719,0.0,0.30883600484434,1548.0,0.036706561231032275,0.0,4.0,0.0,1,0,1,0.10659999999999999,0.011733333333333335,0.0071333333333333335,1,3,6,0,0,1,6,0,0,1,0,0.0,0,0.0,0,0.0003333333333333333,0,0.0088,1,0.04606666666666667,,,2002,2020,15,0.9979716819833296
Pau Gasol,gasolpa01,84,250.0,1980-07-06,,2002,2016,2001-11-01T00:00:00Z,True,15,NBA,"MEM, LAL, CHI",PF,1055,1042.0,35.262559241706164,6.964928909952607,13.653080568720378,0.5101360733129686,0.07014218009478673,0.23601895734597156,0.2971887550200803,6.89478672985782,13.417061611374407,0.5138820204874602,0.5127048042210497,4.207582938388626,5.571563981042654,0.7551888397414086,2.6796208530805687,6.844549763033175,9.524170616113745,3.3033175355450237,0.524170616113744,1.6843601895734597,2.3061611374407582,2.2483412322274883,18.207582938388626,37202.0,7348,14404,74.0,249.0,7274.0,14155.0,4439,5878,2827.0,7221.0,10048.0,3485,553.0,1777.0,2433.0,2372.0,19209,9.0,21.588592011182193,0.566321380570937,0.01674127735068007,0.4103248481264448,8.676243212730498,21.493441212838015,15.169794634697059,16.582084296543194,0.7618246330842429,3.525520133326166,12.504298156013117,23.633707865168535,83.4,47.300000000000004,130.4,0.16850239234449763,2.8926374926079244,0.680823611633783,3.545809365087899,52.10000000000001,10.257881296704479,20.114859416160417,0.09931724100854793,0.34890597279716146,10.160991344551366,19.78793344443847,6.215297564647062,8.244876619536583,3.9496639965593245,10.07621902048277,14.017958711897212,4.869106499650557,0.7618246330842429,2.4851567120047307,3.4100155905596474,3.3222192355249716,26.847669480135476,113.29057577549594,103.97158754905651,0.0,0.0,0.0,34.651309069404874,65.59515617439922,2.139672598247406,3.9267055534648674,1071.0,927.0,1308.0,198.0,2395.0,126.0,8088.0,565.0,1132.0,7.382874576635664,0.3646063921294554,0.3103991452072469,0.15370681683780443,0.15500077952798239,0.01674127735068007,0.6579034729315628,0.4376321971936992,0.41009125853448736,0.42301986452341267,0.5935470404816944,0.9108189882264395,0.10030237621633245,1328.0,0.3924737379710768,0.3187308746841568,4.0,0.0,2,0,6,0.0042,0.09539999999999998,0.06666666666666667,0,0,4,0,2,4,13,1,1,1,0,0.0,1,0.929,0,0.0,0,0.0008,0,0.0,,,2002,2019,15,0.9832587226493199
Chris Andersen,anderch01,82,245.0,1978-07-07,Blinn College,2002,2017,2001-11-23T00:00:00Z,False,15,NBA,"DEN, NOH, NOK, NOH, DEN, MIA, MEM, CLE",C,695,45.0,17.658992805755396,1.9223021582733812,3.614388489208633,0.5318471337579618,0.02158273381294964,0.09784172661870504,0.22058823529411764,1.9007194244604317,3.516546762589928,0.54050736497545,0.5348328025477707,1.5366906474820143,2.3482014388489207,0.6544117647058824,1.6920863309352518,3.3338129496402877,5.02589928057554,0.4848920863309353,0.4489208633093525,1.4258992805755395,0.7381294964028777,1.9309352517985612,5.402877697841727,12273.0,1336,2512,15.0,68.0,1321.0,2444.0,1068,1632,1176.0,2317.0,3493.0,337,312.0,991.0,513.0,1342.0,3755,0.0,16.663635622912086,0.5887485537358428,0.028572720606208756,0.674682962600831,11.322952823270592,22.16319563268965,16.761549743339035,4.403112523425405,1.3152041065754094,6.348048561883809,13.725136478448627,13.879344903446588,20.200000000000003,19.4,39.800000000000004,0.15490377250875906,-0.4469078464923002,1.3923735028110489,0.9421820255846167,9.000000000000002,5.685366251120345,10.706705776908661,0.06826366821478042,0.2900839240609468,5.622186914364867,10.40058665362992,4.513036747331541,6.93888209891632,4.993408294630489,9.82894157907602,14.820011407153913,1.4363562291208343,1.3152041065754094,4.199470382139657,2.1981504114723376,5.70018740324289,15.984339607267986,117.49262608979059,101.51242564980038,0.0,0.0,0.05964311904179907,34.439256905402104,65.55194329014911,2.950387028436405,3.919970667318504,207.0,131.0,793.0,100.0,663.0,84.0,737.0,112.0,214.0,4.929291941660556,0.7077408131671149,0.0798931801515522,0.06396178603438442,0.11967196284527011,0.028572720606208756,0.6366071865069666,0.2926134604416198,0.28446190825389067,0.3590739835411065,0.67910999755561,0.3490589098020044,0.24933740731687443,552.0,0.195311496781553,0.13015725576468673,10.0,1.0,1,0,0,0.0011333333333333334,0.0,0.0,0,0,1,0,0,0,0,0,0,0,0,0.0,0,0.0,0,0.0016,0,0.0006666666666666666,0,0.0011333333333333334,,,2002,2017,15,0.971427279393791
Manu Ginóbili,ginobma01,78,205.0,1977-07-28,,2003,2017,2002-10-29T00:00:00Z,True,15,NBA,SAS,SG,992,349.0,25.766129032258064,4.418346774193548,9.878024193548388,0.4472905398510052,1.4425403225806452,3.8941532258064515,0.3704374838208646,2.975806451612903,5.983870967741935,0.4973045822102426,0.5203081947137463,3.2963709677419355,3.9899193548387095,0.8261748357756442,0.6713709677419355,2.912298387096774,3.5836693548387095,3.868951612903226,1.3598790322580645,0.30544354838709675,2.027217741935484,2.1028225806451615,13.575604838709678,25560.0,4383,9799,1431.0,3863.0,2952.0,5936.0,3270,3958,666.0,2889.0,3555.0,3838,1349.0,303.0,2011.0,2086.0,13467,0.0,20.59195226917058,0.5817428794992174,0.3930968701095462,0.4042640845070423,3.102453051643193,12.822202660406884,8.071682316118935,24.801694053208134,2.775105633802817,0.8687402190923318,14.943169014084509,24.64420970266041,58.3,45.99999999999999,104.30000000000001,0.1956173708920188,3.181291079812208,2.1309546165884194,5.317977308294209,47.3,9.053032081377154,20.197797339593116,2.9478208137715183,7.957093114241,6.106854460093896,12.268677621283256,6.760723787167448,8.196521909233176,1.3817683881064162,5.960766823161189,7.342965571205008,7.880269953051642,2.775105633802817,0.6320618153364633,4.134319248826291,4.3166549295774646,27.79629107981221,112.69076682316118,100.09401408450704,1.5108763693270735,76.07969483568075,22.08235524256651,0.35062597809076684,0.0,10.695637715179968,6.969730046948357,1243.0,474.0,766.0,157.0,1431.0,299.0,8649.0,319.0,513.0,13.854483568075116,0.29328039906103287,0.13757601721439752,0.07609929577464787,0.10001521909233177,0.3930968701095462,0.6201399061032864,0.4050930359937402,0.3894160798122066,0.3271090766823161,0.39829354460093896,0.8117904538341157,0.01819381846635368,152.0,0.2106233176838811,0.3905330985915494,32.0,0.0,4,0,2,0.029200000000000004,0.028399999999999998,0.04526666666666667,0,0,8,0,0,2,7,0,1,1,0,0.0017333333333333335,0,0.009,1,0.15113333333333331,0,0.0003333333333333333,0,0.0002,,,2003,2018,15,0.6069031298904538
Mike Dunleavy,dunlemi02,81,230.0,1980-09-15,Duke,2003,2017,2002-10-30T00:00:00Z,False,15,NBA,"GSW, IND, MIL, CHI, ATL, CLE",SF,986,585.0,27.72819472616633,3.9908722109533468,9.052738336713995,0.44084696392561057,1.3225152129817443,3.5091277890466532,0.376878612716763,2.6683569979716024,5.543610547667343,0.4813391877058178,0.5138920008962581,1.9006085192697768,2.366125760649087,0.8032576082297471,0.7079107505070994,3.5628803245436105,4.27079107505071,2.216024340770791,0.72920892494929,0.3286004056795132,1.3884381338742393,2.0141987829614605,11.204868154158214,27340.0,3935,8926,1304.0,3460.0,2631.0,5466.0,1874,2333,698.0,3513.0,4211.0,2185,719.0,324.0,1369.0,1986.0,11048,0.0,13.858441843452816,0.5547688002926116,0.39318068763716163,0.2576043160204828,2.7863935625457206,14.32301755669349,8.485416971470372,12.98669348939283,1.3430943672275057,0.8640892465252378,12.032381126554501,18.326185076810535,32.9,25.599999999999994,58.5,0.10276422823701536,0.2521470373079736,0.006020482809070964,0.2817776152158011,15.799999999999999,7.354517190929043,16.660281638624728,2.423792977322605,6.463723482077541,4.897168983174835,10.199853694220922,3.4768873445501103,4.336254572055596,1.2993525969275788,6.5774689100219454,7.882256766642282,4.07829188002926,1.3430943672275057,0.5887673738112656,2.55751280175567,3.7286978785662037,20.59452084857352,108.99151426481346,106.86945866861741,0.0,15.856474030724213,65.7829188002926,17.539465983906364,0.7389904901243599,0.022110460863204097,2.388478419897586,710.0,355.0,1019.0,139.0,918.0,277.0,4924.0,182.0,355.0,16.000263350402342,0.21405815654718363,0.08917432333577176,0.07049934162399414,0.2334006217995611,0.39318068763716163,0.6583742501828823,0.34875449890270666,0.3593726408193123,0.3963049012435991,0.6906735186539869,0.9568077542062912,0.009782223847841989,83.0,0.24685855888807612,0.40153211411850764,9.0,2.0,0,0,0,0.0,0.0,0.004733333333333333,0,0,0,0,0,0,0,0,0,1,0,0.0,0,0.0,0,0.0002,0,0.0058000000000000005,0,0.0,,,2003,2017,15,0.6068193123628383
Nenê,hilarne01,83,250.0,1982-09-13,,2003,2017,2002-10-30T00:00:00Z,False,15,NBA,"DEN, WAS, HOU",C,871,620.0,27.47761194029851,4.568312284730196,8.342135476463834,0.5476190476190477,0.008036739380022962,0.05510907003444317,0.14583333333333334,4.560275545350172,8.287026406429392,0.5502909393183707,0.5481007431874484,2.8163030998851895,4.2594718714121695,0.6611859838274933,1.8369690011481057,4.510907003444317,6.347876004592423,1.892078071182549,1.142365097588978,0.7944890929965557,1.8817451205510907,3.12743972445465,11.960964408725603,23933.0,3979,7266,7.0,48.0,3972.0,7218.0,2453,3710,1600.0,3929.0,5529.0,1648,995.0,692.0,1639.0,2724.0,10418,0.0,17.200693602974976,0.587777545648268,0.006411732753938077,0.5187223916767644,7.62353653950612,18.645706764718174,13.156850373960639,11.368211256424182,2.1029248318221705,2.2201896962353236,15.536405799523667,19.54053816905528,34.9,34.4,69.2,0.13897710274516362,-0.11711444449087033,1.217269042744328,1.0926001754899093,18.600000000000005,8.434291563949358,15.418012785693396,0.005005640747085614,0.09827434922491957,8.422767726570008,15.314841432331928,5.210859482722602,7.862762712572598,3.4074792128024067,8.332273429992062,11.717778799147622,3.5188484519283,2.1029248318221705,1.4703798103037646,3.491580662683324,5.7812100447081445,22.097915012743908,110.56265407596206,103.01249321021184,0.0,0.0,0.011114360924246856,28.767768353319685,71.22111728575607,3.783854928341621,5.744917060126186,542.0,470.0,1198.0,346.0,1707.0,176.0,3696.0,436.0,611.0,5.5965361634563155,0.568259683282497,0.17034345882254628,0.11317072661179127,0.14210688171144445,0.006411732753938077,0.6882166464713994,0.3769049011824677,0.36914139472694607,0.3531924539338988,0.6972429699577989,0.3865792002674132,0.1807761667989805,1171.0,0.1456648978398028,0.0,6.0,0.0,0,0,0,0.004533333333333334,0.0018666666666666664,0.047599999999999996,0,0,4,0,0,0,2,1,1,1,0,0.0,0,0.003,0,0.0,0,0.007000000000000001,0,0.0,,,2003,2019,15,0.9935882672460619
Udonis Haslem,hasleud01,80,235.0,1980-06-09,Florida,2004,2018,2003-10-28T00:00:00Z,False,15,NBA,MIA,PF,844,498.0,25.407582938388625,3.1137440758293837,6.345971563981043,0.49066467513069456,0.004739336492890996,0.0509478672985782,0.09302325581395349,3.109004739336493,6.295023696682464,0.49388292866553735,0.4910380881254668,1.45260663507109,1.9229857819905214,0.7553912507701787,1.8992890995260663,4.867298578199052,6.766587677725118,0.8601895734597157,0.5,0.2950236966824645,0.9478672985781991,2.4028436018957344,7.684834123222749,21444.0,2628,5356,4.0,43.0,2624.0,5313.0,1226,1623,1603.0,4108.0,5711.0,726,422.0,249.0,800.0,2028.0,6486,0.0,13.019250139899272,0.5339480507368028,0.00869856370080209,0.3019061275881365,9.047938817384816,22.293023689610145,15.796385935459803,5.405302182428651,1.0433081514642792,0.9246595784368586,11.723479761238574,15.056822421190079,23.499999999999996,27.500000000000004,50.900000000000006,0.11380162283156128,-1.3897174034695021,-0.5202480880432755,-1.9221367282223463,0.4999999999999999,6.5033762357769085,13.263560902816641,0.009415221040850588,0.10352546166759932,6.4939610147360565,13.161854131691848,3.0439750046633094,4.020401977243052,3.9636774855437413,10.164558850960642,14.148185972766276,1.7985730274202574,1.0433081514642792,0.6249020705092333,1.9776301063234472,5.028194366722626,16.08029751911957,109.61891438164521,104.37339115836598,0.0,0.0,10.662143256855064,79.10571721693714,10.34578436858795,1.9942921096810295,0.4741559410557733,302.0,246.0,1003.0,139.0,658.0,194.0,1666.0,141.0,355.0,9.85170677112479,0.3538256388733445,0.09666648013430329,0.21093984331281473,0.3300593172915501,0.00869856370080209,0.6539163868681216,0.3651034321954859,0.3972509792949077,0.41030852452900574,0.7752569483305352,0.06188211154635329,0.06943601939936579,320.0,0.0856391065099795,0.012422868867748555,5.0,0.0,3,0,0,0.006666666666666667,0.0,0.025,0,0,3,0,0,0,0,0,1,1,0,0.0,0,0.0,0,0.0005333333333333334,0,0.0017333333333333333,0,0.0005333333333333334,,,2004,2023,15,0.9913014362991978
Kyle Korver,korveky01,79,212.0,1981-03-17,Creighton,2004,2018,2003-10-28T00:00:00Z,False,15,NBA,"PHI, UTA, CHI, ATL, CLE",SG,1104,422.0,26.167572463768117,3.420289855072464,7.70018115942029,0.44418303728973063,2.0045289855072466,4.646739130434782,0.4313840155945419,1.4157608695652173,3.0534420289855073,0.46366063482646097,0.5743441948006117,1.088768115942029,1.236413043478261,0.8805860805860806,0.2907608695652174,2.7518115942028984,3.0425724637681157,1.7798913043478262,0.6820652173913043,0.3432971014492754,1.0715579710144927,2.1177536231884058,9.933876811594203,28889.0,3776,8501,2213.0,5130.0,1563.0,3371.0,1202,1365,321.0,3038.0,3359.0,1965,753.0,379.0,1183.0,2338.0,10967,0.0,12.871355879400463,0.6060785420056077,0.6132015646093668,0.15824410675343553,1.3115718785696977,11.968555505555749,6.691598878465852,10.523334141022534,1.3431375263941292,1.0560074768943197,11.598411159957077,16.14025061442071,40.8,27.599999999999998,68.7,0.11408477275087404,0.6071238187545432,0.1029215272248953,0.6865762054761326,19.799999999999997,6.726747204818443,15.15001211533802,3.9355810169960885,9.124871058188239,2.793582332375645,6.033476409706116,2.1427809893038874,2.434272560490152,0.5819619924538751,5.395873862023607,5.977129703347295,3.4801758454775173,1.3431375263941292,0.6576517013396103,2.1060403613832257,4.158963619370695,19.540524074907406,113.81394302329606,107.222783758524,0.5634324483367371,47.925161826300666,43.9972653951331,7.27100280383537,0.0,3.443705216518398,3.6096195783862375,673.0,274.0,1333.0,120.0,246.0,164.0,4279.0,65.0,209.0,20.8243414448406,0.0588428467582817,0.02212122261068227,0.07028239122157223,0.23544805981515454,0.6132015646093668,0.6147106164976287,0.3666319360310153,0.4338718543390218,0.4458754889404271,0.8493628716812627,0.9644271868185121,0.0024464328983350068,20.0,0.2889638270622037,0.4771494340406384,3.0,0.0,0,0,1,0.0,0.0002,0.0012,0,0,0,0,0,0,1,0,0,1,0,0.0,0,0.0,0,0.006466666666666667,0,0.001,0,0.0,,,2004,2020,15,0.3867984353906331
Dwyane Wade,wadedw01,76,220.0,1982-01-17,Marquette,2004,2018,2003-10-28T00:00:00Z,True,15,NBA,"MIA, CHI, CLE, MIA",SG,982,907.0,34.509164969450104,8.185336048879837,16.962321792260692,0.4825598847331452,0.4714867617107943,1.6425661914460286,0.287042777433354,7.713849287169043,15.319755600814664,0.5035229992023398,0.4964579456084529,5.644602851323829,7.362525458248473,0.7666666666666667,1.2107942973523422,3.5224032586558045,4.733197556008147,5.4989816700611,1.589613034623218,0.8625254582484725,3.2179226069246436,2.25050916496945,22.486761710794298,33888.0,8038,16657,463.0,1613.0,7575.0,15044.0,5543,7230,1189.0,3459.0,4648.0,5400,1561.0,847.0,3160.0,2210.0,22082,4.0,23.909271718602454,0.5558542256846082,0.0942057955618508,0.43453207625118045,4.244440509915015,11.731607058545794,8.075764282341831,30.621408758262508,2.4308457271010386,1.97823418319169,13.854089943342776,31.62350389518413,73.1,45.4,118.3,0.16770635623229466,4.353302053824363,0.8683457271010387,5.221072355996223,61.50000000000001,12.495865793201132,25.88016406987724,0.7205618508026439,2.5197355996222854,11.782908404154863,23.360478635505196,8.61204261095373,11.25571588762984,1.863963644948064,5.372193696883852,7.224645892351275,8.393339825306894,2.4308457271010386,1.3331916902738432,4.918044735599622,3.4246370396600567,34.34026499055713,108.90598441926346,104.32409702549575,13.796742209631729,82.16696175637394,4.039010859301228,0.0,0.0,4.363966595845137,5.557303470254959,1596.0,998.0,979.0,323.0,3213.0,106.0,12372.0,717.0,738.0,10.313296742209632,0.3548917315864023,0.1573081326723324,0.14029768649669497,0.25343991973559965,0.0942057955618508,0.6568848855051935,0.45738040014164305,0.3811643354579792,0.38407737252124646,0.32739828257790365,0.45840557129367326,0.07086700306893294,1080.0,0.18163789542020772,0.2967095727101039,39.0,3.0,3,1,12,0.1032,0.3158,0.06666666666666667,0,3,11,2,5,8,10,1,1,1,0,0.05293333333333334,0,0.198,0,0.0004,0,0.014333333333333333,0,0.013066666666666667,,,2004,2019,15,0.9057942044381492
Carmelo Anthony,anthoca01,79,238.0,1984-05-29,Syracuse,2004,2018,2003-10-29T00:00:00Z,True,15,NBA,"DEN, NYK, OKC",SF,1054,1054.0,35.896584440227706,8.622390891840608,19.20303605313093,0.4490118577075099,1.2722960151802656,3.663187855787476,0.3473193473193473,7.350094876660341,15.539848197343453,0.47298369863850054,0.4821393280632411,5.597722960151803,6.895635673624288,0.8117776554760594,1.7163187855787476,4.814990512333966,6.531309297912713,2.998102466793169,1.0218216318785578,0.49335863377609107,2.6793168880455407,2.8747628083491463,24.11480075901328,37835.0,9088,20240,1341.0,3861.0,7747.0,16379.0,5900,7268,1809.0,5075.0,6884.0,3160,1077.0,520.0,2824.0,3030.0,25417,2.0,20.343628915025768,0.5409793048764372,0.1916361834280428,0.35820364741641336,5.451328135324435,15.26289414563235,10.332921897713756,15.585309898242366,1.4473054050482357,1.0962283599841418,10.713395004625347,30.89108497423021,66.4,34.400000000000006,100.80000000000003,0.1278601030791595,2.981392890181049,-1.1729456852121052,1.8168653363287963,36.5,12.231248843663275,27.274933262851853,1.81109818950707,5.220512752742169,10.424257962204308,22.06169155543809,7.965574203779569,9.782122373463723,2.4380573543015727,6.825294039910136,9.267493061979646,4.251468217259152,1.4473054050482357,0.7067450773093695,3.8000977930487645,4.078570107043743,34.24861371745738,107.65767146821726,107.7414827540637,0.0,3.1322320602616625,70.73075194925333,25.487802299458174,0.9366459627329192,2.036931412713096,2.266234967622572,931.0,757.0,1130.0,601.0,2927.0,130.0,7218.0,611.0,1309.0,12.68449583718779,0.31003449187260473,0.0796426060525968,0.1402931941324171,0.27881083652702515,0.1916361834280428,0.5860700409673584,0.3340487643716136,0.3906990352847892,0.4153107175895335,0.42993775604598916,0.8148616360512752,0.05244688780229946,986.0,0.11740755913836397,0.3410686401480111,44.0,0.0,0,0,10,0.0,0.16113333333333332,0.06666666666666667,0,0,0,0,2,6,13,1,1,1,0,0.0302,0,0.729,0,0.0,0,0.002533333333333333,0,0.0,,,2004,2022,15,0.8083638165719572
LeBron James,jamesle01,81,250.0,1984-12-30,,2004,2018,2003-10-29T00:00:00Z,False,15,NBA,"CLE, MIA, CLE",SF,1143,1142.0,38.75590551181102,9.868766404199475,19.58267716535433,0.503953893579949,1.4138232720909887,4.1128608923884515,0.34375664752180385,8.454943132108486,15.469816272965879,0.546544508539758,0.540052718581066,6.003499562554681,8.121609798775154,0.7392006894322956,1.2125984251968505,6.149606299212598,7.362204724409449,7.181102362204724,1.63167104111986,0.7769028871391076,3.4698162729658795,1.8486439195100612,27.15485564304462,44298.0,11280,22383,1616.0,4701.0,9664.0,17682.0,6862,9283,1386.0,7029.0,8415.0,8208,1865.0,888.0,3966.0,2113.0,31038,73.0,27.67531491263714,0.586424782157208,0.20940681294866584,0.4138265835929387,3.722608244164522,18.218849609463184,11.078220235676554,35.67664454377173,2.2131066865321225,1.5813964513070566,13.06781344530227,31.54242403720259,154.8,64.6,219.60000000000002,0.2377005508149352,7.170833897692898,1.8318569687119055,8.988629283489097,122.70000000000002,13.348559754390717,26.50465032281367,1.9057135762336896,5.560700257347961,11.430100681746353,20.94199963880988,8.148020226646802,10.998162445257122,1.6536299607205742,8.290850602736016,9.937785001580206,9.692035757822023,2.2131066865321225,1.0396541604587115,4.67201002302587,2.4989367465799814,36.72368278477583,116.15124836335727,103.11063704907671,0.9866811142715247,5.358142579800442,62.47898324980812,29.176531671858775,1.9893448914172198,7.241931915662106,11.50689421644318,2153.0,972.0,780.0,445.0,4093.0,135.0,19186.0,1138.0,822.0,11.851469592306652,0.3583793850738182,0.12079793670143121,0.10120750372477315,0.21018061763510765,0.20940681294866584,0.7308596776378166,0.42643636281547703,0.36649024786672085,0.38183712582960855,0.3534384170842928,0.495823152286785,0.08083046638674432,1737.0,0.14671587882071427,0.3889032461962165,33.0,2.0,3,3,14,0.3326666666666666,0.8950666666666667,0.06666666666666667,5,6,12,12,14,14,15,1,1,1,4,0.5379333333333334,1,0.861,0,0.0,0,0.0074666666666666675,0,0.05906666666666668,,,2004,2025,15,0.7905931870513342
David West,westda01,81,250.0,1980-08-29,Xavier,2004,2018,2003-10-29T00:00:00Z,False,15,NBA,"NOH, NOK, NOH, IND, SAS, GSW",PF,1034,742.0,28.18568665377176,5.515473887814314,11.140232108317214,0.49509506033509854,0.0551257253384913,0.2079303675048356,0.2651162790697674,5.460348162475822,10.93230174081238,0.4994692144373673,0.4975692334404028,2.486460348162476,3.044487427466151,0.8167090216010165,1.7253384912959382,4.647969052224371,6.373307543520309,2.1982591876208897,0.7388781431334622,0.8220502901353965,1.6054158607350097,2.3288201160541586,13.572533849129593,29144.0,5703,11519,57.0,215.0,5646.0,11304.0,2571,3148,1784.0,4806.0,6590.0,2273,764.0,850.0,1660.0,2408.0,14034,1.0,18.609322673620643,0.5436152209717267,0.018791415042547353,0.27179216991490535,7.0862270107054615,19.010616250343123,13.050837222069722,13.5385293713972,1.3798380455668404,2.2937448531430142,11.558204090035684,23.078053801811695,44.49999999999999,41.0,86.0,0.14140968981608562,1.1119818830634092,0.646774636288773,1.734665797419709,27.599999999999998,10.344276695031567,20.888893082624215,0.09974265715069999,0.3908454570409004,10.2382720285479,20.501451413670054,4.677631759538842,5.725229892945375,3.221078094976667,8.690162640680757,11.932425199011803,4.085571644249245,1.3798380455668404,1.5338045566840517,2.9935664287674997,4.359024155915455,25.45309840790557,109.47728520450178,103.58351633269284,0.0,0.03788086741696404,0.8696129563546527,84.61515234696678,14.525597035410376,2.7590275871534446,2.8911130936041727,655.0,463.0,1224.0,313.0,1334.0,67.0,5298.0,304.0,639.0,9.891205737029923,0.2798489912160308,0.2271758166346418,0.1881126132308537,0.28629357672248146,0.018791415042547353,0.6256829192972824,0.4452181924238265,0.41767022371671697,0.47040811144660993,0.6238302909689816,0.8489394386494646,0.029965447433433982,307.0,0.18725627916552293,0.24611861789733733,8.0,0.0,2,0,2,0.0016666666666666668,0.0042,0.0,0,0,2,0,0,0,4,0,0,0,0,0.0,0,0.0,0,0.0,0,0.03153333333333334,0,0.0,,,2004,2018,15,0.9812085849574526
Zaza Pachulia,pachuza01,83,270.0,1984-02-10,,2004,2018,2003-11-05T00:00:00Z,False,15,NBA,"ORL, MIL, ATL, MIL, DAL, GSW",C,1030,513.0,20.73980582524272,2.449514563106796,5.209708737864077,0.4701826313827805,0.0,0.02621359223300971,0.0,2.449514563106796,5.183495145631068,0.4725604045701442,0.4701826313827805,2.0398058252427185,2.7213592233009707,0.7495540492329646,2.1970873786407767,3.6766990291262136,5.87378640776699,1.3029126213592233,0.7155339805825243,0.3504854368932039,1.3466019417475728,2.5116504854368933,6.938834951456311,21362.0,2523,5366,0.0,27.0,2523.0,5339.0,2101,2803,2263.0,3787.0,6050.0,1342,737.0,361.0,1387.0,2587.0,7147,0.0,14.591639359610522,0.5424903098960772,0.005166136129575883,0.528937131354742,12.284575414287051,20.398319445744782,16.38310083325531,9.607962737571386,1.7942608370002808,1.3108276378616233,17.369684486471304,17.048052616796184,25.1,25.399999999999995,50.300000000000004,0.11307606965639923,-1.3431607527385077,-0.14353993071809754,-1.4837562026027526,2.8,6.157649096526543,13.080198483288083,0.0,0.05465312236681959,6.157649096526543,13.020625409605842,5.130825765377774,6.858622788128452,5.513556783072746,9.203599850201291,14.729978466435727,3.2531176856099613,1.7942608370002808,0.8722731953936897,3.376495646475049,6.319871734856286,17.443956558374683,108.88638704241176,105.16562119651718,0.0,0.0,0.0,0.1723621383765565,99.82763786162344,0.44601629060949355,1.638961707705271,403.0,401.0,1108.0,349.0,1270.0,131.0,3012.0,221.0,631.0,5.480034640951222,0.5780201760134818,0.16245604344162531,0.13819398932684204,0.11577792341541054,0.005166136129575883,0.5546843460350154,0.33584229004774835,0.39103487501170303,0.3491723621383766,0.6584374122273194,0.0,0.03319370845426459,156.0,0.0,0.0,14.0,0.0,2,0,0,0.0002666666666666667,0.0,0.0,0,0,1,0,0,0,0,0,0,0,0,0.0,0,0.0,0,0.0,0,0.0002,0,0.0,,,2004,2019,15,0.994833863870424
Devin Harris,harride01,75,185.0,1983-02-27,Wisconsin,2005,2019,2004-11-02T00:00:00Z,False,15,NBA,"DAL, NJN, UTA, ATL, DAL, DEN, DAL",PG,985,448.0,24.327918781725888,3.5390862944162436,8.19492385786802,0.43186323092170464,0.8446700507614213,2.5969543147208123,0.32525410476935107,2.6944162436548225,5.597969543147208,0.4813202756619514,0.4833994053518335,2.8355329949238577,3.560406091370558,0.7964071856287425,0.29441624365482233,1.8893401015228426,2.183756345177665,3.9279187817258885,1.0131979695431472,0.19695431472081218,1.7076142131979695,2.2040609137055838,10.758375634517767,23963.0,3486,8072,832.0,2558.0,2654.0,5514.0,2793,3507,290.0,1861.0,2151.0,3869,998.0,194.0,1682.0,2171.0,10597,0.0,15.977139757125567,0.5516347702708343,0.3219051037015399,0.42831081250260816,1.3974001585778075,9.001485623669824,5.189617326712014,26.548399616074782,2.1874431415098274,0.6451654634227768,14.866206234611692,21.608216834286193,35.0,19.9,54.900000000000006,0.10985577765722154,0.5187247005800609,0.05793097692275594,0.5634352960814588,15.500000000000002,7.611463506238785,17.602036472895715,1.7934899636940282,5.527100112673705,5.817197345908276,12.107378041146767,6.109356090639737,7.674523223302592,0.6271293243750782,4.050945207194425,4.67214872929099,8.466957392646998,2.1874431415098274,0.4164712264741477,3.6702958728039063,4.710361807787005,23.146137795768478,109.49363602220089,108.80457371781496,71.81400492425823,27.203689020573385,1.0999457496974503,0.0,0.0,1.336068104995201,2.833351416767516,939.0,404.0,961.0,169.0,1507.0,387.0,8744.0,341.0,508.0,13.243366857238241,0.33766523390226594,0.11144335016483749,0.07735880315486375,0.15163339314776944,0.3219051037015399,0.5911276968660018,0.3676254642573968,0.3882650335934566,0.37714618369987063,0.329213787923048,0.7487663481200184,0.0063933564244877525,43.0,0.14410416058089554,0.3840972749655719,64.0,1.0,0,0,1,0.008866666666666667,0.0005333333333333334,0.011466666666666665,0,0,1,0,0,0,1,0,0,1,0,0.0,0,0.0,0,0.00013333333333333334,0,0.037333333333333336,0,0.00013333333333333334,,,2005,2019,15,0.6780948962984601
Trevor Ariza,arizatr01,80,215.0,1985-06-30,UCLA,2005,2019,2004-11-03T00:00:00Z,False,15,NBA,"NYK, ORL, LAL, HOU, NOH, WAS, HOU, PHO, WAS",SF,1011,710.0,29.828882294757666,3.8189910979228485,9.04055390702275,0.4224288840262582,1.4421364985163205,4.109792284866469,0.35090252707581226,2.376854599406528,4.930761622156281,0.48204613841524574,0.5021881838074398,1.5944609297725025,2.1899109792284865,0.7280939476061428,0.9990108803165183,3.831849653808111,4.830860534124629,2.181998021760633,1.4985163204747773,0.3125618199802176,1.3699307616221563,1.997032640949555,10.67457962413452,30157.0,3861,9140,1458.0,4155.0,2403.0,4985.0,1612,2214,1010.0,3874.0,4884.0,2206,1515.0,316.0,1385.0,2019.0,10792,1.0,13.30297111781676,0.5344258381138708,0.44947846271180825,0.24685844082634215,3.867195012766522,14.718566170375038,9.251563484431475,11.21877507709653,2.5484763073249983,0.842139470106443,11.922674669231027,16.97831680870113,23.300000000000004,36.699999999999996,60.0,0.09545568193122658,-0.21820804456676726,1.0033856152800342,0.7827502735683257,21.3,6.500616772225353,15.387392645157012,2.4203634313758005,6.897950724541566,4.089733726829591,8.48984978611931,2.73816692641841,3.7646052326159762,1.7269290711940843,6.52413701628146,8.249504261033923,3.7098385117883077,2.5484763073249983,0.5286169048645423,2.3456212487979573,3.404081971018337,18.170643631660976,106.77680140597539,105.72633219484696,0.0,5.073880027854229,81.95715754219584,12.966110687402594,0.09480385980037802,1.6737971283615742,0.8720131312796364,657.0,330.0,767.0,179.0,990.0,127.0,5098.0,213.0,461.0,14.578522399442916,0.3144672547004012,0.07710886361375467,0.04109977782935969,0.11778452763869085,0.44947846271180825,0.6209228703120337,0.2797740491428192,0.2191264714659946,0.333103657525616,0.5790170441356898,0.8675816228404681,0.06882670690055377,587.0,0.39470766322910106,0.3643560699008522,22.0,1.0,1,0,0,0.012733333333333336,0.00013333333333333334,0.0011333333333333334,0,0,6,0,0,0,1,0,0,1,0,0.0,0,0.0,0,0.00013333333333333334,0,0.0,0,0.0013333333333333335,,,2005,2022,15,0.5505215372881919
Dwight Howard,howardw01,82,265.0,1985-12-08,,2005,2019,2004-11-03T00:00:00Z,True,15,NBA,"ORL, LAL, HOU, ATL, CHO, WAS",C,1044,1043.0,34.46743295019157,6.261494252873563,10.744252873563218,0.5827761433538379,0.005747126436781609,0.0603448275862069,0.09523809523809523,6.255747126436781,10.683908045977011,0.585529854760624,0.5830435945439957,4.82183908045977,8.510536398467433,0.5665728756330894,3.5162835249042144,9.112068965517242,12.628352490421456,1.4703065134099618,0.9444444444444444,1.96455938697318,2.9300766283524906,3.2327586206896552,17.350574712643677,35984.0,6537,11217,6.0,63.0,6531.0,11154.0,5034,8885,3671.0,9513.0,13184.0,1535,986.0,2051.0,3059.0,3375.0,18114,1.0,21.564045131169408,0.5984221320586928,0.00550008337038684,0.7900506336149401,11.886719097376613,29.611958092485555,20.914523121387283,7.419944975544688,1.4082870164517562,4.36469542018675,16.858231436193865,22.85561638506003,59.39999999999999,69.70000000000002,129.09999999999997,0.17199772120942647,1.0652012005335707,1.0650233437083148,2.1570447976878615,37.900000000000006,9.337627834593151,16.018091373943975,0.0,0.06694642063139172,9.337627834593151,15.942749555357938,7.217946865273454,12.716201645175634,5.22477767896843,13.575038906180525,18.807158737216543,2.180124499777679,1.4082870164517562,2.946770787016452,4.3770036682970215,4.814787127612273,25.8998971765229,110.0541351711872,99.53646064917741,0.0,0.0,0.0,13.076950867052023,86.92304913294798,3.9994080702534456,4.686841373943975,594.0,927.0,1552.0,721.0,3757.0,60.0,3678.0,839.0,958.0,3.575994886616274,0.5900972376611828,0.3421759948866163,0.04308598265895953,0.019353045798132507,0.00550008337038684,0.7157220153401512,0.41036952534459753,0.2688808081369498,0.3187225989328591,0.5766539573143619,0.3286738550466874,0.2611676300578034,2709.0,0.12432030902623387,0.07111493997332148,26.0,0.0,0,0,8,0.2879333333333334,0.3682666666666667,0.06666666666666667,4,5,10,5,6,8,11,1,1,1,0,0.08333333333333333,0,0.256,0,0.0,0,0.0015333333333333334,3,0.21613333333333334,,,2005,2022,15,0.9944999166296133
Andre Iguodala,iguodan01,78,215.0,1984-01-28,Arizona,2005,2019,2004-11-03T00:00:00Z,False,15,NBA,"PHI, DEN, GSW",SF,1108,779.0,33.42418772563177,4.370036101083032,9.384476534296029,0.465666474321985,0.8925992779783394,2.6768953068592056,0.3334457181389076,3.4774368231046933,6.707581227436823,0.5184337997847147,0.5132236968647816,2.5117328519855597,3.536101083032491,0.7103113833588566,0.9377256317689531,4.144404332129964,5.082129963898917,4.351083032490974,1.5009025270758123,0.4981949458483754,1.904332129963899,1.8140794223826715,12.144404332129964,37034.0,4842,10398,989.0,2966.0,3853.0,7432.0,2783,3918,1039.0,4592.0,5631.0,4821,1663.0,552.0,2110.0,2010.0,13456,9.0,15.700753361775668,0.5587109953016147,0.297857374304693,0.36577960792785014,3.23479775341578,14.020978020197655,8.666684668142787,19.63903440082087,2.288105524653021,1.1721958200572447,14.889215315655882,17.292485283793265,50.8,46.099999999999994,96.5,0.12487273856456228,0.9490630231679001,1.3265998811902575,2.263409299562564,39.800000000000004,6.742998325862719,14.46807258195172,1.3530458497596805,4.102100772263326,5.360898093643678,10.383131716800778,3.902638116325539,5.499619268780041,1.4349408651509423,6.353078252416697,7.784333315331856,6.6660852189879565,2.288105524653021,0.7510152832532269,2.933555651563428,2.773513528109305,18.740948857806337,111.83029108386887,105.28160609169952,0.5530863530809527,32.11894475346978,64.50037803099855,2.998703893719285,0.0,4.038937192849814,4.361019603607496,1092.0,537.0,1065.0,170.0,1645.0,192.0,10718.0,295.0,331.0,13.364964627099424,0.33235764432683484,0.07303097153966626,0.08798468974455904,0.20868156288815684,0.297857374304693,0.7185723929362208,0.3176936598801102,0.3347973213803532,0.38016665766592855,0.5428656369822326,0.8389364367878166,0.15408856726251555,1461.0,0.32155481449478857,0.3410254900901873,53.0,2.0,3,1,1,0.1257333333333333,0.0005333333333333334,0.0644,1,2,14,0,0,0,4,1,1,1,0,0.0,0,0.022,0,0.08353333333333333,0,0.002,0,0.017666666666666667,,,2005,2023,15,0.702142625695307
J.R. Smith,smithjr01,78,225.0,1985-09-09,North Carolina A&T,2005,2019,2004-11-03T00:00:00Z,False,15,NBA,"NOH, NOK, DEN, NYK, CLE",SG,971,395.0,26.978372811534502,4.503604531410916,10.754891864057672,0.4187494015129752,1.9866117404737385,5.321318228630278,0.37333075285465456,2.516992790937178,5.433573635427394,0.4632297194844579,0.5111079191803122,1.4994850669412976,2.047373841400618,0.7323943661971831,0.5087538619979403,2.650875386199794,3.159629248197734,2.135942327497425,1.0020597322348095,0.21009268795056643,1.3501544799176106,2.251287332646756,12.493305870236869,26196.0,4373,10443,1929.0,5167.0,2444.0,5276.0,1456,1988,494.0,2574.0,3068.0,2074,973.0,204.0,1311.0,2186.0,12131,0.0,13.970380974194534,0.5343838754008245,0.505301152847763,0.182223087494274,2.172614139563292,11.319499160177127,6.7355435944419,13.165128263857076,1.9072568331042907,0.6131012368300504,10.25732172850817,21.706905634448002,24.6,21.900000000000002,46.4,0.08505829134218965,0.5716101694915254,-0.3494770193922736,0.2136394869445717,14.700000000000001,8.577328599786226,20.508772331653688,3.768002748511223,10.099748053137885,4.797381279584669,10.419617498854787,2.870812337761491,3.8889105206901813,0.9743968544816004,5.0545808520384785,6.019514429683921,4.077626355168728,1.9072568331042907,0.400484806840739,2.579977859215147,4.273450145060315,23.798717361429222,105.75305390135898,108.54794625133609,1.9697663765460376,66.490952817224,30.771339135745915,1.043289051763628,0.0,2.4391319285387087,1.1297182775996333,638.0,401.0,1069.0,164.0,814.0,135.0,4829.0,192.0,355.0,17.968121087188884,0.16474580088563137,0.0778509314399145,0.059996449839670174,0.19222885173308904,0.505301152847763,0.6025270652007939,0.34798915865017566,0.3504226217743167,0.4101393724232707,0.3652365628340205,0.8635315697052985,0.03755871125362651,346.0,0.18411440677966104,0.42203752481294854,57.0,0.0,1,0,0,0.0022,0.0,0.017266666666666666,0,0,1,0,0,0,0,0,0,1,0,0.0,0,0.002,1,0.0774,0,0.0016666666666666668,0,0.0,,,2005,2020,15,0.4946988471522369
Luol Deng,denglu01,81,237.0,1985-04-16,Duke,2005,2019,2004-11-05T00:00:00Z,False,15,NBA,"CHI, CLE, MIA, LAL, MIN",SF,902,828.0,34.30266075388027,5.687361419068736,12.480044345898005,0.4557164431020698,0.729490022172949,2.197339246119734,0.33198789101917253,4.957871396895787,10.282705099778271,0.4821563342318059,0.48494270231855735,2.7084257206208426,3.5199556541019956,0.7694488188976378,1.6208425720620843,4.441241685144124,6.062084257206209,2.2638580931263856,0.975609756097561,0.49223946784922396,1.6175166297117516,1.6618625277161863,14.812638580931264,30941.0,5130,11257,658.0,1982.0,4472.0,9275.0,2443,3175,1462.0,4006.0,5468.0,2042,880.0,444.0,1459.0,1499.0,13361,0.0,15.415555411912994,0.5276298762160241,0.18492301477004622,0.28028085711515466,5.396134578714327,14.664655311722312,10.047881451795352,11.17018842312789,1.4808441873242622,1.098645809766976,10.277486183381274,20.599844866035355,34.7,39.099999999999994,74.10000000000001,0.11484076144920977,0.7316667205326265,0.21046184674057075,0.9246695323357358,22.899999999999995,8.623176367926053,18.929504540900425,1.1054910959568212,3.334792023528651,7.514643999870722,15.600087262855112,4.1166704372838625,5.349523286254485,2.445156911541321,6.735897353026728,9.19112181248182,3.4375682751042302,1.4808441873242622,0.747874987880159,2.465065770337093,2.5051452764939723,22.474826282279174,107.25435506286158,104.93090074658221,0.0,0.2869978345884102,75.6180149316441,23.876539219805437,0.39265052842506704,2.3151158656798416,2.4482498949613785,587.0,483.0,697.0,170.0,1385.0,144.0,4654.0,295.0,685.0,12.31317022720662,0.31070366180795705,0.12625910604052876,0.09061956627129053,0.28822145373452707,0.18492301477004622,0.6422415888303548,0.39338234058369154,0.32855764196373743,0.38507178177822304,0.6300790213632397,0.9445068032707412,0.03661003199638021,400.0,0.4475202805339194,0.3929509388836818,23.0,1.0,0,0,2,0.053200000000000004,0.0016666666666666668,0.03793333333333333,0,1,5,0,0,0,4,1,1,1,0,0.0,0,0.002,0,0.0,0,0.005000000000000001,0,0.0054666666666666665,,,2005,2019,15,0.8150769852299538
Chris Paul,paulch01,72,175.0,1985-05-06,Wake Forest,2006,2020,2005-11-01T00:00:00Z,False,15,NBA,"NOK, NOH, LAC, HOU, OKC",PG,1020,1020.0,34.86078431372549,6.466666666666667,13.744117647058824,0.47050431557172406,1.3519607843137256,3.656862745098039,0.36970509383378014,5.114705882352941,10.087254901960785,0.5070463601904946,0.5196875668735288,4.174509803921569,4.796078431372549,0.8704006541291905,0.653921568627451,3.8666666666666667,4.520588235294118,9.463725490196078,2.18921568627451,0.1303921568627451,2.4166666666666665,2.450980392156863,18.45980392156863,35558.0,6596,14019,1379.0,3730.0,5217.0,10289.0,4258,4892,667.0,3944.0,4611.0,9653,2233.0,133.0,2465.0,2500.0,18829,15.0,25.08921761628888,0.5815939029191743,0.26318361550143426,0.35297556105517747,2.1787502109229986,12.750821193542944,7.467953765678608,45.5963693121098,3.2697198942572703,0.3015439563530008,13.252933235840038,23.936756847966706,132.50000000000003,47.800000000000004,180.39999999999998,0.2434652398897576,5.320594521626638,2.262697564542438,7.586340626581923,85.9,9.631604702176725,20.441534956971708,1.976601608639406,5.365762978795208,7.630457281061928,15.074022723437762,6.234703864109343,7.169838011136733,0.9797963889982565,5.724925473873671,6.713695933404579,14.098523539006694,3.2697198942572703,0.19758985319759265,3.5860959559030325,3.6545587490860005,27.439147308622534,122.3585128522414,104.61252038922323,96.84121716631982,3.3181000056246135,0.0,0.0,0.0,6.973972101917992,10.895646549299736,1411.0,630.0,721.0,261.0,1161.0,247.0,22166.0,307.0,463.0,14.568105630237921,0.16922878114629616,0.15407573541819,0.18648166376061642,0.22667382867427868,0.26318361550143426,0.6342783902356713,0.4855152708251308,0.46952320152989474,0.46832605883345524,0.11271066989144497,0.48249474098655726,0.003242027110636144,42.0,0.10173356206760784,0.38718732774621745,31.0,1.0,0,0,10,0.3744,0.4149333333333332,0.06666666666666667,7,9,15,4,8,9,14,1,1,1,0,0.11113333333333333,1,0.997,0,0.0,0,0.0044,0,0.012933333333333333,,,2006,2025,15,0.7368163844985658
Lou Williams,willilo02,74,175.0,1986-10-27,,2006,2020,2005-11-02T00:00:00Z,False,15,NBA,"PHI, ATL, TOR, LAL, HOU, LAC",SG,1001,118.0,24.857142857142858,4.652347652347652,11.067932067932068,0.42034479646177453,1.3496503496503496,3.867132867132867,0.34900542495479203,3.3026973026973026,7.200799200799201,0.4586570477247503,0.4813160032493907,3.821178821178821,4.547452547452547,0.8402899824253075,0.3936063936063936,1.8631368631368632,2.2567432567432566,3.4555444555444557,0.8761238761238761,0.18281718281718282,1.7432567432567432,1.3276723276723277,14.475524475524475,24882.0,4657,11079,1351.0,3871.0,3306.0,7208.0,3825,4552,394.0,1865.0,2259.0,3459,877.0,183.0,1745.0,1329.0,14490,1.0,18.373506952817294,0.553305763202315,0.3500778072502211,0.4115789325616912,1.785383007796801,8.429491198456716,5.106583072100314,22.859416445623342,1.7940961337513064,0.5836186801704043,11.789032232135678,26.428237279961415,45.699999999999996,17.599999999999998,63.500000000000014,0.122645727835383,2.6133791495860463,-0.8702234547062132,1.7474158025882163,23.6,9.452403343782654,22.492657342657346,2.7358291134153205,7.835161964472309,6.710003215175629,14.657290410738685,7.763817217265492,9.247809661602764,0.8153685395064706,3.7951611606784015,4.609038662486938,7.008407684269754,1.7940961337513064,0.3890643838919701,3.5362671810947663,2.7208624708624707,29.40955710955711,110.77095892613134,110.19262920987059,64.69998392412185,32.06213326902982,3.3477614339683304,0.0,0.0,0.11753074511695197,0.6857728478418135,1053.0,425.0,562.0,117.0,1883.0,153.0,7758.0,355.0,683.0,14.729258098223614,0.2263221605980227,0.13694582429065189,0.1175417972831766,0.16903930552206414,0.3500778072502211,0.5903150068322481,0.39348963105859663,0.38169379471103604,0.39334595289767704,0.28798175387830555,0.653353066473756,0.015576360421188009,147.0,0.21972136484205446,0.3845656297725263,22.0,2.0,0,0,0,0.0,0.00013333333333333334,0.0,0,0,0,0,0,0,1,0,0,0,0,0.0,0,0.0,3,0.23806666666666668,0,0.0019333333333333331,0,0.0,,,2006,2022,15,0.649922192749779
Marvin Williams,willima02,80,237.0,1986-06-19,UNC,2006,2020,2005-11-02T00:00:00Z,False,15,NBA,"ATL, UTA, CHO, MIL",PF,1072,828.0,28.13339552238806,3.6641791044776117,8.276119402985074,0.44274120829576197,0.9757462686567164,2.699626865671642,0.3614374568071873,2.6884328358208953,5.576492537313433,0.4821010371361659,0.5016907123534716,1.9244402985074627,2.3824626865671643,0.807752545027408,1.1902985074626866,3.9832089552238807,5.173507462686567,1.2807835820895523,0.7686567164179104,0.5382462686567164,0.9524253731343284,2.0102611940298507,10.228544776119403,30159.0,3928,8872,1046.0,2894.0,2882.0,5978.0,2063,2554,1276.0,4270.0,5546.0,1373,824.0,577.0,1021.0,2155.0,10965,0.0,13.580397228024802,0.5490015584071088,0.331987466427932,0.2859292085281342,4.809483073046189,16.28452534898372,10.477323518684308,7.206571835936204,1.4175768427335123,1.5420372028250273,9.21902582976889,16.60992738486024,36.3,28.7,64.99999999999999,0.1036144434497165,-0.2585065817832156,-0.11810073278291722,-0.37745946483636716,12.3,6.75704433170861,15.247547995623199,1.7780894591995753,4.878165721675122,4.98713816771113,10.362634702742131,3.581544480917802,4.4352962631386985,2.202072349878975,7.315597334129116,9.505606949832554,2.3527404754799557,1.4175768427335123,0.9908485029344475,1.7646473689445938,3.7116946848370307,18.835863258065583,111.2655923604894,108.03113498458171,0.0,0.3589309990384297,36.499021850857126,58.364402002718926,4.8844789283464305,-0.66151729168739,0.4023674525017408,392.0,291.0,1040.0,206.0,1015.0,100.0,3140.0,199.0,517.0,14.432623760734774,0.2517401770615737,0.12922540535163632,0.06361626711761,0.22342713617825524,0.331987466427932,0.623921847541364,0.39907039358068896,0.3796820849497662,0.39103448390198614,0.6775995888457841,0.9758107364302528,0.04548917404423224,360.0,0.3633362512019629,0.3284729599787792,15.0,2.0,0,0,0,0.0,0.0,0.017266666666666666,0,0,0,0,0,0,0,0,1,1,0,0.0,0,0.0,0,0.0,0,0.0,0,0.0,,,2006,2020,15,0.6680125335720681
C.J. Miles,milescj01,78,220.0,1987-03-18,,2006,2020,2005-11-14T00:00:00Z,False,15,NBA,"UTA, CLE, IND, TOR, MEM, WAS",SF,848,303.0,20.379716981132077,3.3997641509433962,8.273584905660377,0.4109179019384265,1.474056603773585,4.1120283018867925,0.3584743332377402,1.9257075471698113,4.161556603773585,0.46273731935392465,0.5,1.2877358490566038,1.5919811320754718,0.8088888888888889,0.42806603773584906,1.9433962264150944,2.3714622641509435,1.0778301886792452,0.7087264150943396,0.29952830188679247,0.8537735849056604,2.1120283018867925,9.56132075471698,17282.0,2883,7016,1250.0,3487.0,1633.0,3529.0,1092,1350,363.0,1648.0,2011.0,914,601.0,254.0,724.0,1791.0,8108,0.0,13.074204374493693,0.5331035759750029,0.4918676079157505,0.1916485939127416,2.439989584538826,10.934914940400418,6.676142807545423,8.497529221154958,1.7948964240249972,1.2011746325656754,8.701805346603402,21.591413030899197,13.9,16.2,30.0,0.08374806156694828,-0.08420321722022914,-0.3430563592176831,-0.42599814836245803,6.800000000000001,8.52305867376461,20.74464182386298,3.6623365351232495,10.260363383867608,4.868215484318945,10.507198240944339,3.2561971993982177,3.9882826061798404,1.0538884388380976,4.873695174169657,5.942813331790302,2.71386413609536,1.7948964240249972,0.7503819002430275,2.1355745862747364,5.3047274620992955,24.00037032750839,105.50827450526559,108.10999884272654,0.20784631408401805,45.341569262816805,51.36668209697952,3.04901053118852,0.0,1.6032519384330517,1.1006422867723644,369.0,181.0,950.0,95.0,582.0,75.0,2009.0,131.0,289.0,17.110288161092466,0.18656480731396827,0.09823683601435018,0.062457701654901054,0.1607569725726189,0.4918676079157505,0.6283159935192687,0.3491466265478532,0.37664101377155423,0.37058442309917833,0.5897875245920612,0.9343853720634185,0.04370663117694711,257.0,0.20727178567295454,0.3900021988195811,25.0,0.0,0,0,0,0.0,0.0,0.0,0,0,0,0,0,0,0,0,0,0,0,0.0,0,0.0,0,0.0,0,0.0,0,0.0,,,2006,2022,15,0.5081323920842495
Rudy Gay,gayru01,80,250.0,1986-08-17,UConn,2007,2021,2006-11-01T00:00:00Z,False,15,NBA,"MEM, TOR, SAC, SAS",SF,1009,778.0,32.41526263627354,6.346878097125868,13.979187314172448,0.4540233959588798,1.0733399405351833,3.068384539147671,0.3498062015503876,5.273538156590684,10.910802775024777,0.48333181942047415,0.4924140375753279,2.985133795837463,3.736372646184341,0.7989389920424403,1.3468780971258671,4.478691774033697,5.825569871159564,2.147670961347869,1.176412289395441,0.7542120911793855,2.1417244796828543,2.33994053518335,16.75222993062438,32707.0,6404,14105,1083.0,3096.0,5321.0,11009.0,3012,3770,1359.0,4519.0,5878.0,2167,1187.0,761.0,2161.0,2361.0,16903,0.0,16.62403155287859,0.5360393493747515,0.21884474271562662,0.2670312777081358,4.741581312868805,15.81289632188828,10.261210138502461,11.278411349252451,1.8563121044424742,1.8580426208456906,12.029342342617788,24.463319778640656,26.5,32.2,58.5,0.0860682728467912,0.884902314489253,-0.1613874705720488,0.7331396948665423,22.599999999999998,9.975259118843063,21.98965359097441,1.6818418075641302,4.800357721588651,8.298037117436634,17.18619867306693,4.7000886660347945,5.875167395358791,2.130455254226924,7.002051548598159,9.11815819243587,3.3564160577246467,1.8563121044424742,1.1849970954229982,3.3729935487816056,3.6720946586357655,26.333362888678263,104.68927140978995,107.93282783502002,0.0,0.3462255786223133,66.15275017580335,32.56211208609778,1.0008255113584248,-0.8332161311034334,1.4634267893723056,881.0,802.0,1110.0,236.0,1641.0,110.0,4904.0,334.0,797.0,12.675812517198155,0.24663396214877556,0.18452016387929185,0.16192518421133092,0.18832650502950438,0.21884474271562662,0.6321823768612221,0.41475791115051824,0.4458452930565322,0.3921265172593023,0.37293233864310393,0.8306726388846425,0.0842423334454398,1025.0,0.21599734001895618,0.37094576084630204,46.0,1.0,0,0,0,0.0,0.0016000000000000003,0.0448,0,0,0,0,0,0,3,1,1,1,0,0.0,0,0.145,0,0.0,0,0.0178,0,0.0,,,2007,2023,15,0.7811552572843734
Kyle Lowry,lowryky01,72,196.0,1986-03-25,Villanova,2007,2021,2006-11-01T00:00:00Z,False,15,NBA,"MEM, HOU, TOR",PG,960,724.0,31.75,4.764583333333333,11.24375,0.4237539373726144,1.903125,5.173958333333333,0.36782766257298166,2.861458333333333,6.069791666666666,0.4714261197871975,0.5083842875671669,3.434375,4.230208333333334,0.8118689977837971,0.803125,3.564583333333333,4.367708333333334,6.244791666666667,1.3364583333333333,0.29270833333333335,2.3447916666666666,2.7427083333333333,14.866666666666667,30480.0,4574,10794,1827.0,4967.0,2747.0,5827.0,3297,4061,771.0,3422.0,4193.0,5995,1283.0,281.0,2251.0,2633.0,14272,18.0,18.263700787401575,0.5653451115485565,0.45042273622047246,0.38425423228346456,2.8685531496062997,12.730784120734908,7.802509842519684,30.641099081364832,2.1528904199475063,0.754983595800525,15.308444881889764,21.731571522309714,66.1,32.2,98.19999999999999,0.15478336614173227,2.618615485564305,0.5388024934383201,3.1531725721784776,39.8,7.619465223097112,17.95409120734908,3.030285433070866,8.217778871391076,4.586207349081365,9.744967191601049,5.496181102362205,6.770561023622046,1.2976935695538057,5.68845472440945,6.963192257217847,9.946322178477692,2.1528904199475063,0.46993438320209974,3.7335498687664046,4.381013779527558,23.746177821522313,114.62939632545931,107.67739501312336,92.72608267716535,7.273917322834646,0.0,0.0,0.0,4.036397637795276,4.1869324146981635,1326.0,489.0,1021.0,223.0,1565.0,503.0,13741.0,313.0,655.0,15.802526246719157,0.24162998687664045,0.12213028215223097,0.06587890419947505,0.12013061023622047,0.45042273622047246,0.6136521325459317,0.3719426509186351,0.36782201443569557,0.3665888779527559,0.2531456692913386,0.6723894028871391,0.0003548884514435696,2.0,0.14788195538057744,0.3883871719160105,43.0,2.0,1,0,6,0.026933333333333333,0.0232,0.0,0,0,6,0,0,1,6,0,0,0,0,0.0003333333333333333,0,0.0,0,0.00013333333333333334,0,0.010733333333333334,0,0.0002666666666666667,,,2007,2025,15,0.5495772637795276
Paul Millsap,millspa01,79,257.0,1985-02-10,Louisiana Tech,2007,2021,2006-11-01T00:00:00Z,False,15,NBA,"UTA, ATL, DEN",PF,1052,745.0,28.63403041825095,5.142585551330798,10.497148288973383,0.48990310604002535,0.5066539923954373,1.476235741444867,0.3432066967160335,4.635931558935361,9.020912547528518,0.5139093782929399,0.5140360409309065,2.9163498098859315,3.9600760456273765,0.7364378300528085,2.188212927756654,4.997148288973384,7.185361216730038,2.232889733840304,1.2519011406844107,0.9809885931558935,1.720532319391635,3.023764258555133,13.708174904942966,30123.0,5410,11043,533.0,1553.0,4877.0,9490.0,3068,4166,2302.0,5257.0,7559.0,2349,1317.0,1032.0,1810.0,3181.0,14421,1.0,18.820900972678682,0.5608708959930949,0.13407117484978257,0.3803642399495402,8.901696378182784,19.96435613982671,14.471742522325133,12.664973608206356,2.232656109949208,2.8207383062775953,12.324536068784647,21.811990837565975,49.80000000000001,45.2,94.7,0.1512429372904425,0.9336420675231552,1.034807290110547,1.97864090562029,30.199999999999992,9.152949573415661,18.66924609102679,0.8915811838130332,2.5779039272316835,8.264741227633369,16.10288815854995,5.18714935431398,7.0359525943631125,3.894910865451647,8.897367460080337,12.791514789363609,3.9610762540251634,2.232656109949208,1.7407628722238822,3.058201374365103,5.387683829631842,24.3724496232115,111.64027487302062,103.5821797297746,0.0,0.0,3.3902001792650136,91.32901769412076,5.337283803074063,4.601537031504165,5.276718786309464,679.0,566.0,1716.0,313.0,1880.0,135.0,5487.0,411.0,842.0,9.007688477243303,0.39276582677688143,0.21767406964777744,0.1257151678119709,0.12974454735584107,0.13407117484978257,0.6516309796501013,0.40229970454470004,0.38872177405968855,0.36548325200013276,0.6170402682335756,0.7603768548949306,0.058660624771769074,542.0,0.15656561431464333,0.31530923214819245,11.0,2.0,0,0,4,0.04053333333333333,0.016866666666666665,0.0414,0,1,5,0,0,0,6,0,1,1,0,0.0,0,0.03,0,0.0018000000000000002,0,0.008933333333333333,0,0.0021333333333333334,,,2007,2022,15,0.8659288251502176
Rajon Rondo,rondora01,73,180.0,1986-02-22,Kentucky,2007,2021,2006-11-01T00:00:00Z,False,15,NBA,"BOS, DAL, SAC, CHI, NOP, LAL, ATL, LAC",PG,918,732.0,30.362745098039216,4.159041394335512,9.084967320261438,0.4577937649880096,0.4553376906318083,1.411764705882353,0.32253086419753085,3.7037037037037037,7.673202614379085,0.48268029528676887,0.4828537170263789,1.1949891067538125,1.9607843137254901,0.6094444444444445,0.9749455337690632,3.644880174291939,4.619825708061002,8.076252723311546,1.6209150326797386,0.12962962962962962,2.7429193899782134,2.1143790849673203,9.968409586056644,27873.0,3818,8340,418.0,1296.0,3400.0,7044.0,1097,1800,895.0,3346.0,4241.0,7414,1488.0,119.0,2518.0,1941.0,9151,32.0,15.961956014781329,0.5007290926703261,0.15210110142431743,0.2193416926775015,3.8100599146127077,13.449018763678113,8.721831162774011,40.77269041724968,2.7402791231657884,0.3414989416280989,21.592648799913896,18.9214042263122,20.1,41.1,61.0,0.10522010547841996,0.33192695440031594,0.9636565852258459,1.3125964194740432,23.399999999999995,6.999375739963406,15.254134825817099,0.7436551501453018,2.287977612743515,6.254055896387185,12.958917231729629,2.035041079180569,3.3371147705664983,1.6564775948050088,6.100297779212858,7.748491371578231,13.541994044415743,2.7402791231657884,0.21473827718580704,4.587704947440176,3.5507085710185486,16.77663688874538,104.26692498116456,103.76425214365156,90.4931295518961,9.5068704481039,0.0,0.0,0.0,2.4520862483406893,0.6984537007139525,1705.0,440.0,583.0,164.0,688.0,203.0,16806.0,154.0,594.0,9.925497793563665,0.41189247659024864,0.17484081369066837,0.06996928927636063,0.19101040433394328,0.15210110142431743,0.6001336777526638,0.35399856491945614,0.3582649517454167,0.3788605101711334,0.26411373013310374,0.6038235209701146,0.010239012664585802,76.0,0.24260090410074267,0.3035154809313673,16.0,0.0,2,0,4,0.16933333333333334,0.028866666666666665,0.011466666666666665,2,4,7,0,0,1,5,0,1,1,0,0.0009333333333333333,0,0.005,0,0.0,0,0.012733333333333334,0,0.012,,,2007,2022,15,0.8478988985756827
LaMarcus Aldridge,aldrila01,83,250.0,1985-07-19,Texas,2007,2021,2006-11-12T00:00:00Z,False,15,NBA,"POR, SAS, BRK",PF,1029,985.0,34.20019436345967,7.831875607385811,15.951409135082605,0.4909833069331059,0.20699708454810495,0.6452866861030127,0.3207831325301205,7.624878522837706,15.306122448979592,0.49815873015873013,0.49747167052516145,3.5179786200194365,4.335276967930029,0.811477247253979,2.626822157434402,5.612244897959184,8.239067055393585,1.9766763848396502,0.7230320699708455,1.1078717201166182,1.553935860058309,2.4489795918367347,19.388726919339163,35192.0,8059,16414,213.0,664.0,7846.0,15750.0,3620,4461,2703.0,5775.0,8478.0,2034,744.0,1140.0,1599.0,2520.0,19951,0.0,20.73718742896113,0.5428664185042054,0.03962150488747443,0.27135570584223684,8.842785292111843,18.795643896340074,13.828154125937713,10.331836781086611,1.1206154807910889,2.5821323027960905,8.035363150716071,25.848442827915438,70.7,41.699999999999996,112.39999999999999,0.15361727097067518,1.997658558763355,-0.31189759036144576,1.6855620595589906,32.8,11.906490111388953,24.27174073653103,0.3067884746533303,0.9548022277790406,11.612684701068424,23.331995908160945,5.3435894521482155,6.590065924073652,4.024784041827688,8.507567060695614,12.535741077517617,2.992114685155717,1.1206154807910889,1.6710132984769266,2.352122641509434,3.7357950670606956,29.478659922709703,112.39389634007729,106.27551716299159,0.0,0.0,0.0,59.295237553989544,40.85266537849511,3.9318055239827236,5.040040350079564,406.0,568.0,1453.0,351.0,2045.0,86.0,4971.0,473.0,543.0,10.968251307115255,0.24576520231870888,0.20264025914980677,0.2075973516708343,0.30456373607638093,0.03962150488747443,0.7013900602409638,0.4474355535348943,0.4164960786542396,0.4240120766083201,0.5730654694248691,0.7598173448511026,0.06138196180950216,878.0,0.2765382757444874,0.24209706751534443,18.0,0.0,0,0,7,0.0012666666666666668,0.13393333333333332,0.04253333333333333,0,0,3,0,2,5,10,1,1,1,0,0.0021333333333333334,0,0.028,0,0.0,0,0.0322,0,0.00013333333333333334,,,2007,2022,15,0.9603784951125254
JJ Redick,redicjj01,75,200.0,1984-06-24,Duke,2007,2021,2006-11-25T00:00:00Z,False,15,NBA,"ORL, MIL, LAC, PHI, NOP, DAL",SG,940,488.0,25.493617021276595,4.264893617021277,9.548936170212766,0.4466354723707665,2.074468085106383,5.004255319148936,0.4145408163265306,2.1904255319148938,4.54468085106383,0.48197565543071164,0.5552584670231729,2.1914893617021276,2.4574468085106385,0.8917748917748918,0.1829787234042553,1.8414893617021277,2.024468085106383,1.9808510638297872,0.44680851063829785,0.09361702127659574,1.1063829787234043,1.5074468085106383,12.795744680851064,23964.0,4009,8976,1950.0,4704.0,2059.0,4272.0,2060,2310,172.0,1731.0,1903.0,1862,420.0,88.0,1040.0,1417.0,12028,0.0,14.872709063595394,0.6002036805207811,0.522982181605742,0.26121778501084963,0.8142463695543314,7.904715406442997,4.427545484894008,12.273639626105822,0.8687739943248205,0.3082665665164413,9.484777165748623,20.446615756968786,48.0,15.700000000000001,63.7,0.12777482891003172,1.709113670505759,-1.0529043565348024,0.6552620597563013,16.099999999999998,8.391449674511767,18.75835419796361,4.068857452845935,9.803304957436154,4.312794191286931,8.957023034551828,4.312239192121516,4.8540560841261895,0.3731806042396928,3.6194875646803544,3.9899808045401435,3.912973627107328,0.8687739943248205,0.1774912368552829,2.171590719412452,2.9681981305291267,25.120501585711903,116.47529627774996,110.87222500417293,9.460482390252045,85.9621932899349,4.523159739609414,0.06597396094141211,0.0,5.138774828910031,4.2964738774828914,531.0,276.0,730.0,82.0,721.0,208.0,4353.0,143.0,228.0,19.627545484894004,0.0972132782507094,0.05159280587547988,0.059982932732431986,0.268590343849107,0.522982181605742,0.6183128859956603,0.4389164580203638,0.4059073193123019,0.4571849440827909,0.7256521448839925,0.9118347521281924,0.0,0.0,0.18778430145217828,0.47162573026205973,2.0,0.0,0,0,0,0.0,0.0,0.0,0,0,0,0,0,0,0,0,0,0,0,0.0,0,0.0,0,0.0002666666666666667,0,0.00046666666666666666,0,0.0,,,2007,2021,15,0.47711709230512434
Kevin Durant,duranke01,83,240.0,1988-09-29,Texas,2008,2023,2007-10-31T00:00:00Z,False,15,NBA,"SEA, OKC, GSW, BRK, PHO",SF,986,983.0,36.6947261663286,9.329614604462474,18.700811359026368,0.49888822604262706,1.8894523326572008,4.90973630831643,0.3848378434207808,7.440162271805274,13.791075050709939,0.5394911016325931,0.549406150008135,6.725152129817444,7.593306288032454,0.8856684920528917,0.6855983772819473,6.372210953346856,7.057809330628803,4.327586206896552,1.0699797160243407,1.1206896551724137,3.1643002028397564,1.9269776876267748,27.273833671399593,36181.0,9199,18439,1863.0,4841.0,7336.0,13598.0,6631,7487,676.0,6283.0,6959.0,4267,1055.0,1105.0,3120.0,1900.0,26892,17.0,25.301431690666373,0.6180987811282164,0.2609026837290291,0.40677993974738125,2.1766728393355628,18.647259611398248,10.771686796937617,20.576783394599374,1.4575108482352614,2.3848373455681164,12.536074182582016,30.265426605124233,115.9,45.9,162.0,0.21479500290207568,6.0374616511428645,0.7504132002984992,6.789436444542716,80.5,12.69419861253144,25.476706005914707,2.563757220640668,6.680111108040131,10.137566678643486,18.812868632707776,9.170122439954671,10.3880296288107,0.9505541582598601,8.675810508277825,9.613581714159366,5.858768414361129,1.4575108482352614,1.5168486222050248,4.3118598159254855,2.6229153423067353,37.14759404107129,117.8858516901136,106.17249385036345,0.0,9.039108924573672,52.887786407230315,32.983969486747185,5.178629667505044,5.929559713661867,5.720690417622509,1404.0,1121.0,1007.0,324.0,2934.0,102.0,9901.0,634.0,640.0,14.155916088554765,0.20654680633481665,0.12539611951024018,0.20084541610237416,0.20643940189602275,0.2609026837290291,0.7443339874519774,0.45817550648130245,0.4651879715872972,0.4602908985379066,0.4908272021226611,0.738792294298112,0.07883411182664936,1394.0,0.06893778502528951,0.4146919930350184,9.0,0.0,2,2,13,0.019600000000000003,0.5443333333333334,0.06553333333333333,0,0,9,6,10,10,13,1,1,1,1,0.21399999999999997,1,0.872,0,0.0,0,0.02106666666666667,0,0.0009333333333333333,0,0.0,2008,2025,15,0.739097316270971
Jeff Green,greenje02,80,235.0,1986-08-28,Georgetown,2008,2023,2007-10-31T00:00:00Z,False,15,NBA,"SEA, OKC, BOS, MEM, LAC, ORL, CLE, WAS, HOU, UTA, BRK, DEN",PF,1107,651.0,28.504065040650406,4.494128274616079,9.999096657633244,0.4494534284939922,1.010840108401084,2.996386630532972,0.3373530298462466,3.4832881662149955,7.002710027100271,0.49742002063983487,0.5,2.4056007226738934,2.994579945799458,0.8033182503770739,0.8545618789521229,3.3423667570009035,4.196928635953026,1.5302619692863595,0.6657633242999097,0.5022583559168925,1.3794037940379404,2.140921409214092,12.404697380307136,31554.0,4975,11069,1119.0,3317.0,3856.0,7752.0,2663,3315,946.0,3700.0,4646.0,1694,737.0,556.0,1527.0,2370.0,13732,0.0,13.128890156557015,0.5504204221334854,0.3012065031374786,0.301011313938011,3.4029821892628513,13.184971794384232,8.32266273689548,8.3698136527857,1.16620396780123,1.4097388603663559,10.817319515750777,19.810876592508084,25.9,25.999999999999996,52.10000000000001,0.07906547505862965,-0.7197629460607213,-0.7238796982949863,-1.4521074982569564,4.3999999999999995,7.943262343918364,17.699686252139188,1.7790422767319516,5.278335551752551,6.179295810356849,12.425885783101984,4.250804969259048,5.300941243582431,1.5131171959181087,5.904427330924762,7.421236610255436,2.696155796412499,1.16620396780123,0.8914939468847055,2.4468847055840786,3.7740254801293016,21.921654940736516,107.48488305761552,110.22646891043925,0.0,0.0,39.13129872599354,54.3107688407175,6.526937947645306,-2.711025543512709,-3.9941053432211446,515.0,472.0,1247.0,270.0,1613.0,209.0,3954.0,356.0,593.0,12.570079863091841,0.30086946187488117,0.17766108892691895,0.08724247322051087,0.13256198897128732,0.3012065031374786,0.6677694111681561,0.3943662610128668,0.36194140204094566,0.3485628446472713,0.5523693667997719,0.9432783482284338,0.07247810103314953,703.0,0.3643417316346581,0.38415950434176327,61.0,0.0,1,0,0,0.0,0.0,0.0494,0,0,0,0,0,0,0,1,1,1,0,0.0,0,0.0,0,0.0,0,0.00013333333333333334,0,0.0,0,0.0,2008,2025,15,0.6987934968625212
Al Horford,horfoal01,81,240.0,1986-06-03,Florida,2008,2022,2007-11-02T00:00:00Z,False,15,NBA,"ATL, BOS, PHI, OKC, BOS",C,950,940.0,32.20736842105263,5.7105263157894735,11.09578947368421,0.5146570534104924,0.6410526315789473,1.7810526315789474,0.3599290780141844,5.069473684210526,9.314736842105264,0.5442422872640976,0.5435442557632103,1.6105263157894736,2.1210526315789475,0.7593052109181141,2.036842105263158,6.143157894736842,8.18,3.309473684210526,0.8021052631578948,1.1852631578947368,1.5136842105263157,2.2326315789473683,13.67263157894737,30597.0,5425,10541,609.0,1692.0,4816.0,8849.0,1530,2015,1935.0,5836.0,7771.0,3144,762.0,1126.0,1438.0,2121.0,12989,2.0,18.53612772494035,0.5682719220838643,0.15624691963264373,0.20058590711507665,7.262421152400563,21.42345001143903,14.402091708337423,16.604912246298657,1.2642906167271302,2.9897898486779746,11.293335947968753,18.98132823479426,55.4,44.89999999999999,100.49999999999999,0.15735987188286432,1.6810896493120242,1.2182828381867505,2.8791417459228033,38.1,9.025227963525834,17.53923587279799,0.9750335000163416,2.726950354609929,8.066258129882014,14.81214171323986,2.5818740399385556,3.391476288525019,3.2530084648821784,9.756979442428998,13.00202961074615,5.188283165016178,1.2642906167271302,1.8852730659868613,2.406170539595385,3.5475209987907315,21.627071281498186,115.16129032258064,104.58169101545903,0.0,0.0,0.0,17.84420041180508,82.15579958819492,3.799696048632219,3.5418766545739775,589.0,350.0,1202.0,240.0,938.0,46.0,7497.0,263.0,428.0,11.105722783279408,0.279402817269667,0.22818635813968688,0.12790548092950288,0.2080292839167239,0.15624691963264373,0.7304349119194692,0.4474760924273622,0.4442914011177567,0.44728927672647656,0.6843551982220478,0.7411621727620353,0.08075321109912738,788.0,0.3529495375363597,0.43528901526293423,2.0,0.0,0,0,5,0.04133333333333333,0.03133333333333334,0.06666666666666667,0,1,7,0,0,1,7,1,1,1,0,0.0,0,0.624,0,0.0,0,0.0,0,0.0054,,,2008,2025,15,0.8437530803673563
Mike Conley,conlemi01,72,175.0,1987-10-11,Ohio State,2008,2022,2007-11-07T00:00:00Z,False,15,NBA,"MEM, UTA",PG,958,922.0,31.961377870563673,5.263048016701461,11.985386221294362,0.4391221041630378,1.5542797494780793,4.069937369519833,0.38189279302385226,3.708768267223382,7.9154488517745305,0.4685480680469471,0.5039627242640655,2.7640918580375784,3.372651356993737,0.8195605075827918,0.4759916492693111,2.521920668058455,2.997912317327766,5.644050104384133,1.4227557411273486,0.2056367432150313,1.9832985386221293,1.9749478079331941,14.84446764091858,30619.0,5042,11482,1489.0,3899.0,3553.0,7583.0,2648,3231,456.0,2416.0,2872.0,5407,1363.0,197.0,1900.0,1892.0,14221,0.0,17.58707011986022,0.5483601685228127,0.33068738365067446,0.2774841764917208,1.7115385871517688,9.15505405140599,5.397625657271629,28.676318625689934,2.3107025049805676,0.5520493811032364,13.074682386753324,21.779035892746336,55.3,31.400000000000006,86.7,0.13598167804304515,2.1188477742578136,0.3802246970835102,2.5025507038113592,34.800000000000004,8.503945262745354,19.331023220875927,2.505088343838793,6.518893497501551,5.997952251869756,12.807723962245666,4.463849243933505,5.444436461020934,0.7596165779418007,4.072856722949803,4.848313138900682,9.107750089813514,2.3107025049805676,0.33690192364218297,3.2084065449557464,3.198840589176655,23.94872138214834,112.46232731310624,107.9624742806754,100.0,0.08390215225840164,0.0,0.0,0.0,3.173496848362128,6.010166889839642,1166.0,529.0,809.0,94.0,1214.0,312.0,12124.0,280.0,579.0,13.915513243410954,0.2564063489989876,0.16319187432639864,0.09330435350599302,0.15597997975113492,0.33068738365067446,0.5754077860152194,0.3957725921813253,0.3892675136353246,0.40655201018975146,0.2254751624808126,0.7567433619647933,0.0014782651294947583,15.0,0.19052852803814624,0.42954557627616835,40.0,1.0,0,0,1,0.033466666666666665,0.0012666666666666666,0.009200000000000002,0,1,8,0,0,0,4,0,0,1,0,6.666666666666667e-05,0,0.002,0,0.0,0,0.0032666666666666673,0,0.0003333333333333333,,,2008,2025,15,0.6693126163493257
Thaddeus Young,youngth01,80,235.0,1988-06-21,Georgia Tech,2008,2022,2007-11-07T00:00:00Z,False,15,NBA,"PHI, MIN, BRK, IND, CHI, SAS, TOR",PF,1085,711.0,29.288479262672812,5.502304147465438,10.96405529953917,0.5018493611297915,0.47465437788018433,1.4304147465437789,0.3318298969072165,5.027649769585254,9.533640552995392,0.5273588553750966,0.523495292535306,1.2838709677419355,1.9373271889400923,0.6627021883920076,2.008294930875576,3.83963133640553,5.847926267281106,1.8460829493087558,1.4147465437788018,0.4129032258064516,1.4599078341013825,2.1649769585253456,12.763133640552995,31778.0,5970,11896,515.0,1552.0,5455.0,10344.0,1393,2102,2179.0,4166.0,6345.0,2003,1535.0,448.0,1584.0,2349.0,13848,0.0,16.432720750204542,0.5413892315438354,0.13054071999496508,0.17522112782428098,7.6680659575807155,14.95415067027503,11.278862735225628,10.171930266221915,2.4535779470073633,1.1655327585121784,10.985357794700736,20.21267858266725,32.3,36.599999999999994,68.89999999999999,0.10408276165900938,0.22979734407451696,0.2571118383787526,0.48785008496444077,19.8,9.556482472150543,19.042840959154134,0.8071275725344578,2.4393511234187173,8.761655862546416,16.592740260557623,2.254673044244446,3.3830039650072385,3.495090943419976,6.651592296557368,10.134964440808107,3.153606268487633,2.4535779470073633,0.7140946566807226,2.510139089936434,3.761514255145069,22.156875826043176,107.78160991881175,106.85741708099944,0.0,0.26590723141796213,8.000314683114103,87.71244257033167,4.001006985965133,0.11340235382969338,4.952032852917112,648.0,539.0,1139.0,178.0,1002.0,202.0,4612.0,248.0,766.0,8.216074013468438,0.41941283277739316,0.26683485430171816,0.07146126250865377,0.11201995090943419,0.13054071999496508,0.6478213858644345,0.44531427402605583,0.33386273522562776,0.3610569576436528,0.5995233809553779,0.9308556548555605,0.059611429290704274,645.0,0.3850429227767638,0.3336046950720624,15.0,0.0,0,0,0,0.0006666666666666666,0.0,0.02646666666666667,0,0,1,0,0,0,0,0,1,1,0,0.0,0,0.003,0,0.010066666666666668,0,0.0022,0,0.0,,,2008,2024,15,0.8694592800050349
Nicolas Batum,batumni01,80,230.0,1988-12-14,,2009,2023,2008-10-28T00:00:00Z,False,15,NBA,"POR, CHO, LAC",SF,993,825.0,29.948640483383684,3.801611278952669,8.710976837865056,0.43641618497109824,1.6002014098690835,4.385699899295066,0.3648679678530425,2.201409869083585,4.32527693856999,0.5089639115250291,0.5282658959537573,1.498489425981873,1.798590130916415,0.8331466965285554,0.9828801611278952,4.05840886203424,5.041289023162135,3.3595166163141994,0.9345417925478349,0.6273917421953675,1.6032225579053374,1.7411883182275931,10.701913393756294,29739.0,3775,8650,1589.0,4355.0,2186.0,4295.0,1488,1786,976.0,4030.0,5006.0,3336,928.0,623.0,1592.0,1729.0,10627,9.0,14.386176401358485,0.5649963011533676,0.5172795991795286,0.19893140320790878,3.7037660983893206,15.170627795151146,9.42740845354585,16.945663942970512,1.5902585830054812,1.6838494905679413,14.235347523454053,16.651440868892696,36.4,30.5,67.2,0.10832280843337032,0.9049598170752212,0.714408688926998,1.6141766703655134,26.999999999999996,6.4780725646457515,14.862581122431825,2.727674097985809,7.467090352735465,3.764407007633075,7.4062106997545305,2.565654527724537,3.07474360267662,1.6929116648172435,6.882723023638993,8.575385856955513,5.679817747738659,1.5902585830054812,1.100685967920912,2.7157907125323657,2.9969198695315913,18.253922458724237,112.18541309391708,108.22280507078247,0.0,11.658226571169171,64.17983119809006,21.030700427048657,3.0694710649315713,2.35911429436094,2.398483472880729,1027.0,266.0,649.0,122.0,694.0,164.0,7722.0,171.0,281.0,17.279024177006626,0.19571253236490804,0.0562580449914254,0.08168156293083156,0.14891028615622584,0.5172795991795286,0.6898274319916607,0.40685641749890716,0.39286354618514413,0.36560223948350645,0.5796487776993173,0.900708430007734,0.04813668919600525,365.0,0.2839439120347019,0.38526248360738424,13.0,0.0,0,0,0,0.009733333333333335,0.0,0.0,0,0,6,0,0,0,0,0,0,0,0,0.0,0,0.002,0,0.0,0,0.0,0,0.0,0,0.0,2009,2025,15,0.48272040082047135
Derrick Rose,rosede01,75,200.0,1988-10-04,Memphis,2009,2024,2008-10-28T00:00:00Z,False,15,NBA,"CHI, NYK, CLE, MIN, DET, NYK, MEM",PG,723,518.0,30.503457814661136,6.806362378976487,14.934993084370678,0.4557325430635303,0.8160442600276625,2.5809128630705396,0.3161843515541265,5.990318118948824,12.354080221300139,0.4848858038513211,0.48305241711428043,2.9612724757952975,3.561549100968188,0.8314563106796117,0.7648686030428768,2.4495159059474414,3.2143845089903182,5.214384508990318,0.7413554633471646,0.334716459197787,2.4149377593360994,1.2268326417704012,17.390041493775932,22054.0,4921,10798,590.0,1866.0,4331.0,8932.0,2141,2575,553.0,1771.0,2324.0,3770,536.0,242.0,1746.0,887.0,12573,1.0,18.001310419878482,0.525992790423506,0.16770146005259817,0.23678987938695936,2.8196200235784894,8.825401287748255,5.8590550467035465,30.376258275142828,1.2428720413530427,0.8679015144644963,12.736737099845836,27.577219552008707,26.700000000000006,18.200000000000003,44.599999999999994,0.09701151718509113,2.3576675433028025,-1.0857168767570509,1.2656388863698196,18.199999999999996,11.383930352770474,24.99181554366555,1.3685272512922826,4.329849460415344,10.002820350049877,20.661172576403374,4.995524621383876,5.997964088147274,1.288895438469212,4.109250022671625,5.372789516640973,8.733213929445908,1.2428720413530427,0.5527432665276139,4.05384057313866,2.0456198422054954,29.121615126507663,106.92636256461412,110.25523714518908,87.6807381880838,12.483721773827877,0.0,0.0,0.0,1.077541489072277,0.13633807925999814,939.0,592.0,449.0,92.0,1205.0,118.0,8693.0,271.0,772.0,11.482928266981046,0.31664537045433927,0.17525913666455065,0.129671352135667,0.21036102294368367,0.16770146005259817,0.5783631087331097,0.43571388410265716,0.4281417883377166,0.41143271061938874,0.25724421873583025,0.6988102838487348,0.010370499682597262,106.0,0.13922766845016776,0.34479609141198875,42.0,1.0,0,0,3,0.016666666666666666,0.07313333333333333,0.06666666666666667,0,0,2,1,1,1,4,1,1,1,1,0.06606666666666666,1,0.957,0,0.0124,0,0.009000000000000001,0,0.0,0,0.0,2009,2024,15,0.8322985399474017
Goran Dragić,dragigo01,76,190.0,1986-05-06,,2009,2023,2008-10-29T00:00:00Z,False,15,NBA,"PHO, HOU, PHO, MIA, BRK, TOR, CHI, MIL",PG,946,530.0,27.06553911205074,4.867864693446089,10.601479915433403,0.4591684116063416,1.215644820295983,3.3625792811839323,0.3615215341087708,3.6522198731501057,7.238900634249472,0.5045268691588785,0.5165021437830292,2.3340380549682873,3.0475687103594082,0.7658688865764828,0.6797040169133193,2.2970401691331923,2.9767441860465116,4.656448202959831,0.9260042283298098,0.17653276955602537,2.1818181818181817,2.2399577167019027,13.285412262156449,25604.0,4605,10029,1150.0,3181.0,3455.0,6848.0,2208,2883,643.0,2173.0,2816.0,4405,876.0,167.0,2064.0,2119.0,12568,2.0,16.461990314013438,0.5545935010154663,0.3172895641306046,0.28728093266677085,2.8644118106545844,9.473957194188408,6.204046242774567,27.6537728479925,1.7314130604593032,0.5298664271207625,15.580241368536168,23.249078269020465,36.30000000000001,20.299999999999997,56.49999999999999,0.10614716450554601,1.0504100921730979,-0.6086002187158257,0.45550304639900024,15.9,9.076124824246211,19.72111388845493,2.2530542102796445,6.234787533197939,6.802265271051398,13.48532651148258,4.350292922980785,5.674929698484613,1.2795774097797221,4.252702702702703,5.547199656303703,8.675167942508983,1.7314130604593032,0.33646305264802373,4.0516950476488045,4.195028120606155,24.750769411029523,108.91493516638025,110.05971723168255,72.1123261990314,27.02773004218091,0.8599437587876895,0.0,0.0,0.8846352132479299,1.8079792219965631,1093.0,512.0,829.0,193.0,1060.0,176.0,10277.0,225.0,513.0,13.116505233557254,0.2916879003280737,0.1344500078112795,0.1397176613029214,0.11680190595219495,0.3172895641306046,0.64933018278394,0.39183385408529914,0.39184416497422286,0.3929638337759725,0.27021438056553665,0.6955380409311045,0.004975863146383377,42.0,0.20228686923918138,0.3858022184033744,11.0,0.0,0,0,1,0.0,0.012266666666666667,0.0,0,0,0,0,0,1,1,0,0,0,0,0.00013333333333333334,0,0.0,0,0.0008,1,0.049133333333333334,0,0.0,0,0.0,2009,2023,15,0.6827104358693955
Eric Gordon,gordoer01,75,215.0,1988-12-25,Indiana,2009,2023,2008-10-29T00:00:00Z,False,15,NBA,"LAC, NOH, NOP, HOU, LAC",SG,818,628.0,32.0562347188264,5.452322738386308,12.704156479217604,0.42917628945342573,2.295843520782396,6.19559902200489,0.3705603788476717,3.156479217603912,6.508557457212714,0.48497370398196843,0.5195342571208622,2.837408312958435,3.4987775061124693,0.8109713487071978,0.38386308068459657,1.9938875305623471,2.377750611246944,2.8166259168704157,0.8361858190709046,0.34596577017114916,1.9254278728606358,1.832518337408313,16.037897310513447,26222.0,4460,10392,1878.0,5068.0,2582.0,5324.0,2321,2862,314.0,1631.0,1945.0,2304,684.0,283.0,1575.0,1499.0,13119,0.0,13.99654869956525,0.5646979635420639,0.484383265959881,0.2766359164060712,1.3556364884448173,7.0969186179543895,4.184219357791168,14.232526123102742,1.3139768133628253,0.9072038746091069,11.982274426054458,22.2753947067348,28.499999999999996,10.3,38.49999999999999,0.07063896727938372,0.7390740599496606,-1.4024750209747543,-0.6712455190298222,8.8,8.547475402333918,19.91379757455572,3.58285409198383,9.612481885439706,4.989504995805048,10.306883532911295,4.47757608115323,5.529749828388376,0.6103996644039356,3.119434063000534,3.7298337274044693,4.45006483105789,1.3139768133628253,0.5281176111661963,3.0398367782777815,2.8703264434444358,25.15687209213637,108.58054305544962,114.19857371672641,17.002211883151553,64.04416139119823,18.156853024178172,0.6310350087712607,0.0,-0.6703302570360772,2.545004194950805,716.0,525.0,756.0,131.0,1259.0,59.0,5313.0,307.0,627.0,15.980241781710015,0.2511182976126916,0.1349566775989627,0.03748630920601022,0.09148630920601022,0.484383265959881,0.6072334680802379,0.3687752650446191,0.3178673632827398,0.34581416367935325,0.4246722599344063,0.8447043322401037,0.015495423690031273,146.0,0.11307585233773167,0.4080622759514911,24.0,1.0,0,0,0,0.0006666666666666666,0.0002666666666666667,0.0448,0,0,1,0,0,0,2,0,1,1,0,0.0,0,0.037,1,0.0802,0,0.0006,0,0.0,0,0.0,2009,2025,15,0.5156167340401191
Brook Lopez,lopezbr01,85,282.0,1988-04-01,Stanford,2009,2023,2008-10-29T00:00:00Z,False,15,NBA,"NJN, BRK, LAL, MIL",C,946,906.0,30.19556025369979,6.2579281183932345,12.59830866807611,0.49672763886558147,0.8329809725158562,2.4080338266384778,0.34591747146619845,5.424947145877378,10.190274841437633,0.5323651452282158,0.529786876992784,3.0211416490486256,3.7980972515856237,0.79543556916226,2.04122621564482,4.224101479915434,6.265327695560254,1.4217758985200846,0.5708245243128964,1.8213530655391121,1.6786469344608879,2.649048625792812,16.36997885835095,28565.0,5920,11918,788.0,2278.0,5132.0,9640.0,2858,3593,1931.0,3996.0,5927.0,1345,540.0,1723.0,1588.0,2506.0,15486,0.0,19.161750393838613,0.5753235427971293,0.20378809732189743,0.29667603710834933,7.588660948713461,15.421526343427272,11.53714685804306,8.171202520567128,0.9484123927883774,4.892413793103448,10.478522667600211,23.41546998074567,47.099999999999994,32.5,79.69999999999999,0.1335473481533345,1.2739541396814287,0.0720637143357255,1.3601610362331527,24.4,10.442103973394014,20.96674601785402,1.289809207071591,3.739943987397164,9.153467530194293,17.218914755820062,5.082198494661299,6.393628566427446,3.460675652021705,7.020098022054961,10.465240679152808,2.346840539121302,0.9484123927883774,2.9905303693330993,2.8056047610712413,4.401036233152459,27.251458078067564,112.23052686854543,107.69903728338876,0.0,0.0,0.0,0.0,100.0,-0.04348678452651862,3.2965272186241905,471.0,457.0,1382.0,364.0,1793.0,61.0,3156.0,503.0,591.0,10.706511465079643,0.30950344827586207,0.2644455802555574,0.12007442674601788,0.10243329249081043,0.20378809732189743,0.6877864169438123,0.4705696831787152,0.4377589707684229,0.3828436898302117,0.6257481883423769,0.5904890250306318,0.08286378435147909,878.0,0.22674713810607383,0.1771562051461579,0.0,0.0,1,0,1,0.083,0.016,0.05633333333333333,1,2,3,0,0,0,6,1,1,1,0,0.0,0,0.212,0,0.0,0,0.0022,0,0.04173333333333333,0,0.0,2009,2025,15,0.7962119026781027
Robin Lopez,lopezro01,85,281.0,1988-04-01,Stanford,2009,2023,2008-10-29T00:00:00Z,False,15,NBA,"PHO, NOH, POR, NYK, CHI, MIL, WAS, ORL, CLE",C,976,605.0,21.385245901639344,3.5625,6.628073770491803,0.5374864739526974,0.05635245901639344,0.1885245901639344,0.29891304347826086,3.5061475409836067,6.439549180327869,0.5444709626093874,0.5417375173906323,1.3309426229508197,1.7920081967213115,0.7427101200686106,2.19672131147541,2.5727459016393444,4.769467213114754,0.8350409836065574,0.22336065573770492,1.0676229508196722,1.0870901639344261,1.896516393442623,8.512295081967213,20872.0,3477,6469,55.0,184.0,3422.0,6285.0,1299,1749,2144.0,2511.0,4655.0,815,218.0,1042.0,1061.0,1851.0,8308,0.0,15.868407435799158,0.5752946531238022,0.027869490226140284,0.2795436469911844,11.34536220774243,13.118345151399005,12.239938673821387,6.189387696435416,0.5262408968953621,3.896507282483711,12.759347451130703,17.54216174779609,31.799999999999997,17.599999999999998,49.4,0.11409577424300499,-0.5006467995400538,-0.6245065159064773,-1.1220343043311614,4.700000000000002,8.359256420084323,15.558638367190499,0.12465024913760063,0.39768589497891915,8.233173629743195,15.140719624377152,3.1425162897661933,4.223605787658107,5.1635300881563815,6.0596492909160595,11.23102721349176,1.9447681103871217,0.5262408968953621,2.513491759294749,2.5498418934457647,4.432694518972787,19.97701226523572,114.1140283633576,109.53502299731699,0.0,0.0,0.0,0.0,100.0,-0.6591989267918743,1.029589881180529,238.0,298.0,1100.0,275.0,805.0,67.0,1927.0,199.0,376.0,6.10213683403603,0.42736091414334987,0.364726619394404,0.09539622460712917,0.08421310847067842,0.027869490226140284,0.6660039287083175,0.4615277884246838,0.39992171330011494,0.4122299252587198,0.6183079724032196,0.2920898811805289,0.0870767535454197,502.0,0.2425462821004216,0.0703443848217708,2.0,0.0,0,0,0,0.0,0.0,0.002266666666666667,0,0,0,0,0,0,0,0,0,1,0,0.0,0,0.005,0,0.0,0,0.001,0,0.0,0,0.0,2009,2024,15,0.9721305097738596
Kevin Love,loveke01,80,251.0,1988-09-07,UCLA,2009,2023,2008-10-29T00:00:00Z,False,15,NBA,"MIN, CLE, MIA",PF,874,679.0,30.125858123569795,5.577803203661327,12.711670480549198,0.4387938793879388,1.791762013729977,4.84096109839817,0.37012526589458755,3.78604118993135,7.87070938215103,0.4810292193632795,0.5092709270927093,4.002288329519451,4.822654462242563,0.8298932384341637,2.44279176201373,7.9290617848970255,10.371853546910755,2.329519450800915,0.6224256292906178,0.40503432494279173,1.8501144164759726,1.971395881006865,16.949656750572082,26330.0,4875,11110,1566.0,4231.0,3309.0,6879.0,3498,4215,2135.0,6930.0,9065.0,2036,544.0,354.0,1617.0,1723.0,14814,3.0,20.865807064185343,0.570410140524117,0.3765870110140524,0.3777990884922142,9.000501329282189,29.743357387011017,19.322271173566275,12.670865932396508,1.035674135966578,1.0709912647170527,11.179829092290165,24.344014432206613,60.800000000000004,30.3,91.30000000000001,0.16630558298518802,3.8455791872388905,-0.6090467147740221,3.2295708317508547,34.699999999999996,9.330565894417015,21.23691226737562,2.995985567793391,8.052932016710976,6.324071401443221,13.174063805545007,6.698021268515,8.065450056969237,4.091473604253703,13.244295480440561,17.348663121914168,3.877698442840866,1.035674135966578,0.6852183820736804,3.0914622104063803,3.304530953285226,28.280151917964304,115.16874287884542,107.08811241929358,0.0,0.0,0.0,70.94986707178124,29.155222180022786,0.5710444360045575,4.165795670338017,765.0,444.0,884.0,208.0,1624.0,173.0,4580.0,265.0,695.0,14.101788834029623,0.2609805545005696,0.16348336498290922,0.08771010254462591,0.11118458032662364,0.3765870110140524,0.6081576908469426,0.4056584124572732,0.3733586023547284,0.4026833649829092,0.5764490695024687,0.9085661602734523,0.02371222939612609,232.0,0.18039635396885684,0.42240220281048235,23.0,0.0,1,0,5,0.0,0.07146666666666665,0.039066666666666666,0,0,0,0,2,2,5,0,1,1,0,0.004533333333333334,0,0.027,0,0.028666666666666667,1,0.04686666666666666,0,0.0,0,0.0,2009,2025,15,0.6234129889859475
JaVale McGee,mcgeeja01,84,270.0,1988-01-19,Nevada,2009,2023,2008-10-29T00:00:00Z,False,15,NBA,"WAS, DEN, PHI, DAL, GSW, LAL, CLE, DEN, PHO, DAL",C,863,343.0,16.61297798377752,3.332560834298957,5.7682502896871375,0.57774206508638,0.016222479721900347,0.08227114716106605,0.19718309859154928,3.3163383545770566,5.6859791425260715,0.5832484206235989,0.5791482523101648,1.1077636152954808,1.8331402085747392,0.6042983565107459,1.8331402085747392,3.324449594438007,5.157589803012746,0.4275782155272306,0.38354577056778677,1.4345307068366164,0.9988412514484357,2.1749710312862107,7.789107763615296,14337.0,2876,4978,14.0,71.0,2862.0,4907.0,956,1582,1582.0,2869.0,4451.0,369,331.0,1238.0,862.0,1877.0,6722,1.0,19.59379926065425,0.59172302434261,0.013405872916230731,0.3217804282625375,12.327983539094651,22.14390737253261,17.24185673432378,4.094608356001953,1.1551161330822346,6.9745902211062285,13.122836018692892,19.907944479319244,21.099999999999998,22.1,43.1,0.14384306340238545,-0.6225081955778755,0.6412568877728952,0.004533723931087364,7.000000000000001,9.929950477784754,17.28699867475762,0.04240078119550812,0.24542093882960175,9.877554579061172,17.026679221594474,3.3288693590011857,5.53085722257097,5.487598521308502,9.937469484550464,15.409360396177721,1.2600823045267489,1.1551161330822346,4.302057613168723,2.9885052660947196,6.511543558624538,23.274938969100926,112.389342261282,104.10511264560229,0.0,0.0,0.0,0.5041501011369185,99.49584989886309,-2.7893004115226336,-2.665229824928507,276.0,221.0,1039.0,208.0,765.0,72.0,827.0,220.0,291.0,4.1026225849201365,0.6050748413196623,0.27967636186091926,0.07327272093185463,0.028545930110901865,0.013405872916230731,0.7055160075329567,0.396538745902211,0.32485331659342964,0.3292863221036479,0.672680198088861,0.4228715909883518,0.297570063472135,1387.0,0.0247348817744298,0.011822557020297133,3.0,0.0,3,0,0,0.0,0.0,0.0,0,0,0,0,0,0,0,0,0,0,0,0.0,0,0.0,0,0.0,0,0.0,0,0.0005333333333333334,0,0.0,2009,2024,15,0.9865941270837693
Russell Westbrook,westbru01,76,200.0,1988-11-12,UCLA,2009,2023,2008-10-29T00:00:00Z,False,15,NBA,"OKC, HOU, WAS, LAL, LAC",PG,1094,1028.0,34.3254113345521,8.0018281535649,18.27787934186472,0.4377875575115023,1.1252285191956124,3.6855575868372945,0.3053075396825397,6.8765996343692875,14.592321755027422,0.47124780756702583,0.46856871374274855,5.226691042047532,6.720292504570384,0.7777475516866159,1.6261425959780622,5.6535648994515535,7.279707495429616,8.374771480804387,1.6224862888482632,0.3162705667276051,4.0612431444241315,2.603290676416819,22.355575868372945,37552.0,8754,19996,1231.0,4032.0,7523.0,15964.0,5718,7352,1779.0,6185.0,7964.0,9162,1775.0,346.0,4443.0,2848.0,24457,198.0,22.213722305070302,0.5241610566680869,0.1962972677886664,0.36668038985939505,5.33299424797614,17.863232317852578,11.628714848743076,41.727053152961226,2.3289065828717503,0.7436780997017469,16.128895930975713,31.863405411163182,59.4,49.0,108.2,0.13861442799318277,3.5346639326800164,0.49239720920323815,4.027061141883255,57.0,11.51424691095015,26.307743928419264,1.6060875585854282,5.269018960374947,9.900577865360034,21.052588410737112,7.5659538772901564,9.681039625053259,2.344713996591393,8.04077013208351,10.406287281636132,12.042594269279933,2.3289065828717503,0.4441654239454624,5.848442160204517,3.7335055389859404,32.19376597784406,107.42578291435876,106.45472944184064,83.11464103110353,16.691334682573498,0.4016563698338304,0.0,0.0,3.6591206859821055,3.626358116744781,2544.0,1185.0,825.0,418.0,3240.0,139.0,20920.0,668.0,1216.0,11.326011930123563,0.3440459629314017,0.1381489135066042,0.14987875479335322,0.1718288506604176,0.1962972677886664,0.5987082711972731,0.335196314443971,0.39073926821474225,0.37748157221985507,0.1934644226672348,0.52798580634853,0.037643694077545795,614.0,0.11340288133787814,0.30048338304218153,15.0,0.0,0,0,9,0.06100000000000001,0.3370666666666667,0.06093333333333333,0,0,12,2,7,9,11,1,1,1,1,0.10793333333333334,0,0.122,0,0.00013333333333333334,0,0.012866666666666667,0,0.00046666666666666666,0,0.0,2009,2025,15,0.8037027322113335
DeAndre Jordan,jordade01,83,265.0,1988-07-21,Texas A&M,2009,2023,2008-11-01T00:00:00Z,False,15,NBA,"LAC, DAL, NYK, BRK, LAL, PHI, DEN",C,1019,784.0,26.280667320902847,3.6378802747791954,5.389597644749754,0.6749817916970139,0.001962708537782139,0.012757605495583905,0.15384615384615385,3.635917566241413,5.376840039254171,0.6762182880087607,0.6751638747268754,1.6840039254170756,3.5436702649656526,0.4752146219883689,2.9960745829244355,7.155053974484789,10.151128557409224,0.9479882237487733,0.5387634936211972,1.4965652600588812,1.353287536800785,2.506378802747792,8.961727183513249,26780.0,3707,5492,2.0,13.0,3705.0,5479.0,1716,3611,3053.0,7291.0,10344.0,966,549.0,1525.0,1379.0,2554.0,9132,0.0,18.435332337565345,0.6450665421956683,0.0023724794622852876,0.666317587752054,12.98838312173264,29.85699775952203,21.567696041822256,5.356609410007467,1.0417401045556385,4.614171023151607,16.340870052277822,14.038532486930546,52.1,43.7,95.90000000000002,0.17173304705003728,0.49613890963405527,0.7496601941747574,1.2435810306198651,21.900000000000002,6.957505601194922,10.308790141896939,0.002188200149365198,0.016964152352501868,6.957505601194922,10.285112023898433,3.209451082897685,6.77996639283047,5.718342046303211,13.619335324869304,19.33698655713219,1.776463778939507,1.0417401045556385,2.8668147871545924,2.574085138162808,4.810926064227035,17.109085138162808,120.91822255414489,102.67382374906647,0.0,0.0,0.0,1.773076923076923,98.22692307692307,2.710504107542942,3.673069454817027,468.0,332.0,1409.0,299.0,1246.0,64.0,2244.0,307.0,314.0,1.732845407020164,0.8323529126213591,0.1527272218073189,0.008100336071695297,0.0038984690067214345,0.0023724794622852876,0.7282265496639283,0.4226438760268858,0.3305297610156833,0.06782173263629575,0.7120655339805826,0.02188200149365198,0.48900806572068717,2366.0,0.06713965646004481,0.0,0.0,0.0,1,0,1,0.11253333333333333,0.06026666666666667,0.0,2,2,5,1,1,3,4,0,0,0,0,0.0,0,0.0,0,0.0,0,0.0078000000000000005,0,0.04506666666666667,0,0.0,2009,2025,15,0.9976275205377148
George Hill,hillge01,76,188.0,1986-05-04,IUPUI,2009,2023,2008-11-04T00:00:00Z,False,15,NBA,"SAS, IND, UTA, SAC, CLE, MIL, OKC, PHI, MIL, IND",PG,915,484.0,26.777049180327868,3.6907103825136613,8.079781420765027,0.45678344379818747,1.1650273224043717,3.0688524590163935,0.37962962962962965,2.5256830601092894,5.0109289617486334,0.5040348964013086,0.5288786690112268,1.8852459016393444,2.3398907103825137,0.8056982718355908,0.5825136612021858,2.402185792349727,2.9846994535519125,3.06775956284153,0.8808743169398907,0.2546448087431694,1.1923497267759562,1.9224043715846995,10.431693989071038,24501.0,3377,7393,1066.0,2808.0,2311.0,4585.0,1725,2141,533.0,2198.0,2731.0,2807,806.0,233.0,1091.0,1759.0,9545,1.0,14.602416227909064,0.5719925717317661,0.3850805273254153,0.28916840128974336,2.45433247622546,9.77164605526305,6.197481735439369,17.818856373209258,1.6625158156809925,0.7388065793232931,11.645194073711275,17.316754418187013,42.49999999999999,28.8,71.00000000000001,0.13900126525447937,0.32238275988735154,0.8290967715603443,1.1285988327007062,19.400000000000006,7.0211868903310055,15.395110403656995,2.189147381739521,5.810032243581895,4.832002775396922,9.59760417942125,3.590028978409045,4.492371739928982,1.1061711766866658,4.571388922901106,5.6734582261948505,5.831427288682096,1.6625158156809925,0.48239663687196443,2.2822905187543365,3.6618178849842864,19.878266193216607,115.81874209215951,106.76760132239501,82.3865964654504,17.56226276478511,0.0,0.0,0.0,5.5200930574262275,3.8631933390473847,596.0,248.0,786.0,127.0,754.0,242.0,6520.0,181.0,362.0,14.89826129545733,0.23737210726092814,0.12566997265417743,0.10095514468797194,0.15074625525488755,0.3850805273254153,0.6651972164401452,0.4042368474756133,0.4196640953430472,0.3946263825966288,0.3671171788906576,0.7920209787355617,0.015030366107505817,105.0,0.36079233500673447,0.40277580506918076,26.0,1.0,0,0,0,0.0058000000000000005,0.0,0.0,0,0,6,0,0,0,0,0,0,0,0,0.0,0,0.0,0,0.0044666666666666665,0,0.011066666666666667,0,0.0,0,0.0,2009,2023,15,0.6149194726745846
Stephen Curry,curryst01,74,185.0,1988-03-14,Davidson,2010,2024,2009-10-28T00:00:00Z,False,15,NBA,GSW,PG,956,950.0,34.22907949790795,8.456066945606695,17.884937238493723,0.4728038367060475,3.9194560669456067,9.210251046025105,0.42555366269165246,4.5366108786610875,8.67468619246862,0.5229711805136863,0.5823780559129723,3.9257322175732217,4.314853556485356,0.9098181818181819,0.6579497907949791,4.058577405857741,4.71652719665272,6.400627615062762,1.540794979079498,0.24581589958158995,3.1244769874476988,2.316945606694561,24.757322175732217,32723.0,8084,17098,3747.0,8805.0,4337.0,8293.0,3753,4125,629.0,3880.0,4509.0,6119,1473.0,235.0,2987.0,2215.0,23668,10.0,23.6132292271491,0.6220951013048925,0.5024174433884424,0.2381827766402836,2.180246309934908,12.61441493750573,7.523234422271796,30.800919842312748,2.191547229777221,0.5873941875744889,13.843911010604163,28.99170002750359,98.6,36.50000000000001,135.39999999999998,0.19816948323808942,6.228429544968371,0.24566818445741523,6.4617333374079395,70.10000000000001,12.012783057788099,25.405384591877272,5.547737065672462,13.055184426855728,6.46918681050026,12.360996852366835,5.579983497845552,6.129175197873056,0.92416954435718,5.74704641994927,6.690743513736515,9.138315557864498,2.191547229777221,0.3484613268954558,4.454377654860496,3.3091250802188057,35.14470250282676,117.81587873972435,108.35941081196712,94.47987653943709,5.54249304770345,0.0,0.0,0.0,7.9022827980319645,10.44578125477493,1824.0,685.0,1052.0,154.0,1455.0,243.0,13960.0,381.0,565.0,18.23190722122055,0.15381410628609846,0.10814240748097668,0.07313220059285516,0.1624364208660575,0.5024174433884424,0.647084222106775,0.4422872597255753,0.4670062035876906,0.4597312287993154,0.34335219875928247,0.6233231366317268,0.0018382177673196222,26.0,0.13339458484857744,0.49397784432967634,104.0,5.0,4,1,10,0.0094,0.46180000000000004,0.06666666666666667,0,0,5,4,8,10,11,1,1,1,2,0.17759999999999995,0,0.636,0,0.0,0,0.010533333333333334,0,0.0,1,0.316,2010,2025,15,0.49758255661155765
DeMar DeRozan,derozde01,78,220.0,1989-08-07,USC,2010,2024,2009-10-28T00:00:00Z,False,15,NBA,"TOR, SAS, CHI",SG,1110,1098.0,34.648648648648646,7.603603603603603,16.22252252252252,0.4687066140945188,0.4783783783783784,1.6135135135135135,0.2964824120603015,7.1252252252252255,14.609009009009009,0.48772816970892946,0.4834508802132504,5.559459459459459,6.60990990990991,0.841079460269865,0.7072072072072072,3.7162162162162162,4.423423423423423,4.078378378378378,0.9981981981981982,0.32522522522522523,2.0486486486486486,2.26036036036036,21.245045045045046,38460.0,8440,18007,531.0,1791.0,7909.0,16216.0,6171,7337,785.0,4125.0,4910.0,4527,1108.0,361.0,2274.0,2509.0,23582,1.0,19.039401976079045,0.5540203328133125,0.09757236089443579,0.40605535621424854,2.333377535101404,12.128226729069162,7.221432657306293,19.624378575143005,1.4437311492459701,0.7867914716588663,9.699914196567862,27.31627145085803,73.2,28.400000000000002,101.5,0.1266860634425377,1.5976859074362975,-0.6864690587623505,0.9118850754030161,28.100000000000005,11.053907956318254,23.63305772230889,0.6929069162766511,2.3450572022880913,10.361783671346855,21.273166926677067,8.087467498699947,9.623913156526262,1.0357072282891315,5.416812272490899,6.4171866874675,5.878221528861155,1.4437311492459701,0.4920254810192408,2.9850806032241293,3.2917498699948,30.892236089443575,112.29833593343734,111.79183567342693,0.15257410296411855,41.10309412376495,40.6239989599584,17.402158086323453,0.5705668226729069,0.08731929277171088,-1.782210088403536,924.0,880.0,1174.0,221.0,3394.0,168.0,11165.0,766.0,1120.0,12.18801092043682,0.21397272490899635,0.1793698647945918,0.22600683827353094,0.2829572802912116,0.09757236089443579,0.6676096203848153,0.4598878315132605,0.44523000520020795,0.4032199427977119,0.3627508060322413,0.8503502080083203,0.032862558502340086,504.0,0.3818056942277691,0.34645436817472697,28.0,0.0,0,0,6,0.0002666666666666667,0.0646,0.0011333333333333334,0,0,1,0,2,3,9,0,0,1,0,0.002266666666666667,0,0.0,0,0.0,0,0.004933333333333333,0,0.0,0,0.35450000000000004,2010,2025,15,0.9024276391055642
James Harden,hardeja01,77,220.0,1989-08-26,Arizona State,2010,2024,2009-10-28T00:00:00Z,False,15,NBA,"OKC, HOU, BRK, PHI, LAC",SG,1072,858.0,34.72201492537314,7.129664179104478,16.15205223880597,0.4414091827894889,2.7425373134328357,7.539179104477612,0.3637713437268003,4.387126865671642,8.612873134328359,0.5093685692624282,0.5263066705168928,7.144589552238806,8.302238805970148,0.8605617977528089,0.7611940298507462,4.851679104477612,5.612873134328358,7.11660447761194,1.4897388059701493,0.5597014925373134,3.655783582089552,2.513992537313433,24.146455223880597,37222.0,7643,17315,2940.0,8082.0,4703.0,9233.0,7659,8900,816.0,5201.0,6017.0,7629,1597.0,600.0,3919.0,2695.0,25885,77.0,23.97378163451722,0.6084760356778248,0.464377330610929,0.5127990167105475,2.481021976250604,15.345782064370532,8.997641179947344,33.970786094245334,2.122341625920155,1.354655848691634,15.493718768470258,29.38267691150395,123.60000000000001,42.80000000000001,166.3,0.21452828972113264,5.669797431626456,0.8385067970555048,6.493613991725323,79.9,10.10136478426737,22.877744344742357,3.8891650099403576,10.668894739670087,6.230269732953629,12.226699263876203,10.108640051582398,11.754454354951374,1.0741577561657085,6.872870882811241,7.954731073021332,10.06194454892268,2.122341625920155,0.7851915533824083,5.170409972596852,3.5877679866745478,34.203723604320025,118.74122830584064,107.92171296545054,30.480334210950513,59.44994895491914,9.893396378485841,0.1427650314330235,0.0,5.799172532373328,4.788896351620009,2170.0,1096.0,1068.0,436.0,3654.0,178.0,18033.0,668.0,1129.0,15.295682660792002,0.2569225726720757,0.1414990596958788,0.062551689860835,0.07428598678201064,0.464377330610929,0.639414351727473,0.35794849819998925,0.4239742088012466,0.4057668045779378,0.189943662350223,0.4517650045671914,0.02288818440707109,343.0,0.08109018859814088,0.3578982053624201,18.0,1.0,0,0,10,0.003066666666666667,0.42900000000000005,0.025266666666666666,0,0,4,6,6,7,11,0,1,1,1,0.24366666666666661,0,0.0,1,0.06760000000000001,0,0.0068,0,0.0,0,0.0,2010,2025,15,0.535622669389071
Wesley Matthews,matthwe02,77,220.0,1986-10-14,Marquette,2010,2024,2009-10-28T00:00:00Z,False,15,NBA,"UTA, POR, DAL, NYK, IND, MIL, LAL, MIL, ATL",SG,986,757.0,28.984787018255577,3.876267748478702,9.252535496957403,0.4189411377836238,1.8711967545638946,4.983772819472617,0.37545787545787546,2.0050709939148073,4.268762677484787,0.46970776906628653,0.5200591910555739,1.7454361054766734,2.1196754563894524,0.823444976076555,0.5050709939148073,2.291075050709939,2.7961460446247464,1.8691683569979716,0.9381338742393509,0.20689655172413793,1.0862068965517242,2.0273833671399593,11.369168356997971,28579.0,3822,9123,1845.0,4914.0,1977.0,4209.0,1721,2090,498.0,2259.0,2757.0,1843,925.0,204.0,1071.0,1999.0,11210,0.0,12.279880331712095,0.5559370166905768,0.548064138003429,0.22572206865180724,1.9519752265649604,8.882746072290843,5.390468525840651,9.889044403233143,1.6590328562930823,0.6014906049896778,9.565807061128801,17.488232618356136,32.00000000000001,23.4,55.500000000000014,0.09330837328108049,-0.38625564225480247,0.14275516987998182,-0.24376990097624118,12.7,6.832684838517793,16.276356765457155,3.2677000594842363,8.724500507365548,3.54795129290738,7.570922705483047,3.098002029462193,3.7500122467546095,0.8910213793344763,4.012670142412261,4.905444557192345,3.2810805136638788,1.6590328562930823,0.3765317190944399,1.90433535113195,3.5486301130200495,20.016722068651813,110.1702298890794,109.82095244760139,1.1341544490709963,61.53010952097694,36.33822037160152,1.1056370061933587,0.028692396514923547,1.6887014941040626,1.850981489905175,501.0,361.0,899.0,99.0,816.0,336.0,4337.0,142.0,429.0,17.252622555022917,0.1797129710626684,0.1043766051996221,0.07759428251513349,0.09039578011826864,0.548064138003429,0.5920962245005074,0.391671157143357,0.38587525805661504,0.3304036530319466,0.5143214248224222,0.9161431120753,0.010481997270723258,87.0,0.3077578291752685,0.41355607264075017,16.0,0.0,0,0,0,0.007933333333333334,0.0,0.018400000000000003,0,0,5,0,0,0,0,0,0,1,0,0.0,0,0.0,0,0.0,0,0.0036666666666666666,0,0.0,0,0.0,2010,2024,15,0.45193586199657093
Taj Gibson,gibsota01,81,232.0,1985-06-24,USC,2010,2024,2009-10-29T00:00:00Z,False,15,NBA,"CHI, OKC, MIN, NYK, WAS, DET, NYK",PF,965,450.0,23.481865284974095,3.555440414507772,6.873575129533679,0.5172621739785919,0.05595854922279793,0.21243523316062177,0.2634146341463415,3.499481865284974,6.661139896373057,0.5253578095830741,0.5213327302879541,1.4238341968911916,1.9968911917098446,0.7130254281266217,2.157512953367876,3.6528497409326426,5.810362694300518,0.9585492227979274,0.5398963730569948,0.9803108808290155,1.0569948186528497,2.45699481865285,8.590673575129534,22660.0,3431,6633,54.0,205.0,3377.0,6428.0,1374,1927,2082.0,3525.0,5607.0,925,521.0,946.0,1020.0,2371.0,8290,0.0,15.208283318623122,0.5579697705207414,0.03727219770520742,0.2907047661076787,10.233773168578994,17.164933804060016,13.713018534863192,6.390401588702559,1.162630185348632,3.319382171226832,11.936884377758163,16.717952338923215,29.1,30.899999999999995,60.0,0.12686209179170346,-1.160339805825243,0.3661120917917034,-0.817135922330097,6.7,7.733252427184465,14.977630185348634,0.11528243601059136,0.4446734333627538,7.622144748455428,14.53848190644307,3.0869991173874665,4.370119152691967,4.701924095322154,7.952224183583408,12.641941747572817,2.0737775816416595,1.162630185348632,2.1402912621359222,2.306866725507502,5.351266548984995,18.69296116504854,113.12515445719329,105.41178287731685,0.0,0.0,6.112842012356576,75.9454986760812,18.080229479258605,2.6068843777581643,2.5499558693733455,251.0,293.0,1204.0,253.0,889.0,72.0,2194.0,202.0,602.0,7.224086496028243,0.46658217122683127,0.20183040600176522,0.1470447043248014,0.1470346425419241,0.03727219770520742,0.6668566637246249,0.41122343336275374,0.421788349514563,0.3790499117387467,0.6820984995586937,0.41172387466902033,0.12453230361871138,750.0,0.37840957634598416,0.12692171226831422,9.0,1.0,0,0,0,0.005666666666666667,0.0,0.04713333333333333,0,0,1,0,0,0,0,1,1,1,0,0.0,0,0.003,0,0.04606666666666667,0,0.0003333333333333333,0,0.0,0,0.0,2010,2025,15,0.9627278022947926
Jrue Holiday,holidjr01,76,205.0,1990-06-12,UCLA,2010,2024,2009-10-30T00:00:00Z,False,15,NBA,"PHI, NOP, MIL, BOS",PG,975,894.0,33.09025641025641,6.338461538461538,13.697435897435897,0.46274803444402846,1.5035897435897436,4.0543589743589745,0.37085757652415885,4.834871794871795,9.643076923076922,0.5013826845352053,0.5176338450018719,1.958974358974359,2.4984615384615383,0.784072249589491,0.9456410256410256,3.233846153846154,4.17948717948718,6.36,1.4430769230769231,0.521025641025641,2.6625641025641027,2.1487179487179486,16.13948717948718,32263.0,6180,13355,1466.0,3953.0,4714.0,9402.0,1910,2436,922.0,3153.0,4075.0,6201,1407.0,508.0,2596.0,2095.0,15736,4.0,17.23782971205405,0.5452162539131512,0.29652682639556144,0.17951991445308862,3.146598270464619,10.550943805597743,6.888810711961069,30.013002510615873,2.1664879273471156,1.2984781328456747,15.35355980534978,23.11697300313052,36.199999999999996,33.199999999999996,69.4,0.10317871865604564,1.5058457056070422,0.13344078356011532,1.6496172085670895,29.8,9.454886402380435,20.486300096085294,2.2424882992902084,6.016663050553265,7.2339832005703135,14.485512816539067,2.913560425254936,3.742624678424201,1.4118060936676688,4.825341722716424,6.255788364380249,9.529185134674396,2.1664879273471156,0.7530111892880389,3.997089545299569,3.2450640052072033,24.09223568793975,108.57217245761399,109.22784613954065,59.530700802777176,30.372934940954035,10.175433158726715,0.06561696060502743,0.0,3.6698416142330226,6.5198214673155,1533.0,707.0,892.0,118.0,1033.0,179.0,14407.0,263.0,707.0,13.022189505005734,0.26566450733037844,0.18973750116232216,0.12261807643430557,0.12515993552986393,0.29652682639556144,0.6244643709512445,0.4167214766140781,0.45803985990143514,0.4027812354709729,0.2785499488578247,0.5849983882465981,0.01628091002076682,187.0,0.17395474692372065,0.3883744537085826,24.0,1.0,2,0,2,0.2342,0.0054666666666666665,0.008066666666666666,3,6,11,0,0,0,3,0,0,1,0,0.0,0,0.0,0,0.00013333333333333334,0,0.013066666666666667,0,0.005066666666666666,0,0.0,2010,2025,15,0.7034731736044385
James Johnson,johnsja01,79,240.0,1987-02-20,Wake Forest,2010,2024,2009-10-30T00:00:00Z,False,15,NBA,"CHI, TOR, SAC, MEM, TOR, MIA, MIN, DAL, NOP, BRK, IND",PF,774,243.0,20.05684754521964,2.9806201550387597,6.291989664082688,0.47371663244353185,0.49224806201550386,1.6382428940568476,0.30047318611987384,2.488372093023256,4.6537467700258395,0.5347029428095502,0.5128336755646817,1.0684754521963824,1.574935400516796,0.6784249384741592,0.7816537467700259,2.7196382428940566,3.501291989664083,2.0749354005167957,0.7506459948320413,0.8436692506459949,1.3488372093023255,2.253229974160207,7.521963824289406,15524.0,2307,4870,381.0,1268.0,1926.0,3602.0,827,1219,605.0,2105.0,2710.0,1606,581.0,653.0,1044.0,1744.0,5822,0.0,13.935325946920896,0.5374068539036331,0.2574295284720433,0.24999091728935843,4.414042772481318,15.247655243493945,9.836015202267458,15.926159494975524,1.888875289873744,3.4687194022159242,16.129277248131924,18.540150734346824,7.5,20.200000000000003,27.6,0.08505752383406338,-1.0683393455295027,1.4523834063385728,0.40680881216181386,9.200000000000001,7.549098170574594,15.913630507601134,1.2255282143777375,4.113237567637207,6.316155629992269,11.812651378510692,2.716451945374903,3.988108734862149,1.9929721721205873,6.8777054882762165,8.87733187322855,5.233779953620202,1.888875289873744,2.143216954393198,3.4148093274929145,5.712084514300439,19.033477196598813,103.7746714764236,105.98904921412007,0.0,0.49826075753671734,36.036588508116466,59.20658335480546,4.502254573563515,-1.4584321051275446,-1.7735635145581035,451.0,286.0,884.0,163.0,613.0,34.0,3826.0,171.0,298.0,10.596843597011079,0.41338037876835865,0.17496031950528212,0.05540079876320536,0.09919801597526409,0.2574295284720433,0.6562817572790518,0.4113575109507859,0.36058586704457607,0.3504853130636434,0.44748982221077044,0.9271119556815253,0.08888817315124968,383.0,0.38437219788714255,0.3163719402215924,19.0,0.0,0,0,0,0.0,0.0,0.0,0,0,0,0,0,0,0,0,0,0,0,0.0,0,0.0,0,0.0033333333333333335,0,0.004533333333333334,0,0.0,0,0.0,2010,2025,15,0.7425704715279569
Danny Green,greenda02,78,215.0,1987-06-22,UNC,2010,2024,2009-11-12T00:00:00Z,False,15,NBA,"CLE, SAS, TOR, LAL, PHI, CLE, MEM, PHI",SG,832,709.0,25.118990384615383,3.0600961538461537,7.268028846153846,0.4210352240780552,1.8954326923076923,4.742788461538462,0.3996452103395844,1.1646634615384615,2.5252403846153846,0.4612089481199429,0.5514304613858112,0.6430288461538461,0.7992788461538461,0.8045112781954887,0.6021634615384616,2.795673076923077,3.3978365384615383,1.5348557692307692,1.0252403846153846,0.7620192307692307,0.9915865384615384,1.7475961538461537,8.658653846153847,20899.0,2546,6047,1577.0,3946.0,969.0,2101.0,535,665,501.0,2326.0,2827.0,1277,853.0,634.0,825.0,1454.0,7204,0.0,12.597559691851286,0.5667480262213503,0.6578367864491125,0.10715058136752956,2.7479209531556537,12.19746877841045,7.584827025216517,8.6349299009522,2.0479161682377143,2.4310062682424998,11.549566964926552,15.345552418776021,16.900000000000002,32.5,49.2,0.11317795109813865,0.3396047657782668,1.5048327671180441,1.8609407148667398,20.4,6.102387674051389,14.50453131728791,3.775271544093019,9.438891813005409,2.330269390879947,5.0522752284798305,1.2982343652806354,1.599090865591655,1.2035504091104834,5.569180343557108,6.764160964639457,3.0659457390305755,2.04725584956218,1.5341212498205654,1.9932963299679411,3.4757835303124556,17.260778027656826,108.51370878989425,104.09588975549069,0.2336475429446385,49.67362074740418,46.371644576295516,3.91454136561558,0.0,8.181429733480071,3.620646920905307,478.0,169.0,762.0,69.0,232.0,120.0,2883.0,47.0,190.0,18.986941958945405,0.1403164744724628,0.07484606918991339,0.05217120436384516,0.07440647877888895,0.6578367864491125,0.5985555768218574,0.3536528542035504,0.3646600794296378,0.38106526628068327,0.6674141346475909,0.9419956935738553,0.01186382123546581,55.0,0.37174410258864066,0.4197397004641371,18.0,0.0,3,0,0,0.06313333333333333,0.0,0.0,0,1,7,0,0,0,0,0,0,0,0,0.0,0,0.0,0,0.0,0,0.003,0,0.0,0,0.0,2010,2024,15,0.3421632135508876
Patty Mills,millspa02,74,180.0,1988-08-11,Saint Mary's,2010,2024,2010-01-04T00:00:00Z,False,15,NBA,"POR, SAS, BRK, ATL, MIA",PG,892,112.0,20.173766816143498,3.1603139013452917,7.45067264573991,0.4241649112247969,1.704035874439462,4.413677130044843,0.38608077216154435,1.4562780269058295,3.036995515695067,0.4795127353266888,0.5385194101715317,0.8239910313901345,0.9630044843049327,0.8556461001164144,0.29596412556053814,1.350896860986547,1.6468609865470851,2.2242152466367715,0.6367713004484304,0.08632286995515695,0.9461883408071748,1.2780269058295963,8.84865470852018,17995.0,2819,6646,1520.0,3937.0,1299.0,2709.0,735,859,264.0,1205.0,1469.0,1984,568.0,77.0,844.0,1140.0,7893,0.0,13.375493192553487,0.5614126701861629,0.5982577938316198,0.1286989719366491,1.6704640177827177,7.337804945818283,4.556549041400389,16.32920811336482,1.5937482634065019,0.34315643234231735,10.687163100861351,19.49571547652126,20.0,15.700000000000001,35.9,0.0955568213392609,0.3672353431508753,-0.48417893859405386,-0.10934148374548487,8.7,7.828530147263129,18.463456515698805,4.216087802167268,10.88213392609058,3.6176660183384275,7.56656849124757,2.0292692414559603,2.373342595165323,0.7279966657404834,3.3510252848013335,4.086629619338706,5.538205056960267,1.5937482634065019,0.23302584051125314,2.340589052514587,3.1768769102528482,21.9175937760489,110.30030564045568,110.81789385940539,89.34592942484024,8.959266462906363,1.564434565156988,0.0,0.0,4.657171436510142,2.020361211447624,506.0,208.0,417.0,58.0,249.0,274.0,4571.0,63.0,189.0,19.539661016949154,0.1223525979438733,0.04962978605168102,0.04601411503195332,0.1838210614059461,0.5982577938316198,0.6572631286468464,0.36750302861906087,0.3970935259794387,0.4156287302028342,0.49376393442622946,0.823073964990275,0.0,0.0,0.24140972492358986,0.4369515420950264,16.0,0.0,1,0,0,0.0,0.0,0.0,0,0,0,0,0,0,0,0,0,0,0,0.0,0,0.0,0,0.002,0,0.0014666666666666667,0,0.0,0,0.0,2010,2025,15,0.4017422061683801
Garrett Temple,templga01,77,195.0,1986-05-08,LSU,2010,2025,2010-02-09T00:00:00Z,False,15,NBA,"SAC, HOU, SAS, MIL, CHA, WAS, SAC, LAC, MEM, BRK, CHI, NOP, TOR",SG,771,289.0,20.053177691309987,2.1206225680933852,5.304798962386511,0.39975550122249387,0.933852140077821,2.7302204928664073,0.342042755344418,1.1867704280155642,2.574578469520104,0.4609571788413098,0.4877750611246944,0.767833981841764,1.0311284046692606,0.7446540880503144,0.41245136186770426,1.8067444876783398,2.219195849546044,1.6342412451361867,0.7911802853437094,0.3125810635538262,0.8664072632944229,1.769130998702983,5.942931258106356,15461.0,1635,4090,720.0,2105.0,915.0,1985.0,592,795,318.0,1393.0,1711.0,1260,610.0,241.0,668.0,1364.0,4582,0.0,9.4259426945217,0.5159646853373003,0.5066320419119074,0.19578423129163702,2.2909514261690704,10.085621887329408,6.157208459996118,11.618562835521635,1.9639997412845227,1.3700278119138476,13.126440721816182,14.547959381670006,2.1999999999999997,14.899999999999999,16.8,0.05210102839402366,-2.74636828148244,0.5999094495828214,-2.158392083306384,-0.7000000000000001,5.235075350882867,13.115199534312138,2.3076903175732486,6.692671884095468,2.9348619106138023,6.381307806739538,1.9053812819351919,2.558696073992627,1.020697238212276,4.472453269516849,5.4931505077291245,4.048017592652481,1.9639997412845227,0.7624280447577776,2.159698596468534,4.384464135566911,14.66402561283229,102.12916370221849,109.93279865467952,14.90479270422353,65.91216609533666,18.90906150960481,0.5209882931246361,0.0,-3.332003104585732,-1.6113058663734554,385.0,148.0,641.0,66.0,307.0,142.0,2914.0,74.0,190.0,16.711745682685464,0.21295291378306708,0.07171521893797297,0.07321408705775823,0.13543451264471898,0.5066320419119074,0.6076088868766574,0.34592872388590656,0.36511409352564517,0.32558870706940046,0.5613499773623958,0.9077207813207426,0.013618524028199987,49.0,0.40264555979561484,0.3477121143522411,5.0,0.0,0,0,0,0.0,0.0,0.0,0,0,0,0,0,0,0,0,0,0,0,0.0,0,0.0,0,0.0,0,0.0,0,0.0,0,0.0,2010,2025,15,0.49336795808809264
Paul George,georgpa01,80,220.0,1990-05-02,Fresno State,2011,2025,2010-10-27T00:00:00Z,False,15,NBA,"IND, OKC, LAC, PHI",SF,908,860.0,33.607929515418505,7.048458149779735,16.027533039647576,0.4397718683432969,2.5870044052863435,6.747797356828194,0.3833850171372613,4.461453744493392,9.279735682819384,0.4807737953952053,0.5204768776197347,3.907488986784141,4.581497797356828,0.8528846153846154,0.8259911894273128,5.433920704845815,6.259911894273127,3.710352422907489,1.6949339207048457,0.44162995594713655,2.6685022026431717,2.6629955947136565,20.591409691629956,30516.0,6400,14553,2349.0,6127.0,4051.0,8426.0,3548,4160,750.0,4934.0,5684.0,3369,1539.0,401.0,2423.0,2418.0,18697,4.0,19.155390614759472,0.5688428365447634,0.41771844278411324,0.2836311770874295,2.732818849128325,17.676395988989384,10.269665093721326,18.388356927513435,2.52739218770481,1.09673613841919,12.955236597194913,27.024986892122165,41.89999999999999,47.499999999999986,89.6,0.14060450255603618,2.6059050989644783,1.1179119150609516,3.745595753047581,44.3,10.440657360073406,23.749223358238307,3.8065965395202523,9.973797352208676,6.620261502162799,13.778545680954252,5.784077205400447,6.777447896185608,1.2168698387731027,8.076723685935248,9.320762878489973,5.516007995805479,2.52739218770481,0.6607287980076025,3.9685345392580946,3.969016253768515,30.484054266614237,109.51943242888976,105.17780836282606,0.0,12.073109188622363,65.58641368462446,21.27582251933412,1.3569930528247476,5.297925678332678,7.476137108402148,1324.0,649.0,994.0,300.0,1644.0,229.0,7918.0,371.0,720.0,16.285342115611485,0.18810745182854896,0.10372116266876394,0.12066047319438986,0.1698776707301088,0.41771844278411324,0.6469064097522611,0.38544101454974433,0.40969642154935115,0.4000374557609123,0.3564200419452091,0.7391008978896316,0.041402706776772845,494.0,0.1932621903263861,0.4333801612268973,36.0,3.0,0,0,9,0.19306666666666666,0.128,0.0138,2,4,11,1,1,6,10,0,1,1,0,0.0252,0,0.0,0,0.0,1,0.036333333333333336,0,0.034466666666666666,0,0.0,2011,2025,15,0.5822815572158867
