player,player_id,ht_in_in,wt,birth_date,colleges,from_season,to_season,debut,hof,n_seasons,lg,teams,pos,career_g,career_gs,mp_per_game,fg_per_game,fga_per_game,fg_percent,x3p_per_game,x3pa_per_game,x3p_percent,x2p_per_game,x2pa_per_game,x2p_percent,e_fg_percent,ft_per_game,fta_per_game,ft_percent,orb_per_game,drb_per_game,trb_per_game,ast_per_game,stl_per_game,blk_per_game,tov_per_game,pf_per_game,pts_per_game,career_mp,career_fg,career_fga,career_x3p,career_x3pa,career_x2p,career_x2pa,career_ft,career_fta,career_orb,career_drb,career_trb,career_ast,career_stl,career_blk,career_tov,career_pf,career_pts,career_trp_dbl,career_per,career_ts_percent,career_x3p_ar,career_f_tr,career_orb_percent,career_drb_percent,career_trb_percent,career_ast_percent,career_stl_percent,career_blk_percent,career_tov_percent,career_usg_percent,career_ows,career_dws,career_ws,career_ws_48,career_obpm,career_dbpm,career_bpm,career_vorp,career_fg_per_100_poss,career_fga_per_100_poss,career_x3p_per_100_poss,career_x3pa_per_100_poss,career_x2p_per_100_poss,career_x2pa_per_100_poss,career_ft_per_100_poss,career_fta_per_100_poss,career_orb_per_100_poss,career_drb_per_100_poss,career_trb_per_100_poss,career_ast_per_100_poss,career_stl_per_100_poss,career_blk_per_100_poss,career_tov_per_100_poss,career_pf_per_100_poss,career_pts_per_100_poss,career_o_rtg,career_d_rtg,career_pg_percent,career_sg_percent,career_sf_percent,career_pf_percent,career_c_percent,career_on_court_plus_minus_per_100_poss,career_net_plus_minus_per_100_poss,career_bad_pass_turnover,career_lost_ball_turnover,career_shooting_foul_committed,career_offensive_foul_committed,career_shooting_foul_drawn,career_offensive_foul_drawn,career_points_generated_by_assists,career_and1,career_fga_blocked,career_avg_dist_fga,career_percent_fga_from_x0_3_range,career_percent_fga_from_x3_10_range,career_percent_fga_from_x10_16_range,career_percent_fga_from_x16_3p_range,career_percent_fga_from_x3p_range,career_fg_percent_from_x0_3_range,career_fg_percent_from_x3_10_range,career_fg_percent_from_x10_16_range,career_fg_percent_from_x16_3p_range,career_percent_assisted_x2p_fg,career_percent_assisted_x3p_fg,career_percent_dunks_of_fga,career_num_of_dunks,career_percent_corner_3s_of_3pa,career_corner_3_point_percent,career_num_heaves_attempted,career_num_heaves_made,career_CHMP_count,career_FMVP_count,career_all_star_count,career_all_defense_share_mean,career_all_nba_share_mean,career_all_rookie_share_mean,career_all_defense_1st_count,career_all_defense_2nd_count,career_all_defense_ORV_count,career_all_nba_1T_count,career_all_nba_2T_count,career_all_nba_3T_count,career_all_nba_ORV_count,career_all_rookie_1st_count,career_all_rookie_2nd_count,career_all_rookie_ORV_count,career_mvp_winner_count,career_mvp_share_mean,career_roy_winner_count,career_roy_share_sum,career_smoy_winner_count,career_smoy_share_mean,career_mip_winner_count,career_mip_share_mean,career_dpoy_winner_count,career_dpoy_share_mean,career_clutch_poy_winner_count,career_clutch_poy_share_mean,from,to,experience,career_percent_fga_from_x2p_range
Dolph Schayes,schaydo01,80,220.0,1928-05-19,NYU,1950,1963,1949-11-03T00:00:00Z,True,14,NBA,SYR,PF,972,,30.29835390946502,5.9866255144032925,15.724279835390947,0.3807249411148914,,,,,,,,6.8580246913580245,8.073045267489713,0.8494966229132153,,,11.46707818930041,3.111111111111111,,,,3.4526748971193415,18.83127572016461,29450.0,5819,15284,,,,,6666,7847,,,11146.0,3024,,,,3356.0,18304,3.0,22.221449915110355,0.4903974533106962,,0.5081156196943973,,,,,,,,,86.50000000000001,55.7,142.40000000000003,0.1946738539898133,,,,,,,,,,,,,,,,,,,,,,,,,,,,,,,,,,,,,,,,,,,,,,,,,,,,,,,,,,1,,12,,,,,,,6,12,,,0,,0,0,0.09125000000000001,0,0.0,,,,,,,,,1950,1964,14,
Bob Cousy,cousybo01,73,175.0,1928-08-09,Holy Cross,1951,1970,1950-11-01T00:00:00Z,True,14,NBA,"BOS, CIN",PG,924,,32.646103896103895,6.675324675324675,17.82251082251082,0.3745445712897741,0.0,0.0,,0.0,0.0,,0.3745445712897741,5.004329004329004,6.229437229437229,0.8033356497567755,0.0,0.0,5.17965367965368,7.5270562770562774,,,0.0,2.4264069264069263,18.354978354978353,30165.0,6168,16468,0.0,0.0,0.0,0.0,4624,5756,0.0,0.0,4786.0,6955,,,0.0,2242.0,16960,33.0,19.861823305154978,0.4495639980109398,0.0,0.35837858445217974,,,0.0,32.0,,,0.0,0.0,40.6,50.4,91.0,0.13876048400464114,,,,,,,,,,,,,,,,,,,,,,,,,,,,,,,,,,,,,,,,,,,,,,,,,,,,,,,,,,6,0,13,0.0,0.0,0.0,0,0,,10,12,,,0,,0,1,0.097,0,0.0,,,,,,,,,1951,1970,14,
Hal Greer,greerha01,74,175.0,1936-06-26,Marshall,1959,1972,1958-10-19T00:00:00Z,True,14,NBA,"SYR, PHI",SG,1084,121.0,35.92250922509225,7.761070110701107,17.13929889298893,0.4528230798213036,0.0,0.0,,0.0,0.0,,0.4528230798213036,4.193726937269373,5.2380073800738005,0.800634026065516,0.0,0.0,5.128228782287823,4.0857933579335795,,0.0,0.0,3.486162361623616,19.715867158671585,38940.0,8413,18579,0.0,0.0,0.0,0.0,4546,5678,0.0,0.0,5559.0,4429,,0.0,0.0,3779.0,21372,1.0,15.813823831535695,0.5066110169491527,0.0,0.30437216230097586,0.0,0.0,1.8920228298380675,16.229323089700994,,0.0,0.0,0.0,65.19999999999999,37.400000000000006,102.6,0.1265213918849512,,,,,,,,,,,,,,,,,,,,,,,,,,,,,,,,,,,,,,,,,,,,,,,,,,,,,,,,,,1,0,10,0.0,0.19014285714285717,0.0,0,0,,0,7,,,0,,0,0,0.0004285714285714286,0,0.0,,,,,,,,,1959,1973,14,
Elgin Baylor,bayloel01,77,225.0,1934-09-16,"College of Idaho, Seattle University",1959,1972,1958-10-22T00:00:00Z,True,14,NBA,"MNL, LAL",SF,846,0.0,40.027186761229316,10.275413711583925,23.842789598108748,0.4309652471369788,0.0,0.0,,0.0,0.0,,0.4309652471369788,6.8120567375886525,8.736406619385344,0.7797321066161548,0.0,0.0,13.549645390070921,4.314420803782506,,0.0,0.0,3.0685579196217496,27.3628841607565,33863.0,8693,20171,0.0,0.0,0.0,0.0,5763,7391,0.0,0.0,11463.0,3650,,0.0,0.0,2596.0,23149,26.0,22.712166671588463,0.49412822254377936,0.0,0.36546567049582146,0.0,0.0,0.35149965124389676,16.126464287900117,,0.0,0.0,0.0,63.5,40.599999999999994,104.1,0.14751962318754983,,,,,,,,,,,,,,,,,,,,,,,,,,,,,,,,,,,,,,,,,,,,,,,,,,,,,,,,,,1,0,11,0.0,0.35328571428571426,0.0,0,0,,10,10,,,0,,0,0,0.1157142857142857,1,0.859,,,,,,,,,1959,1972,14,
Wilt Chamberlain,chambwi01,85,275.0,1936-08-21,Kansas,1960,1973,1959-10-24T00:00:00Z,True,14,NBA,"PHW, SFW, PHI, LAL",C,1045,0.0,45.79808612440191,12.134928229665071,22.485167464114834,0.5396859173511512,0.0,0.0,,0.0,0.0,,0.5396859173511512,5.796172248803828,11.351196172248804,0.5106221547799696,0.0,0.0,22.89377990430622,4.443062200956938,0.0,0.0,0.0,1.985645933014354,30.06602870813397,47859.0,12681,23497,0.0,0.0,0.0,0.0,6057,11862,0.0,0.0,23924.0,4643,0.0,0.0,0.0,2075.0,31419,78.0,26.155650974738293,0.5622695417789757,0.0,0.5605846967132619,0.0,0.0,11.041879791968261,15.811974396513568,0.0,0.0,0.0,0.0,153.4,94.0,247.2,0.24813690215006579,,,,,,,,,,,,,,,,,,,,,,,,,,,,,,,,,,,,,,,,,,,,,,,,,,,,,,,,,,2,1,13,0.24699999999999997,0.421875,0.0,2,2,,7,10,,,0,,0,4,0.316,1,0.0,,,,,,,,,1960,1973,14,
Johnny Green,greenjo01,77,200.0,1933-12-08,Michigan State,1960,1973,1959-10-24T00:00:00Z,False,14,NBA,"NYK, BAL, SDR, PHI, CIN, KCO",PF,1057,0.0,23.2961210974456,4.7048249763481556,9.546830652790918,0.49281538004162123,0.0,0.0,,0.0,0.0,,0.49281538004162123,2.2090823084200566,3.9981078524124882,0.5525319451017511,0.0,0.0,8.593188268684957,1.3708609271523178,0.0,0.0,0.0,2.7019867549668874,11.618732261116367,24624.0,4973,10091,0.0,0.0,0.0,0.0,2335,4226,0.0,0.0,9083.0,1449,0.0,0.0,0.0,2856.0,12281,0.0,17.1315748862898,0.5188406026640675,0.0,0.42139165042235216,0.0,0.0,7.73667379570221,7.954776393999434,0.0,0.0,0.0,0.0,39.9,18.000000000000004,58.2,0.11316358024691357,,,,,,,,,,,,,,,,,,,,,,,,,,,,,,,,,,,,,,,,,,,,,,,,,,,,,,,,,,0,0,4,0.0,0.0,0.0,0,0,,0,0,,,0,,0,0,0.0,0,0.0,,,,,,,,,1960,1973,14,
Dick Barnett,barnedi01,76,190.0,1936-10-02,Tennessee State,1960,1974,1959-12-01T00:00:00Z,True,14,NBA,"SYR, LAL, NYK",SG,971,0.0,29.801235839340887,6.214212152420186,13.62203913491246,0.4561881000982838,0.0,0.0,,0.0,0.0,,0.4561881000982838,3.388259526261586,4.453141091658084,0.7608695652173914,0.0010298661174047373,0.003089598352214212,2.8959835221421217,2.810504634397528,0.0010298661174047373,0.0,0.0,2.58908341915551,15.816683831101956,28937.0,6034,13227,0.0,0.0,0.0,0.0,3290,4324,1.0,3.0,2812.0,2729,1.0,0.0,0.0,2514.0,15358,0.0,14.687227425095902,0.5069862114248194,0.0,0.32500711891350165,0.03691654879773692,0.11074964639321076,1.4737539613944104,12.868770764119601,0.08111888111888113,0.0,0.0,0.0,46.800000000000004,22.099999999999998,68.79999999999998,0.11388457683934063,-3.2,-0.4,-3.6,0.0,8.0,20.8,0.0,0.0,0.0,0.0,1.6,2.4,0.8,2.4,3.2,4.8,0.8,0.0,0.0,1.6,17.6,0.0,99.0,,,,,,,,,,,,,,,,,,,,,,,,,,,,,,,,,,,2,0,1,0.0,0.0,0.0,0,0,,0,0,,,0,,0,0,0.0,0,0.0,,,,,,,,,1960,1974,14,
Oscar Robertson,roberos01,77,205.0,1938-11-24,Cincinnati,1961,1974,1960-10-19T00:00:00Z,True,14,NBA,"CIN, MIL",PG,1040,0.0,42.198076923076925,9.142307692307693,18.865384615384617,0.48460754332313966,0.0,0.0,,0.0,0.0,,0.48460754332313966,7.398076923076923,8.83173076923077,0.8376701143168209,0.06826923076923076,0.2,7.503846153846154,9.506730769230769,0.07403846153846154,0.0038461538461538464,0.0,2.8182692307692307,25.682692307692307,43886.0,9508,19620,0.0,0.0,0.0,0.0,7694,9185,71.0,208.0,7804.0,9887,77.0,4.0,0.0,2931.0,26710,181.0,23.197379574351732,0.5620258168892128,0.0,0.46084026796700556,1.0098237769594949,2.6059968437664387,3.479777766604656,30.333788114036537,0.6650939777522056,0.032574960547080485,0.0,0.0,151.89999999999998,37.2,189.10000000000005,0.2069573668140181,0.2,-0.3,-0.1,1.2,6.2,14.200000000000001,0.0,0.0,0.0,0.0,3.9,4.7,1.3,3.8000000000000003,5.1,8.2,1.4,0.1,0.0,2.4,16.3,0.0,98.0,,,,,,,,,,,,,,,,,,,,,,,,,,,,,,,,,,,1,0,12,0.0,0.4407777777777777,0.0,0,0,,9,11,,,0,,0,1,0.18714285714285714,1,0.0,,,,,,,,,1961,1974,14,
Jerry West,westje01,75,175.0,1938-05-28,West Virginia,1961,1974,1960-10-19T00:00:00Z,True,14,NBA,LAL,PG,932,0.0,39.23927038626609,9.67381974248927,20.4206008583691,0.47372845733501473,0.0,0.0,,0.0,0.0,,0.47372845733501473,7.682403433476395,9.443133047210301,0.8135439154641518,0.032188841201716736,0.09227467811158799,5.757510729613734,6.6931330472103,0.08690987124463519,0.02467811158798283,0.0,2.6126609442060085,27.030042918454935,36571.0,9016,19032,0.0,0.0,0.0,0.0,7160,8801,30.0,86.0,5366.0,6238,81.0,23.0,0.0,2435.0,25192,16.0,22.918219354133054,0.5491867053129529,0.0,0.4617355008066501,0.45328125,1.1785312499999998,2.8441670667306767,27.13154422671559,1.015815582141815,0.166203125,0.0,0.0,124.50000000000001,37.8,162.6,0.21343570041836427,3.3,1.4,4.7,1.6,10.3,23.1,0.0,0.0,0.0,0.0,7.3,8.8,1.3,3.8,5.2,9.2,3.6,1.0,0.0,3.6,28.0,0.0,95.0,,,,,,,,,,,,,,,,,,,,,,,,,,,,,,,,,,,1,1,14,0.5971666666666666,0.6877777777777779,0.0,4,5,,10,12,,,0,,0,0,0.15521428571428572,0,0.0,,,,,,,,,1961,1974,14,
Lenny Wilkens,wilkele01,73,180.0,1937-10-28,Providence,1961,1974,1960-10-22T00:00:00Z,True,14,NBA,"STL, SEA, CLE",PG,1012,0.0,36.465415019762844,5.983201581027668,13.855731225296443,0.43182142347739266,0.0,0.0,,0.0,0.0,,0.43182142347739266,5.179841897233201,6.694664031620554,0.7737269372693727,0.07905138339920949,0.19466403162055335,4.851778656126482,6.893280632411067,0.0958498023715415,0.016798418972332016,0.0,3.1511857707509883,17.14624505928854,36903.0,6055,14022,0.0,0.0,0.0,0.0,5242,6775,80.0,197.0,4910.0,6976,97.0,17.0,0.0,3189.0,17352,13.0,16.78013169661003,0.5094110505920928,0.0,0.48574086117659815,0.9114624037892244,2.5285731201894612,2.9955165692007792,28.297747933884295,0.8191715542521996,0.1176080521018354,0.0,0.0,58.80000000000001,34.29999999999999,92.89999999999999,0.12074885510663091,2.5,-0.6,1.9,2.4,8.6,18.5,0.0,0.0,0.0,0.0,5.4,6.700000000000001,1.5,3.7,5.1,9.7,1.8000000000000003,0.3,0.0,3.1,22.5,0.0,101.0,,,,,,,,,,,,,,,,,,,,,,,,,,,,,,,,,,,0,0,9,0.0,0.0,0.0,0,0,,0,0,,,0,,0,0,0.02242857142857143,0,0.0,,,,,,,,,1961,1975,14,
Walt Bellamy,bellawa01,83,225.0,1939-07-24,Indiana,1962,1975,1961-10-19T00:00:00Z,True,14,NBA,"CHP, CHZ, BAL, NYK, DET, ATL, NOJ",C,1043,0.0,37.3346116970278,7.587727708533078,14.707574304889741,0.5159061277705346,0.0,0.0,,0.0,0.0,,0.5159061277705346,4.902205177372963,7.754554170661553,0.6321711177052424,0.25311601150527324,0.46116970278044106,13.653883029721955,2.439117929050815,0.04985618408437201,0.046021093000958774,0.0,3.3902205177372964,20.077660594439116,38940.0,7914,15340,0.0,0.0,0.0,0.0,5113,8088,264.0,481.0,14241.0,2544,52.0,48.0,0.0,3536.0,20941,4.0,19.87825885978428,0.5531088854648176,0.0,0.533479147406266,3.092265782304868,5.8412886414781475,9.505958508812977,9.363666251384275,0.4178082191780822,0.2889968020845671,0.0,0.0,103.2,26.7,130.29999999999998,0.16025683102208527,0.6743276283618582,-0.8942950285248573,-0.21996740016299918,1.1,6.8965770171149146,14.154930725346372,0.0,0.0,0.0,0.0,4.112550937245314,6.797147514262429,4.6731866340668295,8.541075794621026,13.11483292583537,3.380603096984515,0.8948655256723717,0.8948655256723717,0.0,4.112550937245314,18.004563977180112,0.0,98.98859005704972,,,,,,,,,,,,,,,,,,,,,,,,,,,,,,,,,,,0,0,4,0.0,0.0,0.0,0,0,,0,0,,,0,,0,0,0.0005,1,0.0,,,,,,,,,1962,1975,14,
Leroy Ellis,ellisle01,83,210.0,1940-03-10,St. John's,1963,1976,1962-10-16T00:00:00Z,False,14,NBA,"LAL, BAL, POR, LAL, PHI",C,1048,232.0,26.259541984732824,3.9532442748091605,8.948473282442748,0.4417786308381318,0.0,0.0,,0.0,0.0,,0.4417786308381318,1.8034351145038168,2.476145038167939,0.7283236994219653,0.5095419847328244,1.0114503816793894,8.310114503816793,1.340648854961832,0.13931297709923665,0.14408396946564886,0.0,2.53912213740458,9.709923664122137,27520.0,4143,9378,0.0,0.0,0.0,0.0,1890,2595,534.0,1060.0,8709.0,1405,146.0,151.0,0.0,2661.0,10176,1.0,13.17875726744186,0.48486973110465115,0.0,0.2789136627906977,5.562848432055749,11.625293989547037,9.619333333333334,7.148590021691973,0.7871775885474516,0.8501306620209059,0.0,0.0,17.8,28.400000000000002,46.3,0.0808483648255814,-0.24630201708159188,0.2572233327276031,0.010921315646011271,2.8000000000000003,5.541123023805197,12.115918589860076,0.0,0.0,0.0,0.0,1.920443394512084,2.658876976194803,4.3749954570234415,8.692931128475376,13.056151190259857,2.7039069598400873,1.1590950390695984,1.267345084499364,0.0,3.814501181173905,12.993803379974558,0.0,97.48555333454479,,,,,,,,,,,,,,,,,,,,,,,,,,,,,,,,,,,1,0,0,0.0,0.0,0.0,0,0,,0,0,,,0,,0,0,0.0,0,0.0,,,,,,,,,1963,1976,14,
Don Nelson,nelsodo01,78,210.0,1940-05-15,Iowa,1963,1976,1962-10-16T00:00:00Z,True,14,NBA,"CHZ, LAL, BOS",SF,1053,0.0,20.593542260208928,3.814814814814815,7.951566951566951,0.47975635972769615,0.0,0.0,,0.0,0.0,,0.47975635972769615,2.7198480531813867,3.5555555555555554,0.7649572649572649,0.25925925925925924,0.6866096866096866,4.930674264007598,1.449192782526116,0.06172839506172839,0.03323836657169991,0.0,2.3276353276353277,10.349477682811017,21685.0,4017,8373,0.0,0.0,0.0,0.0,2864,3744,273.0,723.0,5192.0,1526,65.0,35.0,0.0,2451.0,10898,0.0,16.10964722158174,0.5426069633387134,0.0,0.4603137191607101,3.284056215168403,8.486551974800097,6.761350996688122,9.789780299875053,0.48159857328145256,0.22985219287618125,0.0,0.0,45.300000000000004,29.4,74.59999999999998,0.16520807009453536,1.4367278094033313,-0.06670883407126292,1.3331646637149486,4.1,9.027472064094455,17.660299388572632,0.0,0.0,0.0,0.0,5.692346616065782,7.065464895635674,2.55899219903015,6.796373603204723,9.355365802234873,3.940354206198608,0.62629137676576,0.30000000000000004,0.0,5.118637992831541,23.773582121020453,0.0,96.96500105418511,,,,,,,,,,,,,,,,,,,,,,,,,,,,,,,,,,,5,0,0,0.0,0.0,0.0,0,0,,0,0,,,0,,0,0,0.0,0,0.0,,,,,,,,,1963,1976,14,
John Havlicek,havlijo01,77,203.0,1940-04-08,Ohio State,1963,1976,1962-10-20T00:00:00Z,True,14,NBA,BOS,SF,1109,0.0,36.75473399458972,8.464382326420198,19.323715058611363,0.43803079794680355,0.0,0.0,,0.0,0.0,,0.43803079794680355,4.42200180342651,5.439134355275023,0.8129973474801061,0.3678990081154193,0.7908025247971145,6.57619477006312,4.856627592425609,0.2723174030658251,0.06943192064923355,0.0,2.6041478809738505,21.350766456266907,40761.0,9387,21430,0.0,0.0,0.0,0.0,4904,6032,408.0,877.0,7293.0,5386,302.0,77.0,0.0,2888.0,23678,31.0,17.96057015284218,0.4932458968131302,0.0,0.2824043571060573,2.5417600402870457,5.339443535188216,5.196692848284416,19.614907989103244,1.1032244830981293,0.25455747198791384,0.0,0.0,51.4,69.0,120.50000000000001,0.14202112313240597,1.4167668064845256,0.3238635075388278,1.775671692551865,8.3,9.263450855912028,20.385806597891396,0.0,0.0,0.0,0.0,4.651456750935268,5.479979594150323,2.0359709783471263,4.422707176057136,6.493719532932775,5.822707176057136,1.524328307448135,0.3934814646865435,0.0,3.1836979934247815,23.10781090579299,0.0,96.58904886067339,,,,,,,,,,,,,,,,,,,,,,,,,,,,,,,,,,,8,1,11,0.48549999999999993,0.45290909090909093,0.0,5,8,,4,11,,,1,,1,0,0.021,0,0.0,,,,,,,,,1963,1978,14,
Nate Thurmond,thurmna01,83,225.0,1941-07-25,Bowling Green,1964,1977,1963-10-19T00:00:00Z,True,14,NBA,"SFW, GSW, CHI, CLE",C,964,9.0,37.22095435684647,5.727178423236515,13.594398340248963,0.42128958412819534,0.0,0.0,,0.0,0.0,,0.42128958412819534,3.521784232365145,5.279045643153527,0.6671251719394773,0.7717842323651453,1.8952282157676348,15.004149377593361,2.671161825726141,0.12966804979253113,0.5736514522821576,0.0,2.7219917012448134,14.976141078838173,35881.0,5521,13105,0.0,0.0,0.0,0.0,3395,5089,744.0,1827.0,14464.0,2575,125.0,553.0,0.0,2624.0,14437,4.0,16.515164014380872,0.4676156461637078,0.0,0.38485777988350384,5.2108617095205005,12.808040305767893,11.811829414109209,10.035273477812177,0.5170112441059123,2.064649061848506,0.0,0.0,15.899999999999997,62.2,78.0,0.10441350575513504,-0.6063871730845052,1.6832172427388616,1.0768300696543565,6.0,4.868602970166908,11.99863319752924,0.0,0.0,0.0,0.0,2.73737679064266,4.487488500459981,4.547391247207254,11.190340386384545,15.705362071231436,4.13248784334341,0.7493231699303456,3.3693652253909843,0.0,4.526048100933106,12.469772637665923,0.0,93.23708765935076,,,,,,,,,,,,,,,,,,,,,,,,,,,,,,,,,,,0,0,7,0.2786666666666667,0.0,0.0,2,5,,0,0,,,1,,1,0,0.031214285714285715,0,0.024,,,,,,,,,1964,1977,14,
Paul Silas,silaspa01,79,220.0,1943-07-12,Creighton,1965,1978,1964-10-17T00:00:00Z,False,14,NBA,"STL, ATL, PHO, BOS, DEN, SEA",PF,1090,0.0,28.841284403669725,3.6788990825688073,8.48440366972477,0.4336072664359862,0.0,0.0,,0.0,0.0,,0.4336072664359862,2.7440366972477066,4.053211009174312,0.6770031688546854,1.4422018348623853,2.444954128440367,10.409174311926606,2.193577981651376,0.27706422018348625,0.10458715596330276,0.13944954128440368,2.5761467889908256,10.10183486238532,31437.0,4010,9248,0.0,0.0,0.0,0.0,2991,4418,1572.0,2665.0,11346.0,2391,302.0,114.0,152.0,2808.0,11011,1.0,14.400617107230334,0.4892763622483062,0.0,0.47572732767121534,8.82760660170112,14.820982369177042,12.462101433768458,9.787387473359416,0.9204007906754822,0.32362980904635835,1.6887652471645622,0.9450888080462229,26.7,46.99999999999999,73.89999999999999,0.11259700353087125,-0.15880693603252305,0.013623164357421409,-0.16674686799966812,5.5,5.003940927569899,12.18167261262756,0.0,0.0,0.0,0.0,3.753223263917697,5.35937111092674,5.823836389280678,9.87801377250477,15.68382975192898,3.2882933709449924,1.1203185928814403,0.42084128432755336,0.5766531154069526,3.9192732099892145,13.82099892143035,16.75898116651456,95.20849581017174,,,,,,,,,,,,,,,,,,,,,,,,,,,,,,,,,,,2,0,2,0.2,0.0,0.0,2,5,,0,0,,,0,,0,0,0.0015714285714285713,0,0.0,,,,,,,,,1965,1980,14,
Rick Barry,barryri01,79,205.0,1944-03-28,Miami (FL),1966,1980,1965-10-15T00:00:00Z,True,14,"NBA,ABA","SFW, OAK, WSA, NYA, GSW, HOU",SF,1020,82.0,37.404901960784315,9.504901960784315,20.865686274509805,0.45552788610628203,0.17254901960784313,0.5813725490196079,0.29679595278246207,2.541176470588235,5.194117647058824,0.48924122310305773,0.459662641544895,5.600980392156862,6.27156862745098,0.8930748788494607,0.9627450980392157,3.518627450980392,6.72843137254902,4.854901960784313,1.0823529411764705,0.26372549019607844,1.3372549019607842,2.9686274509803923,24.783333333333335,38153.0,9695,21283,176.0,593.0,2592.0,5298.0,5713,6397,982.0,3589.0,6863.0,4952,1104.0,269.0,1364.0,3028.0,25279,6.0,21.058076691216936,0.5231710481482452,0.03761394898086783,0.2964402799255628,2.531602983711372,10.6007611508601,8.003263723896461,19.133871517311874,2.1912135922330096,0.529734358349825,6.473540077529075,13.347567837939227,89.2,39.699999999999996,128.9,0.1622859539223652,2.4657492979320907,0.5467143221853459,2.9975644625989277,24.8,10.920214449834058,24.327618075057444,0.17617564462598925,0.5377993362267041,0.6119785550165943,1.335225938218024,4.9028338013786055,5.330875670155732,1.1829410262956346,5.439489405157008,6.60648966045443,7.271861118202706,2.5352514679601734,0.6338983916262446,1.3675363798825633,3.3829818738830735,26.90511105437835,39.64370691856012,99.58830737809548,,,,,,,,,,,,,,,,,,,,,,,,,,,,,,,,,,,1,1,12,0.0,0.3202857142857143,0.07142857142857142,0,0,,9,10,,,1,,1,0,0.1300714285714286,1,0.977,,,,,,,,,1966,1980,14,
Gail Goodrich,goodrga01,73,170.0,1943-04-23,UCLA,1966,1979,1965-10-15T00:00:00Z,True,14,NBA,"LAL, PHO, LAL, NOJ",SG,1031,0.0,32.51891367604268,7.20756547041707,15.809893307468478,0.45588957055214724,0.0,0.0,,0.0,0.0,,0.45588957055214724,4.18913676042677,5.193016488845781,0.80668658946582,0.4393792434529583,0.6314258001939864,3.180407371483996,4.660523763336567,0.5286129970902037,0.06983511154219205,0.37827352085354027,2.691561590688652,18.604267701260913,33527.0,7431,16300,0.0,0.0,0.0,0.0,4319,5354,453.0,651.0,3279.0,4805,545.0,72.0,390.0,2775.0,19181,3.0,16.701175172249233,0.5153243356101054,0.0,0.33433781728159395,2.2901309008451864,3.123155019583591,2.8887081557630365,20.60771616905777,1.4787093620141776,0.1780457637600495,2.3489963889521452,3.12031621067699,55.599999999999994,20.799999999999997,76.6,0.10938187132758671,0.9913002121899465,-1.2655813272847,-0.2938025901807273,6.000000000000001,9.885900343894052,21.739950245115974,0.0,0.0,0.0,0.0,5.236152776761543,6.2455184019901955,1.4545108655886443,2.1160313163093587,3.5749981707763223,6.749915855710837,1.7705129143191631,0.24832808955879127,1.2647106168142244,3.510894856223019,25.023538450281702,35.57262017999561,103.66195946440331,,,,,,,,,,,,,,,,,,,,,,,,,,,,,,,,,,,1,0,5,0.0,0.04635714285714286,0.015857142857142858,0,0,,1,1,,,0,,1,0,0.0002142857142857143,0,0.0,,,,,,,,,1966,1979,14,
Elvin Hayes,hayesel01,81,235.0,1945-11-17,Houston,1969,1982,1968-10-17T00:00:00Z,True,14,NBA,"SDR, HOU, BAL, CAP, WSB, HOU",PF,1141,82.0,40.93251533742331,9.109553023663453,20.151621384750218,0.45205062410298785,0.0026292725679228747,0.024539877300613498,0.10714285714285714,1.63102541630149,3.5451358457493427,0.4600741656365884,0.45211586134910625,4.446976336546888,6.643295354951797,0.6693931398416887,2.184049079754601,5.594215600350569,13.499561787905346,1.9009640666082384,0.6993865030674846,1.4566170026292726,0.9430324276950044,3.3637160385626643,22.66871165644172,46704.0,10394,22993,3.0,28.0,1861.0,4045.0,5074,7580,2492.0,6383.0,15403.0,2169,798.0,1662.0,1076.0,3838.0,25865,2.0,18.044109712230217,0.49235962658444665,0.0013718739294278862,0.3318596051730045,7.088838173111926,18.099960796393265,13.229481414868104,6.7934373929427885,1.1408248062015502,2.406028954663829,3.9659986296676943,7.623732442617336,37.300000000000004,81.00000000000001,118.19999999999999,0.12147195101062007,0.46977130401688405,0.5350344254921634,0.9610109677196138,21.599999999999998,9.601889077258416,20.885357921323045,0.0,0.052797287478808436,3.0466871951008545,6.654385357921323,4.82399750890911,7.13735252395945,3.966574404041103,10.110940040826211,14.077863889561637,2.0759021554855894,1.2729336055080789,2.6382105663771926,1.7267065702522228,4.1641767290592675,24.07158426460921,54.70456354011694,96.40746635297374,,,,,,,,,,,,,,,,,,,,,,,,,,,,,,,,,,,1,0,12,0.023142857142857142,0.2047142857142857,0.06635714285714286,0,2,,3,6,,,1,,1,0,0.04085714285714286,0,0.321,,,,,,,,,1969,1984,14,
Kareem Abdul-Jabbar,abdulka01,86,225.0,1947-04-16,UCLA,1970,1983,1969-10-18T00:00:00Z,True,14,NBA,"MIL, LAL",C,1090,319.0,39.560550458715596,11.275229357798166,20.155045871559633,0.5594246438162865,0.0,0.006422018348623854,0.0,2.8862385321100916,4.919266055045871,0.586721372622156,0.5594246438162865,4.798165137614679,6.696330275229358,0.7165365118509385,1.961467889908257,6.613761467889908,13.227522935779817,4.135779816513762,0.7706422018348624,2.2752293577981653,1.344954128440367,3.030275229357798,27.34862385321101,43121.0,12290,21969,0.0,7.0,3146.0,5362.0,5230,7299,2138.0,7209.0,14418.0,4508,840.0,2480.0,1466.0,3303.0,29810,21.0,26.310774332691725,0.5929596252406019,0.0003845226223881635,0.33294343823195194,6.467869638282047,19.75939557563569,15.620934115628115,15.640880313536329,1.1722887883604352,3.480963662910824,5.418450406994272,9.74206998910044,149.9,76.9,226.70000000000002,0.25240736532084135,5.14129387006992,2.1733656913990904,7.306971692349467,69.5,12.699745434797366,22.61467313827982,0.0,0.009086280632679383,4.9613264544158575,8.456734098160341,5.354717941755481,7.296347837892878,3.326033534722694,11.190984997624058,14.527255447695335,4.888771977462494,1.3017649854049287,3.8468230262711285,2.2903740411377367,3.601666553526577,30.73857171950309,66.28694589640894,96.09917860294617,,,,,,,,,,,,,,,,,,,,,,,,,,,,,,,,,,,3,1,13,0.24435714285714286,0.4928571428571429,0.07142857142857142,5,10,,8,12,,,1,,1,6,0.3904285714285714,1,1.0,,,,,0,0.0,,,1970,1989,14,
Bob Lanier,laniebo01,83,250.0,1948-09-10,St. Bonaventure,1971,1984,1970-10-14T00:00:00Z,True,14,NBA,"DET, MIL",C,959,179.0,33.47549530761209,8.092805005213764,15.737226277372264,0.5142459581235092,0.0020855057351407717,0.013555787278415016,0.15384615384615385,1.8790406673618352,3.4577685088633996,0.5434258142340169,0.514312218393851,3.883211678832117,5.065693430656935,0.7665706051873199,1.921793534932221,5.0604796663190825,10.112617309697601,3.13555787278415,0.8102189781021898,1.1470281543274243,1.159541188738269,3.178310740354536,20.070907194994785,32103.0,7761,15092,2.0,13.0,1802.0,3316.0,3724,4858,1843.0,4853.0,9698.0,3007,777.0,1100.0,1112.0,3048.0,19248,4.0,21.69219387596175,0.5610945706008784,0.001046319658598885,0.3269881631000218,6.584707172771389,17.065040218041613,15.617518611967727,14.387614864654392,1.3214936652589464,1.9599016153692748,6.113297822633398,9.165660530168518,75.4,41.599999999999994,117.2,0.17519876647042332,3.496229659453112,1.0480288542190908,4.5297726891461165,39.4,10.818688139573897,20.515295252474417,0.0,0.017354470726388193,3.5734901862103676,6.578464183861768,5.321988760275121,6.904890119107532,3.552453447408153,9.353434826371416,12.914825532628758,4.574303808085892,1.4960744841469555,2.1279063915450425,2.166431806743835,4.270135044455628,26.978124475759103,60.89406139909411,98.60015098137896,,,,,,,,,,,,,,,,,,,,,,,,,,,,,,,,,,,0,0,8,0.0,0.0,0.029428571428571425,0,0,,0,0,,,1,,1,0,0.037642857142857145,0,0.01,0,0.0,,,0,0.0,,,1971,1984,14,
Dan Issel,isselda01,81,235.0,1948-10-25,Kentucky,1971,1984,1970-10-15T00:00:00Z,True,14,"ABA,NBA","KEN, DNA, DEN",C,1141,309.0,35.14460999123576,8.823838737949167,17.62751971954426,0.500571769502312,0.024539877300613498,0.11831726555652936,0.2074074074074074,7.177037686240141,14.354951796669589,0.4999694731058062,0.5012678367225177,5.5512708150744965,7.007887817703769,0.7921460730365183,3.1691498685363717,6.297984224364592,9.467134092900965,2.427695004382121,0.8536371603856266,0.4741454864154251,2.100788781770377,2.9211218229623137,23.223488168273445,40100.0,10068,20113,28.0,135.0,8189.0,16379.0,6334,7996,3616.0,7186.0,10802.0,2770,974.0,541.0,2397.0,3333.0,26498,0.0,21.6590523690773,0.5604502244389027,0.006515461346633416,0.39877793017456364,8.774784119915278,17.507459403682184,13.293216957605985,10.040940149625932,1.3259321626172722,0.7593303644164451,9.231209476309228,23.190603491271816,108.2,45.099999999999994,153.7,0.18353815461346637,3.1725147182506315,-0.7706543313708998,2.4285584524810764,33.2,10.854644238856181,21.59459041211102,0.03336248948696384,0.1400874684608915,8.0693086627418,16.11377628259041,6.936800672834314,8.765170731707318,3.7763566021867114,7.986294365012615,11.761476871320436,3.2660084104289315,1.329012615643398,0.7429772918418841,2.5879730866274184,3.745244743481918,28.719566021867113,105.74361648444071,104.14291000841042,,,,,,,,,,,,,,,,,,,,,,,,,,,,,,,,,,,0,0,7,0.0,0.0,0.0,0,0,,1,5,,,1,,1,0,0.04114285714285714,1,0.0,0,0.0,,,0,0.0,,,1971,1985,14,
Billy Paultz,paultbi01,83,235.0,1948-07-30,"Cameron University, St. John's",1971,1984,1970-10-15T00:00:00Z,False,14,"ABA,NBA","NYA, SAA, SAS, HOU, SAS, ATL",C,1062,89.0,28.26930320150659,5.086629001883239,10.212806026365348,0.4980638023234372,0.0,0.0160075329566855,0.0,3.7325800376647833,7.523540489642184,0.49612015018773464,0.4980638023234372,2.083804143126177,3.0160075329566856,0.6909147674055572,2.2222222222222223,6.123352165725047,8.34557438794727,2.062146892655367,0.4227871939736347,1.3615819209039548,1.7231638418079096,2.751412429378531,12.257062146892656,30022.0,5402,10846,0.0,17.0,3964.0,7990.0,2213,3203,2360.0,6503.0,8863.0,2190,449.0,1446.0,1830.0,2922.0,13017,0.0,16.377666377989474,0.5284491372993139,0.0016229764839117982,0.2952741656118846,8.162635710093896,21.398331132629107,15.070135234161617,9.778885483978415,0.8314893617021277,2.7755905223004698,13.00001998534408,16.75336086869629,37.5,33.0,70.59999999999998,0.11267523815868363,0.3297227356746766,0.571275415896488,0.8656839186691312,15.900000000000002,8.049921441774492,16.334981515711647,0.0,0.007666358595194086,5.158636783733826,10.623063770794825,3.162620147874307,4.653890942698705,3.32891404805915,8.986377079482441,12.288918669131238,3.56764325323475,0.939075785582255,2.5600785582255083,2.5221072088724585,4.390878003696857,19.268054528650648,92.18756931608134,101.40956561922366,,,,,,,,,,,,,,,,,,,,,,,,,,,,,,,,,,,0,0,4,0.0,0.0,0.0,0,0,,0,0,,,0,,0,0,0.0,0,0.0,0,0.0,,,0,0.0,,,1971,1985,14,
Julius Erving,ervinju01,79,210.0,1950-02-22,UMass,1972,1985,1971-10-15T00:00:00Z,True,14,"ABA,NBA","VIR, NYA, PHI",SF,1109,689.0,36.8214607754734,9.825969341749325,19.328223624887286,0.5083741544203406,0.10009017132551848,0.32822362488728585,0.30494505494505497,7.91253381424707,15.352569882777276,0.5153882297662399,0.5109633776533706,5.208295761947701,6.716862037871957,0.7754060947778225,3.0703336339044185,5.848512173128945,8.918845807033364,4.27141568981064,1.878268710550045,1.5915238954012625,3.2173128944995493,2.850315599639315,24.960324616771867,40835.0,10897,21435,111.0,364.0,8775.0,17026.0,5776,7449,3405.0,6486.0,9891.0,4737,2083.0,1765.0,3568.0,3161.0,27681,1.0,24.204109220031835,0.5600110689359619,0.016399583690461614,0.34794756948695965,8.696285049589815,15.654957756826256,12.249437982123178,17.961888086200563,2.562646696318525,2.3716493204359006,12.398893106403818,25.52314681033427,102.39999999999999,69.30000000000001,171.60000000000002,0.20165453654952858,5.008217542019866,1.7433307116432175,6.750059716274869,75.6,12.237787293541903,23.948766349150862,0.14657286842028605,0.43701243846310694,9.494497363744937,18.24876926213988,6.492924349675202,8.363086603163506,3.5849922805791024,6.762853564042064,10.353782516239912,5.522348451746336,2.5593900200996242,2.1905036558012174,3.9105013254100034,3.6263567246351482,31.105648285705964,102.48419703457718,98.5855107926243,,,,,,,,,,,,,,,,,,,,,,,,,,,,,,,,,,,1,0,14,0.0,0.29557142857142854,0.0,1,1,,9,12,,,1,,1,4,0.25357142857142856,0,0.35,0,0.0,,,0,0.0,,,1972,1987,14,
Artis Gilmore,gilmoar01,86,240.0,1949-09-21,"Gardner-Webb University, Jacksonville University",1972,1985,1971-10-16T00:00:00Z,True,14,"ABA,NBA","KEN, CHI, SAS",C,1105,632.0,37.50316742081448,7.723981900452489,13.314932126696833,0.5800992319717256,0.0027149321266968325,0.017194570135746608,0.15789473684210525,5.886877828054299,9.984615384615385,0.5895948518082117,0.5802011826276082,4.963800904977376,7.080542986425339,0.7010480572597138,3.9782805429864254,9.5420814479638,13.520361990950226,2.5131221719457013,0.5701357466063348,2.665158371040724,3.16289592760181,3.5357466063348415,20.41447963800905,41441.0,8535,14713,3.0,19.0,6505.0,11033.0,5485,7824,4396.0,10544.0,14940.0,2777,630.0,2945.0,3495.0,3907.0,22558,2.0,22.38764508578461,0.6241746096860598,0.001340652976520837,0.5407167056779518,11.090492507420189,25.714620786177942,18.5461378827731,9.762484013416666,0.7754943745863666,3.8614488067372887,16.06515045486354,19.390663835332163,106.39999999999999,70.4,176.89999999999998,0.2047079462368186,2.8666384617629035,0.9375864383042045,3.79606395705074,50.0,9.621127418084209,16.545843667026524,0.0,0.014095643801242962,6.811236250109415,11.486473317188457,6.459697137688559,9.066728911971524,4.797975082426399,11.505925947538877,16.33624719166691,3.090111749773874,0.7525544889563214,3.0904939748490063,3.903305809237592,4.535768680885829,25.689726606950078,106.11029089954191,99.99997082251335,,,,,,,,,,,,,,,,,,,,,,,,,,,,,,,,,,,0,0,10,0.0,0.0,0.0,4,5,,5,5,,,1,,1,1,0.0655,1,0.633,0,0.0,,,0,0.0,,,1972,1988,14,
Bob McAdoo,mcadobo01,81,210.0,1951-09-25,"Vincennes University, UNC",1973,1986,1972-10-10T00:00:00Z,True,14,NBA,"BUF, NYK, BOS, DET, NJN, LAL, PHI",C,852,1.0,33.247652582159624,8.708920187793428,17.31338028169014,0.5030167446274829,0.0035211267605633804,0.04342723004694836,0.08108108108108109,2.056338028169014,4.204225352112676,0.48911222780569513,0.503118432648634,4.629107981220657,6.137323943661972,0.7542551157008989,2.1338028169014085,6.457746478873239,9.446009389671362,2.289906103286385,0.8814553990610329,1.346244131455399,1.4354460093896713,3.199530516431925,22.050469483568076,28327.0,7420,14751,3.0,37.0,1752.0,3582.0,3944,5229,1818.0,5502.0,8048.0,1951,751.0,1147.0,1223.0,2726.0,18787,0.0,20.739986585236704,0.5500005295301302,0.002685953330744519,0.35345878490486116,6.92206728562855,19.80051540932679,14.711381367599815,10.483079747237618,1.1831609418575917,2.0686941786987685,6.529685459102622,11.761743213188831,56.3,32.8,89.00000000000001,0.15108465421682493,2.3616145934407142,-0.22730448282553853,2.162227828449447,27.2,11.870518144770038,23.355676305065014,0.008138948185522996,0.0619289734135455,3.123073937512129,6.402033766737821,6.368608577527655,8.464397438385406,3.148232097807104,9.52619833106928,12.661665049485736,3.155641373956918,1.3008111779545897,1.9796623326217735,2.1476654376091595,4.318036095478362,30.078381525325053,52.22755676305065,99.94034542984669,,,,,,,,,,,,,,,,,,,,,,,,,,,,,,,,,,,2,0,5,0.0,0.07792857142857143,0.07142857142857142,0,0,0,1,2,,0,1,,1,1,0.10671428571428572,1,0.753,0,0.004333333333333333,0,0.0,0,0.0,,,1973,1986,14,
George Gervin,gervige01,79,180.0,1952-04-27,Eastern Michigan,1973,1986,1973-01-26T00:00:00Z,True,14,"ABA,NBA","VIR, SAA, SAS, CHI",SG,1060,623.0,33.58207547169811,9.781132075471698,19.417924528301885,0.5037166593790993,0.11509433962264151,0.42547169811320756,0.270509977827051,7.272641509433963,14.563207547169812,0.4993845954524843,0.5066802701258319,5.412264150943396,6.435849056603773,0.8409557314570507,1.7132075471698114,3.5716981132075474,5.284905660377358,2.639622641509434,1.210377358490566,0.9877358490566037,2.7443396226415095,3.0660377358490565,25.089622641509433,35597.0,10368,20583,122.0,451.0,7709.0,15437.0,5737,6822,1816.0,3786.0,5602.0,2798,1283.0,1047.0,2909.0,3250.0,26595,0.0,21.369059190381208,0.5632830575610304,0.021679495463100825,0.3319950557631261,5.448667022501896,10.915141725426299,8.244118886423012,12.191968424305418,1.6398685282467624,1.5494311318369525,10.845324044161025,27.381400117987468,87.59999999999998,28.599999999999994,116.4,0.15676559822456948,3.355583247393148,-0.8157356479889998,2.5487166265612466,40.1,13.269706084565144,26.378019365188496,0.1678239944998281,0.5491205454337115,9.971003781368168,19.97244757648677,7.340626790420534,8.734565142660708,2.30494729001948,4.805508765898934,7.139876246132691,3.598043428440472,1.6722355906955426,1.361475879454566,3.735779763950957,4.136309728429013,34.06534605248081,102.11493067491692,106.41967457316375,,,,,,,,,,,,,,,,,,,,,,,,,,,,,,,,,,,0,0,12,0.0,0.2558571428571429,0.0,0,0,0,5,9,,0,1,,1,0,0.06457142857142857,0,0.085,0,0.0,0,0.0,0,0.0,,,1973,1986,14,
Caldwell Jones,jonesca01,83,217.0,1950-08-04,Albany State University,1974,1987,1973-10-10T00:00:00Z,False,14,"ABA,NBA","SDA, KEN, SDS, SSL, PHI, HOU, CHI, POR",C,1076,652.0,28.939591078066915,3.5483271375464684,7.4684014869888475,0.47511199601791937,0.0055762081784386614,0.04368029739776952,0.1276595744680851,2.9052044609665426,6.105018587360595,0.47587151773481506,0.4754853160776506,1.7565055762081785,2.3187732342007434,0.7575150300601202,2.4646840148698885,6.593866171003717,9.058550185873607,1.5241635687732342,0.5687732342007435,1.9386617100371748,1.762081784386617,3.599442379182156,8.858736059479554,31139.0,3818,8036,6.0,47.0,3126.0,6569.0,1890,2495,2652.0,7095.0,9747.0,1640,612.0,2086.0,1896.0,3873.0,9532,0.0,12.690426795979318,0.5241613731975979,0.005909759465621889,0.3378408426731751,8.903712386396482,23.173724268602072,16.170808311121103,6.703670638106555,0.8913324127300171,3.5213622788143484,17.787366325187065,13.233029320145155,14.899999999999999,46.5,61.4,0.09455387135103888,-1.652795529721571,1.1060759818876649,-0.5650887954012652,11.0,5.587783808086322,11.77444683515848,0.0,0.07032981149041397,4.591881563312888,9.660596037123863,2.78821413661325,3.6753492405022645,3.8973570121070042,10.428507659205497,14.307948232120488,2.430440926169755,0.8913324127300171,3.0436430200070657,2.796168791547577,5.703551816050612,13.976665917338385,94.96602331481422,101.14621535694788,,,,,,,,,,,,,,,,,,,,,,,,,,,,,,,,,,,0,0,1,0.07142857142857142,0.0,0.0,2,2,0,0,0,,0,0,,0,0,7.142857142857143e-05,0,0.359,0,0.0,0,0.0,0,0.0,,,1974,1990,14,
Moses Malone,malonmo01,82,215.0,1955-03-23,,1975,1988,1974-10-18T00:00:00Z,True,14,"ABA,NBA","UTS, SSL, BUF, HOU, PHI, WSB",C,1046,695.0,36.84225621414914,8.005736137667304,16.004780114722752,0.5002090675586882,0.0028680688336520078,0.04206500956022945,0.06818181818181818,6.551625239005737,13.130019120458892,0.49898063200815496,0.5002986679409832,6.809751434034417,9.049713193116634,0.7524825691950138,5.633843212237093,8.07265774378585,13.706500956022944,1.4206500956022945,0.9130019120458891,1.47131931166348,3.2695984703632885,2.6978967495219885,22.82409177820268,38537.0,8374,16741,3.0,44.0,6853.0,13734.0,7123,9466,5893.0,8444.0,14337.0,1486,955.0,1539.0,3420.0,2822.0,23874,0.0,22.67581285517814,0.5715779640345642,0.00246960064353738,0.5691276435633288,16.71194177024677,23.76428367542881,20.27721410592418,5.819973012948595,1.1865064742974283,2.2241456262812362,13.925567636297583,24.401847575057737,95.60000000000001,50.4,146.0,0.18189366063782858,3.391919454031191,-1.4084905415574644,2.000563095207203,38.8,10.402971170563356,20.76256325090173,0.0,0.0466746243869528,8.535799361652437,17.09766458208994,8.848685678698393,11.724898149830034,7.304035083166826,10.452430132080858,17.765952201780106,1.8488880815839321,1.1865064742974283,1.905734748423593,4.2233463943742375,3.4949087889560686,29.592326854711057,105.74803435659237,103.34670576329242,,,,,,,,,,,,,,,,,,,,,,,,,,,,,,,,,,,1,1,12,0.02792857142857143,0.4070714285714286,0.0,1,2,0,4,8,,3,1,,1,3,0.20364285714285715,0,0.1,0,0.0,0,0.0,0,0.0021666666666666666,,,1975,1995,14,
Maurice Lucas,lucasma01,81,215.0,1952-02-18,Marquette,1975,1988,1974-10-22T00:00:00Z,False,14,"ABA,NBA","SSL, KEN, POR, NJN, NYK, PHO, LAL, SEA, POR",PF,1021,244.0,29.492654260528894,5.806072477962782,12.321253672869735,0.4712241653418124,0.00881488736532811,0.061704211557296766,0.14285714285714285,4.178256611165524,8.778648383937316,0.47595671092268216,0.4715818759936407,2.930460333006856,3.8305582761998043,0.7650217335719764,2.642507345739471,6.472086190009795,9.114593535749265,2.446620959843291,0.7864838393731636,0.6454456415279138,2.2683643486777667,3.426052889324192,14.551420176297746,30112.0,5928,12580,9.0,63.0,4266.0,8963.0,2992,3911,2698.0,6608.0,9306.0,2498,803.0,659.0,2316.0,3498.0,14857,1.0,16.21286530286929,0.5200910600425079,0.005176142401700319,0.31538449787460143,9.697718517534538,23.652899176408077,16.703307651434642,11.727952311370883,1.2240236450584485,1.2138981137088205,13.84745284272051,19.913971174282683,28.3,40.6,68.9,0.11011042109458022,0.010663522848034034,-0.2983328905419766,-0.2967654091392136,13.1,9.115957093517533,19.357110122210415,0.006256641870350691,0.10526036131774708,6.598678267800213,13.883880180658874,4.608305658873539,6.038649043570669,4.157076912858661,10.18665648246546,14.348326248671624,3.8558946599362383,1.2240236450584485,1.019882438894793,3.5657943676939423,5.403420563230605,22.88211344314559,93.96652497343251,102.26793304994686,,,,,,,,,,,,,,,,,,,,,,,,,,,,,,,,,,,1,0,5,0.0,0.0,0.0,1,2,0,0,1,,0,0,,0,0,0.0029285714285714284,0,0.0,0,0.0,0,0.0,0,0.0,,,1975,1988,14,
Darryl Dawkins,dawkida01,83,251.0,1957-01-11,,1976,1989,1975-10-27T00:00:00Z,False,14,NBA,"PHI, NJN, UTA, DET",C,726,412.0,23.739669421487605,4.789256198347108,8.3732782369146,0.5719690738608324,0.0027548209366391185,0.02066115702479339,0.13333333333333333,3.494490358126722,6.0041322314049586,0.5820142234457444,0.5721335746010857,2.4476584022038566,3.571625344352617,0.6853065946779792,1.5495867768595042,4.5550964187327825,6.104683195592287,1.2630853994490359,0.47520661157024796,1.4090909090909092,2.2327823691460056,3.834710743801653,12.02892561983471,17235.0,3477,6079,2.0,15.0,2537.0,4359.0,1777,2593,1125.0,3307.0,4432.0,917,345.0,1023.0,1621.0,2784.0,8733,0.0,15.819071656512907,0.6055957064113724,0.0023613577023498694,0.4300319698288366,7.272288946910357,20.042674789672176,13.855764432840152,7.5969538729329855,0.9283666956774006,3.2608993327531186,18.115456919060048,19.579733101247463,18.1,28.000000000000004,46.39999999999999,0.12912167101827676,-1.167270089933275,0.9594371917609519,-0.19643748186829124,7.7,9.299779518421817,16.266805918189732,0.0,0.03528865680301712,6.86325500435161,11.80342906875544,4.78634754859298,6.961009573542212,3.016170583115753,8.839588047577601,11.81745865970409,2.4486045836959676,0.9283666956774006,2.734516971279373,4.365651290977662,7.446730490281404,23.395781839280534,100.3970409051349,100.39355961705832,,,,,,,,,,,,,,,,,,,,,,,,,,,,,,,,,,,1,0,0,0.0,0.0,0.0,0,0,0,0,0,0,0,0,0,0,0,0.0,0,0.0,0,0.0,0,0.0,0,0.0,,,1976,1989,14,
Adrian Dantley,dantlad01,77,208.0,1955-02-28,Notre Dame,1977,1990,1976-10-21T00:00:00Z,True,14,NBA,"BUF, IND, LAL, UTA, DET, DAL",SF,945,569.0,36.00529100529101,8.624338624338625,15.948148148148148,0.5407736712892309,0.006349206349206349,0.04021164021164021,0.15789473684210525,7.034920634920635,12.831746031746032,0.5482434438396834,0.5409727290823436,7.21058201058201,8.80952380952381,0.8184984984984985,2.326984126984127,3.4317460317460315,5.758730158730159,2.9851851851851854,0.9936507936507937,0.15873015873015872,2.6423280423280424,2.68994708994709,24.465608465608465,34025.0,8150,15071,6.0,38.0,6648.0,12126.0,6814,8325,2199.0,3243.0,5442.0,2821,939.0,150.0,2497.0,2542.0,23120,1.0,21.540358559882442,0.6151577369581189,0.0024086407053637033,0.554587979426892,7.0857751653196175,10.08176634827333,8.610013225569434,13.001440117560618,1.2980249816311535,0.23578545187362235,11.489090374724467,23.971600293901542,111.3,22.599999999999998,134.29999999999998,0.18914800881704627,4.153178545187362,-1.0421660543717854,3.1037913299044826,43.699999999999996,11.280570168993387,20.849739897134462,0.0,0.04680382072005878,9.282703894195446,16.95444232182219,9.423277002204262,11.495074210139602,3.0187303453343133,4.480593681116826,7.507776634827332,3.891356355620868,1.2980249816311535,0.22120793534166056,3.4685995591476857,3.526983100661279,31.97445113886847,109.31585598824394,108.77731080088171,,,,,,,,,,,,,,,,,,,,,,,,,,,,,,,,,,,0,0,6,0.0,0.046785714285714285,0.06492857142857143,0,0,0,0,2,0,1,1,0,1,0,0.010857142857142859,1,0.667,0,0.0,0,0.0,0,0.0,,,1977,1991,14,
Alex English,englial01,80,190.0,1954-01-05,South Carolina,1977,1990,1976-10-21T00:00:00Z,True,14,NBA,"MIL, IND, DEN",SF,1114,811.0,32.59874326750449,9.279174147217235,18.224416517055655,0.5091616589498572,0.01615798922800718,0.07360861759425494,0.21951219512195122,8.331238779174146,16.344703770197487,0.5097210017574693,0.5096049650280761,3.7324955116696588,4.489228007181328,0.8314337132573485,2.3967684021543985,3.244165170556553,5.640933572710951,3.8114901256732496,0.921903052064632,0.725314183123878,2.44165170556553,2.5906642728904847,22.307001795332138,36315.0,10337,20302,18.0,82.0,9281.0,18208.0,4158,5001,2670.0,3614.0,6284.0,4246,1027.0,808.0,2720.0,2886.0,24850,5.0,20.241159300564508,0.5519918490981688,0.0038652622883106154,0.24571491119372157,7.470830235439901,10.619906374776264,9.012372297948506,17.473892330992705,1.2731378218367067,1.155170039928404,10.912033594933224,26.186752030841248,77.69999999999999,22.2,100.09999999999998,0.1322379182156134,3.4928899903621096,-1.2443590802698608,2.250367616687319,38.9,12.665826793336088,24.89910780669145,0.008495112212584331,0.10324108495112214,11.366528982514113,22.306862178163293,5.085826793336086,6.123318188076552,3.289178025609252,4.426760291890403,7.699493322318602,5.205416494561476,1.2731378218367067,0.9778741566845655,3.334321905548671,3.550810959658543,30.47852677956767,109.59226215062647,109.96131075313231,,,,,,,,,,,,,,,,,,,,,,,,,,,,,,,,,,,0,0,8,0.0,0.08171428571428573,0.0,0,0,0,0,3,0,4,0,0,0,0,0.011928571428571429,0,0.0,0,0.0,0,0.0,0,0.0,,,1977,1991,14,
John Lucas,lucasjo01,75,175.0,1953-10-31,Maryland,1977,1990,1976-10-21T00:00:00Z,False,14,NBA,"HOU, GSW, WSB, SAS, HOU, MIL, SEA, HOU",PG,928,430.0,27.538793103448278,4.207974137931035,9.370689655172415,0.44905703771849126,0.2629310344827586,0.8685344827586207,0.3027295285359802,2.511853448275862,5.369612068965517,0.4677904876580373,0.4630864765409384,2.0441810344827585,2.6357758620689653,0.7755519215044971,0.5280172413793104,1.7898706896551724,2.3178879310344827,6.954741379310345,1.3717672413793103,0.07866379310344827,1.9428879310344827,1.822198275862069,10.723060344827585,25556.0,3905,8696,244.0,806.0,2331.0,4983.0,1897,2446,490.0,1661.0,2151.0,6454,1273.0,73.0,1803.0,1691.0,9951,1.0,15.935134606354671,0.5074226404758179,0.08772718735326343,0.28064474096102676,2.0823368289247144,7.126306933792455,4.589114102363437,33.65199953044294,2.369877915166693,0.17151745187040227,15.39632962904993,16.87980513382376,33.8,19.799999999999997,53.7,0.10094220535295037,1.5395053999060888,-0.2607450305212083,1.2549342620128345,21.2,7.23781890749726,16.106413366724055,0.45064955392080136,1.4897871341367976,4.326400845202692,9.238448896540929,3.5073055251213026,4.527813429331664,0.9112028486461103,3.0762951948661765,3.970856159023321,11.94348880889028,2.369877915166693,0.12751604319924872,3.3498434809829396,3.1481374236969786,18.44266708405071,97.07638128032556,107.3126467365785,,,,,,,,,,,,,,,,,,,,,,,,,,,,,,,,,,,0,0,0,0.0,0.0,0.05192857142857143,0,0,0,0,0,0,0,1,0,1,0,0.0,0,0.121,0,0.0,0,0.0,0,0.0,,,1977,1990,14,
Robert Parish,parisro01,85,230.0,1953-08-30,Centenary (LA),1977,1990,1976-10-22T00:00:00Z,True,14,NBA,"GSW, BOS",C,1100,784.0,30.91,6.8545454545454545,12.700909090909091,0.5396893565242288,0.0,0.004545454545454545,0.0,5.698181818181818,10.338181818181818,0.5511783327470982,0.5396893565242288,2.938181818181818,4.097272727272728,0.7171067228755269,3.179090909090909,6.939090909090909,10.118181818181819,1.6418181818181818,0.8472727272727273,1.680909090909091,2.2972727272727274,3.119090909090909,16.64727272727273,34001.0,7540,13971,0.0,5.0,6268.0,11372.0,3232,4507,3497.0,7633.0,11130.0,1806,932.0,1849.0,2527.0,3431.0,18312,2.0,19.95332196111879,0.5764689567953885,0.00035831299079438833,0.3250656157171848,11.671921414076055,24.14936031293197,18.069900885268083,7.684459280609395,1.2984382812270228,3.0179906473339018,13.57920649392665,21.476212464339284,58.59999999999999,56.3,114.80000000000001,0.16208458574747803,1.6197847122143465,0.3950677921237611,2.0219434722508165,34.4,10.556021881709361,19.511229081497603,0.0,0.0,8.838334166642158,16.007743889885592,4.524563983412252,6.298641216434811,4.900888209170318,10.674512514337813,15.54085762183465,2.516134819564131,1.2984382812270228,2.5642510514396637,3.538878268286227,4.788835622481692,25.608526219817065,106.50219111202611,101.05664539278257,,,,,,,,,,,,,,,,,,,,,,,,,,,,,,,,,,,3,0,8,0.0,0.03507142857142857,0.0,0,0,0,0,1,1,5,0,0,1,0,0.019714285714285715,0,0.0,0,0.0,0,0.0,0,0.0,,,1977,1997,14,
Dennis Johnson,johnsde01,76,185.0,1954-09-18,"Harbor College, Pepperdine",1977,1990,1976-10-24T00:00:00Z,True,14,NBA,"SEA, PHO, BOS",PG,1100,673.0,32.68545454545455,5.301818181818182,11.909090909090908,0.4451908396946565,0.07272727272727272,0.4218181818181818,0.1724137931034483,4.198181818181818,9.162727272727272,0.45818037503720604,0.4482442748091603,3.4463636363636363,4.321818181818182,0.7974337400084139,1.3263636363636364,2.536363636363636,3.862727272727273,4.999090909090909,1.3427272727272728,0.6136363636363636,2.2254545454545456,2.806363636363636,14.122727272727273,35954.0,5832,13100,80.0,464.0,4618.0,10079.0,3791,4754,1459.0,2790.0,4249.0,5499,1477.0,675.0,2448.0,3087.0,15535,0.0,14.630711464649277,0.5112167491795071,0.03702597763809312,0.35926614563052794,4.45621905768482,8.278939756355344,6.455626634032374,20.400161317238695,1.928973132335762,1.0280608555376314,14.055818545919786,19.12696222951549,39.9,42.7,82.7,0.11031056349780273,0.25844134171441285,0.42749068253879957,0.6705234466262446,24.599999999999998,7.678091450186349,17.253649107192523,0.09886799799744118,0.6151081938031929,6.121004617010625,13.38252489291873,4.988666073315904,6.253106747510707,1.9031317794960225,3.6981782277354402,5.581056349780274,7.311525838571507,1.928973132335762,0.8731128664404516,3.233464983033876,4.078825721755576,20.448186571730545,101.63066696334205,104.76784224286588,,,,,,,,,,,,,,,,,,,,,,,,,,,,,,,,,,,3,1,5,0.4005,0.08135714285714284,0.0,6,9,2,1,2,0,2,0,0,0,0,0.005928571428571428,0,0.0,0,0.0,0,0.0,0,0.021,,,1977,1990,14,
Walter Davis,daviswa03,78,193.0,1954-09-09,UNC,1978,1991,1977-10-18T00:00:00Z,True,14,NBA,"PHO, DEN, POR",SG,987,373.0,28.48834853090172,8.037487335359677,15.671732522796352,0.5128652702353246,0.1540020263424519,0.5683890577507599,0.2709447415329768,6.313069908814589,12.209726443768997,0.5170525267612647,0.5177786397724334,3.0861195542046604,3.629179331306991,0.8503629257398102,0.8804457953394124,2.141843971631206,3.022289766970618,3.860182370820669,1.2674772036474165,0.1337386018237082,2.5288753799392096,2.4164133738601823,19.315096251266464,28118.0,7933,15468,152.0,561.0,6231.0,12051.0,3046,3582,869.0,2114.0,2983.0,3810,1251.0,132.0,2496.0,2385.0,19064,0.0,19.12168717547479,0.5596327619318585,0.036016857528984994,0.23182089764563626,3.3445764279109462,8.225777082296037,5.782687246603598,21.274528771605375,2.0309303648908172,0.271370652251227,12.767380325769972,27.409474358062454,48.5,26.799999999999997,75.39999999999999,0.12886887403086988,2.1246745856746565,-0.6183156696777864,1.5067145600682839,24.8,12.928038978590228,25.18564620527776,0.25351020698484955,0.9298278682694359,10.261199231808805,19.835884486805607,4.9475176043815345,5.806977736681131,1.4006117078028313,3.4029162813855898,4.829756739455154,6.243125400099581,2.036204566469877,0.2207625008891102,4.0698947293548615,3.869347037484885,31.028163454015218,108.43950494345259,106.86048083078455,,,,,,,,,,,,,,,,,,,,,,,,,,,,,,,,,,,0,0,6,0.0,0.0013571428571428571,0.07142857142857142,0,0,0,0,2,0,2,1,0,1,0,0.002142857142857143,1,0.747,0,0.0,0,0.0,0,0.0,,,1978,1992,14,
James Edwards,edwarja01,85,252.0,1955-11-22,Washington,1978,1991,1977-10-18T00:00:00Z,False,14,NBA,"LAL, IND, CLE, PHO, DET",C,943,750.0,26.82184517497349,5.598091198303288,11.193001060445386,0.500142112742776,0.0010604453870625664,0.021208907741251327,0.05,4.505832449628844,8.883351007423117,0.507222155903068,0.5001894836570345,3.0689289501590666,4.406150583244963,0.6965102286401925,1.784729586426299,4.104984093319194,5.889713679745493,1.4464475079533403,0.3987274655355249,0.8568398727465536,1.848356309650053,3.699893955461294,14.266171792152704,25293.0,5279,10555,1.0,20.0,4249.0,8377.0,2894,4155,1683.0,3871.0,5554.0,1364,376.0,808.0,1743.0,3489.0,13453,0.0,15.336523939429883,0.5432479342110466,0.002011544696160993,0.39516237694223694,7.185774720278338,16.85377772506227,11.981828964535643,7.992124303166882,0.6980468904439965,1.7829597121733287,12.30633376823627,22.67315462776262,31.400000000000002,24.999999999999996,56.49999999999999,0.1069268176965959,-0.6752856521567232,-0.6144031945597597,-1.2554857075080061,4.599999999999999,9.939532677025264,19.86877396908235,0.0,0.04800142331870478,8.098406673783261,15.975447752342545,5.439457557426956,7.804973708140594,3.161526904677184,7.243549598703198,10.39082354801724,2.5504447870952434,0.6980468904439965,1.5043569367018548,3.2817815205788166,6.571921084885145,25.30020163681651,107.19198987862255,106.40789941881152,,,,,,,,,,,,,,,,,,,,,,,,,,,,,,,,,,,2,0,0,0.0,0.0,0.0,0,0,0,0,0,0,0,0,0,0,0,0.0,0,0.0,0,0.0,0,0.0,0,0.0,,,1978,1996,14,
Rickey Green,greenri01,72,170.0,1954-08-18,"Vincennes University, Michigan",1978,1992,1977-10-18T00:00:00Z,False,14,NBA,"GSW, DET, UTA, CHH, MIL, IND, PHI, BOS",PG,946,513.0,24.59936575052854,3.799154334038055,8.10676532769556,0.46863997913678446,0.0412262156448203,0.19873150105708245,0.2074468085106383,3.535940803382664,7.324524312896406,0.4827536441044884,0.4711826835310992,1.736786469344609,2.1511627906976742,0.8073710073710074,0.5010570824524313,1.4217758985200846,1.9228329809725158,5.519027484143764,1.4249471458773784,0.05391120507399577,1.6733615221987315,1.5348837209302326,9.376321353065538,23271.0,3594,7669,39.0,188.0,3345.0,6929.0,1643,2035,474.0,1345.0,1819.0,5221,1348.0,51.0,1583.0,1452.0,8870,0.0,15.27356366292811,0.5173153710626961,0.02503927635254179,0.2633406385630183,2.1999312448970825,6.078522624726054,4.178948046925358,30.768523054445446,2.6802887714322545,0.13356967899961325,15.623827940354948,17.627433286064203,26.2,21.1,47.2,0.09734145502986552,0.36522280950539315,0.1814533109879249,0.5442095311761419,14.9,7.2269734863134385,15.373391775170814,0.07901250483434318,0.3798504576511538,6.70804004984745,13.92237548880581,3.2892999871084188,4.052825405010528,0.9327704009281937,2.710661338146191,3.64826178505436,10.455059945855357,2.6802887714322545,0.08778307765029436,3.161995616862189,2.927381719737012,17.77737527394611,108.20080787245928,107.75974388724163,,,,,,,,,,,,,,,,,,,,,,,,,,,,,,,,,,,0,0,1,0.0,0.0,0.0,0,0,0,0,0,0,0,0,0,0,0,0.0007857142857142856,0,0.0,0,0.0,0,0.0,0,0.0039,,,1978,1992,14,
Bernard King,kingbe01,79,205.0,1956-12-04,Tennessee,1978,1993,1977-10-18T00:00:00Z,True,14,NBA,"NJN, UTA, GSW, NYK, WSB, NJN",SF,874,547.0,33.6578947368421,8.958810068649885,17.287185354691076,0.5182341650671785,0.02631578947368421,0.15331807780320367,0.17164179104477612,7.2070938215102975,13.673913043478262,0.5270688645301649,0.5189953008140843,4.54462242562929,6.22883295194508,0.7296105804555474,1.9496567505720823,3.839816933638444,5.7894736842105265,3.2757437070938216,0.9908466819221968,0.2631578947368421,3.1933638443935926,3.30091533180778,22.488558352402745,29417.0,7830,15109,23.0,134.0,6299.0,11951.0,3972,5444,1704.0,3356.0,5060.0,2863,866.0,230.0,2791.0,2885.0,19655,2.0,19.182074990651664,0.5626888193901486,0.008428187782574701,0.36161406669612806,6.16325933983751,12.736893632933338,9.396359248053846,15.972284733317467,1.3889179726008771,0.43536050582996233,13.874300574497738,27.806652615834388,49.3,25.8,75.2,0.12296230071047352,2.501322364619098,-0.846190978005915,1.6625862596457832,27.000000000000004,12.615695006288878,24.344827820647925,0.03708059965326173,0.2228949247034028,10.333558826528877,19.637400142774585,6.418067783934458,8.776024067715946,2.7058809531903325,5.349797736002991,8.08316279702213,4.6403168236053975,1.3889179726008771,0.36338511744909396,4.494455586905532,4.637240371213923,31.679260291668086,108.07502464561308,107.41849950708774,,,,,,,,,,,,,,,,,,,,,,,,,,,,,,,,,,,0,0,4,0.0,0.1372857142857143,0.0,0,0,0,2,3,1,3,1,0,1,0,0.044571428571428574,0,0.08,0,0.0,0,0.0016666666666666668,0,0.0,,,1978,1993,14,
Jack Sikma,sikmaja01,83,230.0,1955-11-14,Illinois Wesleyan University,1978,1991,1977-10-19T00:00:00Z,True,14,NBA,"SEA, MIL",C,1107,985.0,33.37217705510388,5.777777777777778,12.458897922312557,0.46374709976798145,0.18337850045167117,0.5582655826558266,0.3284789644012945,4.85546522131888,10.287262872628727,0.47198805760449597,0.4711064385150812,3.877145438121048,4.564588979223125,0.8493963981792995,2.2962962962962963,7.4742547425474255,9.770551038843722,3.1508581752484193,1.0496838301716351,0.9467028003613369,2.3360433604336044,3.5040650406504064,15.616079494128275,36943.0,6396,13792,203.0,618.0,5375.0,11388.0,4292,5053,2542.0,8274.0,10816.0,3488,1162.0,1048.0,2586.0,3879.0,17287,3.0,17.301448176921202,0.5394188614893214,0.047859296754459574,0.3651875050753864,7.599607503451263,24.79087513196005,16.19081558075955,13.68026419078039,1.518956229867634,1.6251901578106815,13.95019083452887,20.60347021086539,51.9,60.50000000000001,112.4,0.14629174674498552,0.8572449449151395,1.1291476057710528,1.9573802885526352,37.0,8.324483664022955,17.917789567712422,0.2673253390358119,0.8080800151584875,7.0190753322686295,14.87169423165417,5.57911918360718,6.5626505697967135,3.2904041361015617,10.727271742955363,14.018766748775139,4.535849822699835,1.518956229867634,1.3552256178437052,3.344593021682051,5.023728446525729,22.453384944373763,109.138510678613,101.44230300733562,,,,,,,,,,,,,,,,,,,,,,,,,,,,,,,,,,,1,0,7,0.020214285714285712,0.0004285714285714286,0.0,0,1,0,0,0,0,1,1,0,1,0,0.007357142857142858,0,0.015,0,0.0,0,0.0,0,0.0,,,1978,1991,14,
Brad Davis,davisbr01,75,180.0,1955-12-17,Maryland,1978,1991,1977-10-21T00:00:00Z,False,14,NBA,"LAL, IND, UTA, DAL",PG,928,396.0,23.570043103448278,3.1594827586206895,6.178879310344827,0.5113358911754448,0.2855603448275862,0.8868534482758621,0.3219927095990279,2.8081896551724137,5.155172413793103,0.544732441471572,0.5344436693407744,1.7726293103448276,2.1400862068965516,0.8282980866062437,0.32004310344827586,1.5172413793103448,1.8372844827586208,5.0032327586206895,0.802801724137931,0.1540948275862069,1.4547413793103448,2.2435344827586206,8.377155172413794,21873.0,2932,5734,265.0,823.0,2606.0,4784.0,1645,1986,297.0,1408.0,1705.0,4643,745.0,143.0,1350.0,2082.0,7774,0.0,14.791153476889313,0.5883801947606637,0.14142426736158734,0.34875714351026377,1.508535637544004,7.22772367759338,4.357948155259909,28.56380011886801,1.646399670827047,0.3795181273716454,16.952530517075846,15.115557993873724,42.19999999999999,11.3,53.300000000000004,0.11755662231975494,0.6223791889544187,-0.37440223106112563,0.24711745073835317,12.5,6.505609655739954,12.723947332327528,0.5985415809445433,1.8483701366982124,5.7876651579572975,10.632414392172999,3.6230329630137614,4.3884012252548805,0.6516892973071824,3.134750605769671,3.7872856946920863,10.27458053307731,1.6476249257074933,0.31436931376583005,2.9952635669546934,4.636949663969278,17.24533900242308,117.93864581904631,111.26260686691354,,,,,,,,,,,,,,,,,,,,,,,,,,,,,,,,,,,0,0,0,0.0,0.0,0.0,0,0,0,0,0,0,0,0,0,0,0,0.0,0,0.0,0,0.0,0,0.0,0,0.0,,,1978,1992,14,
T.R. Dunn,dunntr01,76,192.0,1955-02-01,Alabama,1978,1991,1977-10-22T00:00:00Z,False,14,NBA,"POR, DEN, PHO, DEN",SG,993,457.0,23.24269889224572,2.0443101711983886,4.474320241691843,0.45689849200990323,0.0010070493454179255,0.02014098690835851,0.05,1.6948640483383686,3.6596173212487413,0.46312603192074847,0.4570110285842899,0.9788519637462235,1.350453172205438,0.7248322147651006,1.7411883182275931,2.6606243705941592,4.401812688821752,1.6424974823766365,1.3252769385699898,0.2537764350453172,0.8207452165156093,2.0866062437059414,5.068479355488419,23080.0,2030,4443,1.0,20.0,1683.0,3634.0,972,1341,1729.0,2642.0,4371.0,1631,1316.0,252.0,815.0,2072.0,5033,0.0,10.443045927209706,0.5021085788561526,0.004857582322357019,0.30892270363951474,7.730012998266897,12.317985268630851,9.98543760831889,8.172937608318891,2.546633448873483,0.5851516464471405,13.913578856152512,9.747261698440209,18.400000000000002,21.400000000000002,39.9,0.08278336221837089,-0.990736568457539,0.9520277296360486,-0.028392547660311948,11.299999999999999,3.9515381282495663,8.65452772963605,0.001880415944540728,0.02452772963604853,3.2589471403812826,7.03874350086655,1.8808232235701907,2.5823613518197575,3.353466204506066,5.1107712305026,8.461109185441941,3.177465337954939,2.546633448873483,0.4880372616984402,1.5949653379549396,3.9928986135181974,9.807383015597921,111.19787694974004,107.27474003466205,,,,,,,,,,,,,,,,,,,,,,,,,,,,,,,,,,,0,0,0,0.087,0.0,0.0,0,3,1,0,0,0,0,0,0,0,0,0.0,0,0.0,0,0.0,0,0.0,0,0.010222222222222223,,,1978,1991,14,
Tree Rollins,rollitr01,85,235.0,1955-06-16,Clemson,1978,1991,1977-10-22T00:00:00Z,False,14,NBA,"ATL, CLE, DET",C,959,499.0,23.172054223149114,2.5922836287799793,4.9436913451511995,0.5243619489559165,0.0,0.005213764337851929,0.0,2.018769551616267,3.8175182481751824,0.5288172630428845,0.5243619489559165,1.0333680917622523,1.4796663190823776,0.6983791402396053,2.096976016684046,4.5015641293013555,6.598540145985401,0.643378519290928,0.4984358706986444,2.4963503649635035,1.0364963503649636,3.264859228362878,6.217935349322211,22222.0,2486,4741,0.0,5.0,1936.0,3661.0,991,1419,2011.0,4317.0,6328.0,617,478.0,2394.0,994.0,3131.0,5963,4.0,13.97258122581226,0.5569055890558906,0.0011241112411124112,0.2998037530375304,9.88110431104311,21.509742597425973,15.655242552425523,3.833844838448385,1.0420844208442084,6.342079920799208,15.74375393753938,11.854527045270451,20.8,39.699999999999996,60.400000000000006,0.13090464404644042,-1.249977499774998,2.5775132751327514,1.329880298802988,18.799999999999997,5.4568985689856895,10.365705157051568,0.0,0.005656556565565656,4.299621996219962,8.09019890198902,2.1716092160921607,3.101008010080101,4.396440464404644,9.461331113311134,13.868747187471874,1.3417019170191702,1.0420844208442084,5.236661866618666,2.1788632886328867,6.866258662586626,13.05379803798038,110.11772117721178,100.02385023850239,,,,,,,,,,,,,,,,,,,,,,,,,,,,,,,,,,,0,0,0,0.06057142857142857,0.0,0.0,1,2,0,0,0,0,0,0,0,1,0,0.0,0,0.0,0,0.0,0,0.0,0,0.016222222222222225,,,1978,1995,14,
Maurice Cheeks,cheekma01,73,180.0,1956-09-08,West Texas A&M University,1979,1992,1978-10-13T00:00:00Z,True,14,NBA,"PHI, SAS, NYK, ATL",PG,1066,978.0,32.209193245778614,4.554409005628518,8.706378986866792,0.5231117336493912,0.04878048780487805,0.1894934333958724,0.25742574257425743,4.2317073170731705,7.980300187617261,0.5302691900787587,0.5259131559099235,2.1641651031894935,2.730769230769231,0.7925111645482652,0.6641651031894934,2.193245778611632,2.8574108818011257,6.833958724202627,2.1360225140712945,0.27392120075046905,2.096622889305816,2.0853658536585367,11.321763602251407,34335.0,4855,9281,52.0,202.0,4511.0,8507.0,2307,2911,708.0,2338.0,3046.0,7285,2277.0,292.0,2235.0,2223.0,12069,1.0,16.543527013251783,0.5704683559050531,0.021813251783893987,0.31176272025629825,2.356959370904325,7.360652395514779,4.91263142565895,29.151877093344982,3.1710324741517404,0.49325760885393916,17.482091160623273,15.280099024319206,60.199999999999996,41.9,102.1,0.14273644968690838,1.2541459152468328,1.5834629386922967,2.8344488131644097,41.800000000000004,6.798788408329694,12.983264890053881,0.08637541866899665,0.2910412115916703,6.334320664045435,11.952296490461627,3.2394990534440073,4.068326780253385,0.9889354885685162,3.2800990243192083,4.2397844764817245,10.174477937964177,3.1710324741517404,0.4037833114897335,3.1039434978884524,3.0714081840687344,16.883663899810685,115.61307703509539,105.38468035532256,,,,,,,,,,,,,,,,,,,,,,,,,,,,,,,,,,,1,0,4,0.18457142857142858,0.013714285714285715,0.0,4,5,3,0,0,0,2,0,0,1,0,0.0,0,0.0,0,0.0,0,0.0,0,0.0274,,,1979,1993,14,
John Long,longjo01,77,195.0,1956-08-28,Detroit Mercy,1979,1997,1978-10-13T00:00:00Z,False,14,NBA,"DET, IND, DET, ATL, DET, TOR",SG,893,432.0,25.39753639417693,5.720044792833146,12.238521836506159,0.4673803641687254,0.11310190369540873,0.3516237402015677,0.321656050955414,4.956326987681971,10.498320268756999,0.4721066666666667,0.472001097996157,2.0313549832026876,2.3561030235162375,0.8621673003802282,1.1175811870100785,1.6730123180291154,2.790593505039194,1.946248600223964,1.0212765957446808,0.20156774916013437,1.7413213885778276,2.091825307950728,13.584546472564389,22680.0,5108,10929,101.0,314.0,4426.0,9375.0,1814,2104,998.0,1494.0,2492.0,1738,912.0,180.0,1555.0,1868.0,12131,0.0,14.21001322751323,0.5111380952380952,0.03183434744268077,0.1928593474426808,4.627914462081129,7.295264550264551,5.917460317460318,11.400903880070548,1.8767239858906528,0.4334567901234568,11.64657848324515,23.489126984126987,15.700000000000001,16.4,32.1,0.06778298059964726,-0.5437522045855379,-0.8017857142857143,-1.3475308641975308,3.6999999999999997,10.495136684303352,22.49145061728395,0.2099074074074074,0.6714726631393299,9.136560846560847,19.372411816578484,3.7497619047619044,4.352032627865961,2.050436507936508,3.0913712522045858,5.134845679012345,3.6070811287477955,1.8767239858906528,0.3709832451499118,3.2147883597883595,3.8569356261022936,24.944673721340386,103.39814814814815,109.29929453262787,19.0,70.0,11.0,0.0,0.0,-10.7,-8.1,16.0,2.0,3.0,1.0,9.0,,43.0,1.0,7.0,17.3,0.162,0.05099999999999999,0.094,0.402,0.291,0.263,0.5,0.36400000000000005,0.46799999999999997,0.794,1.0,0.0,0.0,0.265,0.222,0.0,0.0,1,0,0,0.0,0.0,0.0,0,0,0,0,0,0,0,0,0,1,0,0.0,0,0.0,0,0.0,0,0.0,0,0.0,,,1979,1997,14,0.709
Wayne Cooper,coopewa01,82,220.0,1956-11-16,New Orleans,1979,1992,1978-10-14T00:00:00Z,False,14,NBA,"GSW, UTA, DAL, POR, DEN, POR",C,984,461.0,20.603658536585368,3.2947154471544717,7.215447154471545,0.45661971830985915,0.007113821138211382,0.04878048780487805,0.14583333333333334,3.157520325203252,6.8689024390243905,0.45968338511614143,0.45711267605633804,1.306910569105691,1.7754065040650406,0.7361190612478534,2.1839430894308944,4.010162601626016,6.194105691056911,0.8658536585365854,0.2997967479674797,1.559959349593496,1.2002032520325203,3.1951219512195124,7.903455284552845,20274.0,3242,7100,7.0,48.0,3107.0,6759.0,1286,1747,2149.0,3946.0,6095.0,852,295.0,1535.0,1181.0,3144.0,7777,0.0,13.384926506856072,0.49227019828351576,0.006893459603432969,0.2424406629180231,11.245486830423204,21.92904705534182,16.425224425372402,5.608025056722897,0.6693153793035415,4.326985301371216,13.016997139193053,17.763904508237154,10.099999999999998,26.6,37.00000000000001,0.08745881424484563,-2.292310348229259,0.010412350794120544,-2.2812863766400318,-1.4000000000000001,7.447523922264971,16.32366577883003,0.010417283219887542,0.10152905198776759,7.122891387984611,15.537604814047553,2.950828647528855,4.036672585577587,4.935740357107625,9.059978297326625,14.001810200256486,1.968471934497386,0.6693153793035415,3.4908996744598992,2.7335158330867126,7.227005031074283,17.884221169971394,103.28578474893953,104.48860609647825,,,,,,,,,,,,,,,,,,,,,,,,,,,,,,,,,,,0,0,0,0.0,0.0,0.0,0,0,0,0,0,0,0,0,0,1,0,0.0,0,0.0,0,0.0,0,0.0,0,0.0,,,1979,1992,14,
Bill Cartwright,cartwbi01,85,245.0,1957-07-30,San Francisco,1980,1994,1979-10-12T00:00:00Z,False,14,NBA,"NYK, CHI",C,934,739.0,28.97323340471092,4.95610278372591,9.420770877944326,0.5260825093760655,0.0,0.0021413276231263384,0.0,4.95610278372591,9.4186295503212,0.5262021143571672,0.5260825093760655,3.6252676659528906,4.698072805139186,0.7716499544211486,1.9132762312633833,4.5310492505353315,6.444325481798715,1.4775160599571735,0.4860813704496788,0.7119914346895075,2.006423982869379,2.9582441113490363,13.537473233404711,27061.0,4629,8799,0.0,2.0,4629.0,8797.0,3386,4388,1787.0,4232.0,6019.0,1380,454.0,665.0,1874.0,2763.0,12644,0.0,15.32138132367614,0.5837908798640109,0.00019999260929012234,0.4954329847381842,7.600118251358044,18.162854292154762,12.849406895532315,7.15915893721592,0.8171094933668378,1.4646169764605887,14.867562174346848,19.354399320054693,43.6,29.099999999999998,72.6,0.12870182180998482,0.001459665200842541,-0.5389010014411885,-0.5256679354051957,10.299999999999999,8.287934666124682,15.807686338272793,0.0,0.0,8.287934666124682,15.79687742507668,6.054558220317062,7.846469088355938,3.216196740696944,7.5917519677765055,10.83898229924984,2.498133845755885,0.8171094933668378,1.167329366985699,3.3629540667381104,4.997106537082887,22.654986881489965,112.09914637300913,106.48778685192713,,,,,,,,,,,,,,,,,,,,,,,,,,,,,,,,,,,3,0,1,0.0,0.0,0.07142857142857142,0,0,0,0,0,0,0,1,0,1,0,0.0,0,0.0,0,0.0,0,0.0,0,0.0,,,1980,1995,14,
James Donaldson,donalja01,86,275.0,1957-08-16,Washington State,1981,1995,1980-10-10T00:00:00Z,False,14,NBA,"SEA, SDC, LAC, DAL, NYK, UTA",C,957,659.0,27.400208986415883,3.2445141065830723,5.686520376175548,0.5705622932745315,0.0,0.0,,3.2445141065830723,5.686520376175548,0.5705622932745315,0.5705622932745315,2.0825496342737724,2.844305120167189,0.7321822189566495,2.152560083594566,5.6760710553814,7.828631138975966,0.799373040752351,0.3510971786833856,1.3239289446185998,1.5193312434691746,2.115987460815047,8.571577847439917,26222.0,3105,5442,0.0,0.0,3105.0,5442.0,1993,2722,2060.0,5432.0,7492.0,765,336.0,1267.0,1454.0,2025.0,8203,0.0,13.78738845244451,0.6178015406910228,0.0,0.501465906490733,8.798524140035084,22.519342536801158,15.796922431546033,3.9093852490275345,0.6372397223705286,2.7455800472885366,17.799908473800627,12.846064373426893,31.400000000000002,30.799999999999997,62.099999999999994,0.11405224620547631,-0.38635878270154833,0.24139653725879032,-0.12587521928151932,12.4,5.766939974067576,10.109602623751048,0.0,0.0,5.766939974067576,10.109602623751048,3.6762031881626114,5.026100221188315,3.8301922050186867,10.083265959881015,13.891358401342385,1.429486690565174,0.6372397223705286,2.327549386011746,2.6951452978415067,3.7460376782854095,15.176943024940892,114.69170925177332,106.34181221874762,,,,,,,,,,,,,,,,,,,,,,,,,,,,,,,,,,,0,0,1,0.0,0.0004285714285714286,0.0,0,0,0,0,0,0,1,0,0,0,0,0.0,0,0.0,0,0.0,0,0.008555555555555556,0,0.0,,,1981,1995,14,
Mike Gminski,gminsmi01,83,250.0,1959-08-03,Duke,1981,1994,1980-10-10T00:00:00Z,False,14,NBA,"NJN, PHI, CHH, MIL",C,938,547.0,25.64818763326226,4.486140724946695,9.64498933901919,0.4651265612910357,0.006396588486140725,0.05223880597014925,0.12244897959183673,4.479744136460554,9.59275053304904,0.4669926650366748,0.4654581629269371,2.6982942430703623,3.2004264392324093,0.8431045969353764,2.2196162046908317,4.688699360341151,6.908315565031983,1.2825159914712154,0.5405117270788913,1.0543710021321961,1.4584221748400852,1.6780383795309168,11.676972281449894,24058.0,4208,9047,6.0,49.0,4202.0,8998.0,2531,3002,2082.0,4398.0,6480.0,1203,507.0,989.0,1368.0,1574.0,10953,0.0,16.3008396375426,0.5284513259622579,0.005345373680272674,0.3347039238506941,9.713617092027599,20.850943553080057,15.208026436112728,7.1595976390389895,1.0014839138748028,2.4156122703466623,11.65004572283648,19.973430875384484,29.0,26.799999999999997,55.699999999999996,0.11141117299858674,0.6653628730567795,-0.5254842464045223,0.1290880372433286,13.2,8.383252971984373,18.022645273921356,0.013126610690830496,0.0850278493640369,8.360998420483831,17.90621414913958,5.017316485160861,5.945477595810125,4.1485701222046725,8.771776540028265,12.910578601712526,2.3946919943469944,1.0014839138748028,1.9674494970487988,2.715342089949289,3.1078310749023195,21.803420899492895,109.31049962590407,106.8476598220966,,,,,,,,,,,,,,,,,,,,,,,,,,,,,,,,,,,0,0,0,0.0,0.0,0.0,0,0,0,0,0,0,0,0,0,0,0,0.0,0,0.0,0,0.0,0,0.0,0,0.0,,,1981,1994,14,
Bill Laimbeer,laimbbi01,83,245.0,1957-05-19,Notre Dame,1981,1994,1980-10-10T00:00:00Z,False,14,NBA,"CLE, DET",C,1068,861.0,31.794007490636705,5.219101123595506,10.485018726591761,0.49776745847472764,0.1891385767790262,0.5795880149812734,0.3263327948303716,5.0299625468164795,9.905430711610487,0.507798468664335,0.506786926236828,2.284644194756554,2.730337078651685,0.8367626886145405,2.6395131086142323,7.098314606741573,9.737827715355806,2.044943820224719,0.6647940074906367,0.903558052434457,1.4925093632958801,3.401685393258427,12.911985018726591,33956.0,5574,11198,202.0,619.0,5372.0,10579.0,2440,2916,2819.0,7581.0,10400.0,2184,710.0,965.0,1594.0,3633.0,13790,0.0,16.071433619978798,0.5516223936859466,0.05827329485216163,0.25907409588879726,8.882845447049123,24.616565555424668,16.706149134173636,8.940773353751911,1.0091206266933679,1.6617033808458006,11.39056131464248,16.894860996583816,56.4,49.199999999999996,105.60000000000001,0.14910725644952288,0.6475144304393922,0.7576805277417835,1.4221168571092002,29.2,7.9183384379785595,15.940078336670988,0.3102838968076334,0.9113352573919189,7.613146424785016,15.019557662857816,3.448562846036046,4.117113323124042,3.97024089998822,10.763543998115209,14.737439627753565,3.1349098833784894,1.0091206266933679,1.3699581811756392,2.2656202143950996,5.169413358463895,19.60152550359288,115.20617858404995,104.01599128283661,,,,,,,,,,,,,,,,,,,,,,,,,,,,,,,,,,,2,0,4,0.0013571428571428571,0.0004285714285714286,0.0,0,0,1,0,0,0,1,0,0,0,0,0.0008571428571428572,0,0.0,0,0.0,0,0.0,0,0.0010833333333333333,,,1981,1994,14,
Rick Mahorn,mahorri01,82,240.0,1958-09-21,Hampton,1981,1995,1980-10-10T00:00:00Z,False,14,NBA,"WSB, DET, PHI, NJN",PF,970,606.0,25.027835051546393,3.0628865979381446,6.1474226804123715,0.4982391413717927,0.005154639175257732,0.03711340206185567,0.1388888888888889,3.0577319587628864,6.110309278350515,0.500421798549013,0.4986583934261278,1.531958762886598,2.172164948453608,0.7052681537731371,1.7443298969072165,5.0350515463917525,6.779381443298969,1.0752577319587628,0.6144329896907217,1.01340206185567,1.4154639175257733,3.3484536082474228,7.662886597938145,24277.0,2971,5963,5.0,36.0,2966.0,5927.0,1486,2107,1692.0,4884.0,6576.0,1043,596.0,983.0,1373.0,3248.0,7433,0.0,11.83527206821271,0.5393254108827285,0.006061004242698851,0.356214441652593,7.786209169172466,22.210301931869672,15.040462165835976,5.8726119372245345,1.200823825019566,2.359793219920089,16.78385302961651,14.25443835729291,11.100000000000001,39.20000000000001,50.3,0.09955295135313261,-2.3592371380318817,1.3314577583721217,-1.0341928574370804,5.800000000000001,5.991127404539276,11.989986406887178,0.0025950488116324093,0.06865757713061746,5.966655682333072,11.905589652757754,2.996725295547226,4.236853812250278,3.4106602957531824,9.827581661655064,13.214396342216913,2.083469950982411,1.200823825019566,1.9696296906537054,2.7587593195205335,6.502125468550479,14.960773571693373,103.85727231536022,102.5632079746262,,,,,,,,,,,,,,,,,,,,,,,,,,,,,,,,,,,1,0,0,0.02378571428571429,0.00014285714285714287,0.0,0,1,1,0,0,0,1,0,0,0,0,0.0,0,0.0,0,0.0,0,0.0,0,0.0,,,1981,1999,14,
Eddie Johnson,johnsed03,79,215.0,1959-05-01,Illinois,1982,1996,1981-10-30T00:00:00Z,False,14,NBA,"KCK, SAC, PHO, SEA, CHH, IND",SF,1069,476.0,28.234798877455567,6.860617399438728,14.445275958840037,0.47493847947157103,0.41814780168381666,1.2619270346117868,0.3313565604151223,6.442469597754911,13.18334892422825,0.48868232455829136,0.4894119932651211,2.823199251637044,3.3564078578110386,0.8411371237458194,1.598690364826941,2.64733395696913,4.246024321796071,2.253507951356408,0.64733395696913,0.1637043966323667,1.8381665107577174,2.6089803554724043,16.962581852198316,30183.0,7334,15442,447.0,1349.0,6887.0,14093.0,3018,3588,1709.0,2830.0,4539.0,2409,692.0,175.0,1965.0,2789.0,18133,1.0,16.12788655865885,0.5318399098830467,0.08752903952556075,0.2323117980320048,6.375042242321838,10.516956564953782,8.47014875923533,12.292837027465794,1.1024815293377066,0.3295828777788821,10.370877646357222,25.610893549348965,43.99999999999999,17.8,61.7,0.09813245866878707,1.2232349335718782,-1.7655932147235198,-0.5808137030778915,11.100000000000001,11.573024550243515,24.367031110227614,0.7125037272636916,2.16503992313554,10.852175065434185,22.21670808070768,4.759023291256668,5.668455753238578,2.6738495179405626,4.4668985852963585,7.1571911340821,3.7696153463870385,1.1024815293377066,0.2687340555942086,3.0901070138819864,4.406553357850446,28.614733459232017,108.84517774906405,111.18112844978961,,,,,,,,,,,,,,,,,,,,,,,,,,,,,,,,,,,0,0,0,0.0,0.00028571428571428574,0.0,0,0,0,0,0,0,2,0,0,0,0,0.0,0,0.0,1,0.044833333333333336,0,0.0,0,0.0,,,1982,1999,14,
Alton Lister,listeal01,84,240.0,1958-10-01,Arizona State,1982,1996,1981-10-30T00:00:00Z,False,14,NBA,"MIL, SEA, GSW, MIL, BOS",C,893,580.0,20.61030235162374,2.7760358342665175,5.399776035834266,0.5141020323517212,0.0011198208286674132,0.010078387458006719,0.1111111111111111,2.77491601343785,5.38969764837626,0.5148555994182422,0.5142057237660722,1.395296752519597,2.346024636058231,0.5947494033412888,1.9888017917133258,4.525195968645017,6.513997760358342,1.007838745800672,0.3829787234042553,1.6326987681970884,1.587905935050392,3.440089585666293,6.948488241881299,18405.0,2479,4822,1.0,9.0,2478.0,4813.0,1246,2095,1776.0,4041.0,5817.0,900,342.0,1458.0,1418.0,3072.0,6205,0.0,13.02542243955447,0.5385499049171422,0.0020573757131214345,0.44405976636783484,10.834474327628364,24.445677804944314,17.679032871502308,6.51587068731323,0.8901276826949198,4.719559902200489,19.81768541157294,15.82600923662048,5.5,30.7,36.3,0.09467612061939691,-2.5788698723173056,1.3529258353708231,-1.1912306438467808,3.7000000000000006,6.452458571040478,12.566628633523498,0.0,0.0262972018473241,6.442613420266231,12.520537897310511,3.2424612876935615,5.457766911165444,4.643770714479761,10.559923933713666,15.197076881282257,2.334713393099701,0.8901276826949198,3.800325998370008,3.7021841890790554,8.030095082857919,16.15797337679978,101.81792991035044,102.10078782939419,,,,,,,,,,,,,,,,,,,,,,,,,,,,,,,,,,,0,0,0,0.0,0.0,0.0,0,0,0,0,0,0,0,0,0,0,0,0.0005,0,0.0,0,0.0,0,0.0,0,0.0,,,1982,1998,14,
Danny Schayes,schayda01,83,235.0,1959-05-10,Syracuse,1982,1995,1981-10-30T00:00:00Z,False,14,NBA,"UTA, DEN, MIL, LAL, PHO",C,968,381.0,20.269628099173552,2.8398760330578514,5.799586776859504,0.48966868542928393,0.004132231404958678,0.029958677685950414,0.13793103448275862,2.8357438016528924,5.769628099173554,0.4914950760966876,0.49002493765586036,2.696280991735537,3.34297520661157,0.8065512978986403,1.703512396694215,3.669421487603306,5.37293388429752,1.2685950413223142,0.515495867768595,0.7985537190082644,1.5010330578512396,3.259297520661157,8.380165289256198,19621.0,2749,5614,4.0,29.0,2745.0,5585.0,2610,3236,1649.0,3552.0,5201.0,1228,499.0,773.0,1453.0,3155.0,8112,1.0,13.894755618979664,0.5737463432037103,0.005046327913969727,0.5823341317975639,8.752382651241017,20.04185821313898,14.224004892716987,8.087691758829825,1.17169869017889,2.2658325263748025,16.958498547474644,17.150726262677743,24.1,21.7,45.59999999999999,0.11190851638550535,-1.7767850772131897,0.0004434024769379538,-1.7721064165944647,1.2000000000000002,6.469721217063351,13.228382855104224,0.013969726313643547,0.06023648132103359,6.455751490749707,13.159716630141174,6.110942357677998,7.591162529942409,3.878410886295296,8.348386932368381,12.224096631160492,2.8929412364303557,1.17169869017889,1.8088323734773961,3.407889506141379,7.402145660261962,19.05447224912084,110.71902553386677,106.94531369451099,,,,,,,,,,,,,,,,,,,,,,,,,,,,,,,,,,,0,0,0,0.0,0.0,0.0,0,0,0,0,0,0,0,0,0,0,0,0.0,0,0.0,0,0.0,0,0.0,0,0.0,,,1982,1999,14,
Buck Williams,willibu01,80,215.0,1960-03-08,Maryland,1982,1995,1981-10-30T00:00:00Z,False,14,NBA,"NJN, POR",PF,1122,1120.0,34.36541889483066,5.313725490196078,9.627450980392156,0.5519348268839104,0.00267379679144385,0.023172905525846704,0.11538461538461539,5.311051693404635,9.60427807486631,0.5529881217520416,0.5520736900573968,3.2789661319073082,4.9393939393939394,0.6638397690364489,3.6746880570409983,7.049910873440285,10.724598930481283,1.3636363636363635,0.8761140819964349,0.8912655971479501,2.2967914438502675,3.371657754010695,13.909090909090908,38558.0,5962,10802,3.0,26.0,5959.0,10776.0,3679,5542,4123.0,7910.0,12033.0,1530,983.0,1000.0,2577.0,3783.0,15606,0.0,15.587486384148553,0.5897593495513254,0.002238679392084652,0.5100540743814513,11.778059027957882,23.30321852793195,17.446262772965405,5.526202085170392,1.2234711343949376,1.5545904870584573,16.10927174645988,16.586879506198454,53.9,55.199999999999996,109.3,0.1359089683074848,0.18029980808133197,-0.07856216608745265,0.10737330774417757,20.4,7.356413714404275,13.330387986928782,0.0,0.03006379998962602,7.356413714404275,13.28008454795373,4.542745993049433,6.825688573058768,5.092504797966699,9.748781057108772,14.848801805072876,1.8813864827013849,1.2234711343949376,1.2366175631516156,3.17147154935422,4.679394678147206,19.25302401576845,113.30349084496083,104.28964157892007,,,,,,,,,,,,,,,,,,,,,,,,,,,,,,,,,,,0,0,3,0.15414285714285714,0.03214285714285715,0.06492857142857143,2,4,9,0,1,0,6,1,0,1,0,0.0045,1,0.478,0,0.0,0,0.0,0,0.003307692307692308,,,1982,1998,14,
Herb Williams,willihe01,83,260.0,1958-02-16,Ohio State,1982,1995,1981-10-30T00:00:00Z,False,14,NBA,"IND, DAL, NYK",C,1004,603.0,27.407370517928285,4.915338645418327,10.49003984063745,0.4685719711355868,0.0069721115537848604,0.07868525896414343,0.08860759493670886,4.908366533864542,10.411354581673306,0.47144360470678276,0.4689042916824915,1.8356573705179282,2.6304780876494025,0.697841726618705,1.5846613545816732,4.743027888446215,6.327689243027889,1.8127490039840637,0.5786852589641435,1.549800796812749,1.8874501992031874,2.7320717131474104,11.673306772908367,27517.0,4935,10532,7.0,79.0,4928.0,10453.0,1843,2641,1591.0,4762.0,6353.0,1820,581.0,1556.0,1895.0,2743.0,11720,0.0,13.839909873896133,0.4982304393647563,0.007448122978522368,0.24876668968274154,6.3267361994403455,19.00341607006578,12.633866337173385,9.817730857288222,1.0246865574008794,3.3554457244612426,13.869891339898974,20.563611585565283,-0.4999999999999998,35.6,35.2,0.06159152523894319,-1.475923974270451,0.6514082203728604,-0.82703783115892,8.200000000000001,8.682705236762729,18.541639713631575,0.0,0.13175491514336593,8.674430352145945,18.418326852491187,3.2255224043318673,4.631137115237853,2.811091325362503,8.40028346113312,11.199603881237053,3.16939346585747,1.0246865574008794,2.739070392848058,3.315474070574554,4.879136533779118,20.606566849583896,98.38779663480757,105.18286877203184,,,,,,,,,,,,,,,,,,,,,,,,,,,,,,,,,,,0,0,0,0.0,0.0,0.0032142857142857142,0,0,0,0,0,0,0,0,0,1,0,0.0,0,0.0,0,0.0,0,0.0,0,0.0,,,1982,1999,14,
Tom Chambers,chambto01,82,220.0,1959-06-21,Utah,1982,1995,1981-10-31T00:00:00Z,False,14,NBA,"SDC, SEA, PHO, UTA",PF,1094,738.0,30.922303473491773,6.735831809872029,14.36563071297989,0.4688852125222703,0.2056672760511883,0.6736745886654479,0.30529172320217096,6.530164533820841,13.691956124314443,0.47693437479137457,0.47604352252481547,4.626142595978062,5.729433272394881,0.8074345883854499,1.7723948811700183,4.340036563071298,6.112431444241317,2.083180987202925,0.8062157221206582,0.573126142595978,2.320840950639854,3.4058500914076784,18.30347349177331,33829.0,7369,15716,225.0,737.0,7144.0,14979.0,5061,6268,1939.0,4748.0,6687.0,2279,882.0,627.0,2539.0,3726.0,20024,0.0,16.563995388571936,0.5414229211623164,0.04511224097667682,0.40037027402524467,6.5090454935114845,15.66709332229744,11.156711697064647,10.105158296136452,1.2493215879866388,1.1014839339028646,12.096225132282955,25.44465990718023,47.199999999999996,32.3,79.3,0.1125271512607526,0.3417777646398062,-0.8848916610009163,-0.5622010700877944,12.3,10.425569777409914,22.236598776197937,0.31360371279080085,1.0369416772591562,10.109873185728222,21.206343669632563,7.168988146265039,8.85251707115197,2.739758786839694,6.731053238345798,9.473640958940553,3.226090041089006,1.2493215879866388,0.8784415737976293,3.5896449791598926,5.296671494871266,28.33847290786012,108.35779952112094,108.07673889266606,,,,,,,,,,,,,,,,,,,,,,,,,,,,,,,,,,,0,0,4,0.0,0.06599999999999999,0.0325,0,0,0,0,2,2,3,0,0,1,0,0.0026428571428571425,0,0.0,0,0.0008333333333333334,0,0.0,0,0.0,,,1982,1998,14,
Kurt Rambis,rambiku01,80,213.0,1958-02-25,Santa Clara,1982,1995,1981-11-03T00:00:00Z,False,14,NBA,"LAL, CHH, PHO, SAC, LAL",PF,880,462.0,18.52159090909091,2.047727272727273,3.8363636363636364,0.5337677725118484,0.0,0.015909090909090907,0.0,2.047727272727273,3.8204545454545453,0.535990481856038,0.5337677725118484,1.1352272727272728,1.6477272727272727,0.6889655172413793,1.8636363636363635,3.7738636363636364,5.6375,1.0579545454545454,0.8647727272727272,0.5181818181818182,1.1738636363636363,2.3136363636363635,5.230681818181818,16299.0,1802,3376,0.0,14.0,1802.0,3362.0,999,1450,1640.0,3321.0,4961.0,931,761.0,456.0,1033.0,2036.0,4603,0.0,13.100325173323515,0.5737632983618627,0.004271304988036077,0.43539345972145527,11.562973188539173,21.969611632615504,16.94157923799006,7.1181115405853115,2.206558684581876,1.5866985704644458,20.595447573470764,12.601969445978279,14.1,24.60000000000001,38.400000000000006,0.11291582305662924,-1.0494692925946378,1.0104423584268973,-0.05614454874532181,8.0,5.247107184489846,9.816258666175838,0.0,0.050923369531873125,5.247107184489846,9.772096447634825,2.907024970857108,4.209417755690534,4.774949383397754,9.647825019939873,14.410675501564512,2.711491502546168,2.206558684581876,1.3186943984293513,3.0001840603718017,5.923117982698326,13.373372599545984,109.15970304926682,103.61267562427143,,,,,,,,,,,,,,,,,,,,,,,,,,,,,,,,,,,4,0,0,0.0,0.0,0.0,0,0,0,0,0,0,0,0,0,0,0,0.0,0,0.0,0,0.0,0,0.0,0,0.0,,,1982,1995,14,
Danny Ainge,aingeda01,77,185.0,1959-03-17,BYU,1982,1995,1981-12-09T00:00:00Z,False,14,NBA,"BOS, SAC, POR, PHO",SG,1042,508.0,26.636276391554702,4.455854126679463,9.505758157389636,0.46875315497223624,0.9616122840690979,2.5441458733205375,0.37797057714070165,3.4942418426103647,6.961612284069098,0.5019299696719052,0.5193336698637052,1.6084452975047985,1.9001919385796544,0.8464646464646465,0.6669865642994242,1.989443378119002,2.656429942418426,4.029750479846449,1.0873320537428024,0.12667946257197696,1.5028790786948176,2.446257197696737,11.48176583493282,27755.0,4643,9905,1002.0,2651.0,3641.0,7254.0,1676,1980,695.0,2073.0,2768.0,4199,1133.0,132.0,1566.0,2549.0,11964,1.0,14.73962889569447,0.5567090614303729,0.2635545667447307,0.19837283372365339,2.8725130607097817,8.128679517204107,5.586449288416501,20.808528193118356,1.9811133129165917,0.2835489101062872,12.805631417762564,18.488495766528555,45.599999999999994,25.900000000000006,71.50000000000001,0.12365508917312196,0.8672707620248603,0.2666618627274365,1.1121851918573231,21.900000000000002,8.07721491623131,17.23903080526031,1.767022158169699,4.650365699873896,6.306330390920555,12.599679337056388,2.925865609800036,3.4596541163754284,1.2163069717168078,3.6195640425148623,4.801192577913889,7.321960007205909,1.9811133129165917,0.2408142676995136,2.7217366240317062,4.42311295262115,20.83869573049901,114.25444064132589,108.57751756440281,,,,,,,,,,,,,,,,,,,,,,,,,,,,,,,,,,,2,0,1,0.0,0.00014285714285714287,0.0,0,0,0,0,0,0,1,0,0,0,0,0.0,0,0.0,0,0.005166666666666667,0,0.0,0,0.0,,,1982,1995,14,
Dominique Wilkins,wilkido01,80,215.0,1960-01-12,Georgia,1983,1997,1982-10-29T00:00:00Z,True,14,NBA,"ATL, LAC, BOS, SAS",SF,1047,993.0,36.161413562559694,9.46800382043935,20.493791786055397,0.461993754951764,0.6743075453677173,2.1127029608404966,0.3191681735985534,8.793696275071634,18.3810888252149,0.4784099766173032,0.47844526261825976,5.732569245463228,7.063992359121299,0.8115197404002163,2.7889207258834765,3.9904489016236866,6.7793696275071635,2.541547277936963,1.3123209169054442,0.612225405921681,2.5272206303724927,1.950334288443171,25.342884431709646,37861.0,9913,21457,706.0,2212.0,9207.0,19245.0,6002,7396,2920.0,4178.0,7098.0,2661,1374.0,641.0,2646.0,2042.0,26534,0.0,21.60707588283458,0.5363301814532105,0.10434613454478225,0.3431727899421569,8.469047304614248,12.414854335595997,10.39565251842265,12.052489369007686,1.778716885449407,1.024212250072634,9.751992815826311,30.25425635878609,82.39999999999998,34.99999999999999,117.40000000000002,0.1485548981801854,4.345656480283141,-1.055209846543937,3.299197062940757,50.6,12.956374633527902,28.042344364913767,0.9235334513087347,2.9373075196112093,12.009933704867807,25.13213068857135,7.839116769234832,9.681574707482634,3.830807427167798,5.4647605715644065,9.291841208631574,3.469897783999366,1.778716885449407,0.834375742848842,3.4652703309474138,2.6753123266686036,34.6966350598241,111.39534085206412,108.47632128047331,0.0,3.0,54.0,42.0,1.0,-11.0,-4.0,60.0,20.0,30.0,16.0,146.0,,255.0,31.0,72.0,12.7,0.433,0.103,0.11,0.103,0.251,0.513,0.418,0.343,0.38799999999999996,0.505,0.914,0.052,43.0,0.075,0.444,0.0,0.0,0,0,9,0.0,0.2609285714285714,0.07142857142857142,0,0,0,1,5,4,9,1,0,1,0,0.060357142857142866,0,0.0,0,0.0006923076923076923,0,0.007545454545454546,0,0.0,,,1983,1999,14,0.749
Terry Cummings,cummite01,81,220.0,1961-03-15,DePaul,1983,1996,1982-11-05T00:00:00Z,False,14,NBA,"SDC, MIL, SAS, MIL",PF,992,809.0,30.721774193548388,7.487903225806452,15.403225806451612,0.4861256544502618,0.04032258064516129,0.1431451612903226,0.28169014084507044,7.44758064516129,15.26008064516129,0.48804333465451183,0.487434554973822,3.1139112903225805,4.413306451612903,0.7055733211512106,2.899193548387097,4.965725806451613,7.86491935483871,2.0413306451612905,1.1340725806451613,0.6199596774193549,2.035282258064516,3.3266129032258065,18.130040322580644,30476.0,7428,15280,40.0,142.0,7388.0,15138.0,3089,4378,2876.0,4926.0,7802.0,2025,1125.0,615.0,2019.0,3300.0,17985,1.0,18.69034978343615,0.5207262107888174,0.009378199238745244,0.2849825764536028,10.68102441265258,18.210152250951573,14.434151463446646,10.685358970993569,1.793512928205801,1.2288948680929257,10.531441134007085,26.046055912849457,42.599999999999994,40.800000000000004,83.59999999999998,0.13146994356214725,1.34292558078488,-0.43003346895918104,0.9026118913243208,22.4,11.832619110119438,24.377477359233495,0.05849192807455047,0.22502953143457147,11.77412718204489,24.14728310801942,4.917771361071007,6.965228376427354,4.59333902086888,7.881926762042263,12.49124885155532,3.246849980312377,1.793512928205801,0.9793640897755612,3.245202782517391,5.3025068906680675,28.65088922430765,108.25108281926762,104.99255151594697,,,,,,,,,,,,,,,,,,,,,,,,,,,,,,,,,,,0,0,2,0.0,0.05642857142857143,0.07142857142857142,0,0,0,0,1,1,4,1,0,1,0,0.0145,1,0.811,0,0.0,0,0.0,0,0.0,,,1983,2000,14,
Ricky Pierce,piercri01,76,205.0,1959-08-19,"Walla Walla Community College, Rice University",1983,1996,1982-11-05T00:00:00Z,False,14,NBA,"DET, SDC, MIL, SEA, GSW, IND",SG,870,242.0,25.25632183908046,5.862068965517241,11.82183908045977,0.49586776859504134,0.28735632183908044,0.9333333333333333,0.3078817733990148,5.574712643678161,10.888505747126437,0.5119814208803969,0.5080213903743316,3.6862068965517243,4.211494252873563,0.8752729257641921,0.9298850574712644,1.5183908045977013,2.4482758620689653,1.967816091954023,0.8402298850574713,0.15862068965517243,1.567816091954023,2.391954022988506,15.697701149425287,21973.0,5100,10285,250.0,812.0,4850.0,9473.0,3207,3664,809.0,1321.0,2130.0,1712,731.0,138.0,1364.0,2081.0,13657,0.0,17.98186410594821,0.5737245710644884,0.07749014699858918,0.3577606608109953,4.185423019159878,6.951240158376189,5.57854639785191,12.46142083466072,1.642547672143085,0.4062485778000274,10.31552814818186,25.266722796158927,52.199999999999996,16.999999999999996,69.1,0.15094766304100488,2.037978428070814,-0.7602785236426522,1.308874527829609,18.2,11.419396532107585,23.074682564966096,0.5774040868338417,1.8308514995676513,10.861466345059847,21.228821735766623,7.203936649524415,8.215792108496792,1.79487552905839,2.966049242251855,4.760228462203614,3.863159331907341,1.642547672143085,0.3106403313157057,3.0617029991353024,4.643649023801938,30.61477267555637,115.9449324170573,110.06212169480726,,,,,,,,,,,,,,,,,,,,,,,,,,,,,,,,,,,0,0,1,0.0,0.0007142857142857143,0.0,0,0,0,0,0,0,3,0,0,0,0,0.0,0,0.0,2,0.12376923076923077,0,0.0,0,0.0,,,1983,1998,14,
LaSalle Thompson,thompla01,82,245.0,1961-06-23,Texas,1983,1996,1982-11-20T00:00:00Z,False,14,NBA,"KCK, SAC, IND, PHI",C,959,516.0,22.0,3.266944734098019,6.628779979144943,0.49284253578732107,0.004171011470281543,0.027111574556830033,0.15384615384615385,3.2627737226277373,6.601668404588112,0.4942347180540199,0.4931571495988674,1.5912408759124088,2.1574556830031284,0.7375543740937651,2.2064650677789364,4.733055265901982,6.9395203336809175,1.1856100104275287,0.7695516162669447,1.0072992700729928,1.7069864442127216,3.2429614181438997,8.129301355578727,21098.0,3133,6357,4.0,26.0,3129.0,6331.0,1526,2069,2116.0,4539.0,6655.0,1137,738.0,966.0,1637.0,3110.0,7796,0.0,13.699260593421178,0.5327997914494266,0.004218409327898379,0.32179178121148927,11.387548582804058,23.90940847473694,17.71833349132619,7.434372926343729,1.657417764717035,2.6476301071191584,18.846407242392647,17.285282965209976,8.4,26.799999999999997,35.300000000000004,0.08028339179069106,-1.8850981135652667,0.42501658925016583,-1.442468480424685,3.000000000000001,7.072703573798464,14.371381173570953,0.00595791070243625,0.05109963029671059,7.063479950706228,14.310204758744906,3.436975068726894,4.661247511612475,4.776642335766423,10.266996871741398,15.054237368470945,2.5792634372926346,1.657417764717035,2.1878945871646596,3.7073466679306093,7.061446582614468,17.574523651530946,102.32003033462887,105.69271968907006,,,,,,,,,,,,,,,,,,,,,,,,,,,,,,,,,,,0,0,0,0.0,0.0,0.0,0,0,0,0,0,0,0,0,0,0,0,0.0,0,0.0,0,0.0,0,0.0,0,0.0,,,1983,1997,14,
Clyde Drexler,drexlcl01,79,210.0,1962-06-22,Houston,1984,1997,1983-10-28T00:00:00Z,True,14,NBA,"POR, HOU",SG,1016,880.0,34.511811023622045,7.758858267716535,16.35236220472441,0.4744793547610449,0.7096456692913385,2.233267716535433,0.31776112825033054,7.049212598425197,14.119094488188976,0.4992680376437783,0.49617792223426027,4.3513779527559056,5.52755905511811,0.7872150997150997,2.470472440944882,3.7608267716535435,6.231299212598425,5.65255905511811,2.048228346456693,0.6663385826771654,2.7440944881889764,3.043307086614173,20.578740157480315,35064.0,7883,16614,721.0,2269.0,7162.0,14345.0,4421,5616,2510.0,3821.0,6331.0,5743,2081.0,677.0,2788.0,3092.0,20908,25.0,21.16142767510837,0.5470102954597309,0.14144783823864931,0.3384151266255989,7.903390942276979,12.135058749714808,10.034913301391741,25.008316221765913,2.8159565366187542,1.1931097421857175,12.830307437827974,25.355290326260548,80.8,48.10000000000001,128.79999999999998,0.17624304129591603,4.1835757472051105,1.3995265799680583,5.559765001140771,67.1,10.73035877253023,22.65145733515856,1.0180127766370068,3.213486767054529,9.71729123887748,19.445687885010265,6.027190280629705,7.6777178872918075,3.395890371891398,5.241526922199407,8.65284907597536,7.841161875427789,2.8159565366187542,0.9064909879078257,3.792525096965549,4.20982489162674,28.518828428017343,113.93828428017339,104.85372461784166,0.0,97.0,2.0,0.0,0.0,7.8,6.9,96.0,34.0,68.0,13.0,94.0,,796.0,26.0,40.0,14.6,0.349,0.059000000000000004,0.079,0.14,0.373,0.58,0.396,0.324,0.413,0.48200000000000004,0.824,0.031,28.0,0.14,0.447,1.0,0.0,1,0,10,0.014642857142857141,0.16271428571428567,0.0,0,0,4,1,3,4,11,0,0,0,0,0.05557142857142857,0,0.0,0,0.004571428571428572,0,0.0,0,0.0009285714285714286,,,1984,1998,14,0.627
Byron Scott,scottby01,76,200.0,1961-03-28,Arizona State,1984,1997,1983-10-28T00:00:00Z,False,14,NBA,"LAL, IND, VAN, LAL",SG,1073,717.0,28.100652376514446,5.515377446411929,11.43336439888164,0.4823932181284643,0.7222739981360671,1.950605778191985,0.37028189202102246,4.793103448275862,9.482758620689655,0.5054545454545455,0.5139794587544833,2.316868592730662,2.781919850885368,0.8328308207705193,0.6309412861136999,2.152842497670084,2.7837837837837838,2.543336439888164,1.140726933830382,0.2572227399813607,1.4883504193849022,1.9114631873252563,14.069897483690587,30152.0,5918,12268,775.0,2093.0,5143.0,10175.0,2486,2985,677.0,2310.0,2987.0,2729,1224.0,276.0,1597.0,2051.0,15097,0.0,15.531613159989387,0.5555222207482091,0.1804229901830724,0.24815544574157597,2.672340143274078,8.440574422923852,5.654729371185992,13.420771424781108,2.0023215707084105,0.5657833642876094,10.447320244096579,21.33831254974794,46.699999999999996,28.4,75.3,0.1196830724330061,0.7104769169540991,0.06396590607588223,0.771839347306978,21.000000000000007,9.641705359511807,20.045585699124437,1.2954530379410985,3.4922194215972406,8.357601485805255,16.57022751392942,4.097439639161581,4.920904085964447,1.0920104802334836,3.7981759087291054,4.905352878747679,4.460062350756169,2.0023215707084105,0.4433768904218625,2.612556381002918,3.3386143539400375,24.687871451313345,112.16164765189706,108.5172459538339,6.0,94.0,0.0,0.0,0.0,6.1,3.4,23.0,9.0,32.0,3.0,46.0,,217.0,8.0,9.0,17.5,0.18699999999999997,0.021,0.12100000000000001,0.174,0.496,0.648,0.5,0.304,0.394,0.733,0.849,0.032,11.0,0.10099999999999999,0.368,0.0,0.0,3,0,0,0.0,0.0008571428571428572,0.04221428571428571,0,0,0,0,0,0,1,1,0,1,0,0.0,0,0.0,0,0.004071428571428571,0,0.0010833333333333333,0,0.0,,,1984,1997,14,0.504
Dale Ellis,ellisda01,79,205.0,1960-08-06,Tennessee,1984,1997,1983-10-29T00:00:00Z,False,14,NBA,"DAL, SEA, MIL, SAS, DEN",SF,1040,579.0,29.849038461538463,6.475961538461538,13.481730769230769,0.4803509022181014,1.4048076923076922,3.5336538461538463,0.39755102040816326,5.071153846153846,9.948076923076924,0.5097622269476126,0.5324513230154768,2.371153846153846,3.019230769230769,0.7853503184713376,1.3884615384615384,2.3096153846153844,3.6980769230769233,1.5432692307692308,0.8423076923076923,0.16826923076923078,1.5692307692307692,2.144230769230769,16.727884615384614,31043.0,6735,14021,1461.0,3675.0,5274.0,10346.0,2466,3140,1444.0,2402.0,3846.0,1605,876.0,175.0,1632.0,2230.0,17397,0.0,16.236549302580293,0.5638294623586637,0.2729868891537545,0.21809158264343007,5.265850594336887,8.840376252295203,7.057043455851561,8.286193344715395,1.405357085333247,0.34432883419772575,9.42453048996553,23.072982636987405,58.80000000000001,17.0,75.7,0.11716113133395613,2.141816190445511,-1.4770479657249624,0.6735656991914442,20.8,10.755777469961023,22.45431498244371,2.365731404825565,5.940769255548756,8.39760976709725,16.494717005444063,3.930000322133814,4.969464935734304,2.2851013110846248,3.8754791740489,6.145923396578938,2.5772960087620396,1.405357085333247,0.2675965596108624,2.5946944560770544,3.5761749830879745,27.85104532422768,113.88583577618142,111.77840414908353,0.0,20.0,79.0,1.0,0.0,-9.2,-6.5,67.0,19.0,61.0,17.0,86.0,,373.0,12.0,46.0,18.3,0.145,0.034,0.05,0.312,0.459,0.557,0.59,0.362,0.412,0.782,0.9319999999999999,0.003,3.0,0.15,0.329,0.0,0.0,0,0,1,0.0,0.017142857142857144,0.0,0,0,0,0,0,1,3,0,0,0,0,0.0,0,0.0,0,0.0,1,0.03525,0,0.0,,,1984,2000,14,0.541
Derek Harper,harpede01,76,185.0,1961-10-13,Illinois,1984,1997,1983-10-29T00:00:00Z,False,14,NBA,"DAL, NYK, DAL",PG,1088,809.0,32.08180147058823,5.372242647058823,11.535845588235293,0.46569994422755157,0.8897058823529411,2.5229779411764706,0.35264116575591986,4.482536764705882,9.012867647058824,0.4973485621048338,0.504262608557087,2.2729779411764706,3.046875,0.7460030165912519,0.6066176470588235,1.8878676470588236,2.494485294117647,5.659007352941177,1.6920955882352942,0.2665441176470588,2.004595588235294,2.342830882352941,13.907169117647058,34905.0,5845,12551,968.0,2745.0,4877.0,9806.0,2473,3315,660.0,2054.0,2714.0,6157,1841.0,290.0,2181.0,2549.0,15131,0.0,16.301174616817075,0.5398058730840853,0.21949497206703913,0.26018871221887985,2.1152700186219735,6.610740581578569,4.361584300243519,27.021486892995274,2.6324251539893995,0.5137745308695029,13.690628849734994,19.97267440194814,50.800000000000004,31.499999999999996,82.50000000000001,0.11346603638447213,1.4126228334049564,0.5660134651196103,1.9784815928950001,34.89999999999999,8.39746168170749,18.058106288497353,1.4211173184357542,3.9914969202120045,7.007219596046411,14.072213149978513,3.5553387766795583,4.758407104999284,0.9448417132216014,2.967918636298524,3.8885632430883823,8.839490044406245,2.6324251539893995,0.41570835123907746,3.1313049706345795,3.6651998281048557,21.759945566537745,110.78587594900443,108.86205414697035,82.0,18.0,0.0,0.0,0.0,-6.8,1.3,94.0,6.0,54.0,11.0,41.0,,717.0,6.0,12.0,15.3,0.258,0.025,0.113,0.343,0.261,0.609,0.412,0.355,0.429,0.448,0.717,0.004,3.0,0.159,0.25,0.0,0.0,0,0,0,0.08250000000000002,0.0005714285714285715,0.0,0,2,7,0,0,0,3,0,0,0,0,0.0,0,0.0,0,0.0,0,0.0008333333333333334,0,0.0032142857142857142,,,1984,1999,14,0.739
Sedale Threatt,threase01,74,175.0,1961-09-10,West Virginia Tech,1984,1997,1983-10-29T00:00:00Z,False,14,NBA,"PHI, CHI, SEA, LAL, HOU",PG,951,304.0,23.592008412197686,4.115667718191378,8.491062039957939,0.48470588235294115,0.19768664563617244,0.6750788643533123,0.29283489096573206,3.917981072555205,7.815983175604627,0.5012780842190233,0.4963467492260062,1.3785488958990537,1.6908517350157728,0.8152985074626866,0.3901156677181914,1.4069400630914826,1.797055730809674,3.7991587802313354,1.1966351209253419,0.14300736067297581,1.362776025236593,2.2902208201892744,9.807570977917981,22436.0,3914,8075,188.0,642.0,3726.0,7433.0,1311,1608,371.0,1338.0,1709.0,3613,1138.0,136.0,1296.0,2178.0,9327,0.0,14.734404528436443,0.5301391959351043,0.08501854162952398,0.19891027812444284,1.8670440363701197,6.836240862898913,4.347348012123374,24.1312934569442,2.512315029417008,0.3771305045462649,12.91051435193439,18.961642003922265,30.3,17.899999999999995,48.099999999999994,0.10258664646104475,-0.42054287751827424,0.2987386343376716,-0.10307095738990905,10.8,8.711026921019789,17.97224104118381,0.3973257265109646,1.4383267962203603,8.298680691745409,16.54132643965056,2.9235737208058477,3.5812221429844886,0.8261098234979498,2.985826350508112,3.805767516491353,8.066099126403994,2.512315029417008,0.3026386165091817,2.8855901230165806,4.843559458013906,20.791999465145306,110.51270279907291,109.83628989124621,75.0,24.0,0.0,0.0,0.0,-5.7,-11.5,8.0,3.0,14.0,0.0,1.0,,93.0,0.0,4.0,18.6,0.081,0.027000000000000003,0.10800000000000001,0.514,0.27,0.5,0.5,0.25,0.368,0.5,0.625,0.0,0.0,0.049999999999999996,0.0,1.0,0.0,0,0,0,0.0013571428571428571,0.0,0.0,0,0,1,0,0,0,0,0,0,0,0,0.0,0,0.0,0,0.0,0,0.0,0,0.0,,,1984,1997,14,0.73
Mark West,westma01,82,230.0,1960-11-05,Old Dominion,1984,1997,1983-10-29T00:00:00Z,False,14,NBA,"DAL, MIL, CLE, PHO, DET, CLE",C,1004,545.0,19.404382470119522,2.481075697211155,4.247011952191235,0.5841932457786116,0.0,0.00398406374501992,0.0,2.481075697211155,4.243027888446215,0.5847417840375587,0.5841932457786116,1.1743027888446216,2.049800796812749,0.5728862973760933,1.7171314741035857,3.4382470119521913,5.155378486055777,0.40936254980079684,0.31673306772908366,1.3675298804780875,1.1723107569721116,3.004980079681275,6.136454183266932,19482.0,2491,4264,0.0,4.0,2491.0,4260.0,1179,2058,1724.0,3452.0,5176.0,411,318.0,1373.0,1177.0,3017.0,6161,0.0,12.216836053793244,0.5974441535776615,0.0007853916435684222,0.48586782671183665,10.170598501180574,19.27613694692537,14.829925059028845,2.8727800020531773,0.7990298737295966,4.268914895801252,18.57388871779078,13.64866030181706,14.299999999999999,26.800000000000004,40.99999999999999,0.10119895287958117,-2.5344831126167744,0.8691150805872088,-1.6697926290935219,1.4000000000000001,6.215013858946722,10.666117441741095,0.0,0.011400266913047944,6.215013858946722,10.654717174828047,2.9414639154090954,5.117544399958937,4.307196386407965,8.58628990863361,12.884185401909452,1.0221589159223898,0.7990298737295966,3.4346217020839744,2.9428806077404785,7.556744687403757,15.366004516990039,108.53398008418027,104.9838312288266,0.0,0.0,0.0,8.0,92.0,3.7,1.5,8.0,8.0,81.0,12.0,28.0,,43.0,6.0,21.0,6.2,0.561,0.406,0.028,0.006,0.0,0.604,0.493,0.6,0.0,0.63,0.0,0.183,31.0,0.0,0.0,0.0,0.0,0,0,0,0.0,0.0,0.0,0,0,0,0,0,0,0,0,0,0,0,0.0,0,0.0,0,0.0,0,0.0009166666666666666,0,0.0,,,1984,2000,14,1.0
Charles Jones,jonesch01,81,215.0,1957-04-03,Albany State University,1984,1997,1984-02-12T00:00:00Z,False,14,NBA,"PHI, CHI, WSB, DET, HOU",C/PF,702,408.0,19.897435897435898,1.0227920227920229,2.1367521367521367,0.4786666666666667,0.0,0.008547008547008548,0.0,1.0227920227920229,2.128205128205128,0.48058902275769744,0.4786666666666667,0.5341880341880342,0.8632478632478633,0.6188118811881188,1.566951566951567,3.032763532763533,4.5997150997151,0.8803418803418803,0.6282051282051282,1.606837606837607,0.688034188034188,2.9301994301994303,2.57977207977208,13968.0,718,1500,0.0,6.0,718.0,1494.0,375,606,1100.0,2129.0,3229.0,618,441.0,1128.0,483.0,2057.0,1811,0.0,9.212678980526917,0.5089489547537228,0.004344143757159222,0.42667196449026346,8.491344501718213,16.900064432989694,12.63578894616266,5.500193298969072,1.5344286941580751,4.718921821305843,22.11103951890034,6.664669243986253,4.9,19.6,24.400000000000002,0.08398711340206184,-3.415156071019472,2.5669888316151206,-0.8728379152348223,4.199999999999999,2.4923611111111112,5.216731099656357,0.0,0.006278636884306988,2.4923611111111112,5.199835337915235,1.3148840206185568,2.1131944444444444,3.841795532646049,7.42801403207331,11.292353951890032,2.156665234822451,1.5344286941580751,3.9171821305841927,1.6608533791523485,7.181185567010309,6.304889747995418,107.02283791523482,104.76811282932417,0.0,0.0,33.0,44.0,23.0,0.6,-4.4,0.0,0.0,6.0,0.0,0.0,,8.0,0.0,0.0,7.2,0.6,0.2,0.0,0.2,0.0,0.667,0.0,0.0,0.0,1.0,0.0,0.2,1.0,0.0,0.0,0.0,0.0,1,0,0,0.0013571428571428571,0.0,0.0,0,0,1,0,0,0,0,0,0,0,0,0.0,0,0.0,0,0.0,0,0.0,0,0.0,,,1984,1998,14,1.0
Craig Ehlo,ehlocr01,78,180.0,1961-08-11,"Odessa College, Washington State",1984,1997,1984-04-02T00:00:00Z,False,14,NBA,"HOU, CLE, ATL, SEA",SG,873,321.0,24.13631156930126,3.4100801832760594,7.536082474226804,0.45250037999696,0.711340206185567,1.9289805269186713,0.3687648456057007,2.6987399770904927,5.6071019473081325,0.48130745658835544,0.49969600243198053,1.0504009163802979,1.5234822451317296,0.6894736842105263,1.140893470790378,2.45475372279496,3.595647193585338,2.8132875143184424,1.1328751431844215,0.26575028636884307,1.4032073310423825,1.9415807560137457,8.581901489117984,21071.0,2977,6579,621.0,1684.0,2356.0,4895.0,917,1330,996.0,2143.0,3139.0,2456,989.0,232.0,1225.0,1695.0,7492,0.0,13.376161549048454,0.5219157609985289,0.25285131223007923,0.20344962270419062,5.452047838261118,11.469607517441032,8.468197997247401,16.96244601585117,2.3847610459873763,0.6647952161738884,14.649034217645104,17.295885340040815,15.900000000000002,25.4,41.099999999999994,0.09388757059465616,-0.2645626690712354,0.9005695031085379,0.6302121399079302,14.099999999999998,7.160623605903849,15.810151392909685,1.4908499833894926,4.063499596601965,5.654672298419628,11.752133263727398,2.1995871102463105,3.1918561055479096,2.3902377675478146,5.126263585022068,7.531925395092782,5.894741587964501,2.3847610459873763,0.5541834749181339,2.937150586113616,4.063993165962697,18.01553319728537,106.05533671871292,106.32893550377295,0.0,23.0,75.0,2.0,0.0,7.2,-3.0,22.0,6.0,19.0,4.0,12.0,,150.0,3.0,19.0,15.6,0.33099999999999996,0.056,0.081,0.149,0.383,0.476,0.429,0.3,0.243,0.783,0.9630000000000001,0.004,1.0,0.32600000000000007,0.355,0.0,0.0,0,0,0,0.0,0.0,0.0,0,0,0,0,0,0,0,0,0,0,0,0.0,0,0.0,0,0.004928571428571429,0,0.0,0,0.0,,,1984,1997,14,0.617
Charles Barkley,barklch01,78,252.0,1963-02-20,Auburn,1985,1998,1984-10-26T00:00:00Z,True,14,NBA,"PHI, PHO, HOU",PF,1011,954.0,36.77942631058358,8.000989119683481,14.719090009891197,0.5435790605470062,0.5222551928783383,1.9475766567754698,0.2681564245810056,7.478733926805144,12.771513353115727,0.5855793060718711,0.5613198037766279,6.019782393669634,8.176063303659744,0.7362690539559642,3.9782393669634026,7.7141444114737885,11.692383778437192,3.916913946587537,1.5736894164193866,0.8615232443125618,3.1968348170128587,3.115727002967359,22.544015825914936,37184.0,8089,14881,528.0,1969.0,7561.0,12912.0,6086,8266,4022.0,7799.0,11821.0,3960,1591.0,871.0,3232.0,3150.0,22792,20.0,24.782040662650605,0.615503576807229,0.12939266888984507,0.5608365425989673,12.465832078313253,23.63681691049914,18.119153399311532,17.310286682444065,2.1249139414802065,1.4459364242685024,15.011857250430293,24.906857788296044,117.3,51.39999999999999,168.4,0.21744048515490527,5.454784315834769,0.8039425559380379,6.257807121342513,77.50000000000001,10.822735585197934,19.93401731927711,0.7194626721170396,2.650952022375215,10.127877581755593,17.285410391566263,8.164414802065405,11.083788726333909,5.39264199655766,10.452557551635113,15.866646944922548,5.301538296041309,2.1249139414802065,1.1601764199655769,4.320514199655767,4.2099101764199665,30.533896299483654,119.45976764199656,104.57107895869191,0.0,0.0,10.394637817497648,85.91274694261524,3.692615239887112,5.340404515522107,7.463758231420508,155.0,47.0,130.0,26.0,351.0,,1100.0,85.0,103.0,11.303222013170274,0.41939463781749764,0.15899059266227658,0.1421140639698965,0.08009125117591721,0.19946448730009408,0.6587020225776107,0.4241328786453434,0.35982549388523044,0.46940404515522105,0.3816107714016933,0.4428294920037629,0.06961476952022577,94.0,0.2714804797742239,0.3378725305738476,6.0,1.0,0,0,11,0.003999999999999999,0.5450714285714285,0.055214285714285716,0,0,2,5,10,8,13,1,0,1,1,0.17407142857142857,0,0.0,0,0.0,0,0.019230769230769232,0,0.0,,,1985,2000,14,0.8005355126999059
Antoine Carr,carran01,81,225.0,1961-07-23,Wichita State,1985,1998,1984-10-26T00:00:00Z,False,14,NBA,"ATL, SAC, SAS, UTA",PF,948,168.0,20.47151898734177,3.8122362869198314,7.563291139240507,0.504044630404463,0.006329113924050633,0.04746835443037975,0.13333333333333333,3.8059071729957807,7.515822784810126,0.5063859649122807,0.5044630404463041,1.9282700421940928,2.471518987341772,0.7801963294921042,1.1962025316455696,2.3069620253164556,3.5031645569620253,1.128691983122363,0.37658227848101267,0.9588607594936709,1.2331223628691983,3.154008438818565,9.559071729957806,19407.0,3614,7170,6.0,45.0,3608.0,7125.0,1828,2343,1134.0,2187.0,3321.0,1070,357.0,909.0,1169.0,2990.0,9062,0.0,14.264708610295255,0.5520306075127532,0.00634348430978513,0.3262174988406245,6.765012624310816,12.73324058329469,9.787885814396866,8.73590972329572,0.9362291956510538,3.1128201164528257,12.531437110321018,21.00260730664193,21.9,20.1,42.0,0.1036265265110527,-1.2565517596743443,0.14149018395424331,-1.0992373885711342,4.300000000000001,9.445638171793684,18.75089916009687,0.009738754057814191,0.104044932240944,9.427258205802032,18.63397227804401,4.772489307981656,6.117632812902561,2.9651053743494615,5.70459112691297,8.638089349203895,2.7916164270624,0.9362291956510538,2.3678724171690626,3.031756582676354,7.806198794249498,23.669536765084764,108.27134539083836,107.64054207244808,0.0,0.0,24.146897093479968,67.14689709347996,8.706205813040063,-0.4819324430479185,-10.149175176747839,48.0,26.0,199.0,18.0,98.0,,261.0,24.0,44.0,11.085310290652002,0.23629379418695995,0.23793794186959935,0.22927965435978004,0.2936213668499607,0.0034406912804399057,0.5958782403770622,0.42213589945011787,0.37452553024351926,0.5016441476826395,0.7085027494108406,0.0,0.05053102906520031,40.0,0.0,0.0,0.0,0.0,0,0,0,0.0,0.0,0.0,0,0,0,0,0,0,0,0,0,0,0,0.0,0,0.0,0,0.002857142857142857,0,0.0,0,0.0,,,1985,2000,14,0.99655930871956
Michael Jordan,jordami01,78,198.0,1963-02-17,UNC,1985,2002,1984-10-26T00:00:00Z,True,14,NBA,"CHI, WAS",SG,990,972.0,38.36363636363637,11.62929292929293,23.242424242424242,0.5003476749239462,0.5707070707070707,1.7404040404040404,0.3279164248403947,11.05858585858586,21.5020202020202,0.5143045050970075,0.5126249456757931,7.132323232323232,8.533333333333333,0.8358191287878788,1.6131313131313132,4.624242424242424,6.237373737373737,5.375757575757576,2.415151515151515,0.8626262626262626,2.778787878787879,2.6383838383838385,30.961616161616163,37980.0,11513,23010,565.0,1723.0,10948.0,21287.0,7061,8448,1597.0,4578.0,6175.0,5322,2391.0,854.0,2751.0,2612.0,30652,28.0,28.5823775671406,0.5740720642443392,0.07476590310689836,0.3688457345971564,4.875663507109006,13.879452343338599,9.38187730384413,25.241116377040548,3.199352290679305,1.437374934175882,9.3465271195366,33.62848867825171,147.0,60.800000000000004,207.70000000000002,0.2624992364402317,7.59646129541864,2.219447077409163,9.8084149552396,113.3,15.48675355450237,30.998759873617697,0.7651079515534492,2.3308425487098474,14.70344128488678,28.667917324907847,9.45454449710374,11.33376777251185,2.1441284886782515,6.147775144813059,8.314296998420222,7.135489731437599,3.199352290679305,1.1448604528699315,3.6887151132174827,3.502422327540811,41.209992101105854,119.1701158504476,102.83396524486572,3.7511933174224343,68.24809069212411,26.760859188544153,0.9990453460620525,0.0,8.143138424821004,6.282696897374701,262.0,145.0,189.0,32.0,636.0,,2085.0,144.0,174.0,13.769653937947496,0.18107720763723148,0.09674988066825775,0.30012482100238663,0.32905405727923626,0.09361443914081145,0.5922795942720763,0.39219451073985684,0.4449182577565633,0.4706306682577565,0.48549594272076374,0.7524145584725538,0.032353937947494034,158.0,0.04276467780429594,0.46738329355608593,1.0,0.0,6,6,13,0.5217142857142857,0.7619999999999999,0.07142857142857142,9,9,10,10,11,8,12,1,0,1,5,0.579642857142857,1,0.737,0,0.0,0,0.0,1,0.056785714285714294,,,1985,2003,14,0.9063855608591885
John Stockton,stockjo01,73,170.0,1962-03-26,Gonzaga,1985,1998,1984-10-26T00:00:00Z,True,14,NBA,UTA,PG,1126,922.0,32.57904085257549,4.8294849023090585,9.286856127886324,0.5200344266998183,0.5959147424511545,1.547069271758437,0.3851894374282434,4.233570159857904,7.739786856127886,0.5469879518072289,0.5521181983360428,3.27797513321492,3.9822380106571935,0.8231489741302409,0.6447602131438721,2.0186500888099466,2.6634103019538187,11.290408525754884,2.326820603907638,0.20071047957371227,2.9857904085257547,2.714031971580817,13.532859680284192,36684.0,5438,10457,671.0,1742.0,4767.0,8715.0,3691,4484,726.0,2273.0,2999.0,12713,2620.0,226.0,3362.0,3056.0,15238,0.0,21.813831643223203,0.6130264420455785,0.164334341947443,0.4305242067386327,2.3874468433104354,6.868067822483917,4.720011449133137,51.08175226256678,3.569684331043507,0.4014038818013303,21.357343801112204,18.703813651728275,107.60000000000001,52.0,159.5,0.2088999836440955,5.008036201068586,2.0882455566459495,7.0991631228873615,84.2,7.4807627303456545,14.332605495583907,0.9249400283502346,2.4117980590993353,6.509590011994328,11.90441609421001,5.044667975139025,6.122628393850181,0.9803919965107405,3.1034974375749647,4.084036637226038,17.366691200523388,3.569684331043507,0.3230427434303783,4.598800567004688,4.151234870788355,20.87109093882892,120.8653363864355,104.37217860647694,100.0,0.0,0.0,0.0,0.0,10.06790071518721,9.475978123685318,299.0,50.0,117.0,27.0,131.0,,2904.0,40.0,75.0,13.04366848969289,0.3606899453092133,0.09489734960033656,0.11870088346655447,0.21237989061842658,0.2139411022297013,0.6849082877576778,0.4174127050904502,0.47339082877576777,0.5082271771140092,0.45275767774505676,0.5709453092132941,0.0,0.0,0.028056794278502314,0.3478367690366007,0.0,0.0,0,0,9,0.13428571428571429,0.37321428571428567,0.0032142857142857142,0,5,9,2,8,9,11,0,0,1,0,0.011571428571428575,0,0.0,0,0.0,0,0.014461538461538461,0,0.0016428571428571427,,,1985,2003,14,0.7860588977702987
Kevin Willis,willike02,84,220.0,1962-09-06,Michigan State,1985,1999,1984-10-26T00:00:00Z,False,14,NBA,"ATL, MIA, GSW, HOU, TOR",PF,1062,852.0,30.497175141242938,5.8352165725047085,11.788135593220339,0.4950075884655324,0.035781544256120526,0.1647834274952919,0.21714285714285714,5.799435028248587,11.623352165725047,0.49894685677252104,0.49652528157201054,2.4670433145009416,3.477401129943503,0.7094503113999459,3.2937853107344632,6.291902071563088,9.585687382297552,1.1016949152542372,0.7429378531073446,0.5555555555555556,2.0574387947269304,3.1610169491525424,14.173258003766477,32388.0,6197,12519,38.0,175.0,6159.0,12344.0,2620,3693,3498.0,6682.0,10180.0,1170,789.0,590.0,2185.0,3357.0,15052,0.0,16.15536618500679,0.5319421699394838,0.013539829566506116,0.2961444979622082,11.976979128072125,23.265268000494007,17.591005928121522,5.776235025318018,1.2168642707175497,1.1901506730887985,13.439684451031244,21.501775348894657,32.4,39.70000000000001,72.30000000000001,0.10681431394343584,-0.4286494998147462,-1.3287977028529085,-1.745313078918118,1.7999999999999996,9.604640607632456,19.44322897369396,0.062016796344325054,0.26076942077312587,9.56491910584167,19.170130912683714,4.081236877855996,5.735877485488452,5.413856984068174,10.35341793256762,15.778868716808693,1.8309497344695567,1.2168642707175497,0.9116030628627888,3.380356922316908,5.210161170804001,23.374722119303446,106.32298999629492,105.71810547116216,0.0,0.0,0.0,34.5718290119131,65.42817098808689,-0.9152067274001402,-4.040154169586545,96.0,92.0,176.0,58.0,294.0,,533.0,61.0,130.0,8.57210932025228,0.3095017519271198,0.37122074281709877,0.2246292922214436,0.08415837421163279,0.010489838822704975,0.6567596355991591,0.4361822004204625,0.35181569726699363,0.3907904695164681,0.633521373510862,0.0,0.07536089698668536,158.0,0.2636313945339874,0.11457813594954451,2.0,0.0,0,0,1,0.01892857142857143,0.01707142857142857,0.0032142857142857142,0,0,4,0,0,1,4,0,0,1,0,7.142857142857143e-05,0,0.0,0,0.0,0,0.02246153846153846,0,0.0,,,1985,2007,14,0.989510161177295
Michael Cage,cagemi01,81,224.0,1962-01-28,San Diego State,1985,1998,1984-10-27T00:00:00Z,False,14,NBA,"LAC, SEA, CLE, PHI, NJN",C,1120,726.0,26.31607142857143,2.950892857142857,5.733035714285714,0.5147173337486373,0.0,0.022321428571428572,0.0,2.950892857142857,5.710714285714285,0.516729205753596,0.5147173337486373,1.4651785714285714,2.2080357142857143,0.6635665183987061,2.851785714285714,4.795535714285714,7.647321428571429,0.9357142857142857,0.9303571428571429,0.6401785714285714,1.0330357142857143,2.2776785714285714,7.366964285714285,29474.0,3305,6421,0.0,25.0,3305.0,6396.0,1641,2473,3194.0,5371.0,8565.0,1048,1042.0,717.0,1157.0,2551.0,8251,0.0,13.872782791612947,0.546447173780281,0.004027990771527447,0.36387134423559747,12.194727556490466,21.699494469702106,16.82000067856416,4.969006582072334,1.7742315260907924,1.6364287168351765,13.163381285200515,12.325249372328157,37.0,36.6,73.7,0.12000366424645449,-0.15833955350478393,-0.010887561918979482,-0.1519983714460202,13.399999999999999,5.585153016217682,10.8196376467395,0.0,0.03645246658071521,5.585153016217682,10.780236818891227,2.7255106195290764,4.106429395399335,5.428788084413381,9.157094388274412,14.611861301486055,1.7782961253986564,1.7742315260907924,1.246155934043564,1.9360588993689354,4.34878876297754,13.88429463255751,115.95826830426817,106.04088349053403,0.0,0.0,0.0,10.793300653594772,89.20669934640523,-5.586233660130718,-3.4242238562091503,21.0,6.0,156.0,3.0,23.0,,174.0,1.0,9.0,8.724428104575164,0.5036825980392158,0.2380269607843137,0.14506903594771242,0.10782475490196078,0.0058872549019607845,0.633968545751634,0.3935408496732026,0.2575616830065359,0.22413398692810454,0.6135241013071896,0.0,0.09222753267973857,19.0,0.0,0.0,0.0,0.0,0,0,0,0.0,0.0,0.0,0,0,0,0,0,0,0,0,0,0,0,0.0,0,0.0,0,0.0,0,0.002,0,0.0,,,1985,2000,14,0.9941127450980392
Jerome Kersey,kerseje01,79,215.0,1962-06-26,Longwood University,1985,1998,1984-10-27T00:00:00Z,False,14,NBA,"POR, GSW, LAL, SEA",SF,1014,551.0,25.505917159763314,4.4151873767258385,9.411242603550296,0.4691396835376716,0.054240631163708086,0.2603550295857988,0.20833333333333334,4.3609467455621305,9.150887573964496,0.4765599741351439,0.4720213769254951,2.2465483234714005,3.247534516765286,0.6917704221075007,2.1913214990138066,3.665680473372781,5.857001972386588,1.9812623274161736,1.3027613412228798,0.7199211045364892,1.47534516765286,3.1222879684418148,11.131163708086785,25863.0,4477,9543,55.0,264.0,4422.0,9279.0,2278,3293,2222.0,3717.0,5939.0,2009,1321.0,730.0,1496.0,3166.0,11287,1.0,15.35303329080153,0.5108065962958667,0.030292966786529017,0.3434966941190118,9.435981904651433,16.029578935158334,12.703727332482694,11.010795344700924,2.4582492363608246,1.7604299578548506,11.9988129760662,19.539902563507717,27.500000000000004,38.8,66.4,0.12314886130765958,-0.2844140277616673,1.169864284885744,0.8764219154777095,18.7,8.27688589877431,17.673889339983763,0.08935158334299964,0.49937362254958817,8.161369524030468,17.16481460000773,4.188771604222248,6.063024397788347,4.121258168039284,6.90225805204346,11.016695665622704,3.7104744229207753,2.4582492363608246,1.3413757104744228,2.776878165719367,5.880323241696633,20.807620925646678,108.04249313691373,103.76294320071145,0.0,0.2887635924285139,81.11236407571486,18.598872331856626,0.0,5.490334273056786,0.0908981071284736,63.0,15.0,157.0,8.0,76.0,,301.0,17.0,27.0,13.786629077728554,0.27932702376157875,0.11070559806685461,0.1337112364075715,0.3609987917841321,0.11554611357229158,0.4930797422472815,0.4607281514297221,0.3933954893274265,0.45309665726943216,0.7151864679822796,0.9160741039065646,0.018246073298429318,11.0,0.20981554571083366,0.17652919855014096,0.0,0.0,0,0,0,0.006642857142857143,0.00014285714285714287,0.0,0,0,2,0,0,0,1,0,0,0,0,0.0,0,0.0,0,0.0,0,0.004846153846153846,0,0.0,,,1985,2001,14,0.8844538864277085
Hakeem Olajuwon,olajuha01,84,255.0,1963-01-21,Houston,1985,1998,1984-10-27T00:00:00Z,True,14,NBA,HOU,C,1025,1016.0,37.527804878048784,9.469268292682926,18.399024390243902,0.5146614348586882,0.02048780487804878,0.10341463414634146,0.19811320754716982,9.448780487804878,18.295609756097562,0.5164507012211379,0.5152181982077523,4.867317073170732,6.785365853658536,0.7173256649892163,3.5521951219512196,8.349268292682927,11.901463414634147,2.7034146341463416,1.8487804878048781,3.3746341463414633,3.19609756097561,3.753170731707317,23.826341463414636,38466.0,9706,18859,21.0,106.0,9685.0,18753.0,4989,6955,3641.0,8558.0,12199.0,2771,1895.0,3459.0,3276.0,3847.0,24422,14.0,24.24675817605158,0.5568203608381428,0.005369313159673477,0.36963809598086617,10.642856028700672,23.987586439972965,17.52042843030209,12.553920345239954,2.4162429158217646,5.522050642125514,13.021595694899391,27.7816513284459,63.49999999999999,84.0,147.39999999999998,0.1841802630894816,2.4918109499298082,2.591423594862996,5.088444340456507,68.89999999999998,12.4416393698331,24.17417459574689,0.030621847865647586,0.14826340144543235,12.418288878490095,24.037500649924613,6.395853480996204,8.879532574221392,4.6126657307752295,10.974624343576147,15.577203244423648,3.5785836842926217,2.4162429158217646,4.417171008163053,4.209332917381583,4.916385899235689,31.30338740706078,109.1676285550876,98.00948889928769,0.0,0.0,0.0,0.0,100.0,5.2158974358974355,6.562564102564102,175.0,106.0,226.0,22.0,283.0,,943.0,70.0,128.0,9.572820512820513,0.27535384615384617,0.29835897435897435,0.2918205128205128,0.12465128205128206,0.008815384615384616,0.5990974358974358,0.5119025641025642,0.4320564102564103,0.4311846153846154,0.7193487179487178,0.6358974358974359,0.043184615384615384,78.0,0.15897435897435896,0.31794871794871793,1.0,0.0,2,2,12,0.4251428571428572,0.564,0.07142857142857142,5,9,12,6,9,8,13,1,0,1,1,0.18621428571428572,0,0.263,0,0.0,0,0.0,2,0.14007142857142854,,,1985,2002,14,0.9911846153846153
Sam Perkins,perkisa01,81,235.0,1961-06-14,UNC,1985,1998,1984-10-27T00:00:00Z,False,14,NBA,"DAL, LAL, SEA",PF,1093,716.0,30.365965233302838,4.7099725526075025,10.171088746569076,0.46307457047764683,0.6285452881976212,1.7657822506861849,0.3559585492227979,4.081427264409881,8.405306495882892,0.48557744639164035,0.49397319420707025,3.041171088746569,3.7483989021043,0.8113253600195265,2.0054894784995425,4.463860933211345,6.469350411710887,1.6843549862763036,0.938700823421775,0.7941445562671546,1.3559011893870083,2.6587374199451053,13.089661482159196,33190.0,5148,11117,687.0,1930.0,4461.0,9187.0,3324,4097,2192.0,4879.0,7071.0,1841,1026.0,868.0,1482.0,2906.0,14307,1.0,15.916360349502863,0.5539219945766798,0.17500729135281712,0.36815673395601084,7.567764386863512,16.536098222356134,12.11805061765592,8.135191322687556,1.5534197047303404,1.6503916842422415,10.274329617354626,18.656128351913228,58.4,39.80000000000001,98.1,0.14198336848448329,1.0747936125338955,0.12153058150045193,1.1817505272672493,26.7,7.7778969569147325,16.800695992768908,1.0549954805664357,2.9842663452847242,6.716366375414281,13.832009641458269,5.032238626092197,6.201756553178669,3.3088369990961133,7.345700512202471,10.662648388068693,2.772365170231997,1.5534197047303404,1.3067098523651703,2.2281711358843026,4.390524254293462,21.63048207291353,115.36736968966557,106.28559807170835,0.0,0.0,0.0,30.397699260476582,69.60230073952341,11.04587784168721,3.35877841687209,66.0,39.0,146.0,12.0,153.0,,513.0,24.0,45.0,16.11290057518488,0.1701435223226513,0.1923045740892906,0.08211832374691865,0.08613968775677897,0.46883511366748837,0.4933152560942208,0.4630969597370583,0.45389619282388377,0.41248781155847714,0.5105519035880581,0.9473297726650233,0.007752670501232539,7.0,0.07497480142426732,0.5357893727745823,3.0,0.0,0,0,0,0.032499999999999994,0.0,0.04871428571428572,0,0,7,0,0,0,0,1,0,1,0,0.0,0,0.0,0,0.0025,0,0.0,0,0.0009285714285714286,,,1985,2001,14,0.5311648863325117
Otis Thorpe,thorpot01,82,248.0,1962-08-05,Providence,1985,1998,1984-10-27T00:00:00Z,False,14,NBA,"KCK, SAC, HOU, POR, DET, SAC, VAN",PF,1108,946.0,33.26624548736462,5.819494584837545,10.63086642599278,0.5474148909075474,0.002707581227436823,0.05324909747292419,0.05084745762711865,5.816787003610108,10.577617328519855,0.5499146757679181,0.5475422361830377,3.3664259927797833,4.904332129963899,0.6864188443135811,2.927797833935018,5.84927797833935,8.777075812274369,2.3167870036101084,0.6859205776173285,0.42057761732851984,2.342057761732852,3.344765342960289,15.00812274368231,36859.0,6448,11779,3.0,59.0,6445.0,11720.0,3730,5434,3244.0,6481.0,9725.0,2567,760.0,466.0,2595.0,3706.0,16629,3.0,16.269567812474566,0.5859250115304268,0.004937735695488212,0.4585944545429882,10.040527415285274,19.366304023440676,14.76560405871022,10.66084267071814,1.0278547980140536,0.7845844976803495,15.524563878564258,19.377715076372123,59.2,41.4,100.8,0.13116039501885565,0.3985213923329445,-0.31326134729645405,0.06672725792886408,19.299999999999997,8.679720014107817,15.880892048075099,0.0,0.06590249328522206,8.679720014107817,15.807797281532325,4.997097045497708,7.2892265118424255,4.379307631785995,8.758482324534036,13.127624189478826,3.4552999267478772,1.0278547980140536,0.6420874142000598,3.49926747877045,5.023451531511978,22.38457635855558,112.6481185056567,106.85175940747172,0.0,0.0,0.0,49.08974886784685,50.91025113215315,-1.8665088513791683,-3.987340469328942,136.0,46.0,248.0,53.0,234.0,,773.0,55.0,93.0,8.090448744339232,0.47078139151914367,0.2534913544668588,0.15626121860848086,0.11475257307533966,0.005261218608480857,0.650974680938658,0.3961461506792919,0.32243845203787563,0.4370621655002059,0.6689862083161795,0.0,0.12813235899547137,170.0,0.0,0.0,3.0,0.0,1,0,1,0.006714285714285714,0.005214285714285715,0.026,0,0,4,0,0,0,4,0,0,1,0,0.0,0,0.0,0,0.0,0,0.004923076923076923,0,0.0,,,1985,2001,14,0.9947387813915191
Benoit Benjamin,benjabe01,84,250.0,1964-11-22,Creighton,1986,1999,1985-10-25T00:00:00Z,False,14,NBA,"LAC, SEA, LAL, NJN, MIL, VAN, TOR, PHI",C,804,614.0,27.242537313432837,4.461442786069652,8.98134328358209,0.49674560310206345,0.0012437810945273632,0.026119402985074626,0.047619047619047616,4.460199004975125,8.955223880597014,0.49805555555555553,0.49681484558925354,2.544776119402985,3.5286069651741294,0.7211843496651392,1.814676616915423,5.725124378109452,7.539800995024875,1.3308457711442787,0.6492537313432836,1.9651741293532339,2.2972636815920398,2.849502487562189,11.468905472636816,21903.0,3587,7221,1.0,21.0,3586.0,7200.0,2046,2837,1459.0,4603.0,6062.0,1070,522.0,1580.0,1847.0,2291.0,9221,1.0,14.844409441629002,0.5439474957768342,0.0030118248641738577,0.3946700451992878,7.300561566908643,23.812856686298677,15.413025612929736,7.312464046021094,1.1618682372277769,4.308126740629137,17.84900241975985,19.56603661598868,3.1999999999999997,29.5,32.599999999999994,0.07161831712550792,-1.9816737433228322,0.8723736474455553,-1.1393096836049854,4.700000000000001,7.995543989407842,16.099917819476783,0.0,0.04687485732548053,7.986011048714787,16.053042962151306,4.5188832580011855,6.299438433091359,3.2607359722412452,10.272300598091586,13.52159064968269,2.361489293704059,1.1618682372277769,3.4831940830023282,4.104118157330046,5.120211843126512,20.557302652604665,100.34698443135643,105.15513856549332,0.0,0.0,0.0,0.0,100.0,-0.1401459854014595,2.377372262773722,3.0,4.0,19.0,9.0,17.0,,11.0,2.0,7.0,7.308759124087591,0.45721897810218975,0.34072627737226274,0.18424087591240876,0.017255474452554743,0.0,0.635051094890511,0.41245985401459856,0.47034671532846717,0.718978102189781,0.6509270072992701,0.0,0.04855839416058394,3.0,0.0,0.0,0.0,0.0,0,0,0,0.0,0.0,0.026,0,0,0,0,0,0,0,0,0,1,0,0.0,0,0.013,0,0.0,0,0.0,0,0.0,,,1986,2000,14,1.0
Joe Dumars,dumarjo01,75,190.0,1963-05-24,McNeese State University,1986,1999,1985-10-25T00:00:00Z,True,14,NBA,DET,SG,1018,944.0,34.517681728880156,5.888015717092338,12.795677799607073,0.4601566098572087,0.9724950884086444,2.5461689587426326,0.3819444444444444,4.915520628683693,10.24950884086444,0.4795859689476711,0.49815753109166283,3.362475442043222,3.987229862475442,0.8433111603843311,0.6591355599214146,1.5049115913555993,2.1640471512770136,4.530451866404715,0.8860510805500982,0.08153241650294696,2.0471512770137523,1.793713163064833,16.111001964636543,35139.0,5994,13026,990.0,2592.0,5004.0,10434.0,3423,4059,671.0,1532.0,2203.0,4612,902.0,83.0,2084.0,1826.0,16401,0.0,15.311337829761802,0.5544255101169641,0.21020857167250065,0.3117799026722445,2.185261390477817,4.965294971399301,3.5758615783033094,20.537747232419814,1.3135490480662513,0.12735706764563592,12.444864680269788,21.101431457924246,63.19999999999999,23.299999999999997,86.20000000000002,0.11761635220125784,1.6012806283616492,-0.7168189191496628,0.8534790403824809,25.3,8.787239249836366,19.13513190472125,1.50151398730755,3.9403113349839205,7.269310452773271,15.189276871851789,5.016557101795725,5.934631036739805,0.969512507470332,2.2433677680070576,3.2385440678448445,6.739491732832466,1.3135490480662513,0.1134978229317852,3.032880844645551,2.6432767011013403,24.076257150175017,113.12692449984348,110.37086997353369,29.16087981146897,70.83912018853103,0.0,0.0,0.0,3.8698036135113902,-2.8561508248232523,184.0,43.0,85.0,6.0,124.0,,1523.0,23.0,38.0,19.18010997643362,0.0484840534171249,0.06524996072270228,0.20455365278868812,0.17304540455616654,0.5092076983503535,0.5352270227808327,0.4322760408483896,0.4456672427337,0.4878293794186959,0.313924430479183,0.851823880597015,0.0,0.0,0.10583063629222311,0.3667318146111548,0.0,0.0,2,1,6,0.28114285714285714,0.07899999999999999,0.04871428571428572,4,5,9,0,1,3,7,1,0,1,0,0.000785714285714286,0,0.0,0,0.0,0,0.0,0,0.005928571428571428,,,1986,1999,14,0.4907923016496465
Joe Kleine,kleinjo01,83,255.0,1962-01-04,"Notre Dame, Arkansas",1986,1999,1985-10-25T00:00:00Z,False,14,NBA,"SAC, BOS, PHO, LAL, NJN, CHI, PHO",C,958,204.0,15.324634655532359,1.9812108559498955,4.3736951983298535,0.4529832935560859,0.013569937369519834,0.05010438413361169,0.2708333333333333,1.9676409185803758,4.323590814196242,0.4550941574118783,0.4545346062052506,0.8830897703549061,1.1127348643006263,0.7936210131332082,1.3235908141962422,2.836116910229645,4.159707724425887,0.6471816283924844,0.27139874739039666,0.2974947807933194,0.8089770354906054,2.067849686847599,4.859081419624217,14681.0,1898,4190,13.0,48.0,1885.0,4142.0,846,1066,1268.0,2717.0,3985.0,620,260.0,285.0,775.0,1981.0,4655,0.0,10.520761528506231,0.49604652271643623,0.012355016688236497,0.25138471493767456,9.734296028880868,20.370982903071994,15.110598733056333,5.767904093726586,0.8722975274163884,1.1501328247394593,14.16393297459301,15.47259042299571,5.499999999999999,13.500000000000002,19.1,0.062268646549962524,-2.98492609495266,-0.9118316190995164,-3.885048702404469,-6.8,6.327504938355699,13.969007560792862,0.04563721817314897,0.1577957904774879,6.286383761324161,13.815046658946935,2.7929636945712146,3.5350180505415167,4.238124105987331,9.072297527416389,13.317015189700975,2.0592125876983856,0.8722975274163884,0.9602275049383556,2.586431441999864,6.63754512635379,15.505476466180777,103.19010966555412,108.52911926980451,0.0,0.0,0.0,1.9666460778258184,98.03335392217419,-7.327053736874614,-9.62699197035207,38.0,17.0,122.0,6.0,22.0,,165.0,2.0,19.0,12.69289684990735,0.18583570105003083,0.17643977764051885,0.33213094502779494,0.28992835083384805,0.01566522544780729,0.44415379864113647,0.3867195799876467,0.2977467572575664,0.4661402100061766,0.7857337862878321,0.5237801111797405,0.006285361334156887,2.0,0.0,0.0,0.0,0.0,1,0,0,0.0,0.0,0.0,0,0,0,0,0,0,0,0,0,0,0,0.0,0,0.0,0,0.0,0,0.0,0,0.0,,,1986,2000,14,0.9843347745521926
Karl Malone,malonka01,81,250.0,1963-07-24,Louisiana Tech,1986,1999,1985-10-25T00:00:00Z,True,14,NBA,UTA,PF,1110,1105.0,37.53243243243243,9.624324324324323,18.28918918918919,0.5262302349637948,0.062162162162162166,0.23153153153153153,0.26848249027237353,9.562162162162162,18.057657657657657,0.529535022949511,0.5279296586375055,6.766666666666667,9.268468468468468,0.7300738724727839,2.6693693693693694,7.996396396396396,10.665765765765766,3.3333333333333335,1.4189189189189189,0.8126126126126126,3.1288288288288286,3.2288288288288287,26.077477477477476,41661.0,10683,20301,69.0,257.0,10614.0,20044.0,7511,10288,2963.0,8876.0,11839.0,3700,1575.0,902.0,3473.0,3584.0,28946,3.0,24.173519598665415,0.5814585583639374,0.012434123040733538,0.506548282566429,8.57474376515206,23.70561676387989,16.467612395285762,16.007292191738077,1.912383284126641,1.464235135978493,12.304654232975684,29.703430066489044,108.0,73.3,181.0,0.208458798396582,4.273939655793188,0.8583855404334989,5.110052567149133,75.0,12.978404262979764,24.635719257819062,0.09076354384196252,0.3161085907683445,12.887796740356688,24.30707616235808,9.163558243921175,12.513182592832626,3.5682244785290798,10.782367201939465,14.343805957610236,4.514205131897938,1.912383284126641,1.0970259955353927,4.198482993687141,4.32259187249466,35.18034612707328,113.37231463479033,101.27517342358561,0.0,0.0,17.7206106870229,66.08040712468194,16.198982188295165,10.587455470737913,18.090865139949106,379.0,58.0,249.0,98.0,787.0,,1873.0,197.0,210.0,11.009694656488549,0.3658895674300255,0.09898676844783716,0.21772162849872773,0.31180865139949104,0.0048264631043257,0.6674468193384224,0.410529262086514,0.3868292620865141,0.5114727735368957,0.7835979643765904,0.19274809160305342,0.037665903307888035,141.0,0.06437786259541986,0.0,1.0,0.0,0,0,11,0.1457142857142857,0.7839285714285715,0.055214285714285716,3,4,9,11,12,11,13,1,0,1,2,0.28728571428571426,0,0.186,0,0.0,0,0.0024999999999999996,0,0.0007142857142857143,,,1986,2004,14,0.9951735368956743
Charles Oakley,oaklech01,81,225.0,1963-12-18,Virginia Union University,1986,1999,1985-10-25T00:00:00Z,False,14,NBA,"CHI, NYK, TOR",PF,1018,965.0,32.57367387033399,4.100196463654224,8.44106090373281,0.48574421040381704,0.0412573673870334,0.16994106090373282,0.24277456647398843,4.05893909626719,8.271119842829076,0.49073634204275535,0.488188060048877,2.388998035363458,3.1601178781925343,0.7559838358719304,3.493123772102161,6.7907662082514735,10.283889980353635,2.4990176817288803,1.0913555992141455,0.2691552062868369,2.3408644400785854,3.5324165029469548,10.63064833005894,33160.0,4174,8593,42.0,173.0,4132.0,8420.0,2432,3217,3556.0,6913.0,10469.0,2544,1111.0,274.0,2383.0,3596.0,10822,2.0,14.117451749095293,0.5410259650180941,0.01862083835946924,0.3733556694813028,12.38715621230398,23.746917973462,18.099424004825092,11.338679131483715,1.679589867310012,0.5442249698431846,19.166354041013268,16.170995174909528,28.000000000000004,55.099999999999994,83.0,0.12015039203860071,-0.6787575392038601,0.6493968636911942,-0.022596501809408958,16.3,6.3906182147165245,13.159725572979493,0.06626658624849216,0.26698733413751513,6.324351628468033,12.88957478890229,3.7060615199034985,4.888275030156816,5.423281061519903,10.604427020506634,16.039439083232807,3.9189626055488547,1.679589867310012,0.40666767189384806,3.6481423401688784,5.538875150784077,16.527596501809413,107.19719541616405,102.01203256936067,0.0,0.0,0.6223756906077348,66.59447513812155,32.55759668508287,1.7554972375690607,-2.1457596685082874,265.0,39.0,405.0,18.0,141.0,,1300.0,32.0,54.0,13.703411602209947,0.24160497237569062,0.08061008287292817,0.16574116022099447,0.49469972375690613,0.01749613259668508,0.5356686464088398,0.4108473756906077,0.3255212707182321,0.47435303867403317,0.8131363259668508,0.3968232044198895,0.0027201657458563538,3.0,0.23047859116022099,0.19841160220994475,0.0,0.0,0,0,1,0.11800000000000001,0.007071428571428571,0.04221428571428571,1,2,7,0,0,0,4,1,0,1,0,0.0,0,0.038,0,0.0,0,0.0,0,0.002142857142857143,,,1986,2004,14,0.982503867403315
Terry Porter,portete01,75,195.0,1963-04-08,University of Wisconsin-Stevens Point,1986,1999,1985-10-25T00:00:00Z,False,14,NBA,"POR, MIN, MIA",PG,1054,682.0,29.192599620493358,4.637571157495256,9.971537001897532,0.46508087535680304,1.0066413662239089,2.6622390891840606,0.3781183178902352,3.630929791271347,7.309297912713473,0.49675493250259606,0.5155566127497622,2.9753320683111952,3.5464895635673623,0.8389513108614233,0.6214421252371917,2.5246679316888048,3.146110056925996,6.150853889943074,1.362428842504744,0.13757115749525617,2.2552182163187857,1.8472485768500948,13.257115749525617,30769.0,4888,10510,1061.0,2806.0,3827.0,7704.0,3136,3738,655.0,2661.0,3316.0,6483,1436.0,145.0,2377.0,1947.0,13973,7.0,17.45269914524359,0.5748808541064059,0.2650068575514316,0.35922993922454416,2.360781955864668,9.680519353895155,5.991426435698268,29.73949104618285,2.2438655789918425,0.32065065487991157,16.5031427735708,19.411563586726903,63.79999999999999,31.8,95.9,0.14956270922031914,2.5477298579739345,0.37106828301212263,2.9115245864343984,37.900000000000006,7.688468913516849,16.544798335987522,1.7053917904384281,4.498381487861159,5.9892066690500165,12.04567584256882,4.930634729760473,5.879102343267575,1.030647729857974,4.194816211121584,5.2280574604309535,10.128837466280997,2.2438655789918425,0.2383502876271572,3.733195748968117,3.0726087945659595,21.98513113848354,115.73044297832234,107.16116870876532,40.67344776435686,59.32655223564314,0.33227378681924136,0.0,0.0,3.419156600974783,1.7366391184573005,214.0,39.0,116.0,19.0,163.0,,1487.0,20.0,50.0,17.119983047255776,0.21865246874337782,0.04605318923500742,0.10391799109980929,0.22040601822420006,0.41097033269760547,0.5629073956346683,0.5003725365543548,0.4156232252595889,0.45461390125026485,0.409556685738504,0.7477440135621954,0.0,0.0,0.25008942572578935,0.4154267853358763,3.0,0.0,0,0,2,0.02114285714285714,0.0067857142857142855,0.0032142857142857142,0,0,2,0,0,0,3,0,0,1,0,0.0018571428571428571,0,0.0,0,0.0012142857142857144,0,0.0027142857142857142,0,0.0,,,1986,2002,14,0.5890296673023946
Patrick Ewing,ewingpa01,84,240.0,1962-08-05,Georgetown,1986,1999,1985-10-26T00:00:00Z,True,14,NBA,NYK,C,977,977.0,36.38792221084954,9.108495394063459,17.859774820880247,0.5100005730987449,0.019447287615148412,0.12282497441146366,0.15833333333333333,9.089048106448312,17.736949846468782,0.5124358012580068,0.510545016906413,5.034800409416581,6.776867963152507,0.7429391330614711,2.4851586489252813,7.908904810644831,10.394063459570113,2.077789150460594,1.0491299897645854,2.736949846468782,3.253838280450358,3.5619242579324464,23.271238485158648,35551.0,8899,17449,19.0,120.0,8880.0,17329.0,4919,6621,2428.0,7727.0,10155.0,2030,1025.0,2674.0,3179.0,3480.0,22736,1.0,21.895727265055832,0.558353210880144,0.0068830975218699885,0.3803315518550815,7.906354251638493,24.576585750049226,16.38725492953785,10.281522320047257,1.4620742032572922,4.954710134736012,13.525054147562654,28.811288008776128,44.5,73.8,118.29999999999998,0.15965609968777247,1.7166605721358048,1.8671711062979945,3.5691710500407865,50.099999999999994,12.663497510618548,24.884903378245337,0.024401563950381143,0.17863913813957413,12.646924137155073,24.732944220978315,7.031397147759556,9.444780737531996,3.444510702933813,11.073474726449327,14.517701330482968,2.8973502855053304,1.4620742032572922,3.795119687209924,4.5123456442856735,4.937194453039297,32.37655480858486,106.67646479705212,98.70540913054485,0.0,0.0,0.0,0.0,100.0,5.270506454816286,4.975134061569017,150.0,125.0,205.0,50.0,417.0,,533.0,85.0,111.0,9.094558093346576,0.293162859980139,0.3250230387288977,0.28244230387288977,0.0933364448857994,0.00588857994041708,0.5901572989076465,0.47544051638530294,0.4064077457795432,0.4442162859980139,0.6487914597815293,0.5733862959285005,0.05440218470705064,122.0,0.27514816285998017,0.0,0.0,0.0,0,0,11,0.12071428571428569,0.29364285714285715,0.06821428571428571,0,3,8,1,7,6,10,1,0,1,0,0.10164285714285715,1,0.462,0,0.0,0,0.0008571428571428572,0,0.007500000000000001,,,1986,2002,14,0.9941114200595831
A.C. Green,greenac01,81,220.0,1963-10-04,Oregon State,1986,1999,1985-10-26T00:00:00Z,False,14,NBA,"LAL, PHO, DAL",PF,1114,749.0,29.813285457809695,3.79443447037702,7.622082585278276,0.4978212224708515,0.11041292639138241,0.42998204667863554,0.2567849686847599,3.6840215439856374,7.192100538599641,0.5122316525212182,0.5050641856082911,2.6696588868940756,3.63016157989228,0.7354104846686449,2.7710951526032317,5.015260323159785,7.786355475763016,1.1499102333931777,0.8527827648114902,0.466786355475763,1.199281867145422,1.9658886894075405,10.368940754039498,33212.0,4227,8491,123.0,479.0,4104.0,8012.0,2974,4044,3087.0,5587.0,8674.0,1281,950.0,520.0,1336.0,2190.0,11551,0.0,14.758469830181863,0.5602816451884861,0.057907443092858,0.4762366012284718,10.782741177887509,18.782172106467538,14.841960737082978,5.433671564494762,1.4361887269661568,0.9527008310249309,11.546281464530892,14.985899674816332,55.400000000000006,35.800000000000004,91.20000000000002,0.13188991930627486,0.4685414910273394,-0.5785649765145129,-0.10815066843309644,16.0,6.3728682403950385,12.837290738287367,0.17867337107069733,0.7237564735637723,6.177532217270867,12.098732385884619,4.478110321570517,6.098726363964831,4.656994459833795,8.449545345056004,13.119625436589185,1.959451403107311,1.4361887269661568,0.7713175960496206,2.0164639287004693,3.2842767674334574,17.40718716126701,116.8729374924726,106.87528604118994,0.0,0.15234954657873043,15.456883759274525,77.65836768342952,6.884748557295961,-7.749299258037921,-2.7196042868920034,74.0,32.0,142.0,14.0,167.0,,502.0,36.0,91.0,12.31073371805441,0.34089447650453425,0.09128969497114592,0.17376768342951363,0.36857411376751853,0.024626380873866448,0.554845342126958,0.4006954657873042,0.34429101401483925,0.4664189612530915,0.7370103874690849,0.0,0.029533223413025556,34.0,0.03958779884583677,0.0,5.0,1.0,2,0,1,0.03157142857142858,0.0,0.0,0,1,6,0,0,0,0,0,0,0,0,0.0,0,0.0,0,0.0,0,0.0,0,0.0,,,1986,2001,14,0.9753736191261335
Detlef Schrempf,schrede01,82,235.0,1963-01-21,Washington,1986,1999,1985-10-26T00:00:00Z,False,14,NBA,"DAL, IND, SEA",SF,1033,518.0,30.53049370764763,5.008712487899323,10.132623426911907,0.4943154676602656,0.4365924491771539,1.138431752178122,0.3835034013605442,4.5721200387221685,8.994191674733784,0.5083414056613927,0.5158593675360658,4.147144240077444,5.172313649564376,0.8017967434025828,1.718296224588577,4.683446272991287,6.401742497579865,3.4772507260406584,0.7860600193610843,0.28267182962245885,2.0716360116166506,3.0348499515972893,14.601161665053244,31538.0,5174,10467,451.0,1176.0,4723.0,9291.0,4284,5343,1775.0,4838.0,6613.0,3592,812.0,292.0,2140.0,3135.0,15083,7.0,17.4557771577145,0.5880380176295265,0.11220692497938993,0.510967721478851,6.581755342761114,17.155976916735366,12.020286638341048,17.203538588369586,1.2995909696239458,0.6078381634853193,14.30354810070391,20.47575940135709,73.50000000000001,30.4,103.80000000000001,0.15810022829602388,2.0523780835817114,-0.14386454435918575,1.9178831885344665,31.099999999999998,8.239492041346947,16.692171348849005,0.7232703405415689,1.9001775635741012,7.507739869363942,14.763688249096331,6.810051366605365,8.49306867905384,2.8216056820343707,7.690091318409537,10.50436933223413,5.73056313019215,1.2995909696239458,0.4651880271418606,3.4118650516836833,4.959106474728898,24.022518866129747,117.2938360073562,107.79126767708796,0.0,0.0,64.73667711598746,34.32706374085684,0.2634721600238842,9.832183908045977,9.539289446185997,244.0,86.0,241.0,26.0,301.0,,1809.0,49.0,89.0,12.622794446932378,0.25684027466786086,0.18962068965517243,0.16695462009255113,0.2061231527093596,0.18113404985818782,0.6587908643081056,0.43884131959994027,0.40858322137632486,0.4728811762949694,0.652760710553814,0.977906105388864,0.030755038065382895,60.0,0.08834408120615017,0.380380803104941,2.0,0.0,0,0,3,0.006571428571428571,0.02042857142857143,0.0,0,0,4,0,0,1,6,0,0,0,0,7.142857142857143e-05,0,0.0,2,0.0747142857142857,0,0.0007857142857142856,0,0.0,,,1986,2001,14,0.8188659501418123
Chris Mullin,mullich01,79,215.0,1963-07-30,St. John's,1986,1999,1985-11-06T00:00:00Z,True,14,NBA,"GSW, IND",SF,919,812.0,33.957562568008704,7.207834602829162,14.091403699673558,0.5115057915057915,0.8171926006528836,2.130576713819369,0.3835546475995914,6.390642002176278,11.960826985854188,0.5342976710334789,0.5405019305019305,3.868335146898803,4.471164309031556,0.8651740082745194,1.09031556039173,3.1719260065288357,4.262241566920566,3.693144722524483,1.616974972796518,0.5767138193688792,2.4678998911860717,2.134929270946681,19.10119695321001,31207.0,6624,12950,751.0,1958.0,5873.0,10992.0,3555,4109,1002.0,2915.0,3917.0,3394,1486.0,530.0,2268.0,1962.0,17554,5.0,18.951395520235845,0.5961929054378825,0.1647712051783254,0.3131336238664403,3.5540071137885723,10.224452847117636,6.9265196910949465,16.762835261319577,2.279212997083988,1.0516262377030794,13.506924728426316,22.376149581824595,68.2,22.8,91.09999999999998,0.139971416669337,2.9942576985932643,0.16593072067164422,3.1879450123369755,40.8,10.133925080911334,19.83740827378473,1.2027333611048803,3.101317012208799,8.936373249591437,16.731608293011185,5.409763835037011,6.247986028775596,1.5359855160701126,4.5073605280866476,6.034290383567789,5.243179414874867,2.279212997083988,0.8178004934790272,3.482757073733458,3.0732592046656197,26.881359951292982,115.48155862466754,109.77947255423463,0.0,9.854820167515191,89.24749548365905,1.346526523238627,0.0,2.476695680735753,3.828165544424371,218.0,83.0,200.0,35.0,172.0,,1290.0,38.0,90.0,15.865248809328296,0.2149763507965183,0.053268516997865,0.10067662998850385,0.30841977336179993,0.3218523567088192,0.741511085564132,0.35800853999014615,0.42792511085564133,0.4877764821809821,0.6903330596157005,0.9254785679093447,0.00260174084414518,5.0,0.20241156183281325,0.47890573164723266,0.0,0.0,0,0,5,0.0,0.11057142857142857,0.013,0,0,0,1,3,4,5,0,0,1,0,0.006285714285714286,0,0.0,0,0.0,0,0.01007142857142857,0,0.0,,,1986,2001,14,0.6781476432911808
Tyrone Corbin,corbity01,78,210.0,1962-12-31,DePaul,1986,1999,1985-11-14T00:00:00Z,False,14,NBA,"SAS, CLE, PHO, MIN, UTA, ATL, MIA, SAC, ATL",SF,996,452.0,26.705823293172692,3.8363453815261046,8.332329317269076,0.4604169177009278,0.18875502008032127,0.6164658634538153,0.30618892508143325,3.647590361445783,7.715863453815261,0.4727391021470397,0.47174358356428486,1.7038152610441768,2.1566265060240966,0.7900372439478585,1.6897590361445782,3.1977911646586343,4.887550200803213,1.8373493975903614,1.1947791164658634,0.2660642570281124,1.283132530120482,2.5200803212851404,9.565261044176706,26599.0,3821,8299,188.0,614.0,3633.0,7685.0,1697,2148,1683.0,3185.0,4868.0,1830,1190.0,265.0,1278.0,2510.0,9527,1.0,13.381503064024967,0.5165840821083499,0.08099056355502085,0.2588109327418324,7.25400203015151,13.862036166773187,10.53532087672469,10.554167449904133,2.3043949020639873,0.6647392759126282,12.106936350990637,17.299218015714874,24.4,31.800000000000004,55.900000000000006,0.10065769389826683,-0.7347983006879957,0.5945712244821234,-0.14066318282642204,12.500000000000002,7.396450994398285,16.118684912966657,0.3766231813226061,1.2798939809767285,7.014605812248581,14.856028422121133,3.2566337080341365,4.136798375878792,3.227279221023346,6.152757622467011,9.38712357607429,3.54167825858115,2.3043949020639873,0.5180796270536486,2.459137561562465,4.837719463137712,18.457088612353846,107.70344749802624,105.98394676491597,0.0,12.312850082372323,87.68714991762768,0.3797364085667216,0.0,8.887693574958814,8.099785831960462,114.0,33.0,201.0,30.0,106.0,,762.0,20.0,67.0,16.62181219110379,0.19374497528830312,0.044151729818780884,0.12229472817133444,0.3615105436573311,0.2781509060955519,0.5459650741350905,0.3873164744645799,0.3124930807248764,0.4646841845140033,0.8281884678747939,1.0,0.004436738056013179,6.0,0.0558485996705107,0.19969077429983526,0.0,0.0,0,0,0,0.0013571428571428571,0.0,0.0,0,0,1,0,0,0,0,0,0,0,0,0.0,0,0.0,0,0.0007142857142857143,0,0.0,0,0.0,,,1986,2001,14,0.7218490939044481
Dell Curry,curryde01,76,190.0,1964-06-25,Virginia Tech,1987,2000,1986-10-31T00:00:00Z,False,14,NBA,"UTA, CLE, CHH, MIL, TOR",SG,956,94.0,22.706066945606693,5.0073221757322175,10.896443514644352,0.4595372948065662,1.1903765690376569,2.9518828451882846,0.40326009922041106,3.816945606694561,7.944560669456067,0.4804476629361422,0.5141595468944994,1.2228033472803348,1.4518828451882846,0.8422190201729106,0.5857740585774058,1.9780334728033473,2.5638075313807533,1.854602510460251,0.9790794979079498,0.23430962343096234,1.2751046025104602,1.756276150627615,12.427824267782427,21707.0,4787,10417,1138.0,2822.0,3649.0,7595.0,1169,1388,560.0,1891.0,2451.0,1773,936.0,224.0,1219.0,1679.0,11881,0.0,16.198797622886627,0.5406147325747455,0.2825793522826738,0.13464131386188788,2.975938637305938,9.917321601326762,6.439415856636108,13.566936932786659,2.167604920071866,0.6714377850462985,9.98527203206339,24.466052425484865,22.0,16.4,38.2,0.08483028516146865,1.4446215506518636,-0.47109688119039944,0.9775786612613442,16.400000000000002,11.06685861703598,24.072607914497627,2.6743769291012116,6.653604827935689,8.374680978486204,17.45207997420187,2.699216842493205,3.2145529091997975,1.2815497305016819,4.372787580043305,5.657460726954439,4.0893859123784955,2.167604920071866,0.5236605703229373,2.8215644722900444,3.869300225733634,27.520048832173952,105.98323121573686,109.29197954576864,6.9129392971246,89.75259584664536,3.555511182108626,0.0,0.0,1.2238218849840257,-2.300938498402556,107.0,57.0,150.0,14.0,75.0,,684.0,14.0,59.0,17.65918530351438,0.1726196086261981,0.04565235623003195,0.08555730830670927,0.2934532747603834,0.4027174520766773,0.5016833067092652,0.36565834664536734,0.40365235623003193,0.5331339856230032,0.7276074281150159,0.904588857827476,0.006854033546325879,13.0,0.2743718051118211,0.4532851437699681,0.0,0.0,0,0,0,0.0,0.0,0.0,0,0,0,0,0,0,0,0,0,0,0,0.0,0,0.0,1,0.05114285714285715,0,0.0,0,0.0,,,1987,2002,14,0.5972825479233227
Jeff Hornacek,hornaje01,76,190.0,1963-05-03,Iowa State,1987,2000,1986-10-31T00:00:00Z,False,14,NBA,"PHO, PHI, UTA",SG,1077,910.0,31.535747446610955,5.5051067780872796,11.10213556174559,0.49586016559337626,0.7688022284122563,1.9080779944289694,0.4029197080291971,4.736304549675023,9.19405756731662,0.5151484548576045,0.5304842351760475,2.7604456824512535,3.147632311977716,0.8769911504424779,0.8532961931290622,2.532033426183844,3.3853296193129063,4.903435468895079,1.426183844011142,0.20984215413184773,1.83008356545961,2.1949860724233985,14.539461467038068,33964.0,5929,11957,828.0,2055.0,5101.0,9902.0,2973,3390,919.0,2727.0,3646.0,5281,1536.0,226.0,1971.0,2364.0,15659,2.0,17.677431986809562,0.5814763278765752,0.17091175951006948,0.2884490637145213,3.2277205276174774,8.866546932045694,6.159153809916383,23.43673595571782,2.270392179955247,0.4508096808385349,12.990584147921329,19.68281415616535,76.7,32.199999999999996,108.89999999999999,0.15390204334000712,2.3382169355788487,0.5654958191025792,2.912027440819691,42.1,8.752617477328936,17.65440760805559,1.2505240843245788,3.0663555529384054,7.510514073725121,14.580005299729127,4.43213696855494,5.0353315274997055,1.347052761747733,3.9955982805323282,5.35656283123307,7.739362265928631,2.270392179955247,0.33001118831704157,2.919800376869627,3.4884936992109297,23.166476268990696,117.26934401130609,107.91025792015074,0.0,99.75255220417634,0.24744779582366588,0.0,0.0,10.550023201856147,12.698526682134569,281.0,89.0,220.0,40.0,232.0,,2269.0,49.0,124.0,14.939408352668215,0.1957475638051044,0.13640498839907192,0.1313163573085847,0.3469089327146172,0.18920255220417634,0.5904506960556843,0.44286635730858465,0.41049269141531325,0.5044534802784223,0.6831287703016241,0.8920677494199536,0.0,0.0,0.1385751740139211,0.5874794663573086,2.0,1.0,0,0,1,0.0013571428571428571,0.009285714285714286,0.0,0,0,1,0,0,0,6,0,0,0,0,0.0,0,0.0,0,0.0,0,0.0030714285714285713,0,0.0,,,1987,2000,14,0.8107974477958237
Dennis Rodman,rodmade01,79,210.0,1961-05-13,"North Central Texas College, Southeastern Oklahoma State University",1987,2000,1986-10-31T00:00:00Z,True,14,NBA,"DET, SAS, CHI, LAL, DAL",PF,911,573.0,31.65642151481888,3.03622392974753,5.828759604829857,0.5209039548022599,0.09001097694840834,0.3896816684961581,0.23098591549295774,2.946212952799122,5.4390779363337,0.5416750756811302,0.5286252354048965,1.173435784851811,2.0109769484083424,0.5835152838427947,4.75192096597146,8.369923161361141,13.1218441273326,1.756311745334797,0.6706915477497256,0.5828759604829857,1.628979143798024,3.1207464324917673,7.33589462129528,28839.0,2766,5310,82.0,355.0,2684.0,4955.0,1069,1832,4329.0,7625.0,11954.0,1600,611.0,531.0,1484.0,2843.0,6683,1.0,14.577908387946877,0.5355318492319427,0.0722745934325046,0.3513797981899511,17.21295814695378,29.56791150872083,23.44747043933562,7.595623981414057,1.0895939526335865,1.1794410347099415,20.829449703526475,11.404230382468187,35.300000000000004,54.4,89.79999999999998,0.14947612607926766,0.3485315024792815,0.52760844689483,0.8837962481362045,21.2,4.8960851624536215,9.43689448316516,0.14118728111238255,0.6430528104303203,4.756558826588994,8.79936197510316,1.8919553382572207,3.2406082041679674,7.770252089184784,13.735077499219807,21.527289434446406,2.8798952806962794,1.0895939526335865,0.9351087069593259,2.6555255036582404,5.057418773189084,11.855539373764692,113.87447553659975,100.2305558445161,0.0,0.0,2.9416994358009916,74.62078987861173,22.371003590357326,7.21097623525389,-0.37777397845785593,162.0,35.0,166.0,31.0,53.0,,949.0,12.0,24.0,9.453838262950933,0.4263138998119337,0.34244691400239363,0.0821439562318345,0.08885005983928876,0.06017866301931953,0.5642966319028894,0.37266079671738755,0.2814373397161908,0.2246194221234399,0.5150711232689349,0.6990938621986664,0.0389463156095059,28.0,0.2147167037100359,0.20850589844417847,0.0,0.0,5,0,2,0.47321428571428575,0.06849999999999999,0.013,7,8,10,0,0,2,9,0,0,1,0,0.0029285714285714284,0,0.0,0,0.015000000000000001,0,0.0008571428571428572,2,0.1455714285714286,,,1987,2000,14,0.9398213369806804
Ron Harper,harpero01,78,185.0,1964-01-20,Miami University,1987,2000,1986-11-01T00:00:00Z,False,14,NBA,"CLE, LAC, CHI, LAL",SG,962,921.0,31.247401247401246,5.404365904365904,12.136174636174637,0.4453104925053533,0.5239085239085239,1.8076923076923077,0.2898217366302473,4.88045738045738,10.328482328482329,0.47252415458937197,0.4668950749464668,2.8076923076923075,3.899168399168399,0.7200746467608637,1.3264033264033264,2.9802494802494803,4.3066528066528065,3.953222453222453,1.7432432432432432,0.7318087318087318,2.2754677754677757,2.343035343035343,14.140332640332641,30060.0,5199,11675,504.0,1739.0,4695.0,9936.0,2701,3751,1276.0,2867.0,4143.0,3803,1677.0,704.0,2189.0,2254.0,13603,4.0,15.708003992015971,0.5104789753825683,0.16177638057218893,0.31491503659347964,4.750355954757152,10.595259481037925,7.698037258815703,19.289161676646707,2.777997338656021,1.4898137059214904,13.928885562208917,21.850612109115104,20.7,43.1,64.0,0.10199367930805056,0.48151031270791744,1.4402129075182968,1.9096906187624751,29.8,8.57758150365935,19.279883566200933,0.843253493013972,2.907900864936793,7.730409181636726,16.37266134397871,4.435798403193612,6.176097804391217,2.1144344644045243,4.770568862275448,6.903426480372588,6.332681304058548,2.777997338656021,1.169610778443114,3.6033366600133063,3.7475149700598798,22.444001996007984,104.60109780439122,103.6722887558217,60.367768018959985,31.66346019796459,7.968771783075422,0.0,0.0,7.906259584553187,4.590631534922626,172.0,76.0,237.0,27.0,234.0,,1769.0,46.0,126.0,12.95926390631535,0.33654830614805525,0.15133974627073749,0.1324765091314652,0.13615000697058413,0.24301268646312563,0.5947186672243134,0.3690582740833682,0.29884121009340586,0.35046591384358006,0.6003673497839119,0.934330266276314,0.019770667781960127,31.0,0.2660821134811097,0.37146131325805104,1.0,0.0,4,0,0,0.0012142857142857144,0.0017857142857142859,0.07142857142857142,0,0,1,0,0,0,3,1,0,1,0,0.0,0,0.128,0,0.0,0,0.0,0,0.0,,,1987,2001,14,0.7569873135368744
Johnny Newman,newmajo01,79,190.0,1963-11-28,Richmond,1987,2000,1986-11-02T00:00:00Z,False,14,NBA,"CLE, NYK, CHH, NJN, MIL, DEN, CLE, NJN",SF,1030,478.0,24.914563106796116,3.978640776699029,8.570873786407766,0.46420480289986404,0.503883495145631,1.507766990291262,0.33419188667095945,3.4747572815533982,7.063106796116505,0.49195876288659796,0.49359990937924786,2.846601941747573,3.5233009708737866,0.8079360705428492,0.8805825242718447,1.3631067961165049,2.2436893203883495,1.5135922330097087,0.9436893203883495,0.22524271844660193,1.4844660194174757,2.7980582524271846,11.307766990291261,25662.0,4098,8828,519.0,1553.0,3579.0,7275.0,2932,3629,907.0,1404.0,2311.0,1559,972.0,232.0,1529.0,2882.0,11647,0.0,13.041676408697684,0.5595615696360379,0.18218291637440576,0.40831821370119253,3.966764086976853,6.346438313459591,5.154793079261165,9.343044189852701,1.9025212376276208,0.583719117761671,12.828996181123841,19.919067103109654,32.8,13.099999999999998,45.800000000000004,0.08579128672745694,-0.9417426545086119,-0.6051243083157977,-1.554894396383758,3.1000000000000005,7.978559738134206,17.21669394435352,1.0219039825422804,3.0534954407294834,6.95547112462006,14.171455849115425,5.724885044033979,7.075980048320474,1.7530161328033669,2.7519172317044656,4.525150027277687,3.0357298729639153,1.9025212376276208,0.45320317979892444,2.9791715376821766,5.664994934143871,22.709212064531215,109.59379627464733,111.24386252045826,0.0,27.76482440990213,70.08189407023603,1.9933793897524468,0.0,-3.677403569372481,3.581937248128958,145.0,102.0,279.0,60.0,406.0,,776.0,73.0,200.0,13.541263672999426,0.34045437535981576,0.1025234599884859,0.11279217040875071,0.23892343120322396,0.20468019573978122,0.587204807138745,0.3000778641335636,0.3179586931491077,0.42556807714450207,0.5635110823258492,0.9124794185377088,0.04106145653425446,84.0,0.23070336787564766,0.3745454807138745,3.0,0.0,0,0,0,0.0,0.0,0.0,0,0,0,0,0,0,0,0,0,0,0,0.0,0,0.0,0,0.0007142857142857143,0,0.0,0,0.0,,,1987,2002,14,0.7953198042602188
David Wingate,wingada01,77,185.0,1963-12-15,Georgetown,1987,2000,1986-11-02T00:00:00Z,False,14,NBA,"PHI, SAS, WSB, CHH, SEA, NYK",SG,739,218.0,17.907983761840324,2.2828146143437076,5.13531799729364,0.44453227931488803,0.10690121786197564,0.39242219215155616,0.27241379310344827,2.175913396481732,4.7428958051420835,0.4587731811697575,0.4549407114624506,0.9566982408660352,1.2963464140730718,0.7379958246346555,0.6021650879566982,1.3193504736129906,1.9215155615696888,1.8592692828146145,0.8078484438430311,0.16508795669824086,1.1542625169147496,1.6887686062246279,5.629228687415426,13234.0,1687,3795,79.0,290.0,1608.0,3505.0,707,958,445.0,975.0,1420.0,1374,597.0,122.0,853.0,1248.0,4160,0.0,9.9527882726311,0.4956942723288499,0.07712460329454436,0.24903241650294694,3.8711500680066493,8.176175003778146,6.060488136617803,14.647672661326885,2.226265679310866,0.5763714674323711,16.956793108659515,16.323311168203116,-0.7,12.2,11.700000000000001,0.04204299531509749,-2.7365497959800513,0.35908266586066195,-2.365173039141605,-1.2000000000000002,6.340917334139337,14.259075109566272,0.3034758954208856,1.109279129514886,6.026326129666011,13.157178479673568,2.6580776787063622,3.5876907964334293,1.6537403657246488,3.670983829529998,5.335439020704247,5.156551307238931,2.226265679310866,0.47168656490856886,3.203876379023727,4.7041106241499175,15.607707420281093,98.81842224573069,108.5463200846305,0.05753595997498437,50.19949968730457,49.161976235146966,0.5809881175734835,0.0,2.6247029393370855,-7.486241400875548,51.0,12.0,46.0,9.0,29.0,,276.0,4.0,19.0,14.693996247654784,0.24831394621638522,0.08757410881801127,0.10760100062539087,0.3463033145716073,0.20996122576610382,0.6154602876797999,0.34767354596622885,0.39765478424015005,0.3759268292682927,0.818249530956848,0.808744215134459,0.018209505941213257,7.0,0.13888242651657284,0.6058130081300812,0.0,0.0,0,0,0,0.0013571428571428571,0.0,0.013,0,0,1,0,0,0,0,0,0,1,0,0.0,0,0.0,0,0.0,0,0.0,0,0.0,,,1987,2001,14,0.7900387742338961
Muggsy Bogues,boguemu01,63,136.0,1965-01-09,Wake Forest,1988,2001,1987-11-06T00:00:00Z,False,14,NBA,"WSB, CHH, GSW, TOR",PG,889,556.0,28.604049493813275,3.2002249718785154,6.985376827896513,0.4581320450885668,0.11923509561304838,0.42857142857142855,0.2782152230971129,3.0809898762654666,6.556805399325085,0.4698919197117859,0.4666666666666667,1.1946006749156355,1.4443194600674916,0.8271028037383178,0.6006749156355455,2.0067491563554554,2.607424071991001,7.565804274465692,1.5399325084364455,0.043869516310461196,1.611923509561305,1.779527559055118,7.714285714285714,25429.0,2845,6210,106.0,381.0,2739.0,5829.0,1062,1284,534.0,1784.0,2318.0,6726,1369.0,39.0,1433.0,1582.0,6858,0.0,14.970588697943292,0.5057394313578985,0.06395984899130913,0.2063242754335601,2.3412953714263236,7.845613276180738,5.0972039797082065,37.16129222541193,2.675024578237445,0.09213496401746038,17.517601950528924,13.869275236934206,34.8,19.3,54.1,0.1019612253726061,0.40619371583624997,0.3815682881749184,0.8035274686381689,18.000000000000004,5.593200676393095,12.184383971056668,0.20456172086987298,0.7855126037201622,5.360427071453852,11.410841952101933,2.086047426166975,2.5113571119587874,1.0444217232293838,3.497597231507334,4.538271265091038,13.170860041684692,2.675024578237445,0.08532777537457234,2.810322859727083,3.079613826733257,13.492992252939558,112.6971174643124,109.46804829132093,100.0,0.0,0.0,0.0,0.0,0.05010963062911117,3.0930511047394167,229.0,40.0,86.0,8.0,27.0,,2694.0,4.0,57.0,15.689273064597742,0.15724152470905717,0.057100860178782256,0.18847495361781078,0.4321332433799966,0.16531421824928316,0.43899257884972165,0.3375589475459605,0.46729397874852424,0.5306790352504638,0.5234941811435317,0.6637382357901839,0.0,0.0,0.1902278630460449,0.3175177938944173,1.0,0.0,0,0,0,0.006714285714285714,0.0013571428571428573,0.0065,0,0,3,0,0,0,3,0,0,1,0,0.0,0,0.0,0,0.0,0,0.0,0,0.0,,,1988,2001,14,0.8346857817507168
Chris Dudley,dudlech02,83,235.0,1965-02-22,Yale,1988,2001,1987-11-06T00:00:00Z,False,14,NBA,"CLE, NJN, POR, NYK, PHO",C,840,329.0,19.027380952380952,1.6321428571428571,3.9630952380952382,0.41183538600180236,0.0,0.0035714285714285713,0.0,1.6321428571428571,3.9595238095238097,0.4122068550811786,0.41183538600180236,0.8130952380952381,1.7773809523809523,0.4574681848626926,2.625,3.7738095238095237,6.398809523809524,0.430952380952381,0.39404761904761904,1.2059523809523809,0.8642857142857143,2.717857142857143,4.0773809523809526,15983.0,1371,3329,0.0,3.0,1371.0,3326.0,683,1493,2205.0,3170.0,5375.0,362,331.0,1013.0,726.0,2283.0,3425,0.0,10.72873052618407,0.42947450416067073,0.0008462741663016956,0.4482104110617531,15.235675405117938,22.51943314771945,18.843521241318903,3.1631921416505033,1.0483013201526623,4.252530813989864,15.627529249827939,12.568122380028782,-1.6999999999999997,27.099999999999998,25.9,0.07768335106050177,-3.4202652818619783,0.4844084339610837,-2.995795532753551,-4.0,4.344735030970406,10.53162735406369,0.0,0.003403616342363762,4.344735030970406,10.514177563661388,2.16498154288932,4.718838766189076,6.9937496089595195,10.124989050866544,17.092742288681727,1.148626665832447,1.0483013201526623,3.211943940436714,2.296389914283927,7.296195958205592,10.857217043108303,97.84921479071514,101.68372645936307,0.0,0.0,0.0,6.555331088664422,93.54769921436588,2.5461728395061725,-1.8103030303030303,34.0,31.0,307.0,39.0,116.0,,208.0,22.0,55.0,6.749988776655443,0.42851694725028056,0.4932612794612795,0.06617149270482603,0.0124996632996633,0.0,0.5645672278338945,0.3017117845117845,0.27957530864197533,0.24421997755331087,0.5248076318742986,0.0,0.1038314253647587,65.0,0.0,0.0,0.0,0.0,0,0,0,0.0,0.0,0.0,0,0,0,0,0,0,0,0,0,0,0,0.0,0,0.0,0,0.0,0,0.0,0,0.0,,,1988,2003,14,1.0
Mark Jackson,jacksma01,75,192.0,1965-04-01,St. John's,1988,2001,1987-11-06T00:00:00Z,False,14,NBA,"NYK, LAC, IND, DEN, IND, TOR, NYK",PG,1090,1007.0,31.844036697247706,3.992660550458716,8.871559633027523,0.4500517063081696,0.5697247706422018,1.726605504587156,0.3299681190223167,3.422935779816514,7.144954128440367,0.479070364663585,0.4821613236814891,1.8284403669724771,2.3752293577981654,0.7697952877558903,1.08348623853211,2.960550458715596,4.044036697247706,8.472477064220184,1.3477064220183486,0.10275229357798166,2.5688073394495414,1.7770642201834863,10.383486238532111,34710.0,4352,9670,621.0,1882.0,3731.0,7788.0,1993,2589,1181.0,3227.0,4408.0,9235,1469.0,112.0,2800.0,1937.0,11318,17.0,16.217911264765196,0.522838720829732,0.20174321521175453,0.26728360702967446,3.9141169691731488,10.57951598962835,7.301598962834918,39.264727744165945,2.1408095649668684,0.21643618553730914,20.89278017862287,16.96571593200807,50.7,33.7,84.00000000000001,0.11651627772976086,2.095995390377413,-0.0397003745318352,2.0539469893402478,35.6,6.323215211754537,14.094140017286085,0.9046326707000865,2.7746989340247765,5.422267358110054,11.320472486315186,2.9072832036876983,3.7912734082397006,1.7179170267934314,4.759573609910689,6.4657591472198215,13.603800057620283,2.1408095649668684,0.16126764621146644,4.092797464707577,2.837199654278306,16.493486027081538,110.51224430999712,107.28104292711035,97.61641007998624,2.571944611679711,0.0,0.0,0.0,3.22901866345575,1.7276855594736389,661.0,137.0,210.0,53.0,192.0,,7337.0,47.0,182.0,13.10653650984777,0.23631977294228945,0.2829913993291477,0.09817725982626646,0.07617235744388062,0.3056464264212609,0.576962845101918,0.4216201083684527,0.3423515094177346,0.366737679539004,0.2713899544164444,0.8647353573578738,0.0,0.0,0.06205366818611851,0.2847941859465038,12.0,1.0,0,0,1,0.0,0.004642857142857143,0.07142857142857142,0,0,0,0,0,0,6,1,0,1,0,0.00028571428571428574,1,0.963,0,0.0,0,0.0,0,0.0,,,1988,2004,14,0.6943535735787392
Derrick McKey,mckeyde01,82,241.0,1966-10-10,Alabama,1988,2001,1987-11-06T00:00:00Z,False,14,NBA,"SEA, IND",SF,896,638.0,29.514508928571427,4.303571428571429,8.845982142857142,0.4865001261670452,0.22098214285714285,0.703125,0.3142857142857143,4.082589285714286,8.142857142857142,0.5013706140350878,0.49899066363865757,2.4966517857142856,3.2042410714285716,0.7791710205503309,1.6372767857142858,3.1171875,4.754464285714286,2.4654017857142856,1.1506696428571428,0.6774553571428571,1.8872767857142858,2.9129464285714284,11.324776785714286,26445.0,3856,7926,198.0,630.0,3658.0,7296.0,2237,2871,1467.0,2793.0,4260.0,2209,1031.0,607.0,1691.0,2610.0,10147,1.0,14.020412176214785,0.5482959727736813,0.08316218566836832,0.3579326904896956,6.503807903195312,12.36601247872944,9.42807714123653,12.538963887313292,2.00245793155606,1.5644658725657026,15.788186802798265,17.729132161089055,30.900000000000006,29.3,60.099999999999994,0.10946636415201362,0.20753261486103228,0.8117035356400075,1.00996407638495,20.100000000000005,7.420245793155606,15.287944791075818,0.3890111552278313,1.2170580449990547,7.034327850255246,14.064435621100397,4.290338438268104,5.516048402344488,2.833321989033844,5.401739459255058,8.244076384949896,4.2770504821327275,2.00245793155606,1.1677179050860278,3.2666515409340136,5.058120627717905,19.523093212327474,109.43546984307052,106.69703157496691,0.0,2.6950323974082075,60.13952483801296,37.165442764578835,0.0,1.9564578833693305,-2.805010799136069,135.0,46.0,262.0,18.0,115.0,,764.0,22.0,66.0,11.367775377969764,0.2618617710583154,0.24465140388768897,0.17809395248380128,0.19117257019438444,0.12416760259179264,0.6257479481641468,0.3638399568034557,0.3739790496760259,0.4145863930885529,0.6146814254859612,0.9263319654427646,0.01620453563714903,18.0,0.2506488120950324,0.22407602591792655,0.0,0.0,0,0,0,0.046285714285714284,0.00014285714285714287,0.03571428571428571,0,2,4,0,0,0,1,1,0,1,0,0.0,0,0.0,0,0.0,0,0.0008571428571428572,0,0.0013571428571428571,,,1988,2002,14,0.8758323974082074
Reggie Miller,millere01,79,185.0,1965-08-24,UCLA,1988,2001,1987-11-06T00:00:00Z,True,14,NBA,IND,SG,1094,1009.0,34.96709323583181,6.372943327239488,13.378427787934186,0.47635966110959277,1.8619744058500913,4.655393053016454,0.39996073041429414,4.510968921389397,8.723034734917734,0.5171329770512417,0.5459483465427712,4.879341864716636,5.519195612431444,0.8840675720437231,0.7340036563071298,2.416819012797075,3.1508226691042047,3.0374771480804386,1.13345521023766,0.24588665447897623,1.8994515539305301,2.0959780621572213,19.487202925045704,38254.0,6972,14636,2037.0,5093.0,4935.0,9543.0,5338,6038,803.0,2644.0,3447.0,3323,1240.0,269.0,2078.0,2293.0,21319,1.0,18.876679562921524,0.6153027395827887,0.3466840330422963,0.41113752810163645,2.503066346003032,7.702535682543002,5.204600826057406,14.22512678412715,1.6686098185810634,0.48100852198462896,10.692803366968159,22.51069169237204,116.0,25.9,142.10000000000002,0.17815028493752286,4.071626496575521,-0.3464997124483714,3.730807235844617,55.3,9.356001986720344,19.706522193757518,2.757559993726147,6.905105348460291,6.606788832540388,12.80872327076907,7.181379724996079,8.110877293877765,1.0690123908610865,3.562751607675015,4.621435666858368,4.4425994667224336,1.6686098185810634,0.367417786375281,2.7761332148272073,3.0757776964500447,28.67730172008156,121.49973858942856,109.46348094316934,11.022747156605424,85.0990813648294,3.790682414698163,0.0,0.0,4.543299795858852,2.6250145815106443,308.0,116.0,196.0,105.0,550.0,,2179.0,115.0,158.0,17.685243511227764,0.12173381452318459,0.06884696704578595,0.1315993729950423,0.2829600466608341,0.39465602216389617,0.6780173519976671,0.42020654709827937,0.367656313794109,0.46554556722076407,0.6399798775153106,0.8550336103820355,0.004664406532516769,25.0,0.2581167249927092,0.4186528871391076,12.0,0.0,0,0,5,0.002428571428571429,0.07914285714285715,0.029214285714285713,0,0,2,0,0,3,11,0,0,1,0,0.0002142857142857143,0,0.0,0,0.0,0,0.023285714285714288,0,0.0,,,1988,2005,14,0.6053439778361037
Olden Polynice,polynol01,84,250.0,1964-11-21,Virginia,1988,2001,1987-11-06T00:00:00Z,False,14,NBA,"SEA, LAC, DET, SAC, SEA, UTA",C,1056,658.0,23.553030303030305,3.368371212121212,6.663825757575758,0.5054710814267444,0.004734848484848485,0.02462121212121212,0.19230769230769232,3.3636363636363638,6.639204545454546,0.5066324347454001,0.505826346454455,1.0852272727272727,2.027462121212121,0.5352638953759925,2.584280303030303,4.146780303030303,6.731060606060606,0.7035984848484849,0.4876893939393939,0.6164772727272727,1.1041666666666667,2.6827651515151514,7.826704545454546,24872.0,3557,7037,5.0,26.0,3552.0,7011.0,1146,2141,2729.0,4379.0,7108.0,743,515.0,651.0,1166.0,2833.0,8265,0.0,13.198661145062719,0.5187256754583467,0.0037159858475394013,0.3104191862335156,12.490603891926666,20.381770665808943,16.417795110968157,4.738404631714377,1.0510091669347057,1.8687520102926987,12.746791572853008,16.04674332582824,20.099999999999998,26.8,47.0,0.0903647073013831,-1.326905757478289,-0.9439289160501769,-2.280701190093277,-1.7,7.338493084593118,14.523070119009327,0.0,0.04082100353811515,7.3311796397555495,14.493514795754262,2.3351358957864266,4.383937761338051,5.6259448375683485,9.02569958185912,14.65164441942747,1.5389152460598263,1.0510091669347057,1.354338211643615,2.407265197812802,5.836880829848826,17.029418623351557,106.6597378578321,106.09178996461885,0.0,0.0,0.0,3.4601941747572815,96.53980582524272,-1.1838187702265373,-1.0577346278317152,165.0,111.0,421.0,74.0,265.0,,878.0,55.0,185.0,7.674519956850054,0.3332661272923409,0.40614929881337647,0.1953074433656958,0.061636353829557705,0.0039967637540453075,0.6276933117583604,0.4277290183387271,0.35250830636461705,0.4129638619201726,0.6449138079827401,0.19622437971952536,0.05038198489751888,120.0,0.2599642934196332,0.0,0.0,0.0,0,0,0,0.0,0.0,0.0032142857142857142,0,0,0,0,0,0,0,0,0,1,0,0.0,0,0.0,0,0.0,0,0.0007142857142857143,0,0.0,,,1988,2004,14,0.9960032362459545
Horace Grant,grantho01,82,215.0,1965-07-04,Clemson,1988,2001,1987-11-07T00:00:00Z,False,14,NBA,"CHI, ORL, SEA, LAL",PF,1029,950.0,34.22740524781341,4.927113702623907,9.6511175898931,0.5105226059812707,0.003887269193391642,0.06025267249757046,0.06451612903225806,4.923226433430515,9.59086491739553,0.5133245516263046,0.510723995569429,1.9387755102040816,2.806608357628766,0.6907894736842105,3.1360544217687076,5.339164237123421,8.475218658892128,2.32555879494655,1.0291545189504374,1.0359572400388728,1.1875607385811466,2.564625850340136,11.796890184645287,35220.0,5070,9931,4.0,62.0,5066.0,9869.0,1995,2888,3227.0,5494.0,8721.0,2393,1059.0,1066.0,1222.0,2639.0,12139,0.0,16.269114139693354,0.5403397501419648,0.006269676320272572,0.289772402044293,10.637771152754118,17.98831345826235,14.320596252129471,10.016638273708118,1.5586399772856332,2.0319789892106757,9.74783361726292,15.488052243043724,64.60000000000001,46.00000000000001,110.2,0.15049125496876775,1.0871862578080635,0.46728279386712107,1.5551476433844404,31.4,7.42052810902896,14.57786484951732,0.0,0.08406587166382738,7.412734241908006,14.492021578648494,2.9191311754684843,4.223554798409993,4.736317433276548,8.056036342986939,12.784991482112437,3.506519023282226,1.5586399772856332,1.5569818285065304,1.797067007382169,3.8536399772856336,17.787069846678026,117.2695059625213,104.32495741056218,0.0,0.0,0.6380327324084074,81.12943424441306,18.232533023178533,1.9002160006646176,3.4415302816316355,205.0,54.0,430.0,27.0,268.0,,1675.0,67.0,115.0,12.807227714546814,0.23900265846971833,0.1007471961452189,0.15171047603223395,0.5017628146548143,0.0068367533438564426,0.6473547395530448,0.3440211846805682,0.3156597158760489,0.45304776937775193,0.7994889091966437,0.20736063803273241,0.029444545983218412,89.0,0.09045709063720198,0.20736063803273241,2.0,0.0,4,0,1,0.12257142857142858,0.009142857142857144,0.026,0,4,9,0,0,0,6,0,0,1,0,0.0,0,0.0,0,0.0,0,0.0,0,0.0026428571428571425,,,1988,2004,14,0.9931632466561434
Scottie Pippen,pippesc01,80,210.0,1965-09-25,University of Central Arkansas,1988,2001,1987-11-07T00:00:00Z,True,14,NBA,"CHI, HOU, POR",SF,1029,929.0,35.714285714285715,6.662779397473275,13.959183673469388,0.4773043720412141,0.8483965014577259,2.5694849368318757,0.3301815431164902,5.814382896015549,11.389698736637513,0.5104948805460751,0.507692843219159,2.7900874635568513,4.0,0.6975218658892128,1.8600583090379008,4.774538386783285,6.634596695821186,5.28377065111759,2.021379980563654,0.8532555879494655,2.811467444120505,2.8960155490767736,16.964042759961128,36750.0,6856,14364,873.0,2644.0,5983.0,11720.0,2871,4116,1914.0,4913.0,6827.0,5437,2080.0,878.0,2893.0,2980.0,17456,17.0,19.080405442176875,0.5386517823129253,0.18697561904761906,0.2862482721088435,6.131659863945577,15.380092517006803,10.827284353741497,22.791567346938777,2.9413414965986395,1.603839455782313,15.366296598639456,22.868149659863946,55.599999999999994,61.5,117.29999999999998,0.15318786394557823,2.592065306122449,1.8039428571428573,4.410340136054422,59.49999999999999,9.678312925170069,20.272027210884353,1.2518884353741497,3.789847619047619,8.423189115646256,16.50486258503401,4.046914285714286,5.8008326530612235,2.6985469387755097,6.940010884353741,9.63727074829932,7.67570612244898,2.9413414965986395,1.2356571428571428,4.096854421768708,4.192165986394558,24.639760544217687,108.68536054421769,101.33227210884354,0.0,5.328178694158075,88.82491408934708,6.532216494845361,0.14192439862542955,8.085128865979382,2.299905498281787,476.0,165.0,325.0,85.0,423.0,,3716.0,100.0,175.0,14.503548109965635,0.2909450171821306,0.09795068728522337,0.10989209621993128,0.18973994845360828,0.31125403780068733,0.6422138316151204,0.34875111683848803,0.37456735395189,0.44151658075601374,0.5764451890034364,0.7682650343642611,0.050586941580756016,199.0,0.15778530927835052,0.3867005154639175,7.0,0.0,6,0,7,0.4660714285714285,0.3347857142857143,0.022714285714285715,8,10,11,3,5,7,10,0,0,1,0,0.051071428571428566,0,0.0,0,0.0,0,0.002357142857142857,0,0.035928571428571435,,,1988,2004,14,0.6887459621993126
Mark Bryant,bryanma01,81,245.0,1965-04-25,Seton Hall,1989,2002,1988-11-04T00:00:00Z,False,14,NBA,"POR, HOU, PHO, CHI, CLE, DAL, SAS",PF,781,198.0,17.130601792573625,2.2202304737516005,4.432778489116517,0.5008665511265165,0.0012804097311139564,0.015364916773367477,0.08333333333333333,2.2189500640204867,4.41741357234315,0.5023188405797101,0.5010109763142692,1.064020486555698,1.5262483994878362,0.6971476510067114,1.4238156209987196,2.381562099871959,3.8053777208706787,0.6235595390524968,0.4212548015364917,0.24839948783610755,0.8373879641485276,2.560819462227913,5.505761843790013,13379.0,1734,3462,1.0,12.0,1733.0,3450.0,831,1192,1112.0,1860.0,2972.0,487,329.0,194.0,654.0,2000.0,4300,0.0,10.974871066596904,0.53886583451678,0.003393078705433889,0.34409634501831227,9.21094252186262,15.759563495029523,12.458748785409972,5.472479258539502,1.2361387248673295,0.9911652589879663,14.259869945436877,14.865251513566037,11.9,14.6,26.3,0.09404305254503326,-2.8188803348531284,-0.2838478212123477,-3.1083115329994766,-3.9000000000000004,6.517183646012407,12.947126093131029,0.0049181553180357275,0.03949473054787354,6.5122654906943716,12.912549517901189,3.103669930488078,4.471223559309365,4.173443456162643,6.947447492338738,11.102160101651844,1.8389565737349576,1.2361387248673295,0.7240526197772629,2.454660288511847,7.4765154346363705,16.109058973017415,107.52216159653187,106.10053068241274,0.0,0.0,3.8874976639880394,67.50252289291721,28.609979443094748,-2.9100355073817976,-0.025247617267800563,77.0,56.0,264.0,71.0,164.0,,484.0,32.0,99.0,7.600728835731639,0.30399514109512243,0.43303120911979065,0.2052435058867501,0.056169687908802085,0.0015047654643991777,0.6376114744907494,0.46297776116613715,0.4057021117548121,0.48070996075499917,0.6446452999439357,0.0,0.04146776303494674,47.0,0.0,0.0,1.0,0.0,0,0,0,0.0,0.0,0.0,0,0,0,0,0,0,0,0,0,0,0,0.0,0,0.0,0,0.0,0,0.0,0,0.0,,,1989,2003,14,0.9984952345356009
Dan Majerle,majerda01,78,215.0,1965-09-09,Central Michigan University,1989,2002,1988-11-04T00:00:00Z,False,14,NBA,"PHO, CLE, MIA, PHO",SG,955,454.0,31.62931937172775,4.136125654450262,9.603141361256544,0.43070548467996944,1.4240837696335078,3.9769633507853404,0.35808320168509744,2.712041884816754,5.626178010471204,0.4820398287734971,0.5048522516628503,1.743455497382199,2.351832460732984,0.7413178984861977,1.1780104712041886,3.287958115183246,4.465968586387435,2.884816753926702,1.250261780104712,0.3769633507853403,1.168586387434555,2.0178010471204186,11.43979057591623,30206.0,3950,9171,1360.0,3798.0,2590.0,5373.0,1665,2246,1125.0,3140.0,4265.0,2755,1194.0,360.0,1116.0,1927.0,10925,0.0,13.840150963384756,0.5363870754154805,0.4514859961597034,0.23416351056081575,4.360190028471164,11.602691518241409,8.074942064490498,13.337684565980267,2.004293848904191,0.7936601999602729,10.21296762232669,16.24221677812355,44.599999999999994,34.0,78.39999999999998,0.12474511686419915,1.0673607892471693,0.8024432232006885,1.8782394226312653,29.800000000000004,6.599493478116931,15.356518572469048,2.3372972257167453,6.552281003774085,4.256955571740714,8.820065549890751,2.7487088657882546,3.7077567370721045,1.8582102893464876,5.331152751109052,7.186118651923459,4.653760842216778,2.004293848904191,0.5975468449976825,1.8722174402436602,3.2551446732437266,18.261438124875852,113.31444083956829,105.7470701185195,0.617273673257024,51.874089490114464,47.425390218522374,0.7783558792924038,0.0,6.285161290322581,3.022788761706556,201.0,42.0,249.0,23.0,99.0,,1779.0,26.0,81.0,19.574734651404786,0.1709787721123829,0.04836711758584808,0.027560249739854315,0.05936378772112383,0.693799167533819,0.6123452653485952,0.31615338189386055,0.28370530697190427,0.2957669094693028,0.5848969823100936,0.9218620187304891,0.010779604578563997,20.0,0.2066655567117586,0.3693637877211238,0.0,0.0,0,0,3,0.07235714285714286,0.008,0.0045,0,2,7,0,0,0,2,0,0,1,0,0.0,0,0.0,0,0.04164285714285714,0,0.0,0,0.0007142857142857143,,,1989,2002,14,0.30620083246618107
Brian Shaw,shawbr01,78,190.0,1966-03-22,"Saint Mary's, UC Santa Barbara",1989,2003,1988-11-04T00:00:00Z,False,14,NBA,"BOS, MIA, ORL, GSW, PHI, POR, LAL",PG,943,361.0,22.975609756097562,2.745493107104984,6.806998939554613,0.4033338526250195,0.45705196182396607,1.501590668080594,0.3043785310734463,2.288441145281018,5.305408271474019,0.4313411952828303,0.43690606013397726,0.9946977730646872,1.271474019088017,0.7823185988323603,0.8197242841993637,2.555673382820785,3.3753976670201484,4.154825026511134,0.792152704135737,0.2672322375397667,1.7645811240721103,2.066808059384942,6.942735949098622,21666.0,2589,6419,431.0,1416.0,2158.0,5003.0,938,1199,773.0,2410.0,3183.0,3918,747.0,252.0,1664.0,1949.0,6547,1.0,11.708294101356964,0.46997050678482405,0.23052653927813163,0.1855549709221822,4.089333517954398,12.41325117695929,8.299446136804209,25.82241299732299,1.750244622911474,0.7783624111511124,19.30234930305548,17.26533277947014,3.4999999999999996,20.399999999999995,23.600000000000005,0.05262757315609711,-1.1400673866888211,0.11395273700729254,-1.0386411889596603,5.4,6.080587094987538,15.104915535862641,1.0385396473737654,3.3985368780577865,5.043681344041356,11.705787870396014,2.192061294193668,2.819675990030462,1.809669528293178,5.689139665835872,7.490192005907874,9.216491276654668,1.750244622911474,0.5985322625311548,3.908912581925598,4.6031062494230595,15.375131542509,99.50738484261055,107.36319579063971,44.25252651278852,53.9857766687461,1.9903930131004366,0.0,0.0,-2.664865876481598,-6.639488459139115,370.0,78.0,319.0,24.0,102.0,,2676.0,19.0,111.0,15.104741110417965,0.21116681222707426,0.1654421709295072,0.10474834684965689,0.1996007485963818,0.3183162819713038,0.5384840923268871,0.30435346225826576,0.3361392389270119,0.3677045539613225,0.5021577043044292,0.9187543356207111,0.0004658764815970056,0.0,0.07678116032439176,0.3060724890829694,9.0,0.0,3,0,0,0.0026428571428571425,0.0,0.038714285714285715,0,0,1,0,0,0,0,0,1,1,0,0.0,0,0.0,0,0.0,0,0.0,0,0.0,,,1989,2003,14,0.6816837180286963
Rod Strickland,stricro02,75,175.0,1966-07-11,DePaul,1989,2002,1988-11-04T00:00:00Z,False,14,NBA,"NYK, SAS, POR, WSB, WAS, POR, MIA",PG,970,720.0,32.25257731958763,5.297938144329897,11.602061855670103,0.4566376399502399,0.18865979381443299,0.6618556701030928,0.2850467289719626,5.1092783505154635,10.94020618556701,0.46701846965699206,0.4647680824595699,3.37319587628866,4.684536082474227,0.7200704225352113,1.1494845360824741,2.775257731958763,3.924742268041237,7.720618556701031,1.579381443298969,0.2020618556701031,2.768041237113402,1.9608247422680412,14.157731958762886,31285.0,5139,11254,183.0,642.0,4956.0,10612.0,3272,4544,1115.0,2692.0,3807.0,7489,1532.0,196.0,2685.0,1902.0,13733,6.0,18.27682595493048,0.5172664855361995,0.05488470513025411,0.40173655106280975,3.974591657343775,9.828726226626177,6.860463480901392,37.52440147035321,2.482368547227106,0.4216813169250439,16.83558254754675,22.006022055298068,47.699999999999996,35.3,83.0,0.12735681636567045,2.1933642320600923,0.38199456608598364,2.569953651909861,36.0,8.339856161099567,18.281527888764582,0.2939204091417612,1.0486015662458044,8.02949656384849,17.22271376058814,5.315477065686431,7.353699856161101,1.7918842895956528,4.387223909221671,6.165897394917691,12.162032923126102,2.482368547227106,0.3131532683394599,4.356691705290074,3.0837334185712004,22.268486495125458,108.2210644078632,105.42521975387567,92.87535179973337,6.954747444822989,0.16990075544363797,0.0,0.0,-0.7342541845652497,1.693045474744482,664.0,255.0,307.0,85.0,731.0,,6878.0,178.0,266.0,10.790164420085912,0.3344277884757814,0.15527114501555325,0.22548874240853206,0.23674396385720636,0.04810828025477707,0.5862040438453562,0.3459946674566731,0.3705526588653532,0.4290700636942676,0.2580476966375352,0.5691968597244853,0.0004439342319656347,2.0,0.06142186342764035,0.1594326766404977,5.0,1.0,0,0,0,0.0012142857142857144,0.0305,0.026785714285714284,0,0,1,0,1,1,6,0,1,1,0,7.142857142857143e-05,0,0.0,0,0.0,0,0.0020714285714285713,0,0.0,,,1989,2005,14,0.9518917197452229
Avery Johnson,johnsav01,70,175.0,1965-03-25,"Cameron University, Southern University and A&M College",1989,2002,1988-11-05T00:00:00Z,False,14,NBA,"SEA, DEN, SAS, HOU, SAS, GSW, SAS, DEN, DAL",PG,960,636.0,26.6125,3.6239583333333334,7.515625,0.4821898821898822,0.028125,0.18854166666666666,0.14917127071823205,3.595833333333333,7.327083333333333,0.4907591697469434,0.4840609840609841,1.525,2.159375,0.7062228654124457,0.38125,1.3760416666666666,1.7572916666666667,5.907291666666667,1.00625,0.15625,1.7375,1.665625,8.801041666666666,25548.0,3479,7215,27.0,181.0,3452.0,7034.0,1464,2073,366.0,1321.0,1687.0,5671,966.0,150.0,1668.0,1599.0,8449,0.0,14.596485047753248,0.5187933693439799,0.025350281822451855,0.2869367073743541,1.650266165648974,5.693956474087992,3.7307225614529513,34.23809691560984,1.9497377485517458,0.4099381556286206,17.088249569437924,17.097843275403164,33.6,22.5,56.0,0.10512517613903243,0.36720682636605595,-0.20241506184437139,0.15308047596680752,14.0,7.051518709879443,14.615183184593706,0.0477297635822765,0.36819711914826986,6.985321747299201,14.276115547205261,2.955859558478158,4.191236104587444,0.7337599812118365,2.6767222483168935,3.4136566463128224,11.50203929857523,1.9497377485517458,0.3252779082511352,3.374334585877563,3.232757945827462,17.14322843275403,109.11413809300142,107.54630499452011,100.0,0.0,0.0,0.0,0.0,2.198154766852298,-0.7668772338126506,449.0,126.0,236.0,31.0,303.0,,5409.0,74.0,233.0,9.840769678330977,0.41891197739173797,0.1729464716149946,0.10631327404205802,0.2800110547751642,0.021487740004987117,0.5789791372288255,0.3976986119192087,0.3776076801595877,0.4292718809741501,0.396198071648242,0.7804006317014379,0.0004191671515252265,2.0,0.23966353586568034,0.07682021444601446,9.0,0.0,1,0,0,0.0,0.0006428571428571429,0.0,0,0,0,0,0,0,3,0,0,0,0,0.0,0,0.0,0,0.0,0,0.0027142857142857142,0,0.0,,,1989,2004,14,0.978512259995013
Grant Long,longgr01,80,225.0,1966-03-12,Eastern Michigan,1989,2002,1988-11-05T00:00:00Z,False,14,NBA,"MIA, ATL, DET, ATL, VAN, MEM",PF,962,672.0,29.133056133056133,3.581081081081081,7.661122661122661,0.46743554952510175,0.08627858627858628,0.30145530145530147,0.28620689655172415,3.494802494802495,7.35966735966736,0.4748587570621469,0.47306648575305293,2.5706860706860706,3.3773388773388775,0.7611572791628193,2.228690228690229,4.082120582120582,6.3108108108108105,1.7577962577962578,1.237006237006237,0.3794178794178794,1.6725571725571726,3.0093555093555096,9.819126819126819,28026.0,3445,7370,83.0,290.0,3362.0,7080.0,2473,3249,2144.0,3927.0,6071.0,1691,1190.0,365.0,1609.0,2895.0,9446,0.0,13.447562977235423,0.534667558695497,0.04027642189395561,0.4398052522657532,8.619935060301149,16.379208592021698,12.435142367801326,9.234129023050023,2.16444373082138,0.8755548419324913,15.546649539713123,16.174288160993363,27.300000000000004,32.5,59.7,0.10210779276386214,-1.0797759223578105,0.5914186826518233,-0.49205737529436944,10.6,6.302579747377434,13.501644901163209,0.1541568543495326,0.5468993077856277,6.148854634981802,12.942039534717763,4.517173339042318,5.9481624206094335,3.924316705915935,7.211453650181973,11.135770356097908,3.095051024049097,2.16444373082138,0.6635873831442233,2.9357667879825873,5.2834439449083,17.266991365160923,107.62088774709198,105.83658031827589,0.0,0.15382585751978892,36.34076517150396,58.323614775725595,5.02796833773087,-1.4171108179419523,1.0644063324538262,170.0,67.0,276.0,64.0,257.0,,841.0,40.0,91.0,12.374102902374672,0.2696187335092348,0.14042137203166227,0.14574920844327177,0.38210883905013193,0.061822295514511884,0.6397076517150396,0.3690292875989446,0.30284920844327173,0.3990973614775725,0.7048610817941953,0.7811345646437995,0.05266358839050131,81.0,0.2387980211081794,0.21602612137203167,1.0,0.0,0,0,0,0.0012142857142857144,0.0,0.017857142857142856,0,0,1,0,0,0,0,0,0,1,0,0.0,0,0.0,0,0.0,0,0.0015,0,0.0,,,1989,2003,14,0.9381777044854881
Mitch Richmond,richmmi01,77,215.0,1965-06-30,"Moberly Area Community College, Kansas State",1989,2002,1988-11-05T00:00:00Z,True,14,NBA,"GSW, SAC, WAS, LAL",SG,976,902.0,35.15266393442623,7.484631147540983,16.432377049180328,0.455480733258511,1.3586065573770492,3.5010245901639343,0.3880597014925373,6.126024590163935,12.931352459016393,0.4737342524364155,0.49682005237560795,4.673155737704918,5.496926229508197,0.8501397949673811,0.9026639344262295,2.9918032786885247,3.894467213114754,3.4815573770491803,1.2407786885245902,0.26024590163934425,2.6424180327868854,2.564549180327869,21.001024590163933,34309.0,7305,16038,1326.0,3417.0,5979.0,12621.0,4561,5365,881.0,2920.0,3801.0,3398,1211.0,254.0,2579.0,2503.0,20497,3.0,17.56969308344749,0.5560558454049958,0.2140201696347897,0.3334516890611793,2.8267976332740683,9.480827188201348,6.1478475035704925,16.743819405986766,1.7660497245620683,0.4983852633419802,12.300769477396603,26.002830161182196,59.1,20.099999999999998,79.30000000000001,0.11094415459500423,2.297805240607421,-0.9103733714185783,1.3813022822000056,29.299999999999997,10.54911539246262,23.189999708531293,1.9620799207205106,5.062167361333762,8.561899210119794,18.128333673380165,6.5860328193768405,7.755093415721822,1.2434200938529247,4.204063073829025,5.447905797312659,4.896592730770351,1.7660497245620683,0.36055553936284945,3.7118482030953985,3.6270541257396016,29.641385642251304,109.48899705616601,110.29796846308548,2.356052984574111,89.72510060362173,8.134221998658619,0.0,0.0,-2.1658786049631122,4.753521126760563,396.0,195.0,320.0,87.0,655.0,,2310.0,141.0,292.0,15.790165995975856,0.17609641180415828,0.0893604124748491,0.15243167337357477,0.31220833333333337,0.27026735412474845,0.5878386150234741,0.34272040576794094,0.3930081321260899,0.439857729711603,0.5389196009389671,0.8274902749832326,0.005669768611670021,30.0,0.17434624413145539,0.4106707746478873,0.0,0.0,1,0,6,0.0455,0.13242857142857142,0.07142857142857142,0,0,6,0,3,5,10,1,1,1,0,0.0006428571428571429,1,0.941,0,0.0,0,0.0,0,0.0,,,1989,2002,14,0.7297326458752516
Danny Manning,mannida01,82,230.0,1966-05-17,Kansas,1989,2002,1988-11-12T00:00:00Z,False,14,NBA,"LAC, ATL, PHO, MIL, UTA, DAL",PF,870,398.0,27.71609195402299,5.7620689655172415,11.267816091954023,0.5113740691625013,0.04367816091954023,0.21954022988505748,0.19895287958115182,5.718390804597701,11.048275862068966,0.5175821889305036,0.5133122513516271,2.608045977011494,3.579310344827586,0.7286448298008992,1.742528735632184,3.5413793103448277,5.283908045977012,2.363218390804598,1.139080459770115,0.860919540229885,2.12183908045977,3.314942528735632,14.175862068965516,24113.0,5013,9803,38.0,191.0,4975.0,9612.0,2269,3114,1516.0,3081.0,4597.0,2056,991.0,749.0,1846.0,2884.0,12333,1.0,16.928113465765353,0.5500307303114502,0.019694563098743418,0.3150757682577862,7.068672500311037,14.431937129349313,10.770364533654046,13.823004188611952,2.0520590552813838,2.082752042466719,14.183805416165555,23.131638535229968,26.599999999999998,28.3,54.900000000000006,0.10920159250196991,0.3326462903827811,0.6806743250528762,1.0059428524032679,18.300000000000004,10.375150333844815,20.300721602455106,0.07741881972380045,0.4011611993530461,10.304242524779164,19.894148384688755,4.67897814456932,6.439107535354372,3.132600671836769,6.417032306224858,9.55022601915979,4.268643470327209,2.0520590552813838,1.5568697383154317,3.798336996640817,6.011811056276697,25.52620163397338,106.16041139634223,105.52909219093435,0.0,0.0,3.0129489372098703,56.28426581969216,41.182628878573176,2.7564744686049347,0.7577571463474225,258.0,79.0,477.0,79.0,335.0,,1345.0,95.0,108.0,10.102589787441975,0.29988981187393104,0.2417817004642072,0.22782323479110678,0.19923369166870267,0.030910823356950896,0.6990549719032494,0.47019765453212803,0.3856943562179331,0.41291461031028587,0.7020494747129244,0.5616511116540435,0.015842413877351576,42.0,0.1926313217688737,0.3380283410701197,3.0,0.0,0,0,2,0.0,0.016714285714285713,0.0074285714285714285,0,0,0,0,0,0,4,0,0,1,0,7.142857142857143e-05,0,0.0,1,0.03571428571428571,0,0.0,0,0.0,,,1989,2003,14,0.969089176643049
Steve Kerr,kerrst01,75,175.0,1965-09-27,Arizona,1989,2002,1988-12-17T00:00:00Z,False,14,NBA,"PHO, CLE, ORL, CHI, SAS, POR",PG,835,30.0,18.269461077844312,2.31377245508982,4.798802395209581,0.482156226603444,0.8107784431137725,1.7664670658682635,0.4589830508474576,1.5029940119760479,3.0323353293413176,0.49565560821484994,0.5666333915647617,0.7149700598802395,0.8287425149700599,0.8627167630057804,0.20838323353293414,0.9892215568862276,1.1976047904191616,1.9017964071856288,0.5377245508982036,0.05149700598802395,0.5616766467065868,0.9556886227544911,6.153293413173652,15255.0,1932,4007,677.0,1475.0,1255.0,2532.0,597,692,174.0,826.0,1000.0,1588,449.0,43.0,469.0,798.0,5138,0.0,13.188593903638152,0.5961313667649951,0.3715505080301542,0.17249216650278593,1.3192330383480826,6.1401114388725,3.749924614880367,15.193647984267452,1.524785316289741,0.18850213044903308,9.771668305473616,13.899849229760733,30.699999999999996,14.200000000000001,45.0,0.141575286791216,0.5567551622418879,0.3412389380530973,0.8767027204195346,11.200000000000001,6.611969845952148,13.708534906588003,2.3107243526712558,5.076722386102918,4.29417895771878,8.642825303179285,2.0329072435267124,2.366424123238282,0.6050409701737135,2.818236643723369,3.4321533923303837,5.412179613241559,1.524785316289741,0.15396263520157327,1.5992920353982303,2.73273025237627,17.601960013110457,123.32546705998034,107.45545722713864,84.4586646939153,15.541335306084704,0.0,0.0,0.0,5.738209728130203,-4.346106898464953,93.0,31.0,139.0,6.0,39.0,,994.0,7.0,27.0,19.42535601997411,0.03762215646384317,0.043876271499907527,0.1304804882559645,0.3390188644349917,0.4484610689846495,0.6159863140373589,0.43192935084150175,0.4564179766968744,0.5366959496948401,0.667892916589606,0.9229791011651562,0.0,0.0,0.11529443314222305,0.41071777325688924,0.0,0.0,4,0,0,0.0,0.0,0.0,0,0,0,0,0,0,0,0,0,0,0,0.0,0,0.0,0,0.0013571428571428571,0,0.0,0,0.0,,,1989,2003,14,0.5515389310153506
Dana Barros,barroda01,71,163.0,1967-04-13,Boston College,1990,2004,1989-11-03T00:00:00Z,False,14,NBA,"SEA, PHI, BOS, DET, BOS",PG,850,264.0,22.91764705882353,3.86,8.4,0.4595238095238095,1.2823529411764707,3.12,0.4110105580693816,2.5776470588235294,5.28,0.4881907308377897,0.5358543417366947,1.4694117647058824,1.7129411764705882,0.8578296703296703,0.27294117647058824,1.62,1.8929411764705881,3.3376470588235296,0.8705882352941177,0.05411764705882353,1.4270588235294117,1.2635294117647058,10.471764705882354,19480.0,3281,7140,1090.0,2652.0,2191.0,4488.0,1249,1456,232.0,1377.0,1609.0,2837,740.0,46.0,1213.0,1074.0,8901,1.0,16.437843942505133,0.5730834188911704,0.3745490246406571,0.20515087268993837,1.3201386036960987,8.305241273100616,4.723352156057495,23.696242299794665,1.9271919917864475,0.1668223819301848,13.460123203285425,19.994147843942503,38.7,11.100000000000001,49.699999999999996,0.12204481519507186,2.278803901437372,-0.5847125256673512,1.6991735112936346,18.2,8.576925051334701,18.670431211498972,2.8443172484599595,6.950852156057495,5.711940451745379,11.742546201232035,3.2754568788501026,3.8215246406570835,0.6022381930184806,3.5934702258726894,4.225508213552362,7.429727926078027,1.9271919917864475,0.13273613963039016,3.1705544147843945,2.8134804928131425,23.29174024640657,114.44194045174538,110.13716632443531,94.88665304197453,5.113346958025468,0.0,0.0,0.0,-4.144175444112562,-0.8876277314887597,222.0,93.0,173.0,17.0,99.0,,1972.0,12.0,73.0,17.48717182832888,0.17219698160666563,0.06082392705549442,0.07105596604307499,0.32839254834145576,0.3679757899701305,0.5269152648954567,0.3646406225436253,0.3717619871089451,0.5059223392548341,0.3948962427291307,0.8488039616412514,0.0,0.0,0.09172142744851437,0.3735396950165068,2.0,0.0,0,0,1,0.0,0.004357142857142857,0.0165,0,0,0,0,0,0,1,0,0,1,0,0.0,0,0.0,0,0.0,1,0.03471428571428571,0,0.0,,,1990,2004,14,0.6320242100298695
Vlade Divac,divacvl01,85,243.0,1968-02-03,,1990,2003,1989-11-03T00:00:00Z,True,14,NBA,"LAL, CHH, SAC",C,1038,898.0,30.241811175337187,4.699421965317919,9.451830443159922,0.49719702374885333,0.09441233140655106,0.3978805394990366,0.23728813559322035,4.605009633911368,9.053949903660886,0.5086188550755479,0.502191417796351,2.6107899807321773,3.7610789980732178,0.6941598360655737,2.6271676300578033,5.880539499036609,8.507707129094412,2.976878612716763,1.1820809248554913,1.4961464354527938,2.199421965317919,3.2389210019267822,12.104046242774567,31391.0,4878,9811,98.0,413.0,4780.0,9398.0,2710,3904,2727.0,6104.0,8831.0,3090,1227.0,1553.0,2283.0,3362.0,12564,7.0,17.84810933069988,0.5447994329584912,0.04163499092096461,0.39835516549329425,9.848628587811794,21.477445764709625,15.731582300659424,15.077754770475615,1.9837469338345384,3.2760886878404643,16.517505017361668,19.221452008537483,40.1,51.0,91.0,0.1392441464113918,0.5046796852601064,1.8099264120289256,2.29463221942595,33.9,7.888034787040871,15.91824089707241,0.16299894874327037,0.6758433946035488,7.749323054378643,15.23483482526839,4.380022936510464,6.319253926284605,4.420811697620337,9.89717753496225,14.29854735433723,5.008400496957727,1.9837469338345384,2.5286993087190597,3.7021980822528753,5.448918479819056,20.353413398744863,107.94160746710841,101.04440763276098,0.0,0.0,0.0,0.0,100.0,5.932966758310421,4.613421644588852,570.0,275.0,844.0,119.0,806.0,,3847.0,174.0,417.0,8.254642589352661,0.43608104223944016,0.26937084478880274,0.08247775556110971,0.17445782304423893,0.03746407148212947,0.6230209322669333,0.42395388652836796,0.3408002999250187,0.39732766808297926,0.5972944263934017,0.8997459385153711,0.05145532366908273,236.0,0.14213827793051736,0.21041027243189206,8.0,0.0,0,0,1,0.0,0.011928571428571429,0.05492857142857143,0,0,0,0,0,0,5,1,1,1,0,0.0,0,0.0,0,0.0,0,0.0007142857142857143,0,0.0,,,1990,2005,14,0.9625359285178706
Shawn Kemp,kempsh01,82,230.0,1969-11-26,"Trinity Valley CC, Kentucky",1990,2003,1989-11-03T00:00:00Z,False,14,NBA,"SEA, CLE, POR, ORL",PF,1051,728.0,27.871550903901046,5.237868696479543,10.730732635585158,0.4881184607199858,0.03139866793529972,0.11322549952426261,0.2773109243697479,5.206470028544244,10.617507136060894,0.4903665202975177,0.489581486079092,4.095147478591818,5.523311132254995,0.7414298018949181,2.879162702188392,5.526165556612749,8.405328258801141,1.621313035204567,1.1274976213130352,1.2169362511893436,2.631779257849667,3.6403425309229305,14.602283539486203,29293.0,5505,11278,33.0,119.0,5472.0,11159.0,4304,5805,3026.0,5808.0,8834.0,1704,1185.0,1279.0,2766.0,3826.0,15347,1.0,19.08283207592257,0.5539277984501416,0.01068873109616632,0.5126185436793773,12.22225446352371,23.42983647970505,17.835165397876626,9.790031748199228,2.0802614959205274,3.165766565391049,16.607390844228995,24.995244597685456,37.300000000000004,52.1,89.4,0.1466436349981224,0.11101286996893461,0.5007032396818352,0.602761751954392,19.500000000000004,9.662796572559996,19.81029256136278,0.03897518178404397,0.2024237872529273,9.605567883112005,19.60878025466835,7.56240398730072,10.194025876489265,5.297275799679103,10.192155122384188,15.49761376438057,2.9964735602362347,2.0802614959205274,2.221790188782303,4.849079984979347,6.717782405352815,26.94963984569692,106.05902434028607,100.0716553442802,0.0,0.0,0.0,51.563197856185795,48.436802143814205,1.345027542057466,1.2431963674259343,338.0,242.0,921.0,290.0,1025.0,,1671.0,200.0,575.0,8.950044662795891,0.44302679767753456,0.16738722644037515,0.12407734107488463,0.253268423403305,0.012587092451987494,0.5513978710733958,0.3216991216316808,0.334395489057615,0.3985384844424594,0.6892533869286884,0.5470448116718774,0.09104429060592524,451.0,0.21108471043620664,0.05433973500074438,2.0,0.0,0,0,6,0.03457142857142857,0.10392857142857141,0.006857142857142858,0,0,5,0,3,3,7,0,0,1,0,0.006357142857142858,0,0.0,0,0.0,0,0.002214285714285714,0,0.0006428571428571428,,,1990,2003,14,0.9874129075480126
Glen Rice,ricegl01,80,215.0,1967-05-28,Michigan,1990,2003,1989-11-03T00:00:00Z,False,14,NBA,"MIA, CHH, LAL, NYK, HOU",SF,982,876.0,35.35947046843177,6.877800407331976,15.062118126272912,0.4566290311676019,1.5824847250509164,3.938900203665988,0.40175801447776627,5.295315682281059,11.123217922606925,0.4760596905612011,0.509160976269353,3.2668024439918533,3.865580448065173,0.845100105374078,0.9541751527494908,3.4714867617107945,4.425661914460285,2.110997963340122,0.9694501018329938,0.269857433808554,1.7515274949083504,2.3818737270875765,18.60488798370672,34723.0,6754,14791,1554.0,3868.0,5200.0,10923.0,3208,3796,937.0,3409.0,4346.0,2073,952.0,265.0,1720.0,2339.0,18270,0.0,16.299452812257005,0.5537240733807562,0.2674052645220747,0.25780044926993634,3.1126803559600265,11.369518762779713,7.227431385536963,10.142726722921406,1.4142787201566684,0.5223914984304352,9.498266278835354,23.135043055035567,63.800000000000004,25.099999999999998,88.8,0.1226894565561732,1.7816087319644038,-0.9096708233735563,0.8778936151830199,24.999999999999996,10.02812544998992,21.940105981626008,2.3300060478645275,5.800763182904704,7.6883708204936205,16.151041096679435,4.801802839616393,5.686380785070415,1.3924315295337384,5.061967571926388,6.439083604527259,3.0832502951933876,1.4142787201566684,0.3861302306828327,2.5565619330127003,3.4843187512599716,27.18423523313078,111.53163609135156,109.04605016847623,0.0,4.6799338934031125,90.19411926731856,5.1259468392783365,0.0,3.7019005646605145,1.2473763944360285,296.0,141.0,405.0,111.0,584.0,,1652.0,119.0,242.0,15.518489188816968,0.19665349125464812,0.11387178074645367,0.13664846439884315,0.25517938300509574,0.29771581049442225,0.5721591378597989,0.3831812422531331,0.40451267043107014,0.4713301886792453,0.6449820272689712,0.9242153284671533,0.031712780608731575,181.0,0.19497335077812972,0.42534134416747005,3.0,0.0,1,0,3,0.004928571428571429,0.06664285714285714,0.0275,0,0,1,0,1,2,6,0,1,1,0,0.008785714285714287,0,0.0,0,0.0,0,0.007357142857142858,0,0.0,,,1990,2004,14,0.7022841895055777
Clifford Robinson,robincl02,82,225.0,1966-12-16,UConn,1990,2003,1989-11-03T00:00:00Z,False,14,NBA,"POR, PHO, DET",SF,1097,719.0,32.09480401093892,5.944393801276208,13.378304466727439,0.4443308803488689,0.9015496809480401,2.5223336371923426,0.3574268160462595,5.0428441203281675,10.855970829535096,0.46452262994374005,0.47802534750613246,3.0145852324521423,4.357338195077484,0.6918410041841004,1.5113947128532361,3.398359161349134,4.90975387420237,2.350957155879672,1.1084776663628078,1.0948040109389243,1.9790337283500457,3.14767547857794,15.804922515952597,35208.0,6521,14676,989.0,2767.0,5532.0,11909.0,3307,4780,1658.0,3728.0,5386.0,2579,1216.0,1201.0,2171.0,3453.0,17338,0.0,15.484046239491025,0.5165954612588048,0.196199443308339,0.3241895307884572,5.256810952056351,12.078894001363327,8.648630992956146,12.243319700068168,1.7517325607816405,2.364607475573733,11.541433765053396,23.373471938195866,34.3,48.7,82.8,0.11308094751192908,0.37020847534651213,0.5746648488979778,0.9455095432856169,26.1,9.415380027266531,21.209989206998408,1.4697142694842082,4.1005850942967506,7.944555214723927,17.122727789138832,4.778081685980459,6.885687911838219,2.3830209043399226,5.380595319245625,7.7608185639627365,3.754149625085208,1.7517325607816405,1.7263093615087481,3.15714042263122,4.984784708020904,25.074931833674164,104.60676550783913,103.14408657123381,0.0,0.24823810040117097,39.60918356283205,53.448389894828146,7.244714301203513,3.5732570747045425,-0.8806245256424156,533.0,243.0,765.0,107.0,892.0,,3307.0,209.0,353.0,13.280375149083813,0.20768405074270843,0.21872780006505474,0.1670468394231812,0.15625181611189418,0.25032467743684267,0.6115457551772743,0.414339965304131,0.3731574325056923,0.43169559796161766,0.67140512848314,0.9658413206115146,0.03108641439878565,199.0,0.17131833459828685,0.3578763959666052,4.0,1.0,0,0,1,0.06057142857142857,0.0025714285714285713,0.024714285714285713,0,2,8,0,0,0,6,0,0,1,0,0.0,0,0.0,1,0.06485714285714286,0,0.0071428571428571435,0,0.001142857142857143,,,1990,2007,14,0.7496753225631574
David Robinson,robinda01,85,235.0,1965-08-06,United States Naval Academy,1990,2003,1989-11-04T00:00:00Z,True,14,NBA,SAS,C,987,985.0,34.72239108409321,7.462006079027356,14.408308004052685,0.5178960691934463,0.025329280648429583,0.10131712259371833,0.25,7.436676798378926,14.306990881458967,0.5197932157779194,0.5187750509809437,6.114488348530902,8.30901722391084,0.7358858675771247,3.1236068895643365,7.511651469098277,10.635258358662615,2.4731509625126646,1.4062816616008105,2.99290780141844,2.4488348530901725,2.872340425531915,21.06382978723404,34271.0,7365,14221,25.0,100.0,7340.0,14121.0,6035,8201,3083.0,7414.0,10497.0,2441,1388.0,2954.0,2417.0,2835.0,20790,14.0,26.171319774736656,0.5806756441306059,0.006354731405561553,0.5763128300895801,10.613410755449214,23.420390417554202,17.304330191707272,12.429150010212716,2.0847888885646757,5.694018266172566,11.961699395990781,26.231889936097573,98.5,80.1,178.79999999999998,0.2503501502728254,4.4220069446470776,3.0514925155379182,7.49186775991363,82.10000000000001,11.06115082723002,21.384739283942693,0.03669283067316391,0.1510840068862887,11.01486679700038,21.24794724402556,9.06874033439351,12.328974935076303,4.650322430042895,11.162317994806104,15.800353068191763,3.6809080563741947,2.0847888885646757,4.417145691692685,3.62865104607394,4.277289836888332,31.244600391001136,115.85497942867147,95.61643955530916,0.0,0.0,0.0,0.0,100.0,9.92070417145044,6.118163030998851,316.0,186.0,565.0,124.0,1165.0,,1584.0,237.0,335.0,7.390899349406813,0.4366054343666284,0.18876777650210483,0.25242824339839265,0.12076739380022962,0.0015630309988518944,0.6639989284347494,0.3505501722158439,0.3810729429774205,0.39956218905472635,0.6855581324148489,0.1880597014925373,0.13906781477229238,585.0,0.1918867202449292,0.0,0.0,0.0,2,0,10,0.3573571428571429,0.4054285714285714,0.07142857142857142,4,8,13,4,6,10,13,1,1,1,1,0.22307142857142856,1,1.0,0,0.0,0,0.0,1,0.09507142857142856,,,1990,2003,14,0.9984369690011482
Derrick Coleman,colemde01,82,230.0,1967-06-21,Syracuse,1991,2004,1990-11-02T00:00:00Z,False,14,NBA,"NJN, PHI, CHH, PHI",PF,776,672.0,33.31572164948454,5.944587628865979,13.300257731958762,0.44695281464974324,0.42010309278350516,1.4213917525773196,0.2955575702629193,5.524484536082475,11.878865979381443,0.4650683445432849,0.4627458579595001,4.282216494845361,5.570876288659794,0.768679157992135,2.6752577319587627,6.625,9.300257731958762,2.5579896907216493,0.7809278350515464,1.3543814432989691,2.6211340206185567,2.649484536082474,16.591494845360824,25853.0,4613,10321,326.0,1103.0,4287.0,9218.0,3323,4323,2076.0,5141.0,7217.0,1985,606.0,1051.0,2034.0,2056.0,12875,4.0,18.042234943720267,0.5251164661741383,0.10846930723707114,0.41459114996325375,8.746060418520095,22.14149228329401,15.413545816733068,12.973546590337678,1.1932502997717866,2.7511120566278575,14.241016516458439,23.824589022550573,28.5,36.00000000000001,64.3,0.11948775770703594,1.202030712103044,0.24362743201949488,1.4431555332069776,22.4,9.096348586237573,20.385893319924186,0.6414884152709551,2.2063706339689784,8.462306115344449,18.192526979460798,6.54927087765443,8.523927590608439,4.097002282133601,10.187444397168607,14.26828607898503,3.9017870266506787,1.1932502997717866,2.0753065408269826,4.020883456465401,4.07161257881097,25.409024097783618,105.06003171778904,103.14636599234132,0.0,0.0,0.2311212814645309,61.500686498855835,38.431045003813885,-1.238871090770404,-1.2288482074752098,398.0,273.0,555.0,84.0,765.0,,1873.0,141.0,425.0,10.749466056445462,0.2941920671243326,0.2129998474446987,0.23503913043478264,0.1285189168573608,0.12945171624713958,0.6369639969488942,0.38660167810831425,0.3365434019832189,0.36669931350114415,0.6224762776506484,0.9291135011441648,0.06920373760488177,318.0,0.12310732265446224,0.29329977116704803,3.0,0.0,0,0,1,0.0013571428571428571,0.028285714285714286,0.07142857142857142,0,0,1,0,0,2,4,1,1,1,0,0.0,1,0.719,0,0.0,0,0.002785714285714286,0,0.0,,,1991,2005,14,0.8705482837528603
Bimbo Coles,colesbi01,72,182.0,1968-04-22,Virginia Tech,1991,2004,1990-11-02T00:00:00Z,False,14,NBA,"MIA, GSW, ATL, CLE, BOS, MIA",PG,852,354.0,23.848591549295776,2.9917840375586855,7.03169014084507,0.42547154064429976,0.29577464788732394,1.1068075117370892,0.2672322375397667,2.6960093896713615,5.924882629107981,0.45503169572107766,0.44650308796528126,1.5,1.8497652582159625,0.8109137055837563,0.5504694835680751,1.585680751173709,2.136150234741784,3.8884976525821595,0.8626760563380281,0.1572769953051643,1.4870892018779343,2.140845070422535,7.779342723004695,20319.0,2549,5991,252.0,943.0,2297.0,5048.0,1278,1576,469.0,1351.0,1820.0,3313,735.0,134.0,1267.0,1824.0,6628,0.0,12.121861312072447,0.49321009892219103,0.15937157340420294,0.2612359368079138,2.5862493232934693,7.594684777794183,5.08048132289975,25.426453073478026,1.853373689650081,0.4613416014567646,15.890880456715388,17.115881687090898,14.900000000000002,12.5,27.499999999999996,0.06458861164427385,-1.3429548698262712,-0.29238151483832864,-1.616762635956494,1.9999999999999998,6.459476352182685,15.176637629804619,0.649500467542694,2.397337467395049,5.824243319060977,12.792169890250506,3.2220729366602683,3.975289138244993,1.178261725478616,3.445863477533343,4.620168315369851,8.394059747034795,1.853373689650081,0.3436094295979133,3.2268763226536734,4.623864363403711,16.767414734977113,104.39549190412914,109.62232393326443,97.03642787524366,2.963572124756335,0.0,0.0,0.0,-8.193347953216374,-3.168469785575049,236.0,88.0,281.0,45.0,142.0,,2648.0,26.0,143.0,14.448940058479531,0.17044237329434697,0.12042166179337233,0.24367507309941522,0.3367062621832359,0.12856481481481483,0.5578089668615984,0.31733516081871344,0.37074171539961015,0.43305981968810914,0.4825466617933723,0.6892206384015594,0.0030584795321637426,7.0,0.1610171783625731,0.20352765594541908,20.0,0.0,0,0,0,0.0012142857142857144,0.0,0.0,0,0,1,0,0,0,0,0,0,0,0,0.0,0,0.0,0,0.0,0,0.0,0,0.0,,,1991,2004,14,0.8714351851851851
Kendall Gill,gillke01,77,195.0,1968-05-25,Illinois,1991,2004,1990-11-02T00:00:00Z,False,14,NBA,"CHH, SEA, CHH, NJN, MIA, MIN, CHI",SG,952,791.0,30.669117647058822,5.2899159663865545,12.176470588235293,0.4344375431331953,0.3277310924369748,1.0945378151260505,0.29942418426103645,4.96218487394958,11.081932773109244,0.4477725118483412,0.4478951000690131,2.56827731092437,3.4107142857142856,0.753002771789344,1.3266806722689075,2.838235294117647,4.1649159663865545,3.0651260504201683,1.5808823529411764,0.4495798319327731,1.8119747899159664,2.6029411764705883,13.475840336134453,29197.0,5036,11592,312.0,1042.0,4724.0,10550.0,2445,3247,1263.0,2702.0,3965.0,2918,1505.0,428.0,1725.0,2478.0,12829,3.0,14.67870329143405,0.4901496044114121,0.09176764736103024,0.27868267287735043,4.766482857827859,10.654649450285987,7.647025379319793,16.00264068226188,2.6297667568585816,1.0014796040689111,11.706617118197077,21.833921293283556,19.400000000000002,28.000000000000004,47.50000000000001,0.07765616330444908,-0.3028119327328151,0.4284001781004898,0.119180052745145,15.699999999999998,8.750196938041581,20.18065897181217,0.5453128746104051,1.8329006404767612,8.208487173339726,18.33699010172278,4.252573894578211,5.653824023016063,2.2051477891564204,4.7389423570914815,6.932051238140904,5.067780936397575,2.6297667568585816,0.7338459430763434,2.9952871870397653,4.344073021200808,22.31866630133233,102.42672192348529,106.67582285851286,3.265407681510782,40.682850580579306,55.67245119305857,0.48175322189613373,0.0,-2.122642592828889,0.02039045553145327,350.0,186.0,567.0,112.0,653.0,,2803.0,122.0,464.0,13.487884394538726,0.29206947811662626,0.06802985836416997,0.14519299476840627,0.4007664284802858,0.09373714431542682,0.5702879290544851,0.2773431159882609,0.3036166262600485,0.4039462804644634,0.6335510399387521,0.939398685721577,0.03215184381778742,186.0,0.2719212070945515,0.24994481306622435,4.0,0.0,0,0,0,0.008571428571428572,0.001142857142857143,0.06042857142857143,0,0,3,0,0,0,3,1,1,1,0,0.0,0,0.0,0,0.0,0,0.005857142857142858,0,0.0012142857142857144,,,1991,2005,14,0.9062628556845731
Tyrone Hill,hillty01,81,240.0,1968-03-19,Xavier,1991,2004,1990-11-02T00:00:00Z,False,14,NBA,"GSW, CLE, MIL, PHI, CLE, PHI, MIA",PF,801,610.0,27.950062421972536,3.5380774032459428,7.044943820224719,0.5022151337940811,0.0,0.016229712858926344,0.0,3.5380774032459428,7.028714107365793,0.5033747779751332,0.5022151337940811,2.3270911360799,3.6217228464419478,0.6425370561875215,2.9912609238451937,5.5655430711610485,8.556803995006241,0.8077403245942572,0.766541822721598,0.4731585518102372,1.5530586766541823,3.6117353308364546,9.403245942571786,22388.0,2834,5643,0.0,13.0,2834.0,5630.0,1864,2901,2396.0,4458.0,6854.0,647,614.0,379.0,1244.0,2893.0,7532,0.0,14.02798374128998,0.5427088172235126,0.00233794890119707,0.516250625335001,12.523244595318921,23.53131588350902,17.99862872967661,4.651130069680186,1.4334018224048597,1.2109254958013222,15.311372163659103,16.458111488297302,24.5,31.599999999999998,56.20000000000001,0.12057039485438628,-1.341155976415937,-0.5200911202429873,-1.8506923351795606,0.7,6.678854743612649,13.286483830623547,0.0,0.019327318206181884,6.678854743612649,13.250594068250848,4.413551902805074,6.871582990887975,5.639650705735216,10.434058424155799,16.08295515454708,1.5429962479899946,1.4334018224048597,0.8951045202787207,2.929078077541541,6.73014114704306,17.764271038056105,108.03546542790781,102.70600321600858,0.0,0.0,1.514879281302639,67.86885377396327,30.931739793053662,1.6726157054624209,2.6769631828025986,180.0,156.0,577.0,146.0,683.0,,848.0,145.0,352.0,6.282746450629662,0.5119566054383573,0.2789655891553701,0.16307900858265822,0.04470835004411646,0.0017949787438838534,0.6350809336648753,0.3632699125691827,0.3569422475334884,0.23499197882409562,0.646109809898131,0.0,0.06316443410603995,175.0,0.0,0.0,0.0,0.0,0,0,1,0.009071428571428572,0.0009285714285714286,0.006857142857142858,0,0,3,0,0,0,1,0,0,1,0,0.0,0,0.0,0,0.0,0,0.0020714285714285717,0,0.0,,,1991,2004,14,0.9982050212561161
Scott Williams,willisc01,82,230.0,1968-03-21,UNC,1991,2004,1990-11-02T00:00:00Z,False,14,NBA,"CHI, PHI, MIL, DEN, PHO, DAL",C,727,266.0,16.599724896836314,2.169188445667125,4.6231086657496565,0.46920559357334124,0.0068775790921595595,0.06052269601100413,0.11363636363636363,2.1623108665749657,4.562585969738652,0.47392221887247515,0.46994941981553107,0.8707015130674003,1.2090784044016507,0.7201365187713311,1.7414030261348006,3.0398899587345256,4.781292984869326,0.5818431911966988,0.5350756533700137,0.5708390646492435,0.7427785419532325,2.594222833562586,5.21595598349381,12068.0,1577,3361,5.0,44.0,1572.0,3317.0,633,879,1266.0,2210.0,3476.0,423,389.0,415.0,540.0,1886.0,3792,0.0,13.405767318528339,0.5075614020550215,0.0134413324494531,0.2634533476963872,11.910225389459725,21.181488233344382,16.504565793834935,5.227543917799137,1.6818196884322174,2.442567119655286,12.676723566456745,15.711658932714617,11.199999999999998,15.1,26.299999999999997,0.10458294663573084,-2.357698044414982,-0.21145177328471998,-2.558758700696056,-1.8,6.784363606231354,14.48758700696056,0.016813059330460723,0.1908435531985416,6.770044746436856,14.274759695061318,2.738059330460722,3.80014086841233,5.445243619489559,9.503413987404706,14.963415644680145,1.8136642359960224,1.6818196884322174,1.7960639708319521,2.3367003646005964,8.1195558501823,16.318271461716936,107.32101425256877,104.03471992045078,0.0,0.0,0.0,27.137677053824362,72.86232294617564,-0.6714022662889516,1.316685552407932,80.0,71.0,481.0,71.0,177.0,,420.0,28.0,116.0,10.11014164305949,0.3220181303116148,0.17502662889518414,0.27891643059490084,0.2153332861189802,0.008709065155807365,0.5945151558073655,0.4320827195467422,0.44056572237960345,0.3501526912181303,0.7257984419263456,0.037322946175637396,0.05907422096317281,106.0,0.11752252124645893,0.037322946175637396,9.0,1.0,3,0,0,0.0,0.0,0.0,0,0,0,0,0,0,0,0,0,0,0,0.0,0,0.0,0,0.0,0,0.0,0,0.0,,,1991,2005,14,0.9912909348441926
Elden Campbell,campbel01,83,215.0,1968-07-23,Clemson,1991,2004,1990-11-03T00:00:00Z,False,14,NBA,"LAL, CHH, NOH, SEA, DET",PF,1004,670.0,25.284860557768923,4.006972111553785,8.677290836653386,0.4617768595041322,0.00199203187250996,0.0348605577689243,0.05714285714285714,4.004980079681275,8.642430278884461,0.463409012331451,0.46189164370982555,2.6264940239043826,3.7619521912350598,0.6981731532962668,1.844621513944223,4.154382470119522,5.999003984063745,1.1752988047808766,0.6912350597609562,1.5886454183266931,1.3326693227091633,2.937250996015936,10.642430278884461,25386.0,4023,8712,2.0,35.0,4021.0,8677.0,2637,3777,1852.0,4171.0,6023.0,1180,694.0,1595.0,1338.0,2949.0,10685,0.0,16.04047112581738,0.5145392342235878,0.003983297880721658,0.4348818640195383,8.319908611045458,18.588993933664224,13.490805956038763,7.654829433546049,1.4236350744504842,4.32999684865674,11.387256755692112,20.58231702513196,25.7,37.099999999999994,62.8,0.11873308122587255,-1.1119396517765698,0.6729969274403215,-0.4523201764752226,10.1,8.24494603324667,17.848534625384072,0.0,0.06369652564405578,8.235035058693768,17.768734735681086,5.42268573229339,7.738812731426771,3.784322067281178,8.570952493500355,12.365185535334435,2.4070905223351455,1.4236350744504842,3.2586661939651775,2.743405814228315,6.054821555187898,21.912526589458754,105.219727408808,102.26991255022453,0.0,0.0,0.0,43.19709985568002,56.80290014431998,2.352965431929077,-2.2714727510136763,265.0,222.0,879.0,199.0,1049.0,,1599.0,131.0,395.0,8.022245893753007,0.32219991753144117,0.3519230293450622,0.24442189540237783,0.07696213318672257,0.0042288502508418665,0.5841887842759949,0.4140888598721737,0.38406295099993126,0.3674680090715415,0.6775693766751426,0.17290907841385472,0.0845142601883032,382.0,0.2674624424438183,0.0,1.0,0.0,1,0,0,0.0012142857142857144,0.0004285714285714286,0.0,0,0,1,0,0,0,3,0,0,0,0,0.0,0,0.0,0,0.0,0,0.0019285714285714286,0,0.0,,,1991,2005,14,0.9957711497491581
Gary Payton,paytoga01,76,180.0,1968-07-23,Oregon State,1991,2004,1990-11-03T00:00:00Z,True,14,NBA,"SEA, MIL, LAL",PG,1109,1103.0,36.761045987376015,7.209197475202886,15.383228133453562,0.4686400937866354,0.8944995491433724,2.7844905320108206,0.32124352331606215,6.314697926059513,12.59873760144274,0.5012167191525909,0.4977139507620164,2.6816952209197473,3.6934174932371504,0.72607421875,1.1650135256988279,3.044183949504058,4.209197475202886,7.248872858431019,2.022542831379621,0.2344454463480613,2.447249774571686,2.533814247069432,17.99458972046889,40768.0,7995,17060,992.0,3088.0,7003.0,13972.0,2974,4096,1292.0,3376.0,4668.0,8039,2243.0,260.0,2714.0,2810.0,19956,15.0,19.938235871271587,0.5268026393249607,0.1716015502354788,0.23790848214285717,3.7180926216640504,9.63705357142857,6.669211145996861,33.37897125196232,2.845633830455259,0.46520555337519626,12.922679552590267,23.641851452119308,90.79999999999998,43.9,134.7,0.15857751177394033,3.2939609497645215,0.618968308477237,3.905560733908948,60.8,10.19316375588697,21.78551560047096,1.2813873626373626,3.97164442700157,8.943102433281005,17.814337225274727,3.8126815149136575,5.2295648547880695,1.6381132260596547,4.323832417582418,5.949062990580847,10.243911891679748,2.845633830455259,0.31328002354788065,3.4591861263736265,3.5551633634222917,25.49443681318681,111.61047880690738,105.18232437205651,85.72374738397144,14.276252616028561,0.0,0.0,0.0,4.367692560219952,5.087943698961795,793.0,400.0,441.0,171.0,929.0,,10990.0,248.0,542.0,11.722446550945874,0.32397706102014856,0.1817834133530305,0.12532902458040954,0.1478295375271862,0.22086035536952683,0.6565270630719356,0.38879744757683943,0.36848270343469164,0.3886667897738931,0.33302310312281996,0.7594514752349296,0.0009997537855472116,11.0,0.2242787557962986,0.3379349993844639,8.0,0.0,0,0,9,0.5513571428571429,0.38957142857142857,0.030214285714285714,9,9,13,2,7,9,11,0,1,1,0,0.058857142857142865,0,0.0,0,0.0,0,0.010571428571428574,1,0.08807142857142856,,,1991,2007,14,0.7791396446304731
Dikembe Mutombo,mutomdi01,86,245.0,1966-06-25,Georgetown,1992,2005,1991-11-01T00:00:00Z,True,14,NBA,"DEN, ATL, PHI, NJN, NYK, HOU",C,1009,914.0,33.530227948463825,3.950445986124876,7.6352824578790885,0.5173935617860852,0.0,0.0019821605550049554,0.0,3.950445986124876,7.633300297324083,0.5175279148273175,0.5173935617860852,3.195242814667988,4.685827552031714,0.6818950930626058,3.433102081268583,7.798810703666997,11.231912784935579,1.2071357779980179,0.4400396432111001,3.0693756194251733,2.058473736372646,3.0059464816650148,11.096134786917741,33832.0,3986,7704,0.0,2.0,3986.0,7702.0,3224,4728,3464.0,7869.0,11333.0,1218,444.0,3097.0,2077.0,3033.0,11196,10.0,17.511364979900687,0.573138034996453,0.0003290375975407898,0.6178356585481201,11.714329628753841,26.182747103334123,19.010977772523052,5.635892054859306,0.6800100496571293,6.388700047292504,17.435070347599904,15.558370773232443,44.1,62.00000000000001,106.2,0.15072463939465594,0.046674745802790255,1.745217545519035,1.786131473161504,32.2,6.148782218018443,11.879658311657602,0.0,0.0,6.148782218018443,11.879658311657602,4.991546464885316,7.315358240718846,5.357386497990069,12.1757537242847,17.540798652163637,1.8465742492314967,0.6800100496571293,4.787180775597069,3.208586545282573,4.689932608181603,17.29632005202176,110.68240127689761,99.37869472688578,0.0,0.0,0.0,0.0,100.0,4.898275063076051,9.340646722619844,174.0,267.0,818.0,253.0,971.0,,1275.0,197.0,323.0,5.6399979403738225,0.4431253797435765,0.4168466093404047,0.12802023582719735,0.012025693836568662,0.0,0.6573574996138202,0.42934704701096754,0.31524082179084495,0.18522182173935428,0.45777750888213786,0.0,0.1472238298748777,589.0,0.0,0.0,0.0,0.0,0,0,8,0.3325,0.06400000000000002,0.07142857142857142,3,6,11,0,1,3,8,1,1,1,0,0.0002142857142857143,0,0.036,0,0.0,0,0.0,4,0.15328571428571428,,,1992,2009,14,1.0
Stacey Augmon,augmost01,80,205.0,1968-08-01,UNLV,1992,2005,1991-11-02T00:00:00Z,False,14,NBA,"ATL, DET, POR, CHH, NOH, ORL",SG,965,469.0,22.044559585492227,3.1212435233160623,6.639378238341969,0.4701108162946777,0.012435233160621761,0.08186528497409326,0.1518987341772152,3.1088082901554404,6.557512953367875,0.4740834386852086,0.47104729202434836,1.9512953367875647,2.6797927461139897,0.7281515854601701,1.332642487046632,1.9450777202072538,3.277720207253886,1.5937823834196891,0.9968911917098445,0.322279792746114,1.2818652849740932,1.7720207253886011,8.206217616580311,21273.0,3012,6407,12.0,79.0,3000.0,6328.0,1883,2586,1286.0,1877.0,3163.0,1538,962.0,311.0,1237.0,1710.0,7919,0.0,13.763178677196445,0.5203214403234147,0.012452357448408781,0.4023106284962159,6.834038452498474,10.132957269778592,8.466328209467399,11.36666196587223,2.361834249988248,1.0344991303530295,14.16805810181921,18.17906736238424,19.599999999999998,24.0,43.50000000000001,0.09816810040896913,-0.8628919287359563,0.6977201146993841,-0.158971466177784,9.800000000000002,7.338325577022516,15.637813190429183,0.02220655290744136,0.19583509613124617,7.30932637615757,15.457899685046774,4.617660884689512,6.328745357965496,3.140384524984723,4.608672965731209,7.751116438678135,3.779476331500023,2.361834249988248,0.7729469280308373,3.0208809288769807,4.22088092887698,19.33278334038453,105.77370375593475,105.35862360738965,0.41351782863225117,44.69281532730176,53.55880787653007,1.2642895156998404,0.0,2.3450984566258644,-0.20171367748802557,178.0,130.0,352.0,69.0,366.0,,1447.0,55.0,153.0,9.515093134646088,0.3886921766897286,0.19335763704097925,0.17711293241085685,0.22698328898350184,0.014223948908994147,0.5703048430015966,0.367264928153273,0.37417498669505056,0.35936061734965413,0.6447362426822778,0.15071846726982438,0.06502767429483769,131.0,0.10297700904736562,0.0,7.0,0.0,0,0,0,0.03257142857142857,0.0007142857142857143,0.06871428571428571,0,0,6,0,0,0,2,1,1,1,0,0.0,0,0.0,0,0.0,0,0.0,0,0.0,,,1992,2006,14,0.9857760510910059
Steve Smith,smithst01,80,200.0,1969-03-31,Michigan State,1992,2005,1991-11-02T00:00:00Z,False,14,NBA,"MIA, ATL, POR, SAS, NOH, CHA, MIA",SG,942,717.0,30.63163481953291,4.892781316348195,11.130573248407643,0.4395803528850739,1.2186836518046709,3.40552016985138,0.35785536159601,3.6740976645435244,7.725053078556264,0.47560808025285145,0.49432522651406774,3.2526539278131636,3.8481953290870488,0.8452413793103448,1.1804670912951167,2.067940552016985,3.248407643312102,3.1019108280254777,0.7707006369426752,0.291932059447983,1.8195329087048833,2.418259023354565,14.256900212314225,28855.0,4609,10485,1148.0,3208.0,3461.0,7277.0,3064,3625,1112.0,1948.0,3060.0,2922,726.0,275.0,1714.0,2278.0,13430,1.0,16.0818333044533,0.5568466816842835,0.3073284699358863,0.34576662623462134,4.51624328539248,7.797976087333217,6.162502166002426,17.149066019753942,1.320554496621036,0.690635938312251,12.364799861375849,21.685669727950096,61.300000000000004,22.4,83.7,0.13926144515681857,2.0146699012302896,-0.6384543406688616,1.3762155605614277,24.6,8.511796915612546,19.346750996361116,2.13584474094611,5.936229422976954,6.375394212441519,13.415075376884422,5.6835487783746315,6.722734361462485,2.041036215560561,3.5865361289204643,5.640935713047999,5.365832611332525,1.320554496621036,0.5134153526251949,3.148875411540461,4.20391959798995,24.812555882862583,113.76000693120777,107.68840755501647,1.3007817057519542,83.27138023567845,15.392486290981216,0.39779488974448723,0.0,5.995140590362852,2.4404561894761407,371.0,207.0,463.0,179.0,619.0,,3319.0,108.0,259.0,14.753564344883909,0.21977867226694667,0.13153762688134407,0.16850355851125892,0.16846890677867227,0.31183578345583945,0.6012996733169992,0.4204894411387236,0.3917742970481857,0.3996909345467274,0.4543988449422471,0.7850964298214911,0.014733286664333219,80.0,0.2642677633881694,0.3971172558627931,21.0,0.0,1,0,1,0.002428571428571429,0.017785714285714287,0.07007142857142858,0,0,1,0,0,0,6,1,1,1,0,0.00014285714285714287,0,0.0,0,0.002285714285714286,0,0.0,0,0.0,,,1992,2005,14,0.6881642165441605
Kenny Anderson,anderke01,73,168.0,1970-10-09,Georgia Tech,1992,2005,1991-11-09T00:00:00Z,False,14,NBA,"NJN, CHH, POR, BOS, NOH, SEA, IND, ATL, LAC",PG,858,693.0,30.149184149184148,4.664335664335664,11.086247086247086,0.42073170731707316,0.6375291375291375,1.8414918414918415,0.34620253164556963,4.026806526806527,9.244755244755245,0.43557740796772565,0.44948486122792264,2.6083916083916083,3.301864801864802,0.7899752912107306,0.7808857808857809,2.297202797202797,3.078088578088578,6.055944055944056,1.4662004662004662,0.12937062937062938,2.061771561771562,2.300699300699301,12.574592074592074,25868.0,4002,9512,547.0,1580.0,3455.0,7932.0,2238,2833,670.0,1971.0,2641.0,5196,1258.0,111.0,1769.0,1974.0,10789,5.0,16.405926240915413,0.500162130817999,0.16510638626874902,0.29442028761404054,2.8793026132673574,8.714226070821091,5.735743002937993,33.14781196845524,2.5152543683315294,0.30104376063089533,14.119758002164838,21.239148755218803,36.199999999999996,26.2,62.30000000000001,0.11586983918354724,1.0708404205968767,0.3059880933972476,1.369305705891449,21.900000000000002,7.994425545074997,18.992685944023503,1.107982835936292,3.17138549559301,6.894614968300601,15.828413483841043,4.460035565177052,5.671091696304313,1.3433083346219266,3.945357198082573,5.290571362300913,10.401337559919593,2.5152543683315294,0.22373588990258236,3.543435905365703,3.9665223442090616,21.57321400958713,107.62954229163445,106.1616282665842,99.39817858121063,0.6018214187893728,0.0,0.0,0.0,0.9231854286496848,1.8166118871542045,497.0,226.0,459.0,73.0,468.0,,5593.0,112.0,333.0,12.665612161051767,0.29308038893453847,0.1287930703916735,0.1508705834018077,0.262861133935908,0.16409387838948233,0.5320907285675157,0.3406393453848261,0.3727868392221309,0.4291759107093947,0.3424114626129828,0.763887085729937,0.0,0.0,0.15441324294713776,0.26661524239934264,2.0,0.0,0,0,1,0.0,0.02485714285714286,0.0041428571428571434,0,0,0,0,0,0,3,0,0,1,0,0.0,0,0.0,0,0.0,0,0.0095,0,0.0,,,1992,2005,14,0.8359061216105177
Dale Davis,davisda01,83,230.0,1969-03-25,Clemson,1992,2005,1991-11-18T00:00:00Z,False,14,NBA,"IND, POR, GSW, IND",C/PF,1020,855.0,28.396078431372548,3.480392156862745,6.55,0.5313575812004191,0.0,0.006862745098039216,0.0,3.480392156862745,6.543137254901961,0.5319148936170213,0.5313575812004191,1.4676470588235293,2.614705882352941,0.5613048368953881,3.1598039215686273,5.090196078431372,8.25,0.9411764705882353,0.6676470588235294,1.2029411764705882,1.05,2.7411764705882353,8.428431372549019,28964.0,3550,6681,0.0,7.0,3550.0,6674.0,1497,2667,3223.0,5192.0,8415.0,960,681.0,1227.0,1071.0,2796.0,8597,0.0,15.307516227040464,0.5466384477282143,0.0010970860378400774,0.4003295815495098,13.3532385029692,20.611396906504627,17.059898494683054,5.178373152879438,1.2525687059798372,3.045898356580583,11.927551443170834,14.037891865764395,45.0,40.4,85.00000000000003,0.14131280209915756,0.3432226211849193,0.1816738019610551,0.5244890208534733,18.3,6.500507526584726,12.226857478248862,0.0,0.007464438613451182,6.500507526584726,12.211479767987846,2.7401912719237678,4.873874464852921,5.909708603784007,9.500200248584449,15.402834553238504,1.7631093771578512,1.2525687059798372,2.2419451733186024,1.9491713851677945,5.103093495373568,15.724582240022096,114.71847811075818,102.77554895732634,0.0,0.0,0.0,32.91539902998236,67.08460097001763,3.7156360229276895,0.6729442239858907,150.0,168.0,793.0,100.0,645.0,,1437.0,128.0,339.0,5.804106040564375,0.522407131834215,0.22700804673721345,0.19940349426807763,0.05015106922398589,0.0009532627865961199,0.655569389329806,0.32389864417989417,0.392387180335097,0.3546385582010582,0.6202824625220459,0.0,0.17790790343915341,701.0,0.0,0.0,1.0,0.0,0,0,1,0.02885714285714286,0.0004285714285714286,0.011,0,0,8,0,0,0,1,0,0,1,0,0.0,0,0.0,0,0.0,0,0.0014285714285714286,0,0.0,,,1992,2007,14,0.9990467372134038
Robert Horry,horryro01,82,240.0,1970-08-25,Alabama,1993,2006,1992-11-06T00:00:00Z,False,14,NBA,"HOU, PHO, LAL, SAS",PF,994,467.0,25.515090543259557,2.7082494969818915,6.310865191146881,0.42914076199585527,0.7313883299798792,2.1227364185110664,0.34454976303317536,1.976861167002012,4.188128772635815,0.47201537352870526,0.48708751793400284,1.2313883299798793,1.6800804828973843,0.732934131736527,1.545271629778672,3.415492957746479,4.9607645875251505,2.232394366197183,1.0985915492957747,0.9808853118712274,1.3199195171026157,2.535211267605634,7.379275653923541,25362.0,2692,6273,727.0,2110.0,1965.0,4163.0,1224,1670,1536.0,3395.0,4931.0,2219,1092.0,975.0,1312.0,2520.0,7335,0.0,13.51524722025077,0.5233461083510763,0.3392823121204952,0.2711707672896459,6.9869884078542706,14.774513051021213,10.969501616591751,12.899254790631655,2.2300528349499253,2.686010566989985,15.79050942354704,14.719860421102439,22.799999999999997,39.6,62.6,0.11803505244065926,-0.041542465105275594,1.9396814131377653,1.8671595300055202,24.900000000000002,5.50962463528113,12.816185632047945,1.4916094945193596,4.32140209762637,4.000733380648214,8.503426385931709,2.4958875483006078,3.422383881397366,3.1563086507373237,6.953260783849855,10.108429934547749,4.532083431906001,2.2300528349499253,1.9957771469127041,2.6688273795442,5.185423073890072,14.986534973582526,107.22431196277896,101.2173330179008,0.0,0.0,8.332205089632694,87.74131879152564,4.03209226526263,7.961959383226777,3.2464585683841043,433.0,150.0,815.0,85.0,368.0,11.0,2874.0,81.0,143.0,14.514648364046634,0.2735975930801053,0.11273392252726587,0.10655603610379841,0.14891469224019058,0.35796703021185905,0.6372406919894698,0.33345612385608625,0.3678691237307258,0.2947112949730475,0.6394423968910619,0.9128545192428231,0.08443161589570015,267.0,0.2352070327190673,0.39065381722452047,5.0,0.0,6,0,0,0.006142857142857143,0.0,0.03842857142857143,0,0,2,0,0,0,0,0,1,1,0,0.0,0,0.0,0,0.0005714285714285715,0,0.0,0,0.0,,,1993,2008,14,0.642032969788141
Shaquille O'Neal,onealsh01,85,325.0,1972-03-06,LSU,1993,2006,1992-11-06T00:00:00Z,True,14,NBA,"ORL, LAL, MIA",C,941,933.0,36.972369819341125,10.422954303931988,17.97555791710946,0.5798403783624002,0.0010626992561105207,0.021253985122210415,0.05,10.421891604675876,17.954303931987248,0.5804675939627109,0.5798699379249187,5.46971307120085,10.354941551540914,0.5282224958949097,3.844845908607864,7.931987247608927,11.77683315621679,2.786397449521785,0.6578108395324124,2.5260361317747075,2.8746014877789587,3.4399574920297558,26.316684378320936,34791.0,9808,16915,1.0,20.0,9807.0,16895.0,5147,9744,3618.0,7464.0,11082.0,2622,619.0,2377.0,2705.0,3237.0,24764,2.0,27.819743611853642,0.5840749906585035,0.0011498663447443306,0.5805498835905838,12.01457848294099,23.794852116926787,18.027153574200224,14.764436204765602,0.9220976689373688,4.7746399931016645,11.417435543675088,30.47626972492886,105.9,56.800000000000004,162.4,0.22411934120893334,5.303417550515938,0.7922681153171797,6.089434049035671,70.79999999999998,14.547756603719353,25.098008105544537,0.0,0.0195740277658015,14.547756603719353,25.069607082291395,7.641542352907361,14.463556666954098,5.377540168434365,11.080822626541346,16.433281595815007,3.905044408036561,0.9220976689373688,3.517863815354546,4.012299157828174,4.814791181627433,36.74656376649134,113.47032278462821,100.46169986490759,0.0,0.0,0.0,0.0,100.0,9.153671646844712,10.513404156261904,605.0,343.0,1259.0,352.0,2849.0,6.0,4371.0,903.0,426.0,4.475401024251915,0.49912667710669995,0.419944512633851,0.07764942650357642,0.002492402759554747,0.0007609091293858722,0.7514173191687477,0.43133872264781814,0.2878915224108012,0.1658458119947518,0.6280399542895839,0.0,0.20048910145172896,2145.0,0.0,0.0,4.0,0.0,4,3,13,0.1287857142857143,0.6692142857142857,0.07142857142857142,0,3,12,8,10,13,14,1,1,1,1,0.3127142857142857,1,0.98,0,0.0,0,0.0017857142857142859,0,0.017714285714285714,,,1993,2011,14,0.999239090870614
Alonzo Mourning,mournal01,82,240.0,1970-02-08,Georgetown,1993,2007,1992-11-13T00:00:00Z,True,14,NBA,"CHH, MIA, NJN, MIA",C,813,686.0,31.47109471094711,6.228782287822878,11.81549815498155,0.5271705184259837,0.02706027060270603,0.10947109471094711,0.24719101123595505,6.201722017220172,11.706027060270603,0.5297887989912787,0.5283156360607953,4.934809348093481,7.116851168511685,0.6933978568959558,2.644526445264453,6.019680196801968,8.664206642066421,1.154981549815498,0.5043050430504306,2.846248462484625,2.6863468634686347,3.3874538745387452,17.419434194341942,25586.0,5064,9606,22.0,89.0,5042.0,9517.0,4012,5786,2150.0,4894.0,7044.0,939,410.0,2314.0,2184.0,2754.0,14162,0.0,21.30884077229735,0.5824620104744781,0.0089128038771203,0.607902368482764,10.070655827405613,21.453185335730474,15.96720862971938,6.770808254514187,0.8556319862424764,6.531196748221684,15.288208395216135,25.69248026264363,41.300000000000004,47.6,88.9,0.1668260376768545,0.8343859923395607,1.402849214414133,2.2317517392323927,27.099999999999998,10.451641522707732,19.813143906824045,0.04386774017040569,0.1896505901664973,10.407773782537326,19.618404596263584,8.258758696161964,11.917665911045104,4.4410537012428675,10.093187680762918,14.538802470100835,1.9383608223247089,0.8556319862424764,4.7652114437583055,4.512186351911201,5.688134135855546,29.18471429688111,108.18955678886891,99.31298366294067,0.0,0.0,0.0,9.83346394984326,90.16653605015674,6.633934169278997,7.673184430512017,244.0,289.0,692.0,356.0,1320.0,16.0,1208.0,267.0,399.0,7.168514890282132,0.3933618077324974,0.3071147466039707,0.17916013584117033,0.11704049111807732,0.0032729885057471266,0.7164371081504701,0.45717378526645774,0.3462764498432602,0.414858868861024,0.6588484848484849,0.31184691745036575,0.1719773380355277,880.0,0.07020865987460816,0.1603317659352142,0.0,0.0,1,0,7,0.15871428571428572,0.12464285714285715,0.07142857142857142,2,2,10,1,2,2,8,1,1,1,0,0.06907142857142858,0,0.02,0,0.0031428571428571426,0,0.0,2,0.09528571428571428,,,1993,2008,14,0.9967270114942528
Jon Barry,barryjo01,76,195.0,1969-07-25,"University of the Pacific, Georgia Tech",1993,2006,1992-12-08T00:00:00Z,False,14,NBA,"MIL, GSW, ATL, LAL, SAC, DET, DEN, ATL, HOU",SG,821,36.0,16.906211936662608,1.9427527405602922,4.472594397076736,0.4343681917211329,0.8002436053593179,2.041412911084044,0.39200477326968974,1.1425091352009744,2.431181485992692,0.46993987975951906,0.5238289760348583,1.0572472594397078,1.246041412911084,0.8484848484848485,0.3873325213154689,1.4555420219244823,1.8428745432399514,2.1729598051157124,0.879415347137637,0.13520097442143728,0.9841656516443362,1.2375152253349573,5.74299634591961,13880.0,1595,3672,657.0,1676.0,938.0,1996.0,868,1023,318.0,1195.0,1513.0,1784,722.0,111.0,808.0,1016.0,4715,0.0,14.739387608069164,0.5749366714697406,0.4622078530259366,0.28637046109510095,2.594913544668588,9.85791786743516,6.219625360230548,20.353760806916426,2.7073847262247837,0.565057636887608,16.451671469740635,15.97793227665706,21.7,15.700000000000003,37.39999999999999,0.12875814121037463,0.49504322766570613,1.3323703170028818,1.8382708933717578,13.3,6.005216138328531,13.800763688760805,2.4921325648414987,6.299445244956773,3.5234942363112385,7.484157060518732,3.226469740634006,3.819056195965418,1.1818083573487033,4.510626801152738,5.692651296829971,6.717399135446686,2.7073847262247837,0.4124783861671469,3.0319380403458216,3.801822766570605,17.719971181556193,112.12420749279539,104.31577809798272,5.183624210917193,87.47679168213888,7.441979205347196,0.06349795766802822,0.0,5.232992944671371,3.6289082807278135,412.0,118.0,335.0,30.0,198.0,1.0,3053.0,38.0,82.0,18.004790196806535,0.17124795766802822,0.04582538061641292,0.07597772001485331,0.21520608986260678,0.49192712588191606,0.5954962866691422,0.3643977905681396,0.4113380987746008,0.4401228184181211,0.5842298551800966,0.7599499628666913,0.0042160230226513185,9.0,0.24471295952469363,0.3749199777200149,4.0,1.0,0,0,0,0.0,0.0,0.0,0,0,0,0,0,0,0,0,0,0,0,0.0,0,0.0,0,0.0005,0,0.0,0,0.0,,,1993,2006,14,0.508072874118084
Jim Jackson,jacksji01,78,220.0,1970-10-14,Ohio State,1993,2006,1993-03-05T00:00:00Z,False,14,NBA,"DAL, NJN, GSW, PHI, POR, ATL, CLE, MIA, SAC, HOU, PHO, LAL",SF,885,650.0,32.84406779661017,5.436158192090396,12.708474576271186,0.42775851338134613,0.9954802259887006,2.7265536723163843,0.3651056775797762,4.440677966101695,9.981920903954803,0.4448720851256509,0.46692451320352096,2.471186440677966,2.995480225988701,0.8249717087891362,1.344632768361582,3.3468926553672316,4.691525423728813,3.2214689265536722,0.8203389830508474,0.21242937853107344,2.462146892655367,2.2282485875706213,14.338983050847459,29067.0,4811,11247,881.0,2413.0,3930.0,8834.0,2187,2651,1190.0,2962.0,4152.0,2851,726.0,188.0,2179.0,1972.0,12690,2.0,13.51495854405339,0.511316957374342,0.23108184539168125,0.22605222417174112,4.419324319675233,11.519059414456258,7.971448721918326,16.81926239377989,1.3011937936491556,0.47079161936216324,15.042611896652561,22.03534592493205,16.2,19.7,35.900000000000006,0.05909158151856056,0.1050985653834245,-0.9947328585681356,-0.8831355145009805,8.200000000000003,8.602913957408747,20.09491175559913,1.5874703271751471,4.328052430591392,7.016585818969967,15.746557952317062,3.900743110744143,4.7087143496060815,2.1235972064540545,5.326136168163209,7.439959404135275,5.107744177245674,1.3011937936491556,0.33278976158530293,3.901097464478618,3.5489180169952177,22.67308631781746,101.08659304365776,108.48381325902226,0.4674004244607867,51.291594689304574,47.70114999259661,0.6937959626869354,0.0,-2.2005725285030353,-1.102087754799862,774.0,255.0,732.0,117.0,456.0,3.0,4152.0,91.0,359.0,15.085834855140416,0.18506608755737625,0.13317215339815408,0.16357376240067126,0.24644203148906763,0.27193346823947484,0.5423691328167416,0.36682004836878734,0.4011101130250234,0.4168384087656088,0.4984571343961305,0.9101365184344306,0.01472252109964957,94.0,0.3571321751147525,0.40129258180741323,22.0,0.0,0,0,0,0.0026428571428571425,0.004928571428571429,0.0041428571428571434,0,0,1,0,0,0,2,0,0,1,0,0.0,0,0.0,0,0.0004285714285714286,0,0.0007142857142857143,0,0.0,,,1993,2006,14,0.7280918019841074
Doug Christie,chrisdo01,78,200.0,1970-05-09,Pepperdine,1993,2006,1993-03-12T00:00:00Z,False,14,NBA,"LAL, NYK, TOR, SAC, ORL, DAL",SG,820,708.0,31.703658536585365,3.9426829268292685,9.252439024390243,0.4261236325293265,0.9804878048780488,2.7634146341463413,0.35481023830538394,2.9621951219512197,6.489024390243903,0.4564931403871453,0.4791090022406748,2.4609756097560975,2.9963414634146344,0.8213268213268213,0.9682926829268292,3.142682926829268,4.110975609756098,3.6390243902439026,1.8926829268292682,0.4768292682926829,2.0926829268292684,2.4878048780487805,11.326829268292682,25997.0,3233,7587,804.0,2266.0,2429.0,5321.0,2018,2457,794.0,2577.0,3371.0,2984,1552.0,391.0,1716.0,2040.0,9288,0.0,14.663738123629651,0.5378982190252721,0.29774339346847717,0.32127980151555946,3.398657537408163,11.108958726006845,7.234407816286494,17.66126091472093,3.086967727045428,1.0357118129014886,16.636750394276262,17.64365888371735,26.499999999999996,29.0,55.8,0.10294660922414126,-0.1738969881140132,1.329726506904643,1.1587760126168405,20.7,6.4278378274416275,15.070042697234294,1.60448513289995,4.488948724852867,4.832365272916106,10.575266376889642,4.006381505558333,4.875012501442475,1.560383890448898,5.111816748086318,6.670608147093895,5.915263299611494,3.086967727045428,0.7807708581759434,3.398019002192561,4.063461168596376,18.42619533023041,105.96865022887256,103.96391891372082,5.57777295420013,83.81128717169524,10.377729542001303,0.0,0.0,2.4544302148903845,2.907610158454526,752.0,304.0,599.0,143.0,680.0,3.0,5805.0,124.0,448.0,14.4475406989364,0.29066134143694383,0.08210670718471891,0.08822066420664208,0.2336418927718689,0.30519978293900585,0.5988889515953983,0.2971900151942696,0.3110641632298676,0.386513219014543,0.5601467766442371,0.900562665509008,0.06374621228565226,382.0,0.3298302148903842,0.35861662687215107,15.0,0.0,0,0,0,0.14157142857142857,0.0,0.0013571428571428571,1,4,7,0,0,0,0,0,0,1,0,0.0,0,0.0,0,0.0,0,0.01057142857142857,0,0.01557142857142857,,,1993,2007,14,0.6948002170609942
P.J. Brown,brownpj01,83,225.0,1969-10-14,Louisiana Tech,1994,2007,1993-11-05T00:00:00Z,False,14,NBA,"NJN, MIA, CHH, NOH, NOK, CHI",PF,1071,990.0,31.38562091503268,3.5835667600373484,7.772175536881419,0.4610764055742432,0.007469654528478058,0.05415499533146592,0.13793103448275862,3.5760971055088704,7.718020541549953,0.4633438180498427,0.46155694377703027,2.0046685340802988,2.522875816993464,0.7945965951147298,2.775910364145658,5.012138188608777,7.788048552754435,1.5415499533146593,0.8468720821661998,1.0345471521942111,1.2436974789915967,2.977591036414566,9.179271708683473,33614.0,3838,8324,8.0,58.0,3830.0,8266.0,2147,2702,2973.0,5368.0,8341.0,1651,907.0,1108.0,1332.0,3189.0,9831,0.0,14.155191289343726,0.5172842565597667,0.007186083179627535,0.32871833164752784,10.177426072469807,18.375266258106745,14.267186291426192,8.100505741655262,1.431837924674243,2.4123341464865833,12.30285892782769,14.764731956922711,41.400000000000006,47.99999999999999,89.2,0.12762235973106445,-0.7022520378413756,0.7641696912000953,0.056580591420241584,17.400000000000002,6.133914440411734,13.2745641696912,0.0160885345391801,0.09499613256381269,6.117825905872554,13.180609269947047,3.435190694353543,4.308618432795858,4.727899089665021,8.560242755994528,13.30614029868507,2.6209972035461413,1.431837924674243,1.7541113821621945,2.1282412090200515,5.07591182245493,15.678958172190162,110.17046468733265,102.03950734812875,0.0,0.0,0.49424893357708716,63.740021328458255,35.77513711151737,3.210218616697136,3.8550274223034733,368.0,256.0,1150.0,212.0,884.0,19.0,2801.0,152.0,478.0,9.666815204143813,0.3235739640463132,0.15639785191956124,0.2651579829372334,0.25274790524070684,0.002012225776965265,0.5805068174893357,0.3422773461304082,0.42722939518586234,0.4489967626447288,0.7528195079219989,0.0,0.06803473491773308,409.0,0.07612545703839123,0.0,2.0,0.0,0,0,0,0.11814285714285712,0.0,0.0055,0,3,10,0,0,0,0,0,0,1,0,7.142857142857143e-05,0,0.0,0,0.0,0,0.0,0,0.00014285714285714287,,,1994,2008,14,0.9979877742230348
Sam Cassell,cassesa01,75,185.0,1969-11-18,Florida State,1994,2007,1993-11-05T00:00:00Z,False,14,NBA,"HOU, DAL, PHO, NJN, MIL, MIN, LAC",PG,938,656.0,30.424307036247335,5.826226012793177,12.82089552238806,0.45443206386163315,0.6918976545842217,2.082089552238806,0.33230926779313874,5.134328358208955,10.738805970149254,0.47810979847116053,0.4814152669216697,3.6673773987206824,4.264392324093817,0.86,0.6407249466950959,2.64818763326226,3.288912579957356,6.1034115138592755,1.0884861407249466,0.1673773987206823,2.474413646055437,2.8208955223880596,16.01172707889126,28538.0,5465,12026,649.0,1953.0,4816.0,10073.0,3440,4000,601.0,2484.0,3085.0,5725,1021.0,157.0,2321.0,2646.0,15019,3.0,19.665435559604735,0.5445902305697666,0.16557141355385802,0.3351460859205271,2.447701310533324,9.853038054523793,6.235633190833274,34.577170789824095,1.86138482023968,0.40252295185366876,14.473274230850095,25.685762842525758,65.2,20.400000000000002,85.99999999999999,0.1441574392038685,2.554341579648189,-0.6138026490994464,1.9605578526876446,28.599999999999994,10.061065947158173,22.15523862919616,1.2100602705165044,3.5779522040787723,8.873158595556802,18.570947508585043,6.3365863059779945,7.3575618473614135,1.097364916952835,4.569668512159226,5.687136449646087,10.546632560095311,1.8606875043801245,0.28229728782675734,4.266308080454132,4.857190412782956,27.668333450136657,110.60214450907561,107.69693040857804,92.64778634915311,7.352213650846889,0.0,0.0,0.0,2.7081376823746437,3.476362569176589,958.0,466.0,617.0,247.0,1054.0,43.0,10546.0,179.0,407.0,14.629020627201074,0.13691237632064396,0.09397270669126279,0.3094528341438873,0.3197379255408352,0.13951957907093746,0.5981550813348986,0.4266910112359551,0.4644318715411706,0.456023310414221,0.30296964615126615,0.7235484236122758,0.0002903739728324669,3.0,0.16778144390407512,0.3838235368103305,25.0,0.0,2,0,1,0.0012142857142857144,0.03828571428571429,0.011,0,0,1,0,1,1,6,0,0,1,0,0.0002142857142857143,0,0.0,0,0.006928571428571429,0,0.0,0,0.0,,,1994,2008,14,0.8604804209290625
Anfernee Hardaway,hardaan01,79,195.0,1971-07-18,Memphis,1994,2008,1993-11-05T00:00:00Z,False,14,NBA,"ORL, PHO, NYK, MIA",SG,704,557.0,33.68039772727273,5.674715909090909,12.401988636363637,0.4575649982819837,0.7144886363636364,2.2599431818181817,0.31615336266499056,4.9602272727272725,10.142045454545455,0.4890756302521008,0.4863704043064941,3.112215909090909,4.021306818181818,0.7739314729777463,1.3849431818181819,3.0838068181818183,4.46875,5.0071022727272725,1.5980113636363635,0.4431818181818182,2.5369318181818183,2.21875,15.176136363636363,23711.0,3995,8731,503.0,1591.0,3492.0,7140.0,2191,2831,975.0,2171.0,3146.0,3525,1125.0,312.0,1786.0,1562.0,10684,5.0,17.386411370250094,0.5303405592341108,0.1794756442157648,0.3154029353464637,4.724330479524271,10.46494875796044,7.584492429673991,24.30917295769896,2.487862173674666,0.9400868795074017,15.261304879591753,22.136573742144996,35.699999999999996,26.199999999999996,61.99999999999999,0.1251130277086584,1.7416937286491503,0.7488971363502173,2.504272278689216,26.8,8.798291932014678,19.254114124246126,1.1022141622031967,3.5101682763274424,7.695411412424613,15.72618615832314,4.820003373961454,6.250655813757327,2.127624309392265,4.780380414153768,6.911775125469193,7.731027793007463,2.487862173674666,0.7073636708700602,3.9331112142043785,3.431883935726035,23.51886044451942,107.14845430390957,105.08396946564885,17.921109607577808,68.23477672530447,13.781799729364005,0.3543301759133965,0.0,1.1143572395128554,2.8247158322056833,617.0,207.0,473.0,77.0,577.0,3.0,4065.0,118.0,289.0,12.932489851150203,0.260275101488498,0.1573571041948579,0.15505940460081188,0.26428585926928283,0.16272456021650883,0.5809003382949931,0.3882340324763194,0.3904083220568336,0.38403558863328824,0.48843795669824086,0.8561531123139379,0.026922056833558864,140.0,0.17047577807848444,0.30988004059539914,8.0,0.0,0,0,4,0.01042857142857143,0.13185714285714287,0.07142857142857142,0,0,3,2,2,3,6,1,1,1,0,0.02442857142857143,0,0.465,0,0.0,0,0.00014285714285714287,0,0.0,,,1994,2008,14,0.8372754397834914
Lindsey Hunter,hunteli01,74,170.0,1970-12-03,"Alcorn State, Jackson State University",1994,2007,1993-11-05T00:00:00Z,False,14,NBA,"DET, MIL, LAL, TOR, DET",PG,872,438.0,25.974770642201836,3.3440366972477062,8.586009174311927,0.38947509015627085,1.2052752293577982,3.322247706422018,0.3627890921643079,2.1387614678899083,5.263761467889908,0.40631808278867104,0.4596634165887538,1.0653669724770642,1.4277522935779816,0.7461847389558233,0.49426605504587157,1.7786697247706422,2.272935779816514,2.783256880733945,1.2454128440366972,0.18577981651376146,1.2878440366972477,2.0493119266055047,8.958715596330276,22650.0,2916,7487,1051.0,2897.0,1865.0,4590.0,929,1245,431.0,1551.0,1982.0,2427,1086.0,162.0,1123.0,1787.0,7812,0.0,12.20619426048565,0.4863836644591611,0.38781977924944816,0.1659439293598234,2.252494481236203,7.999024282560706,5.1518631346578365,17.325509933774836,2.5652406181015452,0.5370331125827814,12.208079470198676,18.666044150110373,10.499999999999998,22.3,32.89999999999999,0.06990724061810155,-0.8436247240618101,0.5759514348785871,-0.2850728476821192,9.700000000000001,6.881139072847682,17.66926710816777,2.4750507726269313,6.848671081677705,4.396105960264901,10.830097130242827,2.192847682119205,2.9426622516556287,1.0135452538631344,3.6615629139072845,4.692688741721854,5.700534216335541,2.5652406181015452,0.3923620309050773,2.6363532008830024,4.2251876379690945,18.437646799116997,101.37002207505519,105.57854304635761,93.36669349275695,6.491549781558979,0.1417567256840653,0.0,0.0,2.424528627270637,-2.471246263508852,425.0,190.0,485.0,60.0,311.0,12.0,3678.0,66.0,204.0,17.157225799034258,0.17959392963899748,0.058677856978615786,0.12389612554610253,0.23673148999770066,0.4009987353414578,0.5017478155897908,0.29865405840423087,0.35057105081627965,0.40971131294550467,0.4179070475971488,0.8927410324212463,0.00704368820418487,36.0,0.251427339618303,0.3954826971717636,4.0,0.0,2,0,0,0.0,0.0,0.02057142857142857,0,0,0,0,0,0,0,0,1,1,0,0.0,0,0.0,0,0.0,0,0.0030714285714285713,0,0.0,,,1994,2010,14,0.5990012646585422
Chris Webber,webbech01,82,245.0,1973-03-01,Michigan,1994,2007,1993-11-09T00:00:00Z,True,14,NBA,"GSW, WSB, WAS, SAC, PHI, DET",PF,822,819.0,37.373479318734795,8.731143552311435,18.239659367396595,0.4786900553591676,0.32116788321167883,1.0742092457420924,0.29898074745186864,8.409975669099756,17.1654501216545,0.48993621545003546,0.48749416394317346,3.076642335766423,4.737226277372263,0.6494607087827426,2.7603406326034063,7.083941605839416,9.844282238442823,4.267639902676399,1.451338199513382,1.4525547445255473,2.800486618004866,3.263990267639903,20.86009732360097,30721.0,7177,14993,264.0,883.0,6913.0,14110.0,2529,3894,2269.0,5823.0,8092.0,3508,1193.0,1194.0,2302.0,2683.0,17147,21.0,20.980283844926923,0.5136915139481136,0.06083034406432082,0.2603217343185443,8.269301129520525,20.92286383906774,14.63719279971355,20.21428338921259,1.9653624556492304,2.649109729500993,12.235672666905373,27.18918003971225,37.00000000000001,47.7,84.40000000000002,0.13231652615474757,2.3188242570228836,1.1251586862406822,3.459942710198235,42.099999999999994,11.85804173041242,24.800914683766802,0.44009635103024,1.480371732690993,11.43006738061912,23.312200123693888,4.1655935679177105,6.428101298785847,3.749672862211516,9.629536798932325,13.375661599557306,5.809413756062628,1.9653624556492304,1.9510465154129097,3.804674327007584,4.438953810097328,28.34429543309137,103.95133621952411,101.01093714397318,0.0,0.0,0.0,73.45412736768259,26.545872632317405,2.904630134850729,1.021361758515862,940.0,423.0,1056.0,284.0,1424.0,10.0,6409.0,347.0,475.0,10.613496765141475,0.28847205549925947,0.22103402447579704,0.14855456387871227,0.28559088783225506,0.05634180372593343,0.6637166185984877,0.4204996492322083,0.3452132668173669,0.4198042715722191,0.618063177176709,0.8865506274846052,0.08797318575103281,1011.0,0.029915464962195028,0.3669742770286071,8.0,0.0,0,0,5,0.012214285714285714,0.21185714285714288,0.07142857142857142,0,0,5,1,4,5,9,1,1,1,0,0.04192857142857143,1,0.525,0,0.0,0,0.0,0,0.0,,,1994,2008,14,0.9436581962740667
Aaron Williams,williaa01,81,220.0,1971-10-02,Xavier,1994,2008,1993-11-30T00:00:00Z,False,14,NBA,"UTA, MIL, DEN, VAN, SEA, WAS, NJN, TOR, NOK, LAC",PF,715,78.0,16.783216783216783,2.1986013986013986,4.461538461538462,0.4927899686520376,0.0013986013986013986,0.022377622377622378,0.0625,2.197202797202797,4.439160839160839,0.49495904221802145,0.49294670846394983,1.3636363636363635,1.8433566433566433,0.7397572078907435,1.420979020979021,2.481118881118881,3.902097902097902,0.6783216783216783,0.3944055944055944,0.7538461538461538,0.9272727272727272,2.4475524475524475,5.7622377622377625,12000.0,1572,3190,1.0,16.0,1571.0,3174.0,975,1318,1016.0,1774.0,2790.0,485,282.0,539.0,663.0,1750.0,4120,0.0,13.928283333333333,0.5474526666666667,0.005191666666666667,0.4107453333333333,9.681441666666668,17.323633333333333,13.435075,6.743283333333334,1.243,3.356183333333333,15.094250000000002,16.811925000000002,13.399999999999999,14.900000000000002,28.8,0.11481266666666666,-1.9718083333333334,0.2748166666666667,-1.6969833333333333,0.9000000000000002,6.893966666666665,13.995908333333333,0.0,0.05903333333333334,6.893966666666665,13.955466666666668,4.2808,5.773866666666666,4.464091666666666,7.8061,12.2636,2.1388333333333334,1.243,2.361616666666667,2.9275,7.685399999999999,18.096549999999997,106.66008333333333,102.53666666666666,0.0,0.038435716683450825,10.888133601879826,48.639392413561595,40.62302786169856,-2.476544142329641,-3.389098690835851,224.0,197.0,989.0,142.0,591.0,20.0,1055.0,138.0,301.0,5.8239677744209475,0.4861529875797248,0.2893846089291709,0.12812294394091978,0.09193789862369924,0.004974488083249413,0.6333160456529038,0.37201023833501173,0.33137479019805305,0.3969590466599531,0.6817972473984557,0.11220208123531386,0.14475621013763007,420.0,0.0,0.0,3.0,0.0,0,0,0,0.0,0.0,0.0,0,0,0,0,0,0,0,0,0,0,0,0.0,0,0.0,0,0.0,0,0.0,0,0.0,,,1994,2008,14,0.9950255119167506
David Wesley,wesleda01,72,190.0,1970-11-14,Baylor,1994,2007,1993-12-07T00:00:00Z,False,14,NBA,"NJN, BOS, CHH, NOH, HOU, CLE",PG/SG,949,796.0,31.898840885142256,4.476290832455216,10.561643835616438,0.42382520203531876,1.1833508956796628,3.214963119072708,0.36807604064241234,3.292939936775553,7.34668071654373,0.4482214572576018,0.47984635338720943,2.3424657534246576,2.9789251844046363,0.7863459497700743,0.5542676501580611,1.9799789251844047,2.5342465753424657,4.382507903055848,1.3487881981032666,0.1696522655426765,1.9051633298208641,2.434141201264489,12.478398314014752,30272.0,4248,10023,1123.0,3051.0,3125.0,6972.0,2223,2827,526.0,1879.0,2405.0,4159,1280.0,161.0,1808.0,2310.0,11842,0.0,14.15779598308668,0.5263266054439747,0.3115554307610993,0.2862172304439746,1.9750099101479919,7.201962209302327,4.579647859408034,22.984619450317123,2.2211878964059197,0.39007003171247356,14.026202431289642,19.589515063424948,35.699999999999996,25.7,61.39999999999999,0.09707307082452431,0.10264270613107822,-0.038745375264270604,0.06851545983086679,15.799999999999999,7.3723044397463005,17.472565406976745,1.9558106501057084,5.324464852008456,5.434021538054968,12.166761363636367,3.8783496300211415,4.905850290697674,0.9055595930232557,3.2567851479915437,4.189181421775898,7.19447013742072,2.2211878964059197,0.2872984936575053,3.144427193446089,4.018809460887949,20.614445692389005,106.25839059196618,106.57141913319239,48.470357387792426,49.69351520231654,1.930884706240951,0.0,0.0,-0.0392897965404252,-0.5834679570220225,917.0,308.0,826.0,144.0,765.0,16.0,7392.0,124.0,433.0,16.78083517488379,0.20568269450582943,0.03718734283319363,0.0763157814524118,0.3766296578526252,0.3041296197515812,0.550231730549417,0.2877980644669664,0.3700070105920903,0.4433417663643983,0.5993053798674083,0.89046860473977,0.0004391526327821382,4.0,0.2465738398232112,0.3808419949706622,10.0,0.0,0,0,0,0.006071428571428572,0.0,0.0,0,0,3,0,0,0,0,0,0,0,0,0.0,0,0.0,0,0.0,0,0.0025,0,0.00035714285714285714,,,1994,2007,14,0.6958703802484189
Bo Outlaw,outlabo01,80,210.0,1971-04-13,"South Plains College, Houston",1994,2007,1994-02-15T00:00:00Z,False,14,NBA,"LAC, ORL, PHO, MEM, PHO, ORL",PF,912,352.0,22.73355263157895,2.196271929824561,3.8717105263157894,0.5672613990370999,0.003289473684210526,0.041666666666666664,0.07894736842105263,2.192982456140351,3.830043859649123,0.572573718866304,0.5676862078731237,1.049342105263158,2.0142543859649122,0.5209580838323353,1.8475877192982457,3.017543859649123,4.865131578947368,1.5800438596491229,0.9375,1.3081140350877194,1.156798245614035,2.3717105263157894,5.4451754385964914,20733.0,2003,3531,3.0,38.0,2000.0,3493.0,957,1837,1685.0,2752.0,4437.0,1441,855.0,1193.0,1055.0,2163.0,4966,2.0,14.170231032653259,0.5742912265470504,0.010136497371340373,0.515145806202672,9.122278493223364,15.391795688033572,12.21059181015772,10.52309361886847,2.1510152896348815,4.222138619591955,19.82151159986495,11.5448126175662,21.599999999999998,29.399999999999995,50.900000000000006,0.11759084551198574,-0.6277914435923407,2.460666570202094,1.8399604495249118,20.2,5.033405681763372,8.881903246032895,0.0,0.11023971446486278,5.033405681763372,8.787734529494044,2.410615926301066,4.6200549848068295,4.247610090194376,6.898895480634736,11.14599913181884,3.6261563690734575,2.1510152896348815,2.992509525876622,2.6710509815270345,5.444769208508176,12.492557758163315,110.03048280518979,101.84753774176434,0.0,0.012425966786668215,32.4511671118337,54.02450354198119,13.328010684008825,2.982737196608989,7.185930786203693,427.0,190.0,771.0,110.0,558.0,14.0,2814.0,150.0,273.0,4.40839043084427,0.6833538497270932,0.21052165834397865,0.055241551503890374,0.040887759842062485,0.009239519219602832,0.6864091278597143,0.37593978631982344,0.23939362443386364,0.2818867727325514,0.6467115898269655,0.11194983161073047,0.13757420740912785,374.0,0.05225873882243642,0.0,4.0,0.0,0,0,0,0.04064285714285715,0.00035714285714285714,0.0,0,0,5,0,0,0,1,0,0,0,0,0.0,0,0.0,0,0.0006428571428571428,0,0.0012142857142857144,0,0.003642857142857143,,,1994,2008,14,0.9907604807803971
Grant Hill,hillgr01,80,225.0,1972-10-05,Duke,1995,2009,1994-11-04T00:00:00Z,True,14,NBA,"DET, ORL, PHO",SF,787,765.0,35.73316391359593,6.824650571791614,14.039390088945362,0.486107340030772,0.15501905972045743,0.5578144853875476,0.27790432801822323,6.669631512071156,13.481575603557815,0.4947219604147031,0.4916282016472079,4.717916137229987,6.171537484116899,0.7644636606959028,1.2579415501905973,5.306226175349428,6.564167725540026,4.734434561626429,1.3621346886912324,0.5959339263024143,2.7026683608640405,2.4155019059720457,18.522236340533674,28122.0,5371,11049,122.0,439.0,5249.0,10610.0,3713,4857,990.0,4176.0,5166.0,3726,1072.0,469.0,2127.0,1901.0,14577,29.0,20.37789986487448,0.5539986843041035,0.04158292440082498,0.43651095227935416,4.233639143730887,17.349583955621934,10.895473294929237,24.25136903491928,2.027490932366119,1.2511521228931086,13.823778536377215,25.055543702439365,54.699999999999996,34.4,88.5,0.15117509423227365,2.8962378209231208,0.9059312993385961,3.7913021833440013,40.900000000000006,10.09674276367257,20.753459924614184,0.22621079581822062,0.7942891686224308,9.861816371524073,19.943631320674207,7.003317687219971,9.171548965222957,1.8597077021548964,7.899569731882512,9.75927743403741,7.068924685299764,2.027490932366119,0.8889908256880733,4.007182988407652,3.5574034563686796,27.39150487163075,110.33493350401821,104.8017566318185,0.0,11.17445005409304,80.32866029570862,8.278759466282006,0.0,3.1706635412910207,3.4050892535160475,762.0,427.0,667.0,220.0,1576.0,110.0,6452.0,392.0,487.0,10.760038766678688,0.3397537414352687,0.11671524522178148,0.23363500721240538,0.26316561485755496,0.046609493328525056,0.6577076271186441,0.40333699963937975,0.4032010908763073,0.4349087179949513,0.4148858636855392,0.8460395780742879,0.04295622971510999,356.0,0.28668882978723403,0.17821483952398126,8.0,0.0,0,0,7,0.04928571428571428,0.20285714285714285,0.07007142857142858,0,0,5,1,5,5,7,1,1,1,0,0.03778571428571429,1,0.41,0,0.0,0,0.002,0,0.00014285714285714287,,,1995,2013,14,0.953390506671475
Eddie Jones,jonesed02,78,190.0,1971-10-20,Temple,1995,2008,1994-11-04T00:00:00Z,False,14,NBA,"LAL, CHH, MIA, MEM, MIA, DAL",SG,954,902.0,34.35849056603774,5.169811320754717,11.830188679245284,0.4370015948963317,1.620545073375262,4.346960167714885,0.37279961417892454,3.549266247379455,7.483228511530398,0.47429611990474857,0.5054935318093213,2.8773584905660377,3.557651991614256,0.8087802003535651,0.7976939203354297,3.2452830188679247,4.0429769392033545,2.947589098532495,1.6981132075471699,0.6079664570230608,1.579664570230608,2.60272536687631,14.837526205450734,32778.0,4932,11286,1546.0,4147.0,3386.0,7139.0,2745,3394,761.0,3096.0,3857.0,2812,1620.0,580.0,1507.0,2483.0,14155,0.0,16.699600341692594,0.5529791323448654,0.3765718774787967,0.2957455915553115,2.713237537372628,10.817087680761487,6.828930990298371,14.70732808591128,2.6129812679236073,1.3077033376044906,10.564692781743853,20.12066935139423,57.20000000000001,43.4,100.49999999999999,0.14723665263286353,1.6087253645737993,1.5299072548660686,3.1440905485386543,42.3,7.9937030935383495,18.30066202940997,2.5093294282750622,6.722371712734151,5.473799499664411,11.582357068765637,4.4486820428336085,5.503380316065654,1.234629934712307,5.018579535054,6.249807797913235,4.552428458112148,2.6129812679236073,0.9342455305387759,2.4475288303130145,4.046213923973396,22.940691927512354,111.17621575446947,102.67725303557263,0.802397511620592,76.47974696816132,22.452591479397476,0.0,0.0,4.528088631041834,5.84459511410897,691.0,277.0,807.0,152.0,1036.0,57.0,5257.0,215.0,464.0,15.61178485303883,0.24545049453045817,0.07862688288540175,0.10571173941914516,0.1868952574004823,0.38320546604690175,0.6162568762450634,0.3690914968720512,0.3340826547373571,0.38808115192395065,0.570839828050187,0.9330253381330165,0.03866396393247824,354.0,0.2937614021598574,0.41453507147100965,12.0,0.0,0,0,3,0.07985714285714285,0.020785714285714286,0.061785714285714284,0,3,9,0,0,1,4,1,1,1,0,0.0,0,0.019,0,0.0,0,0.0006428571428571428,0,0.007214285714285715,,,1995,2008,14,0.6167945339530982
Donyell Marshall,marshdo01,81,218.0,1973-05-18,UConn,1995,2008,1994-11-04T00:00:00Z,False,14,NBA,"MIN, GSW, UTA, CHI, TOR, CLE, SEA",PF/SF,932,422.0,26.65021459227468,4.359442060085837,10.018240343347639,0.43515047659847916,0.9409871244635193,2.7070815450643777,0.3476020610384463,3.4184549356223175,7.3111587982832615,0.4675667742882301,0.4821141694334369,1.7371244635193133,2.374463519313305,0.7315860822413014,2.0300429184549356,4.76824034334764,6.798283261802575,1.3841201716738198,0.8433476394849786,0.9045064377682404,1.3798283261802575,2.305793991416309,11.396995708154506,24838.0,4063,9337,877.0,2523.0,3186.0,6814.0,1619,2213,1892.0,4444.0,6336.0,1290,786.0,843.0,1286.0,2149.0,10622,0.0,16.736963523633143,0.517101618487801,0.2792273935099444,0.2354298655286255,8.556671229567597,20.619196392624204,14.501324583299784,9.147825911909171,1.6611925275787103,2.506534342539657,11.001964731459859,20.951457444238667,26.8,31.6,58.099999999999994,0.11240723890812465,1.1242853691923664,0.005310411466301611,1.1025243578387955,19.4,8.58494645301554,19.71907560995249,1.8614461711893067,5.344834527739754,6.736069731862469,14.389133585634916,3.4278565101860057,4.6701344713745065,3.9976849987921725,9.411691762621789,13.403031645059988,2.7366132538851757,1.6611925275787103,1.788135115548756,2.7116434495531037,4.537164828085997,22.457987760689267,105.20903454384411,103.20194862710363,0.0,0.40714089284077365,38.63465945549546,58.76129801081676,2.482308185901549,-2.895508295902465,0.06440095334127782,455.0,322.0,1053.0,159.0,767.0,10.0,2479.0,172.0,527.0,12.031973599779997,0.347002933357778,0.15035429461912186,0.0733370611421762,0.15083504445870383,0.2785939132826107,0.6362893940782839,0.34421716014300113,0.2616536346136218,0.3233755614630122,0.6721564304702539,0.977849619580163,0.0741653680447337,565.0,0.3924112200935008,0.3557874232285269,6.0,0.0,0,0,0,0.0,0.0,0.0,0,0,0,0,0,0,0,0,1,1,0,0.0,0,0.0,0,0.0019285714285714286,0,0.015357142857142857,0,0.0,,,1995,2009,14,0.7214060867173894
Eric Piatkowski,piatker01,79,215.0,1970-09-30,Nebraska,1995,2008,1994-11-04T00:00:00Z,False,14,NBA,"LAC, HOU, CHI, PHO",SG,789,250.0,18.520912547528518,2.590621039290241,5.97084917617237,0.4338781575037147,1.0963244613434728,2.747782002534854,0.39898523985239853,1.494296577946768,3.223067173637516,0.4636256390090444,0.5256845680322649,1.2243346007604563,1.4600760456273765,0.8385416666666666,0.6438529784537389,1.5310519645120406,2.1749049429657794,0.9860583016476553,0.5120405576679341,0.14575411913814956,0.7959442332065906,1.4600760456273765,7.501901140684411,14613.0,2044,4711,865.0,2168.0,1179.0,2543.0,966,1152,508.0,1208.0,1716.0,778,404.0,115.0,628.0,1152.0,5919,0.0,13.988154383083556,0.5665827687675358,0.4643114350236091,0.24269143912954214,3.94742352699651,9.56814480257305,6.742612742078971,8.899630466023401,1.4464586327242865,0.5687538493122561,10.754998973516733,17.998241292000277,25.400000000000006,5.5,31.000000000000004,0.10190091014849793,1.0785738725792104,-0.9433654964757408,0.1620817080681585,7.800000000000001,7.338192020803394,16.89373845206323,3.102347225073565,7.776910969684527,4.2293163621432965,9.119681105864641,3.459043317593924,4.1271881201669744,1.8049750222404712,4.3450626154793675,6.1408814069663995,2.7819681105864635,1.4464586327242865,0.4259426538014098,2.265913912269897,4.129439540135496,21.22975432833778,112.72004379661945,110.03257373571478,0.6465414784882338,61.33198637191982,35.54417241106093,2.3798431186118374,0.0,-4.384795182632121,0.48557958957293385,328.0,87.0,447.0,43.0,322.0,1.0,1410.0,57.0,177.0,17.111932493463275,0.19723595594643847,0.07978995325251566,0.09692322319942953,0.1592324696933682,0.4667971634577292,0.6179373266777592,0.33030148165755485,0.3286609618889153,0.38149425560573647,0.6175050312970446,0.8995738055621584,0.008416844940971396,34.0,0.23779613342841296,0.4300574439426353,0.0,0.0,0,0,0,0.0,0.0,0.0,0,0,0,0,0,0,0,0,0,0,0,0.0,0,0.0,0,0.0,0,0.0,0,0.0,,,1995,2008,14,0.5332028365422709
Jason Kidd,kiddja01,76,205.0,1973-03-23,California,1995,2008,1994-11-05T00:00:00Z,True,14,NBA,"DAL, PHO, NJN, DAL",PG,1026,1013.0,37.299220272904485,5.079922027290448,12.660818713450292,0.40123171670515784,1.320662768031189,3.923001949317739,0.33664596273291925,3.759259259259259,8.737816764132553,0.430228667038483,0.453387220939184,2.736842105263158,3.5058479532163744,0.780650542118432,1.496101364522417,5.2368421052631575,6.7329434697855755,9.256335282651072,1.98635477582846,0.30409356725146197,3.1939571150097468,1.8859649122807018,14.217348927875245,38269.0,5212,12990,1355.0,4025.0,3857.0,8965.0,2808,3597,1535.0,5373.0,6908.0,9497,2038.0,312.0,3277.0,1935.0,14587,100.0,18.698881601296087,0.5009651676291516,0.3121440068985341,0.27567877394235546,4.4837048263607615,16.26596200580104,10.329791737437612,40.598411246700984,2.7872690689592092,0.6045728918968356,18.459162768820715,20.98581096971439,48.1,58.199999999999996,106.5,0.1335102563432543,2.6131385716898796,1.3648958687188064,3.9898063706916824,57.7,7.117058193315738,17.744364890642558,1.8613603700122816,5.509929708118843,5.268065536073585,12.21939428780475,3.8185319710470615,4.909414931145313,2.0884423423658833,7.3636206851498605,9.445227207400245,12.974862159972822,2.7872690689592092,0.4125767592568398,4.458253416603517,2.6386709869607254,19.915432856881548,105.90106875016332,101.4436750372364,86.6140878803697,13.039303589523136,0.44327079559062854,0.0,0.0,4.245242116252648,7.266229618939418,1943.0,464.0,672.0,114.0,913.0,41.0,17628.0,190.0,385.0,15.534716123683483,0.23343365983971506,0.06830966929714129,0.12145914576104647,0.2630584640894157,0.31371127214665157,0.5543714803328523,0.32151435502195475,0.34443080418828875,0.39136979150673995,0.3859485368624681,0.8443108361224552,0.0049820370313507535,42.0,0.16450201123837016,0.33826419381582584,43.0,2.0,0,0,9,0.3145714285714285,0.3479285714285715,0.07142857142857142,4,9,13,5,6,6,14,1,1,1,0,0.06671428571428571,1,0.41,0,0.0,0,0.0,0,0.001142857142857143,,,1995,2013,14,0.6862887278533485
Juwan Howard,howarju01,81,240.0,1973-02-07,Michigan,1995,2008,1994-11-19T00:00:00Z,False,14,NBA,"WSB, WAS, DAL, DEN, ORL, HOU, DAL",PF,1001,869.0,33.68331668331668,6.188811188811189,13.215784215784216,0.4682893642754554,0.005994005994005994,0.04895104895104895,0.12244897959183673,6.182817182817183,13.166833166833166,0.46957511380880124,0.46851613878600046,2.948051948051948,3.86013986013986,0.7637163561076604,2.1538461538461537,4.679320679320679,6.833166833166834,2.5344655344655345,0.7692307692307693,0.2907092907092907,2.3196803196803195,3.13986013986014,15.331668331668332,33717.0,6195,13229,6.0,49.0,6189.0,13180.0,2951,3864,2156.0,4684.0,6840.0,2537,770.0,291.0,2322.0,3143.0,15347,0.0,15.018100661387432,0.5127794584334312,0.0036485452442388115,0.2904525313640004,7.335492481537503,16.159317258356317,11.72195924904351,13.255767120443693,1.2025743690126642,0.6328676928552363,13.441800871963698,23.08670403653943,26.8,28.499999999999993,55.50000000000001,0.07880965091793457,-0.4372660675623573,-0.9302310407212978,-1.3724678945339144,5.299999999999999,9.621354213008274,20.52938576978972,0.009769552451285702,0.07077735267075956,9.603487854791352,20.465572263249996,4.575341815701279,5.991740071773883,3.3475783729276034,7.270744728178664,10.63643266008245,3.9274994809739887,1.2025743690126642,0.45089717353263925,3.603725123824777,4.88870302814604,23.80472165376516,102.48224931043687,106.74208856066673,0.0,0.23679430097951915,15.93360641139804,71.12341941228851,12.215173642030276,-2.9067319679430095,-3.202090828138914,709.0,415.0,991.0,400.0,1318.0,36.0,4467.0,285.0,776.0,9.589788067675867,0.23586154942119322,0.2701751024042742,0.3055003027604631,0.18586578806767587,0.0026567408726625107,0.5895994300979519,0.4120842030276046,0.4254888691006232,0.44291593944790736,0.649646447016919,0.04861976847729296,0.0396126803205699,388.0,0.05786614425645593,0.0,5.0,0.0,0,0,1,0.0,0.008714285714285714,0.05221428571428571,0,0,0,0,0,1,2,0,1,1,0,0.0,0,0.01,0,0.0,0,0.0006428571428571428,0,0.0,,,1995,2013,14,0.9973432591273375
Darrell Armstrong,armstda01,73,180.0,1968-06-22,Fayetteville State University,1995,2008,1995-04-11T00:00:00Z,False,14,NBA,"ORL, NOH, DAL, IND, NJN",PG,840,337.0,23.708333333333332,3.170238095238095,7.746428571428571,0.409251575226679,1.098809523809524,3.289285714285714,0.33405718422005065,2.0714285714285716,4.457142857142857,0.46474358974358976,0.4801751959428308,1.7416666666666667,1.9988095238095238,0.8713519952352591,0.7785714285714286,1.9226190476190477,2.7011904761904764,4.04047619047619,1.348809523809524,0.11666666666666667,1.8523809523809525,1.6642857142857144,9.18095238095238,19915.0,2663,6507,923.0,2763.0,1740.0,3744.0,1463,1679,654.0,1615.0,2269.0,3394,1133.0,98.0,1556.0,1398.0,7712,0.0,16.349957318604066,0.5294704494099924,0.42835395430579964,0.2613981421039418,3.6797489329651016,9.337032387647502,6.477469244288225,28.158132061260353,2.9851970876223954,0.3577755460708009,17.804584484057244,19.72212402711524,27.3,22.5,49.69999999999999,0.12007953803665579,1.4552899824253076,0.820446899322119,2.2720010042681396,21.299999999999994,6.9730002510670355,17.03832287220688,2.4131910620135577,7.241024353502385,4.5361235249811696,9.793984433843837,3.8289932211900584,4.409776550338941,1.730881245292493,4.238694451418528,5.955867436605574,8.909118754707507,2.9851970876223954,0.2545920160682903,4.07943258850113,3.679427567160431,20.167521968365556,106.28852623650515,103.44278182274667,97.42081949058694,2.7184637068358,0.0,0.0,0.0,0.7932548072082956,2.4334742776603244,1009.0,312.0,374.0,64.0,357.0,66.0,7476.0,66.0,301.0,17.24928521091312,0.19230917144870635,0.05351444679351656,0.104610892982986,0.22152597402597402,0.4283345414275648,0.578089801671197,0.31937798248263366,0.40045645827041176,0.42527544548474777,0.3859102486660626,0.748592016510621,0.009941306755260245,62.0,0.20422626598207994,0.35869193597100574,32.0,2.0,0,0,0,0.02585714285714286,0.0015714285714285713,0.0,0,0,5,0,0,0,2,0,0,0,0,0.0002142857142857143,0,0.0,1,0.05192857142857143,1,0.03271428571428572,0,0.0,,,1995,2008,14,0.5716654585724352
Brent Barry,barrybr01,78,185.0,1971-12-31,Oregon State,1996,2009,1995-11-03T00:00:00Z,False,14,NBA,"LAC, MIA, CHI, SEA, SAS, HOU",SG,912,449.0,25.924342105263158,3.175438596491228,6.9089912280701755,0.4596095857800349,1.5296052631578947,3.7741228070175437,0.405287623474724,1.6458333333333333,3.1348684210526314,0.5250087443161945,0.5703063005872083,1.4265350877192982,1.7335526315789473,0.8228969006957622,0.4934210526315789,2.5548245614035086,3.0482456140350878,3.1710526315789473,1.0471491228070176,0.2774122807017544,1.4133771929824561,1.9232456140350878,9.307017543859649,23643.0,2896,6301,1395.0,3442.0,1501.0,2859.0,1301,1581,450.0,2330.0,2780.0,2892,955.0,253.0,1289.0,1754.0,8488,0.0,15.738290403079137,0.6097173793511823,0.5516880260542232,0.25063452184578944,2.2115129213720763,11.468083576534282,6.856672165122869,19.40477942731464,2.1454806919595657,0.7850230512202343,15.60632745421478,16.101222349109673,47.400000000000006,23.200000000000003,70.7,0.14315370299877342,1.6874931269297464,0.9337774394112422,2.6261176669627373,27.699999999999996,6.505075498033245,14.15114410184833,3.1270058791185553,7.736767753669162,3.3679017045214223,6.41540836611259,2.9343399737765936,3.5503235629996195,1.004157678805566,5.239009431967178,6.241576788055663,6.498312396903947,2.1454806919595657,0.5752823245780992,2.894471936725458,3.9389882840587074,19.062043733874724,116.76470837034218,105.38049316922556,9.934467693722695,80.55801333639917,9.153598528397334,0.5839503334099793,0.0,1.9739020464474588,0.4465762244194069,737.0,222.0,763.0,126.0,530.0,30.0,5874.0,122.0,209.0,17.703839963209933,0.1970738560588641,0.08772048746838354,0.0431797654633249,0.11527376408369738,0.5565487238445619,0.6892062083237526,0.3863137732812141,0.3379221430213843,0.4443162106231318,0.575890549551621,0.9079750287422395,0.027563393883651414,153.0,0.18440790986433667,0.4179325362152219,10.0,0.0,2,0,0,0.0,0.0,0.026785714285714284,0,0,0,0,0,0,0,0,1,1,0,0.0,0,0.0,0,0.0,0,0.0037857142857142855,0,0.0,,,1996,2009,14,0.4434512761554381
Michael Finley,finlemi01,79,215.0,1973-03-06,Wisconsin,1996,2009,1995-11-03T00:00:00Z,False,14,NBA,"PHO, DAL, SAS",SF,1057,868.0,35.276253547776726,6.258278145695364,14.106906338694419,0.44363221782576623,1.3453169347209082,3.5931882686849574,0.3744075829383886,4.912961210974456,10.51371807000946,0.4672905606046972,0.4913151364764268,2.3197729422894984,2.8543046357615895,0.8127278753728869,1.054872280037843,3.422894985808893,4.477767265846736,3.0293282876064334,0.9328287606433302,0.29990539262062443,1.521286660359508,1.683065279091769,16.181646168401134,37287.0,6615,14911,1422.0,3798.0,5193.0,11113.0,2452,3017,1115.0,3618.0,4733.0,3202,986.0,317.0,1608.0,1779.0,17104,6.0,16.097538015930485,0.5275192962694774,0.26480282672245015,0.2010531552551828,3.3757797623836727,10.896084426207523,7.185354144876231,14.622670099498482,1.3974843779333281,0.6037707512001501,8.868482312870437,21.801579639016275,56.4,27.7,84.30000000000001,0.10862375626894091,1.676879341325395,-0.6466945584251885,1.0464075951403973,28.6,9.288663609300828,20.947048569206423,2.0013275404296405,5.361463780942421,7.286890873494785,15.58892375358704,3.4429238072250383,4.236674980556226,1.5626304073805886,5.096813902968863,6.668232896183656,4.487126880682276,1.3974843779333281,0.45559578405342355,2.23812320647947,2.5042320379757026,24.026513261994793,108.41781317885591,107.66977767050179,0.42570799706529716,30.452765957446807,59.817989728539985,9.064915627292736,0.30497432134996333,2.246274394717535,1.5865649303008071,841.0,337.0,777.0,114.0,1015.0,19.0,6623.0,176.0,481.0,15.58742773294204,0.15694148202494496,0.1098263536316948,0.16402796771826852,0.29751457079970656,0.27175967718268523,0.6540576375641967,0.4100492149669846,0.4035385766691122,0.41242626559060896,0.5389645781364637,0.9222759501100514,0.03791060895084372,523.0,0.3015766691122524,0.41063909024211304,38.0,1.0,1,0,2,0.012214285714285716,0.016071428571428573,0.05228571428571428,0,0,3,0,0,0,7,1,1,1,0,0.0002142857142857143,0,0.018,0,0.001142857142857143,0,0.0037142857142857142,0,0.0,,,1996,2010,14,0.7282403228173148
Kevin Garnett,garneke01,83,240.0,1976-05-19,,1996,2009,1995-11-03T00:00:00Z,True,14,NBA,"MIN, BOS",PF,1055,1018.0,37.56872037914692,8.058767772511848,16.250236966824644,0.49591693887074195,0.15734597156398103,0.5554502369668246,0.2832764505119454,7.901421800947867,15.69478672985782,0.5034424447397029,0.500758282781148,3.8928909952606636,4.975355450236967,0.7824347494760907,2.6388625592417063,8.434123222748815,11.072985781990521,4.297630331753554,1.3696682464454977,1.642654028436019,2.4786729857819907,2.5080568720379146,20.16777251184834,39635.0,8502,17144,166.0,586.0,8336.0,16558.0,4107,5249,2784.0,8898.0,11682.0,4534,1445.0,1733.0,2615.0,2646.0,21277,16.0,23.805644001513812,0.5466686514444304,0.03376598965560741,0.30485401791346034,8.288325974517473,25.608404188217488,17.128237668727134,20.52086791976788,1.9265876119591272,3.2390790967579157,11.84549009713637,25.487016525797902,88.5,69.89999999999999,158.5,0.19182591144190742,4.285480005046046,2.0684924940078218,6.358294436735208,83.7,11.32854547748202,22.864180648416806,0.21318783903115934,0.769009713636937,11.119048820486944,22.066771792607547,5.471896051469661,7.005071275387914,3.717984104957739,11.892410748076196,15.57875614986754,6.031416677179261,1.9265876119591272,2.3041301879651823,3.480961271603381,3.520050460451621,28.36618645136874,110.87939952062571,99.39548378957991,0.0,0.0,10.824353275132559,69.98112045418029,19.324487172620643,5.009753093031974,12.049801831717637,962.0,552.0,1029.0,368.0,2059.0,37.0,9561.0,448.0,548.0,11.224289004338278,0.22929982325531575,0.20708226661667828,0.23767786942316962,0.2923478656740399,0.03350599860746612,0.685184965990038,0.4475833913555782,0.4524091371645868,0.44761981147233676,0.6602409351400567,0.802744630710728,0.0747971988645493,1156.0,0.060562476567939595,0.15162238230410796,24.0,0.0,1,0,12,0.4375,0.47385714285714287,0.044642857142857144,8,10,13,4,7,9,13,0,1,1,1,0.19657142857142856,0,0.009,0,0.0,0,0.002857142857142857,1,0.10264285714285715,,,1996,2016,14,0.9664940013925339
Antonio McDyess,mcdyean01,81,220.0,1974-09-07,Alabama,1996,2010,1995-11-03T00:00:00Z,False,14,NBA,"DEN, PHO, DEN, NYK, PHO, DET, SAS",PF,942,629.0,28.307855626326965,5.177282377919321,10.42144373673036,0.49679128043190385,0.0074309978768577496,0.06263269639065817,0.11864406779661017,5.169851380042463,10.358811040339702,0.4990776798524288,0.49714780482835896,2.2038216560509554,3.291932059447983,0.6694614640438569,2.5010615711252653,5.187898089171974,7.68895966029724,1.2908704883227176,0.7919320594479831,1.1284501061571126,1.6464968152866242,3.0934182590233545,12.565817409766455,26666.0,4877,9817,7.0,59.0,4870.0,9758.0,2076,3101,2356.0,4887.0,7243.0,1216,746.0,1063.0,1551.0,2914.0,11837,0.0,17.423835595889898,0.5280708017700443,0.005380034500862521,0.30199606240156,10.179355733893347,21.195297382434557,15.660875271881796,8.09014850371259,1.497862446561164,2.8594502362559067,12.059543988599714,21.700926273156824,30.6,36.3,66.80000000000001,0.12030443261081529,-0.2334733368334208,0.1486387159678992,-0.10630765769144226,12.6,9.667396684917122,19.46509412735318,0.00961899047476187,0.10297382434560863,9.64089477236931,19.354856371409284,4.113586589664742,6.124739368484213,4.691558538963474,9.73939098477462,14.452760069001727,2.4189604740118504,1.497862446561164,2.117651691292282,3.0632865821645545,5.816530413260332,23.468600465011622,106.07698942473561,103.00731268281707,0.0,0.0,3.3603296973673418,82.02374313130484,14.577913556958912,0.4173993274829822,-0.962339046994177,497.0,329.0,1344.0,273.0,1161.0,43.0,2688.0,252.0,433.0,10.81056343803822,0.31314381202329206,0.11777060608545888,0.23584597720003278,0.3281634544410727,0.005415566308537687,0.6733159189699007,0.4097077011399983,0.40144952021651764,0.4287064709259411,0.7954529648158779,0.1846141228573772,0.09872078241614043,851.0,0.0355326826867875,0.0,3.0,0.0,0,0,1,0.004928571428571429,0.014,0.06378571428571429,0,0,2,0,0,1,4,1,1,1,0,0.0,0,0.0,0,0.012142857142857141,0,0.0005714285714285715,0,0.0,,,1996,2011,14,0.9945844336914622
Theo Ratliff,ratlith01,82,225.0,1973-04-17,Wyoming,1996,2009,1995-11-03T00:00:00Z,False,14,NBA,"DET, PHI, ATL, POR, BOS, DET, MIN, PHI",C,751,504.0,26.127829560585887,2.844207723035952,5.7163781624500665,0.4975541579315164,0.0,0.002663115845539281,0.0,2.844207723035952,5.713715046604527,0.49778606385457935,0.4975541579315164,1.806924101198402,2.5472703062583224,0.7093570308416101,1.9680426098535286,3.9254327563249003,5.8934753661784285,0.5818908122503329,0.5046604527296937,2.5326231691078562,1.2743009320905458,2.921438082556591,7.495339547270306,19622.0,2136,4293,0.0,2.0,2136.0,4291.0,1357,1913,1478.0,2948.0,4426.0,437,379.0,1902.0,957.0,2194.0,5629,0.0,14.505269595352154,0.5475797574151463,0.0005332789725817959,0.4473621954948526,8.850285393945574,17.23322291305677,13.070945877076749,3.631948832942615,1.0491794924064826,7.27619508714708,15.745265518295787,14.247186831107939,17.7,28.7,46.5,0.1135349097951279,-1.7770003057792276,1.8792375904596879,0.10181938640301698,10.299999999999999,5.8518499643257575,11.729380287432472,0.0,0.002227092039547447,5.8518499643257575,11.727153195392926,3.709458770767506,5.218642340230355,4.022260727754562,8.053475690551421,12.09153501172154,1.167067577209255,1.0491794924064826,5.195861787789215,2.6077056365304245,6.023132198552644,15.379696259300786,106.32239323208644,101.08898175517277,0.0,0.0,0.0,14.330130479882076,85.77261560299176,0.43245618824043275,2.9662881476224277,191.0,261.0,855.0,221.0,767.0,30.0,935.0,121.0,289.0,6.947829884806463,0.37505606813342796,0.3069755964404652,0.23998094666157122,0.07773270732106785,0.0002862914232680024,0.6798151989954686,0.3863659987989299,0.40559949773434517,0.33856510345580604,0.6442502047278484,0.0,0.15557400229295187,586.0,0.0,0.0,0.0,0.0,0,0,1,0.08492857142857144,0.0009285714285714286,0.0,0,2,6,0,0,0,3,0,0,0,0,0.0,0,0.0,0,0.0,0,0.0055,0,0.01607142857142857,,,1996,2011,14,0.999713708576732
Joe Smith,smithjo02,82,225.0,1975-07-26,Maryland,1996,2009,1995-11-03T00:00:00Z,False,14,NBA,"GSW, PHI, MIN, DET, MIN, MIL, DEN, PHI, CHI, CLE, OKC",PF,950,615.0,27.748421052631578,4.468421052631579,9.792631578947368,0.4563044179297001,0.030526315789473683,0.12526315789473685,0.24369747899159663,4.437894736842106,9.66736842105263,0.45905923344947736,0.4578630549285177,2.6178947368421053,3.3157894736842106,0.7895238095238095,2.5126315789473685,4.221052631578948,6.733684210526316,1.0368421052631578,0.631578947368421,0.8894736842105263,1.3294736842105264,3.0168421052631578,11.585263157894737,26361.0,4245,9303,29.0,119.0,4216.0,9184.0,2487,3150,2387.0,4010.0,6397.0,985,600.0,845.0,1263.0,2866.0,11006,0.0,15.487018701870186,0.5176370395660256,0.012114373506316146,0.3419960168430637,10.269894920526534,17.616323356473576,13.916315769507984,6.265983839763288,1.189996585865483,2.34232388756117,10.489272030651339,20.215378779257236,34.099999999999994,25.499999999999996,59.4,0.10816585106786543,-0.6662038617654868,-0.774803687265278,-1.447228860817116,3.7,8.397754258184438,18.423842039376353,0.05628769773529078,0.23162247259208685,8.344675846895035,18.18519783012784,4.930059557679906,6.2366981525738785,4.728155229316035,7.949861537877926,12.683354197488713,1.9470391866772883,1.189996585865483,1.6743598497780814,2.496160995409886,5.684264633359888,21.811338720078908,107.9589165813133,106.02788209855468,0.0,0.0,4.826593033135089,69.70981308411216,25.621197960917588,-0.5970773152081564,2.64732795242141,406.0,350.0,1464.0,158.0,1146.0,119.0,1995.0,223.0,606.0,10.32964316057774,0.28306813933729824,0.19532778249787597,0.20189983007646561,0.3093140611724724,0.010330501274426506,0.5925623194562447,0.38331784197111296,0.40597476635514024,0.4304548003398472,0.7009248088360238,0.34442914188615126,0.05840118946474087,423.0,0.2262789294817332,0.059244010195412075,3.0,0.0,0,0,0,0.0,0.0,0.06885714285714285,0,0,0,0,0,0,0,1,1,1,0,0.0,0,0.133,0,0.0,0,0.004857142857142858,0,0.0,,,1996,2011,14,0.9896694987255736
Jerry Stackhouse,stackje01,78,218.0,1974-11-05,UNC,1996,2009,1995-11-03T00:00:00Z,False,14,NBA,"PHI, DET, WAS, DAL",SG,854,563.0,33.37236533957845,6.031615925058548,14.733021077283372,0.40939437291368624,1.0526932084309133,3.4437939110070257,0.30567834070044203,4.978922716627634,11.289227166276346,0.44103308785395706,0.44512001271657925,5.325526932084309,6.483606557377049,0.8213834206248871,1.0480093676814988,2.3524590163934427,3.4004683840749412,3.651053864168618,0.9730679156908665,0.49063231850117095,2.969555035128806,2.0,18.44145199063232,28500.0,5151,12582,899.0,2941.0,4252.0,9641.0,4548,5537,895.0,2009.0,2904.0,3118,831.0,419.0,2536.0,1708.0,15749,1.0,16.85516140350877,0.5241331578947368,0.2341827017543859,0.43910691228070164,3.5603157894736843,8.127947368421053,5.855287719298245,19.914210526315788,1.52539649122807,1.0748105263157897,14.499659649122806,27.801473684210535,32.5,18.200000000000003,50.800000000000004,0.08552821052631579,1.7517438596491226,-1.3231087719298245,0.4181649122807018,17.599999999999998,9.462533333333333,23.109010526315792,1.6419824561403507,5.404042105263157,7.804617543859649,17.710887719298242,8.344575438596491,10.155726315789474,1.6316771929824563,3.692112280701755,5.344235087719299,5.7466140350877195,1.52539649122807,0.7808070175438595,4.658480701754386,3.1316315789473683,28.91371929824561,103.2519649122807,108.39922807017544,1.4882359781386876,59.45377727818908,38.19752703593163,0.5540137214620722,0.0,-0.5662738865847512,-2.2393464862979187,967.0,732.0,511.0,249.0,1692.0,24.0,6368.0,287.0,721.0,13.851091127563084,0.28180464359083685,0.07977103763711771,0.16749110430636846,0.24021334160238766,0.23064223419512384,0.5812135354083491,0.32926066901817896,0.33819287569285633,0.38590546145199434,0.488496840962828,0.8501852009767822,0.05807073917593706,618.0,0.310172022171402,0.35573479592232254,12.0,0.0,0,0,2,0.0,0.014285714285714287,0.06635714285714286,0,0,0,0,0,0,3,1,1,1,0,0.00028571428571428574,0,0.018,0,0.05492857142857143,0,0.015214285714285713,0,0.0,,,1996,2013,14,0.7693577658048761
Rasheed Wallace,wallara01,83,225.0,1974-09-17,UNC,1996,2009,1995-11-03T00:00:00Z,False,14,NBA,"WSB, POR, ATL, DET",PF,1009,943.0,33.862239841427154,5.945490584737364,12.623389494549059,0.47099002904922666,0.9732408325074331,2.8434093161546086,0.3422795399093761,4.9722497522299305,9.77998017839445,0.5084110255370896,0.509539137944571,2.1506442021803767,2.9900891972249752,0.7192575406032483,1.5113974231912786,5.422200198216055,6.933597621407334,1.8909811694747274,0.9881070366699702,1.362735381565907,1.6055500495540138,2.9702675916749257,15.014866204162537,34167.0,5999,12737,982.0,2869.0,5017.0,9868.0,2170,3017,1525.0,5471.0,6996.0,1908,997.0,1375.0,1620.0,2997.0,15150,0.0,17.20826528521673,0.5385386484034302,0.2216736031843592,0.23874595369801271,5.357669681271402,18.752875581701645,12.097196124915854,9.814546199549271,1.5592413732548953,3.029546053209237,10.343925425117803,21.309491614715956,47.599999999999994,53.3,100.89999999999999,0.14165048145871748,1.1756168232505047,1.144557614072058,2.328846547838558,37.400000000000006,9.4925893405918,20.186709397957095,1.5770216875932914,4.559908683817719,7.922908069189569,15.598767816899347,3.428878742646414,4.754737026955834,2.423273919278836,8.677999239031816,11.094278104603859,3.0359206251646325,1.5592413732548953,2.175207071150526,2.552834606491644,4.7381713349138055,24.006556033599672,107.81435303070214,101.00257558462845,0.0,0.0,4.388152815096205,66.01806726582043,29.678248247320795,7.048250409215849,7.6956669446246035,756.0,405.0,1609.0,162.0,1253.0,36.0,3986.0,263.0,355.0,13.330300503412705,0.21362447882887053,0.18753753976342688,0.1910524413972019,0.1818602798109886,0.2259075944284876,0.6776336205565335,0.45227477686154605,0.44703381821551,0.423055684239785,0.6574384940856727,0.9494595880045709,0.09825485654282096,1032.0,0.14769239321782637,0.27188424596188887,14.0,1.0,1,0,4,0.05871428571428572,0.013785714285714288,0.019142857142857145,0,0,9,0,0,0,8,0,1,1,0,0.00014285714285714287,0,0.0,0,0.009714285714285715,0,0.008071428571428571,0,0.0015714285714285713,,,1996,2013,14,0.7740924055715124
Kurt Thomas,thomaku01,81,230.0,1972-10-04,TCU,1996,2009,1995-11-04T00:00:00Z,False,14,NBA,"MIA, DAL, NYK, PHO, SEA, SAS",PF,896,584.0,26.493303571428573,3.9330357142857144,8.102678571428571,0.48539944903581267,0.0078125,0.033482142857142856,0.23333333333333334,3.9252232142857144,8.069196428571429,0.4864453665283541,0.4858815426997245,1.3839285714285714,1.8091517857142858,0.7649599012954966,1.8973214285714286,5.311383928571429,7.208705357142857,1.1495535714285714,0.7053571428571429,0.7879464285714286,1.2410714285714286,3.4386160714285716,9.2578125,23738.0,3524,7260,7.0,30.0,3517.0,7230.0,1240,1621,1700.0,4759.0,6459.0,1030,632.0,706.0,1112.0,3081.0,8295,0.0,14.405977757182576,0.5209326817760553,0.004285870755750274,0.2250355969331873,8.468678911449997,23.0834737551605,15.852957283680174,7.38526834611172,1.4261353104726597,2.2319656247367092,12.145593563063445,17.789224028983067,20.900000000000002,35.800000000000004,56.9,0.11455303732412167,-1.4599587159828125,0.8150560283090403,-0.6687084000337014,8.1,7.885129328502824,16.263927036818608,0.0,0.0770073300193782,7.864799056365323,16.19796107506951,2.7819234981885583,3.649545033279973,3.81598702502317,10.63811188811189,14.43122841014407,2.3077976240626845,1.4261353104726597,1.5688137164040779,2.499279636026624,6.907376358581177,18.59684472154352,105.01301710337854,101.14735866543096,0.0,0.0,0.5925372458452203,54.024272064483995,45.179142326676626,1.1139292668568583,1.6079789883620885,387.0,216.0,1407.0,262.0,611.0,87.0,2260.0,119.0,382.0,10.277426074355839,0.256417334601277,0.198207806910293,0.26478476656251415,0.27638613413032653,0.004307295204455916,0.6205657745777295,0.438628130235928,0.4353951455871031,0.4189701580401214,0.7799056740479101,0.5569442557623512,0.011583842774985283,70.0,0.19998238463976817,0.16087035276004166,0.0,0.0,0,0,0,0.0135,0.0,0.017857142857142856,0,0,5,0,0,0,0,0,0,1,0,0.0,0,0.0,0,0.0,0,0.0,0,0.0,,,1996,2013,14,0.9956927047955442
Ray Allen,allenra02,77,205.0,1975-07-20,UConn,1997,2010,1996-11-01T00:00:00Z,True,14,NBA,"MIL, SEA, BOS",SG,1022,1018.0,37.10176125244618,7.171232876712328,15.939334637964775,0.4499079189686924,2.391389432485323,6.043052837573385,0.3957253886010363,4.779843444227006,9.896281800391389,0.48299386988333004,0.5249232658072437,3.779843444227006,4.2279843444227,0.8940060171256654,1.0782778864970646,3.26027397260274,4.3385518590998045,3.6741682974559686,1.178082191780822,0.19275929549902152,2.286692759295499,2.3326810176125243,20.513698630136986,37918.0,7329,16290,2444.0,6176.0,4885.0,10114.0,3863,4321,1102.0,3332.0,4434.0,3755,1204.0,197.0,2337.0,2384.0,20965,3.0,19.380711007964557,0.5770628197689752,0.37920016878527346,0.2650995041932591,3.5164750250540644,10.382483253336147,6.969476238198217,17.593934279234137,1.6936969249432987,0.40810960493696924,11.410298538952476,24.913152064982334,97.4,23.599999999999998,121.00000000000001,0.1530915923835645,4.120154016562056,-0.8497520966295692,3.2596049369692492,50.29999999999999,10.246753520755314,22.79004694340419,3.424763964344111,8.643156284614168,6.815330449918244,14.141038556885912,5.401105016087347,6.04306398016773,1.5430507938182392,4.664243894720186,6.215264518170789,5.25214146315734,1.6936969249432987,0.2779023155229706,3.2876470277968246,3.35576243472757,29.325900627670237,114.34036605306187,108.91705786170157,2.0883749142887282,86.31750092304446,11.60462049686165,0.0,0.0,3.478213513370959,6.003824041352392,1112.0,748.0,1180.0,249.0,1494.0,59.0,8336.0,324.0,697.0,15.910849728361196,0.19386383775515587,0.0987881217363785,0.15476446542539166,0.17321438367002479,0.37920016878527346,0.6156420961021152,0.3984532412047049,0.4383744923255446,0.43592618281554935,0.42003715913286566,0.8193616224484415,0.021366606888548977,318.0,0.2367577931325492,0.42118561105543534,62.0,2.0,1,0,9,0.0,0.043000000000000003,0.03957142857142858,0,0,0,0,1,2,12,0,1,1,0,0.0027142857142857142,0,0.0,0,0.0,0,0.0,0,0.0,,,1997,2014,14,0.6207998312147265
Marcus Camby,cambyma01,83,220.0,1974-03-22,UMass,1997,2010,1996-11-01T00:00:00Z,False,14,NBA,"TOR, NYK, DEN, LAC, POR",C,831,678.0,30.736462093862816,4.217809867629362,8.95667870036101,0.4709122665591831,0.019253910950661854,0.098676293622142,0.1951219512195122,4.1985559566787005,8.85800240673887,0.47398451297378075,0.4719871019750101,1.9614921780986763,2.8856799037304453,0.6797331109257715,2.7051744885679905,7.279181708784597,9.984356197352588,1.9193742478941034,1.0469314079422383,2.575210589651023,1.4777376654632972,2.8796630565583636,10.416365824308063,25542.0,3505,7443,16.0,82.0,3489.0,7361.0,1630,2398,2248.0,6049.0,8297.0,1595,870.0,2140.0,1228.0,2393.0,8656,4.0,18.162003758515386,0.510761530028972,0.011252760159736905,0.3212408190431446,10.155281497141962,27.168416725393467,18.68260120585702,9.938462140787722,1.771309999216976,6.205258006420798,12.686735572782084,17.128619528619527,25.1,48.89999999999999,74.19999999999999,0.13973341946597762,0.08581943465664396,2.342349855140553,2.450113538485631,28.7,7.144855532064835,15.146065304204836,0.023048312583196305,0.16160050113538488,7.115746613421033,14.986042596507712,3.3209693837600813,4.894166470910657,4.586813875185968,12.234449142588677,16.813413201785295,3.192800093962885,1.771309999216976,4.320018009552893,2.480036802129826,4.888614830475295,17.638203742854905,106.86755148383055,98.36821705426357,0.0,0.0,0.6229347740975648,28.314462453997336,71.31399263957404,0.30528932738235054,2.60181270064991,643.0,259.0,1413.0,117.0,1062.0,111.0,3403.0,227.0,350.0,8.233850129198967,0.464910343747553,0.15040525409130062,0.1413145016051993,0.23207274293320804,0.011252760159736905,0.6124436614204056,0.3570626419231071,0.3537127476313523,0.3631240701589538,0.6926335839010257,0.49357920288152846,0.12008570198105083,827.0,0.2446717563229191,0.16452955915746617,8.0,1.0,0,0,0,0.14414285714285716,0.015571428571428571,0.0625,2,4,7,0,0,0,6,1,1,1,0,7.142857142857143e-05,0,0.0,0,0.0005714285714285715,0,0.00014285714285714287,1,0.09507142857142856,,,1997,2013,14,0.988747239840263
Derek Fisher,fishede01,73,200.0,1974-08-09,Little Rock,1997,2010,1996-11-01T00:00:00Z,False,14,NBA,"LAL, GSW, UTA, LAL",PG,1028,597.0,26.178015564202333,3.1021400778210118,7.714007782101167,0.4021437578814628,1.0038910505836576,2.688715953307393,0.37337192474674386,2.098249027237354,5.025291828793774,0.4175377468060395,0.4672131147540984,1.7461089494163424,2.140077821011673,0.8159090909090909,0.3638132295719844,1.801556420233463,2.1653696498054473,3.157587548638132,1.0826848249027237,0.07782101167315175,1.2169260700389104,2.1040856031128405,8.954280155642023,26911.0,3189,7930,1032.0,2764.0,2157.0,5166.0,1795,2200,374.0,1852.0,2226.0,3246,1113.0,80.0,1251.0,2163.0,9205,0.0,12.29410649920107,0.5164038868864034,0.34479242688863293,0.2796880829400617,1.5676303370368991,7.701545836275129,4.657452342908105,18.193218386533392,2.135981568875181,0.21596373230277582,12.364033294935158,16.765720337408496,29.4,24.299999999999997,53.89999999999999,0.09611538032774701,-1.0420199918249042,0.37118278770762886,-0.6723979042027425,9.0,6.113020697855895,15.202482256326409,1.9782951209542563,5.305822897699826,4.139452268589054,9.912794024748242,3.445000185797629,4.219014529374605,0.7126453866448664,3.5698487607298124,4.265961874326484,6.233896919475307,2.135981568875181,0.14889822005871206,2.391371558098919,4.163587380625023,17.643933707405893,107.8734346549738,106.54360670357846,88.72936717327487,11.45932889896325,0.0,0.0,0.0,5.751413919958381,3.323618594626733,795.0,246.0,702.0,127.0,668.0,245.0,7120.0,132.0,320.0,17.219174315335735,0.17152201701906283,0.06926762290513173,0.07635383300509085,0.3381749470476757,0.34479242688863293,0.4500614246962209,0.33478016424510426,0.3701978744751217,0.42631485266248,0.47690557764482927,0.8679085132473708,0.0023763516777525915,13.0,0.28930965032886186,0.3995314555386273,11.0,0.0,5,0,0,0.009571428571428573,0.0,0.006357142857142857,0,0,3,0,0,0,0,0,0,1,0,0.0,0,0.0,0,0.00035714285714285714,0,0.0,0,0.0,,,1997,2014,14,0.655207573111367
Allen Iverson,iversal01,72,165.0,1975-06-07,Georgetown,1997,2010,1996-11-01T00:00:00Z,True,14,NBA,"PHI, DEN, DET, MEM, PHI",SG,914,901.0,41.12035010940919,9.263676148796499,21.778993435448577,0.42534914096252385,1.1586433260393874,3.701312910284464,0.31303576707064734,8.105032822757112,18.077680525164112,0.4483447315862737,0.45194916105696775,6.974835886214442,8.936542669584245,0.780484818805093,0.8150984682713348,2.8982494529540483,3.713347921225383,6.153172866520788,2.1695842450765865,0.17943107221006566,3.5689277899343543,1.9442013129102844,26.660831509846826,37584.0,8467,19906,1059.0,3383.0,7408.0,16523.0,6375,8168,745.0,2649.0,3394.0,5624,1983.0,164.0,3262.0,1777.0,24368,1.0,20.935022882077476,0.5194347328650489,0.1700316890166028,0.41272304704129414,2.240511919965943,8.05884951042997,5.145841315453386,28.75442475521498,2.75218177948063,0.31798637718177947,12.289061834823329,31.839599297573436,60.8,38.2,98.9,0.1264251277139208,3.4581071732652195,-0.22451575138356744,3.2475388463175823,49.699999999999996,11.705207002979991,27.569641336739036,1.4580965304384845,4.6721051511281395,10.255393252447853,22.899217752234993,8.810962111536824,11.286816198382288,1.0270381013197107,3.6784030438484465,4.719250212856535,7.7496807151979565,2.7498802681992336,0.2320295870583227,4.505917411664538,2.4527378671775217,33.70481321839081,105.39929225202214,105.26761387824607,56.45080353341847,41.935531077054065,1.6136653895274584,0.0,0.0,0.6068699446573009,3.1893864410387396,1674.0,881.0,615.0,271.0,3103.0,160.0,12244.0,622.0,1186.0,12.619537569178375,0.2895507130693912,0.11943997445721584,0.16249313537675605,0.25824167198808007,0.1700316890166028,0.576125159642401,0.37086454342273306,0.37056691677309495,0.4094875478927203,0.3078672041294168,0.752856720945083,0.00680324074074074,124.0,0.12149145913154534,0.3896128671775223,11.0,1.0,0,0,11,0.05335714285714286,0.3455,0.07014285714285715,0,0,8,3,6,7,12,1,1,1,1,0.11192857142857145,1,0.383,0,0.0,0,0.0,0,0.005285714285714287,,,1997,2010,14,0.8299683109833972
Steve Nash,nashst01,75,195.0,1974-02-07,Santa Clara,1997,2010,1996-11-01T00:00:00Z,True,14,NBA,"PHO, DAL, PHO",PG,1015,856.0,31.202955665024632,5.275862068965517,10.795073891625616,0.48872866660582276,1.4620689655172414,3.388177339901478,0.4315207909275952,3.8137931034482757,7.406896551724138,0.5148975791433892,0.5564479328283289,2.5389162561576355,2.810837438423645,0.9032597266035752,0.5389162561576355,2.4413793103448276,2.980295566502463,8.272906403940887,0.7645320197044335,0.08177339901477833,2.7852216748768472,1.72807881773399,14.552709359605911,31671.0,5355,10957,1484.0,3439.0,3871.0,7518.0,2577,2853,547.0,2478.0,3025.0,8397,776.0,83.0,2827.0,1754.0,14771,3.0,20.15477250481513,0.6026971046067381,0.3170012314104386,0.25866663509204,1.9663572353256924,8.539796659404502,5.344093966088852,40.30375422310631,1.250437308578826,0.18663446054750404,18.861958889836128,21.22393672444823,97.2,14.000000000000002,111.8,0.16901297717154495,4.488453159041395,-1.326008019955164,3.170161977834612,41.3,8.599665308957722,17.607824192478926,2.377964068074895,5.524129329670677,6.214713776009599,12.099472703735277,4.136816014650627,4.578289286729184,0.881891951627672,3.965015313693915,4.851659246629408,13.439885068359066,1.250437308578826,0.13115784155852356,4.539332512393041,2.8217043983454895,23.717236588677338,118.06520160399103,110.26311136370812,91.29531748287077,8.768684285308327,0.02159704461494743,0.0,0.0,7.044804395188026,6.636285560923242,2052.0,503.0,669.0,121.0,648.0,225.0,18781.0,152.0,392.0,15.20412996116321,0.19819592055823937,0.10150475198130782,0.15449790028732907,0.2288057844715986,0.3170012314104386,0.6239137696946733,0.4356080641596412,0.46413930725269176,0.48605563449212214,0.17850626756338606,0.543502699630577,8.468314862176755e-05,0.0,0.09550648858577247,0.4679599317988064,7.0,0.0,0,0,7,0.0,0.31542857142857145,0.0,0,0,0,3,5,7,9,0,0,0,2,0.173,0,0.0,0,0.0,0,0.012142857142857141,0,0.0,,,1997,2014,14,0.6829987685895614
Ben Wallace,wallabe01,81,240.0,1974-09-10,"Cuyahoga Community College, Virginia Union University",1997,2010,1996-11-01T00:00:00Z,True,14,NBA,"WSB, WAS, ORL, DET, CHI, CLE, DET",C,972,852.0,30.727366255144034,2.539094650205761,5.3353909465020575,0.47589664481295796,0.0051440329218107,0.046296296296296294,0.1111111111111111,2.5339506172839505,5.289094650205762,0.4790896712701809,0.4763787119166988,1.1049382716049383,2.64917695473251,0.4170873786407767,3.3271604938271606,6.8199588477366255,10.147119341563785,1.360082304526749,1.3045267489711934,2.090534979423868,1.0113168724279835,1.992798353909465,6.188271604938271,29867.0,2468,5186,5.0,45.0,2463.0,5141.0,1074,2575,3234.0,6629.0,9863.0,1322,1268.0,2032.0,983.0,1937.0,6015,2.0,15.799276793785783,0.47812672849633364,0.00836997354940235,0.5041919844644591,12.407442997287976,25.80044530753005,19.071701208691866,6.802511132688251,2.2742223859108712,5.072263702414035,13.630203903974285,11.223604647269562,22.500000000000004,67.60000000000001,90.19999999999999,0.14485519134831085,-0.045632303210901684,2.6646231626879167,2.605089228914856,34.9,4.3936920346871124,9.27115210767737,0.0,0.08943985000167409,4.3936920346871124,9.188324907088093,1.9251381122978537,4.613814577962299,5.766876485753507,11.825975156527269,17.59322998627247,2.3577861854220377,2.2742223859108712,3.6327686074932197,1.7536076606287876,3.435098938627917,10.74071048314193,107.04242140154686,95.07513309003248,0.0,0.0,0.0,23.670673318378142,76.56738206046808,4.675277061639937,5.294016807848126,437.0,276.0,1130.0,98.0,1023.0,167.0,2927.0,211.0,391.0,3.986125154853182,0.6834269930023101,0.16634831084474502,0.08308567984732314,0.05902678541534134,0.00836997354940235,0.5829755248267319,0.25944587672012587,0.23441825426055515,0.2859690963270499,0.6166036428164864,0.470452338701577,0.22609405028961732,999.0,0.1282346402383902,0.0,8.0,0.0,1,0,4,0.3563571428571429,0.13414285714285715,0.0,5,6,7,0,3,5,6,0,0,0,0,0.004785714285714286,0,0.0,0,0.0,0,0.009785714285714286,4,0.2676428571428571,,,1997,2012,14,0.9916300264505975
Kobe Bryant,bryanko01,78,212.0,1978-08-23,,1997,2010,1996-11-03T00:00:00Z,True,14,NBA,LAL,SG,1021,873.0,36.59745347698335,8.787463271302645,19.32517140058766,0.4547159292483909,1.276199804113614,3.7502448579823704,0.34029772786628365,7.51126346718903,15.574926542605288,0.48226638158722174,0.48773503623739295,6.4084231145935355,7.647404505386875,0.8379866803278688,1.1900097943192949,4.10871694417238,5.298726738491675,4.667972575905974,1.5220372184133202,0.5523996082272282,2.9236043095004898,2.6581782566111656,25.25954946131244,37366.0,8972,19731,1303.0,3829.0,7669.0,15902.0,6543,7808,1215.0,4195.0,5410.0,4766,1554.0,564.0,2985.0,2714.0,25790,16.0,23.51844457528234,0.5560734357437244,0.19364869132366322,0.3979793930310978,3.707193705507681,12.552363110849436,8.164007386394047,23.63864743349569,2.1641813413263393,1.0891264786169246,11.553042873200235,31.26293957073275,104.7,41.3,145.79999999999998,0.1874669753251619,4.878563399882245,0.1687871326874699,5.068722903174009,66.4,12.449668147513783,27.351180217309853,1.8003104426483971,5.296124819354493,10.636129101322057,22.04567788898999,9.075889846384412,10.83022801477279,1.6813386501097252,5.803270352727078,7.486889150564684,6.603398811754002,2.1641813413263393,0.7807900230155758,4.130530428732002,3.775057538939142,35.73482310121501,111.65653267676497,104.76026334100519,1.2244821495477172,82.27591928491141,16.27752502274795,0.14759406947492373,0.0,5.662658566611357,5.930222662313334,1283.0,932.0,913.0,371.0,2969.0,58.0,10823.0,668.0,903.0,13.599106139270994,0.24556875234170103,0.11945589573408981,0.16958518439222822,0.27171733661617514,0.19364869132366322,0.6342335278060268,0.4359141733126371,0.41964293742974895,0.4038767060964514,0.36660196435262,0.679970374136916,0.048863351710110796,871.0,0.08701410373066423,0.33384357437242407,45.0,1.0,5,2,12,0.4445,0.6645000000000001,0.019142857142857145,8,10,11,8,10,12,13,0,1,1,1,0.24321428571428574,0,0.0,0,0.019071428571428573,0,0.0025714285714285717,0,0.016571428571428574,,,1997,2016,14,0.8063513086763368
Erick Dampier,dampier01,83,265.0,1975-07-14,Mississippi State,1997,2010,1996-11-06T00:00:00Z,False,14,NBA,"IND, GSW, DAL",C,921,749.0,25.08686210640608,2.965255157437568,5.969598262757872,0.4967260822117133,0.002171552660152009,0.016286644951140065,0.13333333333333333,2.963083604777416,5.953311617806732,0.4977202261535656,0.49690796653328484,1.8621064060803474,2.969598262757872,0.6270566727605119,2.8881650380021715,4.498371335504886,7.386536373507058,0.8588490770901195,0.34201954397394135,1.4625407166123778,1.520086862106406,3.01628664495114,7.7947882736156355,23105.0,2731,5498,2.0,15.0,2729.0,5483.0,1715,2735,2660.0,4143.0,6803.0,791,315.0,1347.0,1400.0,2778.0,7179,0.0,14.460034624540144,0.5512861718242805,0.002738151915169877,0.5067634711101493,12.974741397965806,20.198537113178965,16.588504652672583,5.436550530188271,0.7239904782514609,4.197827310106038,17.548491668470028,15.63017961480199,22.9,28.400000000000002,50.60000000000001,0.10551854576931399,-1.448357498376975,0.09222246267041764,-1.3630296472624974,3.8999999999999995,6.213460289980524,12.493118372646613,0.0045531270287816495,0.03011036572170526,6.213460289980524,12.465721705258602,3.90643150833153,6.228946115559403,6.088019909110582,9.46262280891582,15.512512443194113,1.7892014715429558,0.7239904782514609,3.05151265959749,3.1927937675827742,6.336606795066002,16.336593810863448,108.0901103657217,103.97126163168146,0.0,0.0,0.0,0.38078338022073144,99.61921661977927,0.07388011252975554,0.23333910409002379,346.0,401.0,1557.0,282.0,1212.0,25.0,1830.0,223.0,606.0,3.7396624107336076,0.5923906513741615,0.3083316598138931,0.07771356849166847,0.01863250378705908,0.002738151915169877,0.6361508764336723,0.3603898290413331,0.29374780350573465,0.2796747890067085,0.5725385414412465,0.10093053451633846,0.17390634061891364,803.0,0.04163761090673015,0.05539926422852196,5.0,0.0,0,0,0,0.0,0.0005,0.0025714285714285713,0,0,0,0,0,0,1,0,0,1,0,0.0,0,0.0,0,0.00014285714285714287,0,0.0005714285714285715,0,0.0,,,1997,2012,14,0.9972618480848301
Jermaine O'Neal,onealje01,83,226.0,1978-10-13,,1997,2010,1996-12-05T00:00:00Z,False,14,NBA,"POR, IND, TOR, MIA",PF,863,646.0,28.332560834298956,5.490150637311704,11.792584009269989,0.46555959516556944,0.016222479721900347,0.10892236384704519,0.14893617021276595,5.473928157589803,11.683661645422942,0.4685113557472974,0.4662474206544168,3.200463499420626,4.504055619930475,0.7105737072292256,2.041714947856315,5.493626882966396,7.535341830822712,1.4831981460023176,0.4947856315179606,1.8876013904982618,1.9687137891077635,2.9235225955967556,14.196987253765933,24451.0,4738,10177,14.0,94.0,4724.0,10083.0,2762,3887,1762.0,4741.0,6503.0,1280,427.0,1629.0,1699.0,2523.0,12252,1.0,18.39471596253732,0.5154220686270501,0.008953212547544068,0.382692855097951,8.435282810518995,22.07739969735389,15.317676168663859,9.998678990634328,0.9440063801071531,4.98182896405055,12.6600220849863,25.58794323340559,18.1,41.4,59.699999999999996,0.11707124452987608,-0.2408326857797228,0.7460267473722956,0.5299701443703735,15.7,10.299971371314058,22.09048300682999,0.01908306408735839,0.21040039262197865,10.257772688233612,21.889570978692078,5.986352296429595,8.455392417488037,3.8211197906016117,10.295317164942132,14.115545376467221,2.774127847531799,0.9440063801071531,3.5289395116764144,3.6931822829332126,5.488838902294385,26.6107071285428,101.65191607705206,99.79706351478467,0.0,0.0,0.20984826796450043,47.04682835057871,52.86793996155576,1.7584720461330823,1.4088953417038155,387.0,498.0,1411.0,373.0,1734.0,212.0,2901.0,367.0,994.0,8.292527912968794,0.29883059997546113,0.32082655106130636,0.23906249233160198,0.13245351928346488,0.008953212547544068,0.6375022289476914,0.4199645822256759,0.37723606396466414,0.3751860455605087,0.6179738252014232,0.38671588074107394,0.09777665535151939,859.0,0.1805494662794978,0.0764039098605374,7.0,0.0,0,0,6,0.026857142857142857,0.07871428571428571,0.0,0,0,5,0,1,3,7,0,0,0,0,0.030357142857142857,0,0.0,0,0.0,1,0.030071428571428572,0,0.0012142857142857144,,,1997,2014,14,0.9910467874524559
Tony Battie,battito01,83,230.0,1976-02-11,Texas Tech,1998,2012,1997-10-31T00:00:00Z,False,14,NBA,"DEN, BOS, CLE, ORL, NJN, PHI",C,837,429.0,21.086021505376344,2.5603345280764636,5.241338112305854,0.4884887166628676,0.014336917562724014,0.0884109916367981,0.16216216216216217,2.5459976105137394,5.152927120669056,0.4940876420125203,0.48985639389104174,0.9366786140979689,1.3584229390681004,0.6895338610378188,1.6439665471923537,3.4778972520908007,5.121863799283154,0.6236559139784946,0.5017921146953405,0.8518518518518519,0.8410991636798089,2.6320191158900834,6.07168458781362,17649.0,2143,4387,12.0,74.0,2131.0,4313.0,784,1137,1376.0,2911.0,4287.0,522,420.0,713.0,704.0,2203.0,5082,0.0,12.585568587455379,0.5214351521332653,0.01608221428976146,0.261116550512777,8.870734885829226,19.14742478327384,13.970321264660889,4.901297523939034,1.241685081307723,3.0461385914216104,12.564978185732903,14.40383024533968,14.7,21.800000000000008,36.6,0.09893268740438553,-2.0939146693863675,0.31872060739985275,-1.8308459402799024,0.8,6.373358263924302,13.048603320301433,0.03316335203127656,0.22396736359000513,6.350705422403534,12.83494248965947,2.321270326930704,3.372797325627514,4.081188735905717,8.635951045385008,12.720154116380531,1.5450790413054565,1.241685081307723,2.1228681511700374,2.1131055583885776,6.522930477647459,15.112567284265397,106.02646042268684,103.19944472774661,0.0,0.0,0.0,28.29826052467562,71.72310045894952,-0.8082950875403707,0.8622924811604056,291.0,165.0,1411.0,87.0,477.0,41.0,1177.0,97.0,222.0,9.341900390956996,0.3210271970083291,0.19664927191342285,0.24945843957164707,0.21682004646155587,0.01608221428976146,0.6988178367046293,0.380586718794266,0.41549538217462745,0.3779590345062043,0.7092798458836195,0.44676752223922034,0.13430290668026518,557.0,0.11865544790073093,0.12778435038812397,8.0,0.0,0,0,0,0.0,0.0,0.0,0,0,0,0,0,0,0,0,0,0,0,0.0,0,0.0,0,0.0,0,0.0,0,0.0,,,1998,2012,14,0.9839177857102381
Chauncey Billups,billuch01,75,202.0,1976-09-25,Colorado,1998,2011,1997-10-31T00:00:00Z,True,14,NBA,"BOS, TOR, DEN, MIN, DET, DEN, NYK",PG,982,888.0,32.25458248472505,4.661914460285132,11.175152749490834,0.4171678512848551,1.7668024439918533,4.543788187372709,0.3888390856118333,2.895112016293279,6.631364562118126,0.4365786240786241,0.4962183342445781,4.435845213849287,4.963340122199592,0.8937217890849405,0.4786150712830957,2.4562118126272914,2.934826883910387,5.565173116089613,1.0407331975560081,0.1659877800407332,2.0865580448065173,2.1171079429735236,15.526476578411405,31674.0,4578,10974,1735.0,4462.0,2843.0,6512.0,4356,4874,470.0,2412.0,2882.0,5465,1022.0,163.0,2049.0,2079.0,15247,2.0,19.055528193470987,0.5802137084043696,0.4065536086379996,0.4429449706383785,1.7193944560207108,8.892489107785567,5.307454063269558,28.497474269116623,1.7211308960030312,0.37810191324114417,13.523599797941529,22.000757719265014,90.2,27.799999999999997,118.0,0.17886395782029427,3.5923880785502305,-0.20223527183178633,3.393281555850224,43.300000000000004,7.715129127991412,18.450934520426845,2.9304540001262867,7.506500599861085,4.785638062764412,10.966502494159247,7.330062511839364,8.194036117951633,0.7857264633453305,4.072033844793837,4.853062448696091,9.206516385679107,1.7211308960030312,0.2912925427795669,3.43110753299236,3.4791658773757663,25.668472564248283,117.72280103554967,106.88334280482415,82.33450148386689,17.53198206731073,0.20698364589253015,0.0,0.0,4.091999747426912,2.5543947717370714,1139.0,521.0,790.0,248.0,1605.0,52.0,11975.0,255.0,614.0,16.733140746353477,0.20560507040474835,0.061390446422933634,0.10563342173391425,0.22080236155837596,0.4065536086379996,0.5158099703226621,0.3545547452168971,0.38874063900991346,0.40793628843846685,0.2807906484814043,0.5986536591526174,0.0023387320830965466,24.0,0.15348102544673867,0.39233554334785625,16.0,0.0,1,1,5,0.09421428571428571,0.07642857142857143,0.0,0,2,8,0,1,3,7,0,0,0,0,0.026785714285714284,0,0.0,0,0.0,0,0.005071428571428571,0,0.00014285714285714287,,,1998,2014,14,0.5934463913620004
Tim Duncan,duncati01,83,250.0,1976-04-25,Wake Forest,1998,2011,1997-10-31T00:00:00Z,True,14,NBA,SAS,PF,1053,1051.0,35.83570750237417,7.935422602089269,15.630579297245964,0.5076857646272556,0.024691358024691357,0.13580246913580246,0.18181818181818182,7.910731244064578,15.494776828110162,0.5105417994606521,0.5084756060514004,4.677113010446344,6.800569800569801,0.6877531071079458,3.0218423551756883,8.386514719848053,11.408357075023742,3.130104463437797,0.7445394112060779,2.2611585944919277,2.618233618233618,2.5308641975308643,20.572649572649574,37735.0,8356,16459,26.0,143.0,8330.0,16316.0,4925,7161,3182.0,8831.0,12013.0,3296,784.0,2381.0,2757.0,2665.0,21663,3.0,24.840911620511463,0.552504730356433,0.008690022525506822,0.43386023585530675,10.100151053398703,26.309450112627534,18.45872532131973,16.640371008347685,1.1077302239300382,4.502647409566714,12.339880747316816,27.75291639061879,84.30000000000001,85.7,169.89999999999998,0.21634040015900358,3.704865509473964,2.294601828541142,6.017304889360011,76.3,11.866413144295745,23.35351530409434,0.022679210282231355,0.21529614416324372,11.82032595733404,23.16175698953226,6.983866436994833,10.16203524579303,4.502766662249901,12.544899960249104,17.06320127202862,4.668453690208029,1.1077302239300382,3.3807632171723867,3.9137220087451974,3.804605803630582,30.764523651782174,109.9356035510799,95.19541539684643,0.0,0.0,0.679263283423877,45.539658142308205,53.78107857426792,9.825928183384127,9.482517556645027,1060.0,880.0,1482.0,351.0,3200.0,44.0,7380.0,708.0,1185.0,7.881001722538758,0.3099140320657215,0.3489126275341195,0.2105889227507619,0.12176395918908178,0.008690022525506822,0.687677355240493,0.45118137008082676,0.40453327149860874,0.41177405591625815,0.5223976944481251,0.5381037498343713,0.06374853584205645,965.0,0.10658468265535975,0.4309129455412747,13.0,0.0,4,3,13,0.5315,0.7179285714285715,0.07142857142857142,8,13,14,9,12,13,14,1,1,1,2,0.3002857142857142,1,0.974,0,0.0,0,0.0,0,0.06021428571428572,,,1998,2016,14,0.9913099774744932
Tracy McGrady,mcgratr01,80,210.0,1979-05-24,,1998,2011,1997-10-31T00:00:00Z,True,14,NBA,"TOR, ORL, HOU, NYK, DET",SG,886,703.0,33.65801354401806,7.45823927765237,17.135440180586908,0.4352522724278751,1.2031602708803613,3.572234762979684,0.3368088467614534,6.255079006772009,13.563205417607223,0.4611799950070733,0.47035963641154,4.318284424379232,5.77765237020316,0.7474116038288728,1.4413092550790068,4.339729119638826,5.781038374717833,4.572234762979684,1.2641083521444696,0.8939051918735892,2.230248306997743,1.835214446952596,20.437923250564335,29821.0,6608,15182,1066.0,3165.0,5542.0,12017.0,3826,5119,1277.0,3845.0,5122.0,4051,1120.0,792.0,1976.0,1626.0,18108,4.0,22.37167767680494,0.5167817645283527,0.20113684987089636,0.33457959156299244,4.793752724590054,14.86068206968244,9.808339760571407,26.39784715468965,1.9717447436370343,1.9542503604842227,10.48966500117367,29.636417289829314,60.4,35.199999999999996,95.69999999999997,0.1538548003085074,4.816267060125415,0.5186110459072466,5.33047852184702,55.2,11.663837564132658,26.800050300124074,1.8833540122732302,5.598360215955199,9.78364910633446,21.185999798799504,6.747067502766506,9.040012072029777,2.25452868783743,6.79884645048791,9.036494416686228,7.1512893598470875,1.9717447436370343,1.40664632306093,3.478716340833641,2.8576707689212295,31.95092719895376,107.7373662855035,103.75701686730827,1.5939103316454848,54.49636162435867,40.679018141578084,3.311760169008417,0.0,1.840870527480634,5.167496059823615,1050.0,602.0,777.0,140.0,2221.0,34.0,9166.0,471.0,681.0,14.064504879112038,0.2541827906508836,0.10009956071224974,0.11488256597699609,0.32958968512122333,0.20113684987089636,0.5847448107038664,0.37811448308239165,0.3822935850575098,0.4111444619563395,0.4075529324972335,0.6746696958519165,0.054778075852587094,721.0,0.07889846081620333,0.3818190536869991,28.0,0.0,0,0,7,0.019571428571428573,0.271,0.0,0,0,5,2,5,7,7,0,0,0,0,0.06114285714285715,0,0.0,0,0.0017857142857142859,1,0.0485,0,0.0,,,1998,2012,14,0.7988631501291036
Vince Carter,cartevi01,78,220.0,1977-01-26,UNC,1999,2012,1999-02-05T00:00:00Z,True,14,NBA,"TOR, NJN, ORL, PHO, DAL",SG,986,947.0,35.67342799188641,7.822515212981744,17.625760649087223,0.4438114966338685,1.5223123732251522,4.075050709939148,0.37356893977103034,6.300202839756592,13.550709939148073,0.46493525933687596,0.4869957995281662,4.267748478701826,5.349898580121704,0.7977251184834123,1.3914807302231238,3.6957403651115617,5.0872210953346855,3.890466531440162,1.1612576064908722,0.6744421906693712,2.161257606490872,2.9077079107505073,21.435091277890468,35174.0,7713,17379,1501.0,4018.0,6212.0,13361.0,4208,5275,1372.0,3644.0,5016.0,3836,1145.0,665.0,2131.0,2867.0,21135,5.0,20.410485017342356,0.536023568544948,0.23490106328538124,0.3021449366008984,4.441328822425656,12.121322567805764,8.250878489793598,21.67801216807869,1.7176835162335817,1.4236623642463182,9.793773810200717,28.628000796042535,70.4,35.0,105.40000000000002,0.14381480639108432,3.836185819070905,0.01753852277250242,3.850639677034173,51.79999999999999,11.644845624609086,26.225407971797353,2.2495536475805995,6.029644055268096,9.366387104110993,20.17798942400637,6.353056234718825,7.960405413089213,2.0674589185193604,5.49519247171206,7.562651390231421,5.788670608972537,1.7176835162335817,1.0173025530221187,3.228199806675386,4.321692158981066,31.887766532097572,108.80985955535338,105.69684994598283,0.33538977653948937,64.07087621538636,34.21578438619435,1.3107124580656166,0.0,2.38576221072383,9.50994768863365,979.0,554.0,1369.0,326.0,1960.0,116.0,8728.0,404.0,649.0,13.670961505657589,0.2526037413998976,0.1279930346278501,0.12981125262978335,0.2545243077272986,0.23490106328538124,0.5939576391652925,0.41226201171319726,0.3884965599590606,0.4055718144083699,0.4292999658838915,0.8156665434696082,0.0523587308807642,842.0,0.1743121055324956,0.4193083527605617,31.0,0.0,0,0,8,0.004857142857142858,0.07385714285714286,0.07142857142857142,0,0,3,0,1,2,9,1,1,1,0,0.003642857142857143,1,0.958,0,0.0,0,0.0007142857142857143,0,0.0,,,1999,2020,14,0.7650989367146187
Al Harrington,harrial01,81,230.0,1980-02-17,,1999,2012,1999-02-05T00:00:00Z,False,14,NBA,"IND, ATL, IND, GSW, NYK, DEN",PF,937,445.0,29.21985058697972,5.257203842049093,11.797225186766275,0.4456305409806405,0.9978655282817502,2.826040554962647,0.3530966767371601,4.259338313767342,8.971184631803629,0.4747799191054009,0.4879229238284784,2.32017075773746,3.192102454642476,0.7268472082915413,1.5731056563500534,4.163287086446105,5.736392742796158,1.7193169690501602,0.8964781216648879,0.26147278548559233,1.9178228388473852,3.1792956243329775,13.832443970117396,27379.0,4926,11054,935.0,2648.0,3991.0,8406.0,2174,2991,1474.0,3901.0,5375.0,1611,840.0,245.0,1797.0,2979.0,12961,0.0,14.368377223419408,0.5218592717045911,0.22424208334855178,0.27334435151028164,6.10869644618138,16.362832828079917,11.194002702801418,10.146857080243983,1.5842689652653492,0.6639833448993755,12.859874356258446,23.191917162789004,17.700000000000003,24.400000000000002,42.2,0.07383848935315389,-0.5182037327879031,-0.8825669308594177,-1.4165163081193615,3.9000000000000004,9.279692465027942,20.798287008291027,1.724036670440849,4.87991161108879,7.558453559297273,15.921644325943241,4.115825998027685,5.64598780086928,2.7899338909383107,7.360024106066693,10.151703860623105,3.0387486759925486,1.5842689652653492,0.4603199532488403,3.4012600898498855,5.607976916614924,24.36578399503269,101.9802038058366,106.796815077249,0.0,0.5196318346177727,30.827970342233098,57.902406954235,11.077723802914642,-1.0243617370977756,-1.3701230870375103,598.0,492.0,1221.0,377.0,1296.0,166.0,3682.0,277.0,738.0,11.854037766171153,0.32964783228021477,0.13030300595346797,0.15056415500931372,0.16537338836334417,0.22424208334855178,0.5949875451988751,0.3321398151868221,0.38367770919317723,0.4059119032835385,0.5000857591584791,0.8867211001132254,0.04963472004090726,504.0,0.2896794988860075,0.322530954381095,19.0,1.0,0,0,0,0.0,0.0,0.0,0,0,0,0,0,0,0,0,0,0,0,0.0,0,0.0,0,0.03878571428571429,0,0.0,0,0.0,,,1999,2014,14,0.7757579166514483
Brad Miller,millebr01,83,244.0,1976-04-12,Purdue,1999,2012,1999-02-05T00:00:00Z,False,14,NBA,"CHH, CHI, IND, SAC, CHI, HOU, MIN",C,868,598.0,28.268433179723502,3.9700460829493087,8.264976958525345,0.48034569277948147,0.2315668202764977,0.7027649769585254,0.3295081967213115,3.738479262672811,7.56221198156682,0.49436319317489336,0.4943546138834681,3.03110599078341,3.77073732718894,0.8038496791934006,1.967741935483871,5.173963133640553,7.141705069124424,2.845622119815668,0.7361751152073732,0.6820276497695853,1.5748847926267282,2.7453917050691246,11.202764976958525,24537.0,3446,7174,201.0,610.0,3245.0,6564.0,2631,3273,1708.0,4491.0,6199.0,2470,639.0,592.0,1367.0,2383.0,9724,3.0,17.556482047520074,0.5634753229816196,0.08618861311488772,0.4553593348820149,8.041569874067735,20.915490891307005,14.509226881851898,16.31319639727758,1.3518441537270247,1.771463504095855,13.741231609406203,18.386502017361536,49.3,27.1,76.39999999999999,0.14975437094999391,1.1826099360149978,0.5571341239760361,1.749264376248115,23.0,7.285271223050903,15.14917471573542,0.41888576435587077,1.2961364469984107,6.854305742348291,13.872233769409464,5.568626971512409,6.904177364796023,3.6253616986591677,9.476337775604188,13.096075314830667,5.208904919101765,1.3518441537270247,1.2623059053674044,2.8760280392876068,5.040457268614745,20.515584627297553,114.2717528630232,104.8311937074622,0.0,0.0,0.0,9.955658800994417,90.04434119900559,1.9196438032359295,5.855642499083018,747.0,321.0,1253.0,144.0,1361.0,138.0,5422.0,336.0,705.0,10.464335493336593,0.3593198027468721,0.14703529363817908,0.11403504910950808,0.29336100582793334,0.08618861311488772,0.6151895097200145,0.35916880629253783,0.40049386640583606,0.4352647430411215,0.6937635000203773,0.9310120634144353,0.041135142845498636,279.0,0.18751754493214326,0.41850376981701104,12.0,0.0,0,0,2,0.0,0.002857142857142857,0.0,0,0,0,0,0,0,4,0,0,0,0,0.0,0,0.0,0,0.0,0,0.0005,0,0.0,,,1999,2012,14,0.9138113868851123
Nazr Mohammed,mohamna01,82,221.0,1977-09-05,Kentucky,1999,2012,1999-02-05T00:00:00Z,False,14,NBA,"PHI, ATL, NYK, SAS, DET, CHA, OKC",C,834,341.0,17.372901678657076,2.7170263788968825,5.513189448441247,0.49282296650717705,0.0,0.007194244604316547,0.0,2.7170263788968825,5.505995203836931,0.49346689895470386,0.49282296650717705,1.1630695443645085,1.8189448441247003,0.6394199077125906,1.986810551558753,3.1642685851318944,5.151079136690647,0.3908872901678657,0.4712230215827338,0.6858513189448441,1.0167865707434052,2.352517985611511,6.597122302158273,14489.0,2266,4598,0.0,6.0,2266.0,4592.0,970,1517,1657.0,2639.0,4296.0,326,393.0,572.0,848.0,1962.0,5502,0.0,15.39749465111464,0.5224992062944303,0.0012962937400786804,0.3297226861757195,13.403416384843673,21.02128511284423,17.23366691973221,3.906777555386845,1.4245013458485747,2.9846366208848094,13.901870384429568,19.42401822071917,11.700000000000003,20.500000000000004,32.199999999999996,0.10664200427910829,-1.8057975015529022,-0.6009455448961282,-2.426171578438816,-1.6000000000000003,8.278438815653255,16.82425978328387,0.0,0.011070467251018014,8.278438815653255,16.799848160673616,3.5574504796742357,5.535392366622956,6.074932707571262,9.671454206639519,15.717578852922907,1.1938988197943268,1.4245013458485747,2.0944854717371797,3.1152736558768725,7.189467872178894,20.133887776934227,103.93105114224583,102.3445372351439,0.0,0.0,0.0,18.960107667885982,81.03989233211402,-2.9139278073020916,-3.5042584029263573,218.0,270.0,1139.0,169.0,715.0,24.0,701.0,161.0,484.0,5.728338739733592,0.4822376285457934,0.254366139830216,0.19536172268617572,0.06647284146593968,0.0012962937400786804,0.6116426944578646,0.3877485678790807,0.4014367451169854,0.3001632272758644,0.6183545448271102,0.0,0.10794243909172477,411.0,0.08834288080612879,0.0,2.0,0.0,1,0,0,0.0,0.0,0.0,0,0,0,0,0,0,0,0,0,0,0,0.0,0,0.0,0,0.0,0,0.0,0,0.0,,,1999,2016,14,0.9987037062599213
Dirk Nowitzki,nowitdi01,84,245.0,1978-06-19,,1999,2012,1999-02-05T00:00:00Z,True,14,NBA,DAL,PF,1055,1030.0,36.31658767772512,7.9914691943127965,16.8218009478673,0.4750662083732462,1.2085308056872037,3.1819905213270143,0.37980339588918677,6.782938388625593,13.639810426540285,0.49728978457261985,0.5109877725812814,5.68436018957346,6.474881516587677,0.8779095300834431,1.180094786729858,7.097630331753554,8.277725118483412,2.6454976303317537,0.8777251184834123,0.9601895734597157,1.9156398104265402,2.546919431279621,22.875829383886256,38314.0,8431,17747,1275.0,3357.0,7156.0,14390.0,5997,6831,1245.0,7488.0,8733.0,2791,926.0,1013.0,2021.0,2687.0,24134,2.0,23.628738842198675,0.5808902228950253,0.19384955890797095,0.38467466200344524,3.754048128621392,21.876243670720882,12.945949261366604,13.084185937255311,1.2589941013728663,1.9591689721772723,8.944474604583181,27.15495119277549,119.7,48.99999999999999,168.9,0.21157007882236256,4.774607193193089,0.49094325833898844,5.244701675627707,70.30000000000001,11.527264185415254,24.25579422665344,1.7404003758417288,4.575627707887456,9.78477579996868,19.687430182178836,8.200736023385707,9.348817664561256,1.6922691444380644,10.228078509161142,11.941971603069376,3.818157853526126,1.2589941013728663,1.3921882340658767,2.7681082632980107,3.6682674740303804,32.99192723286527,116.74218301404187,103.28138539437282,0.0,0.0,0.9726992744166623,72.62475857388944,26.37753823667589,7.171796210262568,11.219314088844808,972.0,592.0,1618.0,252.0,2614.0,86.0,6392.0,573.0,667.0,14.542671086286997,0.16776366341285168,0.09083971916270815,0.23426653442605835,0.3132608445998852,0.19384955890797095,0.6444296862765568,0.39559865845382886,0.46156804301299775,0.4737858746150232,0.5603029179934228,0.9261854674531501,0.022465678342120377,368.0,0.12093535000260998,0.42138531607245394,20.0,0.0,1,1,11,0.0012142857142857144,0.4777142857142857,0.005071428571428571,0,0,1,4,9,12,12,0,0,1,1,0.12878571428571428,0,0.0,0,0.0,0,0.018214285714285714,0,0.0,,,1999,2019,14,0.806150441092029
Paul Pierce,piercpa01,79,235.0,1977-10-13,Kansas,1999,2012,1999-02-05T00:00:00Z,True,14,NBA,BOS,SF,1025,1022.0,36.863414634146345,7.225365853658537,16.13463414634146,0.4478171483855363,1.6370731707317072,4.435121951219513,0.3691157061152662,5.588292682926829,11.699512195121951,0.47765176784523017,0.49854879671060587,5.9521951219512195,7.371707317073171,0.8074377977766014,0.9395121951219512,5.074146341463415,6.013658536585366,3.8390243902439023,1.4624390243902439,0.6224390243902439,2.9258536585365853,2.8429268292682925,22.04,37785.0,7406,16538,1678.0,4546.0,5728.0,11992.0,6101,7556,963.0,5201.0,6164.0,3935,1499.0,638.0,2999.0,2914.0,22591,6.0,20.653817652507612,0.570761863173217,0.2762908296943231,0.45621254466057976,2.957933042212518,16.008405451898902,9.545269286754003,19.30353844118036,2.0664761148603943,1.296001058621146,13.14047108640995,27.796458912266772,78.1,53.300000000000004,131.3,0.16661307397115255,3.589641392086807,0.6041100965991797,4.190276564774382,59.0,10.226992192669048,22.853216885007278,2.320579595077411,6.291621013629746,7.921836707688236,16.564557364033345,8.427137753076616,10.431949186184994,1.3362180759560673,7.182085483657535,8.514074368135503,5.430168056106921,2.0664761148603943,0.9004155087997882,4.149114728066694,4.043189096202196,31.204893476247186,109.68760089982797,102.4346698425301,0.08257244938467646,29.33939393939394,67.90019849146486,2.6071986237925104,0.0783379648008469,3.7736959110758233,7.008963874553393,1279.0,962.0,1398.0,420.0,2982.0,135.0,8927.0,650.0,975.0,13.85563054122006,0.2745618896387455,0.0853964271536324,0.14096982929734023,0.22288717745136957,0.2762908296943231,0.6122439857086145,0.33111967712055046,0.4062914913325394,0.41580037051740104,0.4430505491597195,0.8528241894931851,0.028091014953023682,433.0,0.13901842000793962,0.38091914780997754,25.0,1.0,1,1,10,0.0035714285714285718,0.12085714285714287,0.07142857142857142,0,0,2,0,1,4,12,1,1,1,0,0.0028571428571428576,0,0.017,0,0.0,0,0.00014285714285714287,0,0.0,,,1999,2017,14,0.7237091703056768
Antawn Jamison,jamisan01,81,223.0,1976-06-12,UNC,1999,2012,1999-02-06T00:00:00Z,False,14,NBA,"GSW, DAL, WAS, CLE",PF/SF,985,858.0,36.29847715736041,7.4954314720812185,16.606091370558374,0.45136638747936664,1.0873096446700508,3.138071065989848,0.3464898091232611,6.4081218274111675,13.468020304568528,0.4758028041610131,0.4841046646695604,3.4609137055837564,4.770558375634518,0.725473505001064,2.4761421319796955,5.3817258883248735,7.8578680203045685,1.72994923857868,1.0243654822335024,0.4020304568527919,1.6791878172588832,2.4639593908629442,19.539086294416244,35754.0,7383,16357,1071.0,3091.0,6312.0,13266.0,3409,4699,2439.0,5301.0,7740.0,1704,1009.0,396.0,1654.0,2427.0,19246,0.0,18.344319516697432,0.5233348436538571,0.18851966213570512,0.28824098003020643,7.350537002852828,17.21110924651787,12.136214129887566,8.713637634949936,1.457845276053029,0.8211193153213627,8.208438216703026,24.694400626503327,62.400000000000006,21.300000000000004,83.49999999999999,0.11202671029814847,2.304293225932763,-1.64375454494602,0.6444677518599318,23.799999999999997,10.680595178161884,23.67487274151144,1.539592772836606,4.491103093360183,9.127451473960953,19.197200313251663,4.917863735526096,6.80610001678134,3.53245790680763,7.694263578900261,11.226178889075346,2.462695083067629,1.457845276053029,0.5803546456340549,2.4028136711976282,3.513120210326117,27.86669183867539,109.3210829557532,109.04357554399508,0.0,0.7538177546568217,40.670750125860046,57.34432511047715,1.4641718409129048,-2.4680063769088774,3.400151032052358,722.0,517.0,1325.0,240.0,1910.0,98.0,3831.0,467.0,789.0,11.871717849751079,0.24382259327627684,0.25685794596408795,0.10571373832298485,0.20505767186888185,0.18851966213570512,0.6729674162331488,0.4328859987693685,0.35461086871399006,0.3636229233092801,0.6661902164792751,0.9755734463276837,0.012587318901381664,196.0,0.2259307769760027,0.34159666051350895,9.0,0.0,0,0,2,0.0,0.0035714285714285718,0.026785714285714284,0,0,0,0,0,0,6,0,1,1,0,7.142857142857143e-05,0,0.0,1,0.04021428571428571,0,0.00014285714285714287,0,0.0,,,1999,2014,14,0.811480337864295
Mike Bibby,bibbymi01,73,190.0,1978-05-13,Arizona,1999,2012,1999-02-07T00:00:00Z,False,14,NBA,"VAN, SAC, ATL, WAS, MIA, NYK",PG,1001,950.0,33.92807192807193,5.404595404595405,12.3996003996004,0.43586851434096036,1.5154845154845156,3.995004995004995,0.37934483620905224,3.889110889110889,8.404595404595405,0.462736241530964,0.4969787302610377,2.358641358641359,2.94005994005994,0.8022426095820592,0.5284715284715285,2.5714285714285716,3.0999000999001,5.511488511488512,1.170829170829171,0.14885114885114886,2.131868131868132,1.9290709290709291,14.683316683316683,33962.0,5410,12412,1517.0,3999.0,3893.0,8413.0,2361,2943,529.0,2574.0,3103.0,5517,1172.0,149.0,2134.0,1931.0,14698,2.0,16.09952888522466,0.5348467110299746,0.3298163535716389,0.2289397856427772,1.803071079441729,8.695403686473115,5.271076497261646,27.214265944290677,1.8020994052175965,0.3143101113008656,13.532521641834993,21.143707673281906,51.00000000000001,21.999999999999996,73.2,0.10366565573287792,1.5523379070726104,-0.7790648371709556,0.7727460102467464,23.900000000000002,8.280436958954127,19.012955656321772,2.348886991343266,6.148041929215005,5.957349390495259,12.881797302867913,3.6035981390966376,4.491028207997173,0.8110535304163476,3.962587597903539,4.773641128319887,8.46203109357517,1.8020994052175965,0.23548377598492432,3.274097520758495,2.963002767799305,22.51553795418409,108.27922383840763,108.55726988987692,96.6348271597668,3.4591013485660445,0.0,0.0,0.0,0.9348801601790236,0.4166391849714387,1362.0,502.0,786.0,146.0,898.0,148.0,11952.0,187.0,354.0,17.31562923267181,0.13977277545492017,0.07007031388021906,0.0708818679700842,0.3896453977975385,0.3298163535716389,0.6031653612861435,0.39074630469348093,0.4005804722925623,0.4290900418114363,0.4708148813379659,0.9089924327189213,0.0008995642188328132,11.0,0.20329677286378894,0.39480507626170425,8.0,0.0,0,0,0,0.0,0.0034999999999999996,0.05992857142857143,0,0,0,0,0,0,5,1,1,1,0,7.142857142857143e-05,0,0.0,0,0.0,0,0.0,0,0.0,,,1999,2012,14,0.6701836464283611
Rashard Lewis,lewisra02,82,215.0,1979-08-08,,1999,2012,1999-02-09T00:00:00Z,False,14,NBA,"SEA, ORL, WAS",SF,934,827.0,34.02355460385439,5.82762312633833,12.84154175588865,0.45381023845255963,1.8094218415417558,4.668094218415417,0.3876146788990826,4.018201284796574,8.173447537473233,0.4916164527115536,0.5242621310655328,2.6231263383297643,3.247323340471092,0.8077810748433893,1.4721627408993576,4.097430406852248,5.569593147751606,1.7965738758029979,1.114561027837259,0.5556745182012848,1.6156316916488223,2.4336188436830835,16.08779443254818,31778.0,5443,11994,1690.0,4360.0,3753.0,7634.0,2450,3033,1375.0,3827.0,5202.0,1678,1041.0,519.0,1509.0,2273.0,15026,0.0,17.097529737554282,0.5629976398766441,0.3644071999496507,0.2503714519478885,5.066442192711939,13.966070866637295,9.542743407388759,9.017770155453459,1.7434168292529424,1.2347410157970924,10.24402102083202,21.382771099502804,60.2,27.799999999999997,88.0,0.13296469255459756,2.361810057272327,-0.2987727358549941,2.0946629743847938,32.7,9.042834665491847,19.93913713890113,2.8033419346717854,7.209031405374788,6.239492730820063,12.704446472402292,4.083822141103909,5.0371798099313985,2.2782019006860095,6.3551010132796275,8.631484045566115,2.783205362200264,1.7434168292529424,0.8628957140159859,2.5122883756057655,3.770882371451948,24.971669079237202,112.1085342060545,106.87053936685757,0.0,0.864591856001007,51.06435269683429,47.406507646799675,0.9432311662156209,2.472229215180314,2.81281704323746,614.0,428.0,1069.0,286.0,1141.0,38.0,3932.0,284.0,499.0,14.621005097866448,0.18795216816665614,0.18042626974636541,0.1279443640254264,0.1392336836805337,0.3644071999496507,0.6570710869154761,0.4473141796211215,0.40497114355843666,0.39973075712757256,0.5248881616212474,0.9541954811504815,0.04108455535275977,465.0,0.3246945056328278,0.4072430927056454,25.0,0.0,0,0,2,0.0,0.0018571428571428573,0.0,0,0,0,0,0,0,3,0,0,0,0,0.0,0,0.0,0,0.0,0,0.0007142857142857143,0,0.0,,,1999,2014,14,0.6355928000503493
Brian Skinner,skinnbr01,81,255.0,1976-05-19,Baylor,1999,2012,1999-02-27T00:00:00Z,False,14,NBA,"LAC, CLE, PHI, MIL, PHI, SAC, POR, MIL, PHO, LAC, MIL, MEM",PF,608,197.0,17.94407894736842,1.9638157894736843,3.9786184210526314,0.49359239355105416,0.003289473684210526,0.009868421052631578,0.3333333333333333,1.9605263157894737,3.96875,0.4939908827186075,0.4940057875155023,0.7993421052631579,1.4111842105263157,0.5664335664335665,1.511513157894737,3.161184210526316,4.672697368421052,0.47368421052631576,0.42105263157894735,0.875,0.8536184210526315,2.088815789473684,4.730263157894737,10910.0,1194,2419,2.0,6.0,1192.0,2413.0,486,858,919.0,1922.0,2841.0,288,256.0,532.0,519.0,1270.0,2876,0.0,11.981714023831348,0.516381209899175,0.0023643446379468377,0.3641099908340972,9.72212648945921,20.331200733272222,15.02151237396884,4.062493125572869,1.235545371219065,3.5335105407882677,16.17442713107241,13.760467461044914,4.800000000000001,11.3,15.7,0.06972419798350138,-2.525224564619615,-0.04934922089825845,-2.5326581118240146,-1.4,5.717002749770852,11.589010082493127,0.00773602199816682,0.03182401466544455,5.709266727772685,11.557186067827681,2.326874427131072,4.110504124656279,4.409972502291477,9.172273143904675,13.58850595783685,1.3721539871677362,1.235545371219065,2.5220898258478455,2.500907424381302,6.084307974335473,13.760256645279561,101.69651695692026,105.3545371219065,0.0,0.0,0.8921173235563703,45.68258478460128,53.569844179651696,-5.03307974335472,-3.230494958753437,162.0,145.0,632.0,111.0,389.0,23.0,646.0,80.0,261.0,5.6538496791934,0.4691563703024747,0.3127444546287809,0.12659633363886344,0.08873299725022915,0.0023643446379468377,0.6026230064161319,0.4535798350137488,0.34764546287809356,0.25959798350137486,0.6366633363886344,0.0773602199816682,0.1092456461961503,230.0,0.0,0.0,2.0,0.0,0,0,0,0.0,0.0,0.0,0,0,0,0,0,0,0,0,0,0,0,0.0,0,0.0,0,0.0,0,0.0,0,0.0,,,1999,2012,14,0.9970857011915674
Richard Hamilton,hamilri01,79,185.0,1978-02-14,UConn,2000,2013,1999-11-02T00:00:00Z,False,14,NBA,"WAS, DET, CHI",SG,921,783.0,32.09446254071661,6.48099891422367,14.427795874049945,0.44920228777844673,0.5754614549402823,1.6612377850162867,0.3464052287581699,5.905537459283388,12.766558089033659,0.46257866984180984,0.46914509331727877,3.517915309446254,4.131378935939196,0.8515111695137977,0.8621064060803475,2.234527687296417,3.0966340933767644,3.3930510314875137,0.7752442996742671,0.14223669923995658,2.1465798045602607,2.528773072747014,17.055374592833875,29559.0,5969,13288,530.0,1530.0,5439.0,11758.0,3240,3805,794.0,2058.0,2852.0,3125,714.0,131.0,1977.0,2329.0,15708,0.0,16.47697824689604,0.5251783889847425,0.1153432795426097,0.28642437159579137,3.1382590750701986,8.287993504516391,5.68207990798065,19.849301397205586,1.301343076558747,0.3310429987482662,11.691616766467066,26.751388747927873,39.7,22.999999999999996,62.699999999999996,0.10190808214080312,0.8419432321797083,-1.0518623769410331,-0.24218004668628854,13.099999999999998,10.972864440610305,24.44180790960452,0.9885009641733482,2.8039243546804697,10.002672620859977,21.63023782942589,5.969657295578335,7.01341385026557,1.4473020061571773,3.80177949186373,5.255130417131838,5.767424473087724,1.301343076558747,0.2242802530532156,3.638945837139281,4.300960790283839,28.92300822084644,105.49379207686323,107.76660238844345,2.3916911938834198,85.33228458337562,12.54940965526574,0.0,0.0,2.5597719814608078,1.7856558070300077,893.0,530.0,721.0,354.0,1283.0,75.0,6827.0,256.0,827.0,12.85928143712575,0.19595212963902703,0.12730799418112929,0.26345126695761023,0.2978199533137116,0.1153432795426097,0.6146765113840116,0.4223499103487939,0.4327240434385467,0.41568368348049667,0.6270675936263066,0.9476663960215163,0.009276328698535133,114.0,0.45154741364728174,0.39251263574545825,5.0,1.0,1,0,3,0.004785714285714286,0.002357142857142857,0.010214285714285714,0,0,2,0,0,0,5,0,0,1,0,0.0,0,0.0,0,0.0,0,0.0005714285714285715,0,0.00035714285714285714,,,2000,2013,14,0.8846567204573904
Corey Maggette,maggeco01,78,218.0,1979-11-12,Duke,2000,2013,1999-11-02T00:00:00Z,False,14,NBA,"ORL, LAC, GSW, MIL, CHA, DET",SF,827,478.0,28.244256348246676,4.915356711003628,10.845223700120918,0.45322778459137025,0.5598548972188634,1.7303506650544136,0.32354996505939904,4.355501813784764,9.114873035066505,0.47784558238259484,0.4790389118073364,5.568319226118501,6.770253929866989,0.8224682979103412,1.1064087061668681,3.7569528415961306,4.863361547762999,2.0507859733978235,0.713422007255139,0.16807738814993953,2.2660217654171704,2.8270858524788394,15.95888754534462,23358.0,4065,8969,463.0,1431.0,3602.0,7538.0,4605,5599,915.0,3107.0,4022.0,1696,590.0,139.0,1874.0,2338.0,13198,0.0,17.8843436938094,0.576180880212347,0.15972090932442842,0.623252590119017,4.492148300368182,15.206892713417247,9.85881496703485,12.802247623940405,1.3222536176042472,0.4182892370922169,14.151061734737564,25.689224248651428,46.3,16.0,62.199999999999996,0.12765253874475554,1.2904743556811376,-1.0391086565630618,0.25026543368439086,13.3,9.039832177412451,19.95445671718469,1.0285897765219625,3.1919385221337446,7.999190855381453,16.751018922852985,10.242961726175185,12.459910951280078,2.021144789793647,6.915763335902048,8.936908125695695,3.7798356023632156,1.3222536176042472,0.29739275622912925,4.177652196249679,5.194353112424009,29.34350115592088,109.95688843222878,108.46583611610583,0.6011644832605532,33.830593372720266,52.56139224248651,12.473841938522133,0.6962924907954449,-3.3957016867882523,0.4919385221337441,612.0,609.0,891.0,375.0,2255.0,150.0,3727.0,386.0,720.0,12.241274937922768,0.3330323657847418,0.1074295316379827,0.09112539600993236,0.3085795016696635,0.15972090932442842,0.6359275622912921,0.3268374432742529,0.3563677969004196,0.3834919941775837,0.5984820190084768,0.9470086051888004,0.050888004109940925,421.0,0.193114650226903,0.33963691240688415,24.0,1.0,0,0,0,0.0,0.00028571428571428574,0.005071428571428571,0,0,0,0,0,0,2,0,0,1,0,0.0,0,0.0,0,0.0013571428571428571,0,0.0017857142857142859,0,0.0,,,2000,2013,14,0.8402790906755715
Shawn Marion,mariosh01,79,220.0,1978-05-07,"Vincennes University, UNLV",2000,2013,1999-11-02T00:00:00Z,False,14,NBA,"PHO, MIA, TOR, DAL",SF,1030,962.0,35.52135922330097,6.6300970873786405,13.670873786407768,0.4849797599602301,0.7,2.1184466019417476,0.3304307974335472,5.930097087378641,11.55242718446602,0.5133204470963947,0.510581634827072,2.188349514563107,2.6970873786407767,0.8113750899928006,2.462135922330097,6.666019417475728,9.128155339805826,1.9640776699029125,1.5941747572815534,1.1349514563106795,1.5747572815533981,2.283495145631068,16.148543689320388,36587.0,6829,14081,721.0,2182.0,6108.0,11899.0,2254,2778,2536.0,6866.0,9402.0,2023,1642.0,1169.0,1622.0,2352.0,16633,0.0,19.382318856424412,0.5433367042938748,0.15168231885642441,0.1964518271517206,7.98024161587449,20.925503594172792,14.557285374586602,9.19920190231503,2.3109027796758412,2.298748189247547,9.67839669828081,20.89502008910269,60.8,58.3,119.00000000000001,0.15602823407221145,1.9055894170060401,1.0756170224396644,2.9916035750403145,46.0,9.602894470713641,19.826129499549022,1.0014759340749446,3.0670593380162354,8.587156640336731,16.757812884357833,3.1614835870664444,3.8957307240276604,3.5747068630934486,9.640027878754749,13.217686609998086,2.837084210238609,2.3109027796758412,1.6428649520321423,2.2760242709158995,3.3097794298521337,23.382794435181893,110.30718561237597,100.85964960231776,0.0,1.4102276764971164,64.14081504359471,34.3787137507858,0.28824445841419083,3.078943340530789,2.976595512067128,748.0,526.0,1380.0,130.0,1173.0,56.0,4655.0,246.0,665.0,9.7479678574357,0.3403248968212753,0.21729909530707628,0.1761708257031186,0.11421534971437941,0.15168231885642441,0.678092737857709,0.4264818924754694,0.3989885205127504,0.35638120097302317,0.6806048596496024,0.9733172438297757,0.10822844179626644,1394.0,0.508306310984776,0.3251391204526198,14.0,0.0,1,0,4,0.06978571428571428,0.055,0.04335714285714286,0,0,9,0,0,2,7,0,1,1,0,0.00014285714285714287,0,0.0,0,0.0,0,0.004,0,0.02435714285714286,,,2000,2015,14,0.8483176811435755
Andre Miller,millean02,75,200.0,1976-03-19,Utah,2000,2013,1999-11-02T00:00:00Z,False,14,NBA,"CLE, LAC, DEN, PHI, POR, DEN",PG,1126,933.0,33.36767317939609,5.084369449378331,11.080817051509769,0.45884427346317225,0.15364120781527532,0.7326820603907638,0.2096969696969697,4.930728241563055,10.348134991119005,0.4764847236525918,0.46577702973471186,3.439609236234458,4.253108348134991,0.8087283357694717,1.1509769094138544,2.810834813499112,3.9618117229129663,7.065719360568384,1.300177619893428,0.1882770870337478,2.592362344582593,2.3605683836589697,13.761989342806395,37572.0,5725,12477,173.0,825.0,5552.0,11652.0,3873,4789,1296.0,3165.0,4461.0,7956,1464.0,212.0,2919.0,2658.0,15496,9.0,17.700207601405296,0.5310571702331524,0.06652842542318749,0.38358173639944637,4.024784413925264,9.845749494304268,6.936396784839774,34.93483711274353,2.031020440753753,0.43545193229000323,16.75437293729373,21.043649526242948,66.10000000000001,29.099999999999998,95.50000000000001,0.121902320877249,1.6792877674864262,-0.2290455658469073,1.4318668157138297,32.599999999999994,7.971417544980304,17.403428084743958,0.24791866283402536,1.1562147343766633,7.738520706909402,16.2343527094645,5.395637708932183,6.681028425423187,1.8030048972639197,4.402020121366975,6.21260513148089,11.063507399127008,2.031020440753753,0.29938518045352924,4.070837325668051,3.6875119770041525,21.599307995315662,109.74374534227616,107.60308208240178,82.93053337591823,16.673267326732674,0.6253593101245608,0.0,0.0,0.9624161609709356,4.19661982327265,1657.0,694.0,894.0,276.0,1853.0,178.0,17210.0,382.0,1025.0,10.105693069306932,0.33946534653465343,0.1666866017246886,0.22273834238262538,0.20452097306504843,0.06652842542318749,0.6062838816139678,0.40390775045246463,0.4061715639305867,0.39219131267965507,0.3028712605131481,0.6846821303098052,0.0017746992441179602,18.0,0.10751945597785584,0.22202970297029703,113.0,3.0,0,0,0,0.012071428571428575,0.004571428571428572,0.0625,0,0,7,0,0,0,3,1,1,1,0,0.0,0,0.017,0,0.001,0,0.0017142857142857144,0,0.0,,,2000,2016,14,0.9334715745768125
Lamar Odom,odomla01,82,220.0,1979-11-06,Rhode Island,2000,2013,1999-11-02T00:00:00Z,False,14,NBA,"LAC, MIA, LAL, DAL, LAC",PF,961,684.0,33.43496357960458,5.0062434963579605,10.81477627471384,0.4629077263542769,0.6909469302809573,2.2122788761706556,0.3123236124176858,4.315296566077003,8.602497398543184,0.5016329986694085,0.49485230443567785,2.596253902185224,3.745057232049948,0.693248124479022,1.894901144640999,6.491155046826223,8.386056191467222,3.6982310093652444,0.882414151925078,0.9281997918834547,2.344432882414152,3.0343392299687824,13.299687825182103,32131.0,4811,10393,664.0,2126.0,4147.0,8267.0,2495,3599,1821.0,6238.0,8059.0,3554,848.0,892.0,2253.0,2916.0,12781,12.0,16.537231956677353,0.5332431608104322,0.20505328187731478,0.34222165509943664,6.536967414646291,21.926472876661173,14.306031558308176,18.36907659269864,1.3680619962030438,2.066116834209953,15.766468519498302,20.08046434907099,35.800000000000004,41.0,77.0,0.11502352867946845,1.0230742896268399,0.847184961563599,1.8551928044567556,31.499999999999996,7.841894120942393,16.95255360866453,1.0853817185895243,3.4622545205564714,6.76231987799944,13.475528305997326,4.061190127913853,5.856394136503687,2.966079487099686,10.154732190096789,13.105913292458995,5.7959540630543716,1.3680619962030438,1.4501384955339083,3.686738663595904,4.7578755718776256,20.828315334101028,106.08748560580125,103.50589773116305,0.0,0.08611621175811522,20.418287634994243,73.97945908935296,5.458684759266752,2.4340107684167935,4.06822072142168,1059.0,496.0,1378.0,388.0,1606.0,68.0,7982.0,406.0,680.0,10.176381065015095,0.40545165105349973,0.1893327938750739,0.07465758924403224,0.12537185272789517,0.20505328187731478,0.6080583548597926,0.4210433226479101,0.3474576265911425,0.3724772649466248,0.45967744545765765,0.8249700911891942,0.046446297967694755,416.0,0.1417128629672279,0.2885795337835735,29.0,0.0,2,0,0,0.004714285714285714,0.002357142857142857,0.07014285714285715,0,0,2,0,0,0,1,1,1,1,0,0.0,0,0.025,1,0.07478571428571427,0,0.0036428571428571426,0,0.0,,,2000,2013,14,0.7949467181226852
Jason Terry,terryja01,74,185.0,1977-09-15,Arizona,2000,2013,1999-11-02T00:00:00Z,False,14,NBA,"ATL, DAL, BOS",SG,1101,650.0,33.048138056312446,5.772933696639419,12.91008174386921,0.4471647671309976,1.7356948228882834,4.574931880108992,0.3793924955330554,4.037238873751136,8.335149863760218,0.4843630816170862,0.5143872238637962,2.4187102633969118,2.8555858310626703,0.8470101781170484,0.407811080835604,2.2107175295186194,2.6185286103542236,4.497729336966394,1.2615803814713897,0.1943687556766576,2.0018165304268845,1.9754768392370572,15.700272479564033,36386.0,6356,14214,1911.0,5037.0,4445.0,9177.0,2663,3144,449.0,2434.0,2883.0,4952,1389.0,214.0,2204.0,2175.0,17286,1.0,17.21303248502171,0.55472154125213,0.35605645028307586,0.22123355136590994,1.4421425823118783,7.542716979057879,4.558525256966965,23.617547958005826,2.013496949376133,0.4349502555928104,12.463463969658658,22.445707140108837,66.1,28.0,93.89999999999999,0.12385483427691968,2.2793849282691143,-0.3391716594294508,1.9327653493101744,36.1,9.210168746221072,20.58971307645798,2.7657917880503486,7.307835431209806,6.431017424284066,13.29651514318694,3.8414032869785086,4.551231242785687,0.651409882922003,3.507379211784752,4.182009564118068,7.169183202330568,2.013496949376133,0.3042021656681142,3.183743747595229,3.1468861650085205,25.048873192986314,110.65909965371297,107.63507942615291,48.200544165338314,49.165503215522456,2.7222832957730994,0.0,0.0,1.5933326004507231,2.8080552959929643,1294.0,539.0,862.0,145.0,1082.0,80.0,10903.0,201.0,598.0,16.325127796405212,0.14887635354257137,0.0951958995217941,0.1521947452316825,0.24788028362557027,0.35605645028307586,0.5912921178475237,0.4181914472599351,0.45027425383389214,0.4733532402572418,0.3863819875776398,0.8099138954542956,0.007381108118507117,103.0,0.25396611334029573,0.4017748584620458,21.0,2.0,1,0,0,0.0012142857142857144,0.0002142857142857143,0.019142857142857145,0,0,1,0,0,0,1,0,1,1,0,0.0,0,0.0,1,0.13835714285714285,0,0.002285714285714286,0,0.0,,,2000,2018,14,0.643943549716924
Metta World Peace,artesro01,79,260.0,1979-11-13,St. John's,2000,2013,1999-11-03T00:00:00Z,False,14,NBA,"CHI, IND, SAC, HOU, LAL",SF,902,832.0,33.59423503325942,5.028824833702883,12.062084257206209,0.41691176470588237,1.221729490022173,3.57649667405765,0.3415995040297582,3.8070953436807096,8.48558758314856,0.4486542984060622,0.4675551470588235,2.7849223946784925,3.888026607538803,0.7162817222697462,1.2383592017738358,3.5066518847006654,4.745011086474501,2.8558758314855877,1.8458980044345898,0.5554323725055432,1.9401330376940134,2.723946784922395,14.06430155210643,30302.0,4536,10880,1102.0,3226.0,3434.0,7654.0,2512,3507,1117.0,3163.0,4280.0,2576,1665.0,501.0,1750.0,2457.0,12686,0.0,15.036278133456538,0.5086209821133918,0.30394548214639294,0.3165325061052076,4.280691043495478,11.964804303346314,8.153950234307967,14.720790706884035,2.9014619497062903,1.234364068378325,12.298221239522142,21.37208435086793,20.399999999999995,40.50000000000001,60.900000000000006,0.09661867203484917,0.06023694805623395,1.2898389545244537,1.3601511451389348,25.6,7.860933271731239,18.8589103029503,1.9022935779816514,5.586288033793149,5.955455085472906,13.291363606362617,4.364682199194774,6.1017292587947995,1.9356907134842585,5.470176886014124,7.427433832750314,4.4691175499967,2.9014619497062903,0.85146194970629,3.0473764107979675,4.269582865817438,21.991225001650054,102.333905352782,103.13385255098673,0.0,6.24269025146855,82.81605174575935,10.880832948320244,0.16843772688271402,3.3645666952676394,7.066566563263152,611.0,468.0,798.0,347.0,1506.0,86.0,5762.0,323.0,769.0,13.48834730380833,0.3114547224605637,0.10563309352517983,0.08310807867467493,0.1958646623985216,0.30394548214639294,0.5683245660352452,0.30755524387829186,0.3713367764503993,0.3646201240842189,0.45443917893208374,0.8146456339515545,0.025109398719556468,239.0,0.27065117814005674,0.3239715200316811,10.0,0.0,1,0,1,0.21778571428571425,0.010428571428571428,0.03571428571428571,2,4,11,0,0,1,1,0,1,1,0,0.0,0,0.0,0,0.0,0,0.0017142857142857144,1,0.09164285714285715,,,2000,2017,14,0.696054517853607
Elton Brand,brandel01,81,275.0,1979-03-11,Duke,2000,2013,1999-11-03T00:00:00Z,False,14,NBA,"CHI, LAC, PHI, DAL",PF,932,848.0,35.177038626609445,6.810085836909871,13.611587982832617,0.500315308213779,0.002145922746781116,0.018240343347639486,0.11764705882352941,6.80793991416309,13.593347639484978,0.500828794695714,0.5003941352672238,3.8047210300429186,5.1534334763948495,0.7382885696439725,3.4012875536480687,5.736051502145923,9.13733905579399,2.221030042918455,0.9377682403433476,1.8315450643776825,2.1148068669527897,3.0439914163090127,17.42703862660944,32785.0,6347,12686,2.0,17.0,6345.0,12669.0,3546,4803,3170.0,5346.0,8516.0,2070,874.0,1707.0,1971.0,2837.0,16242,1.0,21.00759493670886,0.5480008845508617,0.001337044380051853,0.376373615982919,11.232164099435717,18.85230440750343,15.054698795180723,11.901888058563369,1.4132652127497334,3.8915662650602405,11.65973158456611,23.43979258807382,64.60000000000001,40.7,105.2,0.1540059783437547,2.220332469116975,0.2701814854354126,2.4919139850541403,37.0,10.279362513344518,20.502708555741954,0.0,0.01860606984901632,10.26991001982614,20.46727161811804,5.727509531798078,7.760039652280006,5.126884245844137,8.63505261552539,13.754335824309898,3.3385023638859237,1.4132652127497334,2.760314168064664,3.1871160591734027,4.567558334604239,26.244358700625288,110.38877535458289,103.4201006557877,0.0,0.0,1.486594479182553,71.49745310355345,27.10806771389355,-1.9459112398962943,3.0748299527222818,482.0,738.0,1413.0,309.0,2154.0,42.0,4679.0,593.0,793.0,8.30451120939454,0.3013085862437091,0.27119155101418335,0.3099247216714961,0.11640567332621626,0.001337044380051853,0.6446381881958213,0.46286030196736305,0.43198673173707486,0.3790549336586854,0.6216863199633978,0.18837883178282752,0.047321915510141824,572.0,0.21768592344059784,0.0,1.0,0.0,0,0,2,0.004714285714285714,0.04064285714285715,0.07142857142857142,0,0,2,0,1,1,6,1,1,1,0,0.002928571428571429,1,0.479,0,0.0,0,0.0012857142857142859,0,0.00035714285714285714,,,2000,2016,14,0.9986629556199482
Jamal Crawford,crawfja01,77,185.0,1980-03-20,Michigan,2001,2014,2000-10-31T00:00:00Z,False,14,NBA,"CHI, NYK, GSW, ATL, POR, LAC",SG,957,423.0,31.49216300940439,5.431556948798328,13.202716823406478,0.4113969133359715,1.77324973876698,5.048066875653083,0.3512730283585179,3.658307210031348,8.154649947753397,0.44861609431060995,0.4785516422635536,2.981191222570533,3.4869383490073145,0.8549595445010488,0.3991640543364681,2.0731452455590387,2.4723092998955067,3.729362591431557,0.9759665621734587,0.219435736677116,2.0303030303030303,1.5694879832810866,15.617554858934168,30138.0,5198,12635,1697.0,4831.0,3501.0,7804.0,2853,3337,382.0,1984.0,2366.0,3569,934.0,210.0,1943.0,1502.0,14946,0.0,15.573551662353175,0.5286870064370562,0.3810219656247926,0.2647052890039153,1.4574789302541642,7.649840732629902,4.515847103324705,20.478535403809143,1.6193410312562215,0.5388247395314885,12.250710067025018,24.05096224036101,36.2,13.999999999999998,50.39999999999999,0.08031378989979428,1.6858550666932113,-1.3623299489017187,0.3146061450660296,17.7,9.002027340898534,21.867980622469975,2.9339538124626716,8.373989647620943,6.070452584776693,13.516291724732893,4.9305660627778884,5.771272148118654,0.6562910611188533,3.434979096157675,4.0885194770721345,6.168720552126885,1.6193410312562215,0.369536797398633,3.372387019709337,2.6155418408653532,25.86075718362201,105.87686641449334,110.58052956400557,28.626285752206517,63.1669321122835,8.141416152365784,0.07293118322383702,0.0,-2.478508859247462,0.31797730439976113,1015.0,481.0,660.0,170.0,1179.0,65.0,7813.0,268.0,447.0,16.85579666865751,0.1482637865817241,0.10693141548875175,0.10674829119384166,0.2573256022297432,0.3810219656247926,0.5483261331209769,0.40907936823943203,0.4139629703364523,0.41942720153958457,0.2992207843917977,0.768751609264052,0.008301977569845378,91.0,0.27009081558165765,0.38773681067091376,52.0,4.0,0,0,0,0.0,0.0,0.0012857142857142856,0,0,0,0,0,0,0,0,0,1,0,0.0,0,0.0,2,0.16471428571428567,0,0.0,0,0.0,,,2001,2020,14,0.6189780343752074
Stephen Jackson,jacksst02,80,218.0,1978-04-05,Butler County Community College,2001,2014,2000-10-31T00:00:00Z,False,14,NBA,"NJN, SAS, ATL, IND, GSW, CHA, MIL, SAS, LAC",SF,858,676.0,31.93240093240093,5.365967365967366,12.951048951048952,0.4143268538516919,1.4592074592074593,4.3857808857808855,0.332713260696253,3.906759906759907,8.565268065268064,0.4561164784324398,0.470662347012239,2.9324009324009324,3.675990675990676,0.797717184527584,0.7855477855477856,3.093240093240093,3.878787878787879,3.06993006993007,1.2925407925407926,0.36946386946386944,2.4953379953379953,2.3811188811188813,15.123543123543124,27398.0,4604,11112,1252.0,3763.0,3352.0,7349.0,2516,3154,674.0,2654.0,3328.0,2634,1109.0,317.0,2141.0,2043.0,12976,2.0,14.292546901233669,0.5177594349952551,0.3409147383020658,0.2817561135849332,2.839130593473976,11.045528870720489,6.9884444120008755,16.423406818015916,2.1188042922841084,0.8462114022921381,14.719373676910722,24.1765457332652,9.600000000000001,26.500000000000004,35.99999999999999,0.0631127454558727,-0.06592452003795898,-0.3050514636104826,-0.39415285787283744,11.200000000000001,8.733746988831301,21.065541280385432,2.373582013285642,7.1212971749762755,6.355350755529601,13.950543835316447,4.746412146872035,5.957675742754946,1.2675268267756772,5.046455945689467,6.3089349587561125,4.950317541426382,2.1188042922841084,0.597116577852398,4.069468574348493,3.8776589532082633,24.592379005766844,99.71859259799986,106.42338856850866,0.0853711949777356,29.312833053507557,58.0181035112052,12.232352726476385,0.14935396744287904,0.17420979633549893,0.6485546390247464,1041.0,645.0,881.0,200.0,1294.0,84.0,5824.0,239.0,627.0,14.5662530111687,0.2744889407985984,0.09999215271187677,0.08228071392072416,0.20237170596393894,0.3409147383020658,0.5797123147675013,0.36030491276735527,0.332511716183663,0.3809297028980218,0.45031458500620486,0.8384657639243742,0.025090627053069567,252.0,0.2341980801518359,0.3978421417621725,30.0,0.0,1,0,0,0.0012142857142857144,0.0,0.005071428571428571,0,0,1,0,0,0,0,0,0,1,0,7.142857142857143e-05,0,0.0,0,0.0,0,0.0006428571428571429,0,0.0,,,2001,2014,14,0.6590852616979342
Kenyon Martin,martike01,81,234.0,1977-12-30,Cincinnati,2001,2014,2000-10-31T00:00:00Z,False,14,NBA,"NJN, DEN, LAC, NYK",PF,746,667.0,30.871313672922252,5.18230563002681,10.735924932975871,0.4827069546759895,0.08847184986595175,0.3780160857908847,0.23404255319148937,5.093833780160858,10.357908847184987,0.4917820628963375,0.48682731926582595,2.020107238605898,3.2117962466487935,0.6289649415692822,1.7506702412868633,5.13941018766756,6.890080428954423,1.9222520107238605,1.1903485254691688,1.1501340482573728,1.762734584450402,3.331099195710456,12.473190348525469,23030.0,3866,8009,66.0,282.0,3800.0,7727.0,1507,2396,1306.0,3834.0,5140.0,1434,888.0,858.0,1315.0,2485.0,9305,1.0,15.052579244463743,0.5124124185844549,0.03516087711680417,0.2948726877985237,6.521632653061224,19.07642640034737,12.841098567086412,10.610477637863655,2.0052800694745985,2.8212027789839342,12.62862353452019,20.24784628745115,12.0,35.800000000000004,48.2,0.09962939643942682,-1.0097611810681717,1.0988145896656534,0.09634389926183241,12.1,8.67183239253148,17.949083803734258,0.1466869300911854,0.6363091619626574,8.508805905340859,17.318532349109855,3.3853495440729477,5.380495006513243,2.941932262266609,8.579687364307429,11.514711246200607,3.2091011723838476,2.0052800694745985,1.9359487624837166,2.953938341293964,5.578363004776379,20.84848892748589,101.44654798089448,101.19995657837603,0.0,0.0,2.1161962657403386,77.25232305688233,20.745592705167173,3.292197134172818,1.6172774641771606,469.0,397.0,1138.0,240.0,1120.0,13.0,3164.0,227.0,519.0,8.476356925749021,0.3931131133304386,0.2152605731654364,0.1339072079895788,0.22241380807642208,0.03516087711680417,0.6825749891445941,0.39919795918367357,0.3285498046026921,0.3401095961788971,0.6859942249240122,0.7710260963960054,0.17471936604429011,1275.0,0.22246126791141987,0.3003657837603126,11.0,0.0,0,0,1,0.0315,0.00028571428571428574,0.06885714285714285,0,0,5,0,0,0,2,1,1,1,0,0.0,0,0.29,0,0.0,0,0.0017142857142857144,0,0.0010714285714285715,,,2001,2015,14,0.9648418584455059
Mike Miller,millemi01,80,218.0,1980-02-19,Florida,2001,2014,2000-10-31T00:00:00Z,False,14,NBA,"ORL, MEM, MIN, WAS, MIA, MEM",SF,913,553.0,29.120481927710845,4.324205914567361,9.362541073384447,0.46186242395882077,1.6768893756845564,4.096385542168675,0.4093582887700535,2.647316538882804,5.266155531215772,0.5027038269550749,0.5514155357978474,1.4742606790799562,1.917853231106243,0.768703597944032,0.6790799561883899,3.914567360350493,4.593647316538883,2.8017524644030667,0.5958378970427163,0.2420591456736035,1.6516976998904709,2.0887185104052572,11.799561883899234,26587.0,3948,8548,1531.0,3740.0,2417.0,4808.0,1346,1751,620.0,3574.0,4194.0,2558,544.0,221.0,1508.0,1907.0,10773,1.0,14.725655395494035,0.5803361793357655,0.4433535562492948,0.20277278369127769,2.7165155903260985,15.70505886335427,9.174322037085792,15.99854440139918,1.0772031443938768,0.6394365667431453,14.148042276300448,18.575728739609584,39.199999999999996,20.799999999999997,59.900000000000006,0.10830165118290895,1.4529318840034602,-0.4512393274908791,1.0013991800504005,19.900000000000002,7.775886711550756,16.840267800052654,3.0254598111859177,7.37246398615865,4.753311768909618,9.476371911084366,2.6382254485274754,3.4609207507428454,1.2140331741076467,7.050953473502087,8.254060255011849,5.0480949336141725,1.0772031443938768,0.4294692895023883,2.9616842817918534,3.77064354759845,21.22321059164253,110.46139090532968,107.85545567382556,0.12314288938202882,31.83676232745327,64.62805130326852,3.441193064279535,0.0,-0.17128295783653685,0.36395230751871227,746.0,355.0,881.0,249.0,660.0,81.0,5754.0,192.0,365.0,16.534366419678786,0.23141050137285138,0.05572193177116636,0.045484597735735516,0.22437130928649343,0.4433535562492948,0.6456627675179598,0.3626623913942904,0.3105614774137736,0.42692688155865655,0.5499193590852673,0.9130254635724225,0.01851021175762591,151.0,0.16896603603264754,0.4163459585511716,1.0,0.0,2,0,0,0.0,0.0,0.07142857142857142,0,0,0,0,0,0,0,1,1,1,0,0.0,1,0.605,1,0.05821428571428571,0,0.0,0,0.0,,,2001,2017,14,0.5566464437507052
Hedo Türkoğlu,turkohe01,82,220.0,1979-03-19,,2001,2014,2000-11-01T00:00:00Z,False,14,NBA,"SAC, SAS, ORL, TOR, PHO, ORL, LAC",SF,935,569.0,27.796791443850267,4.029946524064171,9.46096256684492,0.42595523400406965,1.2684491978609627,3.322994652406417,0.3817186997103315,2.7614973262032088,6.137967914438502,0.4499041644885869,0.49299118245534707,2.211764705882353,2.8171122994652404,0.7851176917236142,0.6866310160427808,3.4545454545454546,4.141176470588236,2.9893048128342246,0.7818181818181819,0.3122994652406417,1.6566844919786097,2.4994652406417113,11.540106951871659,25990.0,3768,8846,1186.0,3107.0,2582.0,5739.0,2068,2634,642.0,3230.0,3872.0,2795,731.0,292.0,1549.0,2337.0,10790,3.0,14.392020007695264,0.5379098499422856,0.3549738360908042,0.29492058484032324,2.895432858791844,13.892966525586765,8.541866102347056,17.566691035013466,1.4814390150057715,0.8193651404386302,13.379973066564062,20.29898807233551,32.0,30.4,62.099999999999994,0.11469007310504037,0.5271681415929202,0.4091458253174297,0.9704694113120432,19.3,7.554020777222008,17.721669873028087,2.391135051943055,6.257622162370143,5.167091188918816,11.501019622931898,4.152416313966911,5.283116583301269,1.2796614082339361,6.465794536360138,7.76178145440554,5.599515198153136,1.4814390150057715,0.5833589842247018,3.1050981146594845,4.684278568680262,21.637214313197383,107.49803770681031,105.11681415929203,0.0,0.3547903039630627,83.15125048095422,16.011312043093497,0.6621777606771835,4.270511735282801,2.71078106964217,839.0,397.0,1193.0,135.0,1074.0,66.0,6387.0,192.0,300.0,15.45540977298961,0.22382651019622932,0.08656625625240477,0.11930384763370527,0.21541273566756447,0.3549738360908042,0.5672186610234706,0.3462202000769527,0.40456910350134667,0.38758037706810317,0.36518380146210067,0.826624009234321,0.01915983070411697,148.0,0.1846960369372836,0.4061264717198923,29.0,0.0,0,0,0,0.0,0.0005,0.04335714285714286,0,0,0,0,0,0,2,0,1,1,0,0.0,0,0.0,0,0.0012857142857142859,1,0.044571428571428574,0,0.00014285714285714287,,,2001,2015,14,0.645026163909196
Richard Jefferson,jefferi01,79,233.0,1980-06-21,Arizona,2002,2015,2001-10-30T00:00:00Z,False,14,NBA,"NJN, MIL, SAS, GSW, UTA, DAL",SF,1008,791.0,30.942460317460316,4.803571428571429,10.337301587301587,0.46468330134357005,0.9047619047619048,2.3839285714285716,0.37952559300873906,3.8988095238095237,7.953373015873016,0.49020830734688786,0.5084452975047985,3.392857142857143,4.401785714285714,0.77079107505071,0.8650793650793651,3.4722222222222223,4.337301587301587,2.242063492063492,0.7202380952380952,0.3194444444444444,1.6547619047619047,2.3253968253968256,13.904761904761905,31190.0,4842,10420,912.0,2403.0,3930.0,8017.0,3420,4437,872.0,3500.0,4372.0,2260,726.0,322.0,1668.0,2344.0,14016,1.0,14.984142353318372,0.5671046168643796,0.24367120872074383,0.416710195575505,3.2329336325745435,13.05721385059314,8.128204552741263,12.571385059313885,1.2160436037191409,0.7671144597627444,11.785245270920166,20.667419044565563,46.9,31.099999999999998,78.3,0.12015636421930105,0.6386598268675858,-0.14344341134979166,0.5004905418403333,19.5,8.15597306829112,17.56423533183713,1.521670407181789,4.033292722026291,6.6385732606604675,13.533109971144597,5.767313241423533,7.465722988137222,1.4644244950304584,5.903318371272844,7.358733568451426,3.8233760820775893,1.2160436037191409,0.5275857646681628,2.808457839050978,3.9403558832959287,23.623648605322213,110.16328951587047,106.42975312600193,0.0,2.823340814363578,85.92882334081436,11.173581276050015,0.01821096505290157,1.2270246873998074,1.6994870150689325,687.0,478.0,1045.0,288.0,1929.0,113.0,5114.0,363.0,627.0,12.63085604360372,0.32749874959923053,0.0962213529977557,0.07910618788073101,0.2534798974030138,0.24367120872074383,0.6390919846104521,0.3523744789996794,0.35798900288554025,0.4014671048412953,0.651879095864059,0.9315481564604038,0.0908298172491183,823.0,0.384737127284386,0.3824088489900609,6.0,0.0,0,0,0,0.003642857142857143,0.0,0.044642857142857144,0,0,3,0,0,0,0,0,1,1,0,0.0,0,0.024,0,0.0,0,0.0032857142857142855,0,0.0,,,2002,2018,14,0.7563287912792561
Joe Johnson,johnsjo02,79,240.0,1981-06-29,Arkansas,2002,2015,2001-10-30T00:00:00Z,False,14,NBA,"BOS, PHO, ATL, BRK",SG,1062,992.0,36.236346516007536,6.6158192090395485,14.947269303201507,0.44261055814539496,1.6120527306967984,4.345574387947269,0.37096424702058506,5.003766478342749,10.601694915254237,0.47197797317701395,0.4965352148166814,2.4124293785310735,3.016949152542373,0.799625468164794,0.9143126177024482,3.1836158192090394,4.097928436911488,4.195856873822976,0.9001883239171374,0.2175141242937853,2.047080979284369,1.832391713747646,17.25612052730697,38483.0,7026,15874,1712.0,4615.0,5314.0,11259.0,2562,3204,971.0,3381.0,4352.0,4456,956.0,231.0,2174.0,1946.0,18326,2.0,16.05147467713016,0.5282876075150066,0.2910043395785152,0.19760016111010054,2.9082062209287223,10.174957773562353,6.543034586700622,20.295138112932985,1.295704596834966,0.45458514149104795,11.148462957669619,23.18645895590261,53.3,22.2,75.5,0.09405685627419899,1.7835147987423021,-1.1419743782969105,0.6415404204453915,25.7,9.609903074084661,21.751721539381027,2.3377075591819763,6.328324195099135,7.273060832055713,15.415279474053479,3.5120027024920093,4.404812514616844,1.3256840682898943,4.617316737260608,5.934558116570954,6.10519450146818,1.295704596834966,0.3091572902320505,2.966767143933685,2.6622924408180237,25.113392926746876,107.49603721123613,109.80484889431698,3.716290310007016,59.883091235090816,35.16505989657771,1.1599927240599746,0.0,0.7831821843411377,3.095792947535275,991.0,680.0,784.0,226.0,1124.0,57.0,10218.0,241.0,591.0,14.646415300262454,0.16668549749239925,0.1869973494789907,0.12731112439258893,0.22831551594210434,0.2910043395785152,0.5873758802588156,0.499920848166723,0.4235609230049633,0.38835828807525397,0.3275924174310734,0.8601646960995765,0.009865680950029883,138.0,0.3810184756905647,0.4004550840630928,46.0,2.0,0,0,7,0.014214285714285716,0.02185714285714286,0.0,0,0,6,0,0,1,7,0,1,1,0,0.00014285714285714287,0,0.0,0,0.00014285714285714287,0,0.0030714285714285717,0,0.0,,,2002,2022,14,0.7089956604214848
Tony Parker,parketo01,74,185.0,1982-05-17,,2002,2015,2001-10-30T00:00:00Z,True,14,NBA,SAS,PG,1008,995.0,32.37896825396825,6.717261904761905,13.591269841269842,0.49423357664233575,0.44246031746031744,1.3700396825396826,0.3229543808834178,6.274801587301587,12.221230158730158,0.5134345320237033,0.5105109489051095,3.0148809523809526,4.002976190476191,0.7531598513011153,0.39087301587301587,2.5148809523809526,2.9057539682539684,5.9226190476190474,0.9087301587301587,0.0763888888888889,2.482142857142857,1.7341269841269842,16.89186507936508,32638.0,6771,13700,446.0,1381.0,6325.0,12319.0,3039,4035,394.0,2535.0,2929.0,5970,916.0,77.0,2502.0,1748.0,17027,1.0,18.893902812672344,0.5480870764139961,0.10930534959249952,0.2930495128377964,1.4305839818616335,8.808376738770757,5.219039156811078,32.70320485323855,1.5075739935045038,0.1720448556896869,14.072504442674184,25.68083522274649,60.49999999999999,39.7,100.1,0.1472145658434953,1.8742907040872605,-0.2946105766284699,1.5865524848336299,29.700000000000003,10.960135424964763,22.212031987254115,0.7156504687787243,2.231441877566027,10.24448495618604,19.965187817881,4.920966358232735,6.549748759115142,0.635391261719468,4.128610821741527,4.749341258655555,9.673662601875115,1.5075739935045038,0.12544273546173174,4.048394509467492,2.8342974446963654,27.597086218518292,108.72872112261781,104.39717507200196,98.18806299405601,1.8119370059439917,0.0,0.0,0.0,8.086996752251977,2.848949077762118,1160.0,784.0,661.0,223.0,1599.0,88.0,13848.0,367.0,880.0,10.418585697653041,0.35408578957043935,0.18341411851216372,0.0862012378209449,0.2671893804767449,0.10930534959249952,0.6470375329370674,0.45104209816777996,0.3781696182364115,0.4046714259452173,0.2705408113242233,0.8686808321588332,0.0007230222440100496,8.0,0.42140553955511983,0.3753911698020712,5.0,0.0,4,1,6,0.01535714285714286,0.13542857142857143,0.061214285714285714,0,0,5,0,3,4,12,1,1,1,0,0.027071428571428576,0,0.0,0,0.0,0,0.02107142857142857,0,0.0,,,2002,2019,14,0.8906946504075005
Zach Randolph,randoza01,81,250.0,1981-07-16,Michigan State,2002,2015,2001-10-30T00:00:00Z,False,14,NBA,"POR, NYK, LAC, MEM",PF,916,767.0,31.99344978165939,6.78056768558952,14.344978165938864,0.47267884322678844,0.13209606986899564,0.5043668122270742,0.2619047619047619,6.648471615720524,13.84061135371179,0.48035967818267866,0.47728310502283106,3.3951965065502185,4.449781659388647,0.7630029440628067,3.0796943231441047,6.400655021834061,9.480349344978166,1.8100436681222707,0.7762008733624454,0.2925764192139738,2.150655021834061,2.432314410480349,17.08842794759825,29306.0,6211,13140,121.0,462.0,6090.0,12678.0,3110,4076,2821.0,5863.0,8684.0,1658,711.0,268.0,1970.0,2228.0,15653,0.0,19.57419641029141,0.5243091175868422,0.03402985736709207,0.30963823107895994,11.288176482631542,23.767047703541937,17.457496758343,10.42170204053777,1.2903330376032212,0.7097693305125229,11.626428035214634,26.477195796082707,40.199999999999996,32.0,72.30000000000001,0.11811734798334811,1.6186309970654473,-1.3094246911895178,0.30352487545212586,17.0,11.297294069473828,23.907554766941924,0.21117518596874363,0.8426875042653381,11.070893332423395,23.0769739984986,5.66089537978571,7.412563980072339,5.127383470961578,10.662830137173277,15.768344366341363,3.0134818808435133,1.2903330376032212,0.49108032484815406,3.5807138469937896,4.043291476148229,28.453412270524804,106.56404831775063,105.87627107077049,0.0,0.0,0.0,77.54367706271753,22.593154985327235,-0.7283935030369206,2.921374462567393,646.0,610.0,846.0,372.0,1789.0,60.0,3781.0,464.0,1140.0,8.05851702722992,0.3758182283491435,0.27557244250324164,0.12447802497782026,0.19004149320958164,0.03402985736709207,0.5907357196478537,0.43236504470074394,0.37192329215860237,0.3928996110011601,0.5016655292431583,0.8132484474169112,0.011294922541459087,128.0,0.17331379239746128,0.1825395482153825,29.0,5.0,0,0,2,0.00028571428571428574,0.019142857142857145,0.0,0,0,1,0,0,1,6,0,0,0,0,0.0,0,0.0,0,0.00035714285714285714,1,0.04485714285714286,0,0.0,,,2002,2018,14,0.9659701426329078
Gerald Wallace,wallage01,79,215.0,1982-07-23,Alabama,2002,2015,2001-10-30T00:00:00Z,False,14,NBA,"SAC, CHA, POR, NJN, BRK, BOS",SF,832,611.0,29.724759615384617,4.225961538461538,9.004807692307692,0.46930058729311264,0.4891826923076923,1.5661057692307692,0.3123561013046815,3.7367788461538463,7.438701923076923,0.502342866375828,0.4964628937533369,2.9975961538461537,4.227163461538462,0.7091270969576343,1.3762019230769231,4.438701923076923,5.814903846153846,2.0733173076923075,1.4423076923076923,0.8185096153846154,1.7860576923076923,2.1983173076923075,11.938701923076923,24731.0,3516,7492,407.0,1303.0,3109.0,6189.0,2494,3517,1145.0,3693.0,4838.0,1725,1200.0,681.0,1486.0,1829.0,9933,0.0,16.347410133031417,0.5461991023411912,0.1799425417492216,0.4682250616634992,5.352897173587805,17.85779386195463,11.513954146617605,11.655371800574178,2.5493550604504467,2.1497351502163276,14.563838906635397,19.474910031943715,24.6,35.0,59.5,0.1160402733411508,0.2531316970603696,1.5577938619546319,1.7964619303707896,23.5,7.47972585014759,15.967474020460156,0.8811693825563061,2.7976709393069426,6.609231329101128,13.165229873438195,5.334082730176702,7.49471109134285,2.437879584327363,7.876389955925761,10.324240831345275,3.681703125631798,2.5493550604504467,1.4558893696170798,3.1676236302616143,3.9055800412437827,21.18338522502123,106.19651449597671,103.37176013909668,0.0,9.683231571711618,68.77481703125632,21.50256762767377,0.2599975738951114,-0.26844850592373964,3.874671464963001,592.0,427.0,772.0,292.0,1584.0,286.0,3887.0,353.0,783.0,8.822380817597347,0.5412085641502568,0.08390505842869275,0.025165622093728524,0.16975706603048807,0.1799425417492216,0.5858505923739437,0.32572370708826975,0.3217595325704581,0.3440985807286402,0.5615842869273381,0.9389789737576321,0.0831061420888763,567.0,0.4897040960737535,0.3375747038130282,6.0,0.0,0,0,1,0.07728571428571429,0.0007142857142857143,0.0012857142857142856,1,1,5,0,0,0,2,0,0,1,0,0.0,0,0.0,0,0.0,0,0.009214285714285715,0,0.019571428571428573,,,2002,2015,14,0.8200574582507782
Tyson Chandler,chandty01,84,235.0,1982-10-02,,2002,2015,2001-10-31T00:00:00Z,False,14,NBA,"CHI, NOK, NOH, CHA, DAL, NYK, DAL",C,920,723.0,28.756521739130434,3.2891304347826087,5.5630434782608695,0.5912465806955842,0.0,0.009782608695652175,0.0,3.2891304347826087,5.553260869565217,0.5922881190056762,0.5912465806955842,2.2619565217391306,3.506521739130435,0.6450712957222566,3.2065217391304346,6.098913043478261,9.305434782608696,0.8445652173913043,0.5630434782608695,1.3141304347826086,1.5097826086956523,2.9880434782608694,8.840217391304348,26456.0,3026,5118,0.0,9.0,3026.0,5109.0,2081,3226,2950.0,5611.0,8561.0,777,518.0,1209.0,1389.0,2749.0,8133,0.0,16.475018899304505,0.6235215074085273,0.0019688917447837915,0.6361685817961898,12.752105382521922,24.57283791956456,18.61370955548836,4.571186120350772,1.0249055034774721,3.604849561536135,17.620861052313277,13.693974901723614,48.400000000000006,40.4,88.9,0.16132605080133053,-0.22433852434230414,0.5748374659812518,0.34037647414575134,15.5,6.011766706985184,10.160621409132144,0.0,0.002955851224674932,6.011766706985184,10.143286967039614,4.125582098578772,6.404116268521319,5.858410190504991,11.111335802842456,16.97792561233746,1.5380178409434533,1.0249055034774721,2.3816374357423644,2.7468249168430607,5.442504535833082,16.126939068642272,118.40746900514061,102.16211823404899,0.0,0.0,0.13456304807983066,11.137624735409737,88.9432264892652,2.048355760508013,2.6843249168430603,353.0,352.0,1308.0,396.0,1423.0,113.0,1741.0,321.0,362.0,2.9539726338070755,0.7370219231932265,0.1631480949501058,0.050737866646507396,0.047474977320834576,0.0019688917447837915,0.6756437481100694,0.35247834139703654,0.3422835651648019,0.2366966283640762,0.6527393407922588,0.0,0.3049118536437859,1445.0,0.03895146658602963,0.0,3.0,0.0,1,0,1,0.1142142857142857,0.012571428571428572,0.007642857142857143,1,3,6,0,0,1,6,0,0,1,0,0.0,0,0.0,0,0.00035714285714285714,0,0.009428571428571429,1,0.04935714285714286,,,2002,2020,14,0.9980311082552161
Pau Gasol,gasolpa01,84,250.0,1980-07-06,,2002,2015,2001-11-01T00:00:00Z,True,14,NBA,"MEM, LAL, CHI",PF,983,970.0,35.5147507629705,7.0,13.64089521871821,0.5131628011037362,0.0508646998982706,0.18311291963377416,0.2777777777777778,6.949135300101729,13.457782299084435,0.5163655605109986,0.515027220523529,4.282807731434384,5.6856561546286875,0.7532653426373234,2.718209562563581,6.696846388606307,9.415055951169888,3.2461851475076298,0.5198372329603256,1.659206510681587,2.30824008138352,2.2624618514750763,18.333672431332655,34911.0,6881,13409,50.0,180.0,6831.0,13229.0,4210,5589,2672.0,6583.0,9255.0,3191,511.0,1631.0,2269.0,2224.0,18022,7.0,21.58128097161353,0.5687705594225315,0.01331185013319584,0.4182210478072814,8.766557818452636,21.020517888344646,14.970940391280685,16.246226117842514,0.7527570106843116,3.4484460485233885,12.484893013663315,23.570295895276555,80.2,43.400000000000006,123.30000000000001,0.16978221763913953,2.905279138380453,0.5745667554638938,3.456941938071095,48.10000000000001,10.261679699808083,20.004273724614013,0.07302282948067945,0.27336656068287934,10.191243447623956,19.754329580934375,6.295050270688321,8.372507232677378,3.985735155108705,9.818724757239838,13.796015582481168,4.768643121079316,0.7527570106843116,2.4382458250981065,3.3975480507576408,3.3302397525135343,26.903296955114435,113.70338861676835,104.16659505599954,0.0,0.0,0.0,36.92526710778838,63.337372174959185,2.3522729225745467,4.092518117498782,969.0,880.0,1215.0,191.0,2288.0,122.0,7419.0,538.0,1073.0,7.138941880782561,0.37245544384291485,0.3181689725301481,0.1528344647818739,0.14371350004296643,0.01331185013319584,0.6639345478502479,0.43780493254275155,0.4073410386411159,0.4211180716679556,0.5886611383231645,0.9077227807854258,0.10524402050929504,1304.0,0.394473547019564,0.3186475895849446,4.0,0.0,2,0,5,0.0045,0.10042857142857142,0.07142857142857142,0,0,4,0,2,4,12,1,1,1,0,0.0,1,0.929,0,0.0,0,0.0008571428571428572,0,0.0,,,2002,2019,14,0.9866881498668041
Chris Andersen,anderch01,82,245.0,1978-07-07,Blinn College,2002,2016,2001-11-23T00:00:00Z,False,14,NBA,"DEN, NOH, NOK, NOH, DEN, MIA, MEM",C,683,45.0,17.80234260614934,1.9428989751098096,3.6456808199121524,0.5329317269076306,0.021961932650073207,0.0951683748169839,0.23076923076923078,1.9209370424597365,3.550512445095168,0.5410309278350516,0.5359437751004016,1.5490483162518303,2.3689604685212298,0.65389369592089,1.7086383601756954,3.3601756954612005,5.068814055636896,0.486090775988287,0.4494875549048316,1.4407027818448024,0.7437774524158126,1.9355783308931187,5.4568081991215225,12159.0,1327,2490,15.0,65.0,1312.0,2425.0,1058,1618,1167.0,2295.0,3462.0,332,307.0,984.0,508.0,1322.0,3727,0.0,16.711111111111112,0.5896087671683525,0.02756550703182828,0.6750456452010856,11.344732297063901,22.177851797022786,16.778065630397233,4.389078049181676,1.3069084628670122,6.360687556542478,13.712246072867835,13.887589439921046,20.1,19.2,39.6,0.15539978616662556,-0.4070318282753516,1.3848013816925737,0.9744551361131674,9.000000000000002,5.702105436302327,10.717081996874743,0.06890369273788963,0.2806151821695863,5.638333744551361,10.420281273131016,4.514096553992927,6.9467472654001154,5.003659840447405,9.831088082901553,14.831449954766015,1.4291964799736818,1.3069084628670122,4.209778764701045,2.1981330701537956,5.671124270088001,16.018883131836496,117.59100254955177,101.48910272226334,0.0,0.0,0.060202319269676785,34.72464840858623,65.26646928201332,2.935858212024015,3.94547248951394,204.0,130.0,780.0,99.0,657.0,83.0,723.0,112.0,212.0,4.906127148614195,0.7084134386051485,0.08022033061929436,0.06413956739863476,0.11951887490747597,0.02756550703182828,0.6378879842092278,0.28598116621432684,0.28712895797351756,0.359318447240727,0.6802642487046633,0.35233160621761656,0.2504000328974422,549.0,0.19714269265564602,0.13137758039312444,10.0,1.0,1,0,0,0.0012142857142857144,0.0,0.0,0,0,1,0,0,0,0,0,0,0,0,0.0,0,0.0,0,0.0017142857142857144,0,0.0007142857142857143,0,0.0012142857142857144,,,2002,2017,14,0.9724344929681716
Manu Ginóbili,ginobma01,78,205.0,1977-07-28,,2003,2016,2002-10-29T00:00:00Z,True,14,NBA,SAS,SG,923,349.0,26.293607800650054,4.563380281690141,10.140845070422536,0.45,1.4539544962080173,3.9393282773564464,0.3690869086908691,3.1094257854821237,6.201516793066089,0.5013976240391335,0.5216880341880342,3.4496208017334777,4.172264355362947,0.8267982342248766,0.6912242686890574,2.990249187432286,3.6814734561213434,3.959913326110509,1.3726977248104009,0.31094257854821233,2.074756229685807,2.131094257854821,14.030335861321777,24269.0,4212,9360,1342.0,3636.0,2870.0,5724.0,3184,3851,638.0,2760.0,3398.0,3655,1267.0,287.0,1915.0,1967.0,12950,0.0,20.947933577815324,0.5843889735877044,0.38650578927850343,0.41278940211792825,3.13450080349417,12.913815979232764,8.134010466026618,25.01456590712431,2.7525031933742636,0.8617577980139273,14.860352713338004,24.869982281923445,57.699999999999996,43.599999999999994,101.30000000000001,0.20017182413778897,3.3877580452429035,2.132601260867774,5.526395813589351,46.199999999999996,9.178202645350037,20.351946928179984,2.9184474020355187,7.9016152293048725,6.261485846141166,12.474473608306894,6.939498949276855,8.409118628703284,1.3967571799414893,6.006555688326672,7.403766121389427,7.916457208784869,2.7525031933742636,0.6337673575343031,4.152103506530965,4.296262721991018,28.189739997527713,113.15307594050023,99.99262433557213,1.5380526597717252,76.66908401664675,21.448390951419505,0.3692776793440191,0.0,10.727322922246488,7.170262474762042,1173.0,454.0,728.0,154.0,1397.0,280.0,8220.0,308.0,494.0,13.713754171988956,0.29749775433680825,0.13835139478346864,0.07530664633895091,0.10230343236227286,0.38650578927850343,0.6254136964852282,0.41089628744488854,0.39151283530429765,0.3381263340063455,0.3954898018047715,0.8131091927973958,0.018895669372450453,150.0,0.21336944249866088,0.3950298735011744,28.0,0.0,4,0,2,0.03128571428571429,0.030428571428571426,0.0485,0,0,8,0,0,2,7,0,1,1,0,0.0018571428571428573,0,0.009,1,0.16192857142857142,0,0.00035714285714285714,0,0.0002142857142857143,,,2003,2018,14,0.6134942107214966
Caron Butler,butleca01,79,228.0,1980-03-13,UConn,2003,2016,2002-10-30T00:00:00Z,False,14,NBA,"MIA, LAL, WAS, DAL, LAC, MIL, OKC, DET, SAC",SF,881,732.0,32.16004540295119,5.216799091940977,12.022701475595914,0.43391238670694865,0.8467650397275823,2.4335981838819523,0.34794776119402987,4.370034052213394,9.589103291713961,0.4557291666666667,0.46912764350453173,2.828603859250851,3.33938706015891,0.8470428280081577,1.2519863791146424,3.727582292849035,4.979568671963678,2.2780930760499434,1.3200908059023837,0.24517593643586832,1.8093076049943246,2.416572077185017,14.108967082860387,28333.0,4596,10592,746.0,2144.0,3850.0,8448.0,2492,2942,1103.0,3284.0,4387.0,2007,1163.0,216.0,1594.0,2129.0,12430,3.0,15.038820456711257,0.5215117354321815,0.20814107224790881,0.2749219637878093,4.433046271132602,13.618861398369393,8.940871069071399,12.241019306109484,2.169586701020012,0.6025165001941198,11.665379592701091,21.671122013200158,26.5,24.300000000000004,50.89999999999999,0.08632170966717256,-0.05240885186884554,-0.16767020788479864,-0.22448381745667598,12.499999999999998,8.554233579218577,19.733286273956164,1.387696325839128,3.972982035082765,7.183316274309109,15.750622948505278,4.652292379910351,5.482800974129108,2.067518441393428,6.111964846645254,8.167020788479865,3.741026365016059,2.169586701020012,0.40347651148837044,2.9751914728408573,3.9679137401616487,23.14667349027635,104.88786926905023,107.46228779162108,0.0,12.720502594148167,80.77817386086895,6.465781950375887,0.0,-0.519655525359122,1.4973846751138253,606.0,412.0,854.0,303.0,1171.0,53.0,4551.0,239.0,642.0,13.961147778209156,0.2530724596759962,0.10150432358027742,0.10792662266614902,0.32931066247838203,0.20814107224790881,0.5770796950552358,0.3561852257085378,0.37859721879080926,0.40750813538982816,0.543836621607313,0.7507638795750537,0.04191430487417498,411.0,0.26019362580736244,0.3507448558218331,48.0,1.0,1,0,2,0.004785714285714286,0.0007142857142857143,0.07014285714285715,0,0,3,0,0,0,2,1,1,1,0,0.0,0,0.306,0,0.0,0,0.0006428571428571429,0,0.00035714285714285714,,,2003,2016,14,0.7918589277520912
Mike Dunleavy,dunlemi02,81,230.0,1980-09-15,Duke,2003,2016,2002-10-30T00:00:00Z,False,14,NBA,"GSW, IND, MIL, CHI",SF,933,583.0,28.40192926045016,4.117899249732047,9.331189710610932,0.44130484723179414,1.3408360128617363,3.564844587352626,0.3761274804570054,2.777063236870311,5.766345123258307,0.4815985130111524,0.5131518492993338,1.969989281886388,2.452304394426581,0.8033216783216783,0.7288317256162915,3.6613076098606645,4.390139335476956,2.2883172561629155,0.7545551982851019,0.3397642015005359,1.437299035369775,2.0568060021436225,11.546623794212218,26499.0,3842,8706,1251.0,3326.0,2591.0,5380.0,1838,2288,680.0,3416.0,4096.0,2135,704.0,317.0,1341.0,1919.0,10773,0.0,13.977723687686328,0.5541901958564475,0.3863312200460395,0.25927382165364726,2.7986565530774747,14.384048454658664,8.516691195894182,13.125914185440958,1.357156873844296,0.8692969546020605,12.081014377901054,18.463485414543946,32.1,24.899999999999995,57.0,0.10329627533114458,0.30140760028680325,0.009385259821125331,0.3351522698969773,15.7,7.413374089588287,16.776448167855392,2.4023321634778676,6.418140307181402,4.976421751764216,10.361707988980717,3.520585682478585,4.388184459790936,1.3056794596022494,6.605317181780444,7.916604400166044,4.1156873844296005,1.357156873844296,0.5947582927657649,2.587901430242651,3.7232612551417037,20.73398996188536,108.8960338125967,106.73836748556549,0.0,16.232763500509453,65.6808181440809,17.239216574210346,0.73070681912525,0.19736593833729574,2.686440997773501,693.0,348.0,981.0,138.0,902.0,272.0,4798.0,182.0,348.0,15.927276501000039,0.21421868749764142,0.09098886750443413,0.07187988225970791,0.2369044114872259,0.3863312200460395,0.6585765500584929,0.35982293671459303,0.3602096305520962,0.399488282576701,0.6879972451790632,0.9566429676591569,0.009933997509339975,82.0,0.244981584210725,0.39878787878787875,9.0,2.0,0,0,0,0.0,0.0,0.005071428571428571,0,0,0,0,0,0,0,0,0,1,0,0.0,0,0.0,0,0.0002142857142857143,0,0.006214285714285715,0,0.0,,,2003,2017,14,0.6136687799539605
Drew Gooden,goodedr01,82,250.0,1981-09-24,Kansas,2003,2016,2002-10-30T00:00:00Z,False,14,NBA,"MEM, ORL, CLE, CHI, SAC, SAS, DAL, LAC, MIL, WAS",PF,790,500.0,25.47721518987342,4.3443037974683545,9.41139240506329,0.461600537995965,0.11139240506329114,0.43291139240506327,0.2573099415204678,4.232911392405064,8.978481012658229,0.4714507260679543,0.46751849361129794,2.1531645569620252,2.8341772151898734,0.7597141581062975,2.3772151898734175,4.734177215189874,7.111392405063291,1.1341772151898735,0.6886075949367089,0.6,1.4658227848101266,2.4772151898734176,10.953164556962026,20127.0,3432,7435,88.0,342.0,3344.0,7093.0,1701,2239,1878.0,3740.0,5618.0,896,544.0,474.0,1158.0,1957.0,8653,2.0,16.302240771103495,0.5143211109454962,0.04549590102846922,0.30224181447806425,10.596949371491032,21.73164902866796,16.066954836786408,7.620539573706961,1.416962289461917,1.759616435633726,12.048362895612858,21.562075818552195,19.0,24.999999999999996,44.0,0.10475127937596262,-0.4596363094350871,-0.7137874496944403,-1.1466040641923785,4.3999999999999995,8.949441049336713,19.376936453520145,0.21998310726884288,0.8608188006160878,8.722631291300242,18.5176131564565,4.427410940527649,5.8362696874844735,4.901982411685795,9.768728573557906,14.675679435584042,2.3409648730560937,1.416962289461917,1.2371739454464155,3.0040244447756743,5.102787300640931,22.58052864311621,104.87727927659363,104.15655587022408,0.0,0.0,5.712972623838625,60.57832761961544,33.78392209469866,-3.4083320912207484,-4.99253738758881,410.0,335.0,1044.0,180.0,1033.0,111.0,1981.0,219.0,553.0,9.293829184677298,0.3414568490087942,0.20696233914642023,0.17798827445719678,0.22829924976399862,0.04549590102846922,0.5774258458786704,0.40558051373776516,0.3936477865553734,0.41781611765290405,0.6056445073781488,0.8108218313707954,0.06047642470313509,398.0,0.30808481144730954,0.2225986982660108,8.0,0.0,0,0,0,0.0,0.0,0.0,0,0,0,0,0,0,0,1,1,1,0,0.0,0,0.005,0,0.0,0,0.0002142857142857143,0,0.0,,,2003,2016,14,0.9545040989715307
Nenê,hilarne01,83,250.0,1982-09-13,,2003,2016,2002-10-30T00:00:00Z,False,14,NBA,"DEN, WAS",C/PF,804,612.0,28.2773631840796,4.644278606965174,8.543532338308458,0.5436016887465425,0.004975124378109453,0.048507462686567165,0.10256410256410256,4.6393034825870645,8.49502487562189,0.5461200585651538,0.5438928519435143,2.906716417910448,4.369402985074627,0.6652433817250214,1.8718905472636815,4.654228855721393,6.526119402985074,1.9689054726368158,1.1679104477611941,0.8121890547263682,1.9477611940298507,3.1853233830845773,12.200248756218905,22735.0,3734,6869,4.0,39.0,3730.0,6830.0,2337,3513,1505.0,3742.0,5247.0,1583,939.0,653.0,1566.0,2561.0,9809,0.0,17.111150208928965,0.5855526720914889,0.005537629206069936,0.5199197272927205,7.572082691884758,18.732425775236422,13.175654277545632,11.514079612931603,2.0978095447547838,2.2001759401803382,15.664789971409718,19.53213547393886,32.4,32.8,65.10000000000001,0.1376058500109963,-0.12328568286782492,1.239256652738069,1.1080184737189356,17.800000000000004,8.36232680888498,15.392614910930286,0.0,0.08237519243457225,8.35546514185177,15.30508467121179,5.243048163624368,7.86080052782054,3.3867956894655817,8.37612931603255,11.739793270288102,3.5672663294479876,2.0978095447547838,1.4635495931383329,3.5227534638223004,5.743334066417418,21.97660875302397,110.1707499450187,102.855069276446,0.0,0.0,0.011700021992522543,30.283659555751044,69.70464042225643,3.5774972509346825,5.931713217506048,512.0,450.0,1133.0,330.0,1614.0,170.0,3530.0,411.0,573.0,5.601623048163624,0.5646374752584121,0.17268009676709922,0.11476054541455906,0.1426921486694524,0.005537629206069936,0.6863837695183638,0.37041851770398065,0.3694123158126237,0.3495140092368595,0.6897732131075436,0.35425555311194196,0.17755003298878383,1085.0,0.1533405762040906,0.0,6.0,0.0,0,0,0,0.004857142857142858,0.0019999999999999996,0.051,0,0,4,0,0,0,2,1,1,1,0,0.0,0,0.003,0,0.0,0,0.007500000000000001,0,0.0,,,2003,2019,14,0.9944623707939301
Tayshaun Prince,princta01,81,212.0,1980-02-28,Kentucky,2003,2016,2002-10-30T00:00:00Z,False,14,NBA,"DET, MEM, BOS, DET, MIN",SF,1017,902.0,31.04818092428712,4.506391347099312,9.913470993117011,0.45457250545526684,0.5594886922320551,1.5240904621435596,0.3670967741935484,3.9469026548672566,8.389380530973451,0.4704641350210971,0.48279111287442966,1.511307767944936,1.9990167158308751,0.7560255779636006,1.1061946902654867,3.1533923303834808,4.259587020648968,2.365781710914454,0.5614552605703048,0.4916420845624385,1.0462143559488692,1.2300884955752212,11.083579154375615,31576.0,4583,10082,569.0,1550.0,4014.0,8532.0,1537,2033,1125.0,3207.0,4332.0,2406,571.0,500.0,1064.0,1251.0,11272,0.0,13.721209146186977,0.5115528882695718,0.15466300354699772,0.1980438940967824,4.1636401064099315,12.15849695971624,8.104693438054218,12.82212756523942,0.9835919685837347,1.2358405117810998,8.937290980491513,17.82598492525969,35.099999999999994,28.099999999999998,62.99999999999999,0.09572662781859638,0.46921079300734747,-0.20594438814289331,0.2658158094755511,18.100000000000005,7.886451735495312,17.362306815302762,0.9881872308082089,2.6855396503673674,6.90064922726121,14.675376868507726,2.6675734735241963,3.511141373194832,1.9349157588041548,5.507847732455029,7.450082341018495,4.153546997719787,0.9835919685837347,0.8561724094248797,1.8228813022548775,2.1324550291360524,19.42294780846212,107.825025335698,107.49239929060046,0.0,1.24616797567773,90.62208639473018,8.20100709399544,0.027552571573346847,2.6813972637446164,2.9823726881175574,518.0,354.0,716.0,81.0,873.0,104.0,5389.0,190.0,393.0,12.394375475044338,0.24769308968837092,0.1650253990372435,0.14196250316696227,0.29069251963516596,0.15466300354699772,0.6614480934887256,0.40104145553585,0.37551231948315184,0.3980233405117811,0.5620300228021282,0.9750481061565746,0.057307290347099055,545.0,0.5897938940967824,0.40438516594882196,4.0,0.0,1,0,0,0.10957142857142856,0.0005,0.0,0,4,7,0,0,0,2,0,0,0,0,0.0,0,0.0,0,0.0,0,0.012642857142857141,0,0.008,,,2003,2016,14,0.8453369964530023
Amar'e Stoudemire,stoudam01,82,245.0,1982-11-16,,2003,2016,2002-10-30T00:00:00Z,False,14,NBA,"PHO, NYK, DAL, MIA",C/PF,846,696.0,31.03309692671395,6.986997635933806,13.013002364066194,0.5369243346352984,0.03546099290780142,0.15011820330969267,0.23622047244094488,6.951536643026005,12.8628841607565,0.5404337437970961,0.5382868562085567,4.8959810874704495,6.4349881796690305,0.7608376193975018,2.3983451536643026,5.4408983451536646,7.839243498817967,1.2411347517730495,0.75177304964539,1.2458628841607564,2.3085106382978724,3.173758865248227,18.905437352245862,26254.0,5911,11009,30.0,127.0,5881.0,10882.0,4142,5444,2029.0,4603.0,6632.0,1050,636.0,1054.0,1953.0,2685.0,15994,0.0,21.81381503770854,0.5952997638455093,0.011204197455625809,0.49515951854955437,8.982608364439706,19.47522282318885,14.363662679972572,6.92576750209492,1.2301325512302888,2.906200959853736,12.840344328483278,26.14932581701836,63.1,29.400000000000002,92.49999999999999,0.1692334501409309,1.6633465376704506,-0.352220614001676,1.3060752647215663,22.199999999999996,11.429667860135599,21.29348670678754,0.0622381351413118,0.2536299230593433,11.388630303953684,21.06302277748153,7.9890835682181764,10.519398948731622,3.9447436581092408,8.919425611335416,12.859034813742667,2.0363182753104287,1.2301325512302888,2.0505142073588787,3.7941456539955816,5.219139940580482,30.93530128742287,113.18675249485793,105.44796983316827,0.0,0.0,0.5423173611640131,46.30441075645616,53.28540412889465,2.612691399405805,0.061392549706711354,415.0,701.0,1255.0,441.0,2695.0,84.0,2460.0,704.0,921.0,6.763068484802316,0.4567400015235773,0.24896061552525328,0.11298438333206368,0.1701638607450293,0.011204197455625809,0.6675651710215585,0.4417227089205455,0.4104579873543079,0.3972908128285214,0.5886079073664966,0.5323180848632589,0.16074860973565933,1593.0,0.15520572103298544,0.17296156776110308,14.0,0.0,0,0,6,0.002428571428571429,0.20864285714285713,0.07142857142857142,0,0,2,1,5,5,7,1,1,1,0,0.004714285714285714,1,0.783,0,0.0,0,0.006285714285714285,0,0.0,,,2003,2016,14,0.9887958025443744
Udonis Haslem,hasleud01,80,235.0,1980-06-09,Florida,2004,2017,2003-10-28T00:00:00Z,False,14,NBA,MIA,PF,830,498.0,25.749397590361447,3.1626506024096384,6.434939759036145,0.49148099606815204,0.0036144578313253013,0.04216867469879518,0.08571428571428572,3.1590361445783133,6.392771084337349,0.4941575574820957,0.49176184235161957,1.4759036144578312,1.953012048192771,0.7557063541024059,1.927710843373494,4.940963855421686,6.86867469879518,0.8686746987951808,0.5084337349397591,0.29759036144578316,0.9614457831325302,2.4397590361445785,7.804819277108434,21372.0,2625,5341,3.0,35.0,2622.0,5306.0,1225,1621,1600.0,4101.0,5701.0,721,422.0,247.0,798.0,2025.0,6478,0.0,13.057046603032004,0.5348979037993636,0.00693224780086094,0.3024751544076361,9.062586561856635,22.331405577390978,15.823324911098636,5.3925182481751825,1.0468229459105374,0.9196893131199699,11.725243309002433,15.07015253602845,23.599999999999998,27.400000000000002,51.00000000000001,0.11438377316114542,-1.374522740033689,-0.5159367396593674,-1.902671720007486,0.5999999999999999,6.518210743028262,13.272871046228712,0.007088714205502527,0.08500842223469961,6.51112202882276,13.189687441512259,3.051871607711024,4.029229833426914,3.9699560172187907,10.182294591053715,14.172267452741906,1.792841100505334,1.0468229459105374,0.6222908478382931,1.979576080853453,5.038059142803668,16.11560452929066,109.74901740595172,104.35106681639529,0.0,0.0,10.698062886019091,79.2576735916152,10.158291222159836,1.9962942167321727,0.4744057645517501,302.0,244.0,1001.0,139.0,657.0,194.0,1654.0,141.0,355.0,9.818528916339135,0.3550176399026764,0.0965440763615946,0.21142476137001684,0.3302717574396406,0.00693224780086094,0.6561193617817705,0.3629645330338761,0.3985892756878159,0.4116908104061388,0.7744998128392288,0.05872169193337076,0.06944422609021149,319.0,0.08466428036683511,0.011342878532659556,5.0,0.0,3,0,0,0.0071428571428571435,0.0,0.026785714285714284,0,0,3,0,0,0,0,0,1,1,0,0.0,0,0.0,0,0.0005714285714285715,0,0.0018571428571428571,0,0.0005714285714285715,,,2004,2023,14,0.9930677521991389
Kyle Korver,korveky01,79,212.0,1981-03-17,Creighton,2004,2017,2003-10-28T00:00:00Z,False,14,NBA,"PHI, UTA, CHI, ATL, CLE",SG,1031,418.0,26.493695441319108,3.4471387002909797,7.775945683802134,0.44330797056255455,1.9873908826382154,4.61105722599418,0.4310054690786706,1.4597478176527643,3.1648884578079532,0.46123199509653695,0.5710989148060371,1.1037827352085354,1.2541222114451989,0.880123743232792,0.3026188166828322,2.795344325897187,3.0979631425800194,1.8205625606207565,0.7002909796314258,0.3414161008729389,1.0940834141610087,2.1416100872938895,9.98545101842871,27315.0,3554,8017,2049.0,4754.0,1505.0,3263.0,1138,1293,312.0,2882.0,3194.0,1877,722.0,352.0,1128.0,2208.0,10295,0.0,12.840893282079444,0.6034323631704193,0.603762840929892,0.15877678930990297,1.3468131063518212,12.030129965220578,6.737213984989932,10.668738788211604,1.3629104887424492,1.030422844590884,11.71356763682958,16.1483324180853,38.0,26.999999999999996,65.3,0.11466589785831961,0.5556727073036793,0.17800109829763866,0.7146146805784367,18.9,6.7167636829580815,15.152894014277871,3.868482518762585,8.97648178656416,2.850836536701446,6.185227896760022,2.151008603331503,2.447772286289584,0.598209774848984,5.424448105436573,6.027673439502105,3.5251327109646713,1.3629104887424492,0.6494490206846055,2.1294380377082187,4.1681237415339565,19.46218561230094,113.45747757642322,106.83225334065531,0.19253157605711146,47.171737140765146,44.68859600951858,7.632363170419183,0.0,3.215727622185612,3.2010433827567275,645.0,265.0,1269.0,110.0,234.0,159.0,4083.0,61.0,192.0,20.750832875709317,0.05866091890902435,0.022416328024894752,0.07220025626944904,0.2428497528830313,0.603762840929892,0.6078943071572396,0.35894673256452503,0.4300612850082373,0.44609881017755804,0.843679004210141,0.963760314845323,0.0025874061870766983,20.0,0.2927649276954055,0.47514120446641045,2.0,0.0,0,0,1,0.0,0.0002142857142857143,0.0012857142857142856,0,0,0,0,0,0,1,0,0,1,0,0.0,0,0.0,0,0.006928571428571429,0,0.0010714285714285715,0,0.0,,,2004,2020,14,0.396237159070108
Dwyane Wade,wadedw01,76,220.0,1982-01-17,Marquette,2004,2017,2003-10-28T00:00:00Z,True,14,NBA,"MIA, CHI",SG,915,904.0,35.35737704918033,8.45792349726776,17.459016393442624,0.48444444444444446,0.4710382513661202,1.6415300546448088,0.28695073235685753,7.9868852459016395,15.817486338797814,0.5049402335383127,0.4979342723004695,5.910382513661202,7.695081967213115,0.768072716943616,1.2448087431693988,3.5595628415300546,4.804371584699454,5.6524590163934425,1.639344262295082,0.8743169398907104,3.300546448087432,2.2797814207650275,23.297267759562843,32352.0,7739,15975,431.0,1502.0,7308.0,14473.0,5408,7041,1139.0,3257.0,4396.0,5172,1500.0,800.0,3020.0,2086.0,21317,4.0,24.33226384767557,0.5585060583580613,0.0909396018793274,0.44201134396637004,4.2702893175074195,11.595422230464884,8.022388105835807,30.959517185954496,2.4513013105835806,1.9487141444114737,13.775945845697331,31.880999629080115,73.5,43.8,117.2,0.17395947700296738,4.602716988130564,0.9143205984174084,5.516434841740851,61.10000000000001,12.633354970326408,26.069133283877346,0.7072947576656775,2.4684470820969335,11.934025717111771,23.6007387487636,8.816768669634024,11.500497650840753,1.8764960435212659,5.318647997032641,7.183086053412463,8.445249134520278,2.4513013105835806,1.3252720079129574,4.937892556874381,3.397320103857567,34.802710806132545,109.4237759643917,104.10209569732937,11.793026706231455,84.50129821958457,3.7085187932739863,0.0,0.0,4.547419015825915,5.835395029673591,1511.0,964.0,915.0,315.0,3128.0,102.0,11833.0,700.0,703.0,10.271198071216617,0.35707056750741845,0.15760762858555888,0.13765306627101878,0.25678424826904056,0.0909396018793274,0.6567844646389713,0.46019964762611276,0.38473296859545003,0.38484068991097925,0.3239038390207715,0.45495895153313554,0.07275979846686448,1060.0,0.18000646018793273,0.2989272378832839,39.0,3.0,3,1,12,0.11057142857142857,0.33835714285714286,0.07142857142857142,0,3,11,2,5,8,10,1,1,1,0,0.05671428571428572,0,0.198,0,0.0,0,0.015357142857142857,0,0.014,,,2004,2019,14,0.9090603981206725
Carmelo Anthony,anthoca01,79,238.0,1984-05-29,Syracuse,2004,2017,2003-10-29T00:00:00Z,True,14,NBA,"DEN, NYK",SF,976,976.0,36.20286885245902,8.827868852459016,19.540983606557376,0.45176174496644295,1.2008196721311475,3.4702868852459017,0.3460289341600236,7.627049180327869,16.070696721311474,0.474593560726809,0.48248741610738255,5.89344262295082,7.248975409836065,0.8130035335689046,1.7848360655737705,4.804303278688525,6.589139344262295,3.132172131147541,1.055327868852459,0.48258196721311475,2.7920081967213113,2.9026639344262297,24.75,35334.0,8616,19072,1172.0,3387.0,7444.0,15685.0,5752,7075,1742.0,4689.0,6431.0,3057,1030.0,471.0,2725.0,2833.0,24156,2.0,20.884657836644593,0.5436675440086036,0.1764631516386483,0.3718789268127016,5.63191543555782,15.090391690722818,10.356486670062829,16.228383426727795,1.48604460293202,1.046414218599649,10.955000849040584,31.435472915605366,65.2,31.900000000000002,97.10000000000002,0.1318847568913794,3.2348899077375894,-1.1639525669326993,2.079951321673176,36.5,12.431649402841455,27.56336389879436,1.6986330446595346,4.924681609780947,10.737414388407766,22.64646799116998,8.324124073130696,10.205547065149714,2.5186109696043473,6.763380879606045,9.286426671194882,4.4108309277183455,1.48604460293202,0.6859880002264107,3.9275117450614143,4.091209599818872,34.9032461651667,107.91656761193185,107.65240278485311,0.0,3.3539367181751287,75.7371936378559,20.921520348672665,0.29512650704703686,1.827200430180562,2.08689081338088,899.0,736.0,1041.0,581.0,2846.0,122.0,6956.0,598.0,1255.0,12.371959019641139,0.32348545310465837,0.08082059772457124,0.1371995528386257,0.2824073130695647,0.1764631516386483,0.5871367238353994,0.33440612441274703,0.3860769230769231,0.4178100696213279,0.4337555612158261,0.8105341597328352,0.054743533140884135,969.0,0.1175071885436124,0.3420644421803362,44.0,0.0,0,0,10,0.0,0.17264285714285713,0.07142857142857142,0,0,0,0,2,6,13,1,1,1,0,0.032357142857142855,0,0.729,0,0.0,0,0.0027142857142857142,0,0.0,,,2004,2022,14,0.8235368483613518
Boris Diaw,diawbo01,80,250.0,1982-04-16,,2004,2017,2003-10-29T00:00:00Z,False,14,NBA,"ATL, PHO, CHA, SAS, UTA",PF,1064,564.0,27.037593984962406,3.5761278195488724,7.24718045112782,0.49345091427830373,0.44642857142857145,1.3280075187969924,0.3361641896673744,3.1296992481203008,5.919172932330827,0.5287392823118451,0.5242510699001427,0.9906015037593985,1.381578947368421,0.7170068027210884,1.1823308270676691,3.172932330827068,4.355263157894737,3.462406015037594,0.6090225563909775,0.4793233082706767,1.7828947368421053,2.132518796992481,8.589285714285714,28768.0,3805,7711,475.0,1413.0,3330.0,6298.0,1054,1470,1258.0,3376.0,4634.0,3684,648.0,510.0,1897.0,2269.0,9139,6.0,12.914804644048942,0.5451096704671858,0.18141379310344824,0.19369410456062292,5.170946885428253,13.295421996662961,9.333961345939935,19.672591073414903,1.1576091490545048,1.3351466907675196,18.757011262513906,16.309792130144608,23.1,28.2,51.5,0.08616765155728588,-0.3361825639599555,0.4827516685205783,0.14825848164627362,15.6,6.826654616240266,13.862291434927696,0.8632612625139043,2.568232063403782,5.953093715239154,11.301115823136817,1.8933085372636265,2.6493569243604007,2.270342046718576,6.084451473859844,8.327096078976641,6.608280033370412,1.1625590934371524,0.9055964961067855,3.4247844827586205,4.086484983314794,16.421756813125697,105.53072858731925,106.9259246384872,0.2504866518353726,5.839717741935484,6.284830367074528,74.86596218020023,12.716942436040044,2.444917964404895,0.7831514182424916,971.0,396.0,1176.0,235.0,614.0,139.0,8454.0,180.0,343.0,10.55090030589544,0.36485758481646274,0.18271155450500556,0.07788681868743048,0.19297907397107897,0.18141379310344824,0.6452268492769744,0.4647630005561735,0.3578851849276975,0.4189010358731925,0.576583147942158,0.9831993534482757,0.020957000834260282,140.0,0.27125504032258063,0.3234396551724138,13.0,0.0,1,0,0,0.0012142857142857144,0.00014285714285714287,0.0,0,0,1,0,0,0,1,0,0,0,0,0.0,0,0.0,0,0.0005714285714285715,1,0.05542857142857143,0,0.0,,,2004,2017,14,0.8185862068965516
LeBron James,jamesle01,81,250.0,1984-12-30,,2004,2017,2003-10-29T00:00:00Z,False,14,NBA,"CLE, MIA, CLE",SF,1061,1060.0,38.89915174363808,9.823751178133836,19.606974552309143,0.501033504782964,1.3826578699340244,4.0480678605089535,0.34155995343422585,8.441093308199811,15.558906691800189,0.5425248364429368,0.536292842378503,6.101790763430726,8.248821866163997,0.7397166361974405,1.2148916116870876,6.0480678605089535,7.262959472196042,7.032045240339302,1.648444863336475,0.7700282752120641,3.410933081998115,1.8633364750235626,27.131950989632422,41272.0,10423,20803,1467.0,4295.0,8956.0,16508.0,6474,8752,1289.0,6417.0,7706.0,7461,1749.0,817.0,3619.0,1977.0,28787,55.0,27.6075184144214,0.5838897799961232,0.20591735316921883,0.4195327098274859,3.724265846094204,17.91962589649157,10.92998643147897,35.03706144601667,2.236063190540802,1.5507050785035859,12.845498158557861,31.538202655553405,143.8,61.6,205.60000000000002,0.23892500969180075,7.161363636363636,1.8635200620275247,9.009791141694127,114.50000000000001,13.308128997867803,26.570977902694317,1.869473250629967,5.484500387672029,11.424975770498158,21.084384086063192,8.283514246947083,11.173992052723396,1.657562027524714,8.172870226788138,9.823245784066678,9.51548749757705,2.236063190540802,1.035229695677457,4.603971215351812,2.5208543322349297,36.74741471215352,116.01570071719325,102.67883795309169,1.059023066485753,5.750993409575499,66.32666214382633,25.523551075789882,1.2553789494088001,7.67025344058926,12.211257026555534,1936.0,895.0,736.0,417.0,3841.0,131.0,17350.0,1053.0,754.0,11.921229889513471,0.35364150029075403,0.12129635103702267,0.102102539251793,0.2169391597208761,0.20591735316921883,0.7282832428765265,0.4299876429540609,0.36249367610001937,0.3826316873425082,0.3572831217290173,0.5060747722426827,0.08089135491374298,1617.0,0.15131411126187247,0.389409381663113,32.0,2.0,3,3,13,0.35607142857142854,0.8875714285714286,0.07142857142857142,5,6,11,11,13,13,14,1,1,1,4,0.5241428571428571,1,0.861,0,0.0,0,0.008000000000000002,0,0.06328571428571429,,,2004,2025,14,0.7940826468307812
David West,westda01,81,250.0,1980-08-29,Xavier,2004,2017,2003-10-29T00:00:00Z,False,14,NBA,"NOH, NOK, NOH, IND, SAS, GSW",PF,961,742.0,29.28720083246618,5.709677419354839,11.593132154006243,0.49250516111659637,0.05619146722164412,0.2154006243496358,0.2608695652173913,5.653485952133194,11.377731529656607,0.49689043351015183,0.49492864195314606,2.6129032258064515,3.193548387096774,0.8181818181818182,1.789802289281998,4.8199791883454735,6.609781477627472,2.2216441207075963,0.7460978147762747,0.8064516129032258,1.6441207075962538,2.380853277835588,14.088449531737773,28145.0,5487,11141,54.0,207.0,5433.0,10934.0,2511,3069,1720.0,4632.0,6352.0,2135,717.0,775.0,1580.0,2288.0,13539,1.0,18.52801563332741,0.5416138568129331,0.018713021851128088,0.27402096287084743,7.064441286196482,19.039388879019363,13.04199324924498,13.291433647184224,1.3471771184935157,2.1657416947948125,11.393444661573993,23.12696748978504,42.699999999999996,39.3,82.5,0.1404658731568662,1.1266050808314088,0.580994848108012,1.6862035885592466,26.299999999999997,10.342298809735299,20.98433469532777,0.09973352282821106,0.39052051874222776,10.236081009060223,20.593789305382842,4.740728370936224,5.793565464558536,3.2253757328122217,8.700461893764434,11.947774027358323,3.9927731391010832,1.3471771184935157,1.4604654467933915,2.961392787351217,4.307877065198082,25.508225262035886,109.35224729081543,103.60422810445905,0.0,0.039225439687333455,0.9004796589092201,87.54755729259193,11.562693195949548,2.785969088648072,3.1925031089003375,608.0,450.0,1158.0,299.0,1289.0,67.0,4991.0,293.0,628.0,9.915739918280336,0.2778559246757861,0.228388879019364,0.18822309468822174,0.2870493871025049,0.018713021851128088,0.6207733878131106,0.44593583229703315,0.4101691241783621,0.472552282821105,0.618961485166104,0.8553973352282821,0.02783453544146385,276.0,0.18946605080831408,0.2548545389944928,8.0,0.0,1,0,2,0.0017857142857142859,0.0045,0.0,0,0,2,0,0,0,4,0,0,0,0,0.0,0,0.0,0,0.0,0,0.03378571428571429,0,0.0,,,2004,2018,14,0.9812869781488718
Zaza Pachulia,pachuza01,83,270.0,1984-02-10,,2004,2017,2003-11-05T00:00:00Z,False,14,NBA,"ORL, MIL, ATL, MIL, DAL, GSW",C,961,456.0,21.21748178980229,2.470343392299688,5.309053069719043,0.4653077224617797,0.0,0.027055150884495317,0.0,2.470343392299688,5.281997918834548,0.4676910953506698,0.4653077224617797,2.108220603537981,2.8199791883454735,0.7476014760147601,2.262226847034339,3.6992715920915713,5.9614984391259105,1.283038501560874,0.7273673257023934,0.35796045785639957,1.368366285119667,2.5650364203954212,7.048907388137357,20390.0,2374,5102,0.0,26.0,2374.0,5076.0,2026,2710,2174.0,3555.0,5729.0,1233,699.0,344.0,1315.0,2465.0,6774,0.0,14.476831780284453,0.5391767533104463,0.005221726336439431,0.5373717999019126,12.345811672388425,20.17895537027955,16.282187346738596,9.341387935262382,1.789220205983325,1.3065767533104462,17.28719960765081,17.050343305541936,23.3,23.999999999999996,47.00000000000001,0.11079151544874939,-1.3738205002452182,-0.18375183913683177,-1.5544874938695439,2.3,6.0984256988719965,13.079254536537519,0.0,0.05725846002942619,6.0984256988719965,13.021608631682197,5.199033840117705,6.96629230014713,5.566640510053947,9.094129475232958,14.674203040706228,3.1507748896517898,1.789220205983325,0.8757184894556156,3.365841098577734,6.335120156939676,17.39361451692006,108.49960765080922,105.17351642962237,0.0,0.0,0.0,0.1805787150564002,99.8194212849436,-0.018960274644433475,1.4692054928886709,370.0,392.0,1055.0,328.0,1223.0,129.0,2748.0,210.0,597.0,5.521986267778323,0.5763050024521824,0.161,0.13991937224129475,0.11734046101029917,0.005221726336439431,0.5499499264345267,0.3313060814124571,0.384934722903384,0.3506583619421285,0.6507833251593917,0.0,0.03244021579205493,143.0,0.0,0.0,13.0,0.0,1,0,0,0.00028571428571428574,0.0,0.0,0,0,1,0,0,0,0,0,0,0,0,0.0,0,0.0,0,0.0,0,0.0002142857142857143,0,0.0,,,2004,2019,14,0.9947782736635605
Leandro Barbosa,barbole01,75,194.0,1982-11-28,,2004,2017,2003-11-12T00:00:00Z,False,14,NBA,"PHO, TOR, IND, BOS, PHO, GSW, PHO",SG,850,112.0,21.630588235294116,4.003529411764706,8.716470588235294,0.45930624915643137,1.1623529411764706,3.0070588235294116,0.3865414710485133,2.8411764705882354,5.709411764705882,0.4976303317535545,0.525981913888514,1.46,1.7776470588235294,0.8213103904698875,0.37529411764705883,1.648235294117647,2.023529411764706,2.088235294117647,0.8152941176470588,0.1423529411764706,1.248235294117647,1.9423529411764706,10.629411764705882,18386.0,3403,7409,988.0,2556.0,2415.0,4853.0,1241,1511,319.0,1401.0,1720.0,1775,693.0,121.0,1061.0,1651.0,9035,0.0,15.119503970412271,0.5595556945502014,0.3467362667246817,0.20268138801261829,2.0082671597954964,8.337039051452193,5.287457848362885,15.058620689655172,1.8934624170564558,0.4753725660828891,11.80925704340259,22.165310562384427,24.699999999999996,12.699999999999998,37.3,0.09774562166866095,0.2988578266072011,-0.4523115413901882,-0.16283041444577392,8.7,9.33168715326879,20.293734363102367,2.6904710105515064,7.0119982595453045,6.615109322310454,13.296578918742524,3.3990318720765798,4.155417165234416,0.8690742956597413,3.825269226585446,4.691139997824433,4.86056238442293,1.8934624170564558,0.32968563037093446,2.902224518655499,4.528973131730665,24.728771891656695,108.28146415751115,109.24029152616122,33.742031980854996,64.6304253236158,1.4854236919395192,0.0,0.0,1.4618078973131732,-2.5670673338409657,513.0,289.0,662.0,150.0,668.0,118.0,4124.0,176.0,410.0,13.206613727836398,0.34946486457086917,0.09416702926139454,0.06650973566844338,0.1428365604264114,0.3467362667246817,0.6198311758947025,0.30976612640052215,0.3508978570651583,0.38644599151528347,0.46193669096051343,0.8629410420972478,0.0011363537474165127,6.0,0.3183435766343958,0.4105164255411726,23.0,0.0,1,0,0,0.0,0.0,0.007642857142857143,0,0,0,0,0,0,0,0,0,1,0,0.0,0,0.0,1,0.10107142857142858,0,0.0026428571428571425,0,0.0,,,2004,2017,14,0.6532637332753181
Kendrick Perkins,perkike01,82,270.0,1984-11-10,,2004,2018,2003-12-13T00:00:00Z,False,14,NBA,"BOS, OKC, CLE, NOP, CLE",C,782,565.0,21.946291560102303,2.180306905370844,4.116368286445013,0.5296675986331159,0.0,0.017902813299232736,0.0,2.180306905370844,4.09846547314578,0.53198127925117,0.5296675986331159,1.0281329923273657,1.7301790281329923,0.5942350332594235,1.6687979539641944,4.126598465473146,5.79539641943734,1.0396419437340154,0.33631713554987214,1.1547314578005115,1.5767263427109974,2.739130434782609,5.388746803069053,17162.0,1705,3219,0.0,14.0,1705.0,3205.0,804,1353,1305.0,3227.0,4532.0,813,263.0,903.0,1233.0,2142.0,4214,0.0,10.739197063279336,0.5458509497727538,0.004204230276191587,0.4125490036126325,9.310336790583849,21.35505185875772,15.543334110243558,7.0717049294953975,0.7832828341685119,4.097243910966087,24.72970516256846,13.464199976692692,0.9000000000000005,27.0,27.8,0.07813582333061413,-3.1044458687798624,1.2356252185060015,-1.8617876704346812,0.5000000000000001,5.176914112574292,9.753286330264537,0.0,0.029495396806898964,5.176914112574292,9.703973895816338,2.444930660762149,4.106951404265237,3.9596783591655993,9.773021792331894,13.712655867614497,2.4436429320592,0.7832828341685119,2.731505652021909,3.7310511595385156,6.481907703064911,12.776325603076563,98.19444120731849,102.12108145903741,0.0,0.0,0.0,6.973138328866099,93.0268616711339,4.9124635823330625,0.1564736044750029,374.0,269.0,966.0,350.0,625.0,55.0,1820.0,134.0,376.0,4.54666122829507,0.5181188089966204,0.35539593287495624,0.07839773919123644,0.04363617294021676,0.004204230276191587,0.6374836848852116,0.4227415802354038,0.30176564502971676,0.31072124461018535,0.6243471623353922,0.0,0.11161566251019693,332.0,0.0,0.0,7.0,0.0,1,0,0,0.013142857142857142,0.00035714285714285714,0.0,0,0,3,0,0,0,1,0,0,0,0,0.0,0,0.0,0,0.0,0,0.00014285714285714287,0,0.00014285714285714287,,,2004,2018,14,0.9957957697238083
James Jones,jonesja02,80,218.0,1980-10-04,Miami (FL),2004,2017,2003-12-26T00:00:00Z,False,14,NBA,"IND, PHO, POR, MIA, CLE",SF,709,93.0,15.653032440056418,1.6995768688293371,4.235543018335684,0.4012654012654013,1.0944992947813823,2.7320169252468265,0.40061951471347446,0.6050775740479548,1.5035260930888577,0.4024390243902439,0.5304695304695305,0.7489421720733427,0.8913963328631875,0.8401898734177216,0.31875881523272215,1.4809590973201692,1.7997179125528915,0.5162200282087447,0.31875881523272215,0.307475317348378,0.32581100141043723,1.311706629055007,5.242595204513399,11098.0,1205,3003,776.0,1937.0,429.0,1066.0,531,632,226.0,1050.0,1276.0,366,226.0,218.0,231.0,930.0,3717,0.0,11.310145972247252,0.5692152640115337,0.6551466930978554,0.21154658497026493,2.4346999459362046,10.715273022166159,6.68854748603352,4.962308524058389,1.0667057127410344,1.4710758695260406,6.6562714002522965,14.59642277887908,15.299999999999997,9.899999999999999,25.099999999999998,0.10885799243106864,-0.026256983240223467,-0.0935483870967742,-0.08679942331951702,5.4,5.666831861596685,14.119318796179494,3.654541358803388,9.14030455938007,2.017958190664985,4.995584790052262,2.496278608758335,2.9960173004144894,1.057632005766805,4.943692557217516,6.031032618489819,1.7387367093169936,1.0667057127410344,1.0080194629663,1.0906019102540998,4.387997837448189,17.499783744818888,115.49801766083979,107.96882321138943,0.12002162551811137,13.779870246891331,69.05865921787709,16.88448369075509,0.4589115155883943,2.5165435213551985,-2.4211389439538653,117.0,47.0,450.0,30.0,190.0,121.0,883.0,39.0,66.0,21.412551811137142,0.04664326905748783,0.019091097495044153,0.05542467111191205,0.22425148675437015,0.6551466930978554,0.5521587673454676,0.208350874031357,0.44657911335375744,0.3828850243287079,0.7492986123625878,0.9729122364389982,0.006200126148855649,18.0,0.3832637412146332,0.45021715624436837,0.0,0.0,3,0,0,0.0,0.0,0.0,0,0,0,0,0,0,0,0,0,0,0,0.0,0,0.0,0,0.0,0,0.0,0,0.0,,,2004,2017,14,0.3448533069021445
Matt Barnes,barnema02,79,226.0,1980-03-09,UCLA,2004,2017,2004-01-19T00:00:00Z,False,14,NBA,"LAC, SAC, NYK, PHI, GSW, PHO, ORL, LAL, LAC, MEM, GSW, SAC",SF,929,359.0,23.645855758880515,3.0010764262648006,6.876210979547901,0.4364433312460864,1.0570505920344457,3.155005382131324,0.33503923575571476,1.9440258342303551,3.721205597416577,0.5224182817471796,0.5133061991233563,1.1097954790096878,1.4897739504843919,0.744942196531792,1.147470398277718,3.4607104413347685,4.608180839612486,1.820236813778256,0.7685683530678149,0.47793326157158234,1.2615715823466092,2.5328310010764263,8.168998923573735,21967.0,2788,6388,982.0,2931.0,1806.0,3457.0,1031,1384,1066.0,3215.0,4281.0,1691,714.0,444.0,1172.0,2353.0,7589,1.0,12.747512177356944,0.5421802248827787,0.44817785769563445,0.22356138753584923,5.573938179997269,16.43823462466427,11.060659170574043,11.409300314107526,1.6410980106523418,1.6090681476760595,14.439509263895841,16.589757363317705,19.4,23.400000000000002,43.0,0.09362261574179452,-0.4373924523148359,0.35704921017890473,-0.06652706332225612,10.700000000000001,6.4569035371238686,14.808653889925795,2.2490645058496836,6.764164428460871,4.18196385487322,8.025306141029725,2.3965584740747485,3.2149405927072428,2.473624072472345,7.446492465971685,9.939031274184003,3.899198798197296,1.649187417489871,1.013925433604953,2.707784403878545,5.466822961715299,17.591842308917922,106.71689352210133,106.44471252333045,0.0,4.440023671871444,71.66030864478536,23.34114808576501,0.8339327172577048,3.2985432694496293,1.0526426002640326,702.0,253.0,1240.0,111.0,588.0,86.0,3830.0,118.0,331.0,14.120234897801245,0.31183124687030545,0.1336243911321528,0.028059999089543406,0.0782066736468339,0.44817785769563445,0.6308032048072109,0.399343879455547,0.317049164656075,0.3897413392816498,0.686711339736878,0.9417969226567124,0.03989224746210225,234.0,0.39980798470432916,0.33514922383575363,19.0,0.0,0,0,0,0.0005714285714285715,0.0,0.0,0,0,1,0,0,0,0,0,0,0,0,0.0,0,0.0,0,0.0,0,0.0,0,0.00014285714285714287,,,2004,2017,14,0.5518221423043657
Devin Harris,harride01,75,185.0,1983-02-27,Wisconsin,2005,2018,2004-11-02T00:00:00Z,False,14,NBA,"DAL, NJN, UTA, ATL, DAL, DEN",PG,917,446.0,24.96401308615049,3.657579062159215,8.424209378407852,0.4341747572815534,0.8396946564885496,2.5714285714285716,0.3265479219677693,2.8178844056706653,5.85278080697928,0.4814607788336128,0.48401294498381875,2.9345692475463467,3.678298800436205,0.797806107322858,0.3031624863685932,1.9203925845147218,2.223555070883315,4.086150490730644,1.0501635768811342,0.1941112322791712,1.7731733914940022,2.2224645583424207,11.089422028353326,22892.0,3354,7725,770.0,2358.0,2584.0,5367.0,2691,3373,278.0,1761.0,2039.0,3747,963.0,178.0,1626.0,2038.0,10169,0.0,16.224030228900922,0.5527873056089465,0.31001729861960514,0.4302903197623623,1.4066355058535736,8.959448715708543,5.1704176131399615,27.009156037043514,2.2149266119168267,0.6145290931329722,14.995622925039315,21.753634457452385,34.4,19.0,53.400000000000006,0.1118139961558623,0.664633933251791,0.041927310850952325,0.6927223484186615,15.600000000000001,7.686855670103093,17.69102306482614,1.7464004892538878,5.359942337934649,5.93964266992836,12.360361698409923,6.179971168967325,7.748187139612091,0.6330770574873318,4.029936222261052,4.652131749082648,8.605766206535035,2.2149266119168267,0.4032063603005417,3.7250480517211253,4.650026210029705,23.32140048925389,109.61030054167395,108.65507600908614,72.97492573824917,25.996811113052594,1.1514066049274856,0.0,0.0,1.6044294950200946,3.1343351389131575,908.0,390.0,909.0,164.0,1460.0,363.0,8447.0,335.0,489.0,13.039542198147824,0.34363803948977806,0.11057517910186968,0.07990197448890442,0.1558736676568233,0.31001729861960514,0.5912272409575398,0.366110824742268,0.3947337497815831,0.3792115586230998,0.3179018434387559,0.7430476585706798,0.006692468984798183,43.0,0.1419569281845186,0.3872831993709593,61.0,1.0,0,0,1,0.0095,0.0005714285714285715,0.012285714285714285,0,0,1,0,0,0,1,0,0,1,0,0.0,0,0.0,0,0.00014285714285714287,0,0.04,0,0.00014285714285714287,,,2005,2019,14,0.689982701380395
Tony Allen,allento01,76,213.0,1982-01-11,"Butler County Community College, Oklahoma State",2005,2018,2004-11-03T00:00:00Z,False,14,NBA,"BOS, MEM, NOP",SG,820,441.0,22.01829268292683,3.15609756097561,6.642682926829268,0.47512392142463744,0.1524390243902439,0.5414634146341464,0.28153153153153154,3.0036585365853656,6.101219512195122,0.4923046172296622,0.48659812740958325,1.65,2.328048780487805,0.7087480356207438,1.2451219512195122,2.271951219512195,3.5170731707317073,1.3134146341463415,1.4121951219512194,0.41097560975609754,1.3634146341463416,2.374390243902439,8.114634146341464,18055.0,2588,5447,125.0,444.0,2463.0,5003.0,1353,1909,1021.0,1863.0,2884.0,1077,1158.0,337.0,1118.0,1947.0,6654,0.0,14.15716422043755,0.5281547493769041,0.08165754638604265,0.3512496815286624,6.560731099418444,12.13855441705899,9.352556078648574,9.60039324286901,3.370816948213791,1.535735253392412,14.98349487676544,18.74528385488784,9.1,29.5,38.9,0.10265798947659928,-1.6263638881196343,1.9341678205483241,0.29720299086125734,10.4,7.511016338964276,15.83553032400997,0.36854610911104957,1.2861035724176129,7.150246469122127,14.544968152866243,3.937612849626143,5.5555469399058435,2.963378565494323,5.412960398781501,8.366956521739132,3.1234450290778177,3.370816948213791,0.9831404043201328,3.2507449459983384,5.653364718914428,19.338515646635283,102.70711714206591,101.62337302686237,7.622542232068679,84.1494876765439,8.25616172805317,0.18067017446690667,0.0,4.622569925228468,3.6254001661589585,454.0,354.0,815.0,150.0,896.0,78.0,2368.0,206.0,546.0,6.779202436998061,0.5765341456660205,0.15950462475768484,0.05080526170036001,0.1316097479922459,0.08165754638604265,0.597108280254777,0.30496156189421214,0.319943949044586,0.31555923566878985,0.5679093325948491,0.9342474106895596,0.057124120742176696,297.0,0.5624395458321795,0.3078176128496261,9.0,0.0,1,0,0,0.2662142857142857,0.0,0.007357142857142856,3,6,7,0,0,0,0,0,0,1,0,0.0,0,0.0,0,0.00035714285714285714,0,0.00014285714285714287,0,0.02642857142857143,,,2005,2018,14,0.9183424536139573
Trevor Ariza,arizatr01,80,215.0,1985-06-30,UCLA,2005,2018,2004-11-03T00:00:00Z,False,14,NBA,"NYK, ORL, LAL, HOU, NOH, WAS, HOU",SF,942,641.0,29.520169851380043,3.786624203821656,8.92144373673036,0.4244407425035697,1.3938428874734607,3.9501061571125264,0.3528621338349906,2.3927813163481955,4.971337579617835,0.4813153961136024,0.5025583055687768,1.5732484076433122,2.1762208067940554,0.7229268292682927,1.019108280254777,3.7717622080679405,4.790870488322717,2.0743099787685777,1.5116772823779194,0.31316348195329086,1.3577494692144374,2.005307855626327,10.540339702760084,27808.0,3567,8404,1313.0,3721.0,2254.0,4683.0,1482,2050,960.0,3553.0,4513.0,1954,1424.0,295.0,1279.0,1889.0,9929,1.0,13.404588607594937,0.5344618095512083,0.43760831415420026,0.24887381329113925,3.9995792577675497,14.677898446490218,9.30660241657077,10.916261507479865,2.6117016685845793,0.8541462888377446,11.949931674338323,17.01027402186421,22.000000000000004,35.49999999999999,57.5,0.09912647439585731,-0.17751006904487918,1.1388269562715765,0.9586845512082853,20.900000000000002,6.5513521288837735,15.428563722669738,2.37984752589183,6.737280638665132,4.181785817031069,8.691725402761795,2.7498381760644417,3.803851409666283,1.7883342922899885,6.526175920598389,8.312816455696202,3.592408659378596,2.6117016685845793,0.5394814441887227,2.3663693901035674,3.4720044591484465,18.22729430379747,106.75794735327963,104.94296605293441,0.0,5.3335371116225545,82.96720368239356,11.696166570771002,0.10281214039125432,2.414938147295742,1.1315125143843496,590.0,311.0,710.0,170.0,912.0,111.0,4507.0,188.0,428.0,14.407763952819332,0.3188992735903337,0.0759354502301496,0.042628703970080555,0.1248619821634062,0.43760831415420026,0.6217610759493671,0.28448539988492516,0.21280174769850402,0.32407389959723826,0.5758085443037975,0.8634071490218641,0.07109281501726121,558.0,0.4029612341772152,0.3617675129459148,21.0,1.0,1,0,0,0.013642857142857146,0.00014285714285714287,0.0012142857142857144,0,0,6,0,0,0,1,0,0,1,0,0.0,0,0.0,0,0.00014285714285714287,0,0.0,0,0.0014285714285714288,,,2005,2022,14,0.5623916858457998
Nick Collison,collini01,82,255.0,1980-10-26,Kansas,2005,2018,2004-11-03T00:00:00Z,False,14,NBA,"SEA, OKC",PF,910,177.0,20.442857142857143,2.4307692307692306,4.556043956043956,0.5335262904003859,0.023076923076923078,0.11098901098901098,0.2079207920792079,2.4076923076923076,4.445054945054945,0.5416563658838072,0.536058851905451,1.0043956043956044,1.39010989010989,0.7225296442687748,1.9406593406593406,3.2252747252747254,5.165934065934066,1.031868131868132,0.4901098901098901,0.5153846153846153,0.9648351648351648,2.754945054945055,5.889010989010989,18603.0,2212,4146,21.0,101.0,2191.0,4045.0,914,1265,1766.0,2935.0,4701.0,939,446.0,469.0,878.0,2507.0,5359,0.0,13.220604203623072,0.5742702252324895,0.025250443476858574,0.3074511100360157,11.12079772079772,17.88893726818255,14.552572165779713,7.565709831747568,1.2423318819545235,1.8995753373111866,16.09803795086814,13.390834811589526,26.6,18.0,44.4,0.11471504596032897,-1.3804762672687203,0.059737676718808794,-1.336381228834059,3.1999999999999993,6.120840724614309,11.473359135623285,0.048701822286727946,0.25195398591625,6.064865881847013,11.18161586840832,2.533516099553835,3.4965489437187554,4.879884964790625,8.107439660269849,12.987324625060475,2.575090039240983,1.2423318819545235,1.307230016663979,2.4095629737139173,6.951029403859592,14.842966188249205,115.08143847766489,107.26049561898618,0.0,0.0,0.8051389560823523,38.597161748105144,60.78922754394453,3.207864322958663,4.379970972423804,301.0,232.0,1405.0,178.0,584.0,175.0,2133.0,149.0,398.0,6.129038327151534,0.5568285222813524,0.17770483255388914,0.07403558565822718,0.16569435037359564,0.025250443476858574,0.6666636026447347,0.403613879481804,0.3834364887383755,0.3626289308176101,0.6692310380046229,0.21561038542170619,0.10618255120141912,396.0,0.18367903026393592,0.03194613771972262,4.0,0.0,0,0,0,0.0,0.0,0.0037142857142857142,0,0,0,0,0,0,0,0,0,1,0,0.0,0,0.0,0,0.0,0,0.0,0,0.0,,,2005,2018,14,0.9747495565231414
Dwight Howard,howardw01,82,265.0,1985-12-08,,2005,2018,2004-11-03T00:00:00Z,True,14,NBA,"ORL, LAL, HOU, ATL, CHO",C,1035,1034.0,34.54492753623188,6.2743961352657,10.771014492753624,0.5825260136347327,0.005797101449275362,0.06086956521739131,0.09523809523809523,6.268599033816425,10.710144927536232,0.5852954442940911,0.5827951202009329,4.835748792270532,8.53816425120773,0.56636867715288,3.523671497584541,9.134299516908213,12.657971014492754,1.4792270531400966,0.9458937198067633,1.9777777777777779,2.940096618357488,3.228019323671498,17.390338164251208,35754.0,6494,11148,6.0,63.0,6488.0,11085.0,5005,8837,3647.0,9454.0,13101.0,1531,979.0,2047.0,3043.0,3341.0,17999,1.0,21.59083179504391,0.5981675337025227,0.0055354645634054945,0.7906556469206243,11.891779940705936,29.62039771773788,20.922979247077247,7.450950942551883,1.4083403255579794,4.383123566593948,16.869541869441186,22.876559266096105,58.99999999999999,69.50000000000001,128.49999999999997,0.172306483190692,1.0804161772109415,1.0828103149297978,2.1902192761649046,38.00000000000001,9.340443027353581,16.029786876992784,0.0,0.06737707669071992,9.340443027353581,15.953960396039605,7.225781730715444,12.734317838563516,5.226866923980533,13.584527605302904,18.818140627622086,2.1890026290764673,1.4083403255579794,2.96058063433462,4.383931867763048,4.800729988253063,25.91404877775913,110.01588633439616,99.4627174581865,0.0,0.0,0.0,13.161072886949713,86.83892711305029,4.0913939699054644,4.767167309951334,589.0,922.0,1538.0,717.0,3737.0,60.0,3670.0,833.0,950.0,3.5694076187279746,0.5898855792358898,0.3429812328690497,0.042990043072103815,0.018827823460312136,0.0055354645634054945,0.7153921519270572,0.41043623091122666,0.2690022654807854,0.31801320132013206,0.5755774458801812,0.33078816356211893,0.26163830620350165,2697.0,0.12512004251272582,0.07157241147843597,26.0,0.0,0,0,8,0.30850000000000005,0.3945714285714286,0.07142857142857142,4,5,10,5,6,8,11,1,1,1,0,0.08928571428571429,0,0.256,0,0.0,0,0.0016428571428571427,3,0.23157142857142857,,,2005,2022,14,0.9944645354365946
Andre Iguodala,iguodan01,78,215.0,1984-01-28,Arizona,2005,2018,2004-11-03T00:00:00Z,False,14,NBA,"PHI, DEN, GSW",SF,1040,766.0,34.09230769230769,4.510576923076923,9.707692307692307,0.4646394611727417,0.9048076923076923,2.7134615384615386,0.33345145287030475,3.605769230769231,6.994230769230769,0.5155347814132527,0.5112420760697306,2.6384615384615384,3.7028846153846153,0.7125421968319917,0.9528846153846153,4.219230769230769,5.172115384615385,4.427884615384615,1.5403846153846155,0.48173076923076924,1.978846153846154,1.8413461538461537,12.564423076923077,35456.0,4691,10096,941.0,2822.0,3750.0,7274.0,2744,3851,991.0,4388.0,5379.0,4605,1602.0,501.0,2058.0,1915.0,13067,9.0,15.816502143501806,0.5574519686371842,0.28988447653429605,0.37217864395306866,3.227445284296029,14.057516358303248,8.674103113718411,19.7653880866426,2.3098290839350173,1.104199571299639,14.946592960288806,17.59924131317689,48.4,44.3,92.3,0.12468905121841153,0.9868513086642602,1.3099813853790614,2.2840337319494584,38.300000000000004,6.838374323104692,14.706983303249098,1.3509561146209388,4.09329309566787,5.461521322202166,10.631613831227437,4.02292136732852,5.655372856498196,1.4364959386281588,6.359891132671479,7.7925372292418755,6.673476985559566,2.3098290839350173,0.7176810694945849,2.9929067012635375,2.7678841380866426,19.054312387184115,111.28866764440433,105.11611574909747,0.44418434115523464,32.035226759927795,64.74517712093864,2.909634476534296,0.0,3.809239620938628,4.377087093862817,1055.0,531.0,1017.0,169.0,1616.0,182.0,10213.0,288.0,327.0,13.296646547833936,0.33183949120036105,0.07405598488267148,0.08940819607400721,0.21472018840252707,0.28988447653429605,0.7124560582129964,0.32293171818592065,0.3366130415162455,0.38493620261732847,0.5333354016245488,0.8336374097472924,0.1507990749097473,1392.0,0.31761848488267147,0.3380892373646209,52.0,2.0,3,1,1,0.13435714285714281,0.0005714285714285715,0.06899999999999999,1,2,13,0,0,0,4,1,1,1,0,0.0,0,0.022,0,0.08921428571428572,0,0.002142857142857143,0,0.01892857142857143,,,2005,2023,14,0.710115523465704
Al Jefferson,jeffeal01,82,289.0,1985-01-04,,2005,2018,2004-11-03T00:00:00Z,False,14,NBA,"BOS, MIN, UTA, CHA, CHO, IND",C,915,651.0,28.74207650273224,6.733333333333333,13.490710382513662,0.4991088788075178,0.008743169398907104,0.07213114754098361,0.12121212121212122,6.724590163934426,13.418579234972677,0.5011402508551881,0.49943292287751134,2.2,3.096174863387978,0.7105541828450406,2.244808743169399,6.159562841530055,8.404371584699453,1.4721311475409835,0.6863387978142077,1.194535519125683,1.323497267759563,2.5650273224043714,15.675409836065574,26299.0,6161,12344,8.0,66.0,6153.0,12278.0,2013,2833,2054.0,5636.0,7690.0,1347,628.0,1093.0,1211.0,2347.0,14343,0.0,20.56491501578007,0.5282230503060953,0.00530191262025172,0.2344403589490095,8.962568918970303,25.085642039621277,16.90253621810715,9.721886763755275,1.2371497015095632,3.2584889159283628,8.274447697631087,25.43830183657173,37.199999999999996,33.699999999999996,70.99999999999999,0.12961074565572836,1.4666565268641392,-0.2584394843910416,1.225544697517016,21.200000000000003,12.141682193239285,24.3370888626944,0.017282025932544964,0.12257500285181945,12.126217726909767,24.214057568728848,3.971428571428571,5.5891706909007945,4.058082056351953,11.089109852085633,15.151188258108675,2.6746112019468424,1.2371497015095632,2.160945283090612,2.403323320278338,4.622871592075744,28.280904216890377,107.8501083691395,104.70451347959998,0.0,0.0,0.0,9.277196851591315,90.72280314840869,-3.7621658618198417,-2.340978744438952,348.0,481.0,1563.0,99.0,1469.0,104.0,3117.0,435.0,886.0,7.661644929464999,0.3286518498802236,0.3331958249363094,0.1945456861477623,0.13827134111563177,0.00530191262025172,0.658648047454276,0.46804517282025937,0.38810106848169124,0.3744333624852656,0.5418724286094528,0.31187497623483784,0.05257876725350775,582.0,0.05221346819270695,0.07574432487927298,15.0,0.0,0,0,0,0.0,0.030714285714285715,0.02092857142857143,0,0,0,0,0,1,6,0,1,1,0,0.0019285714285714286,0,0.0,0,0.0,0,0.018714285714285715,0,0.0,,,2005,2018,14,0.9946980873797482
Shaun Livingston,livinsh01,79,192.0,1985-09-11,,2005,2019,2004-11-03T00:00:00Z,False,14,NBA,"LAC, MIA, OKC, WAS, CHA, MIL, CLE, WAS, BRK, GSW",PG,833,191.0,20.633853541416567,2.5798319327731094,5.304921968787515,0.4863091197103417,0.015606242496998799,0.08763505402160865,0.1780821917808219,2.5642256902761105,5.217286914765906,0.49148642429820527,0.48778004073319753,1.1044417767106842,1.3913565426170469,0.7937877480586712,0.5894357743097239,1.7983193277310925,2.3877551020408165,2.9807923169267707,0.7034813925570228,0.37334933973589435,1.241296518607443,1.7983193277310925,6.279711884753902,17188.0,2149,4419,13.0,73.0,2136.0,4346.0,920,1159,491.0,1498.0,1989.0,2483,586.0,311.0,1034.0,1498.0,5231,0.0,12.48344775424715,0.5310876192692576,0.016566034442634398,0.2622588433791017,3.341942052594834,9.760518966720968,6.613393064929021,21.780928554805676,1.740598091691878,1.4232953223178961,17.2927391203165,15.631690714451944,14.0,16.2,29.900000000000002,0.08351402141028624,-1.5260181521992089,0.5226553409355364,-1.0040260646962995,4.4,6.356184547358622,13.095683034675355,0.03394228531533629,0.2197056085641145,6.324278566441703,12.887840353735163,2.7415231556900164,3.452513381428904,1.449447288806144,4.439574121480102,5.888102164300674,7.377495927391203,1.740598091691878,0.9188910868047477,3.0781300907609963,4.440854084244822,15.487869443798,106.78624621829184,107.69455434023737,63.424016755876195,35.79456597626251,0.8772981149639283,0.0,0.0,0.6431347451710498,-2.9475622527344663,569.0,233.0,684.0,112.0,519.0,75.0,5569.0,129.0,203.0,9.642372585524786,0.26861956015825,0.19898522224808007,0.3714155224575285,0.1443909122643705,0.016566034442634398,0.6473777053758435,0.44704828950430536,0.45093827088666505,0.39230707470328136,0.4486579008610659,0.5259017919478707,0.07699703281359087,308.0,0.3224372818245288,0.2274450197812427,12.0,0.0,3,0,0,0.0008571428571428572,0.0,0.0012142857142857144,0,0,1,0,0,0,0,0,0,1,0,0.0,0,0.0,0,0.0007857142857142856,0,0.0012142857142857144,0,0.0,,,2005,2019,14,0.9834339655573657
Jameer Nelson,nelsoja01,72,190.0,1982-02-09,Saint Joseph's,2005,2018,2004-11-03T00:00:00Z,False,14,NBA,"ORL, BOS, DAL, DEN, DET, NOP",PG,878,639.0,27.94874715261959,4.316628701594533,9.899772209567198,0.4360331339162448,1.3132118451025057,3.569476082004556,0.3679004467134652,3.003416856492027,6.330296127562642,0.47445124145376033,0.5023584905660378,1.3747152619589977,1.6981776765375853,0.8095238095238095,0.48519362186788156,2.4703872437357632,2.9555808656036446,5.134396355353076,0.8792710706150342,0.0774487471526196,2.0854214123006836,2.5,11.32118451025057,24539.0,3790,8692,1153.0,3134.0,2637.0,5558.0,1207,1491,426.0,2169.0,2595.0,4508,772.0,68.0,1831.0,2195.0,9940,0.0,14.455373079587593,0.5302189575777333,0.3661770243286197,0.16882142711601938,2.0239822323648067,9.99558254207588,6.064758140103508,30.12737682872163,1.6333143159867962,0.20958881780023633,16.497884999388727,20.718725294429277,27.700000000000003,20.599999999999998,48.3,0.0943374628142956,0.37309996332368883,-0.5099881820775092,-0.13031908390724958,11.599999999999998,8.018700843555157,18.369416031623132,2.4246709319858186,6.57497453033946,5.579807653123598,11.792998899710666,2.5685724764660334,3.186678348750968,0.8870858633196137,4.567745221891682,5.46473368922939,9.490708667834875,1.6333143159867962,0.15196625779371611,3.8770447043481813,4.612808182892539,21.027641713191247,106.72007824279719,108.41880272219731,98.58131953217328,1.4186804678267249,0.0,0.0,0.0,1.480101063613024,1.5614287460776723,1048.0,464.0,955.0,129.0,487.0,184.0,10495.0,116.0,449.0,15.580488202453239,0.24141941399405029,0.08468755858021924,0.07354374668894412,0.23394873466726435,0.3661770243286197,0.600095969680916,0.38732972003749133,0.3717263947186112,0.39709438037409833,0.2183108928644199,0.6653763804556013,0.00021810179713924774,1.0,0.1685921186682424,0.3920515505929337,14.0,1.0,0,0,1,0.0,0.0,0.02464285714285714,0,0,0,0,0,0,0,0,1,1,0,0.0,0,0.0,0,0.0,0,0.0025714285714285717,0,0.0,,,2005,2018,14,0.6338229756713802
J.R. Smith,smithjr01,78,225.0,1985-09-09,North Carolina A&T,2005,2018,2004-11-03T00:00:00Z,False,14,NBA,"NOH, NOK, DEN, NYK, CLE",SG,960,391.0,27.05625,4.527083333333334,10.795833333333333,0.41933616364338094,1.996875,5.341666666666667,0.37382995319812795,2.5302083333333334,5.454166666666667,0.46390374331550804,0.5118197607101506,1.5083333333333333,2.060416666666667,0.7320525783619818,0.5145833333333333,2.6625,3.1770833333333335,2.138541666666667,1.0020833333333334,0.209375,1.3541666666666667,2.2572916666666667,12.559375,25974.0,4346,10364,1917.0,5128.0,2429.0,5236.0,1448,1978,494.0,2556.0,3050.0,2053,962.0,201.0,1300.0,2167.0,12057,0.0,14.023119273119272,0.5351563871563871,0.505397743897744,0.18269507969507973,2.191183491183491,11.335905135905138,6.754650804650805,13.15970200970201,1.9021906521906522,0.6080850080850081,10.244991144991145,21.73346038346038,24.900000000000002,21.8,46.6,0.08611007161007161,0.6081196581196581,-0.3567375067375067,0.2428158928158928,14.8,8.599357049357048,20.532778932778935,3.777130977130977,10.111711711711713,4.8093247093247085,10.432605682605683,2.8799645799645806,3.9033456533456534,0.9827250327250329,5.063594363594363,6.036775236775237,4.072306922306923,1.9021906521906522,0.3979248479248479,2.58066143066143,4.273223223223224,23.860244860244862,105.87914837914838,108.48425348425349,1.9866019866019866,66.70882420882421,30.64117964117964,0.9496419496419496,0.0,2.485620235620236,1.075271425271425,629.0,400.0,1062.0,164.0,809.0,134.0,4783.0,191.0,355.0,17.9473357973358,0.1658290983290983,0.07797786247786248,0.05942376992376992,0.191495764995765,0.505397743897744,0.6048307153307152,0.34583521983521986,0.3508535843535843,0.41053372603372595,0.3643667898667899,0.8630745745745746,0.037879725879725885,346.0,0.18480769230769234,0.41923442673442674,57.0,0.0,1,0,0,0.002357142857142857,0.0,0.0185,0,0,1,0,0,0,0,0,0,1,0,0.0,0,0.002,1,0.08292857142857143,0,0.0017857142857142859,0,0.0,,,2005,2020,14,0.494602256102256
Anderson Varejão,varejan01,83,273.0,1982-09-28,,2005,2021,2004-11-04T00:00:00Z,False,14,NBA,"CLE, GSW, CLE",C,632,209.0,23.871835443037973,2.8607594936708862,5.617088607594937,0.5092957746478873,0.0015822784810126582,0.0680379746835443,0.023255813953488372,2.8591772151898733,5.549050632911392,0.5152552038779584,0.5094366197183099,1.514240506329114,2.401898734177215,0.6304347826086957,2.3908227848101267,4.7784810126582276,7.169303797468355,1.1661392405063291,0.8496835443037974,0.6439873417721519,0.9382911392405063,2.5838607594936707,7.237341772151899,15087.0,1808,3550,1.0,43.0,1807.0,3507.0,957,1518,1511.0,3020.0,4531.0,737,537.0,407.0,593.0,1633.0,4574,0.0,15.620017233379732,0.5431870484523099,0.011714257307615829,0.44182057400410946,11.520958441041955,23.30971034665606,17.398435739378275,7.684151918870551,1.8789222509445216,2.120898787035196,12.298992510108041,14.514747796115861,22.099999999999998,24.300000000000004,46.5,0.14753390336050903,-0.5598528534499901,0.8620202823622987,0.3019288128852655,8.8,6.301802876648771,12.362630078875853,0.0,0.13850997547557498,6.301802876648771,12.215085835487507,3.329773977596606,5.30982302644661,5.274826009146949,10.515516669980778,15.77000729104527,2.5524093590508388,1.8789222509445216,1.4004175780473254,2.0656658049976806,5.705355604162524,15.94894942665871,114.12209186717041,102.09332537946577,0.0,0.0,0.0,34.16259030953801,65.83740969046198,4.971134088950754,5.389454497249288,219.0,183.0,834.0,86.0,675.0,314.0,1683.0,163.0,283.0,6.130556107907469,0.5453552727513753,0.18462716245774508,0.1150833167627759,0.14316789288791676,0.011714257307615829,0.6282617485252204,0.35198124212898524,0.3554253330682044,0.3930039769337841,0.7040212765957446,0.1435673096042951,0.06207257904155895,196.0,0.08099025651222908,0.0,7.0,0.0,1,0,0,0.02142857142857143,0.0,0.002428571428571429,0,1,2,0,0,0,0,0,0,1,0,0.0,0,0.0,0,0.014785714285714286,0,0.0,0,0.0024999999999999996,,,2005,2021,14,0.9882881288526546
Luol Deng,denglu01,81,237.0,1985-04-16,Duke,2005,2018,2004-11-05T00:00:00Z,False,14,NBA,"CHI, CLE, MIA, LAL",SF,880,826.0,34.714772727272724,5.7625,12.657954545454546,0.4552473292036987,0.7318181818181818,2.202272727272727,0.3323013415892673,5.030681818181818,10.455681818181818,0.4811433539832627,0.4841547715234761,2.7477272727272726,3.5681818181818183,0.770063694267516,1.6386363636363637,4.492045454545455,6.130681818181818,2.3,0.9829545454545454,0.4954545454545455,1.6420454545454546,1.6761363636363635,15.004545454545454,30549.0,5071,11139,644.0,1938.0,4427.0,9201.0,2418,3140,1442.0,3953.0,5395.0,2024,865.0,436.0,1445.0,1475.0,13204,0.0,15.426020491669119,0.5268552162100234,0.18250964025009003,0.280066319683132,5.396084978231693,14.665484958591117,10.048495859111592,11.230115552063898,1.476748829748928,1.090929326655537,10.287462764738617,20.66143572621035,34.2,38.8,73.30000000000001,0.11501836393989981,0.7384889849094896,0.21701201348652985,0.9365347474549085,22.699999999999996,8.641438344954008,18.987626436217226,1.0978624504893777,3.3082915971062876,7.540495597237226,15.684778552489444,4.129716193656093,5.362990605257128,2.445736357982258,6.738924351042587,9.194857442142133,3.4534485580542733,1.476748829748928,0.7446397590755834,2.474882974892795,2.500078562309732,22.51684834200792,107.12930046810042,104.82735932436414,0.0,0.22652132639366265,75.67727257848047,23.90061867818914,0.3591934269534191,2.1959736816262394,2.2936037186159948,579.0,478.0,684.0,170.0,1371.0,144.0,4614.0,290.0,678.0,12.305640119152837,0.3101224262659989,0.12657039510294937,0.09037087957052604,0.2911627876526237,0.18250964025009003,0.640704867589774,0.3920142394186389,0.3278333824347769,0.38634305541916264,0.629900389538119,0.9447057841500541,0.03654086876820845,396.0,0.44742430194114374,0.39221889423549056,22.0,1.0,0,0,2,0.057,0.0017857142857142859,0.04064285714285714,0,1,5,0,0,0,4,1,1,1,0,0.0,0,0.002,0,0.0,0,0.005357142857142858,0,0.005857142857142858,,,2005,2019,14,0.8174903597499099
Andrew Bogut,bogutan01,84,260.0,1984-11-28,Utah,2006,2019,2005-11-01T00:00:00Z,False,14,NBA,"MIL, GSW, CLE, DAL, LAL, GSW",C,706,661.0,28.13314447592068,4.229461756373937,7.910764872521247,0.5346463742166517,0.00424929178470255,0.03541076487252125,0.12,4.2252124645892355,7.875354107648725,0.5365107913669065,0.5349149507609668,1.179886685552408,2.1175637393767706,0.557190635451505,2.4844192634560907,6.172804532577904,8.657223796033994,2.189801699716714,0.6260623229461756,1.545325779036827,1.7053824362606231,3.096317280453258,9.643059490084985,19862.0,2986,5585,3.0,25.0,2983.0,5560.0,833,1495,1754.0,4358.0,6112.0,1546,442.0,1091.0,1204.0,2186.0,6808,0.0,16.362662370355455,0.5502506293424629,0.004369398852079348,0.2561783304803142,9.955910784412445,25.24748766488773,17.530611217400057,12.240715939985902,1.1367032524418486,4.281784311751082,17.063785117309433,16.897346692176015,19.300000000000004,31.399999999999995,50.5,0.12223456852280737,-0.5128184472862753,1.695151545665089,1.1911287886416275,16.0,7.758473466921761,14.573567616554222,0.003957305407310443,0.05717450407813917,7.7545161615144504,14.4914761856812,2.188193535394221,3.9287030510522594,4.5378914510119825,11.264928003222234,15.802341153962342,3.9900010069479404,1.1367032524418486,2.810829725103212,3.127922666398147,5.652900010069479,17.72622595911791,107.85998388883294,102.30968683919042,0.0,0.0,0.0,9.468130097673951,90.53186990232605,2.8393263518276104,4.8140620279931525,521.0,285.0,1174.0,222.0,651.0,344.0,3535.0,157.0,350.0,3.8813110462189107,0.5646946933843521,0.33668573154767895,0.06333113483032927,0.030516362904037853,0.004369398852079348,0.6482936763669319,0.4281844728627529,0.32885001510421913,0.2949330379619374,0.5925716946933843,0.15325747658846037,0.13843631054274497,655.0,0.0,0.0,3.0,0.0,1,0,0,0.04092857142857143,0.01978571428571429,0.06771428571428571,0,1,5,0,0,1,4,1,1,1,0,0.0,0,0.157,0,0.0,0,0.011571428571428571,0,0.011214285714285715,,,2006,2019,14,0.9956306011479207
Chris Paul,paulch01,72,175.0,1985-05-06,Wake Forest,2006,2019,2005-11-01T00:00:00Z,False,14,NBA,"NOK, NOH, LAC, HOU",PG,950,950.0,35.10526315789474,6.486315789473684,13.823157894736843,0.46923545537618033,1.3347368421052632,3.606315789473684,0.37011091652072386,5.151578947368421,10.216842105263158,0.5042241912219246,0.5175144684739568,4.21578947368421,4.855789473684211,0.8681985692607848,0.6747368421052632,3.811578947368421,4.486315789473684,9.66421052631579,2.2336842105263157,0.12842105263157894,2.425263157894737,2.465263157894737,18.52315789473684,33350.0,6162,13132,1268.0,3426.0,4894.0,9706.0,4005,4613,641.0,3621.0,4262.0,9181,2122.0,122.0,2304.0,2342.0,17597,15.0,25.3136071964018,0.5797132233883059,0.2578992203898051,0.35548980509745126,2.2369295352323837,12.555565217391305,7.386383808095951,46.36412893553224,3.327301349325338,0.2950254872563719,13.216713643178412,23.97891454272864,126.60000000000002,44.800000000000004,171.49999999999997,0.24680638680659672,5.47423388305847,2.319814092953523,7.7972983508245886,82.4,9.633697151424288,20.503871064467766,1.9485697151424286,5.277427286356821,7.665577211394304,15.224578710644678,6.27672563718141,7.240668665667165,1.0049415292353825,5.633886056971514,6.648395802098951,14.343391304347826,3.327301349325338,0.1974302848575712,3.591796101949026,3.664791604197901,27.4616011994003,122.51466266866566,104.38824587706146,96.63208395802098,3.5377811094452776,0.0,0.0,0.0,7.051697151424287,10.86225487256372,1307.0,593.0,679.0,251.0,1123.0,237.0,21034.0,290.0,454.0,14.400476761619192,0.17586461769115438,0.15619937031484257,0.17876734632683655,0.23088947526236883,0.2578992203898051,0.6198637181409296,0.48396041979010496,0.4663799100449774,0.464176611694153,0.11196323838080961,0.49298818590704657,0.0034566716641679165,42.0,0.1017159220389805,0.3893183508245877,20.0,1.0,0,0,9,0.3965,0.41614285714285704,0.07142857142857142,7,9,14,4,7,8,13,1,1,1,0,0.11721428571428572,1,0.997,0,0.0,0,0.004714285714285714,0,0.013857142857142858,,,2006,2025,14,0.7421007796101949
José Calderón,caldejo01,75,200.0,1981-09-28,,2006,2019,2005-11-02T00:00:00Z,False,14,NBA,"TOR, DET, DAL, NYK, ATL, LAL, CLE, DET",PG,895,591.0,26.416759776536313,3.394413407821229,7.195530726256983,0.4717391304347826,1.0279329608938548,2.525139664804469,0.40707964601769914,2.3664804469273744,4.670391061452514,0.5066985645933014,0.5431677018633541,1.0335195530726258,1.1843575418994414,0.8726415094339622,0.33854748603351953,2.0614525139664805,2.4,5.75195530726257,0.8,0.07932960893854749,1.4960893854748603,1.6491620111731844,8.850279329608938,23643.0,3038,6440,920.0,2260.0,2118.0,4180.0,925,1060,303.0,1845.0,2148.0,5148,716.0,71.0,1339.0,1476.0,7921,2.0,15.811373345176161,0.5710458909613838,0.352341834792539,0.16451896967389926,1.4886266548238378,9.099462843124815,5.27793427230047,33.94186862919257,1.5723258469737342,0.24214355200270693,16.336310958846166,15.993076174766315,47.5,10.900000000000002,58.29999999999999,0.11826980501628388,1.6643953812967895,-0.7231823372668444,0.9744744744744744,17.699999999999996,6.699344414837374,14.192120289303388,2.012667597174639,4.953529585923952,4.665072114367889,9.217984181364464,2.059315653681851,2.337199171001988,0.6812164276953009,4.055521718902001,4.71850441991287,11.359222602884573,1.5723258469737342,0.15870659391786154,2.9347544727826422,3.2251617814998097,17.438755657065514,116.80675041238422,111.62559742841432,85.28219769064839,14.456118089920906,0.17032525483229707,0.0,0.0,-3.141826333375629,-1.8176711923190798,935.0,274.0,688.0,51.0,282.0,132.0,11560.0,62.0,246.0,17.009969124053633,0.18941695216343105,0.027348898193968612,0.07599983081673223,0.3549741572558474,0.352341834792539,0.6607192826629448,0.35923423423423423,0.4118675717971493,0.45887768049739874,0.25034230004652536,0.8351289176500445,0.00048471006217485095,3.0,0.1535921414372119,0.39906048301822944,10.0,1.0,0,0,0,0.0,0.0,0.0037142857142857142,0,0,0,0,0,0,0,0,0,1,0,0.0,0,0.0,0,0.00035714285714285714,0,0.005785714285714285,0,0.0,,,2006,2019,14,0.6476581652074609
Raymond Felton,feltora01,73,205.0,1984-06-26,UNC,2006,2019,2005-11-02T00:00:00Z,False,14,NBA,"CHA, DEN, NYK, POR, NYK, DAL, LAC, OKC",PG,971,659.0,29.690010298661175,4.2276004119464465,10.25643666323378,0.41218997891354553,0.952626158599382,2.897013388259526,0.32883043014575186,3.274974253347065,7.359423274974254,0.4450041981528128,0.45863038457676475,1.769309989701339,2.239958805355304,0.7898850574712644,0.568486096807415,2.384140061791967,2.952626158599382,5.248197734294542,1.1781668383110195,0.21318228630278063,2.067971163748713,1.925849639546859,11.177136972193615,28829.0,4105,9959,925.0,2813.0,3180.0,7146.0,1718,2175,552.0,2315.0,2867.0,5096,1144.0,207.0,2008.0,1870.0,10853,2.0,13.809119289604217,0.4970953900586216,0.28057133442020193,0.219348503243262,2.204093100697215,9.419327760241423,5.782205418155329,28.858083873876996,2.081109299663533,0.6056019979881371,15.477297166048077,20.41636546533005,16.4,24.0,40.30000000000001,0.06687307919109231,-0.22734746262444067,-0.3592805855215234,-0.5847722779146,10.0,7.390391619549759,17.961306323493705,1.650976447327344,5.028471330951472,5.739019737070311,12.91230705192688,3.1259114086510116,3.930250789135939,1.0008324950570604,4.176478545908634,5.17616289153283,9.206642616809464,2.081109299663533,0.3616427902459328,3.6266259669083216,3.3854313365014397,19.58167123382705,102.82888757848,108.73519719726664,83.30805785840647,16.886919421415936,0.019494259252835686,0.0,0.0,-0.15841687189982323,1.6683305005376534,1276.0,502.0,781.0,113.0,769.0,191.0,11803.0,168.0,509.0,13.976561795414339,0.2873142668840403,0.1125179853619619,0.06544032051059696,0.25389833154115654,0.28057133442020193,0.536147594436158,0.398944257518471,0.35666103576260016,0.392823476360609,0.22764997051580005,0.7789405112907141,0.002979187623573485,24.0,0.15966897915293626,0.37770123833639735,67.0,4.0,0,0,0,0.0012142857142857144,0.00035714285714285714,0.04928571428571428,0,0,1,0,0,0,1,0,1,1,0,0.0,0,0.126,0,0.0,0,0.0,0,0.0,,,2006,2019,14,0.719428665579798
Lou Williams,willilo02,74,175.0,1986-10-27,,2006,2019,2005-11-02T00:00:00Z,False,14,NBA,"PHI, ATL, TOR, LAL, HOU, LAC",SG,936,110.0,24.59188034188034,4.5576923076923075,10.836538461538462,0.42058562555456963,1.3247863247863247,3.799145299145299,0.34870641169853767,3.232905982905983,7.037393162393163,0.4593897069986337,0.48171152518978605,3.7745726495726495,4.5010683760683765,0.8385948255399952,0.38782051282051283,1.810897435897436,2.198717948717949,3.3055555555555554,0.8910256410256411,0.18269230769230768,1.669871794871795,1.3344017094017093,14.21474358974359,23018.0,4266,10143,1240.0,3556.0,3026.0,6587.0,3533,4213,363.0,1695.0,2058.0,3094,834.0,171.0,1563.0,1249.0,13305,1.0,18.460439655921448,0.553897384655487,0.3511368494221913,0.4155938396037884,1.7841993222695285,8.367095316708664,5.0666261186897215,22.27307324702407,1.850304109827092,0.5822921192110523,11.577595794595533,26.268563732730904,43.4,15.799999999999999,59.40000000000001,0.12407468068468155,2.6468546355026503,-0.8273220957511512,1.832235641671735,22.3,9.41615692067078,22.394886610478757,2.7306325484403513,7.821813363454687,6.678421235554783,14.5728516812929,7.793279172821269,9.30026935441828,0.8166130854114171,3.754279259709792,4.569280563037623,6.822834303588496,1.850304109827092,0.3962768268311756,3.4501259883569375,2.77923798766183,29.353644973498998,110.91437136154315,110.12724824050743,61.8413850030411,34.658528108436876,3.618863498131897,0.0,0.0,-0.1563819619428274,1.2757754800590841,924.0,393.0,545.0,109.0,1748.0,133.0,6904.0,329.0,633.0,14.723529411764703,0.22902059257972024,0.13321635241984534,0.1153182292119211,0.17122895125553916,0.3511368494221913,0.5915552176557477,0.3922335997914676,0.38280271961073936,0.39110652532800416,0.29453966461030495,0.6544343991658701,0.01643283517247372,144.0,0.21896998001563991,0.38760769832305153,21.0,2.0,0,0,0,0.0,0.00014285714285714287,0.0,0,0,0,0,0,0,1,0,0,0,0,0.0,0,0.0,3,0.23692857142857143,0,0.0020714285714285713,0,0.0,,,2006,2022,14,0.6488631505778087
Marvin Williams,willima02,80,237.0,1986-06-19,UNC,2006,2019,2005-11-02T00:00:00Z,False,14,NBA,"ATL, UTA, CHO",PF,1014,827.0,28.629191321499015,3.7564102564102564,8.486193293885602,0.44264962231260896,0.9763313609467456,2.700197238658777,0.36157779401022644,2.780078895463511,5.785996055226825,0.4804840634054883,0.5001743172574085,1.9861932938856015,2.462524654832347,0.8065678814577493,1.2287968441814596,4.060157790927022,5.288954635108481,1.294871794871795,0.777120315581854,0.539447731755424,0.9743589743589743,2.0236686390532546,10.47534516765286,29030.0,3809,8605,990.0,2738.0,2819.0,5867.0,2014,2497,1246.0,4117.0,5363.0,1313,788.0,547.0,988.0,2052.0,10622,0.0,13.672972786772306,0.5475237685153289,0.32218649672752325,0.28876548398208746,4.887633482604203,16.361705132621427,10.554223217361352,7.191271098863244,1.4104822597313122,1.508670341026524,9.180874956941095,16.769765759559075,35.199999999999996,27.4,62.59999999999999,0.10367723045125732,-0.20633482604202544,-0.161584567688598,-0.3688046848088184,11.9,6.821488115742335,15.393293145022392,1.753902859111264,4.807313124354117,5.076086806751636,10.57897003100241,3.639162934894936,4.5105614881157425,2.2371546675852567,7.343427488804685,9.568050292800551,2.3431243541164313,1.4104822597313122,0.9788253530830175,1.7788287977953843,3.68492593868412,18.992821219428176,111.08146744746814,107.95456424388564,0.0,0.3728901136755081,37.840716500172235,57.63964863933862,4.2188425766448505,-0.5861281433000343,0.4219049259386841,375.0,287.0,1002.0,196.0,999.0,94.0,2991.0,193.0,509.0,14.30166379607303,0.25612473303479166,0.12666737857388907,0.06375690664829486,0.23126079917326903,0.32218649672752325,0.6155961763692731,0.39588408542886666,0.3798641749913882,0.39974736479503964,0.6780118153634171,0.9755700310024111,0.04683048570444368,358.0,0.36327154667585254,0.3228132965897348,14.0,2.0,0,0,0,0.0,0.0,0.0185,0,0,0,0,0,0,0,0,1,1,0,0.0,0,0.0,0,0.0,0,0.0,0,0.0,,,2006,2020,14,0.6778135032724768
C.J. Miles,milescj01,78,220.0,1987-03-18,,2006,2019,2005-11-14T00:00:00Z,False,14,NBA,"UTA, CLE, IND, TOR, MEM",SF,838,303.0,20.430787589498806,3.4176610978520285,8.301909307875896,0.41167169757079203,1.4785202863961815,4.119331742243436,0.3589223638470452,1.9391408114558473,4.182577565632458,0.463623395149786,0.5007187005893344,1.2852028639618138,1.5871121718377088,0.8097744360902256,0.42840095465393796,1.9570405727923628,2.3854415274463006,1.0763723150357996,0.7052505966587113,0.29832935560859186,0.8591885441527446,2.120525059665871,9.599045346062052,17121.0,2864,6957,1239.0,3452.0,1625.0,3505.0,1077,1330,359.0,1640.0,1999.0,902,591.0,250.0,720.0,1777.0,8044,0.0,13.092769113953624,0.5336781730039133,0.4909165936569126,0.1902629519303779,2.4384849015828514,10.984142281408797,6.70036796916068,8.483400502307108,1.7845044097891478,1.1917820220781496,8.73097365808072,21.619543250978328,13.9,16.099999999999998,29.9,0.0842064715846037,-0.06900881957829566,-0.34628234332106766,-0.41401787278780444,6.800000000000001,8.551486478593539,20.778914783015015,3.666684189007652,10.260931020384323,4.8923661001109755,10.540178727878047,3.2454412709537994,3.971245838444016,1.0525144559313127,4.89789731908183,5.9657847088371,2.7064715846037033,1.7845044097891478,0.7461538461538463,2.144372408153729,5.316056305122365,24.05115355411483,105.53186145669062,108.05461129606915,0.2098008293908066,45.76794579755855,50.91875474563402,3.068278722037264,0.0,1.6578237252496932,1.107230886046376,367.0,180.0,942.0,95.0,574.0,71.0,1983.0,130.0,287.0,17.101921616727996,0.1867299807254249,0.09772186204076863,0.06288517025874657,0.16162922726476256,0.4909165936569126,0.6295226330237721,0.35034226972723553,0.3801828164242743,0.37171835757257166,0.588280941533789,0.9346240873780737,0.04395777115822674,256.0,0.20734016704631741,0.39098019975468723,25.0,0.0,0,0,0,0.0,0.0,0.0,0,0,0,0,0,0,0,0,0,0,0,0.0,0,0.0,0,0.0,0,0.0,0,0.0,,,2006,2022,14,0.5090834063430875
Amir Johnson,johnsam01,81,240.0,1987-05-01,,2006,2019,2006-01-24T00:00:00Z,False,14,NBA,"DET, TOR, BOS, PHI",PF,870,485.0,21.060919540229886,2.9402298850574713,5.160919540229885,0.5697104677060134,0.12298850574712644,0.3701149425287356,0.33229813664596275,2.817241379310345,4.7908045977011495,0.5880518234165067,0.5816258351893095,1.0103448275862068,1.5022988505747126,0.6725325172149962,1.9804597701149425,3.4126436781609195,5.393103448275862,1.2333333333333334,0.6022988505747127,0.964367816091954,1.071264367816092,2.9632183908045975,7.0137931034482754,18323.0,2558,4490,107.0,322.0,2451.0,4168.0,879,1307,1723.0,2969.0,4692.0,1073,524.0,839.0,932.0,2578.0,6102,0.0,15.846105987010864,0.6026851498117122,0.06977247175680837,0.29166724881296735,10.826240244501445,18.613715003001694,14.71642198329968,9.074349178627955,1.4549309610871584,3.632925830922884,15.551694591497027,14.78519893030617,32.0,23.099999999999998,55.3,0.14487736724335534,-0.7057959941057689,1.00169732030781,0.2959013262020412,10.6,7.20700758609398,12.634945150903237,0.298542815041205,0.8842547617748184,6.903121759537194,11.7646673579654,2.480472630027834,3.696861867598101,4.881831577798397,8.376701413523987,13.223173061179939,2.981285815641544,1.4549309610871584,2.374360093871091,2.626611362768106,7.271494842547618,17.17509141516127,117.06216230966545,105.01315286798014,0.0,0.0,0.8559733668067456,75.31070239589587,23.995852207607925,3.239082028052175,4.868973421382961,311.0,207.0,1289.0,262.0,592.0,84.0,2433.0,153.0,343.0,6.292299295966818,0.5258672706434535,0.2630419145336462,0.03605108333788135,0.10550231948916661,0.06977247175680837,0.7069955247503138,0.4545825465262238,0.3699368007422365,0.38943868362167766,0.6755810729684004,0.6729684003711183,0.12824990449162255,524.0,0.34662822681875244,0.26965131255798724,7.0,0.0,0,0,0,0.0,0.0,0.0,0,0,0,0,0,0,0,0,0,0,0,0.0,0,0.0,0,0.0,0,0.0,0,0.0,,,2006,2019,14,0.9302275282431917
Thabo Sefolosha,sefolth01,78,215.0,1984-05-02,,2007,2020,2006-10-31T00:00:00Z,False,14,NBA,"CHI, OKC, ATL, UTA, HOU",SG,869,475.0,21.935558112773304,2.2048331415420024,4.907940161104718,0.4492379835873388,0.5903337169159953,1.6904487917146145,0.34921715452688906,1.614499424626007,3.2174913693901037,0.501788268955651,0.5093786635404455,0.7468354430379747,1.0207134637514383,0.7316798196166855,0.7203682393555811,3.0218642117376295,3.742232451093211,1.3762945914844649,1.0759493670886076,0.42117376294591485,0.8688147295742232,1.6317606444188724,5.746835443037975,19062.0,1916,4265,513.0,1469.0,1403.0,2796.0,649,887,626.0,2626.0,3252.0,1196,935.0,366.0,755.0,1418.0,4994,0.0,11.440258105130626,0.5390069772321897,0.3524354737173434,0.20861027174483265,3.7909663204280775,15.205629000104924,9.660707166089603,9.229052565313188,2.4915328926660365,1.5174640646312034,13.886145210366173,12.660523554716189,10.7,28.4,39.300000000000004,0.09891627321372365,-1.4010124855733923,1.9630311614730875,0.5619294932326093,12.5,5.110722904207323,11.346715979435526,1.3601878082048051,3.907795614311195,3.744161158325465,7.45211415381387,1.728354842094219,2.3669656909033687,1.6695834644843142,6.979068303430908,8.641207638233132,3.186491448956038,2.4915328926660365,0.9736334067778828,2.0162522295666774,3.7898069457559544,13.275296401217078,106.8525338369531,103.39392508655965,0.1366068618193264,47.24871472038611,44.994753960759624,7.046742209631728,0.36596369740845663,3.858115622704858,-0.0749659007449376,341.0,214.0,666.0,84.0,378.0,54.0,2727.0,71.0,247.0,13.30834120239219,0.3410809463854789,0.07448803903053196,0.06336874409820585,0.16873775049837372,0.3524354737173434,0.6390453257790368,0.34788170181512956,0.37161530794250336,0.35163943972300915,0.637067831287378,0.9637989193159165,0.048421047109432375,187.0,0.49243211625222966,0.3770890252859091,7.0,1.0,0,0,0,0.04871428571428572,0.0,0.0012142857142857144,0,1,5,0,0,0,0,0,0,1,0,0.0,0,0.0,0,0.0,0,0.0,0,0.002857142857142857,,,2007,2020,14,0.6475645262826566
Rudy Gay,gayru01,80,250.0,1986-08-17,UConn,2007,2020,2006-11-01T00:00:00Z,False,14,NBA,"MEM, TOR, SAC, SAS",SF,946,777.0,33.1384778012685,6.490486257928119,14.246300211416491,0.4555910069006455,1.03276955602537,2.9788583509513744,0.3466997870830376,5.457716701902749,11.267441860465116,0.4843793976920912,0.49183794613044446,3.097251585623679,3.8773784355179703,0.7988004362050164,1.3921775898520083,4.501057082452431,5.893234672304439,2.197674418604651,1.2071881606765327,0.7621564482029598,2.2156448202959833,2.3742071881606766,17.110993657505286,31349.0,6140,13477,977.0,2818.0,5163.0,10659.0,2930,3668,1317.0,4258.0,5575.0,2079,1142.0,721.0,2096.0,2246.0,16187,0.0,16.70737822578073,0.5362143290057099,0.2091346135442917,0.2715811030654885,4.808360713260391,15.592529267281252,10.190219783725158,11.346786181377395,1.8674152285559347,1.8302338192605825,12.169233468372196,24.50071772624326,26.5,30.500000000000004,56.8,0.08724083702829435,0.9275670675300647,-0.16837857666911224,0.7692302784777824,21.999999999999996,10.000178634087213,21.971877890841814,1.5900858081597502,4.57944751028741,8.414912756387762,17.389199017512524,4.7780662860059335,5.973724839707805,2.157765797952088,6.902507257009792,9.045302880474654,3.367523684966028,1.8674152285559347,1.1756834348783058,3.4194743054004904,3.6535583272193684,26.365131264155153,104.76244856295257,107.79996172126702,0.0,0.3612236434974002,68.88844939232511,30.160611183769817,0.6543111423011898,-1.0599125968930427,1.0893010941337842,853.0,778.0,1051.0,229.0,1596.0,106.0,4696.0,326.0,776.0,12.484162174232035,0.2520762703754506,0.1864920412134358,0.16148875562218892,0.191026412325752,0.2091346135442917,0.6333598838878431,0.4133179048773486,0.4475280232224313,0.39321496698459285,0.37154320711984434,0.8278427382053655,0.08628881304028835,1006.0,0.2174267440747711,0.37341258094357077,44.0,1.0,0,0,0,0.0,0.0017142857142857146,0.048,0,0,0,0,0,0,3,1,1,1,0,0.0,0,0.145,0,0.0,0,0.019071428571428573,0,0.0,,,2007,2023,14,0.7908653864557085
Kyle Lowry,lowryky01,72,196.0,1986-03-25,Villanova,2007,2020,2006-11-01T00:00:00Z,False,14,NBA,"MEM, HOU, TOR",PG,914,678.0,31.59628008752735,4.719912472647702,11.157549234135667,0.42302412237693665,1.8555798687089715,5.072210065645514,0.365832614322692,2.8643326039387307,6.085339168490153,0.47069399496583963,0.5061776818984115,3.4540481400437635,4.2680525164113785,0.8092796718790054,0.8052516411378556,3.512035010940919,4.317286652078774,6.189277899343545,1.3544857768052516,0.2921225382932166,2.324945295404814,2.7242888402625822,14.74945295404814,28879.0,4314,10198,1696.0,4636.0,2618.0,5562.0,3157,3901,736.0,3210.0,3946.0,5657,1238.0,267.0,2125.0,2490.0,13481,16.0,18.361477197963918,0.5638119740988262,0.44462516015097475,0.3906991585581218,2.9000727171993494,12.59943903874788,7.763842238304649,30.57685169154057,2.1946293154195087,0.7469441462654524,15.275650126389419,21.74995325322899,63.199999999999996,30.900000000000002,94.1,0.15648994078742337,2.65291041933585,0.5908480210533605,3.2392776758197996,38.3,7.603912877869732,17.95154610616711,2.976526195505384,8.118975726306312,4.624249454621006,9.841705045188544,5.568039059524222,6.879805394923647,1.3086533467225319,5.649007929637454,6.93343259808165,9.932258734720731,2.1946293154195087,0.47381142006302157,3.729865992589771,4.385505038263098,23.737650195643898,114.49797430658957,107.27144291699851,92.76633539942519,7.233664600574812,0.0,0.0,0.0,4.326694137608643,4.463399009661001,1245.0,468.0,971.0,208.0,1503.0,464.0,12925.0,300.0,630.0,15.652983136535196,0.24676522732781608,0.121749437307386,0.06542868520378127,0.12169012084905988,0.44462516015097475,0.6096967346514768,0.3723829772499047,0.36553918071955405,0.3647366252294055,0.24783167699712594,0.6715794175698605,0.0003745628311229613,2.0,0.15153433290626406,0.38325288271754565,42.0,2.0,1,0,6,0.02885714285714286,0.024857142857142855,0.0,0,0,6,0,0,1,6,0,0,0,0,0.00035714285714285714,0,0.0,0,0.00014285714285714287,0,0.0115,0,0.00028571428571428574,,,2007,2025,14,0.5553748398490254
Paul Millsap,millspa01,79,257.0,1985-02-10,Louisiana Tech,2007,2020,2006-11-01T00:00:00Z,False,14,NBA,"UTA, ATL, DEN",PF,996,709.0,29.07730923694779,5.23995983935743,10.684738955823294,0.4904153354632588,0.4859437751004016,1.4156626506024097,0.3432624113475177,4.754016064257028,9.269076305220883,0.5128899480069324,0.5131554219131742,3.0090361445783134,4.0843373493975905,0.7367256637168141,2.2349397590361444,5.091365461847389,7.326305220883534,2.2600401606425704,1.2710843373493976,1.0,1.7660642570281124,3.0823293172690764,13.974899598393574,28961.0,5219,10642,484.0,1410.0,4735.0,9232.0,2997,4068,2226.0,5071.0,7297.0,2251,1266.0,996.0,1759.0,3070.0,13919,1.0,18.91803459825282,0.5607052242671178,0.1251266185559891,0.3858355719761058,8.961948827733849,20.039159559407477,14.538817720382584,12.707703463278204,2.233966368564621,2.813545802976417,12.40576637547046,21.94086530161251,48.10000000000001,43.6,91.5,0.15197489727564653,0.9590656399986189,1.0482407375435934,2.0179068402334175,29.299999999999994,9.195196989054244,18.732208832567935,0.8430958875729428,2.436587134422154,8.355609267635785,16.30763095196989,5.274904181485446,7.149739304582026,3.9227927212458122,8.937384758813577,12.85938330858741,3.951489934739823,2.233966368564621,1.7504229826318152,3.0926349228272505,5.415275715617554,24.491712993335867,111.42522702945341,103.32467801526191,0.0,0.0,3.445979075308173,91.86381685715273,4.748972756465592,4.609623286488726,5.512509927143399,655.0,550.0,1650.0,306.0,1835.0,125.0,5247.0,398.0,816.0,8.867566727668242,0.3987347467283588,0.21400980629121924,0.12754939401263768,0.13454904872069334,0.1251266185559891,0.6499310106695212,0.3983796830219951,0.38927233175650006,0.3801475087186216,0.617202375608577,0.7515649321501329,0.059409343600013806,529.0,0.15498339145747733,0.30934332378025625,11.0,2.0,0,0,4,0.04342857142857143,0.01807142857142857,0.04435714285714286,0,1,5,0,0,0,6,0,1,1,0,0.0,0,0.03,0,0.0019285714285714288,0,0.009571428571428573,0,0.002285714285714286,,,2007,2022,14,0.8748733814440112
Rajon Rondo,rondora01,73,180.0,1986-02-22,Kentucky,2007,2020,2006-11-01T00:00:00Z,False,14,NBA,"BOS, DAL, SAC, CHI, NOP, LAL",PG,873,729.0,31.04581901489118,4.2646048109965635,9.306987399770906,0.45821538461538464,0.43757159221076747,1.3825887743413516,0.31648715824357915,3.8270332187857963,7.9243986254295535,0.4829430471234461,0.4817230769230769,1.2382588774341352,2.042382588774341,0.6062815479528884,1.004581901489118,3.72737686139748,4.731958762886598,8.264604810996564,1.6620847651775488,0.13172966781214204,2.7938144329896906,2.1626575028636883,10.205040091638029,27103.0,3723,8125,382.0,1207.0,3341.0,6918.0,1081,1783,877.0,3254.0,4131.0,7215,1451.0,115.0,2439.0,1888.0,8909,32.0,16.040423569346565,0.49949976017415043,0.1446605172859093,0.22332881968785742,3.8415968711950708,13.464616463122166,8.745179500424307,40.92817031324946,2.7499465003874115,0.3369959045124156,21.461753311441537,18.970309559827324,19.6,40.300000000000004,59.7,0.10590820204405416,0.3555621148950303,0.9825111611260746,1.3555694941519392,22.999999999999996,7.024927129838026,15.295446998487252,0.6994391764749289,2.191041582112681,6.323775965760249,13.09695974615356,2.0644467402132602,3.400671512378704,1.6694461867689927,6.105988266981515,7.769756115559165,13.563074198428218,2.7499465003874115,0.21231597978083605,4.573150573737225,3.554990222484596,16.81290632033354,104.16086780061248,103.53027340146848,90.4787292919603,9.521270708039701,0.0,0.0,0.0,2.487658192819984,0.8234143821717153,1649.0,425.0,571.0,160.0,682.0,197.0,16310.0,153.0,577.0,9.823945688669152,0.4143326937977346,0.17426808840349778,0.07130369331808287,0.19524381064826776,0.1446605172859093,0.6001374755562114,0.35661225694572557,0.3570792532192008,0.3770098882042579,0.267753459026676,0.6028241523078627,0.010529904438623033,76.0,0.246311293952699,0.300774342323728,16.0,0.0,2,0,4,0.18142857142857144,0.030928571428571427,0.012285714285714285,2,4,7,0,0,1,5,0,1,1,0,0.001,0,0.005,0,0.0,0,0.013642857142857142,0,0.012857142857142857,,,2007,2022,14,0.8553394827140908
P.J. Tucker,tuckepj01,77,245.0,1985-05-05,Texas,2007,2025,2006-11-01T00:00:00Z,False,14,NBA,"TOR, PHO, TOR, HOU, MIL, MIA, PHI, LAC, NYK",PF,886,667.0,28.208803611738148,2.405191873589165,5.663656884875847,0.42467118373854124,0.9932279909706546,2.7133182844243793,0.36605657237936773,1.4119638826185101,2.950338600451467,0.47857689364957917,0.5123555201275408,0.8137697516930023,1.0846501128668171,0.7502601456815817,1.471783295711061,3.9209932279909707,5.3927765237020315,1.3826185101580135,1.064334085778781,0.29683972911963885,0.9209932279909706,2.4288939051918734,6.6173814898419865,24993.0,2131,5018,880.0,2404.0,1251.0,2614.0,721,961,1304.0,3474.0,4778.0,1225,943.0,263.0,816.0,2152.0,5863,0.0,9.85049413835874,0.5398776057296042,0.5077844596487017,0.17960749009722723,5.748997719361421,15.50051614452047,10.591649661905334,6.814760132837194,1.8458368343136078,0.8745368703236904,13.196006881926941,10.890781418797262,18.499999999999996,24.999999999999996,43.300000000000004,0.08328491977753769,-1.6868243108070258,0.7220741807706157,-0.9828912095386707,6.3999999999999995,4.192557916216541,9.898935701996558,1.7236466210538957,4.7161645260673,2.478229904373224,5.1750250070019606,1.410654983395351,1.88720841835714,2.562361461209139,6.832036970351699,9.384479654303204,2.4215260272876407,1.8458368343136078,0.5305805625575162,1.6088184691713678,4.224366822710359,11.54666506621854,111.22710358900493,109.50262073380547,0.0,9.036210138838875,41.11035089825151,44.49313807866203,5.623974712919617,1.1583883487376463,0.8548033449365822,358.0,113.0,971.0,160.0,338.0,224.0,2965.0,69.0,284.0,14.960929060136838,0.24893838274716923,0.1421942944024327,0.04165930460528948,0.05937518505181451,0.5077844596487017,0.5627241227543712,0.3791450806225743,0.37908502380666587,0.39658248309526667,0.5908275917256832,0.968168127075581,0.010266434601688473,53.0,0.7587066778698035,0.37783495378706033,5.0,0.0,1,0,0,0.03492857142857143,0.0,0.0,0,0,7,0,0,0,0,0,0,0,0,0.0,0,0.0,0,0.0,0,0.0,0,0.0007142857142857143,0,0.0,2007,2025,14,0.4922155403512983
J.J. Barea,bareajo01,70,180.0,1984-06-26,Northeastern University,2007,2020,2006-11-04T00:00:00Z,False,14,NBA,"DAL, MIN, DAL",PG,831,108.0,19.59927797833935,3.407942238267148,8.044524669073406,0.4236350037397158,0.9855595667870036,2.8038507821901324,0.35150214592274676,2.422382671480144,5.240673886883273,0.46222732491389207,0.4848915482423336,1.121540312876053,1.4127557160048134,0.7938671209540034,0.30445246690734057,1.799037304452467,2.1034897713598073,3.935018050541516,0.3983152827918171,0.02888086642599278,1.5210589651022863,1.4055354993983153,8.922984356197352,16287.0,2832,6685,819.0,2330.0,2013.0,4355.0,932,1174,253.0,1495.0,1748.0,3270,331.0,24.0,1264.0,1168.0,7415,1.0,14.52689261374102,0.5152813900656965,0.3449513108614232,0.17641106403880394,1.7483637256707802,10.390341990544607,6.0372689875360726,33.17254865843925,1.034106956468349,0.1171486461595137,14.899938601338492,23.449585559034816,13.700000000000001,10.199999999999998,23.8,0.07029588014981272,0.6730337078651686,-1.382354024682262,-0.7093203168170934,5.3999999999999995,8.883385522195615,20.95444833302634,2.5652606373181066,7.302191932215878,6.31812488487751,13.663627432921965,2.935709461533738,3.686639651255603,0.8014183090808621,4.6763001166574565,5.482753115982071,10.24140725732179,1.034106956468349,0.07992877755264936,3.971959231288758,3.6853379996316087,23.2618714312028,104.48934733222816,110.60704856634125,95.01031497513354,5.087922883281144,0.0,0.0,0.0,0.1756001719162521,-1.1234911278934117,770.0,330.0,381.0,84.0,479.0,400.0,7424.0,113.0,386.0,13.406311782403142,0.27684748572481116,0.1724463068705102,0.09477706146006017,0.11100706084607356,0.3449513108614232,0.5736564130901948,0.3543249831153681,0.4092331307177503,0.39413888377233375,0.1599937373365261,0.5590547062074047,0.0,0.0,0.12169466445631487,0.3605845766562289,14.0,0.0,1,0,0,0.0,0.0,0.0,0,0,0,0,0,0,0,0,0,0,0,0.0,0,0.0,0,0.0007142857142857143,0,0.00014285714285714287,0,0.0,,,2007,2020,14,0.6550486891385767
LaMarcus Aldridge,aldrila01,83,250.0,1985-07-19,Texas,2007,2020,2006-11-12T00:00:00Z,False,14,NBA,"POR, SAS",PF,1003,962.0,34.414755732801595,7.89531405782652,16.06979062811565,0.4913140588162303,0.1814556331006979,0.5822532402791625,0.3116438356164384,7.713858424725823,15.48753738783649,0.49806875241405946,0.4969599205856806,3.5682951146560318,4.400797607178465,0.810829179882193,2.675972083748754,5.659022931206381,8.334995014955135,1.9790628115653042,0.7308075772681955,1.1076769690927217,1.5672981056829511,2.465603190428714,19.54037886340977,34518.0,7919,16118,182.0,584.0,7737.0,15534.0,3579,4414,2684.0,5676.0,8360.0,1985,733.0,1111.0,1572.0,2473.0,19599,0.0,20.835543774262703,0.5426099716090155,0.03512312416710123,0.27354956834115535,8.95687177704386,18.8541369720146,13.91461845993395,10.31879019641926,1.1268758328987774,2.5603047685265663,8.038006257604728,25.919682484500843,70.2,41.099999999999994,111.3,0.15505472507097748,2.040570137319659,-0.31408250767715395,1.7243322324584274,32.5,11.941763717480734,24.32976707804624,0.26982154238368383,0.8601946810359812,11.687131351758502,23.48492380786836,5.391303088243815,6.652355292890665,4.076035691523264,8.535051277594299,12.614543136914074,2.9821976939567763,1.1268758328987774,1.6626368851034243,2.360950808273944,3.7423518164435947,29.560252621820496,112.46016571064372,106.14421461266585,0.0,0.0,0.0,60.4139869053827,39.736803986325974,4.074966684048903,5.208746161423026,393.0,564.0,1419.0,345.0,2022.0,86.0,4847.0,471.0,534.0,10.922721478648821,0.2475960658207313,0.20421484442899357,0.2086829480271163,0.30457474361202846,0.03512312416710123,0.7029402340807694,0.4469559070629816,0.4159590358653456,0.4227431195318385,0.5708212526797611,0.7557523610869693,0.06172136276725187,866.0,0.2785209166232111,0.23844759256040327,18.0,0.0,0,0,7,0.0013571428571428573,0.1435,0.045571428571428575,0,0,3,0,2,5,10,1,1,1,0,0.002285714285714286,0,0.028,0,0.0,0,0.034499999999999996,0,0.00014285714285714287,,,2007,2022,14,0.9648768758328986
JJ Redick,redicjj01,75,200.0,1984-06-24,Duke,2007,2020,2006-11-25T00:00:00Z,False,14,NBA,"ORL, MIL, LAC, PHI, NOP",SG,896,488.0,25.938616071428573,4.356026785714286,9.719866071428571,0.4481570788839132,2.1026785714285716,5.051339285714286,0.41626159964648696,2.2533482142857144,4.668526785714286,0.48266794166865884,0.5563210471925594,2.244419642857143,2.5200892857142856,0.8906111603188662,0.1875,1.8649553571428572,2.052455357142857,2.021205357142857,0.4564732142857143,0.09486607142857142,1.1205357142857142,1.5256696428571428,13.059151785714286,23241.0,3903,8709,1884.0,4526.0,2019.0,4183.0,2011,2258,168.0,1671.0,1839.0,1811,409.0,85.0,1004.0,1367.0,11701,0.0,15.027404156447659,0.601329934168065,0.5185019577470849,0.2632777419216041,0.8209113205111656,7.870642399208295,4.4159588657975135,12.353702508497912,0.874024353513188,0.3054128479841659,9.437640376920097,20.485396497568953,47.6,15.4,63.0,0.13034985585818168,1.8058345165870664,-1.0203304504969668,0.784527343918076,16.4,8.431625145217504,18.78816746267372,4.05855600017211,9.738079256486381,4.362966309539177,9.05212340260746,4.343728755217073,4.8961791661288245,0.3754571662148788,3.6076502732240443,3.980336474334151,3.9289316294479586,0.874024353513188,0.17679101587711368,2.1644851770577858,2.9578761671184544,25.22379845961878,116.70784389656211,110.650488361086,9.319263370767178,86.08545243319995,4.5705434361688395,0.06802633277397703,0.0,5.342188373994234,4.4892388451443574,514.0,268.0,701.0,76.0,702.0,194.0,4240.0,136.0,220.0,19.541297706639128,0.09955307430833442,0.052980035282474934,0.05929800783098834,0.27007082311432384,0.5185019577470849,0.6167982875091435,0.437016221332989,0.40581110967686423,0.457688438535347,0.7241169915236004,0.9109896734219699,0.0,0.0,0.1880264618562024,0.4746316423561808,2.0,0.0,0,0,0,0.0,0.0,0.0,0,0,0,0,0,0,0,0,0,0,0,0.0,0,0.0,0,0.00028571428571428574,0,0.0005,0,0.0,,,2007,2021,14,0.4816004044576395
Kevin Durant,duranke01,83,240.0,1988-09-29,Texas,2008,2022,2007-10-31T00:00:00Z,False,14,NBA,"SEA, OKC, GSW, BRK",SF,939,936.0,36.75079872204473,9.282215122470713,18.71884984025559,0.4958752915742163,1.8849840255591055,4.9105431309904155,0.38386467143786596,7.397231096911608,13.808306709265176,0.5357087768008638,0.5462251806337828,6.73482428115016,7.617678381256656,0.884104571508458,0.7018104366347178,6.3759318423855165,7.077742279020234,4.293929712460064,1.0873269435569755,1.1054313099041533,3.1565495207667733,1.9179978700745475,27.184238551650694,34509.0,8716,17577,1770.0,4611.0,6946.0,12966.0,6324,7153,659.0,5987.0,6646.0,4032,1021.0,1038.0,2964.0,1801.0,25526,16.0,25.272430380480454,0.615244950592599,0.26060726187371414,0.4077383001535831,2.2239937407632793,18.605943377090036,10.784850328899704,20.38669912196818,1.479677765220667,2.335651569155873,12.494216001622764,30.244371033643397,111.2,43.8,155.2,0.2158025442638152,6.0392767104233664,0.7286302124083572,6.774389289750499,76.6,12.626085948593122,25.49011272421687,2.5571561042047004,6.679147468776261,10.076400359326552,18.828027471094497,9.178365064186153,10.41652032803037,0.9723840157640036,8.679483612970529,9.638465327885479,5.8083195688081375,1.479677765220667,1.4934393926222147,4.297899098785823,2.609490277898519,37.01423686574517,117.63806543220609,105.84169347126837,0.0,9.477063954330754,55.45025935263265,31.190501028717147,3.976006259236721,5.838934770639543,5.556959054159784,1313.0,1078.0,956.0,311.0,2795.0,95.0,9347.0,586.0,615.0,14.07625836738242,0.21122460807325627,0.12362262018603842,0.1964288736271697,0.20830183430409457,0.26060726187371414,0.7406194326117823,0.4509647917934453,0.45909223680778927,0.4565258048624996,0.4921270103451274,0.7428036744037785,0.08052186386160133,1357.0,0.06849871048132371,0.40784546060448,9.0,0.0,2,2,12,0.020642857142857147,0.5782142857142858,0.07021428571428572,0,0,8,6,10,10,12,1,1,1,1,0.22928571428571426,1,0.872,0,0.0,0,0.022571428571428576,0,0.001,,,2008,2025,14,0.7393927381262859
Jeff Green,greenje02,80,235.0,1986-08-28,Georgetown,2008,2022,2007-10-31T00:00:00Z,False,14,NBA,"SEA, OKC, BOS, MEM, LAC, ORL, CLE, WAS, HOU, UTA, BRK, DEN",PF,1051,647.0,28.984776403425307,4.581351094196004,10.219790675547099,0.44828228284144866,1.0361560418648905,3.0570884871550903,0.3389355742296919,3.5451950523311133,7.162702188392007,0.494952178533475,0.49897588678893956,2.450999048525214,3.042816365366318,0.8055034396497811,0.8639391056137012,3.4196003805899142,4.283539486203615,1.5461465271170314,0.6841103710751665,0.5128449096098954,1.4091341579448144,2.160799238820171,12.649857278782113,30463.0,4815,10741,1089.0,3213.0,3726.0,7528.0,2576,3198,908.0,3594.0,4502.0,1625,719.0,539.0,1481.0,2271.0,13295,0.0,13.205134097101404,0.5495043167120769,0.3006408758165644,0.29900613859436037,3.3780192364507764,13.266805633063061,8.34854413550865,8.372313954633489,1.1793191740800317,1.4100876473098511,10.817939795817878,19.911545153136593,25.099999999999998,25.199999999999996,50.400000000000006,0.07924688966943505,-0.6595870400157569,-0.7139907428683977,-1.382345796540065,4.8,7.969881495584809,17.807116830253094,1.796198667235663,5.2990480254735255,6.192879887076126,12.512766306667105,4.263368676755408,5.304556347043955,1.5064241867183141,5.943981223123132,7.454229721301251,2.6816925450546565,1.1793191740800317,0.8947707054459507,2.4593080129993767,3.7516068673472733,22.00480254735253,107.251551061944,109.98388208646554,0.0,0.0,40.246233135278864,53.068410859074945,6.6532514854085285,-2.518025145258182,-3.571289761349834,498.0,468.0,1194.0,255.0,1553.0,197.0,3793.0,343.0,576.0,12.608403637199224,0.30082897285231264,0.17431825493221287,0.087967435905853,0.1360918819551587,0.3006408758165644,0.6641797590519647,0.39319751830088956,0.3602560483209139,0.348009979319174,0.5440379476742279,0.9448283163181564,0.06984499228572366,660.0,0.3643181564520895,0.38284010110626,59.0,0.0,0,0,0,0.0,0.0,0.05292857142857143,0,0,0,0,0,0,0,1,1,1,0,0.0,0,0.0,0,0.0,0,0.00014285714285714287,0,0.0,,,2008,2025,14,0.6993591241834356
Jared Dudley,dudleja01,78,237.0,1985-07-10,Boston College,2008,2021,2007-11-02T00:00:00Z,False,14,NBA,"CHA, PHO, LAC, MIL, WAS, PHO, BRK, LAL",PF,904,286.0,22.253318584070797,2.663716814159292,5.748893805309734,0.46334423705984223,0.9767699115044248,2.4856194690265485,0.3929684023141967,1.6869469026548674,3.2632743362831858,0.5169491525423728,0.5482970944775832,1.0331858407079646,1.4115044247787611,0.731974921630094,0.8904867256637168,2.2610619469026547,3.1515486725663715,1.5420353982300885,0.7853982300884956,0.1847345132743363,0.8440265486725663,1.8097345132743363,7.337389380530974,20117.0,2408,5197,883.0,2247.0,1525.0,2950.0,934,1276,805.0,2044.0,2849.0,1394,710.0,167.0,763.0,1636.0,6633,0.0,12.554401749763882,0.5744864542426803,0.44385002734006057,0.24136014316249935,4.582900034796441,11.401078689665455,7.980489138539544,10.176959785256251,1.7767460356912061,0.6326639160908683,11.876194263558185,14.36802704180544,27.800000000000008,15.099999999999998,42.79999999999999,0.10249043097877421,-0.15289556096833523,0.30456827558781124,0.1708455535119551,11.1,6.036695332306009,13.009146493015855,2.190604960978277,5.5789580951434115,3.848531093105334,7.425227419595367,2.353864890391211,3.2194611522592833,2.0292439230501564,5.087771536511409,7.111482825470997,3.4856042153402598,1.7767460356912061,0.4220907690013422,1.8987125316896154,4.052373614356017,16.622080827161103,114.08316349356267,109.49748968534075,0.09897101953571606,17.060446388626534,44.95864194462395,35.472436247949496,2.4040363871352586,1.1687776507431524,3.4170850524432073,453.0,138.0,703.0,91.0,537.0,157.0,3184.0,99.0,240.0,16.504836705274148,0.21325878610130733,0.062058756275786636,0.06633434408709052,0.21415752845851765,0.44385002734006057,0.6471199980116319,0.3478241288462494,0.42889123626783315,0.4612966148034001,0.7360819704727346,0.9949262812546603,0.006295024108962569,36.0,0.3378345677784959,0.3974515583834568,5.0,0.0,1,0,0,0.0012142857142857144,0.0,0.002428571428571429,0,0,1,0,0,0,0,0,0,1,0,0.0,0,0.0,0,0.00014285714285714287,0,0.00014285714285714287,0,0.0,,,2008,2021,14,0.5561499726599393
Al Horford,horfoal01,81,240.0,1986-06-03,Florida,2008,2021,2007-11-02T00:00:00Z,False,14,NBA,"ATL, BOS, PHI, OKC",C,881,871.0,32.45402951191827,5.855845629965947,11.318955732122587,0.5173485760128359,0.5902383654937571,1.619750283768445,0.3644008409250175,5.265607264472191,9.699205448354142,0.5428905792861323,0.5434215804251905,1.6458569807037458,2.1793416572077184,0.7552083333333334,2.0737797956867197,6.145289443813848,8.219069239500568,3.3053348467650396,0.8093076049943246,1.17366628830874,1.558456299659478,2.2599318955732124,13.947786606129398,28592.0,5159,9972,520.0,1427.0,4639.0,8545.0,1450,1920,1827.0,5414.0,7241.0,2912,713.0,1034.0,1373.0,1991.0,12288,2.0,18.664885282596526,0.567870243424734,0.13452563654168997,0.2029411024062675,7.350947817571349,21.36899482372692,14.40925083939564,16.61928161723559,1.2687989647453832,2.904924454392837,11.412080302182426,19.274541829882484,51.699999999999996,41.099999999999994,92.89999999999999,0.15570211947397875,1.7008009233351988,1.1003532456631224,2.779504756575266,34.9,9.195295886961386,17.780410604364857,0.8891333240067152,2.4553546446558476,8.32335268606603,15.324902070509234,2.622677672076105,3.4610030777839955,3.2917879127028544,9.704875489647456,12.995159485170676,5.152399272523783,1.2687989647453832,1.8561905428091774,2.4627028539451596,3.5718907386681593,21.923492585338558,114.5414801343033,104.62248181309457,0.0,0.0,0.0,19.025391717963068,80.97460828203694,3.406977476217124,3.5588381365416897,552.0,337.0,1130.0,232.0,894.0,46.0,6953.0,250.0,415.0,10.811601147174036,0.28707463626189145,0.22714755875769443,0.13203619893676552,0.21890063654169,0.13452563654168997,0.726678686345831,0.4433020075545608,0.43772013150531625,0.4553037562954673,0.6848008533855623,0.7245540360940123,0.08248901790710689,757.0,0.3581352126468942,0.43930637940682704,2.0,0.0,0,0,5,0.04357142857142857,0.03357142857142857,0.07142857142857142,0,1,6,0,0,1,7,1,1,1,0,0.0,0,0.624,0,0.0,0,0.0,0,0.005357142857142857,,,2008,2025,14,0.8654743634583102
Mike Conley,conlemi01,72,175.0,1987-10-11,Ohio State,2008,2021,2007-11-07T00:00:00Z,False,14,NBA,"MEM, UTA",PG,886,850.0,32.23589164785553,5.302483069977427,12.066591422121896,0.43943503881769713,1.489841986455982,3.933408577878104,0.3787661406025825,3.8126410835214446,8.133182844243793,0.4687760199833472,0.5011692077448321,2.8431151241534987,3.463882618510158,0.8207885304659498,0.4616252821670429,2.5349887133182842,2.9966139954853275,5.668171557562077,1.430022573363431,0.1986455981941309,2.005643340857788,1.9751693002257336,14.937923250564333,28561.0,4698,10691,1320.0,3485.0,3378.0,7206.0,2519,3069,409.0,2246.0,2655.0,5022,1267.0,176.0,1777.0,1750.0,13235,0.0,17.614960960750672,0.5466567697209481,0.31683004796750813,0.2827071180981058,1.6475193445607648,9.180637932845489,5.368632050698505,28.74666853401492,2.311473687896082,0.5269773467315569,13.11609187353384,21.84237596722804,50.9,29.100000000000005,80.0,0.13446717551906445,2.098588984979518,0.357182871748188,2.4595007177619834,32.1,8.51864080389342,19.354875529568293,2.39016491019222,6.2752634711669755,6.127506039704493,13.074888834424566,4.56212317495886,5.555722838836174,0.7350898077798396,4.07090087882077,4.822971884737929,9.101102902559434,2.311473687896082,0.32514967963306607,3.2234235495956023,3.1843457862119675,23.966643324813557,111.91919050453416,107.74360141451629,100.0,0.08994783095829978,0.0,0.0,0.0,2.8473337768285423,6.2054514897937745,1079.0,504.0,760.0,92.0,1161.0,291.0,11201.0,268.0,551.0,13.686050908581635,0.26947781940408255,0.15563978852281082,0.092173383284899,0.16541791253807642,0.31683004796750813,0.5765900703756872,0.3916489968838626,0.38546780574909856,0.4070241238051889,0.22320359931374953,0.7737301565071253,0.0015127271454080742,15.0,0.19222390672595496,0.4323230279051854,39.0,1.0,0,0,1,0.03585714285714286,0.0013571428571428571,0.009857142857142858,0,1,8,0,0,0,4,0,0,1,0,7.142857142857143e-05,0,0.002,0,0.0,0,0.0035000000000000005,0,0.00035714285714285714,,,2008,2025,14,0.683169952032492
Thaddeus Young,youngth01,80,235.0,1988-06-21,Georgia Tech,2008,2021,2007-11-07T00:00:00Z,False,14,NBA,"PHI, MIN, BRK, IND, CHI",PF,1033,710.0,29.944820909970957,5.642787996127783,11.252662149080349,0.5014624913971094,0.48209099709583736,1.4559535333978704,0.33111702127659576,5.160696999031946,9.796708615682478,0.5267786561264822,0.5228836889194769,1.3262342691190707,1.9874152952565343,0.6673161227471992,2.031945788964182,3.9090029041626333,5.940948693126815,1.8383349467570185,1.4336882865440466,0.41626331074540174,1.483059051306873,2.195546950629235,13.093901258470474,30933.0,5829,11624,498.0,1504.0,5331.0,10120.0,1370,2053,2099.0,4038.0,6137.0,1899,1481.0,430.0,1532.0,2268.0,13526,0.0,16.41722432353797,0.5412086444897036,0.12929890408301814,0.17509058287266027,7.609827692108751,14.90372741085572,11.229114537872176,9.966285197038763,2.435919568098794,1.1427375294992403,10.875689393204668,20.289512818026054,31.4,35.3,66.69999999999999,0.10348404616429058,0.23334303171370382,0.20676946949859373,0.44107910645588844,18.900000000000002,9.593537645879804,19.131425985193808,0.8018588562376749,2.4294992402935374,8.804315779264863,16.690883522451752,2.280751947758058,3.3989299453657913,3.464908027026153,6.63114796495652,10.081285358678436,3.0758510328775097,2.435919568098794,0.70628455048007,2.4967575081628035,3.735877541783856,22.251307664953288,107.63905861054538,106.82620502376103,0.0,0.0,7.290078556881001,89.69873597775837,2.990301619629522,0.06732938932531589,5.070917790062392,615.0,523.0,1093.0,175.0,979.0,190.0,4366.0,239.0,746.0,8.232903371803575,0.42043484304787765,0.26338838780590307,0.07270313257685965,0.11447903533443246,0.12929890408301814,0.6484448000517247,0.44319212491513926,0.3351702065755019,0.3663580318753435,0.6015864610610028,0.9289668315391331,0.06022910807228527,638.0,0.37906164937122167,0.32952364788413663,15.0,0.0,0,0,0,0.0007142857142857143,0.0,0.02835714285714286,0,0,1,0,0,0,0,0,1,1,0,0.0,0,0.003,0,0.010785714285714287,0,0.002357142857142857,0,0.0,,,2008,2024,14,0.8707010959169819
Nicolas Batum,batumni01,80,230.0,1988-12-14,,2009,2022,2008-10-28T00:00:00Z,False,14,NBA,"POR, CHO, LAC",SF,915,806.0,30.633879781420767,3.9508196721311477,9.037158469945355,0.43717499092997947,1.6010928961748634,4.413114754098361,0.36280336800396235,2.349726775956284,4.6240437158469945,0.5081541006854171,0.5257588583867456,1.5890710382513662,1.8994535519125684,0.8365937859608745,0.9989071038251366,4.14535519125683,5.144262295081967,3.5136612021857925,0.9551912568306011,0.6327868852459017,1.6852459016393442,1.726775956284153,11.091803278688525,28030.0,3615,8269,1465.0,4038.0,2150.0,4231.0,1454,1738,914.0,3793.0,4707.0,3215,874.0,579.0,1542.0,1580.0,10149,9.0,14.592632893328577,0.5632279343560471,0.4980909739564753,0.20337805922226182,3.679607563325009,15.156642882625757,9.404691402069211,17.405726007848735,1.5957616839100965,1.646282554405994,14.426510881198716,16.965526221905098,34.699999999999996,28.6,63.60000000000001,0.10876928291116661,1.008911880128434,0.6848019978594362,1.682108455226543,25.999999999999996,6.592579379236533,15.104181234391726,2.674488048519443,7.367531216553692,3.9329539778808424,7.748023546200499,2.6611130931145204,3.1768533713877987,1.68638244737781,6.8877666785586875,8.573885123082412,5.812722083481983,1.5957616839100965,1.0885337138779878,2.796014983945773,2.9174705672493757,18.531576881912237,111.70895469140207,107.87056724937567,0.0,12.369033178737068,68.0929004637888,18.654727078130573,0.7568319657509811,2.2102925437031753,2.0935390652871924,997.0,261.0,582.0,114.0,673.0,159.0,7420.0,166.0,276.0,17.015572600784875,0.20191398501605423,0.057310274705672494,0.08568619336425258,0.15689193721013203,0.4980909739564753,0.6895730288976097,0.39916539422047803,0.3965134498751338,0.3791743845879414,0.5777372814841242,0.8951423474848377,0.04960831252229754,357.0,0.2774166607206564,0.38222996789154473,12.0,0.0,0,0,0,0.01042857142857143,0.0,0.0,0,0,6,0,0,0,0,0,0,0,0,0.0,0,0.002,0,0.0,0,0.0,0,0.0,,,2009,2025,14,0.5019090260435247
Derrick Rose,rosede01,75,200.0,1988-10-04,Memphis,2009,2023,2008-10-28T00:00:00Z,False,14,NBA,"CHI, NYK, CLE, MIN, DET, NYK",PG,699,511.0,30.97997138769671,6.931330472103005,15.21173104434907,0.4556569171447381,0.8226037195994278,2.6108726752503575,0.3150684931506849,6.108726752503577,12.600858369098713,0.4847865576748411,0.4826953823003856,3.028612303290415,3.6452074391988556,0.8308477237048666,0.7811158798283262,2.479256080114449,3.260371959942775,5.281831187410587,0.7553648068669528,0.34334763948497854,2.4535050071530757,1.2389127324749643,17.71387696709585,21655.0,4845,10633,575.0,1825.0,4270.0,8808.0,2117,2548,546.0,1733.0,2279.0,3692,528.0,240.0,1715.0,866.0,12382,1.0,18.09161856384207,0.525734703301778,0.16622193488801662,0.23813105518356045,2.838406834449319,8.787176171784807,5.852773031632418,30.340812745324403,1.247347033017779,0.8746802124220735,12.696878319094901,27.674453936735166,26.600000000000005,17.900000000000002,44.199999999999996,0.09795141999538212,2.4250611867928886,-1.0780835834680211,1.3405495266682061,18.299999999999997,11.422327407065342,25.08010621103671,1.3605772338951743,4.317501731701686,10.048935580697298,20.761796351881785,5.034135303625029,6.047674901870237,1.2960609558993303,4.0983652736088665,5.3704456245670755,8.71724313091665,1.247347033017779,0.5592426691295311,4.058517663357192,2.0354052181944122,29.227037635649964,106.90658046640499,110.09411221426922,87.47217732625259,12.695312860771185,0.0,0.0,0.0,1.1692542138074347,0.06883398753174781,915.0,588.0,438.0,91.0,1190.0,110.0,8506.0,268.0,757.0,11.480771184483952,0.3173389979219579,0.17356878319094898,0.129720572616024,0.21278138997921958,0.16622193488801662,0.5770063264834911,0.43788279842992384,0.42989480489494347,0.40484442392057257,0.25413484183791274,0.6957113368737011,0.010561579311937198,106.0,0.1355099515123528,0.34193641191410756,42.0,1.0,0,0,3,0.017857142857142856,0.07835714285714286,0.07142857142857142,0,0,2,1,1,1,4,1,1,1,1,0.07078571428571429,1,0.957,0,0.013285714285714286,0,0.009642857142857144,0,0.0,0,0.0,2009,2024,14,0.8337780651119832
Goran Dragić,dragigo01,76,190.0,1986-05-06,,2009,2022,2008-10-29T00:00:00Z,False,14,NBA,"PHO, HOU, PHO, MIA, BRK, TOR",PG,888,530.0,27.853603603603602,5.027027027027027,10.916666666666666,0.46049102537652153,1.2364864864864864,3.418918918918919,0.3616600790513834,3.7905405405405403,7.497747747747748,0.5055572243917092,0.5171239942232309,2.4515765765765765,3.195945945945946,0.7670894996476392,0.706081081081081,2.373873873873874,3.079954954954955,4.79054054054054,0.9718468468468469,0.18355855855855857,2.2533783783783785,2.313063063063063,13.742117117117116,24734.0,4464,9694,1098.0,3036.0,3366.0,6658.0,2177,2838,627.0,2108.0,2735.0,4254,863.0,163.0,2001.0,2054.0,12203,2.0,16.678733726853725,0.5560213471335004,0.3132195358615671,0.29267247513544115,2.8912994258914844,9.518767688202475,6.239362820409153,27.77173930621816,1.7676922454920352,0.5344343818225925,15.597133500444734,23.324670494056765,36.60000000000001,19.599999999999998,56.099999999999994,0.10900145548637502,1.1612234171585671,-0.5666936201180561,0.6087046171262231,16.3,9.117494137624321,19.75703080779494,2.230298374706882,6.169180076008734,6.8656586075847015,13.58681571925285,4.443514999595698,5.786605482332013,1.292928762027978,4.275661033395327,5.5840341230694595,8.684846769628852,1.7676922454920352,0.3412630387321096,4.071100509420231,4.215957790895123,24.90380447966362,109.12298859869006,109.81559796231907,71.34244359990296,27.802539015120885,0.8550173849761462,0.0,0.0,0.9157515969919947,1.9348871998059352,1056.0,502.0,804.0,190.0,1037.0,169.0,9933.0,220.0,498.0,12.993975903614455,0.29544056763968624,0.13467688202474326,0.1383359343413924,0.11827225681248482,0.3132195358615671,0.6506080698633459,0.39253149510794855,0.39331600226409,0.38708846122746016,0.26589548799223744,0.688205547020296,0.005150885420878143,42.0,0.202859747715695,0.38245370744723856,11.0,0.0,0,0,1,0.0,0.013142857142857142,0.0,0,0,0,0,0,1,1,0,0,0,0,0.00014285714285714287,0,0.0,0,0.0008571428571428572,1,0.052642857142857144,0,0.0,,,2009,2023,14,0.686780464138433
Danilo Gallinari,gallida01,82,233.0,1988-08-08,,2009,2024,2008-10-29T00:00:00Z,False,14,NBA,"NYK, DEN, LAC, OKC, ATL, DET, MIL, WAS",SF,777,563.0,28.841698841698843,4.552123552123552,10.638352638352638,0.42789741108153884,1.8738738738738738,4.922779922779923,0.38065359477124183,2.6782496782496783,5.715572715572716,0.4685881558207611,0.5159690297604645,3.9601029601029603,4.518661518661519,0.8763884933067502,0.6705276705276705,3.985842985842986,4.656370656370656,1.8906048906048907,0.7078507078507078,0.34491634491634493,1.1685971685971686,1.7438867438867438,14.938223938223938,22410.0,3537,8266,1456.0,3825.0,2081.0,4441.0,3077,3511,521.0,3097.0,3618.0,1469,550.0,268.0,908.0,1355.0,11607,0.0,16.805997322623828,0.5905919232485496,0.46271731369924146,0.42744038375725124,2.5890852298081213,15.202739848282015,8.944154395359215,9.882369477911645,1.2080990629183401,0.9191789379741186,8.498264167782239,20.866064257028114,50.699999999999996,14.800000000000002,65.10000000000001,0.14017246764837124,2.364082998661312,-0.6757965194109773,1.6844712182061576,21.0,7.812842481035253,18.251601963409193,3.228625613565373,8.433230700580099,4.594645247657295,9.808924587237838,6.788674698795181,7.75657295850067,1.1489156626506023,6.81987505577867,7.982784471218206,3.2509460062472115,1.2080990629183401,0.5919812583668005,2.005020080321285,2.9979294957608214,25.61325747434181,118.96738063364569,111.70901383311022,0.0,1.7244979919678716,42.66510486390005,49.40272199910754,6.082195448460508,1.986314145470772,3.5461356537260147,370.0,280.0,642.0,123.0,1367.0,186.0,3392.0,205.0,377.0,16.82622936189201,0.20454315037929496,0.0845789379741187,0.07921423471664436,0.16855082552431952,0.46271731369924146,0.6265613565372602,0.35408282016956716,0.39047960731816156,0.3810158857652833,0.4873879071842926,0.893744355198572,0.04969651941097725,363.0,0.16168835341365462,0.390938911200357,22.0,3.0,0,0,0,0.0,0.001,0.0,0,0,0,0,0,0,1,0,0,0,0,0.0,0,0.0,0,0.0,0,0.0015714285714285713,0,0.0,0,0.0,2009,2024,14,0.5372826863007586
Eric Gordon,gordoer01,75,215.0,1988-12-25,Indiana,2009,2022,2008-10-29T00:00:00Z,False,14,NBA,"LAC, NOH, NOP, HOU",SG,749,570.0,32.38584779706275,5.566088117489986,13.002670226969292,0.42807269740219733,2.3311081441922563,6.29105473965287,0.3705432937181664,3.2349799732977305,6.711615487316422,0.4819972150387905,0.5177122907896088,2.9092122830440585,3.590120160213618,0.8103384157679435,0.3978638184245661,2.0200267022696927,2.417890520694259,2.8317757009345796,0.855807743658211,0.3444592790387183,1.9639519359145527,1.897196261682243,16.37249666221629,24257.0,4169,9739,1746.0,4712.0,2423.0,5027.0,2179,2689,298.0,1513.0,1811.0,2121,641.0,258.0,1471.0,1421.0,12263,0.0,14.174485715463577,0.5628913303376345,0.4794728531970153,0.2775785134188069,1.3925464814280415,7.129072020447706,4.215344024405327,14.299967019829332,1.3313105495320938,0.8834851795358041,11.940334748732326,22.637935441315904,26.699999999999996,9.8,36.199999999999996,0.07182483406851631,0.8394484066455044,-1.4026755163457973,-0.5717071360844291,8.700000000000001,8.656631075565816,20.21464319577854,3.605767407346333,9.678299047697571,5.077763119924144,10.55046378365008,4.55676711876984,5.629368841983758,0.6274436245207569,3.1372098775611166,3.764653502081873,4.446019705651977,1.3313105495320938,0.522294595374531,3.0754668755410806,2.9489302057138143,25.477408583089414,108.06051861318382,113.56659933215154,16.921383518159708,65.2628519602589,16.95444613925877,0.6821536051449066,0.0,-0.2952920806365179,2.6782619450055654,660.0,501.0,709.0,123.0,1187.0,51.0,4884.0,287.0,596.0,15.840928391804429,0.25817553695840373,0.12620435338252878,0.03720167374366162,0.0984113451787113,0.4794728531970153,0.5989086037020241,0.3619524261038051,0.31364422640887174,0.35357583377993984,0.4274809745640435,0.8474346374242486,0.0165886548212887,145.0,0.1154312157315414,0.4032878756647565,23.0,1.0,0,0,0,0.0007142857142857143,0.00028571428571428574,0.048,0,0,1,0,0,0,2,0,1,1,0,0.0,0,0.037,1,0.08592857142857142,0,0.0006428571428571428,0,0.0,,,2009,2025,14,0.5205271468029848
Brook Lopez,lopezbr01,85,282.0,1988-04-01,Stanford,2009,2022,2008-10-29T00:00:00Z,False,14,NBA,"NJN, BRK, LAL, MIL",C,868,828.0,30.17511520737327,6.27073732718894,12.694700460829493,0.49396496959796715,0.7511520737327189,2.205069124423963,0.3406478578892372,5.5195852534562215,10.48963133640553,0.5261943986820429,0.523550231418459,3.120967741935484,3.9205069124423964,0.7960622979723773,2.043778801843318,4.185483870967742,6.22926267281106,1.435483870967742,0.5794930875576036,1.762672811059908,1.706221198156682,2.653225806451613,16.413594470046082,26192.0,5443,11019,652.0,1914.0,4791.0,9105.0,2709,3403,1774.0,3633.0,5407.0,1246,503.0,1530.0,1481.0,2303.0,14247,0.0,19.230765119120342,0.5703698457544287,0.1855582620647526,0.3044383017715333,7.623873701893708,15.432536652412951,11.549572388515578,8.35885384850336,0.9709186010995725,4.7286461514966405,10.539996945632256,23.788332315210752,42.99999999999999,28.6,71.69999999999999,0.13106013286499696,1.3168944715943802,-0.03918753817959686,1.2931314905314601,21.9,10.518398747709226,21.226473732437388,1.1620456627978006,3.4174022602321315,9.357632101405008,17.80046960904093,5.270846059865608,6.628611789859499,3.4842929138668293,6.9947388515577265,10.462091478313988,2.3782643555284055,0.9709186010995725,2.908132254123396,2.8604726634086743,4.428310171044593,27.46450061087355,111.34541081246182,107.58116982284668,0.0,0.0,0.0,0.0,100.0,-0.7722281612706171,2.5985911728772146,443.0,443.0,1248.0,328.0,1689.0,59.0,2913.0,461.0,565.0,10.40812080024435,0.31208586591325593,0.273002367135003,0.12116837202199147,0.10845216096518022,0.1855582620647526,0.6802472510690287,0.46165187843616373,0.43347892486255346,0.3835543295662797,0.614943952351863,0.5560146609651803,0.08248904245571168,807.0,0.229351634086744,0.15669471594379963,0.0,0.0,1,0,1,0.02428571428571429,0.017,0.06035714285714285,0,1,2,0,0,0,5,1,1,1,0,0.0,0,0.212,0,0.0,0,0.002357142857142857,0,0.0005714285714285715,,,2009,2025,14,0.8144417379352475
Robin Lopez,lopezro01,85,281.0,1988-04-01,Stanford,2009,2022,2008-10-29T00:00:00Z,False,14,NBA,"PHO, NOH, POR, NYK, CHI, MIL, WAS, ORL",C,939,603.0,21.909478168264112,3.6517571884984026,6.80937167199148,0.5362840162652487,0.05644302449414271,0.19169329073482427,0.29444444444444445,3.59531416400426,6.617678381256656,0.543289346636627,0.5404285267438224,1.3684771033013845,1.843450479233227,0.7423454650491046,2.258785942492013,2.6443024494142704,4.903088391906283,0.8477103301384451,0.23003194888178913,1.101171458998935,1.1033013844515442,1.9254526091586794,8.728434504792332,20573.0,3429,6394,53.0,180.0,3376.0,6214.0,1285,1731,2121.0,2483.0,4604.0,796,216.0,1034.0,1036.0,1808.0,8196,0.0,15.9304428133962,0.5738455742964079,0.027504253147329023,0.280118359014242,11.377995430904583,13.14913235794488,12.272493073445778,6.147085986487143,0.5295289943129343,3.9168035775044965,12.607607057794198,17.563121567102513,31.599999999999998,17.299999999999997,48.8,0.11438783842900889,-0.4585087250279493,-0.6379429349146938,-1.0947406795314245,4.800000000000002,8.363024352306422,15.601638069314152,0.1221017838915083,0.3932921790696544,8.240922568414913,15.187818986049674,3.1547610946386038,4.2413891994361546,5.181893744227871,6.079409906187721,11.269265542215527,1.9265250571136927,0.5295289943129343,2.531128177708647,2.525859135760463,4.392475574782482,19.994118504836436,114.11568560734943,109.47013075390075,0.0,0.0,0.0,0.0,100.0,-0.5336168764886016,1.2799980557040782,231.0,294.0,1075.0,268.0,797.0,63.0,1877.0,195.0,369.0,6.094901083944977,0.4291101929713702,0.3614961843192534,0.09659373936713167,0.08485568463520148,0.027504253147329023,0.66367860788412,0.46031463568755165,0.39120040830214353,0.4085271958392067,0.6206523598891751,0.2818013901715841,0.08794988577261459,500.0,0.24243795265639428,0.056833130802508146,2.0,0.0,0,0,0,0.0,0.0,0.002428571428571429,0,0,0,0,0,0,0,0,0,1,0,0.0,0,0.005,0,0.0,0,0.0010714285714285715,0,0.0,,,2009,2024,14,0.9724957468526709
Kevin Love,loveke01,80,251.0,1988-09-07,UCLA,2009,2022,2008-10-29T00:00:00Z,False,14,NBA,"MIN, CLE",PF,812,659.0,30.899014778325125,5.800492610837439,13.160098522167488,0.4407636159460977,1.8066502463054188,4.846059113300493,0.37280813214739517,3.9938423645320196,8.314039408866995,0.48037327803288404,0.5094048287478944,4.20935960591133,5.078817733990148,0.8288069835111542,2.5566502463054186,8.11576354679803,10.672413793103448,2.3645320197044337,0.6502463054187192,0.4211822660098522,1.9051724137931034,2.002463054187192,17.616995073891626,25090.0,4710,10686,1467.0,3935.0,3243.0,6751.0,3418,4124,2076.0,6590.0,8666.0,1920,528.0,342.0,1547.0,1626.0,14305,3.0,21.249609406137907,0.5715176962933439,0.36070211239537664,0.38584495815065767,9.173503387803907,29.60217616580311,19.34314069350339,12.644715025906736,1.057206058190514,1.0794420087684335,11.084930251096056,24.59824232762057,60.2,28.3,88.70000000000002,0.16963196492626548,4.0257512953367875,-0.6589159027500997,3.359529693104823,33.9,9.460573933838182,21.441367078517338,2.94636508569151,7.8628019131127935,6.503180550019929,13.568158628935832,6.870900757273813,8.281199681147868,4.175069748903946,13.22177361498605,17.41037465125548,3.8370585890793145,1.057206058190514,0.6943722598644879,3.1058668792347546,3.275101634117178,28.66466321243524,115.42419290554005,106.94420087684337,0.0,0.0,0.0,70.05779194898366,30.05249103228378,0.4312315663610999,4.3963889996014345,721.0,436.0,823.0,197.0,1595.0,138.0,4322.0,259.0,687.0,13.795460342766042,0.26864001594260656,0.16642315663611,0.0894749701076126,0.11470267038660822,0.36070211239537664,0.6074735751295336,0.4009958549222799,0.3738211239537664,0.3993070147469111,0.5764712634515743,0.9070620565962534,0.024291072140294936,230.0,0.18194802710243124,0.42642526903148664,23.0,0.0,1,0,5,0.0,0.07657142857142855,0.04185714285714286,0,0,0,0,2,2,5,0,1,1,0,0.004857142857142858,0,0.027,0,0.030714285714285715,1,0.05021428571428571,0,0.0,,,2009,2025,14,0.6392978876046234
JaVale McGee,mcgeeja01,84,270.0,1988-01-19,Nevada,2009,2022,2008-10-29T00:00:00Z,False,14,NBA,"WAS, DEN, PHI, DAL, GSW, LAL, CLE, DEN, PHO",C,821,336.0,17.03045066991474,3.4056029232643117,5.911084043848964,0.5761384710488358,0.014616321559074299,0.08038976857490865,0.18181818181818182,3.3909866017052375,5.830694275274056,0.5815750992270733,0.5773748196991552,1.1352009744214373,1.876979293544458,0.6048020765736535,1.8903775883069427,3.400730816077954,5.291108404384897,0.43605359317904996,0.3982947624847747,1.4762484774665043,1.0060901339829476,2.220462850182704,7.961023142509135,13982.0,2796,4853,12.0,66.0,2784.0,4787.0,932,1541,1552.0,2792.0,4344.0,358,327.0,1212.0,826.0,1823.0,6536,1.0,19.65457731368903,0.5902433843513087,0.012730653697611215,0.32162251466170794,12.394707481047062,22.058696896009156,17.235302531826633,4.066542697754255,1.1692104133886423,6.986639965670147,12.945687312258618,19.834515806036332,20.999999999999996,21.6,42.5,0.14556558432270064,-0.5469103132599056,0.6600772421685023,0.09859104563009581,7.1000000000000005,9.897704191102846,17.28159061650694,0.03586039193248462,0.2338792733514519,9.851594907738523,17.03243455871835,3.3270633671863825,5.526562723501645,5.520290373337147,9.915570018595337,15.419753969389214,1.2539908453726218,1.1692104133886423,4.319882706336718,2.9374338435130882,6.483907881562009,23.20575025032184,112.5007867257903,103.9046631383207,0.0,0.0,0.0,0.5169503647546846,99.48304963524532,-2.6722357316549847,-2.5170862537548278,266.0,215.0,1009.0,194.0,745.0,70.0,802.0,215.0,283.0,4.105228150479188,0.6062192819339149,0.27743384351308825,0.0743206265198112,0.02927070519239022,0.012730653697611215,0.7027616220855386,0.39612079816907453,0.32040637963095414,0.3376468316406809,0.6692444571592047,0.40821842368759836,0.2976099270490631,1353.0,0.025362895150908314,0.012122729223287084,3.0,0.0,3,0,0,0.0,0.0,0.0,0,0,0,0,0,0,0,0,0,0,0,0.0,0,0.0,0,0.0,0,0.0,0,0.0005714285714285715,,,2009,2024,14,0.9872693463023888
Russell Westbrook,westbru01,76,200.0,1988-11-12,UCLA,2009,2022,2008-10-29T00:00:00Z,False,14,NBA,"OKC, HOU, WAS, LAL",PG,1021,1004.0,34.6973555337904,8.150832517140058,18.614103819784525,0.4378847671665351,1.118511263467189,3.6689520078354554,0.30485851575013345,7.03232125367287,14.945151811949069,0.47054197522773444,0.4679294922388845,5.398628795298727,6.893241919686582,0.7831770389315146,1.6552399608227228,5.730656219392753,7.385896180215475,8.433888344760039,1.6640548481880508,0.30656219392752204,4.101860920666014,2.6307541625857005,22.818805093046034,35426.0,8322,19005,1142.0,3746.0,7180.0,15259.0,5512,7038,1690.0,5851.0,7541.0,8611,1699.0,313.0,4188.0,2686.0,23298,194.0,22.58062157737255,0.5248308586913566,0.19073395246429178,0.3696618302941343,5.370981764805511,17.945043188618527,11.678448032518489,41.914715180940554,2.3666487890250094,0.7102918760232598,15.992601479139612,32.1132614463953,60.0,46.4,106.3,0.14429246880821994,3.728783943995935,0.5279483994806075,4.256732343476543,55.8,11.623124259018802,26.548258341331227,1.5824479196070684,5.201146050923051,10.032639869022752,21.361807711850055,7.743947947834923,9.83593405973014,2.3654011178230676,8.073223056512166,10.460675774854627,12.021145486365947,2.3666487890250094,0.4288121718511828,5.857350533506464,3.7415175294981093,32.55946762265003,107.63137243832213,106.06193191441314,83.66163269914752,16.13269914751877,0.42576074069892167,0.0,0.0,3.884714616383448,3.9280020324055784,2375.0,1134.0,754.0,402.0,3096.0,131.0,19668.0,634.0,1137.0,11.297566758877661,0.3463892056681533,0.13269671992322024,0.1526920623271044,0.17763978433918592,0.19073395246429178,0.5967103539773048,0.33256754925760734,0.3865227516513296,0.3847119629650539,0.19127183424603403,0.5198832778185513,0.038522497600632304,595.0,0.10658564331282108,0.304653249026139,14.0,0.0,0,0,9,0.06535714285714286,0.36114285714285715,0.0652857142857143,0,0,12,2,7,9,11,1,1,1,1,0.11564285714285714,0,0.122,0,0.0,0,0.013785714285714287,0,0.0005,,,2009,2025,14,0.8092660475357082
D.J. Augustin,augusdj01,71,183.0,1987-11-10,Texas,2009,2022,2008-10-30T00:00:00Z,False,14,NBA,"CHA, IND, CHI, TOR, DET, OKC, DEN, ORL, MIL, HOU, LAL",PG,976,334.0,23.412909836065573,3.067622950819672,7.448770491803279,0.41182943603851446,1.2930327868852458,3.3924180327868854,0.38115372999093927,1.7745901639344261,4.056352459016393,0.43748421318514774,0.4986244841815681,2.0584016393442623,2.3739754098360657,0.8670694864048338,0.29918032786885246,1.5502049180327868,1.8493852459016393,3.853483606557377,0.5809426229508197,0.03278688524590164,1.4631147540983607,1.3831967213114753,9.486680327868852,22851.0,2994,7270,1262.0,3311.0,1732.0,3959.0,2009,2317,292.0,1513.0,1805.0,3761,567.0,32.0,1428.0,1350.0,9259,0.0,13.956833398975977,0.5593565270666492,0.4623314078158505,0.3182958732659403,1.4357971204761277,7.518865695155573,4.429639840707191,26.10798214520153,1.2666885475471534,0.1208568552798565,14.775629075313988,19.116340641547417,33.2,14.400000000000002,47.599999999999994,0.1000544833924117,0.46830773270316395,-1.1661546540632794,-0.6848059165900836,7.599999999999999,6.711544352544745,16.30972823946436,2.8248654325850073,7.387234694324099,3.8935845258413195,8.914445757297274,4.5007833355214215,5.193466369086693,0.6451533849722113,3.384503960439368,4.049424532843203,8.422585444838301,1.2666885475471534,0.07984770907181306,3.1986652662903152,3.042383265502604,20.738812305807187,111.80420988140563,111.42392017854799,98.5828191326419,1.4171808673581026,0.0,0.0,0.0,-3.394280337840795,-1.8193733315828629,865.0,330.0,512.0,133.0,776.0,210.0,8609.0,133.0,566.0,16.01431884819045,0.23985313553017373,0.11606713054133298,0.06502074307470132,0.1165199334821233,0.4623314078158505,0.5380367161174565,0.3073871165375695,0.35363598967222437,0.3976138462211719,0.2167407553279944,0.7005124939827578,9.92954356483305e-05,0.0,0.17636899916852655,0.40803032690035446,52.0,2.0,0,0,0,0.0,0.0,0.02092857142857143,0,0,0,0,0,0,0,0,1,1,0,0.0,0,0.0,0,0.0007142857142857143,0,0.0013571428571428571,0,0.0,,,2009,2022,14,0.5376685921841494
DeAndre Jordan,jordade01,83,265.0,1988-07-21,Texas A&M,2009,2022,2008-11-01T00:00:00Z,False,14,NBA,"LAC, DAL, NYK, BRK, LAL, PHI",C,980,776.0,26.728571428571428,3.692857142857143,5.486734693877551,0.6730518876697043,0.0010204081632653062,0.012244897959183673,0.08333333333333333,3.6918367346938776,5.474489795918367,0.6743709226467847,0.6731448763250883,1.7285714285714286,3.6357142857142857,0.47544204322200395,3.0622448979591836,7.286734693877551,10.348979591836734,0.9510204081632653,0.5479591836734694,1.5326530612244897,1.3581632653061224,2.533673469387755,9.11530612244898,26194.0,3619,5377,1.0,12.0,3618.0,5365.0,1694,3563,3001.0,7141.0,10142.0,932,537.0,1502.0,1331.0,2483.0,8933,0.0,18.518897457433,0.643144078796671,0.0022242116515232497,0.6718952050087807,13.044052072993821,29.885118729480034,21.60724211651523,5.304184164312437,1.0426738947850653,4.639096739711385,16.122543330533713,14.046105978468352,51.6,42.800000000000004,94.50000000000001,0.17306936703061765,0.5609299839657937,0.7507711689699932,1.3116706115904404,21.900000000000002,6.949843475605101,10.324646865694435,0.0,0.01510651294189509,6.949843475605101,10.302676185385968,3.240982667786516,6.842158509582347,5.750072535695197,13.644376574788119,19.391505688325573,1.753565702069176,1.0426738947850653,2.8884439184546076,2.542185233259525,4.786561808047645,17.1204741543865,121.02825074444529,102.4875544017714,0.0,0.0,0.0,1.8127433763457281,98.18725662365428,2.968011758417958,4.070680308467588,448.0,325.0,1371.0,283.0,1222.0,64.0,2163.0,301.0,308.0,1.7223944414751469,0.8330766969535007,0.15225131709551806,0.008080209208215623,0.0037843399251737044,0.0022242116515232497,0.7257931205619608,0.42203187752920523,0.31555268382072227,0.06933900893334352,0.7110155379094449,0.0,0.48730800946781716,2306.0,0.06864167366572498,0.0,0.0,0.0,0,0,1,0.12057142857142857,0.06457142857142857,0.0,2,2,5,1,1,3,4,0,0,0,0,0.0,0,0.0,0,0.0,0,0.008357142857142858,0,0.048285714285714286,,,2009,2025,14,0.9977757883484768
George Hill,hillge01,76,188.0,1986-05-04,IUPUI,2009,2022,2008-11-04T00:00:00Z,False,14,NBA,"SAS, IND, UTA, SAC, CLE, MIL, OKC, PHI, MIL",PG,869,483.0,27.234752589182968,3.796317606444189,8.316455696202532,0.45648263456482635,1.187571921749137,3.1219792865362486,0.3803907113896056,2.6087456846950516,5.194476409666283,0.5022153300841825,0.5278815552788155,1.9367088607594938,2.4004602991944766,0.8068072866730585,0.5960874568469505,2.4487917146144995,3.04487917146145,3.103567318757192,0.8975834292289988,0.2612197928653625,1.2163406214039125,1.9608745684695053,10.716915995397008,23667.0,3299,7227,1032.0,2713.0,2267.0,4514.0,1683,2086,518.0,2128.0,2646.0,2697,780.0,227.0,1057.0,1704.0,9313,1.0,14.743457134406556,0.570653230236194,0.3784936831875607,0.28769430008028063,2.4703426712299827,9.81293362065323,6.2255841467021575,17.858283686145267,1.6682427008070306,0.743697976084844,11.519926479908733,17.5287784679089,41.39999999999999,28.0,69.10000000000001,0.14012895593019814,0.4183166434275574,0.8265982169265221,1.2212278700299997,19.300000000000004,7.11003084463599,15.602847847213422,2.199336629061563,5.824481345333164,4.9141800819706765,9.7913339248743,3.6319643385304436,4.5414374445430346,1.1134364304728104,4.591524063041366,5.700714074449657,5.81491528288334,1.6682427008070306,0.48882410106899904,2.295762031520683,3.6816157518908184,20.11007732285461,115.53044323319389,106.47750031689695,82.78784805847805,17.159209025224996,0.0,0.0,0.0,5.637089618456078,4.013423754595005,576.0,239.0,754.0,123.0,742.0,228.0,6258.0,180.0,354.0,14.796007098491572,0.2385128660159716,0.1265040774073605,0.10260979422825033,0.1537326234841763,0.3784936831875607,0.6637593695863437,0.4039632822072929,0.4109482401656315,0.38612063210377323,0.3632450247179618,0.7898721426458781,0.014925719356065409,102.0,0.36163075167955383,0.4015345417670173,22.0,0.0,0,0,0,0.006214285714285715,0.0,0.0,0,0,6,0,0,0,0,0,0,0,0,0.0,0,0.0,0,0.004785714285714286,0,0.011857142857142858,0,0.0,,,2009,2023,14,0.6215063168124392
Stephen Curry,curryst01,74,185.0,1988-03-14,Davidson,2010,2023,2009-10-28T00:00:00Z,False,14,NBA,GSW,PG,882,876.0,34.35600907029478,8.428571428571429,17.74716553287982,0.4749249345173449,3.8435374149659864,8.989795918367347,0.42754445705637534,4.585034013605442,8.757369614512472,0.5235629207664423,0.5832108860921229,3.9160997732426304,4.309523809523809,0.9087082346750855,0.671201814058957,4.066893424036281,4.738095238095238,6.507936507936508,1.6088435374149659,0.23469387755102042,3.1485260770975056,2.378684807256236,24.616780045351472,30302.0,7434,15653,3390.0,7929.0,4044.0,7724.0,3454,3801,592.0,3587.0,4179.0,5740,1419.0,207.0,2777.0,2098.0,21712,10.0,23.853973335093396,0.6225820737905089,0.4941416408157877,0.2393159197412712,2.21861593294172,12.591597914329087,7.533080324731039,31.288357204144944,2.2787571777440436,0.5544287505775196,14.015200316810773,28.80727674740941,93.39999999999999,34.50000000000001,128.2,0.2026571843442677,6.222711372186654,0.35318130816447757,6.562540426374497,65.7,11.933908652894196,25.126179790112865,5.423717906408817,12.700062702131872,6.51466239852155,12.437776384397068,5.546425978483268,6.099547884628078,0.9420797307108442,5.734826084086858,6.69799353178008,9.26122038149297,2.2787571777440436,0.3283644643917893,4.474701339845555,3.3897498514949502,34.82869117549997,117.7212725232658,107.66906474820144,96.03623523199789,3.987921589334037,0.0,0.0,0.0,8.33390205266979,11.328291861923306,1709.0,624.0,990.0,139.0,1332.0,228.0,13088.0,345.0,514.0,18.10662332519306,0.16019091149099068,0.10296056365916441,0.07378192858557191,0.16886294634017554,0.4941416408157877,0.643495643851891,0.4370370932611709,0.4702824236024025,0.46122777374430723,0.3389061778100456,0.6243077024618836,0.0019850834928387563,26.0,0.13766058345983762,0.4889426440498977,102.0,5.0,4,1,9,0.010071428571428573,0.4779285714285715,0.07142857142857142,0,0,5,4,8,9,10,1,1,1,2,0.19028571428571422,0,0.636,0,0.0,0,0.011285714285714286,0,0.0,0,0.03,2010,2025,14,0.5058583591842123
DeMar DeRozan,derozde01,78,220.0,1989-08-07,USC,2010,2023,2009-10-28T00:00:00Z,False,14,NBA,"TOR, SAS, CHI",SG,1031,1019.0,34.40446168768186,7.555771096023278,16.151309408341415,0.46781167427336057,0.4422890397672163,1.518913676042677,0.29118773946360155,7.113482056256062,14.63239573229874,0.48614609571788414,0.48150372327648333,5.479146459747818,6.522793404461687,0.84,0.7196896217264791,3.7129000969932107,4.432589718719689,3.982541222114452,0.9873908826382153,0.3064985451018429,2.0746847720659556,2.2774005819592626,21.03297769156159,35471.0,7790,16652,456.0,1566.0,7334.0,15086.0,5649,6725,742.0,3828.0,4570.0,4106,1018.0,316.0,2139.0,2348.0,21685,1.0,18.983736009698063,0.5514940655746948,0.09180623608017818,0.40218378393617316,2.3951763412365032,12.198018099292378,7.290651518141582,19.441047616362663,1.4389895971356885,0.7266922274534126,9.868439006512363,27.444041611457244,66.2,26.200000000000003,92.3,0.12497428885568491,1.555357898001184,-0.7190352682473007,0.8370471652899553,25.300000000000004,11.075303769276312,23.72010938513151,0.6417495982633702,2.2224549632093824,10.425976149530602,21.481570860703112,8.035851822615657,9.575368610977982,1.0639959403456345,5.451935383834682,6.477621155309973,5.7836937216317565,1.4389895971356885,0.46607369400355225,3.042809619125483,3.341614276451186,30.832595641509965,111.48081531391841,111.26869837331905,0.16543091539567534,44.398156240308985,39.66538862732937,15.076597784105326,0.6186462180372699,0.19579656620901584,-1.9998026556905637,845.0,844.0,1087.0,211.0,3117.0,153.0,10121.0,695.0,1045.0,12.1027346282879,0.21666693918976065,0.17999089396972176,0.22398503002452708,0.2874197795382143,0.09180623608017818,0.6662284683262383,0.45701333483690904,0.44145741591722815,0.4033227425220603,0.3695553550787968,0.8501269205830114,0.034030701136139374,486.0,0.387350878182177,0.34244788700628687,27.0,0.0,0,0,6,0.00028571428571428574,0.06907142857142858,0.0012142857142857144,0,0,1,0,2,3,8,0,0,1,0,0.002428571428571429,0,0.0,0,0.0,0,0.005285714285714285,0,0.0,0,0.16,2010,2025,14,0.9081937639198219
James Harden,hardeja01,77,220.0,1989-08-26,Arizona State,2010,2023,2009-10-28T00:00:00Z,False,14,NBA,"OKC, HOU, BRK, PHI",SG,1000,786.0,34.752,7.291,16.493,0.44206633117079974,2.754,7.594,0.36265472741638133,4.537,8.899,0.5098325654567929,0.5255562966106834,7.357,8.556,0.8598644226273959,0.782,4.866,5.648,7.015,1.52,0.543,3.734,2.568,24.693,34752.0,7291,16493,2754.0,7594.0,4537.0,8899.0,7357,8556,782.0,4866.0,5648.0,7015,1520.0,543.0,3734.0,2568.0,24693,74.0,24.35572341160221,0.6082255697513811,0.45516439341620624,0.5195368611878453,2.5436406537753222,15.384573549723756,9.040118554327808,33.997139732965,2.166574585635359,1.3016804788213627,15.457734806629833,30.00690607734807,117.7,40.30000000000001,157.9,0.21819066528545117,5.802693370165745,0.8767811924493554,6.663740216390423,76.10000000000001,10.321794429097606,23.33815032228361,3.9026099217311234,10.7306514732965,6.438538789134437,12.619509668508288,10.400661832412524,12.099484921731126,1.1007510359116024,6.885157688766114,7.994158609576427,9.902874654696133,2.166574585635359,0.7628165285451197,5.274919429097607,3.66508114640884,34.943168738489874,118.29638581952118,107.34754834254143,27.529322053406997,61.68525552486188,10.596569981583794,0.1529120626151013,0.0,5.7920062154696135,4.702817104051564,2050.0,1054.0,1006.0,421.0,3514.0,171.0,16604.0,635.0,1087.0,15.067935658379373,0.2649485497237569,0.14181883057090242,0.05996112453959484,0.07764684046961326,0.45516439341620624,0.634894998848987,0.358868813305709,0.4216268991712707,0.41200483425414364,0.1922851346685083,0.4510375517955801,0.02437281307550645,341.0,0.08145197398710866,0.3564694693830571,18.0,1.0,0,0,10,0.0032857142857142863,0.4596428571428572,0.027071428571428573,0,0,4,6,6,7,11,0,1,1,1,0.2610714285714285,0,0.0,1,0.07242857142857143,0,0.007285714285714285,0,0.0,0,0.0,2010,2025,14,0.5448356065837937
Wesley Matthews,matthwe02,77,220.0,1986-10-14,Marquette,2010,2023,2009-10-28T00:00:00Z,False,14,NBA,"UTA, POR, DAL, NYK, IND, MIL, LAL, MIL",SG,950,754.0,29.64842105263158,3.9873684210526315,9.501052631578947,0.41967649013959674,1.916842105263158,5.1,0.37585139318885447,2.0705263157894738,4.401052631578947,0.4704616120545324,0.5205517394194549,1.7926315789473684,2.174736842105263,0.824298160696999,0.5147368421052632,2.331578947368421,2.8463157894736844,1.9157894736842105,0.9568421052631579,0.2031578947368421,1.1189473684210527,2.0589473684210526,11.68421052631579,28166.0,3788,9026,1821.0,4845.0,1967.0,4181.0,1703,2066,489.0,2215.0,2704.0,1820,909.0,193.0,1063.0,1956.0,11100,0.0,12.339703898317119,0.5565959312646452,0.5456749982248099,0.22541006887736983,1.9468721153163389,8.835571256124405,5.36686785486047,9.932872967407512,1.6554995384506144,0.5751189377263367,9.604895973869205,17.57310587232834,31.800000000000004,23.099999999999998,55.100000000000016,0.09395807001349142,-0.3464638216289143,0.1404494780941561,-0.20628772278633806,12.799999999999999,6.875686998508841,16.349325427820776,3.2745579777036142,8.735123908258183,3.5823794646027127,7.633547539586735,3.1126358020308174,3.763942341830576,0.8894234183057587,3.9967265497408224,4.886462401476958,3.2896009373002904,1.6554995384506144,0.3629908400198821,1.9190619896328909,3.5273485762976633,20.12254136192573,110.14339984378329,109.68635944046012,1.1507846339558332,62.40300362138749,35.815309238088474,0.7406092451892352,0.029113115103316056,1.8073066818149541,1.9455726762763617,498.0,358.0,876.0,97.0,808.0,330.0,4281.0,141.0,423.0,17.216736490804514,0.18069118795711142,0.10470471490449478,0.07752968117588582,0.0915746289853014,0.5456749982248099,0.5941064758929205,0.39191560746999926,0.3878676063338778,0.33524838457714984,0.5086661932826813,0.9155293616416956,0.010635695519420578,87.0,0.30653724348505285,0.4131096712348221,16.0,0.0,0,0,0,0.0085,0.0,0.019714285714285715,0,0,5,0,0,0,0,0,0,1,0,0.0,0,0.0,0,0.0,0,0.003928571428571429,0,0.0,0,0.0,2010,2024,14,0.45432500177519
Taj Gibson,gibsota01,81,232.0,1985-06-24,USC,2010,2023,2009-10-29T00:00:00Z,False,14,NBA,"CHI, OKC, MIN, NYK, WAS",PF,945,449.0,23.762962962962963,3.6148148148148147,6.97989417989418,0.5178896300788357,0.05502645502645503,0.20634920634920634,0.26666666666666666,3.5597883597883597,6.773544973544974,0.5255428839243869,0.5218314129775622,1.451851851851852,2.037037037037037,0.7127272727272728,2.1904761904761907,3.7037037037037037,5.894179894179894,0.9671957671957672,0.5481481481481482,0.9936507936507937,1.0740740740740742,2.4761904761904763,8.736507936507936,22456.0,3416,6596,52.0,195.0,3364.0,6401.0,1372,1925,2070.0,3500.0,5570.0,914,518.0,939.0,1015.0,2340.0,8256,0.0,15.292843783398645,0.5589596989668685,0.03515799786248664,0.29285509440684,10.26678393302458,17.19550231563947,13.744932312076948,6.385772176701104,1.1668329177057357,3.3204666904168154,11.93903633772711,16.78806555040969,29.1,30.699999999999996,59.8,0.1276148468115426,-1.1227333452084078,0.3685295689348058,-0.7764116494478089,6.9,7.7698922337014595,15.031025115781974,0.11178749554684718,0.42691040256501606,7.66231742073388,14.610598503740647,3.1105005343783394,4.405276986106163,4.718293551834699,7.9690505878161755,12.674118275739223,2.0680887068044176,1.1668329177057357,2.144291058069113,2.3169219807623795,5.330838083363021,18.787375311720695,113.19896686854293,105.31559494121838,0.0,0.0,6.168373708585679,76.23570537940863,17.735749910936942,2.693249020306377,2.6594228713929464,251.0,291.0,1186.0,250.0,888.0,72.0,2168.0,202.0,599.0,7.19160135375846,0.46763216957605974,0.20170168329177054,0.14764468293551836,0.14763452974706093,0.03515799786248664,0.6687176701104381,0.412688056644104,0.4165356252226576,0.3764340488065551,0.6827080513003206,0.40637972034200215,0.1251730495190595,749.0,0.37457966690416816,0.12693916993231208,9.0,1.0,0,0,0,0.006071428571428572,0.0,0.050499999999999996,0,0,1,0,0,0,0,1,1,1,0,0.0,0,0.003,0,0.04935714285714286,0,0.00035714285714285714,0,0.0,0,0.0,2010,2025,14,0.9648420021375135
Jrue Holiday,holidjr01,76,205.0,1990-06-12,UCLA,2010,2023,2009-10-30T00:00:00Z,False,14,NBA,"PHI, NOP, MIL",PG,906,825.0,33.11258278145695,6.455849889624724,13.980132450331126,0.4617874624980262,1.465783664459161,4.007726269315674,0.3657394657119251,4.990066225165563,9.972406181015453,0.5003873824017709,0.5142112742775936,2.041942604856512,2.609271523178808,0.7825719120135364,0.9249448123620309,3.1611479028697573,4.086092715231788,6.47682119205298,1.4856512141280354,0.5022075055187638,2.728476821192053,2.193156732891832,16.41942604856512,30000.0,5849,12666,1328.0,3631.0,4521.0,9035.0,1850,2364,838.0,2864.0,3702.0,5868,1346.0,455.0,2472.0,1987.0,14876,4.0,17.451896666666663,0.5413100333333333,0.28366746666666665,0.1852166333333333,3.067136666666667,10.351116666666666,6.737099999999999,30.821119999999997,2.23185,1.2380166666666668,15.40286,23.6312,32.9,30.199999999999996,63.1,0.10092920000000001,1.5440033333333336,0.06053000000000001,1.6156433333333333,27.400000000000002,9.624979999999999,20.900149999999996,2.1853466666666663,5.942486666666666,7.4628466666666675,14.974736666666663,3.035276666666667,3.90425,1.3825233333333333,4.714103333333333,6.116673333333334,9.69734,2.23185,0.7192933333333333,4.094933333333333,3.3088100000000003,24.49144666666667,107.6347,108.9433,58.8164,30.325633333333332,10.943,0.07056666666666667,0.0,3.2300533333333337,7.32091,1463.0,670.0,836.0,114.0,1004.0,158.0,13585.0,256.0,679.0,12.820193333333336,0.2734088333333333,0.18753013333333335,0.12439966666666669,0.13067863333333335,0.28366746666666665,0.6196716666666667,0.41119383333333337,0.46264430000000006,0.4017086666666666,0.2647871333333333,0.5722500333333332,0.016754699999999997,182.0,0.16738863333333331,0.37097759999999996,23.0,1.0,1,0,2,0.23792857142857143,0.005857142857142858,0.008642857142857143,3,5,10,0,0,0,3,0,0,1,0,0.0,0,0.0,0,0.00014285714285714287,0,0.014,0,0.004428571428571428,0,0.0,2010,2025,14,0.7163325333333332
Serge Ibaka,ibakase01,83,235.0,1989-09-18,,2010,2023,2009-10-30T00:00:00Z,False,14,NBA,"OKC, ORL, TOR, LAC, MIL",PF,919,697.0,27.340587595212188,4.978237214363438,9.701849836779108,0.5131224764468372,0.6681175190424374,1.8596300326441784,0.35927442949093036,4.310119695321001,7.842219804134929,0.549604551130845,0.547554957379991,1.3754080522306855,1.8161044613710555,0.7573397243858598,2.060935799782372,5.026115342763874,7.087051142546246,0.8150163220892275,0.4058759521218716,1.9140369967355821,1.2916213275299238,2.6985854189336234,12.0,25126.0,4575,8916,614.0,1709.0,3961.0,7207.0,1264,1669,1894.0,4619.0,6513.0,749,373.0,1759.0,1187.0,2480.0,11028,1.0,17.086945793202258,0.571151237761681,0.17794038048236885,0.192480936082146,8.774508477274535,19.777561092095837,14.413738756666403,4.696800127358115,0.7461434370771314,5.489011382631537,10.981318156491284,18.976820823051817,35.6,37.2,73.00000000000001,0.1393439067101807,0.06979622701584019,0.41947385178699353,0.46498049828862537,15.6,9.084502109368781,17.69086205524158,1.1982607657406672,3.3549789063121866,7.875399984080237,14.342195335509034,2.5137586563718854,3.3356960916978426,3.790257104194858,9.170823051818834,12.976379049590063,1.4751850672610047,0.7461434370771314,3.52594125606941,2.3617209265302876,4.937861179654541,21.89164212369657,112.21213086046326,104.14622303589907,0.0,0.0,0.8892780386850274,67.01735254318235,32.26418849001035,5.098049828862533,0.42559102125288567,277.0,371.0,1318.0,264.0,768.0,46.0,1852.0,181.0,353.0,11.857792724667673,0.27439910849319427,0.1811943803231712,0.13850744248985117,0.2277986945793202,0.17794038048236885,0.7219090185465257,0.4588430709225505,0.4727154342115735,0.4581716548595081,0.7325263074106503,0.8924512855209743,0.10530307251452681,815.0,0.333438947703574,0.3081474170182282,0.0,0.0,1,0,0,0.16964285714285715,0.001142857142857143,0.007357142857142856,3,3,8,0,0,0,3,0,0,1,0,0.0,0,0.0,0,0.0,0,0.0041428571428571434,0,0.05957142857142857,0,0.0,2010,2023,14,0.822059619517631
James Johnson,johnsja01,79,240.0,1987-02-20,Wake Forest,2010,2023,2009-10-30T00:00:00Z,False,14,NBA,"CHI, TOR, SAC, MEM, TOR, MIA, MIN, DAL, NOP, BRK, IND",PF,765,243.0,20.231372549019607,3.011764705882353,6.352941176470588,0.4740740740740741,0.4980392156862745,1.6549019607843136,0.3009478672985782,2.5137254901960784,4.698039215686275,0.5350584307178631,0.5132716049382716,1.0784313725490196,1.5908496732026143,0.6778964667214462,0.7895424836601307,2.7477124183006536,3.537254901960784,2.088888888888889,0.7529411764705882,0.8522875816993464,1.358169934640523,2.2679738562091503,7.6,15477.0,2304,4860,381.0,1266.0,1923.0,3594.0,825,1217,604.0,2102.0,2706.0,1598,576.0,652.0,1039.0,1735.0,5814,0.0,13.962460425146991,0.537921302578019,0.25760392840989854,0.25014272791884734,4.420158945532079,15.272094075079151,9.851308393099439,15.918039671771018,1.879427537636493,3.474090586030885,16.0825999870776,18.553330748853142,7.6,20.1,27.6,0.08546766169154228,-1.047289526394004,1.4501130710085934,0.4256574271499644,9.200000000000001,7.562912709181366,15.93158880920075,1.2292498546229889,4.1196549718937785,6.326226012793176,11.82422950184144,2.7186276410157006,3.994146152355108,1.9959875944950571,6.889481165600568,8.892143180202883,5.2253795955288505,1.879427537636493,2.1466886347483363,3.4099954771596566,5.702099890159592,19.066983265490727,103.84990631259288,105.97079537378045,0.0,0.4997738579828132,36.042773147250756,59.22543128513278,4.476448924210119,-1.4747044000775347,-1.7816824966078697,447.0,286.0,880.0,162.0,612.0,34.0,3807.0,171.0,296.0,10.595315629643986,0.41402836467015575,0.17427692705304643,0.05496168508108807,0.09949925696194352,0.25760392840989854,0.6552379660140855,0.41184751566841116,0.3616808813077469,0.35154965432577373,0.4478375008076501,0.9299273761064805,0.08855075272985721,381.0,0.3855394456289979,0.3173326872132842,19.0,0.0,0,0,0,0.0,0.0,0.0,0,0,0,0,0,0,0,0,0,0,0,0.0,0,0.0,0,0.0035714285714285718,0,0.004857142857142858,0,0.0,0,0.0,2010,2025,14,0.7423960715901016
Danny Green,greenda02,78,215.0,1987-06-22,UNC,2010,2023,2009-11-12T00:00:00Z,False,14,NBA,"CLE, SAS, TOR, LAL, PHI, CLE, MEM",SG,830,709.0,25.157831325301206,3.067469879518072,7.283132530120482,0.4211745244003309,1.9,4.753012048192771,0.39974651457541194,1.1674698795180722,2.5301204819277108,0.4614285714285714,0.5516129032258065,0.6445783132530121,0.8012048192771084,0.8045112781954887,0.6036144578313253,2.8,3.4036144578313254,1.5373493975903614,1.0265060240963855,0.763855421686747,0.9939759036144579,1.7506024096385542,8.679518072289156,20881.0,2546,6045,1577.0,3945.0,969.0,2100.0,535,665,501.0,2324.0,2825.0,1276,852.0,634.0,825.0,1453.0,7204,0.0,12.607815717638047,0.5672365787079163,0.6579728461280591,0.10724294813466789,2.7502897370815576,12.197207988123173,7.586106987213256,8.636770269623103,2.04735405392462,2.433101862937599,11.55952301135003,15.354642976868925,16.900000000000002,32.5,49.2,0.11330568459364972,0.3462765193237871,1.5054403524735407,1.8682342799674345,20.4,6.107648101144581,14.512293472534841,3.7785259326660605,9.444700924285236,2.3322781475982954,5.054302954839327,1.2993534792395,1.600469326181696,1.2045879028782143,5.569239978928213,6.765250706383794,3.0662611943872418,2.046693166036109,1.5354437048034095,1.9950146065801446,3.47645227718979,17.27565729610651,108.57880369714094,104.08735213830755,0.2338489535941765,49.67333939945405,46.36851683348499,3.917915808629855,0.0,8.19106843541976,3.6289401848570475,478.0,169.0,761.0,69.0,232.0,120.0,2881.0,47.0,190.0,18.983913605670224,0.1404374311575116,0.07491058857334418,0.05221617738614051,0.07403960538288397,0.6579728461280591,0.5990715482974953,0.35395771275322063,0.36497442651214024,0.3813937550883578,0.6679894641061253,0.9428077199367846,0.011874048177769263,55.0,0.37120252861453,0.4201015277046119,18.0,0.0,3,0,0,0.06764285714285714,0.0,0.0,0,1,7,0,0,0,0,0,0,0,0,0.0,0,0.0,0,0.0,0,0.0032142857142857142,0,0.0,0,0.0,2010,2024,14,0.342027153871941
Patty Mills,millspa02,74,180.0,1988-08-11,Saint Mary's,2010,2023,2010-01-04T00:00:00Z,False,14,NBA,"POR, SAS, BRK",PG,860,107.0,20.441860465116278,3.224418604651163,7.575581395348837,0.4256331542594014,1.7395348837209301,4.476744186046512,0.38857142857142857,1.4848837209302326,3.0988372093023258,0.4791744840525328,0.5404451266308519,0.8418604651162791,0.986046511627907,0.8537735849056604,0.29651162790697677,1.3709302325581396,1.6674418604651162,2.2674418604651163,0.6372093023255814,0.08837209302325581,0.9627906976744186,1.2883720930232558,9.030232558139534,17580.0,2773,6515,1496.0,3850.0,1277.0,2665.0,724,848,255.0,1179.0,1434.0,1950,548.0,76.0,828.0,1108.0,7766,0.0,13.521274175199089,0.5636414106939704,0.5967058589306029,0.1297541524459613,1.6556029579067124,7.343418657565414,4.55316268486917,16.452650739476677,1.5747155858930604,0.3465358361774744,10.691581342434585,19.580597269624576,20.3,15.3,35.8,0.09760011376564277,0.49393629124004557,-0.5050511945392491,-0.003333333333333367,9.0,7.885858930602957,18.535773606370878,4.2495164960182015,10.895875995449375,3.641689419795222,7.622434584755405,2.0464846416382256,2.398680318543799,0.7192150170648464,3.356951080773606,4.086313993174062,5.574516496018203,1.5747155858930604,0.2361660978384528,2.35098976109215,3.1621672354948807,22.08089306029579,110.59067121729238,110.67195676905574,89.9914675767918,8.27372013651877,1.6013651877133106,0.0,0.0,4.741143344709898,2.0397269624573378,495.0,205.0,403.0,56.0,246.0,267.0,4485.0,62.0,185.0,19.524072810011376,0.12415500568828214,0.047921387940841866,0.04547150170648464,0.18582337883959044,0.5967058589306029,0.6531146188850968,0.3687896473265074,0.39334232081911263,0.41273998862343575,0.4925544368600683,0.8198888509670079,0.0,0.0,0.24059317406143343,0.43841399317406143,16.0,0.0,1,0,0,0.0,0.0,0.0,0,0,0,0,0,0,0,0,0,0,0,0.0,0,0.0,0,0.002142857142857143,0,0.0015714285714285713,0,0.0,0,0.0,2010,2025,14,0.40329414106939704
Garrett Temple,templga01,77,195.0,1986-05-08,LSU,2010,2024,2010-02-09T00:00:00Z,False,14,NBA,"SAC, HOU, SAS, MIL, CHA, WAS, SAC, LAC, MEM, BRK, CHI, NOP, TOR",SG,743,289.0,20.50336473755047,2.1763122476446837,5.423956931359354,0.40124069478908186,0.9609690444145357,2.7954239569313595,0.3437650457390467,1.215343203230148,2.6285329744279946,0.46236559139784944,0.48982630272952854,0.7819650067294751,1.053835800807537,0.7420178799489144,0.4158815612382234,1.847913862718708,2.2637954239569313,1.6541049798115748,0.7981157469717362,0.32166890982503366,0.8855989232839838,1.8048452220726783,6.095558546433378,15234.0,1617,4030,714.0,2077.0,903.0,1953.0,581,783,309.0,1373.0,1682.0,1229,593.0,239.0,658.0,1341.0,4529,0.0,9.439740055139819,0.5176032558750164,0.5072225941971905,0.1957214126296442,2.2625049231981094,10.091367992648024,6.147630300643297,11.532414336352897,1.9396218983851914,1.3785217277143231,13.123854535906524,14.557614546409347,2.3,14.599999999999998,16.6,0.05238565051857686,-2.7023565708284103,0.577556780884863,-2.1369108572928974,-0.6000000000000001,5.256459235919653,13.121386372587631,2.3227057896809766,6.704483392411712,2.9413417355914397,6.375068924773532,1.8995011159249051,2.559570697124853,1.0075948536169097,4.47651306288565,5.48410791650256,4.009990810030196,1.9396218983851914,0.7678285414205068,2.1605881580674806,4.376782197715636,14.715642641459894,102.19069187344098,109.90199553630038,14.66495995798871,66.1343704870684,18.922607325718786,0.5287514769594328,0.0,-3.305658395693843,-1.6219049494551658,382.0,142.0,627.0,66.0,302.0,140.0,2838.0,74.0,186.0,16.73278193514507,0.21214756465800186,0.07129375082053303,0.07281495339372455,0.13645424707890247,0.5072225941971905,0.6082735985296048,0.3461213732440594,0.3705546146776946,0.32671504529342266,0.5610273729814889,0.9063457397925694,0.013568137061835368,49.0,0.4038621504529343,0.34958533543389786,5.0,0.0,0,0,0,0.0,0.0,0.0,0,0,0,0,0,0,0,0,0,0,0,0.0,0,0.0,0,0.0,0,0.0,0,0.0,0,0.0,2010,2025,14,0.49277740580280954
Ish Smith,smithis01,72,175.0,1988-07-05,Wake Forest,2011,2024,2010-10-26T00:00:00Z,False,14,NBA,"HOU, MEM, GSW, ORL, MIL, PHO, OKC, PHI, NOP, DET, WAS, CHO, DEN, CHO",PG,805,172.0,19.2472049689441,3.0459627329192545,7.098136645962733,0.42912145607280366,0.3813664596273292,1.173913043478261,0.32486772486772486,2.6645962732919255,5.924223602484472,0.44977982805619626,0.45598529926496323,0.622360248447205,0.9204968944099379,0.6761133603238867,0.34658385093167704,2.0385093167701864,2.3850931677018634,3.7813664596273293,0.6745341614906832,0.24472049689440994,1.227329192546584,1.2807453416149068,7.095652173913043,15494.0,2452,5714,307.0,945.0,2145.0,4769.0,501,741,279.0,1641.0,1920.0,3044,543.0,197.0,988.0,1031.0,5712,0.0,12.81983348392926,0.46989221634180967,0.16012985671872984,0.12582380276235963,1.9305408545243319,11.90368529753453,6.827339615334967,30.290880340777075,1.7234542403511035,1.0674067380921648,14.308913127662324,19.762056279850263,1.5,12.5,13.799999999999999,0.04230934555311734,-1.5133858267716533,-0.2797792693946044,-1.8025429198399379,0.7000000000000001,7.789718600748676,18.164270040015488,0.9601394088034078,2.9773267071124305,6.80455014844456,15.177178262553246,1.5964566929133859,2.3360913902155676,0.8774816057828837,5.205621530915194,6.103356137859818,9.677010455660255,1.7234542403511035,0.6258938944107396,3.1332580353685295,3.284961920743514,18.140925519555957,101.05834516587066,111.273331612237,99.25822899186782,0.857105976507035,0.0,0.0,0.0,-3.1172905640893256,0.6192913385826772,578.0,301.0,587.0,38.0,302.0,112.0,7329.0,83.0,285.0,11.32795921001678,0.2659925777720408,0.22238866658061182,0.1568712404801859,0.19409339099006065,0.16012985671872984,0.5642949528849878,0.38189266812959854,0.40616315993287716,0.37889512069188075,0.18851135923583323,0.6815684135794501,0.0037373176713566543,21.0,0.22214928359364913,0.38366922679747,13.0,1.0,1,0,0,0.0,0.0,0.0,0,0,0,0,0,0,0,0,0,0,0,0.0,0,0.0,0,0.0,0,0.0,0,0.0,0,0.0,2011,2024,14,0.8398701432812701
Paul George,georgpa01,80,220.0,1990-05-02,Fresno State,2011,2024,2010-10-27T00:00:00Z,False,14,NBA,"IND, OKC, LAC",SF,867,819.0,33.65859284890427,7.09919261822376,16.1280276816609,0.44017735822069654,2.5986159169550174,6.757785467128028,0.38453661034306197,4.500576701268743,9.370242214532873,0.48030526834071885,0.5207394693556462,4.0011534025374855,4.686274509803922,0.8538026089096726,0.8373702422145328,5.465974625144176,6.3033448673587085,3.6805074971164937,1.6885813148788926,0.43944636678200694,2.6724336793540946,2.6724336793540946,20.798154555940023,29182.0,6155,13983,2253.0,5859.0,3902.0,8124.0,3469,4063,726.0,4739.0,5465.0,3191,1464.0,381.0,2317.0,2317.0,18032,4.0,19.368203001850457,0.5700241929956823,0.4153284901651703,0.28882561167843185,2.766318278390788,17.698173531629084,10.31399150161058,18.273541909396204,2.514930436570488,1.0783016928243436,12.87547803440477,27.186125008566925,42.099999999999994,46.29999999999998,88.6,0.14538629977383316,2.747885682955247,1.1644438352409017,3.9351038311287776,43.8,10.50194297854842,23.870327599204995,3.8206120211089036,9.977170858748543,6.671472140360495,13.896419025426633,5.915917346309369,6.922698923994243,1.2313549448290042,8.11680145295045,9.37656774724145,5.466455349187855,2.514930436570488,0.6589335891988212,3.9716674662463167,3.981313823589884,30.7530326913851,109.7717428551847,104.68309231718183,0.0,12.625008566924818,68.17315468439449,18.17993968884929,1.327599204989377,5.7046775409499,7.625899527105749,1265.0,620.0,952.0,288.0,1600.0,222.0,7483.0,360.0,700.0,16.206959769721063,0.1919065519840998,0.10274844081968337,0.11977640326228499,0.17032920978685492,0.4153284901651703,0.6421936810362552,0.3844097731478308,0.4044255362894935,0.40173055308066613,0.3598220135700089,0.7428996984442464,0.04233537797272292,486.0,0.19409701185662392,0.44052878486738395,35.0,3.0,0,0,9,0.20685714285714285,0.13714285714285715,0.014785714285714286,2,4,11,1,1,6,10,0,1,1,0,0.027,0,0.0,0,0.0,1,0.03892857142857143,0,0.03692857142857143,0,0.0,2011,2025,14,0.5846715098348296
Gordon Hayward,haywago01,79,225.0,1990-03-23,Butler,2011,2024,2010-10-27T00:00:00Z,False,14,NBA,"UTA, BOS, CHO, OKC",SF,835,649.0,30.723353293413172,5.299401197604791,11.646706586826348,0.455012853470437,1.3305389221556887,3.5952095808383233,0.37008660892738177,3.968862275449102,8.051497005988024,0.4929347017700431,0.512133676092545,3.264670658682635,3.972455089820359,0.8218269520651191,0.7532934131736527,3.6754491017964073,4.42874251497006,3.5209580838323356,0.9676646706586827,0.3844311377245509,1.912574850299401,1.7005988023952097,15.194011976047904,25654.0,4425,9725,1111.0,3002.0,3314.0,6723.0,2726,3317,629.0,3069.0,3698.0,2940,808.0,321.0,1597.0,1420.0,12687,0.0,16.933725734778204,0.5665421766586107,0.3059281983316442,0.3405603414672176,2.7495088485226473,13.509538473532393,8.10095501676152,18.582774616044283,1.6200904342402742,1.0477508380759337,12.633788103219773,22.32953145708272,41.0,22.599999999999998,63.5,0.1188358930381227,1.6279410618227177,-0.06193576050518439,1.5589225851719026,23.0,8.799695953847355,19.35079519763,2.2121657441334683,5.983795899274967,6.59956342090902,13.382228892180557,5.457425742574258,6.6391128089186875,1.2487955094722072,6.084692445622514,7.321154595774538,5.828210025726981,1.6200904342402742,0.655511811023622,3.192414438294223,2.8270328213923754,25.270842753566694,111.81917049972714,109.98635690340687,0.09807437436657052,22.728151555313012,67.10271302720824,10.428783035783894,0.12115069774694005,0.5453340609651516,1.8328720667342324,734.0,479.0,582.0,231.0,1330.0,117.0,6949.0,317.0,467.0,14.11009978950651,0.2253677789038746,0.1560509862009823,0.12420850549621892,0.18833819287440554,0.3059281983316442,0.6586260232322446,0.3984457784361113,0.4359653855149296,0.41104178685585097,0.4966152646760738,0.8727692757464723,0.04754724409448819,425.0,0.22682918843065408,0.41104740001559203,6.0,0.0,0,0,1,0.0,0.004428571428571428,0.008642857142857143,0,0,0,0,0,0,3,0,0,1,0,0.0,0,0.0,0,0.00014285714285714287,0,0.0010714285714285715,0,0.0,0,0.0,2011,2024,14,0.6940718016683558
Bismack Biyombo,biyombi01,80,255.0,1992-08-28,,2012,2025,2011-12-26T00:00:00Z,False,14,NBA,"CHA, CHO, TOR, ORL, CHO, PHO, MEM, OKC, SAS",C,867,377.0,19.50634371395617,1.9838523644752017,3.696655132641292,0.5366614664586583,0.0,0.0034602076124567475,0.0,1.9838523644752017,3.693194925028835,0.5371642723297939,0.5366614664586583,1.1014994232987312,1.9988465974625145,0.5510675129832661,1.9019607843137254,3.9907727797001153,5.892733564013841,0.671280276816609,0.2687427912341407,1.2687427912341407,0.9146482122260668,2.1614763552479817,5.069204152249135,16912.0,1720,3205,0.0,3.0,1720.0,3202.0,955,1733,1649.0,3460.0,5109.0,582,233.0,1100.0,793.0,1874.0,4395,0.0,12.99570719016083,0.5520046121097446,0.0009049787133396405,0.5550399124881741,10.646020577105016,23.095967360454114,16.7737582781457,5.0097386471144745,0.6855664616840114,5.43440160832545,16.831297303689688,12.499662961210975,12.2,20.900000000000002,33.199999999999996,0.09417035241248817,-2.9972859508041623,0.43513481551561023,-2.5581776253547783,-2.5999999999999996,5.103713339640493,9.52439687795648,0.0,0.0,5.103713339640493,9.516420293282875,2.849976348155155,5.1792159413434256,4.916503074739829,10.316213339640491,15.241272469252602,1.696020577105014,0.6855664616840114,3.292017502365185,2.3672067171239357,5.589835619678333,13.061435666982025,109.1080298013245,107.08751182592242,0.0,0.0,0.0,15.697670293282876,84.37582781456953,-5.826194418164617,-2.2632095553453166,178.0,181.0,997.0,242.0,740.0,50.0,1351.0,154.0,390.0,3.747374645222327,0.5894529328287608,0.3121232261116367,0.07732030510879848,0.020777199621570486,0.0009049787133396405,0.6756770931882685,0.3407051797540208,0.30335223509933773,0.12957947019867552,0.7500872161778618,0.0,0.23178299432355723,674.0,0.0797658467360454,0.0,0.0,0.0,0,0,0,0.00028571428571428574,0.0,0.002428571428571429,0,0,1,0,0,0,0,0,0,1,0,0.0,0,0.0,0,0.0,0,0.0,0,0.0,0,0.0,2012,2025,14,0.9990950212866604
Kyrie Irving,irvinky01,74,195.0,1992-03-23,Duke,2012,2025,2011-12-26T00:00:00Z,False,14,NBA,"CLE, BOS, BRK, DAL",PG,779,779.0,34.504492939666235,8.71245186136072,18.373555840821567,0.4741843079717739,2.4082156611039793,6.114249037227214,0.3938694100356918,6.30423620025674,12.259306803594352,0.5142408376963351,0.5397191364493816,3.8292682926829267,4.313222079589217,0.887797619047619,0.8189987163029525,3.2541720154043645,4.073170731707317,5.602053915275995,1.3119383825417201,0.4326059050064185,2.4942233632862645,2.2721437740693196,23.662387676508345,26879.0,6787,14313,1876.0,4763.0,4911.0,9550.0,2983,3360,638.0,2535.0,3173.0,4364,1022.0,337.0,1943.0,1770.0,18433,3.0,22.19267457866736,0.5827799769336656,0.33083920532757916,0.23660143606532982,2.637546039659213,10.391949105249452,6.536854049629823,28.82791026451877,1.8852040626511404,1.0648424420551361,10.987845529967633,29.127474980468023,67.7,23.200000000000003,90.9,0.16251404442129544,4.728319505934001,-0.28306484616243166,4.467513672383646,43.900000000000006,12.581945012835298,26.570560660738867,3.4704453290673016,8.800476208192269,9.117467167677368,17.76079839279735,5.55884891551025,6.272379924848394,1.178299043863239,4.685795602514974,5.8749023401168206,8.120860151047285,1.8852040626511404,0.6255701476989471,3.6168458648015185,3.2882473306298605,34.181000037203766,115.7796420997805,111.00770117935934,81.0883217381599,17.81472525019532,1.2344953309274898,0.0,0.0,3.056705978645039,3.8895345808995874,1039.0,600.0,747.0,146.0,1330.0,117.0,10268.0,363.0,690.0,14.273689497377132,0.21955984225603634,0.16299144313404518,0.14914632240782766,0.13732121730719152,0.33083920532757916,0.6336544514304847,0.4316321663752372,0.4728041221771643,0.4618740652554038,0.25941177127125264,0.5615681014918711,0.0026684028423676477,31.0,0.14477558688939318,0.4110363852821906,17.0,1.0,1,0,9,0.00035714285714285714,0.05828571428571428,0.07142857142857142,0,0,1,0,1,3,8,1,1,1,0,0.0,1,0.987,0,0.0,0,0.00035714285714285714,0,0.0,0,0.014666666666666668,2012,2025,14,0.6691607946724208
Cory Joseph,josepco01,74,200.0,1991-08-20,Texas,2012,2025,2011-12-26T00:00:00Z,False,14,NBA,"SAS, TOR, IND, SAC, DET, GSW, ORL",PG,866,191.0,21.1270207852194,2.5727482678983833,5.844110854503464,0.4402292037146809,0.6062355658198614,1.733256351039261,0.3497668221185876,1.966512702078522,4.1108545034642034,0.47837078651685394,0.4920964236316933,0.9780600461893765,1.2448036951501156,0.7857142857142857,0.476905311778291,1.9411085450346421,2.4180138568129332,2.9064665127020786,0.7228637413394919,0.2113163972286374,0.9815242494226328,1.5646651270207852,6.7297921478060045,18296.0,2228,5061,525.0,1501.0,1703.0,3560.0,847,1078,413.0,1681.0,2094.0,2517,626.0,183.0,850.0,1355.0,5828,0.0,11.995037166593791,0.5254689003060778,0.30375245955400093,0.21155094009619588,2.5311051595977263,10.310215347616966,6.4150688675120255,19.727109750765194,1.7014921294271972,0.8499781372977702,13.335330126803676,15.439527765631828,16.0,16.200000000000003,32.2,0.08426699825098385,-1.4775032794053344,0.3330236117184084,-1.1490271097507652,4.2,6.078388718845649,13.79969392216878,1.418801923917796,4.07163314385658,4.672567774376913,9.731952339309139,2.3264265413205067,2.938686051595977,1.1316353301268036,4.580006558810668,5.68826519457805,6.837909925666812,1.7014921294271972,0.49484040227372106,2.316506340183647,3.6765741145605593,15.878153694796678,109.98786620026235,110.81826628771316,67.52836685614342,32.55908395277656,0.016178399650196764,0.0,0.0,0.7848272846523829,-0.021075644949715717,478.0,218.0,671.0,78.0,410.0,207.0,6053.0,100.0,282.0,13.896583952776565,0.21560122431132486,0.1887417468299082,0.1211055968517709,0.16965424136423266,0.30375245955400093,0.6269029842588544,0.4209846961084389,0.39394567118495843,0.39961576300830787,0.2956579580236117,0.9102835045911676,0.0006237428946217753,1.0,0.306686598163533,0.38686111718408395,17.0,1.0,1,0,0,0.0,0.0,0.0,0,0,0,0,0,0,0,0,0,0,0,0.0,0,0.0,0,0.0,0,0.0,0,0.0,0,0.0,2012,2025,14,0.6963349912549192
Markieff Morris,morrima02,81,245.0,1989-09-02,Kansas,2012,2025,2011-12-26T00:00:00Z,False,14,NBA,"PHO, WAS, OKC, DET, LAL, MIA, BRK, DAL, LAL",PF,791,381.0,23.33754740834387,3.9304677623261695,8.868520859671301,0.44319315751960087,0.8331226295828066,2.441213653603034,0.3412739513205593,3.0973451327433628,6.427307206068268,0.481904012588513,0.4901639344262295,1.515802781289507,1.9469026548672566,0.7785714285714286,1.125158027812895,3.738305941845765,4.86346396965866,1.5436156763590392,0.7509481668773704,0.4804045512010114,1.4171934260429835,2.5802781289506953,10.209860935524652,18460.0,3109,7015,659.0,1931.0,2450.0,5084.0,1199,1540,890.0,2957.0,3847.0,1221,594.0,380.0,1121.0,2041.0,8076,0.0,13.378949079089924,0.524712676056338,0.28244620801733483,0.2174945287107259,5.354306608884074,17.96384073672806,11.633331527627302,10.292210184182014,1.6050433369447452,1.6569068255687973,12.683082340195018,20.893087757313108,7.7,19.599999999999998,27.099999999999998,0.07079474539544964,-1.455395449620802,-0.037952329360780045,-1.4931635969664139,2.2999999999999994,8.346598049837485,18.851478873239433,1.7608667388949077,5.153131094257855,6.59612676056338,13.693174431202598,3.2168255687974,4.152464788732394,2.392036836403033,7.930059588299025,10.342128927410618,3.2800108342361862,1.6050433369447452,1.0461484290357528,3.0151841820151675,5.493125677139761,21.698466955579633,102.4957204767064,107.74907908992417,0.0,0.0,0.1346153846153846,76.72231852654387,23.143066088840737,-1.327323943661972,-0.22290899241603454,487.0,239.0,1039.0,234.0,657.0,63.0,2840.0,138.0,324.0,13.575899241603468,0.23118851570964247,0.15621013001083428,0.17937686890574212,0.15068196099674974,0.28244620801733483,0.6284800108342362,0.4021993499458288,0.423111159263272,0.38407313109425784,0.5891415492957747,0.9688865113759481,0.05693472372697724,355.0,0.2245339653304442,0.3291167930660888,24.0,1.0,1,0,0,0.0,0.0,0.008642857142857143,0,0,0,0,0,0,0,0,0,1,0,0.0,0,0.0,0,0.009714285714285715,0,0.0015,0,0.0,0,0.0,2012,2025,14,0.7175537919826653
Alec Burks,burksal01,78,214.0,1991-07-20,Colorado,2012,2025,2011-12-27T00:00:00Z,False,14,NBA,"UTA, SAC, CLE, GSW, PHI, NYK, DET, NYK, MIA",SG,791,158.0,22.219974715549938,3.4841972187104933,8.395701643489254,0.4149977413040205,1.2326169405815424,3.1921618204804045,0.38613861386138615,2.2515802781289507,5.20353982300885,0.4327016520894072,0.4884053606384581,2.350189633375474,2.9190897597977243,0.8051104374187961,0.5410872313527181,2.7989886219974713,3.3400758533501897,1.922882427307206,0.672566371681416,0.20101137800252844,1.1415929203539823,1.7623261694058154,10.551201011378003,17576.0,2756,6641,975.0,2525.0,1781.0,4116.0,1859,2309,428.0,2214.0,2642.0,1521,532.0,159.0,903.0,1394.0,8346,0.0,14.092045971779699,0.5449708124715521,0.38105598543468366,0.3474873122439691,2.701911697769686,14.218980427856168,8.395283340919436,13.747166590805643,1.5205962676376878,0.7937983614019117,10.56783113336368,21.625648611743284,17.3,14.5,31.900000000000002,0.08676974283113337,-0.12803823395539374,-0.3879551661356396,-0.5182692307692309,6.7,7.923856395084205,19.067017523896215,2.770636094674556,7.165851160673647,5.156861629494765,11.89582385070551,5.343508192990442,6.639627901684114,1.237016385980883,6.3459490213928085,7.580296995903506,4.3809854346836605,1.5205962676376878,0.4600876194811106,2.619617660446063,4.018075785161583,23.963876877560313,109.38000682749204,111.72035730541647,10.169151115157032,64.89161356395084,24.411811561219846,0.7274123805188893,0.0,-2.316869594902139,0.5564804278561676,465.0,222.0,653.0,116.0,985.0,172.0,3543.0,216.0,416.0,14.80969503868912,0.2179207441966318,0.16400267410104688,0.0988386436049158,0.1379743400091033,0.38105598543468366,0.5541686959490214,0.3364423076923077,0.37543713017751484,0.36421187983614023,0.4037800409649522,0.7597711652253073,0.02095414201183432,128.0,0.25318161128812017,0.40978043923532087,20.0,0.0,0,0,0,0.0,0.0,0.002428571428571429,0,0,0,0,0,0,0,0,0,1,0,0.0,0,0.0,0,0.0,0,0.00014285714285714287,0,0.0,0,0.0,2012,2025,14,0.6189440145653163
Nikola Vučević,vucevni01,82,260.0,1990-10-24,USC,2012,2025,2011-12-28T00:00:00Z,False,14,NBA,"PHI, ORL, CHI",C,972,908.0,31.381687242798353,7.3353909465020575,14.745884773662551,0.4974534291495151,0.9238683127572016,2.6512345679012346,0.3484672099340318,6.411522633744856,12.094650205761317,0.5301122830894862,0.5287797390636991,1.6059670781893005,2.0843621399176953,0.7704837117472852,2.5041152263374484,7.958847736625515,10.462962962962964,2.8930041152263373,0.8446502057613169,0.8683127572016461,1.7181069958847737,2.424897119341564,17.200617283950617,30503.0,7130,14333,898.0,2577.0,6232.0,11756.0,1561,2026,2434.0,7736.0,10170.0,2812,821.0,844.0,1670.0,2357.0,16719,6.0,20.112021768350655,0.5483336720978265,0.17231934563813395,0.14217024554961807,8.717801527718587,28.182149296790474,18.3613251155624,15.637235681736222,1.3251778513588828,2.3505983018063796,10.00291118906337,24.398472281414943,39.1,41.0,80.0,0.12573107563190505,1.9032095203750452,0.18621447070779926,2.0984886732452543,31.7,11.578867652362062,23.257259941645085,1.4152968560469463,4.114264170737305,10.109113857653345,19.14500213093794,2.541363144608727,3.2962823328852906,3.970638953545553,12.565501753925846,16.536094810346523,4.550440940235386,1.3251778513588828,1.360800576992427,2.716945874176311,3.838989607579582,27.097170770088187,110.46988820771728,107.45720093105597,0.0,0.0,0.0,2.1597219945579123,97.93030193751434,-2.791495918434252,-0.2539815755827295,683.0,433.0,1450.0,251.0,874.0,44.0,6854.0,241.0,605.0,11.25137855292922,0.2583184604792971,0.26583716355768283,0.14264882142740057,0.16065314887060286,0.17231934563813395,0.6690107858243453,0.5001196275776153,0.44409799036160386,0.4337964790348491,0.6791223158377865,0.8215981378880766,0.03687171753598007,437.0,0.07226898993541618,0.27792856440350133,5.0,0.0,0,0,2,0.0,0.0016428571428571427,0.0012142857142857144,0,0,0,0,0,0,4,0,0,1,0,0.0,0,0.0,0,0.0,0,0.0165,0,0.0,0,0.0,2012,2025,14,0.8276806543618659
Reggie Jackson,jacksre01,74,208.0,1990-04-16,Boston College,2012,2025,2011-12-31T00:00:00Z,False,14,NBA,"OKC, DET, LAC, DEN, PHI",PG,884,530.0,24.72737556561086,4.596153846153846,10.863122171945701,0.42309694887014476,1.3246606334841629,3.840497737556561,0.34491899852724595,3.271493212669683,7.02262443438914,0.46585051546391754,0.48406747891283974,1.751131221719457,2.0509049773755654,0.8538334252619967,0.48981900452488686,2.2963800904977374,2.7861990950226243,4.079185520361991,0.670814479638009,0.1244343891402715,1.7680995475113122,1.8970588235294117,12.268099547511312,21859.0,4063,9603,1171.0,3395.0,2892.0,6208.0,1548,1813,433.0,2030.0,2463.0,3606,593.0,110.0,1563.0,1677.0,10845,2.0,14.519218628482548,0.5213945285694679,0.3561581042133675,0.1861282766823734,2.18106958232307,10.132247586806349,6.217233176266069,26.358520517864495,1.3583283773274168,0.3995791207283042,13.07013129603367,24.010965734937553,17.500000000000004,18.8,36.20000000000001,0.07971197218536986,0.22301569147719502,-0.8546685575735395,-0.6372249416716227,7.3999999999999995,9.266919804199642,21.90875611876115,2.6498558945971915,7.707168671942907,6.617260624914223,14.178558031016971,3.545715723500617,4.145445811793769,0.9848803696417952,4.655931195388629,5.640308339814264,8.227878676975157,1.3583283773274168,0.25465025847477013,3.563712887140309,3.82407703920582,24.735610046205224,106.2386202479528,111.06381810695824,89.59705384509813,9.980602955304452,0.43991033441603,0.0,0.0,1.8337526876801318,-0.4983851045336019,923.0,350.0,660.0,168.0,673.0,147.0,8508.0,173.0,443.0,14.402772313463563,0.2087880964362505,0.20299181115330067,0.11141296491147812,0.119800951553136,0.3561581042133675,0.6011323482318497,0.41345153026213455,0.4060778169175168,0.3847779404364335,0.1884222517041036,0.6494997941351388,0.016447367217164558,132.0,0.16432005123747656,0.37865629717736404,43.0,1.0,1,0,0,0.00028571428571428574,0.0,0.0,0,0,1,0,0,0,0,0,0,0,0,0.0,0,0.0,0,0.005571428571428572,0,0.0012857142857142856,0,0.0,0,0.0,2012,2025,14,0.6438418957866324
Jimmy Butler,butleji01,79,230.0,1989-09-14,"Tyler Junior College, Marquette",2012,2025,2012-01-01T00:00:00Z,False,14,NBA,"CHI, MIN, PHI, MIA, GSW",SF/SG,869,764.0,33.13003452243959,5.922899884925202,12.553509781357883,0.4718122651022092,0.7871116225546605,2.398158803222094,0.32821497120921306,5.135788262370541,10.155350978135788,0.5057223796033994,0.5031625263543863,5.6616800920598385,6.712313003452244,0.8434767701011486,1.6582278481012658,3.6892980437284235,5.347525891829689,4.340621403912543,1.6110471806674338,0.4361334867663982,1.6098964326812428,1.3762945914844649,18.294591484464902,28790.0,5147,10909,684.0,2084.0,4463.0,8825.0,4920,5833,1441.0,3206.0,4647.0,3772,1400.0,379.0,1399.0,1196.0,15898,19.0,21.71397360194512,0.5868407085793679,0.1960262591177492,0.533817436609934,5.61716915595693,12.33211879124696,8.991729767280306,21.14518930184092,2.4480131990274403,1.1290309135116359,9.422737061479681,22.874098645362977,86.10000000000001,37.5,123.69999999999999,0.20619360889197635,3.595213615838833,1.3827301146231332,4.965883987495658,50.49999999999999,8.9709378256339,19.04369225425495,1.1941090656477944,3.6410072941993743,7.778402222994096,15.37236193122612,8.566686349426885,10.15150746787079,2.508381382424453,5.610521014241056,8.127651962486974,6.5612782216047245,2.4480131990274403,0.6613372698853768,2.4583431747134425,2.096960750260507,27.71381035081625,122.86349426884335,107.42466134074331,0.0859326154914901,29.88454324418201,47.0075026050712,22.80934352205627,0.22278568947551233,4.454362625911775,6.356269538034041,742.0,342.0,540.0,186.0,2559.0,106.0,9075.0,502.0,666.0,11.181531781868706,0.3118678707884682,0.19982063216394583,0.14247662382771795,0.1485015977770059,0.1960262591177492,0.667040291767975,0.3905805488016673,0.40929399096908653,0.35287558179923584,0.4612695727683223,0.7776566168808614,0.06221510941299062,628.0,0.32850732893365747,0.3832625217089267,32.0,1.0,0,0,6,0.18100000000000002,0.10135714285714285,0.0,0,5,10,0,1,5,8,0,0,0,0,0.0012142857142857142,0,0.0,0,0.0,1,0.06007142857142857,0,0.002214285714285714,0,0.06933333333333333,2012,2025,14,0.8039737408822507
Tobias Harris,harrito02,80,226.0,1992-07-15,Tennessee,2012,2025,2012-01-07T00:00:00Z,False,14,NBA,"MIL, ORL, DET, LAC, PHI, DET",PF,970,850.0,31.677319587628865,6.1608247422680416,12.87938144329897,0.47834787480989355,1.3494845360824743,3.683505154639175,0.36635880212706406,4.811340206185567,9.195876288659793,0.5232062780269058,0.53073721283919,2.415463917525773,2.888659793814433,0.8361884368308351,1.0,5.153608247422681,6.153608247422681,2.363917525773196,0.7927835051546391,0.5556701030927835,1.3855670103092783,1.9855670103092784,16.08659793814433,30727.0,5976,12493,1309.0,3573.0,4667.0,8920.0,2343,2802,970.0,4999.0,5969.0,2293,769.0,539.0,1344.0,1926.0,15604,1.0,16.49044814007225,0.5685711914602791,0.28560858528330135,0.22543395059719465,3.4948286523253165,18.052937156246948,10.78119243661926,11.759384254889838,1.2313893318579752,1.5079441533504734,8.94362938132587,21.49497835779607,43.0,32.300000000000004,75.30000000000001,0.11783115826471831,1.1015686529762097,-0.14719953135678715,0.9543691216194226,22.9,9.612916978553065,20.102021023855244,2.112236795001139,5.746262244931168,7.5065902951801355,14.3722133628405,3.774667230774238,4.526615029127477,1.5753897223939857,8.052152829758844,9.604725485729164,3.692472418394246,1.2313893318579752,0.870436423991929,2.1674585869105347,3.1064536075763987,25.113457220034494,113.01640251244834,110.04107137045595,0.0,0.1260454974452436,27.586064373352425,69.6775148891854,2.52859049044814,0.5863865655612328,0.7656751391284538,497.0,457.0,1044.0,240.0,1316.0,48.0,5498.0,348.0,798.0,12.294288410843883,0.2567650600449116,0.23078335014807824,0.1367026719172064,0.08981504865427797,0.28560858528330135,0.6831143945064602,0.4378252025905556,0.43967224265304133,0.41349135939076387,0.48870407133791127,0.9063832785498096,0.0523086536271032,593.0,0.309394766817457,0.39091531877501867,9.0,0.0,0,0,0,0.0,0.00028571428571428574,0.0,0,0,0,0,0,0,1,0,0,0,0,0.0,0,0.0,0,0.0,0,0.0007142857142857143,0,0.0,0,0.0,2012,2025,14,0.7143914147166986
