player,player_id,ht_in_in,wt,birth_date,colleges,from_season,to_season,debut,hof,n_seasons,lg,teams,pos,career_g,career_gs,mp_per_game,fg_per_game,fga_per_game,fg_percent,x3p_per_game,x3pa_per_game,x3p_percent,x2p_per_game,x2pa_per_game,x2p_percent,e_fg_percent,ft_per_game,fta_per_game,ft_percent,orb_per_game,drb_per_game,trb_per_game,ast_per_game,stl_per_game,blk_per_game,tov_per_game,pf_per_game,pts_per_game,career_mp,career_fg,career_fga,career_x3p,career_x3pa,career_x2p,career_x2pa,career_ft,career_fta,career_orb,career_drb,career_trb,career_ast,career_stl,career_blk,career_tov,career_pf,career_pts,career_trp_dbl,career_per,career_ts_percent,career_x3p_ar,career_f_tr,career_orb_percent,career_drb_percent,career_trb_percent,career_ast_percent,career_stl_percent,career_blk_percent,career_tov_percent,career_usg_percent,career_ows,career_dws,career_ws,career_ws_48,career_obpm,career_dbpm,career_bpm,career_vorp,career_fg_per_100_poss,career_fga_per_100_poss,career_x3p_per_100_poss,career_x3pa_per_100_poss,career_x2p_per_100_poss,career_x2pa_per_100_poss,career_ft_per_100_poss,career_fta_per_100_poss,career_orb_per_100_poss,career_drb_per_100_poss,career_trb_per_100_poss,career_ast_per_100_poss,career_stl_per_100_poss,career_blk_per_100_poss,career_tov_per_100_poss,career_pf_per_100_poss,career_pts_per_100_poss,career_o_rtg,career_d_rtg,career_pg_percent,career_sg_percent,career_sf_percent,career_pf_percent,career_c_percent,career_on_court_plus_minus_per_100_poss,career_net_plus_minus_per_100_poss,career_bad_pass_turnover,career_lost_ball_turnover,career_shooting_foul_committed,career_offensive_foul_committed,career_shooting_foul_drawn,career_offensive_foul_drawn,career_points_generated_by_assists,career_and1,career_fga_blocked,career_avg_dist_fga,career_percent_fga_from_x0_3_range,career_percent_fga_from_x3_10_range,career_percent_fga_from_x10_16_range,career_percent_fga_from_x16_3p_range,career_percent_fga_from_x3p_range,career_fg_percent_from_x0_3_range,career_fg_percent_from_x3_10_range,career_fg_percent_from_x10_16_range,career_fg_percent_from_x16_3p_range,career_percent_assisted_x2p_fg,career_percent_assisted_x3p_fg,career_percent_dunks_of_fga,career_num_of_dunks,career_percent_corner_3s_of_3pa,career_corner_3_point_percent,career_num_heaves_attempted,career_num_heaves_made,career_CHMP_count,career_FMVP_count,career_all_star_count,career_all_defense_share_mean,career_all_nba_share_mean,career_all_rookie_share_mean,career_all_defense_1st_count,career_all_defense_2nd_count,career_all_defense_ORV_count,career_all_nba_1T_count,career_all_nba_2T_count,career_all_nba_3T_count,career_all_nba_ORV_count,career_all_rookie_1st_count,career_all_rookie_2nd_count,career_all_rookie_ORV_count,career_mvp_winner_count,career_mvp_share_mean,career_roy_winner_count,career_roy_share_sum,career_smoy_winner_count,career_smoy_share_mean,career_mip_winner_count,career_mip_share_mean,career_dpoy_winner_count,career_dpoy_share_mean,career_clutch_poy_winner_count,career_clutch_poy_share_mean,from,to,experience,career_percent_fga_from_x2p_range
Kareem Abdul-Jabbar,abdulka01,86,225.0,1947-04-16,UCLA,1970,1987,1969-10-18T00:00:00Z,True,18,NBA,"MIL, LAL",C,1406,635.0,38.01066856330014,10.699857752489331,19.022048364153626,0.5624976631146008,0.0007112375533428165,0.00995732574679943,0.07142857142857142,4.195590327169275,7.205547652916074,0.5822722337380318,0.562516358197794,4.5412517780938835,6.308677098150782,0.7198421645997746,1.9587482219061167,6.261024182076814,11.826458036984352,3.8769559032716927,0.7638691322901849,2.1422475106685632,1.6166429587482218,3.019203413940256,25.94167852062589,53443.0,15044,26745,1.0,14.0,5899.0,10131.0,6385,8870,2754.0,8803.0,16628.0,5451,1074.0,3012.0,2273.0,4245.0,36474,21.0,25.335304904290552,0.5961003686170312,0.0005947458039406471,0.33222530546563633,6.6347182600115815,18.984180948499603,14.941550811144582,15.131023707501448,1.1436242390445652,3.326972823405761,6.8644031959283724,12.60570140149318,175.5,89.8,265.1,0.2381442845648635,4.626392519605871,1.77421073798512,6.401045646491052,84.7,12.629511864065956,22.34947969032777,0.0,0.01286446812789061,6.898833701990751,11.851633822642267,5.316971646893223,7.247783028353105,3.189048361150211,10.155507239091092,13.352136537301426,4.72479640056304,1.2371631811783634,3.473801025537904,2.643318922179771,3.767846370400161,30.577141564448013,79.39302232053086,98.72911220591192,,,,,,,,,,,,,,,,,,,,,,,,,,,,,,,,,,,5,2,17,0.2081666666666667,0.5022777777777778,0.05555555555555555,5,11,0,10,15,,2,1,,1,6,0.33911111111111114,1,1.0,0,0.0,0,0.0,0,0.0,,,1970,1989,18,
Kareem Abdul-Jabbar,abdulka01,86,225.0,1947-04-16,UCLA,1971,1988,1969-10-18T00:00:00Z,True,18,NBA,"MIL, LAL",C,1404,715.0,37.19159544159544,10.38888888888889,18.403133903133902,0.564517377505999,0.0007122507122507123,0.010683760683760684,0.06666666666666667,4.543447293447294,7.8582621082621085,0.5781745672074685,0.5645367288489821,4.348290598290598,5.98005698005698,0.7271319676036208,2.0455840455840457,6.5263532763532766,11.336182336182336,3.738603988603989,0.7991452991452992,2.2108262108262107,1.7321937321937322,2.9757834757834756,25.126780626780626,52217.0,14586,25838,1.0,15.0,6379.0,11033.0,6105,8396,2872.0,9163.0,15916.0,5249,1122.0,3104.0,2432.0,4178.0,35278,21.0,25.105733764865843,0.5979314016508034,0.0006529099718482487,0.32544881935002007,6.609495391281243,18.885869320852663,15.809504567478022,14.970969224582031,1.1363141181140564,3.2738130760898443,7.622274355095085,13.847553478752129,168.79999999999998,88.0,256.59999999999997,0.23598588582262484,4.367233678608762,1.6824099591371284,6.050061769457379,85.9,12.490812981089045,22.165820108334124,0.0,0.012159080110234725,7.074360923690962,12.238111755202889,5.261208780765941,7.157431340872373,3.151266273876271,10.01538297063575,13.168331274351418,4.619255440463745,1.2241589850803005,3.3875059393709015,2.679326237764896,3.8079920174855078,30.238434856979943,81.01644017865628,99.18262377648959,,,,,,,,,,,,,,,,,,,,,,,,,,,,,,,,,,,6,2,17,0.18633333333333335,0.46222222222222226,0.0,5,10,0,10,14,,2,0,,0,6,0.3151111111111111,0,0.0,0,0.0,0,0.0,0,0.0,,,1970,1989,19,
Kareem Abdul-Jabbar,abdulka01,86,225.0,1947-04-16,UCLA,1972,1989,1969-10-18T00:00:00Z,True,18,NBA,"MIL, LAL",C,1396,789.0,36.26361031518625,9.911174785100286,17.660458452722064,0.5612071063519104,0.0007163323782234957,0.012893982808022923,0.05555555555555555,4.793696275071634,8.37320916905444,0.5725040636495851,0.5612273870365864,4.123925501432665,5.644699140401146,0.7305837563451777,2.1310888252148996,6.729226361031519,10.701289398280803,3.6181948424068766,0.830945558739255,2.2843839541547277,1.8101719197707737,2.944126074498567,23.946991404011463,50624.0,13836,24654,1.0,18.0,6692.0,11689.0,5757,7880,2975.0,9394.0,14939.0,5051,1160.0,3189.0,2527.0,4110.0,33430,20.0,24.444129266750945,0.5944967011694058,0.0008408659924146651,0.32002905736409604,6.63261496523388,18.72897637484197,15.447746128318583,14.85392304045512,1.135005633383644,3.261297013274336,8.247171302149178,14.956289506953222,152.70000000000002,84.7,237.20000000000002,0.2249837428887484,4.124628314339872,1.6095416447804143,5.734571904903281,85.9,12.351812181697765,22.027786786032383,0.0,0.01555941261104894,7.145031630392582,12.484381209034645,5.193032178500468,7.062303880147075,3.1415397264028138,9.879302075958618,13.022458720624844,4.52173476145888,1.2193527759380638,3.349279466508325,2.680126521570329,3.8734898485851965,29.88855596409893,81.90613652453925,99.4852353438235,,,,,,,,,,,,,,,,,,,,,,,,,,,,,,,,,,,5,1,17,0.15694444444444444,0.40688888888888886,0.0,5,9,0,9,13,0,2,0,0,0,5,0.2653888888888889,0,0.0,0,0.0,0,0.0,0,0.0,,,1970,1989,20,
Moses Malone,malonmo01,82,215.0,1955-03-23,,1975,1992,1974-10-18T00:00:00Z,True,18,"ABA,NBA","UTS, SSL, BUF, HOU, PHI, WSB, ATL, MIL",C,1372,948.0,35.4030612244898,7.397230320699708,14.89868804664723,0.4965021280759258,0.00510204081632653,0.05830903790087463,0.0875,6.285714285714286,12.680758017492712,0.49568915967352567,0.49667335257570566,6.473760932944606,8.51603498542274,0.7601848681958233,5.272594752186589,7.494169096209912,12.7667638483965,1.3768221574344024,0.8637026239067055,1.3564139941690962,3.0495626822157433,2.4810495626822155,21.27332361516035,48573.0,10149,20441,7.0,80.0,8624.0,17398.0,8882,11684,7234.0,10282.0,17516.0,1889,1185.0,1861.0,4184.0,3404.0,29187,0.0,22.09309698803862,0.5708421139316081,0.003999176497230972,0.5755407530932823,16.27097976241945,23.20431721326663,19.748386963951166,5.845521174314947,1.1780907088300085,2.1692586416321826,13.940129289934738,24.00018940563688,117.8,60.0,177.79999999999998,0.17556498466226095,3.176209005002779,-1.4991888497725074,1.6962448273732322,45.1,10.062042698618574,20.243843287423054,0.005169538632573653,0.07835422971609743,8.569859798653575,17.300481749119882,8.80941057789307,11.568511312869289,7.159745125892986,10.166215798900625,17.33348774010253,1.879729479340374,1.1780907088300085,1.839159615424207,4.128933769789801,3.363557943713586,28.89516192123196,107.80534453297099,104.49838387581578,,,,,,,,,,,,,,,,,,,,,,,,,,,,,,,,,,,1,1,13,0.021722222222222223,0.3191111111111111,0.0,1,2,0,4,8,0,4,1,0,1,3,0.15861111111111115,0,0.1,0,0.0011111111111111111,0,0.0,0,0.0013,,,1975,1995,18,
Moses Malone,malonmo01,82,215.0,1955-03-23,,1976,1993,1974-10-18T00:00:00Z,True,18,"ABA,NBA","SSL, BUF, HOU, PHI, WSB, ATL, MIL",C,1300,948.0,34.97846153846154,7.362307692307692,14.96,0.49213286713286714,0.005384615384615384,0.06076923076923077,0.08860759493670886,6.189230769230769,12.62,0.49043033036693895,0.4923128342245989,6.562307692307693,8.556923076923077,0.7669003955411723,5.231538461538461,7.3476923076923075,12.579230769230769,1.3953846153846154,0.8469230769230769,1.3392307692307692,2.98,2.4015384615384616,21.29230769230769,45472.0,9571,19448,7.0,79.0,8046.0,16406.0,8531,11124,6801.0,9552.0,16353.0,1814,1101.0,1741.0,3874.0,3122.0,27680,0.0,22.261057353976074,0.5684378298733287,0.004201420654468683,0.5762323627726953,16.343455313159748,23.184880805770586,19.7651807705841,5.9912341660802255,1.1679473082336382,2.17356615059817,13.52998988388459,24.22578949683321,112.69999999999999,55.00000000000001,167.70000000000002,0.1769117039057002,3.286860045742435,-1.594420742434905,1.7059267241379312,42.39999999999999,10.128065622800843,20.556958128078822,0.0055220795214637585,0.08369766009852216,8.534122097114707,17.412871657283606,9.034724665728362,11.757167047853624,7.178872712878256,10.07525730119634,17.26217012667136,1.924067558057706,1.1679473082336382,1.8323077938071783,4.076121569317382,3.289446252638987,29.243088054187197,107.7760599929627,104.82116467276566,,,,,,,,,,,,,,,,,,,,,,,,,,,,,,,,,,,1,1,12,0.021722222222222223,0.3191111111111111,0.0,1,2,0,4,8,0,4,0,0,0,3,0.15861111111111112,0,0.0,0,0.001,0,0.0,0,0.0011818181818181817,,,1975,1995,19,
Moses Malone,malonmo01,82,215.0,1955-03-23,,1977,1994,1974-10-18T00:00:00Z,True,18,NBA,"BUF, HOU, PHI, WSB, ATL, MIL, PHI",C,1312,948.0,34.239329268292686,7.1814024390243905,14.626524390243903,0.49098488796248047,0.005335365853658537,0.05945121951219512,0.08974358974358974,6.019054878048781,12.308689024390244,0.489008607344108,0.49116727462219906,6.485518292682927,8.428353658536585,0.7694881533731235,5.115091463414634,7.206554878048781,12.321646341463415,1.3643292682926829,0.8285060975609756,1.3185975609756098,2.8910060975609757,2.333079268292683,20.853658536585368,44922.0,9422,19190,7.0,78.0,7897.0,16149.0,8509,11058,6711.0,9455.0,16166.0,1790,1087.0,1730.0,3793.0,3061.0,27360,0.0,22.340300966119052,0.5685491073416143,0.004203886737010818,0.5805228173278126,16.38098036596768,23.29513601353457,19.839083299942125,6.005022038199547,1.1686278438181736,2.1897644806553584,13.420054761586751,24.250730154490007,112.5,54.4,166.79999999999998,0.17814872445572325,3.324805217933307,-1.5859333956635944,1.752524375584346,42.400000000000006,10.111446507279284,20.570669159877124,0.005589688793909443,0.08349806330973689,8.497987622990962,17.39068830417168,9.13136547793954,11.847204042562664,7.187473843551044,10.113652553314633,17.306664885802057,1.9263434397399941,1.1686278438181736,1.8454009171452739,4.051658430167847,3.2730978139886924,29.308505854592404,107.92629446596322,104.87400382885892,,,,,,,,,,,,,,,,,,,,,,,,,,,,,,,,,,,1,1,12,0.021722222222222223,0.3191111111111111,0.0,1,2,0,4,8,0,4,0,0,0,3,0.15861111111111115,0,0.0,0,0.0009090909090909091,0,0.0,0,0.0010833333333333333,,,1975,1995,20,
Moses Malone,malonmo01,82,215.0,1955-03-23,,1978,1995,1974-10-18T00:00:00Z,True,18,NBA,"HOU, PHI, WSB, ATL, MIL, PHI, SAS",C,1247,948.0,34.13392141138733,7.2542101042502,14.767441860465116,0.4912299755633994,0.006415396952686447,0.06415396952686447,0.1,6.342421812349639,12.976744186046512,0.48875293536027686,0.4914471897909313,6.59663191659984,8.540497193263834,0.772394366197183,5.047313552526062,7.093825180433039,12.141138732959101,1.3688853247794708,0.8195669607056937,1.2445870088211708,3.050521251002406,2.2461908580593426,21.111467522052926,42565.0,9046,18415,8.0,80.0,7909.0,16182.0,8226,10650,6294.0,8846.0,15140.0,1707,1022.0,1552.0,3804.0,2801.0,26326,0.0,22.45401386115353,0.5699864677551979,0.004636203453541642,0.5838993069423236,16.178353107012803,23.07894044402678,19.621247503817695,6.074199459649948,1.1592529073182194,2.086310348878187,14.22723834136027,25.655552684130157,107.19999999999999,51.3,158.4,0.1784895336544109,3.36236344414425,-1.6506167038646775,1.726155291906496,39.9,10.251088922823916,20.850626101256903,0.0069493715493950435,0.0905720662516152,8.982908492893221,18.39288852343475,9.321787853870552,12.052728767766943,7.120617878538705,9.998346058968636,17.12480911547046,1.9399271702102667,1.1592529073182194,1.7509150710677786,4.288967461529426,3.166047221895924,29.78296722659462,114.26667449782686,105.3415247268883,,,,,,,,,,,,,,,,,,,,,,,,,,,,,,,,,,,1,1,12,0.021722222222222223,0.3191111111111111,0.0,1,2,0,4,8,0,4,0,0,0,3,0.15727777777777777,0,0.0,0,0.0008333333333333334,0,0.0,0,0.001,,,1975,1995,21,
Robert Parish,parisro01,85,230.0,1953-08-30,Centenary (LA),1977,1994,1976-10-22T00:00:00Z,True,18,NBA,"GSW, BOS",C,1413,1097.0,30.33262561924982,6.556970983722576,12.142958244869073,0.5399813498076699,0.0,0.004246284501061571,0.0,5.656758669497523,10.302901627742392,0.5490451985162798,0.5399813498076699,2.805378627034678,3.886058032554848,0.7219085776725551,3.0955414012738856,6.793347487615003,9.88888888888889,1.4755838641188959,0.8244869072894551,1.5937721160651097,2.150743099787686,2.9660297239915074,15.91932059447983,42860.0,9265,17158,0.0,6.0,7993.0,14558.0,3964,5491,4374.0,9599.0,13973.0,2085,1165.0,2252.0,3039.0,4191.0,22494,2.0,19.717636490900606,0.5768962435837611,0.0003412039197386841,0.322129328044797,11.641122258516098,24.095097993467103,18.03074661689221,7.043777414839011,1.3001516565562297,2.95845076994867,13.336430237984136,21.17606859542697,73.7,69.3,143.0,0.16013737750816612,1.5132757816145588,0.2830634624358376,1.8076598226784881,41.1,10.383628091460569,19.189253383107793,0.0,0.0,9.020979934671022,16.40992533831078,4.436024265048996,6.1428348110126,4.908644423705086,10.75398040130658,15.635221651889877,2.3175221651889872,1.3001516565562297,2.5022281847876813,3.403936070928604,4.681565562295847,25.181003266448904,107.98695753616425,101.65072328511432,,,,,,,,,,,,,,,,,,,,,,,,,,,,,,,,,,,3,0,9,0.003111111111111111,0.03305555555555555,0.0,0,0,2,0,1,1,7,0,0,1,0,0.01588888888888889,0,0.0,0,0.0,0,0.0,0,0.0,,,1977,1997,18,
Robert Parish,parisro01,85,230.0,1953-08-30,Centenary (LA),1978,1995,1976-10-22T00:00:00Z,True,18,NBA,"GSW, BOS, CHH",C,1417,1101.0,30.22441778405081,6.44742413549753,11.96683133380381,0.538774547384561,0.0,0.004234297812279464,0.0,5.752999294283698,10.5363443895554,0.5460147354320161,0.538774547384561,2.7621736062103035,3.8256880733944953,0.722007009776794,3.0105857445306987,6.714184897671136,9.724770642201834,1.4502470007057162,0.8023994354269584,1.5483415666901905,2.1912491178546225,2.8927311220889202,15.657021877205363,42828.0,9136,16957,0.0,6.0,8152.0,14930.0,3914,5421,4266.0,9514.0,13780.0,2055,1137.0,2194.0,3105.0,4099.0,22186,2.0,19.427521714766037,0.5746839684318671,0.00034145885869057627,0.3213265854114131,11.44634584851032,23.980701877276548,17.887368076959,6.970979265900812,1.2776804893994582,2.9075371252451667,13.778878303913329,21.71276501354254,70.60000000000001,69.0,139.6,0.15647034650228825,1.3812972821518634,0.2672667413841412,1.6598930606145514,39.4,10.286576538712993,19.06672737461474,0.0,0.0,9.223442607639862,16.87992434855702,4.401699822545997,6.092806108153544,4.815907817315775,10.722228448678436,15.510712617913516,2.29536284673578,1.2776804893994582,2.4513472494629682,3.4885565517885495,4.613390772391893,24.952633790977867,111.06661529840291,101.93980573456618,,,,,,,,,,,,,,,,,,,,,,,,,,,,,,,,,,,3,0,9,0.003111111111111111,0.03305555555555555,0.0,0,0,2,0,1,1,7,0,0,0,0,0.01588888888888889,0,0.0,0,0.0,0,0.0,0,0.0,,,1977,1997,19,
Robert Parish,parisro01,85,230.0,1953-08-30,Centenary (LA),1979,1996,1976-10-22T00:00:00Z,True,18,NBA,"GSW, BOS, CHH",C,1409,1135.0,29.76933995741661,6.264017033356991,11.559261887863734,0.5419045864800147,0.0,0.0042583392476933995,0.0,5.8708303761533,10.767210787792761,0.5452508074616044,0.5419045864800147,2.6962384669978707,3.710432931156849,0.726664116296863,2.941092973740241,6.571327182398864,9.512420156139106,1.411639460610362,0.765791341376863,1.5081618168914124,2.09652235628105,2.7594038325053227,15.224272533711853,41945.0,8826,16287,0.0,6.0,8272.0,15171.0,3799,5228,4144.0,9259.0,13403.0,1989,1079.0,2125.0,2954.0,3888.0,21451,2.0,19.365671712957443,0.5771575157944928,0.000348647037787579,0.32211550840386227,11.436166408391943,23.95779234712123,17.879988079628088,6.892695196090117,1.2459721063297173,2.9049374180474428,13.700398140421983,21.36669924901657,70.90000000000002,66.4,137.29999999999998,0.1570798426510907,1.4502038383597569,0.25152699964238884,1.7132983669090476,39.1,10.188561211109787,18.782653474788415,0.0,0.0,9.56777685063774,17.53560615091191,4.378118965311718,6.0227488377637375,4.798602932411491,10.70764572654667,15.482941947788769,2.2766575277148644,1.2459721063297173,2.4388294194778877,3.4081988318035523,4.4969698414590535,24.732554535701514,111.73658362140898,102.42248182143283,,,,,,,,,,,,,,,,,,,,,,,,,,,,,,,,,,,3,0,9,0.003111111111111111,0.03305555555555556,0.0,0,0,2,0,1,1,7,0,0,0,0,0.01588888888888889,0,0.0,0,0.0,0,0.0,0,0.0,,,1977,1997,20,
Robert Parish,parisro01,85,230.0,1953-08-30,Centenary (LA),1980,1997,1976-10-22T00:00:00Z,True,18,NBA,"GSW, BOS, CHH, CHI",C,1376,1138.0,29.026162790697676,6.0625,11.133720930232558,0.5445169712793734,0.0,0.00436046511627907,0.0,6.0625,11.12936046511628,0.5447303121326891,0.5445169712793734,2.633720930232558,3.6177325581395348,0.7280032141422258,2.849563953488372,6.289970930232558,9.13953488372093,1.377906976744186,0.715843023255814,1.400436046511628,1.9978197674418605,2.6344476744186047,14.758720930232558,39940.0,8342,15320,0.0,6.0,8342.0,15314.0,3624,4978,3921.0,8655.0,12576.0,1896,985.0,1927.0,2749.0,3625.0,20308,1.0,19.227593890836257,0.5794225588382574,0.00036614922383575366,0.32521917876815226,11.424954932398599,23.528938407611417,17.67216074111167,6.905543314972459,1.2019579369053581,2.7905533299949923,13.582861792689034,21.160676014021032,69.39999999999999,61.6,131.1,0.15742008012018027,1.4845643465197798,0.14838007010515772,1.6390560841261892,36.50000000000001,10.141602403605408,18.61275913870806,0.0,0.0,10.141602403605408,18.607005508262397,4.396975463194792,6.034759639459189,4.7815022533800695,10.541554832248373,15.304616925388082,2.2876214321482222,1.2019579369053581,2.333137205808713,3.3452578868302454,4.4204381572358535,24.656354531797696,112.36642463695543,102.94694541812719,0.0,0.0,0.0,0.0,100.0,16.3,5.200000000000001,7.0,12.0,27.0,3.0,14.0,,48.0,3.0,9.0,8.2,0.371,0.329,0.28,0.020999999999999998,0.0,0.585,0.511,0.375,0.0,0.629,0.0,0.049,7.0,0.0,0.0,0.0,0.0,4,0,9,0.003111111111111111,0.03305555555555555,0.0,0,0,2,0,1,1,7,0,0,0,0,0.01588888888888889,0,0.0,0,0.0,0,0.0,0,0.0,,,1977,1997,21,1.0
James Edwards,edwarja01,85,252.0,1955-11-22,Washington,1978,1995,1977-10-18T00:00:00Z,False,18,NBA,"LAL, IND, CLE, PHO, DET, LAC, LAL, POR",C,1140,763.0,24.633333333333333,5.053508771929825,10.187719298245614,0.4960392629584984,0.0008771929824561404,0.018421052631578946,0.047619047619047616,4.15,8.276315789473685,0.5014308426073132,0.49608231444807993,2.842982456140351,4.0701754385964914,0.6984913793103448,1.5692982456140352,3.662280701754386,5.231578947368421,1.305263157894737,0.3675438596491228,0.7535087719298246,1.6754385964912282,3.4921052631578946,12.950877192982457,28082.0,5761,11614,1.0,21.0,4731.0,9435.0,3241,4640,1789.0,4175.0,5964.0,1488,419.0,859.0,1910.0,3981.0,14764,0.0,14.86127412577452,0.5402227761555445,0.0019141086817178264,0.40109960116800797,6.886792251264156,16.407460294850793,11.604568762908626,7.865960401680792,0.7033865109322698,1.7204223345915535,12.23409301331814,22.599800584003987,32.50000000000001,27.3,60.0,0.10226308667473827,-1.000680150986397,-0.6434335161313297,-1.613307456733851,2.5,9.814101559717969,19.77842390143152,0.0,0.043234100135318,8.155829356883412,16.27176839256463,5.51847802863044,7.892771170144576,3.035531657289367,7.06690050566199,10.09054198418916,2.516049426679012,0.7033865109322698,1.4436400541271988,3.2528772879424537,6.79886048002279,25.120247845595046,106.69079837618403,106.71123851577524,,,,,,,,,,,,,,,,,,,,,,,,,,,,,,,,,,,2,0,0,0.0,0.0,0.0,0,0,0,0,0,0,0,0,0,0,0,0.0,0,0.0,0,0.0,0,0.0,0,0.0,,,1978,1996,18,
James Edwards,edwarja01,85,252.0,1955-11-22,Washington,1979,1996,1977-10-18T00:00:00Z,False,18,NBA,"IND, CLE, PHO, DET, LAC, LAL, POR, CHI",C,1085,711.0,23.917972350230414,4.8912442396313365,9.798156682027649,0.4992004515097357,0.0009216589861751152,0.01935483870967742,0.047619047619047616,4.39815668202765,8.797235023041475,0.4999476165531692,0.49924748377386885,2.751152073732719,3.912442396313364,0.7031802120141343,1.48110599078341,3.4857142857142858,4.966820276497696,1.303225806451613,0.3382488479262673,0.727188940092166,1.623963133640553,3.4285714285714284,12.534562211981568,25951.0,5307,10631,1.0,21.0,4772.0,9545.0,2985,4245,1607.0,3782.0,5389.0,1414,367.0,789.0,1762.0,3720.0,13600,0.0,14.756263727794689,0.5430576085699973,0.002071288196986629,0.40084844514662255,6.778486378174251,16.263427228237834,11.479538360756811,8.10153751300528,0.670583021848869,1.7273785210589185,12.309625833301222,22.575149319872065,29.900000000000002,25.4,55.3,0.10211687410889755,-1.097872914338561,-0.60617702593349,-1.670714037994682,1.8999999999999997,9.85080343724712,19.745096528072132,0.0,0.046784324303495044,8.908966899156102,17.83178297560788,5.540992639975338,7.8708257870602285,2.9725212901236944,6.975026010558358,9.943948210088243,2.5965511926322686,0.670583021848869,1.4482794497321878,3.2749335285730803,6.9246425956610524,25.21293977110708,107.16396285306925,107.23301606874494,,,,,,,,,,,,,,,,,,,,,,,,,,,,,,,,,,,3,0,0,0.0,0.0,0.0,0,0,0,0,0,0,0,0,0,0,0,0.0,0,0.0,0,0.0,0,0.0,0,0.0,,,1978,1996,19,
Tree Rollins,rollitr01,85,235.0,1955-06-16,Clemson,1978,1995,1977-10-22T00:00:00Z,False,18,NBA,"ATL, CLE, DET, HOU, ORL",C,1156,508.0,20.785467128027683,2.2422145328719725,4.2932525951557095,0.5222647592182148,0.0,0.006055363321799308,0.0,1.7664359861591696,3.3572664359861593,0.5261530533367689,0.5222647592182148,0.921280276816609,1.3166089965397925,0.6997371879106439,1.8581314878892734,3.980968858131488,5.839100346020762,0.5709342560553633,0.4429065743944637,2.198961937716263,0.9143598615916955,2.921280276816609,5.405709342560554,24028.0,2592,4963,0.0,7.0,2042.0,3881.0,1065,1522,2148.0,4602.0,6750.0,660,512.0,2542.0,1057.0,3377.0,6249,4.0,13.622153321125353,0.5558255368736473,0.00154332445480273,0.3141323039786915,9.797344764441483,21.190144831030462,15.468349425670052,3.7740594306642254,1.033411020476111,6.2478483435991325,16.01767937406359,11.558918761444978,21.699999999999996,42.1,63.699999999999996,0.12770600965540202,-1.4101173630764108,2.50565173963709,1.0977026802064258,18.9,5.268619943399367,10.052193274513069,0.0,0.009343266189445648,4.198326951889462,7.943607457965706,2.1651531546529053,3.0854211752954885,4.353695688363575,9.351947727651075,13.713804727817548,1.3334235059097719,1.033411020476111,5.154573830531046,2.1472490427834194,6.869864324954221,12.672132512069252,110.06492425503579,100.41984351589812,,,,,,,,,,,,,,,,,,,,,,,,,,,,,,,,,,,0,0,0,0.04711111111111111,0.0,0.0,1,2,0,0,0,0,0,0,0,1,0,0.0,0,0.0,0,0.0,0,0.0,0,0.011230769230769232,,,1978,1995,18,
Rick Mahorn,mahorri01,82,240.0,1958-09-21,Hampton,1981,1999,1980-10-10T00:00:00Z,False,18,NBA,"WSB, DET, PHI, NJN, DET, PHI",PF,1117,613.0,23.078782452999103,2.773500447627574,5.627573858549686,0.4928412344893414,0.004476275738585497,0.03401969561324977,0.13157894736842105,2.7690241718889883,5.593554162936437,0.4950384122919334,0.493238943684378,1.3983885407341092,1.9856759176365264,0.7042380522993688,1.6239928379588182,4.604297224709042,6.228290062667861,0.9686660698299016,0.5666965085049239,0.9015219337511191,1.3034914950760967,3.1324977618621306,6.949865711727843,25779.0,3098,6286,5.0,38.0,3093.0,6248.0,1562,2218,1814.0,5143.0,6957.0,1082,633.0,1007.0,1456.0,3499.0,7763,0.0,11.572341828620193,0.533898017766399,0.00600818495674774,0.3550498467745064,7.885565770588464,22.09979052717328,15.027246983979207,5.76997556150355,1.2077582528414603,2.292160285503704,16.891570658287755,14.233038519725355,10.399999999999999,41.2,51.599999999999994,0.09609593079638468,-2.5288607005702315,1.2407269482912449,-1.2914310097366075,4.5,5.907071647464992,11.969700143527678,0.0024438496450599327,0.06893983474921447,5.884025757399434,11.885938166724852,2.9832344156096053,4.22226230652857,3.468125218200861,9.800341363125025,13.24601031847628,2.0461189340160595,1.2077582528414603,1.9035028511579195,2.770704837270647,6.652026843554831,14.784720121028744,103.12199852593196,102.58993754606463,0.0,0.0,0.12072243346007605,12.80893536121673,87.0703422053232,3.0178707224334596,-0.47519011406844114,13.0,11.0,94.0,16.0,22.0,,48.0,4.0,24.0,9.207794676806083,0.36628707224334595,0.24659030418250952,0.2941292775665399,0.08905608365019012,0.003937262357414448,0.5132718631178708,0.39476425855513303,0.35189068441064636,0.3274058935361217,0.7190731939163498,0.0,0.026210076045627376,4.0,0.0,0.0,0.0,0.0,1,0,0,0.018500000000000003,0.00011111111111111112,0.0,0,1,1,0,0,0,1,0,0,0,0,0.0,0,0.0,0,0.0,0,0.0,0,0.0,,,1981,1999,18,0.9960627376425855
Danny Schayes,schayda01,83,235.0,1959-05-10,Syracuse,1982,1999,1981-10-30T00:00:00Z,False,18,NBA,"UTA, DEN, MIL, LAL, PHO, MIA, ORL",C,1138,427.0,19.31019332161687,2.630931458699473,5.472759226713532,0.48073217726396916,0.0035149384885764497,0.026362038664323375,0.13333333333333333,2.6274165202108963,5.446397188049209,0.48241368183284933,0.481053307642903,2.4499121265377855,3.0413005272407734,0.805547529615718,1.5984182776801406,3.3848857644991215,4.983304042179262,1.141476274165202,0.492091388400703,0.7381370826010545,1.3813708260105448,3.070298769771529,7.715289982425308,21975.0,2994,6228,4.0,30.0,2990.0,6198.0,2788,3461,1819.0,3852.0,5671.0,1299,560.0,840.0,1572.0,3494.0,8780,1.0,13.425228668941978,0.5622687599544938,0.004702343572241184,0.5598493287827077,8.71156313993174,19.517174061433447,13.955936291240043,7.7622116040955635,1.1997087599544938,2.2530557451649607,16.69516268486917,17.049988623435723,24.1,24.6,48.599999999999994,0.1065090329920364,-2.049783845278726,0.03395676905574515,-2.0102298065984074,5.551115123125783e-17,6.383581342434585,13.337333333333332,0.012473265073947668,0.05624118316268487,6.3711080773606374,13.273565415244597,5.89921274175199,7.337042093287827,3.882967007963595,8.198407281001138,12.080778156996589,2.758976109215017,1.1997087599544938,1.7787576791808877,3.3336700796359495,7.44839590443686,18.671831626848693,109.2549715585893,106.58698521046644,0.0,0.0,0.0,3.9565217391304346,96.04347826086956,-0.8100255754475703,0.9447570332480818,32.0,22.0,135.0,17.0,66.0,,131.0,9.0,42.0,13.116265984654731,0.29792480818414324,0.1004772378516624,0.1078849104859335,0.49143017902813296,0.0022097186700767266,0.5144117647058823,0.28355754475703326,0.3290537084398977,0.3960158567774936,0.7431667519181586,0.0,0.004161636828644502,2.0,0.0,0.0,0.0,0.0,0,0,0,0.0,0.0,0.0,0,0,0,0,0,0,0,0,0,0,0,0.0,0,0.0,0,0.0,0,0.0,0,0.0,,,1982,1999,18,0.9977902813299232
Herb Williams,willihe01,83,260.0,1958-02-16,Ohio State,1982,1999,1981-10-30T00:00:00Z,False,18,NBA,"IND, DAL, NYK, TOR, NYK",C,1102,607.0,25.8475499092559,4.570780399274047,9.783121597096189,0.4672108338744087,0.007259528130671506,0.07622504537205081,0.09523809523809523,4.563520871143376,9.706896551724139,0.4701318126577545,0.4675818569705964,1.6896551724137931,2.427404718693285,0.6960747663551402,1.4736842105263157,4.432849364791289,5.906533575317605,1.6842105263157894,0.5490018148820327,1.456442831215971,1.750453720508167,2.6098003629764066,10.838475499092558,28484.0,5037,10781,8.0,84.0,5029.0,10697.0,1862,2675,1624.0,4885.0,6509.0,1856,605.0,1605.0,1929.0,2876.0,11944,0.0,13.628331694986658,0.49571071478724893,0.007858587277067827,0.2449902050273838,6.253391377615505,18.862189299255725,12.5302906895099,9.681041988484763,1.0349599775312457,3.3738098581659877,13.783527594438983,20.35282965875579,-1.3999999999999997,37.099999999999994,36.1,0.06085995646678836,-1.601133969948041,0.6823023451762393,-0.9217736272995367,7.800000000000001,8.577920938070497,18.37611641623367,0.0020046341805926133,0.1372384496559472,8.567922342367645,18.249038056452743,3.1517027102934976,4.536687263024856,2.7776155034405283,8.343712259514113,11.110581379019802,3.1284545709872207,1.0349599775312457,2.7367013059963488,3.2653665215559613,4.962354304170763,20.32400645976689,98.03998736132566,105.06867013059963,0.0,0.0,0.0,7.570707070707071,92.42929292929293,-9.231313131313131,-13.261111111111113,2.0,4.0,35.0,2.0,4.0,,20.0,0.0,3.0,11.02979797979798,0.12316161616161615,0.3090808080808081,0.42237878787878785,0.13515656565656564,0.010222222222222223,0.6223131313131313,0.5608030303030302,0.1857878787878788,0.6480757575757575,0.8295808080808081,0.0,0.021126262626262625,1.0,0.0,0.0,0.0,0.0,0,0,0,0.0,0.0,0.0025,0,0,0,0,0,0,0,0,0,1,0,0.0,0,0.0,0,0.0,0,0.0,0,0.0,,,1982,1999,18,0.9897777777777778
Terry Cummings,cummite01,81,220.0,1961-03-15,DePaul,1983,2000,1982-11-05T00:00:00Z,False,18,NBA,"SDC, MIL, SAS, MIL, SEA, NYK, PHI, GSW",PF,1183,815.0,28.654268808114963,6.800507185122569,14.055790363482672,0.48382246812605245,0.037193575655114115,0.12595097210481826,0.2953020134228188,6.763313609467455,13.929839391377852,0.4855270344074276,0.4851455376473418,2.8114961961115807,3.9822485207100593,0.706007217151348,2.69061707523246,4.604395604395604,7.295012679628064,1.8512256973795436,1.0608622147083686,0.5494505494505495,1.8596787827557058,3.242603550295858,16.449704142011836,33898.0,8045,16628,44.0,149.0,8001.0,16479.0,3326,4711,3183.0,5447.0,8630.0,2190,1255.0,650.0,2200.0,3836.0,19460,1.0,18.301298011682103,0.5180754321788896,0.0089518555667001,0.28110239542155885,10.60780577025193,18.142908136173226,14.359487285385567,10.49590241312172,1.816528998760989,1.1802259720337482,10.552784825063423,25.63531771785946,45.70000000000001,45.39999999999999,91.3,0.12896822821405393,1.044849253643283,-0.4067585108265975,0.6288483096347868,22.499999999999996,11.60603280429524,24.035515369638325,0.06045489409404684,0.21262316360847247,11.551003009027083,23.81475308277774,4.791784176057584,6.784825063425571,4.612404861643754,7.9032951796566175,12.527626998642988,3.177715499439495,1.816528998760989,0.9344002596023364,3.2012154109386985,5.6109740987668895,28.075848132633194,107.6876511888607,104.68411115700042,0.0,0.0,0.760666277030976,63.79105786090006,35.44827586206897,-1.1475452951490355,-1.8464932787843369,75.0,40.0,213.0,25.0,145.0,,375.0,29.0,83.0,11.07416715371128,0.23483372296902397,0.20180654587960262,0.3221838106370543,0.23513734658094682,0.005154880187025132,0.5640087668030391,0.39280362361192284,0.39671858562244305,0.5034739918176505,0.6626399766218586,0.5374050263004091,0.011572180011689071,13.0,0.0,0.0,0.0,0.0,0,0,2,0.0,0.043888888888888894,0.05555555555555555,0,0,0,0,1,1,4,1,0,1,0,0.011277777777777779,1,0.811,0,0.0,0,0.0,0,0.0,,,1983,2000,18,0.9948451198129749
John Stockton,stockjo01,73,170.0,1962-03-26,Gonzaga,1985,2002,1984-10-26T00:00:00Z,True,18,NBA,UTA,PG,1422,1218.0,31.98945147679325,4.732770745428973,9.154711673699016,0.5169764940851129,0.5738396624472574,1.4929676511954992,0.3843617522373999,4.158931082981716,7.661744022503516,0.5428178063331803,0.5483177139345522,3.20042194092827,3.8741209563994374,0.8261027409693229,0.6434599156118144,2.0639943741209565,2.707454289732771,10.672995780590718,2.19971870604782,0.21026722925457103,2.8565400843881856,2.6427566807313645,13.239803094233475,45489.0,6730,13018,816.0,2123.0,5914.0,10895.0,4551,5509,915.0,2935.0,3850.0,15177,3128.0,299.0,4062.0,3758.0,18827,0.0,21.87832003341467,0.6097082811229089,0.16162944887775066,0.4247409483611422,2.4489393040075624,7.275912858053594,4.951003539317198,50.4408736177977,3.4769724548792014,0.44850843060959794,20.877346171601925,18.845868231880235,136.2,62.50000000000001,198.6,0.20972351557519403,4.954162544791048,1.9703840488909408,6.918982611180726,102.39999999999999,7.55510562993251,14.581951680626085,0.9145969355228738,2.3943744641561695,6.6031480138055345,12.171817362439272,5.087830024841171,6.151476181054762,1.012207346831102,3.282499065708193,4.300466046736574,16.913935237090286,3.4769724548792014,0.34660247532370464,4.5301171711842425,4.171584339070984,21.064217722965992,120.59631998944799,104.01094770164215,100.0,0.0,0.0,0.0,0.0,9.422730289844383,11.609329596577918,799.0,159.0,353.0,89.0,358.0,,8096.0,94.0,227.0,12.64818201932296,0.34598849472674975,0.08354561545836714,0.13686569806032892,0.26133793052585,0.1726526292499447,0.6432608599454237,0.35083368980013274,0.45575182535585224,0.5069129729331072,0.4370206504904491,0.6614537207758685,0.0,0.0,0.06471111438896673,0.4891121764141898,3.0,0.0,0,0,10,0.11016666666666665,0.3057777777777778,0.0025,0,5,12,2,8,10,15,0,0,1,0,0.009055555555555556,0,0.0,0,0.0,0,0.011058823529411765,0,0.0012777777777777779,,,1985,2003,18,0.8273473707500554
John Stockton,stockjo01,73,170.0,1962-03-26,Gonzaga,1986,2003,1984-10-26T00:00:00Z,True,18,NBA,UTA,PG,1422,1295.0,32.541490857946556,4.839662447257384,9.370604781997187,0.5164727954971857,0.5928270042194093,1.541490857946554,0.3845802919708029,4.246835443037975,7.829113924050633,0.5424413904607922,0.5481050656660412,3.267229254571027,3.940225035161744,0.8291986435837944,0.6610407876230661,2.1139240506329116,2.7749648382559773,10.823488045007032,2.219409282700422,0.21378340365682139,2.879043600562588,2.629395218002813,13.539381153305204,46274.0,6882,13325,843.0,2192.0,6039.0,11133.0,4646,5603,940.0,3006.0,3946.0,15391,3156.0,304.0,4094.0,3739.0,19253,0.0,22.111356269179236,0.6100871979945542,0.16397041535203355,0.42088518390456847,2.48387431386956,7.35716601115097,5.016579504689458,50.71041837749059,3.469053896356485,0.45260189307170334,20.61705493365605,18.983893763236374,141.89999999999998,62.7,204.5,0.21228687816052214,5.116596793015516,1.939518952327441,7.0506461511864105,105.7,7.631276742879371,14.748517526040542,0.930276181008774,2.4375070233824614,6.664273674201496,12.295518001469507,5.135157972079353,6.191457405886675,1.0282728962268228,3.32160824653153,4.355543069542292,16.950609413493538,3.469053896356485,0.3507282707351861,4.516553572200372,4.112583740329343,21.28360850585642,120.9539050006483,103.96159830574405,100.0,0.0,0.0,0.0,0.0,8.887855248200076,10.832127068333964,929.0,192.0,412.0,104.0,421.0,,9409.0,110.0,263.0,12.61252368321334,0.3402430213464696,0.08145572817986611,0.13918384489074143,0.27364569912845776,0.16580598711633196,0.6351774030567133,0.3558863205759757,0.4606725401035746,0.4987358216496148,0.4460694076038903,0.6556414045724391,0.0,0.0,0.06805721864342554,0.4804753694581281,4.0,0.0,0,0,10,0.11016666666666666,0.3058888888888889,0.0,0,5,12,2,8,10,16,0,0,0,0,0.009055555555555556,0,0.0,0,0.0,0,0.010444444444444444,0,0.0012777777777777779,,,1985,2003,19,0.8341940128836681
Kevin Willis,willike02,84,220.0,1962-09-06,Michigan State,1985,2003,1984-10-26T00:00:00Z,False,18,NBA,"ATL, MIA, GSW, HOU, TOR, DEN, HOU, SAS",PF,1342,886.0,28.019374068554395,5.204918032786885,10.669895678092399,0.48781339479013897,0.029806259314456036,0.13934426229508196,0.21390374331550802,5.1751117734724295,10.530551415797317,0.49143787149731105,0.4892101403729311,2.220566318926975,3.110283159463487,0.7139434595112601,3.0283159463487332,5.704172876304024,8.732488822652757,0.973919523099851,0.6907600596125186,0.5461997019374069,1.8412816691505216,3.0156482861400895,12.660208643815201,37602.0,6985,14319,40.0,187.0,6945.0,14132.0,2980,4174,4064.0,7655.0,11719.0,1307,927.0,733.0,2471.0,4047.0,16990,0.0,15.824589117600127,0.5250283761502048,0.012594356683155151,0.2925610339875539,11.990928674006703,22.98222434976863,17.453337588426148,5.5896601244614645,1.2409632466358171,1.2911440880804212,13.310959523429606,21.27287112387639,35.2,45.49999999999999,81.0,0.10313350353704591,-0.7191532365299718,-1.3325886920908463,-2.0412903568959098,-0.7000000000000002,9.37817935216212,19.26770384554013,0.05341737141641402,0.2433434391787671,9.33909898409659,19.013741290356894,4.0199324504015745,5.6175735333226955,5.4584277432051485,10.281735014094997,15.747915004521035,1.7663900856337427,1.2409632466358171,0.9864235944896548,3.311951491941918,5.454598159672359,22.848752725918832,105.44891229189936,105.36415616190628,0.0,0.0,0.15372642373191722,26.44607214795825,73.40020142830983,-2.9439846182017946,-5.411362387841055,164.0,161.0,392.0,147.0,497.0,,852.0,97.0,247.0,8.441073063541477,0.3206440212415308,0.3291155466031862,0.22653103827137888,0.11486485991576635,0.008690807544405786,0.6450277421717634,0.38851080388207293,0.34294488188976374,0.37456033693462737,0.6339303241164622,0.15372642373191722,0.06525068668741989,249.0,0.2554042299945065,0.21360666544588905,7.0,0.0,1,0,1,0.014722222222222223,0.013277777777777777,0.0025,0,0,4,0,0,1,4,0,0,1,0,5.555555555555556e-05,0,0.0,0,0.0,0,0.017176470588235293,0,0.0,,,1985,2007,18,0.9913091924555942
Kevin Willis,willike02,84,220.0,1962-09-06,Michigan State,1986,2004,1984-10-26T00:00:00Z,False,18,NBA,"ATL, MIA, GSW, HOU, TOR, DEN, HOU, SAS",PF,1308,867.0,27.668195718654435,5.147553516819572,10.534403669724771,0.4886421365846578,0.0290519877675841,0.13685015290519878,0.2122905027932961,5.118501529051988,10.397553516819572,0.4922794117647059,0.4900210465200668,2.20565749235474,3.0825688073394497,0.7155257936507936,3.0,5.635321100917431,8.635321100917432,0.9801223241590215,0.7010703363914373,0.5298165137614679,1.834097859327217,2.967889908256881,12.529816513761467,36190.0,6733,13779,38.0,179.0,6695.0,13600.0,2885,4032,3924.0,7371.0,11295.0,1282,917.0,693.0,2399.0,3882.0,16389,0.0,15.959309201436858,0.5260600994749931,0.012516689693285439,0.2937327991157778,12.031652390163028,23.03460624481901,17.496642718983143,5.721398176291793,1.2808427742470294,1.2860873169383809,13.40929814865985,21.361110804089527,34.7,44.3,79.2,0.1047501796076264,-0.668811826471401,-1.300069079856314,-1.9530892511743576,0.09999999999999976,9.419068803536888,19.324675324675326,0.050569218016026526,0.24400386847195357,9.38339596573639,19.074570323293727,4.055015197568389,5.652785299806576,5.489270516717324,10.31488532743852,15.812210555402045,1.8024758220502903,1.2808427742470294,0.9741890024868749,3.350478032605692,5.457245095330202,22.968441558441558,105.54003868471953,105.18474716772589,0.0,0.0,0.14864984506418769,25.60575475874281,74.24559539619301,-2.919415670650731,-5.612430278884462,172.0,172.0,418.0,157.0,513.0,,876.0,98.0,254.0,8.44962372731297,0.3203915891987605,0.3259414785303231,0.22786746347941567,0.11701584772023019,0.008634971226206286,0.6483291722000885,0.38793253652058435,0.34235227976980964,0.37318787073926507,0.6313898185037627,0.14864984506418769,0.06573776007082781,261.0,0.24696989818503765,0.20655263390880924,7.0,0.0,1,0,1,0.014722222222222223,0.013277777777777777,0.0,0,0,4,0,0,1,4,0,0,0,0,5.555555555555556e-05,0,0.0,0,0.0,0,0.01622222222222222,0,0.0,,,1985,2007,19,0.9913650287737937
Kevin Willis,willike02,84,220.0,1962-09-06,Michigan State,1987,2005,1984-10-26T00:00:00Z,False,18,NBA,"ATL, MIA, GSW, HOU, TOR, DEN, HOU, SAS, ATL",PF,1255,813.0,27.27808764940239,5.058964143426294,10.404780876494025,0.48621534691376933,0.030278884462151396,0.1394422310756972,0.21714285714285714,5.028685258964144,10.265338645418327,0.48987037180780874,0.487670393628427,2.1752988047808763,3.0215139442231074,0.7199367088607594,2.956175298804781,5.543426294820717,8.499601593625497,0.9928286852589642,0.6844621513944223,0.5227091633466135,1.7824701195219124,2.901195219123506,12.323505976095618,34234.0,6349,13058,38.0,175.0,6311.0,12883.0,2730,3792,3710.0,6957.0,10667.0,1246,859.0,656.0,2237.0,3641.0,15466,0.0,16.004247239586373,0.5238625635333295,0.0129826196179237,0.291320149558918,12.026485365426185,23.041467546883215,17.490538645790732,5.901378746275632,1.2720248875387041,1.3017438803528658,13.23112987088859,21.415510895600864,33.199999999999996,41.1,74.5,0.1041241163755331,-0.6679178594379857,-1.3531313898463515,-2.003350470292691,-0.30000000000000016,9.425988783081147,19.431056844073144,0.053458549979552496,0.2542413974411404,9.388277735584506,19.170365718291755,4.070964538178419,5.641417888648712,5.504478004323187,10.331614768943158,15.844607699947423,1.859064088333236,1.2720248875387041,0.9804375766781563,3.316439796693346,5.440617514751416,22.996818951919142,105.52754571478647,105.32277852427411,0.0,0.0,0.14425637941403902,25.203625741043044,74.65211787954291,-3.3237563364550224,-5.63866311538792,178.0,178.0,443.0,158.0,523.0,,898.0,99.0,259.0,8.397912191769052,0.3243996047770427,0.3231945184294183,0.22736893203883493,0.11586270298135579,0.009029985393934186,0.6450387490334221,0.3877276398316007,0.3369035999656328,0.37061096314116326,0.6279202680642667,0.14425637941403902,0.06610018042787182,268.0,0.23967050433886072,0.20044780479422633,8.0,0.0,1,0,1,0.014722222222222223,0.013277777777777777,0.0,0,0,4,0,0,1,4,0,0,0,0,5.555555555555556e-05,0,0.0,0,0.0,0,0.0105,0,0.0,,,1985,2007,20,0.9909700146060659
Kevin Willis,willike02,84,220.0,1962-09-06,Michigan State,1988,2007,1984-10-26T00:00:00Z,False,18,NBA,"ATL, MIA, GSW, HOU, TOR, DEN, HOU, SAS, ATL, DAL",PF,1179,732.0,26.845631891433417,4.932994062765055,10.23579304495335,0.4819356977129599,0.031382527565733676,0.1450381679389313,0.21637426900584794,4.901611535199321,10.090754877014419,0.4857527107674204,0.48346867749419953,2.1246819338422394,2.946564885496183,0.7210708117443869,2.8761662425784564,5.458015267175573,8.334181509754028,1.005089058524173,0.6751484308736218,0.5055131467345207,1.7523324851569126,2.83206106870229,12.022052586938083,31651.0,5816,12068,37.0,171.0,5779.0,11897.0,2505,3474,3391.0,6435.0,9826.0,1185,796.0,596.0,2066.0,3339.0,14174,0.0,15.875261445136017,0.5199098606679095,0.013710246121765505,0.28883706675934406,11.912230261287164,23.152039430033806,17.481207544785313,6.097488231019557,1.279668888818679,1.2942687434836184,13.241151938327384,21.477444630501406,28.8,37.0,65.9,0.09974386275315156,-0.800890967110044,-1.4215317051593948,-2.2032795172348427,-1.9,9.365685128431961,19.479024359419924,0.05782123787558055,0.26669299548197534,9.324896527755836,19.205355281033775,4.049827809547881,5.607399450254336,5.459284066854129,10.363577770054658,15.832071656503745,1.9128495150232219,1.279668888818679,0.9708160879593063,3.324991311490948,5.413724684844081,22.86123977125525,104.88648067991532,105.4252946194433,0.0,0.0,0.14372538948810135,25.28753638075672,74.56873822975518,-3.275449409347715,-5.612018489984591,179.0,178.0,447.0,159.0,524.0,0.0,900.0,99.0,259.0,8.396447526108544,0.3246226673514809,0.3228551617873652,0.22709887005649715,0.11628650915939052,0.008996747132340352,0.6448729669577127,0.3875261941448383,0.33566349940078755,0.370472521828454,0.6292898476288307,0.14372538948810135,0.06585687382297552,268.0,0.23878830679678137,0.1997099811676083,8.0,0.0,1,0,1,0.005055555555555555,0.012944444444444444,0.0,0,0,3,0,0,1,3,0,0,0,0,5.555555555555556e-05,0,0.0,0,0.0,0,0.006944444444444444,0,0.0,,,1985,2007,21,0.9910032528676598
Hakeem Olajuwon,olajuha01,84,255.0,1963-01-21,Houston,1985,2002,1984-10-27T00:00:00Z,True,18,NBA,"HOU, TOR",C,1238,1186.0,35.7205169628433,8.682552504038773,16.955573505654282,0.5120766042589682,0.020193861066235864,0.10016155088852989,0.20161290322580644,8.662358642972537,16.855411954765753,0.5139215028513922,0.5126720975656234,4.380452342487883,6.155896607431341,0.7115864059834668,3.258481421647819,7.846526655896607,11.105008077544426,2.470113085621971,1.7463651050080775,3.0936995153473346,2.9620355411954766,3.5403877221324715,21.765751211631663,44222.0,10749,20991,25.0,124.0,10724.0,20867.0,5423,7621,4034.0,9714.0,13748.0,3058,2162.0,3830.0,3667.0,4383.0,26946,14.0,23.590728596626114,0.5516480032562978,0.005740875582289358,0.36142001718601596,10.302593731626791,23.807032698656773,17.25889602460314,12.084356202794988,2.424254895753245,5.391373072226494,13.149231151915334,27.084252182171767,68.3,94.4,162.6,0.17669605626158927,2.1638867531997645,2.4847655013341776,4.650067839536882,74.29999999999998,12.076776265207364,23.59375423997105,0.030670254624395103,0.15059020397087425,12.052430916738274,23.453244991180863,6.08485595405002,8.523063181222017,4.485918773461173,10.941497444710778,15.415892542173575,3.4612387499434663,2.424254895753245,4.2860182714486,4.1301365836009225,4.920537289132105,30.2677784812989,108.010356835964,97.91269051603274,0.0,0.0,0.0,0.0,100.0,2.85400839761742,2.534703642222439,326.0,221.0,524.0,46.0,541.0,,1616.0,123.0,236.0,9.424118738404452,0.2663404940923738,0.2742955766038473,0.30805878332194114,0.1428117371350454,0.008482960648374184,0.6514128503075872,0.4526923152035935,0.43500400351528173,0.4052036910457963,0.6800831950004882,0.4091397324480031,0.04012967483644175,145.0,0.10986270871985158,0.13924421443218435,2.0,0.0,2,2,12,0.33066666666666666,0.445,0.05555555555555555,5,9,12,6,9,9,14,1,0,1,1,0.145,0,0.263,0,0.0,0,0.0,2,0.10938888888888888,,,1985,2002,18,0.9915170393516258
Karl Malone,malonka01,81,250.0,1963-07-24,Louisiana Tech,1986,2003,1985-10-25T00:00:00Z,True,18,NBA,UTA,PF,1434,1429.0,37.293584379358435,9.299163179916318,17.99860529986053,0.5166602092212321,0.059274755927475595,0.21548117154811716,0.2750809061488673,9.239888423988843,17.783124128312412,0.5195874671581506,0.5183068578070515,6.707810320781032,9.039748953974895,0.7420350227570779,2.4414225941422596,7.7405857740585775,10.182008368200837,3.5460251046025104,1.419107391910739,0.7845188284518828,3.0829846582984657,3.111576011157601,25.365411436541144,53479.0,13335,25810,85.0,309.0,13250.0,25501.0,9619,12963,3501.0,11100.0,14601.0,5085,2035.0,1125.0,4421.0,4462.0,36374,3.0,24.05277585594345,0.5755594345444006,0.011805549841994056,0.5018861983208363,7.923631705903251,23.44845827334094,15.976633818882178,17.505039361244602,1.9496830531610536,1.4665775351072385,12.327274257185064,29.684674358159278,140.20000000000002,90.39999999999998,230.29999999999998,0.20666377456571744,4.320408010620992,0.8892350268329624,5.192292301651116,97.4,12.765975429607883,24.699300660072176,0.087565212513323,0.2963854971110155,12.673292320350043,24.39287944800763,9.247659829091793,12.425576394472596,3.3216140915125565,10.624970549187532,13.941298453598607,4.902292488640401,1.9496830531610536,1.0755698498476038,4.215836122590175,4.2458553824865835,34.83770451953103,112.78544849380131,101.05022532208905,0.0,0.0,7.6772029677812785,76.62475861368026,15.84779957312735,7.1648846427482455,10.575058440898465,950.0,197.0,598.0,255.0,1824.0,,4795.0,430.0,524.0,11.068182742148593,0.31925678422603926,0.10766424433377376,0.22030216485415183,0.3449378493749365,0.007687112511434089,0.6599559914625471,0.40930282549039537,0.3900109259071044,0.4591479825185487,0.7931977843276756,0.6432625266795405,0.027205102144526882,249.0,0.03189399329200122,0.1544872446386828,1.0,0.0,0,0,14,0.1411111111111111,0.6715555555555556,0.042944444444444445,3,4,12,11,13,13,17,1,0,1,2,0.2387222222222222,0,0.186,0,0.0,0,0.0019444444444444442,0,0.0005555555555555556,,,1986,2004,18,0.9923128874885659
Karl Malone,malonka01,81,250.0,1963-07-24,Louisiana Tech,1987,2004,1985-10-25T00:00:00Z,True,18,NBA,"UTA, LAL",PF,1395,1395.0,37.546236559139786,9.336200716845878,18.06021505376344,0.516948479796777,0.06093189964157706,0.22078853046594982,0.275974025974026,9.275268817204301,17.83942652329749,0.519930884834847,0.5186353893784235,6.875985663082437,9.163440860215054,0.7503715872643354,2.428673835125448,7.786379928315412,10.21505376344086,3.592831541218638,1.4193548387096775,0.789247311827957,3.043010752688172,3.0702508960573476,25.60931899641577,52377.0,13024,25194,85.0,308.0,12939.0,24886.0,9592,12783,3388.0,10862.0,14250.0,5012,1980.0,1101.0,4245.0,4283.0,35725,4.0,24.37807243637474,0.5784019321457892,0.012038070145292784,0.5083499627699182,7.852834259312293,23.49769746262673,15.962000496401094,17.703024228191765,1.9460030165912516,1.479015598449701,12.141800790423279,29.686833915650006,144.7,88.29999999999998,232.70000000000002,0.2132690875766081,4.553552131660843,0.9288809973843479,5.4647173377627585,98.99999999999999,12.777020447906525,24.714874849647746,0.08940756438894935,0.30262137961318897,12.682387307405923,24.404110582889437,9.435158561964222,12.55069782538137,3.2958550508811117,10.670611146113751,13.96106878973595,4.960045439792275,1.9460030165912516,1.081367775932184,4.161051606621227,4.190633293239399,35.05324092636081,113.61597647822518,100.92538709739007,0.0,0.0,7.17647617690371,77.23623580827514,15.727281364305734,7.19978623343309,10.270139185786899,1021.0,212.0,656.0,262.0,1911.0,,5140.0,450.0,541.0,11.024602156667143,0.31930525865754594,0.10605557930739633,0.22015201178091304,0.3470942473041661,0.007381407059047076,0.6617850933447342,0.4102614127594889,0.39157555460548193,0.45294218801957153,0.7911629851313478,0.601307301315852,0.026735166975440598,256.0,0.02981378556838155,0.14441119186736973,1.0,0.0,0,0,14,0.1411111111111111,0.6715555555555555,0.0,3,4,12,11,13,13,17,0,0,0,2,0.23872222222222225,0,0.0,0,0.0,0,0.0019444444444444442,0,0.0005555555555555556,,,1986,2004,19,0.992683815495701
Charles Oakley,oaklech01,81,225.0,1963-12-18,Virginia Union University,1986,2003,1985-10-25T00:00:00Z,False,18,NBA,"CHI, NYK, TOR, CHI, WAS",PF,1275,1159.0,31.572549019607845,3.7905882352941176,8.044705882352941,0.4711904065516233,0.05333333333333334,0.21098039215686273,0.2527881040892193,3.7372549019607844,7.833725490196079,0.47707248698438126,0.4745052159500829,2.0972549019607842,2.7576470588235296,0.7605233219567691,3.0776470588235294,6.490980392156863,9.568627450980392,2.5215686274509803,1.0596078431372549,0.30117647058823527,2.183529411764706,3.461176470588235,9.731764705882354,40255.0,4833,10257,68.0,269.0,4765.0,9988.0,2674,3516,3924.0,8276.0,12200.0,3215,1351.0,384.0,2784.0,4413.0,12408,3.0,13.36924605639051,0.5237859893180971,0.024799229909328036,0.34152942491615945,11.214090175133524,23.514005713575955,17.351352627002857,11.890525400571358,1.6958017637560554,0.6414010681902869,19.108066078747985,15.770930319215003,26.2,63.3,89.30000000000001,0.10667271146441434,-1.1479940380077012,0.685027946838902,-0.4573941125326046,15.400000000000002,6.12264811824618,13.017091044590732,0.08645137250031053,0.34301577443795805,6.03619674574587,12.671469382685382,3.3681679294497577,4.418507017761768,4.949978884610608,10.514281455719786,15.470488138119489,4.102824493851696,1.6958017637560554,0.4786486150788723,3.53149422431996,5.631394857781642,15.68883368525649,104.6715687492237,102.14293876537076,0.0,0.0,2.3670735960934777,78.32731077781654,19.55430763864667,0.8185629577956051,0.2896965469131496,571.0,79.0,825.0,46.0,213.0,,2786.0,43.0,100.0,15.31017788629229,0.16623899546564352,0.05283718172305545,0.12691147540983605,0.6188435995814441,0.035402720613882104,0.5293545866759679,0.2626650156958493,0.3396665504011162,0.4394336239972097,0.8515674223927451,0.5454623648412975,0.0013738402511335893,3.0,0.18870010463899548,0.3721485873735612,0.0,0.0,0,0,1,0.09555555555555556,0.0055000000000000005,0.03283333333333333,1,2,9,0,0,0,4,1,0,1,0,0.0,0,0.038,0,0.0,0,0.0,0,0.0016666666666666666,,,1986,2004,18,0.9645972793861181
Charles Oakley,oaklech01,81,225.0,1963-12-18,Virginia Union University,1987,2004,1985-10-25T00:00:00Z,False,18,NBA,"CHI, NYK, TOR, CHI, WAS, HOU",PF,1205,1129.0,31.956846473029046,3.779253112033195,8.06804979253112,0.468422135363094,0.056431535269709544,0.22074688796680497,0.2556390977443609,3.7228215767634856,7.847302904564315,0.4744077834179357,0.4719193581567579,2.0755186721991703,2.699585062240664,0.7688287734399016,3.0448132780082986,6.532780082987552,9.57759336099585,2.559336099585062,1.0647302904564315,0.2937759336099585,2.1659751037344397,3.461410788381743,9.690456431535269,38508.0,4554,9722,68.0,266.0,4486.0,9456.0,2501,3253,3669.0,7872.0,11541.0,3084,1283.0,354.0,2610.0,4171.0,11677,3.0,13.221759114989093,0.5220717253557702,0.02564820297081126,0.33480271631868697,11.000384335722448,23.348267892386,17.17064765762958,11.955362522073337,1.6899059935597798,0.6244832242650877,19.015352653993975,15.614843668848032,24.5,61.7,86.10000000000001,0.10746611093798691,-1.2271735743222187,0.7585592604134206,-0.46278955022333035,14.700000000000001,6.0535473148436685,12.939703438246598,0.09037342889789135,0.35397579723693784,5.9631738859457775,12.583003531733665,3.3071699387140336,4.291547210969149,4.85703230497559,10.487579204321179,15.351121844811468,4.126155604030331,1.6899059935597798,0.4635504310792563,3.472257712683079,5.5853251272462865,15.488451750285654,104.61389841071986,101.87202659187702,0.0,0.0,2.3629526462395543,78.25536211699165,19.629944289693594,0.822708913649025,0.2914554317548746,572.0,79.0,829.0,46.0,213.0,,2790.0,43.0,101.0,15.30267409470752,0.1665293175487465,0.05274519498607243,0.12698126740947074,0.6186366991643455,0.03534108635097493,0.5293034818941504,0.26220772980501394,0.34081615598885795,0.4386685933147632,0.851825835654596,0.5445127437325905,0.001371448467966574,3.0,0.18837158774373258,0.3715006963788301,0.0,0.0,0,0,1,0.09555555555555556,0.0055000000000000005,0.0,1,2,9,0,0,0,4,0,0,0,0,0.0,0,0.0,0,0.0,0,0.0,0,0.0016666666666666666,,,1986,2004,19,0.9646589136490251
Reggie Miller,millere01,79,185.0,1965-08-24,UCLA,1988,2005,1987-11-06T00:00:00Z,True,18,NBA,IND,SG,1389,1304.0,34.2829373650108,5.93304535637149,12.59827213822894,0.470941196639808,1.8430525557955364,4.669546436285097,0.3946962688868332,4.089992800575954,7.928725701943844,0.515844910560247,0.5440882336133493,4.490280777537797,5.058315334773218,0.8877028181041845,0.6357091432685386,2.375089992800576,3.0107991360691146,2.9812814974802015,1.0835133189344852,0.21526277897768178,1.7343412526997841,1.9654427645788337,18.199424046076313,47619.0,8241,17499,2560.0,6486.0,5681.0,11013.0,6237,7026,883.0,3299.0,4182.0,4141,1505.0,299.0,2409.0,2730.0,25279,1.0,18.36808206808207,0.6123955353955354,0.37501453201453205,0.3975756105756105,2.2011109011109014,7.755883155883156,5.072855372855373,14.40710640710641,1.6374094374094372,0.43076503076503075,10.384802284802284,21.619070119070116,140.4,34.0,174.5,0.17585058485058488,3.7480774480774484,-0.25670425670425673,3.4962493962493966,66.0,8.942905142905143,19.05179445179445,2.8066465066465067,7.111879711879712,6.147697347697349,11.941050841050838,6.775064575064576,7.625874125874126,0.9463071463071463,3.5921228921228927,4.545378945378945,4.491408891408891,1.6374094374094372,0.3303597303597304,2.6036456036456035,2.9634872634872638,27.48867048867049,121.4079674079674,108.75516075516076,8.310255188250077,85.44053550539405,6.322386378406481,0.0,0.0,4.428109700619558,2.9122438369221437,497.0,188.0,316.0,154.0,806.0,,3937.0,154.0,213.0,18.341826610632122,0.11312386811663272,0.05692608639140419,0.1156664789220571,0.28038984446081194,0.43364100342272865,0.7089864823881115,0.43616294787920795,0.404303539707985,0.4511721762488627,0.6919196308652138,0.879448507430354,0.004481738226246697,37.0,0.2644824747627919,0.4198564620250422,19.0,0.0,0,0,5,0.001888888888888889,0.061833333333333323,0.02272222222222222,0,0,2,0,0,3,13,0,0,1,0,0.00016666666666666666,0,0.0,0,0.0,0,0.018111111111111113,0,0.0,,,1988,2005,18,0.5663589965772713
Clifford Robinson,robincl02,82,225.0,1966-12-16,UConn,1990,2007,1989-11-03T00:00:00Z,False,18,NBA,"POR, PHO, DET, GSW, NJN",PF,1380,844.0,30.841304347826085,5.354347826086957,12.228260869565217,0.4378666666666667,0.9079710144927536,2.5471014492753623,0.3564722617354196,4.446376811594203,9.681159420289855,0.4592814371257485,0.4749925925925926,2.579710144927536,3.7427536231884058,0.6892545982575025,1.3420289855072465,3.227536231884058,4.569565217391304,2.2420289855072464,1.0159420289855072,1.0072463768115942,1.8130434782608695,3.0253623188405796,14.196376811594202,42561.0,7389,16875,1253.0,3515.0,6136.0,13360.0,3560,5165,1852.0,4454.0,6306.0,3094,1402.0,1390.0,2502.0,4175.0,19591,0.0,14.492495477079958,0.5093786800122178,0.22087241841122152,0.2982031672188154,4.864279504710886,11.971734686684993,8.396186649749772,12.133819694086135,1.6840370292051405,2.284772444256479,11.63208101313409,22.260163060078476,33.800000000000004,56.1,89.6,0.10118293743098139,-0.0563379619839759,0.5372524141819977,0.4818495806019595,26.6,8.876887291182069,20.29153450341862,1.545388971123799,4.324423768238528,7.33057963863631,15.978132562674748,4.267653485585395,6.174676346890345,2.2138342614130306,5.355055097389629,7.566575033481356,3.7502243838255676,1.6840370292051405,1.662496181950612,3.0219849157679564,5.02616009962172,23.5576067291652,103.04490026080214,103.48417565376754,0.0,0.1774874995154851,28.385596340943447,56.42741966742897,15.46858405364549,1.3791891158572043,-2.2630140703128028,722.0,338.0,1164.0,130.0,1023.0,25.0,4456.0,229.0,432.0,14.125303306329704,0.1811244621884569,0.20054831582619478,0.1522836156440172,0.19050401178340245,0.27560176751036863,0.6022943137330904,0.4176515368812745,0.36199779061203924,0.4183669909686422,0.6890101166711888,0.9713924570719796,0.024563859064304815,216.0,0.189731695026939,0.35529008876313034,7.0,1.0,0,0,1,0.05477777777777778,0.002,0.01922222222222222,0,2,10,0,0,0,6,0,0,1,0,0.0,0,0.0,1,0.050833333333333335,0,0.005555555555555556,0,0.0013333333333333333,,,1990,2007,18,0.7243982324896314
Dikembe Mutombo,mutomdi01,86,245.0,1966-06-25,Georgetown,1992,2009,1991-11-01T00:00:00Z,True,18,NBA,"DEN, ATL, PHI, NJN, NYK, HOU",C,1196,997.0,30.76170568561873,3.4857859531772575,6.726588628762542,0.5182100683654444,0.0,0.0016722408026755853,0.0,3.4857859531772575,6.724916387959866,0.5183389282605992,0.5182100683654444,2.8352842809364547,4.147157190635451,0.6836693548387097,3.1839464882943145,7.1496655518394645,10.33361204013378,1.0367892976588629,0.41304347826086957,2.75,1.8168896321070234,2.8285953177257523,9.80685618729097,36791.0,4169,8045,0.0,2.0,4169.0,8043.0,3391,4960,3808.0,8551.0,12359.0,1240,494.0,3289.0,2173.0,3383.0,11729,10.0,17.209287597510265,0.5755229811638718,0.000302573999075861,0.6242253812073605,11.863325269767063,26.18811665896551,19.090470495501616,5.273526134108885,0.6979505857410779,6.277285205620939,17.46287679051942,14.992144818026148,48.4,68.4,117.0,0.15260291919219374,-0.10022288059579786,1.7658014188252562,1.656777472751488,33.8,5.921711831697969,11.419983148052514,0.0,0.0,5.921711831697969,11.419983148052514,4.832950993449484,7.066774482889838,5.424269522437554,12.187469761626483,17.620464243972712,1.7274985730205756,0.6979505857410779,4.681329673017857,3.0923486722296216,4.82144546220543,16.676904677774456,111.64407056073496,99.20948057948955,0.0,0.0,0.0,0.027658623771224307,99.97234137622877,4.573422698838248,7.959669347631815,182.0,299.0,1010.0,275.0,1066.0,21.0,1334.0,210.0,360.0,5.288529937444148,0.4793443699731904,0.38010415549597854,0.12635478105451298,0.014212243074173368,0.0,0.6515567917783736,0.43272913315460226,0.30739709562109024,0.18204615728328863,0.47550250223413765,0.0,0.14559776586237713,632.0,0.0,0.0,0.0,0.0,0,0,8,0.25955555555555554,0.04977777777777778,0.05555555555555555,3,6,12,0,1,3,8,1,1,1,0,0.00016666666666666666,0,0.036,0,0.0,0,0.0,4,0.11922222222222222,,,1992,2009,18,1.0
Shaquille O'Neal,onealsh01,85,325.0,1972-03-06,LSU,1993,2010,1992-11-06T00:00:00Z,True,18,NBA,"ORL, LAL, MIA, PHO, CLE",C,1170,1161.0,35.184615384615384,9.569230769230769,16.458119658119656,0.5814291649356045,0.0008547008547008547,0.018803418803418803,0.045454545454545456,9.568376068376068,16.439316239316238,0.5820422169075595,0.5814551308683008,5.01025641025641,9.505128205128205,0.5271108713245212,3.556410256410256,7.487179487179487,11.043589743589743,2.5641025641025643,0.617948717948718,2.299145299145299,2.781196581196581,3.4410256410256412,24.14957264957265,41166.0,11196,19256,1.0,22.0,11195.0,19234.0,5862,11121,4161.0,8760.0,12921.0,3000,723.0,2690.0,3254.0,4026.0,28255,2.0,26.595068746052565,0.585368167905553,0.0010867463440703494,0.5817590487295341,11.757715104698052,23.66557838993344,17.850597580527623,14.085934994898706,0.9067944420152553,4.606060826895981,12.104671330709808,29.64507846280911,114.4,64.9,178.9,0.2086706748287422,4.54910362920857,0.6912694942428218,5.2335568187339065,74.99999999999999,14.035701792741582,24.141424962347568,0.0,0.016542778020696692,14.035701792741582,24.11742214448817,7.349431569742021,13.94710683573823,5.22690084049944,10.9840135062916,16.18971724238449,3.7725574503230823,0.9067944420152553,3.364781615896614,4.075018218918524,5.056106981489579,35.422166350872075,112.61509498129524,101.26538891318079,0.0,0.0,0.0,0.0,100.0,7.648083461102594,8.50965268982068,757.0,461.0,1741.0,468.0,3515.0,28.0,5240.0,1074.0,533.0,4.254459702686487,0.5101317245516966,0.4158601759882674,0.07098200119992,0.0022107859476034933,0.0007569495366975535,0.7471671555229651,0.4330555296313579,0.2874593360442637,0.1306059262715819,0.6162709486034263,0.0,0.20056629558029462,2583.0,0.0,0.0,5.0,0.0,4,3,15,0.10016666666666667,0.5331666666666668,0.05555555555555555,0,3,12,8,10,14,17,1,1,1,1,0.24333333333333332,1,0.98,0,0.0,0,0.0016666666666666668,0,0.013777777777777776,,,1993,2011,18,0.9992430504633023
Shaquille O'Neal,onealsh01,85,325.0,1972-03-06,LSU,1994,2011,1992-11-06T00:00:00Z,True,18,NBA,"ORL, LAL, MIA, PHO, CLE, BOS",C,1126,1116.0,34.5,9.411190053285969,16.121669626998223,0.5837602600121192,0.0008880994671403197,0.017761989342806393,0.05,9.410301953818827,16.103907637655418,0.5843489770032537,0.5837878036688151,4.891651865008881,9.352575488454708,0.5230272528724718,3.4342806394316163,7.202486678507993,10.63676731793961,2.552397868561279,0.6030195381882771,2.172291296625222,2.6669626998223803,3.3969804618117228,23.714920071047956,38847.0,10597,18153,1.0,20.0,10596.0,18133.0,5508,10531,3867.0,8110.0,11977.0,2874,679.0,2446.0,3003.0,3825.0,26703,2.0,26.70917960202847,0.5869016912502895,0.0009935130125878445,0.5853922825443405,11.560951939660718,23.325052127577422,17.57032203258939,14.369060673925915,0.9031662676654568,4.515591937601359,11.914886606430354,29.669408191108708,111.0,60.50000000000001,171.19999999999996,0.21160995701083743,4.629649651195717,0.6526707339048061,5.275097176101114,71.1,14.11673488300255,24.181509511674,0.0,0.0175303112209437,14.11673488300255,24.16397920045306,7.343352125003218,14.034790331299714,5.162040826833475,10.81382346127114,15.961307179447575,3.83497309959585,0.9031662676654568,3.260071562797642,4.000442762632893,5.111398563595644,35.57629675393209,112.94867042500064,101.30221123896311,0.0,0.0,0.0,0.0,100.0,7.7985107628276005,8.536313975417832,770.0,474.0,1817.0,481.0,3581.0,28.0,5293.0,1093.0,546.0,4.194442999284647,0.5179776289263186,0.4097016648240879,0.06936860245821681,0.002156727580152175,0.0007384405280613904,0.7464784093126097,0.43283410288092605,0.2804303505235091,0.1274123366066203,0.6209102230604149,0.0,0.20113929895298172,2626.0,0.0,0.0,5.0,0.0,4,3,14,0.09911111111111111,0.526611111111111,0.0,0,3,11,8,10,14,16,0,0,0,1,0.2416111111111111,0,0.0,0,0.0,0,0.0016666666666666668,0,0.013777777777777778,,,1993,2011,19,0.9992615594719385
Grant Hill,hillgr01,80,225.0,1972-10-05,Duke,1995,2013,1994-11-04T00:00:00Z,True,18,NBA,"DET, ORL, PHO, LAC",SF,1026,972.0,33.89473684210526,6.184210526315789,12.793372319688109,0.48339174158159376,0.2134502923976608,0.6793372319688109,0.31420373027259685,5.970760233918129,12.114035087719298,0.4928795558773835,0.49173396312661893,4.120857699805068,5.358674463937622,0.7690069116042197,1.1461988304093567,4.866471734892787,6.012670565302145,4.144249512670565,1.2163742690058479,0.5614035087719298,2.3966861598440548,2.3167641325536064,16.702729044834307,34776.0,6345,13126,219.0,697.0,6126.0,12429.0,4228,5498,1176.0,4993.0,6169.0,4252,1248.0,576.0,2459.0,2377.0,17137,29.0,19.02307913503566,0.5513884288014722,0.057235018403496665,0.4122158960202439,4.04790085116172,16.63500690131125,10.453137221072005,21.878045203588684,1.8961582700713135,1.2336065102369451,13.552872670807453,23.740674603174604,61.6,38.8,99.9,0.13789599148838277,2.2271077754773407,0.7488152749022315,2.9671353807223375,43.4,9.594812514377733,19.829940188635838,0.3259518058431102,1.0229382332643202,9.257789855072465,18.794435817805386,6.412712790430181,8.353002070393375,1.7719059121233036,7.582470669427191,9.354376581550495,6.484265010351967,1.8961582700713135,0.8699361628709454,3.7209397285484243,3.574295491143317,25.901552795031055,109.7455429031516,105.70908097538532,0.0,8.77904154240932,81.95401900270477,9.197829253068868,0.0,3.001702614605729,2.819290519453499,900.0,533.0,897.0,260.0,1870.0,176.0,7673.0,450.0,596.0,11.005385255565574,0.31976673139607464,0.12320601289964629,0.23190092932935708,0.26069349469450026,0.06432467577501907,0.658477494971912,0.39602618073375406,0.41020327345863095,0.4282897565711908,0.4617189818988834,0.881563978084472,0.03733955198002636,385.0,0.4042367709272488,0.2298931964768708,11.0,1.0,0,0,7,0.056833333333333326,0.15777777777777777,0.0545,0,0,8,1,5,5,7,1,1,1,0,0.02938888888888889,1,0.41,0,0.0,0,0.0015555555555555557,0,0.003055555555555556,,,1995,2013,18,0.9356753242249811
Jason Kidd,kiddja01,76,205.0,1973-03-23,California,1995,2012,1994-11-05T00:00:00Z,True,18,NBA,"DAL, PHO, NJN, DAL",PG,1315,1302.0,36.55361216730038,4.613688212927757,11.51939163498099,0.400514919461315,1.4250950570342205,4.088212927756654,0.34858630952380953,3.1885931558935363,7.431178707224334,0.4290830945558739,0.4623712701346712,2.329277566539924,2.970342205323194,0.7841781874039938,1.3064638783269962,5.082889733840304,6.389353612167301,9.00532319391635,1.9460076045627377,0.3231939163498099,2.9863117870722435,1.8608365019011406,12.981749049429657,48068.0,6067,15148,1874.0,5376.0,4193.0,9772.0,3063,3906,1718.0,6684.0,8402.0,11842,2559.0,425.0,3927.0,2447.0,17071,107.0,18.10314970458517,0.5090739993342764,0.3765375093617375,0.2486317924606807,4.010418573687276,16.033858284097526,10.009176583173836,39.35576683032372,2.786968461346426,0.6566759590580012,19.201651826579013,19.54091495381543,60.9,72.1,133.3,0.13301535324956312,2.353058167595906,1.4818569526504117,3.8447719896812846,70.7,6.600401514521096,16.47435716068902,2.047366231172506,5.85928268286594,4.55736248647749,10.609103769659647,3.314772821835733,4.244903054006824,1.862548889073812,7.292866355995673,9.147114504452027,12.884781975534661,2.786968461346426,0.4510505949904302,4.256902721145044,2.6669821918948156,18.558071898144295,107.08537904635101,102.05875010401931,84.24958693291791,15.415970353585422,0.4087475806070906,0.0,0.0,4.219215880659019,6.501949676627484,2454.0,564.0,948.0,126.0,996.0,85.0,22808.0,204.0,434.0,16.57880139734693,0.20574236415993957,0.0630806779020913,0.1043133880942265,0.2404658216494359,0.38640893641127316,0.5463452768729642,0.3229271585705519,0.3422487607987537,0.3904360808195251,0.3745749421706085,0.8549561440777982,0.0038297219468441676,42.0,0.16922813104848228,0.3391533305008733,52.0,3.0,1,0,10,0.25855555555555554,0.27238888888888885,0.05555555555555555,4,9,15,5,6,6,16,1,1,1,0,0.051888888888888894,1,0.41,0,0.0,0,0.0,0,0.0008888888888888889,,,1995,2013,18,0.6135910635887267
Jason Kidd,kiddja01,76,205.0,1973-03-23,California,1996,2013,1994-11-05T00:00:00Z,True,18,NBA,"DAL, PHO, NJN, DAL, NYK",PG,1312,1271.0,36.16082317073171,4.4885670731707314,11.204268292682928,0.40061224489795916,1.461890243902439,4.149390243902439,0.3523144746509919,3.026676829268293,7.054878048780488,0.429019014693172,0.4658503401360544,2.21875,2.8041158536585367,0.7912476216363142,1.2317073170731707,5.090701219512195,6.322408536585366,8.753048780487806,1.930640243902439,0.3246951219512195,2.8605182926829267,1.8490853658536586,12.657774390243903,47443.0,5889,14700,1918.0,5444.0,3971.0,9256.0,2911,3679,1616.0,6679.0,8295.0,11484,2533.0,426.0,3753.0,2426.0,16607,103.0,18.07381278586936,0.51220236915878,0.39886158126594023,0.2388937461796261,3.8576565562885987,16.27348397023797,10.0522606074658,38.7737031806589,2.8027042977889254,0.6789536917985793,18.953329258267818,19.229380519781635,62.4,72.29999999999998,135.0,0.13656805008115,2.376152435554244,1.5839048964019984,3.970044052863436,71.30000000000001,6.50531585270746,16.235505764812512,2.130417553696014,6.026943911641338,4.384906097843729,10.202512488670614,3.199053601163502,4.064378306599498,1.779982294542925,7.396631747570768,9.172510170098857,12.687713677465592,2.8027042977889254,0.4590181902493518,4.13479754652952,2.686760955251565,18.335168518011088,107.61288282781443,101.70893493244525,81.79988290661802,17.835055957125807,0.481951856605643,0.0,0.0,4.241333963836159,6.221234434461483,2508.0,579.0,1008.0,128.0,1008.0,93.0,23408.0,207.0,441.0,16.828199238893017,0.19954365106172173,0.062432907743925785,0.0999745772253372,0.23289970501474927,0.40520583665473214,0.546605417820712,0.3310732509176068,0.34950597851786797,0.3873337386565786,0.36824591862009953,0.8567983291675111,0.003653538697110946,42.0,0.17262194600193653,0.3398363394807359,55.0,4.0,1,0,10,0.25750000000000006,0.27133333333333337,0.0,4,9,14,5,6,6,15,0,0,0,0,0.051500000000000004,0,0.0,0,0.0,0,0.0,0,0.0008888888888888889,,,1995,2013,19,0.5947941633452678
Juwan Howard,howarju01,81,240.0,1973-02-07,Michigan,1995,2012,1994-11-19T00:00:00Z,False,18,NBA,"WSB, WAS, DAL, DEN, ORL, HOU, DAL, CHA, DEN, POR, MIA",PF,1201,898.0,30.477102414654453,5.439633638634471,11.599500416319733,0.4689541310745819,0.004995836802664446,0.041631973355537054,0.12,5.434637801831807,11.557868442964196,0.47021107989337946,0.4691694781422726,2.552872606161532,3.341382181515404,0.7640169449289809,1.95503746877602,4.223147377185678,6.178184845961699,2.2123230641132388,0.6810990840965861,0.2597835137385512,2.0524562864279767,2.900915903413822,13.437135720233139,36603.0,6533,13931,6.0,50.0,6527.0,13881.0,3066,4013,2348.0,5072.0,7420.0,2657,818.0,312.0,2465.0,3484.0,16138,0.0,14.574950140698853,0.5130658415976832,0.003494631587574789,0.2843412835013523,7.405928475807994,16.16500560063383,11.76578149332022,12.733041007567683,1.1784662459361255,0.6283200830533017,13.608206977570145,22.44116602464279,27.7,31.6,59.4,0.07769529819960112,-0.670756495369232,-0.8897412780373193,-1.5695352839931151,4.0,9.362647870393136,19.94887031117668,0.008999262355544628,0.0651968417889244,9.346190202988826,19.88562959320274,4.381848482364833,5.736827582438599,3.365699532825178,7.270740103270224,10.653121328852826,3.7941890009015657,1.1784662459361255,0.4457749364806164,3.529410157637352,5.006343742316204,23.10061470371281,102.54241455618391,106.77449935797613,0.0,0.21472174671360744,15.133942702109104,68.6866057297891,15.525629017150608,-2.927983592261232,-3.839614353541553,762.0,448.0,1148.0,434.0,1388.0,54.0,4750.0,297.0,833.0,9.600926972643002,0.235342366202642,0.2662300313297374,0.2967746196828268,0.19918626659345628,0.002567229740641452,0.5927228448693517,0.4110405348664449,0.4264564452052582,0.4455262749911179,0.6547980362391395,0.04408772326475243,0.0377098284939117,397.0,0.1051836826975873,0.0,5.0,0.0,1,0,1,0.0,0.0067777777777777775,0.04061111111111111,0,0,0,0,0,1,2,0,1,1,0,0.0,0,0.01,0,0.0,0,0.0005,0,0.0,,,1995,2013,18,0.9974327702593585
Juwan Howard,howarju01,81,240.0,1973-02-07,Michigan,1996,2013,1994-11-19T00:00:00Z,False,18,NBA,"WSB, WAS, DAL, DEN, ORL, HOU, DAL, CHA, DEN, POR, MIA",PF,1143,848.0,30.013998250218723,5.326334208223972,11.390201224846894,0.46762424149320225,0.005249343832020997,0.03762029746281715,0.13953488372093023,5.321084864391951,11.352580927384077,0.468711467324291,0.4678546739380905,2.5135608048993876,3.2563429571303586,0.7718968296614723,1.8932633420822398,4.1286089238845145,6.0218722659667545,2.1854768153980753,0.6701662292213474,0.25984251968503935,2.014873140857393,2.8495188101487314,13.171478565179353,34306.0,6088,13019,6.0,43.0,6082.0,12976.0,2873,3722,2164.0,4719.0,6883.0,2498,766.0,297.0,2303.0,3257.0,15055,0.0,14.538908645717951,0.5125628461493617,0.003181076196583688,0.28196744009794206,7.306348743660001,16.015210167317672,11.650859907887831,12.821095435200839,1.1820847665131464,0.6361686002448552,13.620803941001572,22.415950562583802,26.399999999999995,30.1,56.6,0.07905421792106336,-0.6786101556579024,-0.8496239724829476,-1.5378767562525506,4.000000000000001,9.334256398297674,19.938156590683842,0.009601818923803417,0.055873608115198516,9.316696787733925,19.877525797236636,4.389267183583047,5.691240599312074,3.317282691074448,7.236046172681164,10.571127499562758,3.8110563749781377,1.1820847665131464,0.4550894887191745,3.5255757010435484,5.006316679298082,23.043968985017198,102.43590042558154,106.41867311840494,0.0,0.21436863149748484,15.109054559525346,68.67232039210629,15.567522249451825,-2.9379691732232684,-3.863394814910358,765.0,448.0,1153.0,434.0,1389.0,54.0,4766.0,298.0,835.0,9.59944537598349,0.23521517477105636,0.266657229459564,0.296459241583903,0.19920569456984397,0.0025630078679220944,0.5922957242357796,0.41168018831420095,0.4265773893976525,0.4447935960273443,0.654872371985038,0.044015219914871666,0.03764781374951632,397.0,0.10501070553334194,0.0,5.0,0.0,2,0,1,0.0,0.0067777777777777775,0.0,0,0,0,0,0,1,2,0,0,0,0,0.0,0,0.0,0,0.0,0,0.0005,0,0.0,,,1995,2013,19,0.9974369921320779
Kevin Garnett,garneke01,83,240.0,1976-05-19,,1996,2013,1995-11-03T00:00:00Z,True,18,NBA,"MIN, BOS",PF,1323,1286.0,36.130763416477706,7.672713529856387,15.393046107331822,0.49845322857844343,0.1307634164777022,0.46938775510204084,0.2785829307568438,7.541950113378685,14.923658352229781,0.505368719611021,0.5027007120058925,3.6273620559334847,4.593348450491308,0.7896988645713345,2.3325774754346185,8.130763416477702,10.46334089191232,3.948601662887377,1.3167044595616024,1.4890400604686318,2.303854875283447,2.4633408919123205,19.10355253212396,47801.0,10151,20365,173.0,621.0,9978.0,19744.0,4799,6077,3086.0,10757.0,13843.0,5224,1742.0,1970.0,3048.0,3259.0,25274,16.0,23.1392795129809,0.5485831258760278,0.029806510324051794,0.2968195853643229,7.668760067781008,25.732723164787352,16.929626995251144,19.62592832785925,1.9245350515679587,3.072439907114914,11.662588648773038,25.128396895462437,99.89999999999999,87.39999999999999,187.3,0.188001882805799,3.8098784544256397,2.1010878433505575,5.91885943808707,95.60000000000001,11.209746658019709,22.510202715424363,0.18489780548524093,0.6752097236459489,11.036038995000103,21.810700612957888,5.301462312503922,6.721742222966046,3.4163657664065603,11.913811426539194,15.303943432145772,5.762419196251123,1.9245350515679587,2.1698332670864624,3.363810380535972,3.5917491265873096,27.933972092634047,110.40557728917805,99.03336750277191,0.0,0.0,8.88202074360552,67.15823591456447,24.066383932495384,5.511804517886964,11.73867671618177,1139.0,627.0,1280.0,463.0,2384.0,67.0,11105.0,503.0,632.0,11.317087105563857,0.22903014854531076,0.2040476839237057,0.2259247385075152,0.3114834754328909,0.02939366704755207,0.6891831985584953,0.44594745978729006,0.4507871583018371,0.45258963259207174,0.6829729058627054,0.7304513052650082,0.07191383932495386,1327.0,0.058748439834754335,0.16968188010899182,26.0,0.0,1,0,15,0.3995,0.3735,0.034722222222222224,9,12,16,4,7,9,17,0,1,1,1,0.15294444444444444,0,0.009,0,0.0,0,0.0022222222222222222,1,0.091,,,1996,2016,18,0.9706063329524478
Kevin Garnett,garneke01,83,240.0,1976-05-19,,1997,2014,1995-11-03T00:00:00Z,True,18,NBA,"MIN, BOS, BRK",PF,1297,1297.0,35.942174248265225,7.669236700077101,15.409406322282189,0.4976983888722106,0.1272166538164996,0.45952197378565923,0.27684563758389263,7.5420200462606015,14.94988434849653,0.504486848891181,0.5018262783948764,3.648419429452583,4.6067848882035465,0.7919665271966527,2.2906707787201235,8.272166538164996,10.562837316885119,3.979182729375482,1.3099460292983809,1.448727833461835,2.318427139552814,2.4618350038550503,19.114109483423285,46617.0,9947,19986,165.0,596.0,9782.0,19390.0,4732,5975,2971.0,10729.0,13700.0,5161,1699.0,1879.0,3007.0,3193.0,24791,16.0,23.266211896947464,0.5479498680738786,0.028884720166462874,0.29751339640045477,7.57055580582191,26.31374391316472,17.174389171332347,19.897994293927106,1.9275371645537036,3.0054164789669007,11.732363729969755,25.350533067335952,97.39999999999999,86.7,184.1,0.18953617778921852,3.842250681082009,2.141109466503636,5.991453761503314,94.1,11.272076710213012,22.66998948881309,0.17975631207499412,0.6652251324624064,11.103794752987108,21.9847737949675,5.3608812235879615,6.782480640109831,3.3779136366561557,12.192764442156294,15.543778020893667,5.844153420426024,1.9275371645537036,2.127498552030375,3.4047815174721676,3.6143638586781646,28.12092155222344,110.15901924190746,98.68828967973057,0.0,0.0,8.67072098161615,66.27425617264088,25.159126498916706,5.342617500053628,11.430870712401054,1170.0,638.0,1327.0,481.0,2406.0,71.0,11296.0,506.0,641.0,11.359501898449064,0.2274593174163932,0.20314254456528733,0.224570521483579,0.31582547139455563,0.028884720166462874,0.687132934337259,0.4425943754424351,0.45117285539610014,0.4520998133728039,0.6858283029795997,0.7130741574961923,0.07127356972778172,1340.0,0.0652727760259133,0.16564521526481754,26.0,0.0,1,0,15,0.3995,0.3735,0.0,9,12,16,4,7,9,17,0,0,0,1,0.15294444444444444,0,0.0,0,0.0,0,0.0022222222222222222,1,0.09100000000000001,,,1996,2016,19,0.971115279833537
Kevin Garnett,garneke01,83,240.0,1976-05-19,,1998,2015,1995-11-03T00:00:00Z,True,18,NBA,"MIN, BOS, BRK, MIN",PF,1267,1267.0,35.18074191002368,7.530386740331492,15.14759273875296,0.497134222592747,0.12628255722178375,0.4593528018942384,0.27491408934707906,7.404104183109708,14.688239936858722,0.5040838259000537,0.501302626094206,3.6014206787687453,4.536700868192581,0.7938413361169102,2.2328334648776638,8.337805840568272,10.570639305445935,3.9479084451460142,1.2943962115232834,1.3677979479084452,2.271507498026835,2.4490923441199683,18.788476716653513,44574.0,9541,19192,160.0,582.0,9381.0,18610.0,4563,5748,2829.0,10564.0,13393.0,5002,1640.0,1733.0,2878.0,3103.0,23805,16.0,23.43434289047427,0.5475760757392202,0.02942320635347961,0.2976928478485215,7.528626553596267,27.05521155830753,17.532667025620317,20.142381208776413,1.9416139453493069,2.8975815497823842,11.695044196168169,25.46143267375601,94.39999999999999,84.30000000000001,178.70000000000002,0.19247947233813434,3.9188159016467004,2.205913761385561,6.133194238793917,91.60000000000001,11.303551397675776,22.760064162964955,0.1834118544442949,0.6773814331224481,11.132139812446718,22.055056759545923,5.407416879795397,6.822086866783326,3.359815138870194,12.546365594292636,15.884766904473459,5.919511374343788,1.9416139453493069,2.0493763180329343,3.4059361959886933,3.67086418091264,28.231446583209944,110.17566294252255,98.31356844797415,0.0,0.0,5.238210616054202,68.26250729124602,26.608157221698747,5.395394175977027,11.028076905819535,1129.0,610.0,1262.0,488.0,2318.0,77.0,10952.0,488.0,604.0,11.466305469556245,0.22234497689235874,0.2010706689998654,0.22035253735361424,0.3266858033831382,0.02942320635347961,0.687881433122448,0.44151101539013765,0.4505827612509534,0.4519232287880827,0.6845935074258537,0.6999232287880827,0.06858426436936331,1245.0,0.07114759725400457,0.1732373805357383,26.0,0.0,1,0,14,0.3966111111111111,0.3729444444444444,0.0,9,12,15,4,7,9,16,0,0,0,1,0.15294444444444444,0,0.0,0,0.0,0,0.0002777777777777778,1,0.09100000000000001,,,1996,2016,20,0.9705767936465204
Kevin Garnett,garneke01,83,240.0,1976-05-19,,1999,2016,1995-11-03T00:00:00Z,True,18,NBA,"MIN, BOS, BRK, MIN",PF,1223,1223.0,34.26655764513492,7.326246933769419,14.729354047424366,0.49739091817475295,0.12837285363859363,0.46361406377759606,0.2768959435626102,7.197874080130826,14.265739983646771,0.5045566573049808,0.5017486399467082,3.5421095666394113,4.44562551103843,0.7967629207283429,2.143908421913328,8.286999182338512,10.43090760425184,3.856091578086672,1.250204415372036,1.302534750613246,2.2093213409648405,2.411283728536386,18.322976287816843,41908.0,8960,18014,157.0,567.0,8803.0,17447.0,4332,5437,2622.0,10135.0,12757.0,4716,1529.0,1593.0,2702.0,2949.0,22409,15.0,23.519910279660213,0.5484074162451084,0.030491791543380737,0.2992997756991505,7.4426457955521625,27.631907988928123,17.78764197766536,20.242065953994462,1.929156724253126,2.8481006013171712,11.683060513505774,25.501233654672145,89.50000000000001,80.8,170.2,0.19495051064235944,3.9469910279660207,2.2720482962680157,6.2203541090006675,87.10000000000001,11.30343848429894,22.74677627183354,0.19507969838694283,0.6987353249976137,11.1211224587191,22.01865753555407,5.468817409563806,6.873806910375107,3.315347904934619,12.806736184022142,16.106996277560373,5.939837262575165,1.929156724253126,2.0071704686456044,3.404171041328625,3.7111935668607416,28.29873293881837,110.22391906079984,98.04197289300372,0.0,0.0,5.417676815882409,68.38295790779803,26.315166555311635,5.637689701250357,11.35542378543476,1063.0,565.0,1196.0,470.0,2188.0,81.0,10342.0,453.0,563.0,11.48433473322516,0.22265779803378827,0.1998732938818364,0.21537930705354583,0.3314804571919443,0.030491791543380737,0.6851350338837453,0.44309511310489635,0.44980170850434276,0.45318826954280805,0.68408282428176,0.6675665266774841,0.06486949985682926,1115.0,0.07933050968788775,0.145816622124654,25.0,0.0,1,0,13,0.3937222222222222,0.36950000000000005,0.0,9,12,14,4,7,9,15,0,0,0,1,0.15294444444444444,0,0.0,0,0.0,0,0.0002777777777777778,1,0.09050000000000001,,,1996,2016,21,0.9695082084566191
Jerry Stackhouse,stackje01,78,218.0,1974-11-05,UNC,1996,2013,1995-11-03T00:00:00Z,False,18,NBA,"PHI, DET, WAS, DAL, MIL, MIA, ATL, BRK",SG,970,564.0,31.156701030927834,5.552577319587629,13.589690721649484,0.4085874677590654,1.0185567010309278,3.3010309278350514,0.30855715178013743,4.534020618556701,10.288659793814434,0.4406813627254509,0.44606281292671823,4.792783505154639,5.834020618556701,0.8215232373210815,0.954639175257732,2.207216494845361,3.1618556701030927,3.3402061855670104,0.8958762886597939,0.4505154639175258,2.722680412371134,1.865979381443299,16.916494845360823,30222.0,5386,13182,988.0,3202.0,4398.0,9980.0,4649,5659,926.0,2141.0,3067.0,3240,869.0,437.0,2641.0,1810.0,16409,1.0,16.475617100125735,0.5229799483819734,0.24575640262060747,0.4257088544768712,3.4727747998147045,8.181523393554365,5.831175964529152,19.43486532989213,1.5050228310502285,1.0593574217457482,14.45005294156575,27.369932499503673,32.3,19.900000000000002,52.4,0.0832291708027265,1.565240553239362,-1.2896201442657669,0.26484349149626096,17.4,9.336003573555688,22.84326649460658,1.7060419561908544,5.554648931242142,7.614936139236318,17.2968632122295,8.04710806697108,9.790182648401828,1.5943153993779364,3.7138276752034938,5.324594666137251,5.633515319965588,1.5050228310502285,0.7693865396069088,4.575468201972073,3.1312553768777707,28.422338031897294,102.97084905036067,108.32416782476342,1.4050361542095127,58.558736964499836,39.150539587951016,0.6083354529268559,0.0,-0.4452200138076377,-2.1693906471421824,1016.0,762.0,556.0,261.0,1734.0,34.0,6652.0,290.0,747.0,14.093157952109298,0.27129355764688784,0.07837520438937538,0.16818004432978453,0.23851455252352746,0.24357334399186076,0.5780887322408342,0.33412041713600515,0.34498274045274513,0.3848563642309509,0.4951869118127975,0.8574595763235348,0.05556829330329566,628.0,0.32711612950110824,0.3571772464663348,14.0,0.0,0,0,2,0.0,0.011111111111111112,0.051611111111111115,0,0,0,0,0,0,3,1,1,1,0,0.00022222222222222223,0,0.018,0,0.042722222222222224,0,0.011833333333333333,0,0.0,,,1996,2013,18,0.7564266560081393
Kurt Thomas,thomaku01,81,230.0,1972-10-04,TCU,1996,2013,1995-11-04T00:00:00Z,False,18,NBA,"MIA, DAL, NYK, PHO, SEA, SAS, MIL, CHI, POR, NYK",PF,1110,650.0,24.46846846846847,3.4558558558558556,7.1117117117117115,0.4859386876108437,0.008108108108108109,0.02882882882882883,0.28125,3.447747747747748,7.082882882882883,0.48677181378784024,0.48650874081580947,1.163963963963964,1.5324324324324323,0.7595532039976485,1.7315315315315316,4.870270270270271,6.601801801801802,1.0846846846846847,0.6522522522522523,0.7576576576576577,1.118018018018018,3.2243243243243245,8.083783783783783,27160.0,3836,7894,9.0,32.0,3827.0,7862.0,1292,1701,1922.0,5406.0,7328.0,1204,724.0,841.0,1241.0,3579.0,8973,0.0,13.879834315169367,0.5192172312223859,0.004135935198821796,0.21294418262150222,8.333862297496317,22.976093519882177,15.71341678939617,7.411513254786451,1.42489322533137,2.3383873343151698,12.65939617083947,16.889142120765833,22.400000000000002,41.8,64.4,0.11340036818851253,-1.737662002945508,1.0000957290132548,-0.7530670103092785,8.6,7.497360088365244,15.448394698085421,0.0014432989690721652,0.0687481590574374,7.473810751104565,15.384959499263624,2.531782032400589,3.3418961708394694,3.769377761413844,10.55618556701031,14.301174521354937,2.3535198821796763,1.42489322533137,1.633276877761414,2.4344955817378495,7.005121502209131,17.57228645066274,104.93442562592047,101.09204712812961,0.0,0.0,0.6359929425602823,51.13883552244658,48.04850029405999,1.0618114095275435,0.8893707116251715,439.0,228.0,1681.0,310.0,640.0,126.0,2665.0,124.0,418.0,10.689907861203684,0.24554279553028818,0.18288613997255437,0.25765971378161145,0.3099022544599099,0.0041447559302097625,0.6146434032542638,0.4446270143109194,0.440426975102921,0.42560890021564396,0.7929224465791022,0.5437757302489707,0.010260576357576946,71.0,0.17315079396196822,0.13928641442854342,0.0,0.0,0,0,0,0.0105,0.0,0.013888888888888888,0,0,5,0,0,0,0,0,0,1,0,0.0,0,0.0,0,0.0,0,0.0,0,0.0,,,1996,2013,18,0.9958552440697901
Ray Allen,allenra02,77,205.0,1975-07-20,UConn,1997,2014,1996-11-01T00:00:00Z,True,18,NBA,"MIL, SEA, BOS, MIA",SG,1300,1149.0,35.64923076923077,6.59,14.580769230769231,0.4519651806911105,2.286923076923077,5.714615384615384,0.4001884506663077,4.303076923076923,8.866153846153846,0.4853374978309908,0.5303877604853601,3.383076923076923,3.7846153846153845,0.8939024390243903,0.9461538461538461,3.109230769230769,4.055384615384615,3.3546153846153848,1.116153846153846,0.18769230769230769,2.083846153846154,2.1984615384615385,18.85,46344.0,8567,18955,2973.0,7429.0,5594.0,11526.0,4398,4920,1230.0,4042.0,5272.0,4361,1451.0,244.0,2709.0,2858.0,24505,3.0,18.55970783704471,0.5819432504747108,0.3965939711721042,0.25773966424995687,3.2387105126877263,10.28644268945279,6.812689884343174,16.497138788192647,1.66778007940618,0.4154173139996548,11.391973070947696,23.79570602451234,111.60000000000001,33.4,145.2,0.15025759537372693,3.634321595028483,-0.7069264629725531,2.918561194545141,57.5,9.797792594510616,21.693267736923875,3.4087346797859492,8.497304936992922,6.387786984291387,13.184938719143792,5.0280295183842565,5.629069566718453,1.4044860176074572,4.623785171759019,6.038969445882962,4.988220697393406,1.66778007940618,0.2821336095287416,3.11940704298291,3.287359744519247,28.044937856033144,114.08874935266701,108.2623640600725,1.9212195753495598,85.25640859658208,12.830959779043674,0.0,0.0,3.8237290695667183,4.9090281374072156,1302.0,859.0,1420.0,294.0,1660.0,81.0,9688.0,368.0,780.0,16.12446702917314,0.1898559684101502,0.0952743828758847,0.14585094079060934,0.1724741282582427,0.3965939711721042,0.6191970697393405,0.40974918004488176,0.4386078025202831,0.4333205377179354,0.4475153202140515,0.8433645347833594,0.019342849128258243,343.0,0.26575668910754363,0.4316304375971,65.0,3.0,2,0,10,0.0,0.033555555555555554,0.03077777777777778,0,0,0,0,1,2,13,0,1,1,0,0.002111111111111111,0,0.0,0,0.0,0,0.0,0,0.0,,,1997,2014,18,0.6034060288278957
Derek Fisher,fishede01,73,200.0,1974-08-09,Little Rock,1997,2014,1996-11-01T00:00:00Z,False,18,NBA,"LAL, GSW, UTA, LAL, OKC, DAL, OKC",PG,1287,731.0,25.422688422688424,2.8904428904428903,7.248640248640249,0.39875656554829025,0.9696969696969697,2.595959595959596,0.3735408560311284,1.9207459207459208,4.652680652680653,0.41282565130260523,0.4656447636402615,1.5734265734265733,1.9261849261849262,0.8168616377571601,0.32167832167832167,1.7435897435897436,2.0652680652680653,2.9557109557109555,1.0505050505050506,0.07614607614607614,1.1445221445221445,2.0854700854700856,8.324009324009324,32719.0,3720,9329,1248.0,3341.0,2472.0,5988.0,2025,2479,414.0,2244.0,2658.0,3804,1352.0,98.0,1473.0,2684.0,10713,0.0,11.681417524985482,0.5125424065527675,0.3555498945566796,0.2653706103487271,1.4306549711176995,7.630902533696018,4.570616461383294,17.428148782053245,2.1402365597970596,0.22366514869036344,12.41866193954583,16.201176686329042,32.1,29.999999999999996,62.3,0.09137397230966716,-1.3852715547541186,0.4620954185641371,-0.9314801797120938,8.8,5.869583422476237,14.725382805097954,1.9704850392738165,5.277166172560285,3.910006418289067,9.459729820593537,3.19644243405972,3.9134478437605065,0.6466120602707908,3.5606436627036278,4.19365811913567,6.017048198294568,2.1402365597970596,0.15075338488340112,2.316070173293805,4.248522265350408,16.9086708028974,107.07228216021272,106.59855130046762,86.73834774901434,13.050123781289159,0.3491549252727773,0.0,0.0,6.17813197224854,3.5883523335065255,955.0,283.0,897.0,147.0,773.0,358.0,8337.0,151.0,380.0,17.379586784437176,0.15936309178153363,0.07361737828173233,0.07746633454567683,0.3340944711024175,0.3555498945566796,0.4573152296830588,0.32526513646505084,0.3629266481249427,0.4212853387939729,0.4943068553439898,0.8634576851370763,0.00195452183746447,13.0,0.30154858033558485,0.3954903878480394,12.0,0.0,5,0,0,0.0074444444444444445,0.0,0.004944444444444444,0,0,3,0,0,0,0,0,0,1,0,0.0,0,0.0,0,0.0002777777777777778,0,0.0,0,0.0,,,1997,2014,18,0.6444501054433204
Steve Nash,nashst01,75,195.0,1974-02-07,Santa Clara,1997,2014,1996-11-01T00:00:00Z,True,18,NBA,"PHO, DAL, PHO, LAL",PG,1217,1053.0,31.281018898931798,5.19391947411668,10.593262119967132,0.49030406453614644,1.3845521774856204,3.236647493837305,0.42777354658542777,3.80936729663106,7.3566146261298275,0.5178152574556015,0.5556546695625194,2.514379622021364,2.780608052588332,0.9042553191489362,0.5283483976992605,2.4642563681183236,2.992604765817584,8.492193919474117,0.7387017255546425,0.0838126540673788,2.85784716516023,1.628594905505341,14.286770747740345,38069.0,6321,12892,1685.0,3939.0,4636.0,8953.0,3060,3384,643.0,2999.0,3642.0,10335,899.0,102.0,3478.0,1982.0,17387,3.0,19.961603929706584,0.6028900417662665,0.3072104336862014,0.2610425543092805,1.9196564133546983,8.641330216186399,5.3579395308518745,41.481507263127476,1.2048963723764745,0.189939320707137,19.57030129501694,20.986393128267093,113.5,15.9,130.0,0.16362880558985002,4.35073419317555,-1.3420998712863488,3.009903070739972,48.199999999999996,8.449764900575271,17.24064199217211,2.2473245948146787,5.267451207018834,6.196627176968137,11.985439596522104,4.0874202106701,4.523386482439781,0.8613333683574563,3.99607554703302,4.861362263258819,13.778531088287059,1.2048963723764745,0.1369907273634716,4.650996874097034,2.654705928708398,23.239105308781422,117.70897580708713,110.55688355354751,90.9537681578187,9.099477264966245,0.017967375029551605,0.0,0.0,6.315894822559037,6.96358454385458,2540.0,629.0,750.0,129.0,738.0,258.0,23134.0,173.0,439.0,15.171885260973493,0.19132010297092125,0.1079796159604928,0.1610150516168011,0.23254503664398854,0.3072104336862014,0.6384932096981797,0.4453510467834721,0.46721243006120466,0.48622246447240536,0.16958879928550788,0.5367406813943103,7.045102314218918e-05,0.0,0.08663361265071318,0.44490472562977756,10.0,0.0,0,0,8,0.0,0.24916666666666668,0.0,0,0,0,3,5,7,11,0,0,0,2,0.1348888888888889,0,0.0,0,0.0,0,0.009444444444444443,0,0.0,,,1997,2014,18,0.6927895663137987
Kobe Bryant,bryanko01,78,212.0,1978-08-23,,1997,2014,1996-11-03T00:00:00Z,True,18,NBA,LAL,SG,1245,1097.0,36.6,8.879518072289157,19.577510040160643,0.4535570690079593,1.3172690763052208,3.931726907630522,0.3350357507660878,7.562248995983936,15.64578313253012,0.4833410339339802,0.4871994748502503,6.385542168674699,7.621686746987952,0.8378122036041733,1.1502008032128515,4.151807228915662,5.302008032128514,4.759036144578313,1.4738955823293172,0.4979919678714859,3.014457831325301,2.54859437751004,25.461847389558233,45567.0,11055,24374,1640.0,4895.0,9415.0,19479.0,7950,9489,1432.0,5169.0,6601.0,5925,1835.0,620.0,3753.0,3173.0,31700,19.0,23.37836592270722,0.5548794302894638,0.2002738385234929,0.3916586564838589,3.594847148155463,12.604882919656768,8.14779774837053,24.271725151974014,2.095327759123927,0.9820220773805606,11.734968288454365,31.746459060284852,123.6,49.5,172.8,0.182177233524261,4.834327473829745,0.06735795641582723,4.9195997103166755,79.2,12.594649636798561,27.740926547720935,1.8619088375359363,5.564077073320605,10.720179076963593,22.16915969890491,9.056788904250883,10.805539096275812,1.6293655496302148,5.873728794961266,7.500065837118969,6.73760177321307,2.095327759123927,0.6996708144051615,4.256301709570523,3.6208155024469466,36.06838721004236,111.20571905106766,105.00794434568877,1.108982377597823,82.26718897447715,16.37560076371058,0.18715298351877455,0.0,5.405345974060175,5.5506463010511995,1652.0,1170.0,1070.0,450.0,3618.0,84.0,13449.0,814.0,1094.0,13.7799021221498,0.23169673228432858,0.12777512234731275,0.1713007439594443,0.26898275067483046,0.2002738385234929,0.6414933175324248,0.44131026839598836,0.4285952114468804,0.40196337261614756,0.35923495073188927,0.6725529659622095,0.0448348146685101,989.0,0.09297239230144622,0.33265222639190645,52.0,1.0,5,2,16,0.39755555555555555,0.6695555555555555,0.014888888888888889,9,12,14,11,13,15,16,0,1,1,1,0.23344444444444445,0,0.0,0,0.014833333333333334,0,0.002,0,0.014555555555555556,,,1997,2016,18,0.799726161476507
Kobe Bryant,bryanko01,78,212.0,1978-08-23,,1998,2015,1996-11-03T00:00:00Z,True,18,NBA,LAL,SG,1209,1126.0,37.77584780810587,9.218362282878411,20.40115798180314,0.4518548550577742,1.358974358974359,4.088502894954508,0.3323892373052802,7.859387923904053,16.312655086848636,0.48179697799411825,0.4851611595378066,6.625310173697271,7.910669975186104,0.8375156838143036,1.1670802315963607,4.348221670802316,5.515301902398677,4.988420181968569,1.5161290322580645,0.49958643507030603,3.117452440033085,2.5938792390405294,26.421009098428453,45671.0,11145,24665,1643.0,4943.0,9502.0,19722.0,8010,9564,1411.0,5257.0,6668.0,6031,1833.0,604.0,3769.0,3136.0,31943,21.0,23.442490858531674,0.5530839701342208,0.19885962645880323,0.39020816272908404,3.529105997241138,12.802130454774364,8.205513345448972,24.673372599680324,2.087865385036457,0.9543583455584507,11.618232576470847,31.99998029384073,122.69999999999999,48.8,171.19999999999996,0.18001302796085042,4.881005452037398,0.019861618970462666,4.91874055746535,79.4,12.661739396991525,27.988036171750124,1.8604913402377876,5.60056490989906,10.7887149394583,22.379798997175453,9.098537365067548,10.85970747301351,1.601594009327582,5.954259814762103,7.552832213001685,6.837763569880229,2.087865385036457,0.679439907162094,4.261321188500362,3.5682292921109675,36.240345076744546,111.05033828906745,105.14006700094151,1.1593133498281185,83.70742922204462,15.006349762431302,0.06597184208797706,0.0,5.0295570493310855,5.422364301197696,1680.0,1187.0,1058.0,453.0,3653.0,89.0,13692.0,827.0,1097.0,13.800041601891794,0.22594823848831866,0.12871980031091942,0.1732881697357185,0.27323743732346567,0.19885962645880323,0.6432557640515864,0.4408083904447023,0.42924516651704586,0.4002191324910775,0.35591033697532354,0.6647821812528739,0.04395850758687131,979.0,0.09388881347025466,0.336379387357404,53.0,1.0,5,2,17,0.3975555555555556,0.6695555555555556,0.0,9,12,14,11,13,15,16,0,0,0,1,0.23344444444444445,0,0.0,0,0.014833333333333334,0,0.002,0,0.014555555555555556,,,1997,2016,19,0.8011403735411968
Kobe Bryant,bryanko01,78,212.0,1978-08-23,,1999,2016,1996-11-03T00:00:00Z,True,18,NBA,LAL,SG,1196,1191.0,38.025083612040135,9.324414715719064,20.790133779264213,0.4485019103157048,1.4222408026755853,4.339464882943144,0.32774566473988437,7.9021739130434785,16.45066889632107,0.48035578144853874,0.4827066157249145,6.587792642140468,7.849498327759197,0.8392628887942054,1.1479933110367893,4.431438127090301,5.579431438127091,5.030100334448161,1.5225752508361203,0.48244147157190637,3.1279264214046822,2.567725752508361,26.65886287625418,45478.0,11152,24865,1701.0,5190.0,9451.0,19675.0,7879,9388,1373.0,5300.0,6673.0,6016,1821.0,577.0,3741.0,3071.0,31884,21.0,23.31599234794846,0.549869321430142,0.20601350103346674,0.3795377325300145,3.434863010686486,12.967012621487314,8.228288403183956,24.83717181934122,2.0849905448788424,0.920119618276969,11.492020317516163,32.22517480979815,117.29999999999998,47.5,164.49999999999997,0.1737216456308545,4.839128809534281,-0.04220282334315495,4.81077883811953,77.80000000000001,12.710752451734901,28.305000219886534,1.9299639386076786,5.89184220941994,10.768202207660847,22.405453186155942,8.983829543955318,10.701748097981442,1.5630348740050133,6.023576234662914,7.588097541668498,6.845562689652138,2.0849905448788424,0.653500593693654,4.24646862219095,3.506924227098817,36.301998768635386,110.44032279343858,105.42317164343198,1.1642332556400896,82.20062447776947,16.466731166717974,0.10721667619508334,0.0,4.085498482782884,5.188587888649456,1693.0,1190.0,1027.0,438.0,3605.0,91.0,13657.0,809.0,1076.0,13.947939663133823,0.21638570297726376,0.12720568186815603,0.17378668806895642,0.2767028893091165,0.20601350103346674,0.6438855270680329,0.4442902942081885,0.4323063679141562,0.4000962223492678,0.35082978583051144,0.6585635032323321,0.04055659879502177,915.0,0.09718839878622632,0.3386556356919829,51.0,1.0,5,2,17,0.3975555555555556,0.6694444444444444,0.0,9,12,14,11,13,15,15,0,0,0,1,0.23344444444444445,0,0.0,0,0.0,0,0.0005555555555555556,0,0.014555555555555556,,,1997,2016,20,0.7939864989665332
Jermaine O'Neal,onealje01,83,226.0,1978-10-13,,1997,2014,1996-12-05T00:00:00Z,False,18,NBA,"POR, IND, TOR, MIA, BOS, PHO, GSW",C/PF,1011,697.0,27.066271018793273,5.088031651829872,10.905044510385757,0.4665759637188209,0.013847675568743818,0.09396636993076163,0.14736842105263157,5.074183976261128,10.811078140454995,0.4693504117108875,0.4672108843537415,2.974282888229476,4.162215628090999,0.7145912547528517,1.9693372898120673,5.212660731948565,7.181998021760633,1.3541048466864491,0.4648862512363996,1.8001978239366963,1.8516320474777448,2.864490603363007,13.164193867457962,27364.0,5144,11025,14.0,95.0,5130.0,10930.0,3007,4208,1991.0,5270.0,7261.0,1369,470.0,1820.0,1872.0,2896.0,13309,1.0,17.898940213419092,0.5168645300394679,0.008141865224382401,0.38235795205379325,8.50361423768455,21.910356673001022,15.270351556789942,9.449488378891976,0.9209033766993129,4.981420844905716,12.894105393948253,24.784826779710567,19.799999999999997,46.099999999999994,66.10000000000001,0.11569872825610293,-0.519145592749598,0.7598450518929981,0.2612629732495249,15.699999999999998,9.964924718608389,21.330664376553134,0.01705160064318082,0.18957754714223068,9.927218242946937,21.149565122058178,5.808650051162112,8.155529162403157,3.843063879549773,10.19378745797398,14.036562637041369,2.6453296301710276,0.9209033766993129,3.5157433123812303,3.6226209618476823,5.610828095307704,25.75927130536471,101.70859523461482,99.95029966379184,0.0,0.0,0.18750913609121472,45.06782634117819,54.85601520245578,1.4579410904838472,1.0568045607367342,420.0,551.0,1615.0,419.0,1889.0,237.0,3102.0,400.0,1079.0,8.14654655752083,0.30628690980850753,0.32244883788919754,0.23656592603420554,0.1266744627978366,0.008141865224382401,0.641682100570092,0.41218590118403736,0.37528877357111534,0.37339208449057154,0.621302587341032,0.3455485309165327,0.09918356234468646,944.0,0.16132930127174389,0.06827042829995615,7.0,0.0,0,0,6,0.020888888888888887,0.06122222222222221,0.0,0,0,5,0,1,3,7,0,0,0,0,0.02361111111111111,0,0.0,0,0.0,1,0.02338888888888889,0,0.0009444444444444445,,,1997,2014,18,0.9918581347756176
Tim Duncan,duncati01,83,250.0,1976-04-25,Wake Forest,1998,2015,1997-10-31T00:00:00Z,True,18,NBA,SAS,C/PF,1331,1329.0,34.43425995492111,7.565740045078888,14.945905334335086,0.5062082139446036,0.022539444027047332,0.1247182569496619,0.18072289156626506,7.543200601051841,14.821187077385424,0.508947128301313,0.5069622480269441,4.360631104432757,6.263711495116453,0.6961736835792252,2.8129226145755073,8.189331329827198,11.002253944402705,3.051840721262209,0.734785875281743,2.210368144252442,2.4725770097670923,2.3884297520661155,19.51465063861758,45832.0,10070,19893,30.0,166.0,10040.0,19727.0,5804,8337,3744.0,10900.0,14644.0,4062,978.0,2942.0,3291.0,3179.0,25974,4.0,24.461851981148538,0.5513458282422761,0.008370243497992669,0.41814941525571653,9.760944318380169,26.63874585442485,18.4710617036132,16.454311398149763,1.12433234421365,4.60079638680398,12.266985948682143,27.30966355384884,98.4,102.8,201.1,0.21076365857915869,3.3987170535870135,2.301985512305813,5.715388811310874,89.2,11.676669139465876,23.050163641124108,0.018672543201256768,0.2043201256763833,11.638724035608309,22.874615988828765,6.729959417001222,9.677323703962298,4.331794379472857,12.636976348402861,16.977995723511953,4.699829813230931,1.12433234421365,3.4127945540233893,3.8160259207540586,3.705070692965614,30.132071478443013,109.69708936987257,95.54193576540409,0.0,0.0,0.5592599057427126,37.49430528888113,61.94643480537616,9.530557252574619,8.108758072962122,1305.0,1046.0,1779.0,423.0,3783.0,61.0,9073.0,829.0,1445.0,8.024277797172282,0.31020668964915343,0.339425663292023,0.19950962209809747,0.14224906179088848,0.008370243497992669,0.6887007767498692,0.44621107523127945,0.40178495374410894,0.41046757723861066,0.5496375894571479,0.5369686027229883,0.062115857915866636,1141.0,0.14536640338628032,0.4147102461162507,16.0,0.0,5,3,15,0.46044444444444443,0.6166666666666667,0.05555555555555555,8,15,18,10,13,15,18,1,1,1,2,0.2376666666666667,1,0.974,0,0.0,0,0.0,0,0.056944444444444436,,,1998,2016,18,0.9916297565020075
Tim Duncan,duncati01,83,250.0,1976-04-25,Wake Forest,1999,2016,1997-10-31T00:00:00Z,True,18,NBA,SAS,C,1310,1307.0,33.71297709923664,7.312213740458016,14.53969465648855,0.5029138446999527,0.022900763358778626,0.12061068702290076,0.189873417721519,7.289312977099237,14.41908396946565,0.5055323203981154,0.5037013702945345,4.257251908396946,6.09618320610687,0.6983471074380165,2.736641221374046,8.037404580152671,10.774045801526718,3.0541984732824425,0.7404580152671756,2.148091603053435,2.3679389312977097,2.3282442748091605,18.904580152671755,44164.0,9579,19047,30.0,158.0,9549.0,18889.0,5577,7986,3585.0,10529.0,14114.0,4001,970.0,2814.0,3102.0,3050.0,24765,4.0,24.33392808622407,0.5484988225704194,0.00827988859704737,0.41706629834254133,9.673906349062584,26.74596051082329,18.469180780726383,16.61398424055792,1.1571506204148174,4.58373562177339,12.123414998641428,27.066979893125623,94.4,99.2,193.49999999999997,0.21046372611176525,3.3422334933429942,2.3516484014129158,5.70186803731546,85.9,11.497516076442352,22.850446064668056,0.019377773752377505,0.20100534371886605,11.458137849832443,22.679299882257045,6.700196993025994,9.60095779367811,4.2938411375781165,12.636987138846116,16.933146906983062,4.789462005253147,1.1571506204148174,3.378199438456662,3.723514627298252,3.679123267819944,29.749621863961593,109.72640612263382,95.59718322615706,0.0,0.0,0.0,33.141359478308125,66.85864052169188,9.79356263019654,7.600276243093922,1243.0,1010.0,1700.0,406.0,3649.0,65.0,8936.0,796.0,1389.0,8.040899827914139,0.30613089846934155,0.3398857214020469,0.19639382755185214,0.14913148718413188,0.00827988859704737,0.6886438275518522,0.44206589077076347,0.4001699121456391,0.40197676840865876,0.5525432026084595,0.5572490037134318,0.05613871026175166,996.0,0.14360187030160312,0.4303731546055611,16.0,0.0,5,3,14,0.44738888888888895,0.5815,0.0,8,14,18,9,12,14,18,0,0,0,2,0.2305555555555555,0,0.0,0,0.0,0,0.0,0,0.05505555555555556,,,1998,2016,19,0.9917201114029527
Vince Carter,cartevi01,78,220.0,1977-01-26,UNC,1999,2016,1999-02-05T00:00:00Z,True,18,NBA,"TOR, NJN, ORL, PHO, DAL, MEM",SG,1274,954.0,32.445839874411305,6.815541601255887,15.536891679748823,0.4386682833181772,1.5204081632653061,4.072998430141287,0.37328965118519947,5.295133437990581,11.463893249607535,0.46189661074974325,0.48759725169243207,3.662480376766091,4.580062794348509,0.7996572407883462,1.2205651491365777,3.4207221350078494,4.641287284144427,3.43563579277865,1.0682888540031397,0.6075353218210361,1.901883830455259,2.7511773940345368,18.81397174254317,41336.0,8683,19794,1937.0,5189.0,6746.0,14605.0,4666,5835,1555.0,4358.0,5913.0,4377,1361.0,774.0,2423.0,3505.0,23969,5.0,19.590226437004063,0.5351446197019547,0.27240003870718016,0.29152191794077803,4.283709115540932,12.268543158505903,8.254269885813818,20.502866750532224,1.7307576930520614,1.429548093671376,9.795272885620284,27.60763741048964,77.80000000000001,40.5,118.49999999999999,0.1375019595509967,3.4217969808399458,0.0022184052641765115,3.4216808592993995,56.4,11.11707470485775,25.316203793303657,2.4581599574221022,6.584652603057868,8.634318753628799,18.711653280433524,5.974850009676795,7.466397329204567,1.9845026127346626,5.56061060576737,7.549886297658216,5.597048577511129,1.7307576930520614,1.0022329204567446,3.1114524869363267,4.469440681246372,30.65082494677763,108.49494387458874,105.90240952196632,0.35833172053415907,59.64633733307529,38.620113218502034,1.3180036771821173,0.0,2.33660005806077,8.559821946971162,1148.0,604.0,1758.0,376.0,2167.0,148.0,9931.0,443.0,733.0,14.198272692084382,0.2408283820398684,0.12601877298238826,0.12171772788852331,0.2388719760015483,0.27240003870718016,0.583862033094639,0.4085468356880201,0.3846560141281208,0.400544271337333,0.40674063770079355,0.8149385281594735,0.048807818850396756,904.0,0.17047484033288174,0.40803152215986055,45.0,2.0,0,0,8,0.003777777777777778,0.057444444444444444,0.05555555555555555,0,0,3,0,1,2,9,1,1,1,0,0.0028333333333333335,1,0.958,0,0.0011666666666666665,0,0.0005555555555555556,0,0.0,,,1999,2020,18,0.7275999612928198
Vince Carter,cartevi01,78,220.0,1977-01-26,UNC,2000,2017,1999-02-05T00:00:00Z,True,18,NBA,"TOR, NJN, ORL, PHO, DAL, MEM",SG,1297,920.0,31.90053970701619,6.577486507324595,15.04857363145721,0.43708371759401576,1.5651503469545105,4.178103315343099,0.374607861229009,5.012336160370085,10.87047031611411,0.4610965316689127,0.489086996618506,3.5080956052428682,4.380878951426369,0.800774375219993,1.1542020046260602,3.361603700848111,4.515805705474171,3.3623747108712414,1.0531996915959907,0.5651503469545104,1.8218966846569005,2.720123361603701,18.22821896684657,41375.0,8531,19518,2030.0,5419.0,6501.0,14099.0,4550,5682,1497.0,4360.0,5857.0,4361,1366.0,733.0,2363.0,3528.0,23642,5.0,19.24674078549849,0.5362570634441088,0.29474716616314195,0.2865767975830816,4.115847734138973,12.264507552870091,8.163946827794561,20.251915407854984,1.7307287009063446,1.3704386706948641,9.683453776435046,27.140505135951663,76.10000000000001,41.199999999999996,117.5,0.1361961329305136,3.2736604229607247,0.06705981873111784,3.3341341389728094,55.599999999999994,10.899185498489427,24.910124471299095,2.569457401812689,6.867301510574019,8.300807250755287,18.022943806646527,5.809931117824774,7.254035045317221,1.9027528700906342,5.547792145015106,7.45966163141994,5.561324471299094,1.7307287009063446,0.9426779456193353,3.0247637462235653,4.486673111782477,30.16144048338369,108.71093655589124,106.07453776435045,0.3579939577039275,58.49073111782477,39.298126888217524,1.795987915407855,0.0,2.457462235649547,8.370619939577038,1130.0,582.0,1803.0,369.0,2086.0,151.0,9904.0,417.0,710.0,14.487236253776432,0.23754006042296072,0.12032918429003021,0.11458603021148035,0.23267809063444106,0.29474716616314195,0.5787475045317222,0.4071765075528701,0.3775237945619335,0.3987789728096677,0.40114946223564957,0.8163988882175227,0.04559221752265861,845.0,0.1735587915407855,0.4069568580060423,45.0,2.0,0,0,8,0.0028333333333333335,0.05650000000000001,0.0,0,0,2,0,1,2,8,0,0,0,0,0.002777777777777778,0,0.0,0,0.0012777777777777779,0,0.0005555555555555556,0,0.0,,,1999,2020,19,0.7052528338368579
Vince Carter,cartevi01,78,220.0,1977-01-26,UNC,2001,2018,1999-02-05T00:00:00Z,True,18,NBA,"TOR, NJN, ORL, PHO, DAL, MEM, SAC",SG,1273,842.0,30.852317360565593,6.172034564021995,14.222309505106049,0.4339685169842585,1.5648075412411626,4.201099764336214,0.3724756918474196,4.607227022780832,10.021209740769836,0.4597475895586737,0.48898094449047225,3.253731343283582,4.059701492537314,0.8014705882352942,1.0722702278083267,3.2710133542812256,4.343283582089552,3.227022780832679,1.0196386488609583,0.5239591516103692,1.7446975648075413,2.6402199528672425,17.162608012568736,39275.0,7857,18105,1992.0,5348.0,5865.0,12757.0,4142,5168,1365.0,4164.0,5529.0,4108,1298.0,667.0,2221.0,3361.0,21848,4.0,18.695513685550605,0.5353740547422026,0.3146736600891152,0.2794543857415659,3.971671546785487,12.351674092934434,8.13814131126671,19.95651686823679,1.7348618714194783,1.3392667091024824,9.812162953532782,26.587921069382556,67.3,39.400000000000006,106.89999999999999,0.13045548058561426,2.953346912794399,0.09689115213239977,3.043299809038829,49.9,10.585583704646721,24.363264162953534,2.6526416295353283,7.135679185232336,7.90247485677912,17.211989815404202,5.58408911521324,6.956672183322724,1.8290210057288347,5.5818179503500955,7.420443029917251,5.525662635264163,1.7348618714194783,0.9076537237428391,2.994739656269892,4.499144493952896,29.390706556333544,108.29996180776575,106.26260980267345,0.37713558243157225,57.902227880331,38.8577466581795,2.802673456397199,0.0,2.1607714831317635,7.545486950986631,1089.0,552.0,1758.0,332.0,1889.0,157.0,9349.0,378.0,643.0,14.646884786760022,0.2374105155951623,0.11778469764481221,0.10533436028007638,0.22467091024824953,0.3146736600891152,0.5715159770846595,0.40539564608529594,0.38253527689369826,0.39707982176957357,0.39192150222788036,0.8203587523870146,0.04252221514958624,724.0,0.176200101845958,0.3952747549331636,42.0,2.0,0,0,7,0.0028333333333333335,0.03866666666666667,0.0,0,0,2,0,1,1,7,0,0,0,0,0.00044444444444444447,0,0.0,0,0.0012777777777777779,0,0.0005555555555555556,0,0.0,,,1999,2020,20,0.6853263399108847
Vince Carter,cartevi01,78,220.0,1977-01-26,UNC,2002,2019,1999-02-05T00:00:00Z,True,18,NBA,"TOR, NJN, ORL, PHO, DAL, MEM, SAC, ATL",SG,1274,776.0,29.53375196232339,5.722919937205652,13.278649921507064,0.4309865815451912,1.532967032967033,4.134222919937206,0.37079931649895576,4.189952904238618,9.14442700156986,0.4581974248927039,0.48870958207720044,2.986656200941915,3.7142857142857144,0.8040997464074388,0.957613814756672,3.208006279434851,4.165620094191523,3.06436420722135,0.9638932496075353,0.4803767660910518,1.6499215070643642,2.587912087912088,15.965463108320252,37626.0,7291,16917,1953.0,5267.0,5338.0,11650.0,3805,4732,1220.0,4087.0,5307.0,3904,1228.0,612.0,2102.0,3297.0,20340,4.0,17.95262052835805,0.5351841014192315,0.33332264923191407,0.2726961143889864,3.715938446818689,12.62327380003189,8.141508531334717,19.639727847764842,1.7055679583266892,1.3111571785467497,9.904026471057248,25.912834210386432,58.2,37.50000000000001,95.90000000000002,0.1221789985648222,2.4669191516504547,0.08261574443204169,2.5502099611970444,43.2,10.221025354807844,23.687383724020624,2.691287939190985,7.283017062669431,7.497934938606282,16.38808802423856,5.346991442087917,6.638207622388774,1.7026231860947219,5.687482060277468,7.396595439323871,5.462169776218572,1.7055679583266892,0.8604847711688726,2.9485568489874026,4.584502737468772,28.462385052888965,107.97945569552968,106.75059799075107,0.3936639557752618,58.02081007813746,36.73220645298464,4.746637963110615,0.0,1.597321001435178,6.936549194705789,1042.0,520.0,1749.0,315.0,1739.0,171.0,8937.0,356.0,595.0,14.87233561898687,0.23361380428427156,0.11753904215170362,0.10239544463934513,0.21307686174453833,0.33332264923191407,0.5700513740498592,0.40613089353106896,0.3816046085153883,0.3929675756126083,0.38573871790782976,0.8273914846117046,0.043441450061127936,695.0,0.17591473980757988,0.3968803221176846,44.0,2.0,0,0,6,0.0009444444444444445,0.012944444444444446,0.0,0,0,1,0,0,0,6,0,0,0,0,0.00011111111111111112,0,0.0,0,0.0012777777777777779,0,0.0005555555555555556,0,0.0,,,1999,2020,21,0.6666773507680859
Vince Carter,cartevi01,78,220.0,1977-01-26,UNC,2003,2020,1999-02-05T00:00:00Z,True,18,NBA,"TOR, NJN, ORL, PHO, DAL, MEM, SAC, ATL",SG,1274,716.0,28.349293563579277,5.368131868131868,12.491365777080063,0.42974739223325376,1.4858712715855573,4.047095761381476,0.36714507370054306,3.8822605965463106,8.444270015698587,0.4597508830637665,0.48922332537388463,2.8124018838304554,3.4960753532182105,0.804445442299057,0.8634222919937206,3.1538461538461537,4.017268445839874,2.914442700156986,0.9081632653061225,0.4662480376766091,1.554945054945055,2.508634222919937,15.034536891679748,36117.0,6839,15914,1893.0,5156.0,4946.0,10758.0,3583,4454,1100.0,4018.0,5118.0,3713,1157.0,594.0,1981.0,3196.0,19154,4.0,17.53088019492206,0.5349359581360579,0.3475716975385552,0.2708754603095495,3.5019270703546805,12.89633690505856,8.170736772157156,19.332948473018245,1.6672591854251462,1.3383032920785227,9.91187806296204,25.38404075643049,53.00000000000001,35.50000000000001,88.7,0.11777199102915524,2.1844339230833123,0.07677271091175901,2.26190990392336,38.8,9.947670072265138,23.11533903701858,2.703051194728244,7.377979898662679,7.215665752969516,15.717974914860038,5.229700694963592,6.489691834870006,1.5933050917850322,5.796793753634023,7.396860204335909,5.396854666777418,1.6672591854251462,0.861932054157322,2.8842844090040702,4.608516764958329,27.818426225877012,107.70506963479802,107.09053908131905,0.4101115818035828,55.82249356258826,36.52166569759393,7.1278622255447575,0.09701802475288646,1.3502201179499957,6.854281917102749,987.0,479.0,1704.0,296.0,1642.0,175.0,8533.0,336.0,564.0,15.057407868870616,0.2310268571586787,0.11572212531494865,0.10003469280394274,0.20556599385331006,0.3475716975385552,0.5662765456710137,0.4078904947808511,0.38327793006063626,0.39447689453719853,0.3848744912368138,0.8268416812027577,0.04205844892986683,638.0,0.17620223163607165,0.3941545809452612,43.0,2.0,0,0,5,0.0009444444444444445,0.012666666666666666,0.0,0,0,1,0,0,0,5,0,0,0,0,0.00011111111111111112,0,0.0,0,0.0012777777777777779,0,0.0005555555555555556,0,0.0,,,1999,2020,22,0.6524283024614447
Nazr Mohammed,mohamna01,82,221.0,1977-09-05,Kentucky,1999,2016,1999-02-05T00:00:00Z,False,18,NBA,"PHI, ATL, NYK, SAS, DET, CHA, OKC, CHI, OKC",C,1005,354.0,15.811940298507462,2.3900497512437813,4.9144278606965175,0.4863332658432881,0.0,0.007960199004975124,0.0,2.3900497512437813,4.906467661691543,0.48712228756844456,0.4863332658432881,1.017910447761194,1.591044776119403,0.6397748592870544,1.7990049751243782,2.8855721393034828,4.684577114427861,0.373134328358209,0.4298507462686567,0.6358208955223881,0.9144278606965174,2.145273631840796,5.7980099502487565,15891.0,2402,4939,0.0,8.0,2402.0,4931.0,1023,1599,1808.0,2900.0,4708.0,375,432.0,639.0,919.0,2156.0,5827,0.0,14.944465420678373,0.5144780693474295,0.001661632370524196,0.32171549933924865,13.309797998867282,21.02284941161664,17.189094455981376,4.049153608961047,1.427462085457177,3.041501478824492,14.072487571581398,19.004631552451077,11.200000000000001,23.099999999999998,34.300000000000004,0.10359643823547919,-2.0555157007110942,-0.47968661506513127,-2.5572777043609594,-2.3000000000000003,8.00285696306085,16.484437732049585,0.0,0.018815681832483794,8.00285696306085,16.45345793216286,3.4194638474608268,5.318928953495691,6.0453590082436595,9.693864451576365,15.713057705619534,1.252646151909886,1.427462085457177,2.1338556415581147,3.078944056384117,7.205323768170662,19.446686803851236,102.98426782455478,102.05160153546032,0.0,0.0,0.0,17.649235416273363,82.35076458372664,-2.618406645270908,-3.3109055440186275,245.0,290.0,1247.0,186.0,753.0,26.0,815.0,169.0,513.0,5.898282046441381,0.47799144169655783,0.24953854382984078,0.19665961865206721,0.07364099175634005,0.001661632370524196,0.6062609653262854,0.38114045686237497,0.38795060096910206,0.3015098483418287,0.6192108111509659,0.0,0.10302139575860549,427.0,0.0805487382795293,0.0,2.0,0.0,1,0,0,0.0,0.0,0.0,0,0,0,0,0,0,0,0,0,0,0,0.0,0,0.0,0,0.0,0,0.0,0,0.0,,,1999,2016,18,0.9983383676294759
Dirk Nowitzki,nowitdi01,84,245.0,1978-06-19,,1999,2016,1999-02-05T00:00:00Z,True,18,NBA,DAL,PF,1340,1309.0,35.26044776119403,7.755223880597015,16.359701492537315,0.4740443390201624,1.269402985074627,3.3276119402985076,0.3814756671899529,6.485820895522388,13.032089552238807,0.49768081085724103,0.5128409816622571,5.228358208955224,5.947014925373134,0.879156732337809,1.0582089552238807,6.807462686567164,7.865671641791045,2.547761194029851,0.8417910447761194,0.8805970149253731,1.7716417910447761,2.437313432835821,22.008208955223882,47249.0,10392,21922,1701.0,4459.0,8691.0,17463.0,7006,7969,1418.0,9122.0,10540.0,3414,1128.0,1180.0,2374.0,3266.0,29491,2.0,23.047059197020044,0.5792219094584012,0.20700586255793768,0.3633999026434422,3.453645579800631,21.584348875108468,12.634597557620266,12.881919194057017,1.2394696184046223,1.8743274989946874,8.582046180871552,26.845181908611828,141.0,57.699999999999996,198.8,0.2019727189993439,4.50575250269847,0.38247370314715656,4.8713200279371,82.30000000000001,11.46317805667845,24.172081948824317,1.872376134944655,4.899921691464369,9.58910876420665,19.273976168807806,7.73696162881754,8.803650870917902,1.558752566191877,10.050278312768524,11.630081059916611,3.7685072699951316,1.2394696184046223,1.3064911426696864,2.626906389553218,3.5986687548942835,32.53061652098457,116.20345404135537,103.95502550318525,0.0,0.0,0.7887574340197676,72.62449998941777,26.622087239941585,6.352705877373067,9.857766301932315,1144.0,719.0,1990.0,285.0,2980.0,130.0,7838.0,647.0,741.0,14.917077610108153,0.14924544434802853,0.08681923426950836,0.24557019196173463,0.3114284958411818,0.20700586255793768,0.6583912463755847,0.4003855531333997,0.4644373637537302,0.4765855362018244,0.5652885775360325,0.9349507714448984,0.019301678342398782,392.0,0.10772784609198077,0.39522548625367737,20.0,0.0,1,1,13,0.0009444444444444445,0.37577777777777777,0.003944444444444444,0,0,1,4,9,12,16,0,0,1,1,0.10049999999999999,0,0.0,0,0.0,0,0.014166666666666668,0,0.0,,,1999,2019,18,0.7929941374420622
Dirk Nowitzki,nowitdi01,84,245.0,1978-06-19,,2000,2017,1999-02-05T00:00:00Z,True,18,NBA,DAL,PF,1347,1339.0,35.42316258351893,7.833704528582034,16.528582034149963,0.47394897592526053,1.3110616184112844,3.414996288047513,0.3839130434782609,6.52264291017075,13.11358574610245,0.4973958333333333,0.513609414301114,5.200445434298441,5.904231625835189,0.8807996982270841,1.0393466963622866,6.92724573125464,7.966592427616926,2.560504825538233,0.838158871566444,0.8841870824053452,1.7461024498886415,2.4305864884929473,22.178916109873793,47715.0,10552,22264,1766.0,4600.0,8786.0,17664.0,7005,7953,1400.0,9331.0,10731.0,3449,1129.0,1191.0,2352.0,3274.0,29875,2.0,23.07232736036886,0.57949437283873,0.21012042334695585,0.3571255160850885,3.37726291522582,21.931021691292045,12.750219008697474,12.903803835271926,1.228068741485906,1.887492402808341,8.379983233783927,26.905245729854343,141.49999999999997,58.9,200.50000000000003,0.2017039714974327,4.521762548464843,0.3957770093262077,4.897814104579273,83.4,11.51894163261029,24.296671906109193,1.9245750812113593,5.0025861888295085,9.592689929791469,19.2928995074924,7.656403646651997,8.695473121659855,1.5212260295504558,10.176707534318348,11.718778162003563,3.7690327989101964,1.228068741485906,1.305396625799015,2.5756365922665827,3.5674253379440426,32.61584197841349,116.2351252226763,104.01515246777743,0.0,0.0,0.7007440008383108,72.00199098815887,27.35234203080792,6.26407628628314,9.768978308707954,1132.0,732.0,2014.0,281.0,2955.0,134.0,7932.0,643.0,730.0,15.017457822487689,0.1454018233259981,0.085103594257571,0.24529116629990572,0.3141716231792937,0.21012042334695585,0.6565539557791051,0.4009118935345279,0.467240679031751,0.4765597820391909,0.5717249921408362,0.9370115686890916,0.018660609871109717,385.0,0.10600769150162422,0.4013007859163786,20.0,0.0,1,1,13,0.0009444444444444445,0.37577777777777777,0.0,0,0,1,4,9,12,16,0,0,0,1,0.1005,0,0.0,0,0.0,0,0.014166666666666668,0,0.0,,,1999,2019,19,0.7898795766530441
Dirk Nowitzki,nowitdi01,84,245.0,1978-06-19,,2001,2018,1999-02-05T00:00:00Z,True,18,NBA,DAL,PF,1342,1335.0,34.78166915052161,7.736959761549925,16.321907600596123,0.4740230094959825,1.3323397913561847,3.4508196721311477,0.38609371625998706,6.404619970193741,12.871087928464977,0.4975974063567417,0.5148374726077429,5.076751117734724,5.747391952309985,0.8833138856476079,0.9836065573770492,6.942622950819672,7.926229508196721,2.5081967213114753,0.8263785394932935,0.8703427719821163,1.6855439642324888,2.357675111773472,21.88301043219076,46677.0,10383,21904,1788.0,4631.0,8595.0,17273.0,6813,7713,1320.0,9317.0,10637.0,3366,1109.0,1168.0,2262.0,3164.0,29367,2.0,23.16368018510187,0.5802866936606894,0.21566047518049575,0.3512720611864516,3.2620284079953725,22.462581142746963,12.944235919189321,12.928011654562205,1.2309167255821925,1.9142382758103564,8.181136319814899,27.00362491162671,138.0,59.199999999999996,197.20000000000002,0.20280628575101226,4.559335432868436,0.4604730381129893,4.9996443644621555,82.9,11.585322535724233,24.44257557255179,1.9880262227649592,5.142511301069049,9.59558240675279,19.29255736229835,7.617783919275019,8.629228527968808,1.466180345780577,10.384994751162242,11.872483235854915,3.762803950553806,1.2309167255821925,1.3077404289050283,2.534766587398505,3.52855796216552,32.78373288771772,116.3293056537481,103.98948090065771,0.0,0.0,0.6533838935664246,69.44514428947876,29.95777363583778,6.3534760160250245,9.6026437003235,1092.0,714.0,1978.0,268.0,2860.0,137.0,7756.0,621.0,681.0,15.144747948668508,0.14129952653341044,0.08203037898750991,0.2462761102898644,0.3148425777149345,0.21566047518049575,0.6576969385350386,0.40824296762859663,0.4714963900850525,0.4749432482807378,0.5739617370439402,0.9377509051567154,0.01730940291792532,353.0,0.09477573537288171,0.4007209760695846,21.0,0.0,1,1,13,0.0009444444444444445,0.37577777777777777,0.0,0,0,1,4,9,12,16,0,0,0,1,0.10049999999999999,0,0.0,0,0.0,0,0.0026666666666666666,0,0.0,,,1999,2019,20,0.7843395248195043
Dirk Nowitzki,nowitdi01,84,245.0,1978-06-19,,2002,2019,1999-02-05T00:00:00Z,True,18,NBA,DAL,PF,1311,1273.0,33.826849733028226,7.5720823798627,16.043478260869566,0.4719726144629867,1.297482837528604,3.391304347826087,0.3825910931174089,6.274599542334096,12.652173913043478,0.49593054801953335,0.5124090714591356,4.882532418001525,5.511060259344013,0.8859515570934257,0.919908466819222,6.739130434782608,7.65903890160183,2.462242562929062,0.7925247902364607,0.8276125095347063,1.620137299771167,2.2845156369183828,21.32418001525553,44347.0,9927,21033,1701.0,4446.0,8226.0,16587.0,6401,7225,1206.0,8835.0,10041.0,3228,1039.0,1085.0,2124.0,2995.0,27956,2.0,22.946154193068303,0.5768320743229531,0.21470525627438158,0.34174095203734184,3.1359099826369317,22.45294833923377,12.863048233251403,13.068557061357026,1.2129456333010125,1.8867995580309829,8.018623582203983,27.148639141317343,127.20000000000002,55.7,182.90000000000003,0.19796398854488467,4.405193135950571,0.42792071617020316,4.81189031952556,76.6,11.657487541434595,24.692743590321783,1.9862245473199989,5.185796107966717,9.662412339053375,19.499046158702956,7.539592306131192,8.511026675987102,1.407657789703926,10.357440187611338,11.794572349877106,3.793794394209304,1.2129456333010125,1.2763749520824406,2.504449004442239,3.514544388571944,32.84319796153065,115.84713734863689,104.39628385234627,0.0,0.0,0.47631181365143077,69.20831172345368,30.356709585766794,5.993059282476829,8.763097842018626,1022.0,686.0,1880.0,248.0,2656.0,138.0,7452.0,571.0,632.0,15.279261280357183,0.13398162220668816,0.08058182064175705,0.2500994430288407,0.3206941168511963,0.21470525627438158,0.6560183326944325,0.41413899474598054,0.4712084695695312,0.47516147653730806,0.5763428642298238,0.9382150765553477,0.015771664374140303,311.0,0.08107666809479784,0.4000034500642659,18.0,0.0,1,1,14,0.0,0.37077777777777776,0.0,0,0,0,4,9,11,15,0,0,0,1,0.10049999999999999,0,0.0,0,0.0,0,0.0008888888888888889,0,0.0,,,1999,2019,21,0.7852947437256185
Paul Pierce,piercpa01,79,235.0,1977-10-13,Kansas,1999,2016,1999-02-05T00:00:00Z,True,18,NBA,"BOS, BRK, WAS, LAC",SF,1318,1278.0,34.60015174506829,6.555386949924127,14.715477996965099,0.44547563805104406,1.614567526555387,4.380121396054628,0.3686125064957561,4.94081942336874,10.33535660091047,0.47805021289091176,0.5003351379221449,5.241274658573596,6.498482549317147,0.8065382370110916,0.8277693474962063,4.846737481031867,5.674506828528073,3.564491654021244,1.3262518968133536,0.5614567526555387,2.6676783004552354,2.7336874051593325,19.96661608497724,45603.0,8640,19395,2128.0,5773.0,6512.0,13622.0,6908,8565,1091.0,6388.0,7479.0,4698,1748.0,740.0,3516.0,3603.0,26316,9.0,19.82370458083898,0.5693934828848979,0.303912790825165,0.43777760235072255,2.781437624717672,16.22875468719163,9.583233559195667,18.807486349582263,1.9948687586343004,1.2515097690941386,13.180474968752055,26.92454005218955,87.10000000000001,62.99999999999999,150.1,0.15782990154156523,3.172835120496458,0.5583645812775476,3.7226739468894596,65.8,9.876115606429403,22.183777383066904,2.433302633598667,6.605688222266081,7.454143367760893,15.576345854439401,7.904883450650177,9.795905971098392,1.254027147336798,7.304515053834177,8.550437471218999,5.371727737210271,1.9948687586343004,0.8608139815363024,4.025143082691928,4.137212464092275,30.094963050676487,109.09433589895401,102.70909808565226,0.06841655154266167,24.920224546630703,68.71694844637415,6.2358836041488495,0.06490801043790978,3.5012784246650437,6.554731048395939,1531.0,1093.0,1767.0,477.0,3407.0,173.0,10634.0,726.0,1139.0,14.280992478565006,0.26159930267745546,0.08268249895840186,0.1396967743350218,0.21215058219853955,0.303912790825165,0.6071734973576299,0.33234831041817425,0.4113618183014275,0.4191246628511282,0.44972192618906653,0.870199986842971,0.02663815977019056,483.0,0.13477865491305396,0.38250128281034146,25.0,1.0,1,1,10,0.002777777777777778,0.09622222222222222,0.05555555555555555,0,0,2,0,1,4,13,1,1,1,0,0.0022222222222222227,0,0.017,0,0.0,0,0.00011111111111111112,0,0.0,,,1999,2017,18,0.696087209174835
Paul Pierce,piercpa01,79,235.0,1977-10-13,Kansas,2000,2017,1999-02-05T00:00:00Z,True,18,NBA,"BOS, BRK, WAS, LAC",SF,1295,1238.0,34.16833976833977,6.474131274131274,14.531274131274131,0.44553087469444147,1.58996138996139,4.333590733590734,0.36689237348538845,4.884169884169884,10.197683397683397,0.4789489625927609,0.5002391327452439,5.234749034749035,6.473359073359074,0.8086603841107002,0.752895752895753,4.820849420849421,5.5737451737451735,3.546718146718147,1.2895752895752897,0.5366795366795367,2.6401544401544403,2.7057915057915056,19.772972972972973,44248.0,8384,18818,2059.0,5612.0,6325.0,13206.0,6779,8383,975.0,6243.0,7218.0,4593,1670.0,695.0,3419.0,3504.0,25606,9.0,19.75829190019888,0.5702622943409871,0.3054450596637136,0.4412462032182246,2.5814296691375884,16.339929488338456,9.54646311697704,18.961064906888446,1.9644435906707647,1.2180821732055687,13.198793165792805,26.989698969444945,84.00000000000001,61.29999999999999,145.3,0.15744585065991681,3.1151713071777256,0.5650244078828423,3.670782860242271,63.300000000000004,9.874841800759357,22.174819200867834,2.425135599349123,6.613374615801845,7.460757548363766,15.560273910685229,7.99224823720846,9.877919905984452,1.1535255830772013,7.3527368468631344,8.5015978123305,5.411026487072863,1.9644435906707647,0.8337958777797867,4.033780057855722,4.143005333574399,30.17112637859338,109.10145091303562,102.81151690471886,0.07051166154402459,25.572703851021515,67.44392966913759,6.852535707828602,0.06689567890074127,3.725119779425058,6.721008859157476,1494.0,1061.0,1734.0,467.0,3335.0,174.0,10411.0,711.0,1092.0,14.382482824082444,0.2584197929849937,0.07894148888085337,0.1412045968179353,0.21607543843789556,0.3054450596637136,0.609017017718315,0.3363932381124571,0.41456737027662266,0.4163180708732598,0.4501930934731514,0.8671103326704034,0.025660504429578738,451.0,0.1284197025854276,0.37775876875791,25.0,1.0,1,1,10,0.002777777777777778,0.09622222222222222,0.0,0,0,2,0,1,4,13,0,0,0,0,0.0022222222222222227,0,0.0,0,0.0,0,0.00011111111111111112,0,0.0,,,1999,2017,19,0.6945549403362863
Jason Terry,terryja01,74,185.0,1977-09-15,Arizona,2000,2017,1999-11-02T00:00:00Z,False,18,NBA,"ATL, DAL, BOS, BRK, HOU, MIL",SG,1359,675.0,30.33112582781457,5.044150110375276,11.35467255334805,0.4442356295768259,1.6497424576894775,4.337748344370861,0.3803223070398643,3.3944076526857985,7.016924208977189,0.48374580536912754,0.5168816019700603,2.033112582781457,2.4054451802796173,0.8452126032425819,0.365710080941869,2.008094186902134,2.373804267844003,3.9411331861662986,1.1486387049300957,0.1927888153053716,1.7586460632818248,1.8579838116261957,13.771155261221486,41220.0,6855,15431,2242.0,5895.0,4613.0,9536.0,2763,3269,497.0,2729.0,3226.0,5356,1561.0,262.0,2390.0,2525.0,18715,1.0,16.36321931101407,0.5559953178068898,0.3969923823386705,0.20758372149442014,1.403563803978651,7.465174672489083,4.4969213973799125,22.31508005822416,1.984813197476953,0.4811329451722465,12.493828238719068,21.376608442503642,70.39999999999999,30.999999999999996,101.29999999999998,0.11791477438136827,1.9085638039786512,-0.3030131004366812,1.5989762251334305,37.4,8.73672003881611,19.652799611838915,2.8417806889859296,7.495567685589518,5.883146530810286,12.173464337700144,3.514502668607472,4.172671033478893,0.6355822416302765,3.453825812712276,4.109645803008248,6.820776322173702,1.984813197476953,0.32780203784570594,3.033566229985444,3.2037942746239687,23.84717855409995,110.6331392527899,107.90810286268801,50.986851043182924,46.68808830664726,2.433551673944687,0.0,0.0,1.5695900048520137,2.539301310043668,1421.0,570.0,1009.0,157.0,1126.0,93.0,11858.0,216.0,623.0,16.760434255215916,0.14056904415332364,0.09319995147986415,0.14104907811741874,0.2284091945657448,0.3969923823386705,0.5956369480834547,0.4242448326055313,0.4426081513828238,0.4651866084425037,0.39927290150412426,0.8223560892770498,0.006595123726346434,104.0,0.2763401504124211,0.40463672974284326,24.0,2.0,1,0,0,0.0009444444444444445,0.00016666666666666666,0.014888888888888889,0,0,1,0,0,0,1,0,1,1,0,0.0,0,0.0,1,0.1076111111111111,0,0.0017777777777777779,0,0.0,,,2000,2018,18,0.6030076176613294
Jason Terry,terryja01,74,185.0,1977-09-15,Arizona,2001,2018,1999-11-02T00:00:00Z,False,18,NBA,"ATL, DAL, BOS, BRK, HOU, MIL",SG,1329,652.0,30.20767494356659,5.015048908954101,11.275395033860045,0.44477811144477813,1.6824680210684726,4.404063205417607,0.38202631129335385,3.3325808878856282,6.871331828442438,0.48499780989925534,0.5193860527193861,2.0,2.36117381489842,0.847036328871893,0.35966892400300976,1.978931527464259,2.3386004514672685,3.8141459744168547,1.1384499623777276,0.19939804364183597,1.6997742663656885,1.838976674191121,13.712565838976674,40146.0,6665,14985,2236.0,5853.0,4429.0,9132.0,2658,3138,478.0,2630.0,3108.0,5069,1513.0,265.0,2259.0,2444.0,18224,1.0,16.311515468539827,0.5581413092213421,0.41043760274996266,0.20335547750709912,1.3894659492851094,7.404964380012953,4.462454540925622,21.730807552433618,1.9730583370696955,0.5082822697155382,12.207607233597368,21.25032630897225,69.60000000000001,30.7,100.1,0.11971053155980671,1.9257161361032236,-0.2707368106411598,1.6482289642803767,36.9,8.718945847656055,19.588482040551984,2.907358142778857,7.631098988691276,5.801506999452,11.969346883873861,3.4728740098639963,4.113054849798236,0.6257485179096298,3.41553081253425,4.0620584865241876,6.624769590992876,1.9730583370696955,0.33868380411498034,2.942913366213322,3.180381607133961,23.83604593234693,110.97842873511682,107.96647237582823,48.471180192298114,49.08073033427988,2.57975888008768,0.0,0.0,1.9409480396552583,2.782140188312659,1352.0,535.0,975.0,148.0,1079.0,94.0,11255.0,213.0,598.0,16.873399591491058,0.13789687640113588,0.09189383749315001,0.13739229313007525,0.2225846410601305,0.41043760274996266,0.5958150500672545,0.421005529816171,0.4500082199970108,0.4640868330593334,0.40617483684551386,0.8242451053654163,0.006536417077666517,101.0,0.2904150102127236,0.4094636078314153,23.0,1.0,1,0,0,0.0009444444444444445,0.00016666666666666666,0.0,0,0,1,0,0,0,1,0,0,0,0,0.0,0,0.0,1,0.1076111111111111,0,0.0017777777777777779,0,0.0,,,2000,2018,19,0.5895623972500373
Jamal Crawford,crawfja01,77,185.0,1980-03-20,Michigan,2001,2018,2000-10-31T00:00:00Z,False,18,NBA,"CHI, NYK, GSW, ATL, POR, LAC, MIN",SG,1262,433.0,29.934231378763865,5.210776545166403,12.69809825673534,0.4103588143525741,1.7060221870047543,4.893026941362916,0.34866396761133606,3.504754358161648,7.805071315372425,0.4490355329949239,0.47753510140405614,2.853407290015848,3.3090332805071316,0.8623084291187739,0.3629160063391442,1.9057052297939778,2.268621236133122,3.414421553090333,0.9080824088748018,0.205229793977813,1.8835182250396196,1.5309033280507132,14.980982567353408,37777.0,6576,16025,2153.0,6175.0,4423.0,9850.0,3601,4176,458.0,2405.0,2863.0,4309,1146.0,259.0,2377.0,1932.0,18906,0.0,15.214614712655848,0.5282195780501363,0.3837723217830955,0.26092169838790796,1.3857797072292664,7.334669243190301,4.3373137093999,19.40447626862906,1.573012679672817,0.5343621780448421,11.88093548984832,24.166241363792782,41.9,18.4,60.5,0.07702281811684358,1.3949307779866056,-1.4089816555046721,-0.016790639807290154,19.099999999999998,9.009720200121766,21.950271329115598,2.945840061413029,8.467302856235277,6.066897847896869,13.496251687534745,4.930537099293221,5.719660110649337,0.6233528337348121,3.301315615321492,3.922473992111602,5.905725706117479,1.573012679672817,0.35998358789739787,3.2680122826058184,2.6620403949493077,25.899666463721314,105.47330386213834,110.73851814596183,23.083648781004314,61.22124573152977,15.315350610159621,0.3420335124546682,0.0,-2.1445800354713187,-1.8664187203854197,1255.0,603.0,834.0,202.0,1511.0,98.0,9497.0,342.0,529.0,17.042020276888056,0.1352637848426291,0.10867837573126507,0.11174685655292904,0.26088506233951875,0.3837723217830955,0.558474415649734,0.4096872435608968,0.4146511898774387,0.4219496783757312,0.2897819572755909,0.7553145300050295,0.00683876432750086,95.0,0.2560348889535961,0.3887062233634222,74.0,6.0,0,0,0,0.0,0.0,0.001,0,0,0,0,0,0,0,0,0,1,0,0.0,0,0.0,3,0.17072222222222222,0,0.0,0,0.0,,,2001,2020,18,0.6162276782169045
Jamal Crawford,crawfja01,77,185.0,1980-03-20,Michigan,2002,2019,2000-10-31T00:00:00Z,False,18,NBA,"CHI, NYK, GSW, ATL, POR, LAC, MIN, PHO",SG,1265,425.0,29.990513833992093,5.2513833992094865,12.773913043478261,0.41110217216411904,1.7225296442687748,4.948616600790514,0.34808306709265174,3.5288537549407115,7.825296442687747,0.4509546418830185,0.4785258988798812,2.898814229249012,3.3612648221343875,0.8624176857949201,0.3612648221343874,1.8988142292490118,2.260079051383399,3.475889328063241,0.8980237154150198,0.20316205533596837,1.8901185770750988,1.532806324110672,15.124110671936759,37938.0,6643,16159,2179.0,6260.0,4464.0,9899.0,3667,4252,457.0,2402.0,2859.0,4397,1136.0,257.0,2391.0,1939.0,19132,0.0,15.288265064051872,0.5304073224735094,0.3862034899045812,0.26472665928620376,1.3745663978069478,7.273208919816542,4.305013442985924,19.569761189308867,1.5469450155516895,0.5299541356950814,11.788760609415363,24.232218356265488,43.3,18.0,61.599999999999994,0.07807757393642259,1.4341609995255418,-1.450864568506511,-0.01943170435974482,19.099999999999994,9.039514470978967,21.977587115820548,2.9582107649322587,8.520673203648057,6.081116558595604,13.470140755970268,4.988971479782804,5.785594918024145,0.6164452527808529,3.269592493014919,3.8870446518003052,5.968675206916547,1.5469450155516895,0.3550424376614476,3.2568559228214453,2.6496362486161633,26.029619378986766,105.95674521587854,111.0780220359534,22.535663450893562,61.8358374189467,15.282276345616532,0.34058200221413887,0.0,-2.2498023090305237,-2.02634825241183,1271.0,601.0,826.0,204.0,1536.0,104.0,9706.0,347.0,525.0,17.102693868944066,0.13232597922926884,0.10856109968896621,0.11377165375085667,0.2594507881279983,0.3862034899045812,0.5621006378828615,0.41165896989825507,0.4181456587063103,0.42505116242290053,0.2799771996415204,0.7419722705466815,0.006449944646528547,92.0,0.25874816806368284,0.3811984026569666,75.0,6.0,0,0,0,0.0,0.0,0.0,0,0,0,0,0,0,0,0,0,0,0,0.0,0,0.0,3,0.17072222222222222,0,0.0,0,0.0,,,2001,2020,19,0.6137965100954188
Jamal Crawford,crawfja01,77,185.0,1980-03-20,Michigan,2003,2020,2000-10-31T00:00:00Z,False,18,NBA,"CHI, NYK, GSW, ATL, POR, LAC, MIN, PHO, BRK",SG,1243,419.0,30.13917940466613,5.274336283185841,12.85277554304103,0.41036554832248373,1.7329042638777152,4.991150442477876,0.3471953578336557,3.5414320193081257,7.8616251005631534,0.4504707327056897,0.4777791687531297,2.9420756234915526,3.4102976669348353,0.8627034677990092,0.36363636363636365,1.9090909090909092,2.272727272727273,3.495575221238938,0.8994368463395012,0.20273531777956558,1.8978278358809333,1.5462590506838294,15.22365245374095,37463.0,6556,15976,2154.0,6204.0,4402.0,9772.0,3657,4239,452.0,2373.0,2825.0,4345,1118.0,252.0,2359.0,1922.0,18923,0.0,15.290983103328614,0.5301067186290473,0.3872001174492166,0.26718442196300346,1.3765875663988467,7.272984010890745,4.306956196780824,19.55400795451512,1.5408803352641274,0.5264020500226891,11.755913834983852,24.26788564717188,43.0,17.799999999999997,61.1,0.07844016763206364,1.432504070683074,-1.4444491898673357,-0.014707845073806108,18.9,9.030833088647466,21.996799508848735,2.9597496196246964,8.549067079518458,6.070893948696047,13.461142994421161,5.038104262872701,5.840976430077677,0.6165576702346316,3.2699623628646934,3.888823639324132,5.969828897845875,1.5408803352641274,0.35184048260950807,3.253212503002963,2.6588180337933425,26.062955449376723,106.01540186317166,111.09297173210902,21.563142300403065,62.61020206603849,15.476043029122067,0.34490030163094254,0.0,-2.1055521447828527,-1.9947067773536555,1249.0,593.0,815.0,204.0,1529.0,104.0,9595.0,344.0,522.0,17.092277714011157,0.13310501027680646,0.1084995595654379,0.11363494648052745,0.25787734564770576,0.3872001174492166,0.5623200491151269,0.4089309185062595,0.41731019939673814,0.42481987561060247,0.27925158156047303,0.7406779489095908,0.006531724634973173,92.0,0.2604753223180205,0.3768643995408803,74.0,6.0,0,0,0,0.0,0.0,0.0,0,0,0,0,0,0,0,0,0,0,0,0.0,0,0.0,3,0.17072222222222222,0,0.0,0,0.0,,,2001,2020,20,0.6127998825507834
Joe Johnson,johnsjo02,79,240.0,1981-06-29,Arkansas,2002,2022,2001-10-30T00:00:00Z,False,18,NBA,"BOS, PHO, ATL, BRK, MIA, UTA, HOU, BOS",SG,1277,1091.0,34.64056382145654,6.126076742364917,13.876272513703993,0.4414785553047404,1.5489428347689898,4.174628034455756,0.3710373288313637,4.577133907595928,9.701644479248237,0.47178949067721365,0.49729119638826186,2.1793265465935785,2.7157400156617073,0.802479815455594,0.8355520751761942,3.126076742364918,3.961628817541112,3.9162098668754894,0.8386844166014096,0.20360219263899765,1.9193422083007048,1.7635082223962413,15.980422866092404,44236.0,7823,17720,1978.0,5331.0,5845.0,12389.0,2783,3468,1067.0,3992.0,5059.0,5001,1071.0,260.0,2451.0,2252.0,20407,2.0,15.452870964825028,0.5284307351478434,0.3035433357446424,0.19051351840130212,2.775099466497875,10.408658106519578,6.602115923682069,19.5583823130482,1.2551406094583597,0.44852608734967,11.303144497694186,22.46964463333032,56.60000000000001,26.400000000000002,83.0,0.08998691111312053,1.4585654218283748,-1.074048286463514,0.38035536666968084,26.599999999999998,9.283484040148295,21.055233294149563,2.3394090785785333,6.33340491907044,6.941441359978298,14.714766253729994,3.310988787412967,4.140351749706121,1.2621100461162853,4.724941224342165,5.979706573831268,5.94125825119812,1.2551406094583597,0.3040645627995298,2.9020503662175603,2.6656320643819513,24.25137444615245,107.090582331133,109.90329143683877,3.2329776652500226,52.73130481960394,40.06811194502215,3.9018672574373814,0.0,0.6584388281038068,2.6854756307080208,1128.0,779.0,909.0,247.0,1220.0,65.0,11485.0,259.0,633.0,14.793833077131747,0.1536974183922597,0.1936886020435844,0.13068417126322454,0.21849283389094853,0.3035433357446424,0.5949486165114386,0.49715485125237363,0.4291591916086445,0.38798019712451404,0.30998139524369295,0.8651090288452845,0.00866434578171625,138.0,0.37627721765078215,0.40080891129396873,51.0,3.0,0,0,7,0.011055555555555556,0.017,0.0,0,0,6,0,0,1,7,0,1,1,0,0.00011111111111111112,0,0.0,0,0.00011111111111111112,0,0.002388888888888889,0,0.0,,,2002,2022,18,0.6964566642553576
Tony Parker,parketo01,74,185.0,1982-05-17,,2002,2019,2001-10-30T00:00:00Z,True,18,NBA,"SAS, CHO",PG,1254,1151.0,30.525518341307816,6.201754385964913,12.623604465709729,0.491282375236892,0.4138755980861244,1.2783094098883572,0.3237679351216469,5.787878787878788,11.34529505582137,0.510156744218739,0.5076753000631712,2.7113237639553427,3.6084529505582137,0.7513812154696132,0.35167464114832536,2.3564593301435406,2.708133971291866,5.610845295055821,0.8397129186602871,0.07814992025518341,2.284688995215311,1.641945773524721,15.528708133971293,38279.0,7777,15830,519.0,1603.0,7258.0,14227.0,3400,4525,441.0,2955.0,3396.0,7036,1053.0,98.0,2865.0,2059.0,19473,1.0,18.24273883852765,0.5442189712374931,0.1085130228062384,0.28351647117218315,1.3594007157971735,8.724702839677109,5.134575093393244,32.20318973849892,1.466004859061104,0.1900467619321299,13.97828835654014,25.072141383003736,65.69999999999999,45.699999999999996,111.2,0.13965098356801378,1.4698842707489743,-0.3636092896888633,1.1051908357062619,30.3,10.667825700775884,21.748136053710912,0.7051281381436296,2.194817001489067,9.967870111549415,19.54280676088717,4.6716267405104634,6.230413542673529,0.6016196870346665,4.073063559654118,4.667355469056141,9.655858303508452,1.466004859061104,0.13448104704929595,3.9317589278716785,2.8290733822722642,26.758619608662713,108.43930092217666,104.97473810705608,96.27312625721675,3.7683325060738264,0.0,0.0,0.0,7.664434807596857,2.111160166148541,1367.0,874.0,794.0,241.0,1802.0,105.0,16293.0,414.0,1023.0,10.473622612920924,0.3472567203949946,0.1836388359152538,0.09247127667911909,0.26832116826458374,0.1085130228062384,0.6403083413882286,0.4454058360981217,0.38718281564304186,0.4093319313461689,0.2671869171085974,0.875665639123279,0.0006164737845816244,8.0,0.4510307218056898,0.3701193604848611,8.0,0.0,4,1,6,0.011944444444444445,0.10544444444444444,0.04761111111111111,0,0,5,0,3,4,13,1,1,1,0,0.021055555555555557,0,0.0,0,0.0,0,0.016388888888888887,0,0.0,,,2002,2019,18,0.8914869771937615
Tyson Chandler,chandty01,84,235.0,1982-10-02,,2002,2019,2001-10-31T00:00:00Z,False,18,NBA,"CHI, NOK, NOH, CHA, DAL, NYK, DAL, PHO, LAL",C,1134,881.0,27.687830687830687,3.125220458553792,5.243386243386244,0.5960309451732257,0.0,0.009700176366843033,0.0,3.125220458553792,5.2336860670194,0.5971356360572873,0.5960309451732257,2.1049382716049383,3.263668430335097,0.6449608213996217,3.0899470899470898,6.082010582010582,9.171957671957673,0.8474426807760141,0.5502645502645502,1.1701940035273368,1.4532627865961198,2.853615520282187,8.355379188712522,31398.0,3544,5946,0.0,11.0,3544.0,5935.0,2387,3701,3504.0,6897.0,10401.0,961,624.0,1327.0,1648.0,3236.0,9475,0.0,16.158312631377797,0.6273487164787566,0.002092267023377285,0.62932575323269,12.610879673864579,25.182237722147907,18.833951207083256,4.686948213261992,1.026195936046882,3.343792598254666,18.02226574941079,13.281486081916045,56.0,45.3,101.60000000000001,0.15519354735970445,-0.3114593286196574,0.4619498057201096,0.13267405567233578,16.900000000000002,5.855710554812409,9.83180138862348,0.0,0.0052774062042168285,5.855710554812409,9.809255366583857,3.944904134021275,6.120256067265432,5.782769603159437,11.326046244983758,17.114688833683672,1.5757054589464297,1.026195936046882,2.1847346964774834,2.7109401872730747,5.328485890821071,15.638518376966685,118.83097649531817,103.18077584559526,0.0,0.0,0.1133830180266259,11.247213198292885,88.8209121600102,0.5415918211351042,2.0124976113128223,456.0,381.0,1543.0,485.0,1635.0,127.0,2165.0,357.0,408.0,2.7724345499713356,0.7550374546149436,0.15369972609720367,0.04505866615708007,0.04430240779667495,0.002092267023377285,0.6771015988279508,0.3484937894133385,0.33367284540416586,0.22513918083954393,0.653294955092681,0.0,0.31827307471813493,1724.0,0.03282056181922415,0.0,4.0,0.0,1,0,1,0.08883333333333333,0.00977777777777778,0.005944444444444444,1,3,6,0,0,1,6,0,0,1,0,0.0,0,0.0,0,0.0002777777777777778,0,0.007333333333333334,1,0.03838888888888889,,,2002,2020,18,0.9979077329766227
Tyson Chandler,chandty01,84,235.0,1982-10-02,,2003,2020,2001-10-31T00:00:00Z,False,18,NBA,"CHI, NOK, NOH, CHA, DAL, NYK, DAL, PHO, LAL, HOU",C,1089,855.0,27.757575757575758,3.128558310376492,5.19742883379247,0.6019434628975265,0.0,0.010101010101010102,0.0,3.128558310376492,5.18732782369146,0.6031155956806514,0.6019434628975265,2.074380165289256,3.206611570247934,0.6469072164948454,3.1359044995408634,6.160697887970615,9.296602387511479,0.8383838383838383,0.5528007346189164,1.140495867768595,1.4297520661157024,2.836547291092746,8.33149678604224,30228.0,3407,5660,0.0,11.0,3407.0,5649.0,2259,3492,3415.0,6709.0,10124.0,913,602.0,1242.0,1557.0,3089.0,9073,0.0,16.264618896387457,0.6318741233293635,0.002173249966918089,0.6253711128754798,12.757142384544132,25.39056173084557,19.015713907635305,4.595037713378324,1.0247882757708084,3.265922323673415,17.992579727405058,13.076243879846498,55.9,44.199999999999996,100.4,0.15930058224163027,-0.19071390763530507,0.4969895461161837,0.2877696175731109,17.4,5.8375810506814885,9.706851263728993,0.0,0.005481672621410612,5.8375810506814885,9.683432579065766,3.8726644170967313,5.986125446605795,5.842811300780733,11.427689559348948,17.275876670636496,1.5496162498345902,1.0247882757708084,2.1207853645626575,2.6535728463676067,5.271529707555909,15.533201005690088,119.85936879714173,103.13934100833664,0.0,0.0,0.02587005425433373,9.201204181553527,90.91550879978827,0.9458316792377929,1.96558157999206,418.0,356.0,1470.0,465.0,1544.0,129.0,2066.0,336.0,388.0,2.710678840809845,0.760995434696308,0.15252643244673814,0.042437375942834456,0.042065402937673683,0.002173249966918089,0.6825701998147413,0.3482892020643113,0.3307349146486701,0.2144162035199153,0.6510163755458515,0.0,0.3236689162366018,1665.0,0.03409090909090909,0.0,4.0,0.0,1,0,1,0.08883333333333333,0.00977777777777778,0.0,1,3,6,0,0,1,6,0,0,0,0,0.0,0,0.0,0,0.0002777777777777778,0,0.007333333333333334,1,0.03838888888888889,,,2002,2020,19,0.997826750033082
Pau Gasol,gasolpa01,84,250.0,1980-07-06,,2002,2019,2001-11-01T00:00:00Z,True,18,NBA,"MEM, LAL, CHI, SAS, MIL",C,1226,1150.0,33.44290375203915,6.508972267536705,12.82952691680261,0.507343124165554,0.14600326264274063,0.3964110929853181,0.3683127572016461,6.362969004893964,12.433115823817293,0.5117758971331102,0.513033250683451,3.8784665579119086,5.14763458401305,0.753446363492315,2.5163132137030995,6.704730831973899,9.221044045676999,3.201468189233279,0.49429037520391517,1.5831973898858076,2.1517128874388254,2.1468189233278956,17.042414355628058,41001.0,7980,15729,179.0,486.0,7801.0,15243.0,4755,6311,3085.0,8220.0,11305.0,3925,606.0,1941.0,2638.0,2632.0,20894,10.0,21.37174703056023,0.5652496768371502,0.031668130045608645,0.4028656862027756,8.577459086363746,22.200360966805686,15.475244506231554,16.684978415160607,0.7600643886734471,3.527574937196654,12.455020609253435,23.327652984073563,89.9,54.2,143.89999999999998,0.16870281212653349,2.8028609058315648,0.7796712275310358,3.5534743055047437,57.599999999999994,10.088002731640692,19.885985707665668,0.22159947318358092,0.6091729470012925,9.868605643764784,19.296304968171505,6.02992609936343,8.014831345576937,3.904060876563986,10.37223482354089,14.26910563156996,4.95760103412112,0.7600643886734471,2.4569790980707786,3.345159874149411,3.3338162483841853,26.438374673788445,113.36484475988391,103.82402868222727,0.0,0.0,0.0,31.440647789078316,68.78298090290481,2.216870320236092,3.2665715470354386,1191.0,983.0,1483.0,211.0,2576.0,135.0,9076.0,600.0,1211.0,7.774329894392818,0.35695234262578956,0.3026126435940587,0.15057037633228457,0.1585204263310651,0.031668130045608645,0.6556524718909295,0.43367393478207844,0.4060360235116217,0.4233149191483134,0.6007903465769127,0.9190821687275921,0.09446615936196678,1374.0,0.3843251140216092,0.33077976146923244,4.0,0.0,2,0,6,0.0035,0.0795,0.05555555555555555,0,0,4,0,2,4,13,1,1,1,0,0.0,1,0.929,0,0.0,0,0.0006666666666666666,0,0.0,,,2002,2019,18,0.9683318699543915
Udonis Haslem,hasleud01,80,235.0,1980-06-09,Florida,2004,2021,2003-10-28T00:00:00Z,False,18,NBA,MIA,PF,859,500.0,25.10477299185099,3.079161816065192,6.288707799767171,0.48963346908552385,0.005820721769499418,0.06752037252619325,0.08620689655172414,3.0733410942956927,6.221187427240978,0.4940119760479042,0.49009626064420586,1.4342258440046565,1.8987194412107102,0.7553648068669528,1.870779976717113,4.828870779976717,6.69965075669383,0.8486612339930152,0.4912689173457509,0.28987194412107103,0.9359720605355064,2.3783469150174623,7.59837019790454,21565.0,2645,5402,5.0,58.0,2640.0,5344.0,1232,1631,1607.0,4148.0,5755.0,729,422.0,249.0,804.0,2043.0,6527,0.0,12.979411082773012,0.5332855089265013,0.010455831207975887,0.30137004405286344,9.017231625318804,22.366422443774635,15.818400185485741,5.39522837931834,1.037454208207744,0.9194713656387666,11.699703222814748,15.079833062833293,23.299999999999997,27.7,50.8,0.11305546023649432,-1.4192255970322283,-0.5278553211221887,-1.9595270113610015,0.20000000000000015,6.505518200788313,13.293443079063296,0.011606770229538604,0.13678645954092278,6.493911430558775,13.158465105495015,3.0404915372130765,4.015743102249014,3.950544864363552,10.197922559703223,14.168305124043586,1.7951866450266638,1.037454208207744,0.6213957801993972,1.9756410850915838,5.033897519128217,16.083037329005332,109.49380941340135,104.39276605610944,0.0,0.0,10.602318571759795,78.84159517737073,10.66909343844192,1.8885648040806864,0.36974263853466277,303.0,246.0,1012.0,140.0,660.0,200.0,1672.0,141.0,356.0,9.870317644331092,0.3533800602828657,0.09699336888476699,0.21045035937862272,0.32891463018780426,0.010455831207975887,0.6533465801066544,0.3644157662879666,0.397449942035706,0.40937890099698593,0.774956642708092,0.06357523765360538,0.06933503361929051,321.0,0.08573164850452122,0.012353164850452122,5.0,0.0,3,0,0,0.005555555555555556,0.0,0.020833333333333332,0,0,3,0,0,0,0,0,1,1,0,0.0,0,0.0,0,0.00044444444444444447,0,0.0014444444444444444,0,0.00044444444444444447,,,2004,2023,18,0.9895441687920241
Udonis Haslem,hasleud01,80,235.0,1980-06-09,Florida,2005,2022,2003-10-28T00:00:00Z,False,18,NBA,MIA,PF,797,476.0,24.909661229611043,3.079046424090339,6.255959849435382,0.49217809867629364,0.0075282308657465494,0.0740276035131744,0.1016949152542373,3.071518193224592,6.181932245922209,0.4968540694134362,0.4927797833935018,1.3739021329987453,1.820577164366374,0.7546519641626465,1.7841907151819323,4.874529485570891,6.658720200752823,0.8557089084065245,0.4893350062735257,0.2835633626097867,0.9222082810539524,2.3350062735257215,7.539523212045169,19853.0,2454,4986,6.0,59.0,2448.0,4927.0,1095,1451,1422.0,3885.0,5307.0,682,390.0,226.0,735.0,1861.0,6009,0.0,12.895950234221528,0.5342362363370775,0.011263889588475294,0.29078431471314165,8.72421800231703,22.722308970936382,15.861587669369868,5.4483856344129356,1.039011736261522,0.9047398378078881,11.652536140633659,15.035289376920364,20.5,25.700000000000003,46.1,0.11136956631239614,-1.4689114995214831,-0.4949277187326853,-1.9773585856041909,0.10000000000000006,6.5410618042613216,13.288329219765272,0.015116103359693751,0.14957437163149145,6.525945700901627,13.140719286757667,2.92142749206669,3.863239812622777,3.785886264040699,10.352858510048858,14.15125169999496,1.8153629174432073,1.039011736261522,0.6141993653352138,1.9596383418123204,4.963128998136302,16.04070417569133,109.48204301616884,104.62418778018436,0.0,0.0,8.261673298745782,80.03626655921019,11.824812370926308,1.988606255981464,0.40873923336523454,277.0,222.0,935.0,124.0,580.0,201.0,1559.0,124.0,300.0,10.073621115196696,0.34654601319699796,0.0908409308416864,0.21340598398226968,0.33806376869994464,0.011263889588475294,0.6586931446129047,0.36211610335969374,0.40750329924948375,0.40972674155039546,0.7867721251196292,0.07323830151614366,0.06907545459124566,293.0,0.06615211806779832,0.014810607968568984,4.0,0.0,3,0,0,0.005555555555555556,0.0,0.0,0,0,3,0,0,0,0,0,0,0,0,0.0,0,0.0,0,0.00044444444444444447,0,0.0014444444444444444,0,0.00044444444444444447,,,2004,2023,19,0.9887361104115248
Udonis Haslem,hasleud01,80,235.0,1980-06-09,Florida,2006,2023,2003-10-28T00:00:00Z,False,18,NBA,MIA,PF,724,397.0,23.824585635359117,2.925414364640884,6.041436464088398,0.4842249657064472,0.012430939226519336,0.08839779005524862,0.140625,2.9129834254143647,5.95303867403315,0.48932714617169376,0.48525377229080935,1.272099447513812,1.7002762430939227,0.7481722177091795,1.6395027624309393,4.70303867403315,6.342541436464089,0.7928176795580111,0.4530386740331492,0.25828729281767954,0.8604972375690608,2.226519337016575,7.1353591160221,17249.0,2118,4374,9.0,64.0,2109.0,4310.0,921,1231,1187.0,3405.0,4592.0,574,328.0,187.0,623.0,1612.0,5166,0.0,12.464548669488087,0.5254817670589599,0.013309873036118035,0.28095704098788343,8.377227665371905,23.038321062090557,15.843306858368598,5.293889500840628,1.0126500086961563,0.8826714592150269,11.377349411560091,15.077117514058784,15.2,21.800000000000004,36.9,0.10255701779813323,-1.7554350976868225,-0.6322221578062497,-2.3877094324308654,-1.7000000000000002,6.502794364890718,13.408841092237232,0.026042089396486754,0.1825787002145052,6.476752275494231,13.228111774595629,2.83120180880051,3.77850310162908,3.640066090787872,10.447167951765321,14.101629079946663,1.763748623108586,1.0126500086961563,0.5886196301234853,1.9171778074091248,4.953168299611572,15.873099889848689,108.09733897617254,105.07385935416546,0.0,0.0,9.508899066612557,77.04035016522697,13.592034320830193,0.9098382514928404,-0.1490463215258854,228.0,188.0,831.0,111.0,485.0,206.0,1325.0,101.0,266.0,10.414244304017625,0.32344054727810306,0.09629416198040468,0.21495211316598062,0.35213797901327615,0.013309873036118035,0.6564980578584265,0.3750411038321062,0.40555620615687865,0.3994683749782596,0.794656559800568,0.08841092237231143,0.06103362513768914,224.0,0.07796637486231087,0.018075540611049917,1.0,0.0,3,0,0,0.0037222222222222223,0.0,0.0,0,0,2,0,0,0,0,0,0,0,0,0.0,0,0.0,0,0.00044444444444444447,0,0.0,0,0.00044444444444444447,0,0.0,2004,2023,20,0.986690126963882
Carmelo Anthony,anthoca01,79,238.0,1984-05-29,Syracuse,2004,2021,2003-10-29T00:00:00Z,True,18,NBA,"DEN, NYK, OKC, HOU, POR",SF,1191,1117.0,35.03022670025189,8.228379513014273,18.404701931150292,0.4470802919708029,1.3282955499580185,3.7581863979848866,0.35344057193923145,6.900083963056256,14.646515533165408,0.471107544141252,0.4831660583941606,5.1956339210747275,6.385390428211587,0.8136752136752137,1.6129303106633082,4.701091519731318,6.314021830394626,2.8161209068010074,0.9874055415617129,0.49706129303106633,2.5130142737195635,2.8354324097397146,22.980688497061294,41721.0,9800,21920,1582.0,4476.0,8218.0,17444.0,6188,7605,1921.0,5599.0,7520.0,3354,1176.0,592.0,2993.0,3377.0,27370,2.0,19.68228470075022,0.5402975479974114,0.2076215574890343,0.3435338318832243,5.225641763140865,15.175139617938209,10.178257951631075,14.816409002660532,1.4247980633254238,1.1439371060137582,10.506471561084346,30.060463555523594,68.60000000000001,36.29999999999999,104.99999999999999,0.12075058124206035,2.6205795642482204,-1.2082788044390116,1.4199348050142613,36.00000000000001,11.913494403298099,26.677718654874045,1.9212938328419737,5.450284029625368,9.995925313391337,21.234028426931285,7.558287193499676,9.257649624889146,2.3400565662376263,6.7944632199611705,9.138275688502194,4.078370604731431,1.4247980633254238,0.7258431005968218,3.642192181395461,4.102190743270776,33.31918458330337,107.6339972675631,108.47743342681144,0.0,2.8404880036432494,64.82653819419477,30.344454830900506,2.249179070492078,1.7262841255003476,1.8005656623762616,984.0,791.0,1277.0,659.0,3080.0,147.0,7704.0,641.0,1378.0,13.027609597085402,0.293517101699384,0.08071695309316651,0.14850950360729612,0.2700538338007239,0.2076215574890343,0.5802031111430694,0.34448256273818945,0.39484801418949683,0.41263466839241636,0.42195587354090264,0.8200073344358957,0.04962656695668848,1013.0,0.124447808058292,0.3550557273315596,45.0,0.0,0,0,10,0.0,0.13427777777777777,0.05555555555555555,0,0,0,0,2,6,13,1,1,1,0,0.025166666666666667,0,0.729,0,0.0008888888888888889,0,0.002111111111111111,0,0.0,,,2004,2022,18,0.7923784425109658
Carmelo Anthony,anthoca01,79,238.0,1984-05-29,Syracuse,2005,2022,2003-10-29T00:00:00Z,True,18,NBA,"DEN, NYK, OKC, HOU, POR, LAL",SF,1178,1038.0,34.39643463497453,8.060271646859084,17.97792869269949,0.44834261969968836,1.4108658743633278,3.955008488964346,0.3567289117836446,6.649405772495755,14.022920203735143,0.4741812458381258,0.4875814524506563,5.018675721561969,6.145161290322581,0.8166873877607405,1.5280135823429541,4.67741935483871,6.205432937181664,2.7122241086587437,0.9558573853989814,0.5118845500848896,2.3811544991511036,2.8166383701188455,22.550084889643465,40519.0,9495,21178,1662.0,4659.0,7833.0,16519.0,5912,7239,1800.0,5510.0,7310.0,3195,1126.0,603.0,2805.0,3318.0,26564,2.0,19.62015350823071,0.544323551913917,0.22728265751869492,0.33699807497717116,5.0417606554949534,15.328315111429205,10.165944371776204,14.483703941360842,1.398933833510205,1.2190083664453712,10.184745428070782,29.74832300895876,67.10000000000001,35.29999999999999,102.49999999999999,0.12138122855944125,2.597754140033071,-1.1612576815814803,1.4325402897406154,35.1,11.852140970902541,26.460475332560033,2.066593449986426,5.807537204768133,9.789382758705793,20.659727535230385,7.419970877859769,9.057313852760435,2.2555615883906315,6.862380611564944,9.114417927392086,3.990735210641921,1.398933833510205,0.7575853303388534,3.510592561514351,4.130314173597572,33.208260322317926,108.33214047730694,108.9788494286631,0.0,2.6290875885387104,60.86453268836842,33.92786100347985,2.846911325550976,1.5856092203657541,1.9263876206224237,938.0,732.0,1297.0,630.0,2927.0,149.0,7381.0,614.0,1258.0,13.497931834448035,0.27328364470988925,0.08122744885115624,0.15520622424047975,0.2633871517066068,0.22728265751869492,0.5871186850613291,0.35600577506848635,0.4034813050667588,0.4199049334879933,0.4167745255312323,0.8282320146104297,0.04550882302129865,903.0,0.12986709938547347,0.35772751055060587,45.0,0.0,0,0,10,0.0,0.133,0.0,0,0,0,0,2,6,12,0,0,0,0,0.025111111111111112,0,0.0,0,0.0008888888888888889,0,0.002111111111111111,0,0.0,,,2004,2022,19,0.7727173424813051
LeBron James,jamesle01,81,250.0,1984-12-30,,2004,2021,2003-10-29T00:00:00Z,False,18,NBA,"CLE, MIA, CLE, LAL",SF,1310,1309.0,38.20992366412214,9.849618320610688,19.54503816793893,0.5039446961412279,1.5106870229007634,4.3801526717557255,0.34489369118159635,8.338931297709923,15.164885496183206,0.5498842243028289,0.5425910014060303,5.787786259541985,7.8908396946564885,0.7334816677952984,1.1740458015267174,6.269465648854962,7.4435114503816795,7.401526717557252,1.5748091603053436,0.749618320610687,3.5053435114503815,1.8282442748091603,26.99770992366412,50055.0,12903,25604,1979.0,5738.0,10924.0,19866.0,7582,10337,1538.0,8213.0,9751.0,9696,2063.0,982.0,4592.0,2395.0,35367,99.0,27.38993307361902,0.5865176505843571,0.22237271001897913,0.40383849765258223,3.6285845569873136,18.65158525621816,11.24526620717211,36.625803616022374,2.1464608930176805,1.5635381080811106,13.234891619218862,31.553433223454203,168.7,73.39999999999999,242.20000000000002,0.23210592348416745,7.0764079512536195,1.8393467186095296,8.896435920487464,137.5,13.354236340025972,26.51326141244631,2.0319808210967936,5.905827589651382,11.31097592648087,20.60108081110778,7.894286285086406,10.727483767855361,1.6094356208171012,8.46093896713615,10.064449105983417,9.986420936969333,2.1464608930176805,1.0074637898311856,4.728650484467086,2.4806832484267303,36.609311757067225,115.99636399960043,103.52034761762062,5.703965637798421,7.235061432424334,58.093577065228246,27.136549795225253,1.8766357007291978,7.176711617221057,11.277326940365597,2546.0,1103.0,881.0,499.0,4603.0,174.0,22677.0,1309.0,960.0,11.978893217460794,0.358309099990011,0.12198955149335729,0.09904950554390173,0.19822453301368495,0.22237271001897913,0.7331518729397662,0.422049885126361,0.3676064728798321,0.3819934072520228,0.3465976825491959,0.48951097792428333,0.07939996004395165,1949.0,0.13780251723104583,0.39227969233842774,34.0,2.0,4,4,17,0.2791666666666667,0.8331111111111111,0.05555555555555555,5,6,13,13,16,17,18,1,1,1,4,0.48983333333333334,1,0.861,0,0.0,0,0.006222222222222222,0,0.04922222222222222,,,2004,2025,18,0.7776272899810208
LeBron James,jamesle01,81,250.0,1984-12-30,,2005,2022,2003-10-29T00:00:00Z,False,18,NBA,"CLE, MIA, CLE, LAL",SF,1287,1286.0,38.086247086247084,10.039627039627039,19.683760683760685,0.5100461848182213,1.6138306138306138,4.637917637917638,0.3479644831630089,8.425796425796426,15.045843045843046,0.560008262755629,0.5510401452650693,5.818958818958819,7.935508935508936,0.733281112307843,1.167055167055167,6.4304584304584305,7.597513597513598,7.443667443667444,1.5586635586635587,0.7637917637917638,3.508158508158508,1.8391608391608392,27.512043512043512,49017.0,12921,25333,2077.0,5969.0,10844.0,19364.0,7489,10213,1502.0,8276.0,9778.0,9580,2006.0,983.0,4515.0,2367.0,35408,105.0,27.918299773547957,0.5941734704286268,0.23344970112409982,0.40446498153701776,3.6228043331905257,19.162313075055597,11.501026174592488,36.931746128894055,2.1240692004814656,1.6201379113368828,13.16128486035457,31.798761654120003,171.49999999999997,73.1,244.60000000000002,0.23936581186119107,7.373127690393129,1.9505253279474466,9.303925168818981,139.70000000000002,13.593245200644676,26.657998245506654,2.1622579921251814,6.233143603239692,11.413099536895361,20.41836709712957,7.93226635657017,10.785225533998407,1.5947630413938025,8.670328661484792,10.263292327151804,10.03485525429953,2.1240692004814656,1.0246281902197194,4.727123242956525,2.493028949140094,37.25929983475121,117.12157006752759,103.80780137503315,4.933064039006875,2.675051512740478,58.87826672378971,29.581900157088356,4.042169043393108,7.4050043862333474,11.465299793949038,2531.0,1071.0,888.0,481.0,4573.0,192.0,22537.0,1319.0,930.0,12.105928555399146,0.3596513862537487,0.11986729093987798,0.0939962257992125,0.19297963971683293,0.23344970112409982,0.7440498806536507,0.42808280800538595,0.3716964318501744,0.38577473121570066,0.3430893567537793,0.47612901646367584,0.07998116979823328,1943.0,0.12565087622661525,0.392896464491911,31.0,2.0,4,4,18,0.2791666666666667,0.8475555555555556,0.0,5,6,13,13,16,18,18,0,0,0,4,0.48938888888888876,0,0.0,0,0.0,0,0.006222222222222222,0,0.049222222222222216,,,2004,2025,19,0.7665502988759002
LeBron James,jamesle01,81,250.0,1984-12-30,,2006,2023,2003-10-29T00:00:00Z,False,18,NBA,"CLE, MIA, CLE, LAL",SF,1262,1260.0,37.70443740095087,10.091125198098256,19.705229793977814,0.5121039086376066,1.6561014263074485,4.784469096671949,0.3461411063265982,8.435023771790808,14.920760697305864,0.5653212958045671,0.5541257841402606,5.755150554675119,7.847860538827258,0.7333400646203554,1.1537242472266245,6.490491283676704,7.644215530903328,7.431061806656102,1.488906497622821,0.7630744849445324,3.511093502377179,1.829635499207607,27.59350237717908,47583.0,12735,24868,2090.0,6038.0,10645.0,18830.0,7263,9904,1456.0,8191.0,9647.0,9378,1879.0,963.0,4431.0,2309.0,34823,103.0,27.911235104974466,0.5965750583191476,0.2401442952314902,0.4007453922619422,3.613357711787824,19.383525628901076,11.634684656284806,37.0778891620957,2.0379946619591034,1.6481327364815166,13.194096631149781,32.009845953386716,164.99999999999997,70.9,235.9,0.2377925309459261,7.322774940630056,1.9129037681524914,9.222476514721645,134.6,13.71352163587836,26.782941386629673,2.2254670785784842,6.445793665805015,11.472641489607632,20.326358153121912,7.88780236639136,10.722653048357605,1.580364836180989,8.787728810709707,10.366240043713091,10.063028812811298,2.0379946619591034,1.0313977681104594,4.754235756467646,2.49063320933947,37.525063573124854,117.21564424269172,104.24279679717546,5.081730870268793,2.7556690414643885,53.92955467288738,34.007649790891705,4.451442742155812,7.688075573208919,11.545623436941765,2495.0,1051.0,865.0,484.0,4488.0,201.0,22173.0,1314.0,906.0,12.134852783557152,0.3607479982346637,0.12181487085723892,0.09166300989849317,0.18553132421242882,0.2401442952314902,0.7472110837904293,0.4336522917848812,0.3737908917050207,0.38714528297921535,0.33796484038417085,0.4806659521257592,0.07952623836244037,1891.0,0.11955044868965808,0.38074135720740604,31.0,2.0,4,4,18,0.2791666666666667,0.8188333333333334,0.0,5,6,13,13,15,18,18,0,0,0,4,0.4853333333333333,0,0.0,0,0.0,0,0.0010555555555555555,0,0.049222222222222216,0,0.0,2004,2025,20,0.7598557047685097
LeBron James,jamesle01,81,250.0,1984-12-30,,2007,2024,2003-10-29T00:00:00Z,False,18,NBA,"CLE, MIA, CLE, LAL",SF,1254,1252.0,37.261562998405104,10.003987240829346,19.38915470494418,0.515957884346467,1.6842105263157894,4.8022328548644335,0.3507140484888741,8.319776714513557,14.586921850079746,0.5703586267220643,0.5593896520523155,5.554226475279107,7.570972886762361,0.733621234463872,1.1499202551834131,6.512759170653908,7.662679425837321,7.532695374800638,1.4712918660287082,0.7456140350877193,3.521531100478469,1.759170653907496,27.24641148325359,46726.0,12545,24314,2112.0,6022.0,10433.0,18292.0,6965,9494,1442.0,8167.0,9609.0,9446,1845.0,935.0,4416.0,2206.0,34167,103.0,27.671981338013104,0.6004216710182768,0.2449137953173822,0.3929840559859607,3.6426614732697,19.543303514103496,11.759435860120703,37.40821812267261,2.0226148183024444,1.6401318323845397,13.443479005264734,31.74488935496298,158.7,69.4,228.1,0.23425471900012845,7.2123464452339165,1.8811304198947056,9.085391430895005,130.6,13.661871335016906,26.479692248426996,2.272473569319009,6.502200059923811,11.373702007447672,19.96650472970081,7.652760775585329,10.404055557933482,1.5873410948936353,8.868460814107777,10.448555408123957,10.25077258913667,2.0226148183024444,1.0158969310448145,4.798388477507169,2.408100415186406,37.2334481873047,117.52422634079528,104.78314000770449,5.174934725848564,2.734280700252536,47.995056285579764,39.096177716902794,5.229743611693704,7.753884347044472,11.539840773873218,2535.0,1042.0,841.0,463.0,4343.0,197.0,22347.0,1281.0,900.0,12.087118520737919,0.3604613919445277,0.12906033043701579,0.09076272310918974,0.17464786200402346,0.2449137953173822,0.7527266190129692,0.43787257629585247,0.3755532251851218,0.3852313487137783,0.3456798784402688,0.4961955014338913,0.08011419766297138,1861.0,0.11358061892736378,0.3875427171168087,27.0,2.0,4,4,18,0.27638888888888885,0.7834444444444445,0.0,5,6,12,12,14,18,18,0,0,0,4,0.4547777777777778,0,0.0,0,0.0,0,0.0007222222222222223,0,0.04922222222222222,0,0.003,2004,2025,21,0.7550862046826179
LeBron James,jamesle01,81,250.0,1984-12-30,,2008,2025,2003-10-29T00:00:00Z,False,18,NBA,"CLE, MIA, CLE, LAL",SF,1246,1244.0,36.90208667736758,9.971107544141253,19.23194221508828,0.5184659683679005,1.7351524879614768,4.902086677367576,0.35396201702685004,8.235955056179776,14.329855537720706,0.5747409689162699,0.5635771814881275,5.40529695024077,7.322632423756019,0.7381630863656291,1.1484751203852328,6.579454253611557,7.72792937399679,7.665329052969502,1.4365971107544142,0.7375601926163724,3.552166934189406,1.7126805778491172,27.082664526484752,45980.0,12424,23963,2162.0,6108.0,10262.0,17855.0,6735,9124,1431.0,8198.0,9629.0,9551,1790.0,919.0,4426.0,2134.0,33745,112.0,27.627768595041328,0.6039712701174423,0.2522200956937799,0.3832617877337973,3.6743497172683783,19.835563288386254,11.953932144410611,38.13833405828621,1.9841518051326668,1.6562809917355372,13.687625054371466,31.70913658112223,155.6,66.5,222.09999999999997,0.23184284471509356,7.180484993475423,1.7962266202696828,8.968494997825141,127.2,13.691800782949109,26.403773379730318,2.357799043062201,6.679095258808176,11.318051326663769,19.720450195737282,7.491359286646368,10.124199652022618,1.5903806002609833,9.0108460200087,10.599177903436276,10.492518486298392,1.9841518051326668,1.0124619399739017,4.868188342757721,2.359219225750326,37.21697912135711,117.87962157459765,105.60489343192693,5.258895171813832,2.9912570682905613,45.621596346237496,41.04758590691605,5.36774684645498,7.433597216180949,10.834828186167897,2585.0,1037.0,808.0,442.0,4182.0,188.0,22630.0,1218.0,902.0,12.149071335363203,0.35606996520226186,0.13470732927359721,0.09054069160504566,0.1662892996955198,0.2522200956937799,0.7562062200956938,0.4419509786863854,0.38333714658547186,0.3884192257503263,0.34932266202696827,0.5066329926054808,0.07967290126141802,1824.0,0.11004110482818617,0.3812582209656373,24.0,1.0,4,4,18,0.2763888888888889,0.7729999999999999,0.0,5,6,12,12,14,18,18,0,0,0,4,0.44777777777777783,0,0.0,0,0.0,0,0.0007222222222222223,0,0.04922222222222222,0,0.011333333333333334,2004,2025,22,0.7477799043062201
Trevor Ariza,arizatr01,80,215.0,1985-06-30,UCLA,2005,2022,2004-11-03T00:00:00Z,False,18,NBA,"NYK, ORL, LAL, HOU, NOH, WAS, HOU, PHO, WAS, POR, SAC, MIA, LAL",SF,1118,769.0,29.47495527728086,3.6985688729874777,8.76923076923077,0.42176662586699304,1.4355992844364938,4.095706618962433,0.35051321249181044,2.262969588550984,4.673524150268336,0.4842105263157895,0.5036209710322317,1.5366726296958855,2.1019677996422184,0.731063829787234,0.9669051878354203,3.823792486583184,4.790697674418604,2.127906976744186,1.4561717352415027,0.31753130590339895,1.3175313059033988,1.9722719141323792,10.369409660107335,32953.0,4135,9804,1605.0,4579.0,2530.0,5225.0,1718,2350,1081.0,4275.0,5356.0,2379,1628.0,355.0,1473.0,2205.0,11593,1.0,13.074457560768368,0.536075289048038,0.4658991897551057,0.24346496525354294,3.7790125330015476,14.813306830941038,9.257645737869087,10.974387764391711,2.4960822990319547,0.8844323733802689,11.849027402664401,16.61195035353382,24.9,39.3,64.3,0.09362913846994203,-0.340014566200346,0.9587746183958971,0.6179407034260919,21.900000000000002,6.353154492762418,15.059800321670258,2.4342730555639847,6.938560980790823,3.9301095499651018,8.126143294995902,2.6615148848359786,3.6469153036142385,1.6850939216459806,6.559909568172852,8.243574181409887,3.647379601250265,2.4960822990319547,0.5429035292689588,2.2741996176372408,3.389466816374837,17.811476952022577,107.07477316177587,106.26115983370255,0.0,4.733984766182139,79.6837010287379,15.494856310502838,0.14032106333262526,1.534537067945255,0.9504931265742118,700.0,347.0,836.0,188.0,1050.0,156.0,5526.0,225.0,484.0,14.793257063089854,0.30954316754165023,0.07707140472794588,0.03850059175188905,0.10890419688647467,0.4658991897551057,0.6251870542894425,0.27481009316298977,0.20053400297393256,0.3112207386277425,0.5918267532546353,0.8749298394683337,0.06684656935635602,613.0,0.3939557248201984,0.36354110399660117,24.0,1.0,1,0,0,0.010611111111111111,0.00011111111111111112,0.0009444444444444445,0,0,6,0,0,0,1,0,0,1,0,0.0,0,0.0,0,0.00011111111111111112,0,0.0,0,0.001111111111111111,,,2005,2022,18,0.5341008102448942
Dwight Howard,howardw01,82,265.0,1985-12-08,,2005,2022,2004-11-03T00:00:00Z,True,18,NBA,"ORL, LAL, HOU, ATL, CHO, WAS, LAL, PHI, LAL",C,1242,1078.0,31.76892109500805,5.677133655394525,9.674718196457327,0.586800932090546,0.017713365539452495,0.08293075684380032,0.21359223300970873,5.659420289855072,9.591787439613526,0.590027700831025,0.58771637816245,4.316425120772947,7.612721417069243,0.5670015864621893,3.3421900161030598,8.434782608695652,11.776972624798711,1.3494363929146538,0.8703703703703703,1.7938808373590982,2.6586151368760063,3.1497584541062804,15.68840579710145,39457.0,7051,12016,22.0,103.0,7029.0,11913.0,5361,9455,4151.0,10476.0,14627.0,1676,1081.0,2228.0,3302.0,3912.0,19485,1.0,21.272367387282358,0.6034443824923335,0.009285728768025954,0.7835163595813164,12.185624857439743,29.64289226246293,21.069450287654913,7.267007121676763,1.3989482221152139,4.382925716602884,17.006042020427298,22.24138936056973,65.7,76.19999999999999,142.0,0.1724805737891882,0.8697670882226222,1.0291862027016752,1.9234128291557897,39.1,9.141328534860735,15.578062194287455,0.019215855234812583,0.1091492003953671,9.118802747294524,15.461256557771753,6.979210279544821,12.289930810756013,5.349550143193857,13.547793800846492,18.906500747649343,2.1588032541754316,1.3989482221152139,2.9034594621993564,4.287350786932611,5.044889373241758,25.283308411688672,111.07975771092582,99.95866386192564,0.0,0.0,0.0,11.956230833565654,88.04376916643434,3.646574752261955,3.8524216235395494,647.0,976.0,1806.0,824.0,4015.0,67.0,4001.0,895.0,1019.0,3.5880959018678555,0.6002502217603974,0.3305303494943863,0.0409012595990572,0.019226094229160863,0.009285728768025954,0.7178380768938338,0.41154145018627875,0.2600353042552653,0.3254052259421649,0.5808472260942291,0.37862546569683453,0.268350837620701,2950.0,0.1278172440885014,0.09955820260029906,27.0,0.0,1,0,8,0.23994444444444443,0.3068888888888889,0.05555555555555555,4,5,10,5,6,8,11,1,1,1,0,0.06944444444444445,0,0.256,0,0.00011111111111111112,0,0.0012777777777777779,3,0.1801111111111111,,,2005,2022,18,0.9907142712319742
Andre Iguodala,iguodan01,78,215.0,1984-01-28,Arizona,2005,2022,2004-11-03T00:00:00Z,False,18,NBA,"PHI, DEN, GSW, MIA, GSW",SF,1223,784.0,32.210956663941126,4.1054783319705646,8.875715453802126,0.46255181943804696,0.8830744071954211,2.6729354047424367,0.3303762618537779,3.222403924775143,6.202780049059689,0.5195096229897179,0.5122984799631506,2.313164349959117,3.2632869991823386,0.7088449010273115,0.9116925592804579,4.01880621422731,4.930498773507768,4.192968111201963,1.4399018806214228,0.5151267375306623,1.8242027800490597,1.7735077677841373,11.407195421095667,39394.0,5021,10855,1080.0,3269.0,3941.0,7586.0,2829,3991,1115.0,4915.0,6030.0,5128,1761.0,630.0,2231.0,2169.0,13951,9.0,15.372554196070467,0.5555770929583185,0.3199960400060923,0.3533965578514495,3.2627430573183736,14.083814794131085,8.71663451286998,19.50596537543788,2.273061887597096,1.300373153272072,15.183959486216176,16.9464766208052,51.199999999999996,49.6,100.39999999999999,0.1221023506117683,0.7834924100116769,1.379798954155455,2.1502411534751484,41.2,6.561329136416714,14.17333096410621,1.385172868964817,4.237685942021629,5.148842463319287,9.951776920343201,3.7252271919581665,5.26132659795908,1.4438061633751331,6.376912727826573,7.817253896532466,6.651370767121897,2.273061887597096,0.8042899934000102,2.909826369497893,2.804358531756105,18.23683048179926,111.44844392547088,105.47121389044017,0.5352591765243438,31.31563182210489,64.31951566228359,3.9751484997715387,0.01530689952784688,3.8934152408996296,4.0462024673808195,1173.0,554.0,1159.0,179.0,1671.0,214.0,11467.0,299.0,336.0,13.705368837894097,0.3234493323856425,0.07278451033152256,0.08490562014519977,0.19875270345737928,0.3199960400060923,0.7170585114484439,0.32792998933847795,0.32500989998476926,0.38191057013758445,0.5541187744326548,0.8446515713052749,0.1507267604203686,1502.0,0.3286779966492359,0.34093341625628265,62.0,2.0,4,1,1,0.10477777777777779,0.00044444444444444447,0.05366666666666667,1,2,14,0,0,0,4,1,1,1,0,0.0,0,0.022,0,0.06961111111111112,0,0.0016666666666666666,0,0.014722222222222223,,,2005,2023,18,0.6800039599939076
Andre Iguodala,iguodan01,78,215.0,1984-01-28,Arizona,2006,2023,2004-11-03T00:00:00Z,False,18,NBA,"PHI, DEN, GSW, MIA, GSW",SF,1149,702.0,32.046127067014794,4.1418624891209745,8.985204525674499,0.46096474234792717,0.8999129677980853,2.729329852045257,0.32971938775510207,3.2419495213228893,6.2558746736292425,0.5182248191430161,0.5110422316931422,2.3281114012184507,3.2932985204525673,0.7069238900634249,0.8955613577023499,3.9634464751958225,4.859007832898173,4.265448215839861,1.4160139251523063,0.5091383812010444,1.8285465622280244,1.719756309834639,11.511749347258485,36821.0,4759,10324,1034.0,3136.0,3725.0,7188.0,2675,3784,1029.0,4554.0,5583.0,4901,1627.0,585.0,2101.0,1976.0,13227,8.0,15.484378479671928,0.5536893892072459,0.325231905705983,0.3506204068330573,3.2300399228701013,13.949230058933761,8.643621846229054,19.88816436272779,2.2474538985904786,1.2961733793215828,15.048179028271907,17.22579234675864,48.5,45.7,93.89999999999999,0.12216191847043806,0.8761087422937998,1.3282447516362945,2.1906982428505475,38.900000000000006,6.656693191385351,14.431718312919259,1.4175416202710407,4.34851307677684,5.209929116536759,10.100464408897098,3.776448222481736,5.341180304717416,1.4246761359007087,6.322701719127672,7.750658591564595,6.804845061242227,2.2474538985904786,0.798829472311996,2.9351592841041794,2.737239618695853,18.519013606365935,111.52510795469976,105.75060427473453,0.42676733385839605,28.397599196110914,66.77154341272643,4.5444719046196465,0.03172102876076152,4.204834197876212,4.159748513076776,1117.0,517.0,1055.0,169.0,1587.0,216.0,10960.0,288.0,313.0,13.960517096222265,0.31316916976725234,0.07200526873251677,0.08522174845875995,0.20425230167567418,0.325231905705983,0.7193171016539475,0.3368444637570951,0.32342961896743705,0.38430642839683876,0.5465955297248852,0.8369327829227886,0.1442795415659542,1384.0,0.31534246761359,0.3424354308682545,61.0,2.0,4,1,1,0.10016666666666668,0.00044444444444444447,0.0,1,2,13,0,0,0,4,0,0,0,0,0.0,0,0.0,0,0.06961111111111111,0,0.0016666666666666666,0,0.014388888888888889,0,0.0,2005,2023,19,0.6747680942940171
Chris Paul,paulch01,72,175.0,1985-05-06,Wake Forest,2006,2023,2005-11-01T00:00:00Z,False,18,NBA,"NOK, NOH, LAC, HOU, OKC, PHO",PG,1214,1214.0,34.419275123558485,6.336079077429983,13.42833607907743,0.47184394552815606,1.3525535420098846,3.6639209225700164,0.3691546762589928,4.983525535420099,9.764415156507413,0.5103762443057196,0.5222058643111275,3.8953871499176276,4.476935749588138,0.870101195952162,0.6103789126853377,3.884678747940692,4.4950576606260295,9.473640856672159,2.095551894563427,0.15980230642504117,2.3789126853377267,2.4102141680395386,17.92009884678748,41785.0,7692,16302,1642.0,4448.0,6050.0,11854.0,4729,5435,741.0,4716.0,5457.0,11501,2544.0,194.0,2888.0,2926.0,21755,18.0,24.34145028120139,0.5812772765346416,0.2709325834629652,0.33609058274500414,2.051118822543975,12.87473973914084,7.47404571018308,44.98132344142635,3.1449419648199113,0.3848677755175302,13.419045111882255,23.435388297235853,148.5,56.6,205.20000000000002,0.23556324039727172,4.960993179370588,2.155376331219337,7.118963742969965,96.0,9.480600694028958,20.0638386980974,1.9877659447170037,5.409134857006103,7.466827809022377,14.65321526863707,5.8537896374297,6.732832356108652,0.922599018786646,5.772808424075626,6.703044154600934,14.157901160703602,3.1449419648199113,0.23679550077779107,3.5410218978102184,3.607414143831518,26.771918152447046,122.51271987555343,105.40485820270432,97.3119540504966,2.823620916596865,0.0,0.0,0.0,6.901318655019743,9.658870408041164,1706.0,713.0,888.0,284.0,1255.0,277.0,26484.0,326.0,491.0,14.939748713653225,0.1499325116668661,0.15094354433409116,0.20726480794543495,0.22063070479837263,0.2709325834629652,0.6382964221610626,0.4901103745363169,0.4789384468110566,0.47386753619719996,0.11261632164652387,0.4783243269115711,0.002758884767260979,42.0,0.09907292090463084,0.3855925092736628,39.0,1.0,0,0,12,0.322,0.393,0.05555555555555555,7,9,18,4,9,11,16,1,1,1,0,0.10038888888888889,1,0.997,0,0.0,0,0.003666666666666667,0,0.010777777777777778,0,0.0,2006,2025,18,0.7290674165370349
Chris Paul,paulch01,72,175.0,1985-05-06,Wake Forest,2007,2024,2005-11-01T00:00:00Z,False,18,NBA,"NOK, NOH, LAC, HOU, OKC, PHO, GSW",PG,1194,1154.0,33.926298157453935,6.273869346733668,13.251256281407036,0.4734546833522943,1.3986599664991626,3.752931323283082,0.3726846686007588,4.875209380234506,9.498324958123954,0.5132704347059343,0.5262293009733283,3.6666666666666665,4.206030150753769,0.8717642373556352,0.5845896147403685,3.8391959798994977,4.423785594639866,9.449748743718592,2.042713567839196,0.1624790619765494,2.329145728643216,2.358458961474037,17.613065326633166,40508.0,7491,15822,1670.0,4481.0,5821.0,11341.0,4378,5022,698.0,4584.0,5282.0,11283,2439.0,194.0,2781.0,2816.0,21030,16.0,24.132428162338304,0.582313789868668,0.2835186136071887,0.31684501826799644,1.9916140021724105,12.798928606694973,7.419025871432804,45.01368618544485,3.0915473486718676,0.39825466574503804,13.398849609953588,23.22488644218426,144.29999999999998,54.7,199.10000000000002,0.2357905105164412,4.901868766663374,2.1161745827984597,7.020719364076232,92.10000000000001,9.484447516539943,19.994092524933347,2.0755974128567196,5.593416115335242,7.375091339982226,14.395361410091832,5.56441196800632,6.388609657351635,0.8911770514466277,5.749883973536092,6.648938481287647,14.26184210526316,3.0915473486718676,0.2448874296435272,3.500740594450479,3.5584970869951618,26.573313913301078,123.15903031499951,105.86489088575097,100.0,0.0705292781672756,0.0,0.0,0.0,7.47613804680557,10.050308581021033,1683.0,667.0,876.0,253.0,1116.0,261.0,26110.0,300.0,437.0,15.345511997630098,0.13188409696850006,0.1492157351634245,0.21643554359632663,0.2186030413745433,0.2835186136071887,0.6518457588624469,0.49887148217636024,0.49037999901254076,0.47276834205589013,0.11321469833119385,0.46499681544386295,0.0019447022810309077,31.0,0.10219339389750172,0.39064224350745536,41.0,1.0,0,0,12,0.3210555555555555,0.39288888888888895,0.0,7,9,17,4,9,11,15,0,0,0,0,0.10038888888888889,0,0.0,0,0.0,0,0.003666666666666667,0,0.010777777777777778,0,0.0,2006,2025,19,0.7164813863928113
Chris Paul,paulch01,72,175.0,1985-05-06,Wake Forest,2008,2025,2005-11-01T00:00:00Z,False,18,NBA,"NOH, LAC, HOU, OKC, PHO, GSW, SAS",PG,1212,1172.0,33.37211221122112,6.071782178217822,12.816831683168317,0.47373503283120894,1.4521452145214522,3.8853135313531353,0.3737523890422595,4.61963696369637,8.931518151815181,0.5172286374133949,0.5303849620187975,3.4414191419141913,3.924917491749175,0.8768131175110364,0.5585808580858086,3.812706270627063,4.371287128712871,9.339108910891088,2.0,0.17574257425742573,2.2681518151815183,2.320957095709571,17.037128712871286,40447.0,7359,15534,1760.0,4709.0,5599.0,10825.0,4171,4757,677.0,4621.0,5298.0,11319,2424.0,213.0,2749.0,2813.0,20649,15.0,23.72197690805251,0.5848187999109946,0.3104455707469034,0.3024245061438426,1.9283630429945364,12.857855959650902,7.419808638465153,44.65095309911736,3.06380448488145,0.4440378767275694,13.602697357035133,22.70940737261107,142.29999999999998,53.7,196.0,0.2325328207283606,4.716831903478626,2.0662546047914554,6.785766558706454,89.5,9.298781120973125,19.575202116349793,2.184735579894677,5.857692783148319,7.080235864217371,13.712186317897494,5.29084975399906,6.034694785769031,0.8623779266694689,5.773530793383935,6.6437980567161965,14.258229287709842,3.06380448488145,0.2677726407397335,3.449590822557915,3.5415852844463123,26.02035256014043,123.67982792296091,106.54468811036665,100.0,0.07063564664870077,0.0,0.0,0.0,7.483556258807823,10.210838875565557,1702.0,648.0,916.0,232.0,1026.0,244.0,26300.0,273.0,397.0,15.92424901723243,0.11627838900289265,0.14087484856726085,0.21926931540040054,0.2128465646401464,0.3104455707469034,0.6660496946621504,0.5048656760699186,0.4958649590822558,0.4767977847553589,0.12020916260785718,0.45407587707370134,0.0014822360125596459,24.0,0.10506472667935819,0.39461633742922836,43.0,1.0,0,0,12,0.32011111111111107,0.39261111111111113,0.0,7,9,16,4,9,11,14,0,0,0,0,0.10038888888888889,0,0.0,0,0.0,0,0.003666666666666667,0,0.010777777777777778,0,0.0,2006,2025,20,0.6895544292530966
Kyle Lowry,lowryky01,72,196.0,1986-03-25,Villanova,2007,2024,2006-11-01T00:00:00Z,False,18,NBA,"MEM, HOU, TOR, MIA, PHI",PG,1138,886.0,31.652899824253076,4.577328646748682,10.793497363796133,0.4240820646421884,1.9121265377855887,5.19244288224956,0.36825181925875783,2.665202108963093,5.601054481546573,0.4758393473486037,0.5126597736709273,3.1845342706502637,3.90597539543058,0.8152980877390327,0.7741652021089631,3.5263620386643235,4.300527240773286,6.15377855887522,1.2882249560632688,0.29876977152899825,2.290861159929701,2.7231985940246046,14.251318101933217,36021.0,5209,12283,2176.0,5909.0,3033.0,6374.0,3624,4445,881.0,4013.0,4894.0,7003,1466.0,340.0,2607.0,3099.0,16218,21.0,17.454829127453433,0.5687251603231448,0.4787805446822687,0.364203020460287,2.770642125426834,12.664209766525085,7.71390577718553,29.89941423058771,2.0773021293134564,0.7997529219066655,15.661766747175255,20.868118597484802,72.9,38.7,111.5,0.14871169595513728,2.1584103717276033,0.5836734127314623,2.749182421365315,43.199999999999996,7.329346769939758,17.25600621859471,3.04939063324172,8.258346520085507,4.277440937231059,9.000291496626968,5.104586213597624,6.261075483745593,1.2495960689597734,5.630157408178563,6.860328697148885,9.81188195774687,2.0773021293134564,0.4780988867605008,3.650545515116182,4.357860692373893,22.785716665278585,114.95710835346048,108.4131201243719,93.8450070792038,6.154992920796202,0.0,0.0,0.0,3.7984869936981203,3.6505538435912386,1579.0,539.0,1245.0,242.0,1703.0,607.0,16127.0,347.0,716.0,16.393675911273977,0.22365161988839846,0.11837533660920017,0.0684225313011854,0.11088517809055828,0.4787805446822687,0.6188663279753478,0.3863649537769634,0.37652155686960387,0.38491429999167154,0.26845354098997803,0.6815453207850977,0.00030029704894367175,2.0,0.1539157435940146,0.39796032869714887,50.0,2.0,1,0,6,0.024111111111111114,0.01933333333333333,0.0,0,0,7,0,0,1,6,0,0,0,0,0.0002777777777777778,0,0.0,0,0.00011111111111111112,0,0.008944444444444444,0,0.00022222222222222223,0,0.0,2007,2025,18,0.5212194553177314
Kyle Lowry,lowryky01,72,196.0,1986-03-25,Villanova,2008,2025,2006-11-01T00:00:00Z,False,18,NBA,"MEM, HOU, TOR, MIA, PHI",PG,1163,898.0,31.38865004299226,4.502149613069648,10.629406706792777,0.42355605889014725,1.8933791917454859,5.149613069647463,0.36767406912673234,2.6087704213241616,5.479793637145314,0.47607092421151737,0.5126193172625789,3.117798796216681,3.8263112639724848,0.8148314606741573,0.7566638005159071,3.4823731728288907,4.239036973344798,6.07652622527945,1.2768701633705932,0.3009458297506449,2.249355116079106,2.7007738607050733,14.015477214101463,36505.0,5236,12362,2202.0,5989.0,3034.0,6373.0,3626,4450,880.0,4050.0,4930.0,7067,1485.0,350.0,2616.0,3141.0,16300,21.0,17.31259005615669,0.5679968223531023,0.4849964936310095,0.3609319271332694,2.7270921791535403,12.614504862347623,7.6655197918093405,29.71872620189015,2.075236269004246,0.8161156006026572,15.610716340227365,20.696586768935763,73.1,38.9,112.0,0.14729417887960553,2.0739734282974935,0.5862347623613203,2.666733324202164,43.0,7.268478290645119,17.13286673058485,3.044361046431996,8.256973017394879,4.221635392411999,8.8784906177236,5.03801671003972,6.183884399397344,1.2306916860704011,5.60448431721682,6.816008765922477,9.766705930694425,2.075236269004246,0.484763730995754,3.6142501027256544,4.354839063142035,22.590932748938503,115.01550472538008,108.5881660046569,94.32450349267224,5.675496507327764,0.0,0.0,0.0,3.562292836597726,3.503826873031092,1590.0,539.0,1266.0,240.0,1704.0,608.0,16282.0,345.0,720.0,16.535518422133954,0.21921008081084783,0.11855559512395564,0.06787505821120395,0.10945360909464458,0.4849964936310095,0.6204297219558964,0.38680246541569646,0.38267177099027533,0.38214014518559103,0.27693515956718256,0.6845219285029447,0.00017167511299821944,1.0,0.1533628817970141,0.39785725243117376,52.0,2.0,1,0,6,0.02411111111111111,0.01933333333333333,0.0,0,0,7,0,0,1,6,0,0,0,0,0.0002777777777777778,0,0.0,0,0.00011111111111111112,0,0.008944444444444446,0,0.00022222222222222223,0,0.0,2007,2025,19,0.5150035063689905
Al Horford,horfoal01,81,240.0,1986-06-03,Florida,2008,2025,2007-11-02T00:00:00Z,False,18,NBA,"ATL, BOS, PHI, OKC, BOS",C,1138,1078.0,31.56239015817223,5.3268892794376095,10.45694200351494,0.5094117647058823,0.8576449912126538,2.275043936731107,0.37697952877558905,4.469244288224956,8.181898066783832,0.5462356352701107,0.5504201680672269,1.4103690685413006,1.8488576449912126,0.7628326996197718,1.90597539543058,5.952548330404218,7.8585237258347975,3.188927943760984,0.7609841827768014,1.1423550087873462,1.3787346221441126,2.1230228471001755,12.921792618629174,35918.0,6062,11900,976.0,2589.0,5086.0,9311.0,1605,2104,2169.0,6774.0,8943.0,3629,866.0,1300.0,1569.0,2416.0,14705,2.0,17.851066317723703,0.5753442563617127,0.2306760398685896,0.18050038977671362,6.908221504538115,21.024160588006012,14.04145275349407,15.927571134250236,1.2238988807840083,2.970855838298346,10.885778718191437,18.02488167492622,64.5,52.7,117.4,0.15673993540843034,1.6046383428921434,1.2764658388551702,2.859026115039813,44.4,8.566584999164764,16.80690183195055,1.3357954229077342,3.554190099671474,7.2398546689682055,13.252589231026224,2.3008909182025725,3.0102149340163704,3.0950414833788074,9.601467230914862,12.689729383595969,5.089192048555042,1.2238988807840083,1.8427306642908847,2.2303580377526586,3.42467008185311,20.78591235592182,117.34659502199455,105.5860292889359,0.0,0.0,0.0,20.870733337045493,79.1292666629545,4.770672086419066,3.4003118213709005,656.0,372.0,1391.0,272.0,973.0,49.0,8730.0,272.0,455.0,12.177303858789466,0.25991282922211706,0.216001475583273,0.11284606603931177,0.18036839467676377,0.2306760398685896,0.7322227295506432,0.45618489336822765,0.44222982905506986,0.4170981123670583,0.6924605768695361,0.7787169107411325,0.07298610724427865,825.0,0.3541799376357258,0.43547090595244725,3.0,0.0,1,0,5,0.034444444444444444,0.02611111111111111,0.05555555555555555,0,1,7,0,0,1,7,1,1,1,0,0.0,0,0.624,0,0.0,0,0.0,0,0.0045000000000000005,0,0.0,2008,2025,18,0.7693239601314105
Mike Conley,conlemi01,72,175.0,1987-10-11,Ohio State,2008,2025,2007-11-07T00:00:00Z,False,18,NBA,"MEM, UTA, MIN",PG,1172,1128.0,31.226109215017065,4.935153583617748,11.266211604095563,0.4380490760375644,1.6467576791808873,4.236348122866894,0.38872104733131924,3.28839590443686,7.029863481228669,0.4677752154387668,0.5111329900030294,2.535836177474403,3.073378839590444,0.8250971682398668,0.4761092150170648,2.47098976109215,2.9470989761092152,5.652730375426621,1.3677474402730376,0.20648464163822525,1.8600682593856654,1.9368600682593857,14.052901023890785,36597.0,5784,13204,1930.0,4965.0,3854.0,8239.0,2972,3602,558.0,2896.0,3454.0,6625,1603.0,242.0,2180.0,2270.0,16470,0.0,17.11421701232342,0.5561752602672348,0.3780053283055988,0.2671545481870099,1.7523676804109627,9.083135229663633,5.396671858349044,28.49949449408421,2.2529141732928926,0.570672459491215,13.051244637538597,20.774910511790583,67.4,38.3,105.6,0.13857652266579226,1.9432303194250893,0.45884088859742606,2.4049812826187935,40.699999999999996,8.102844495450444,18.463628166243137,2.6857310708528024,6.871418422275051,5.421900702243354,11.588523649479468,4.165833265021722,5.0466349700795154,0.771011285078012,4.048823674071645,4.833087411536465,9.244771429352133,2.2529141732928926,0.3416646173183594,3.0559690685028826,3.1817990545673145,23.03493182501298,114.75000683116103,108.94270022132962,100.0,0.07019701068393584,0.0,0.0,0.0,3.320542667431756,5.095360275432413,1376.0,576.0,999.0,101.0,1341.0,406.0,15023.0,306.0,626.0,14.703358198759462,0.22790846244227667,0.16463458753449736,0.09333071016750007,0.13576110063666422,0.3780053283055988,0.5819289832499931,0.4019616361996885,0.3915047681503948,0.38871710795966885,0.25816853840478726,0.7591946061152554,0.0012367953657403611,15.0,0.19445252343088232,0.4423022925376397,43.0,1.0,0,0,1,0.02788888888888889,0.0010555555555555555,0.007666666666666667,0,1,8,0,0,0,4,0,0,1,0,5.555555555555556e-05,0,0.002,0,0.0,0,0.0027222222222222222,0,0.0002777777777777778,0,0.0,2008,2025,18,0.621994671694401
