player,player_id,ht_in_in,wt,birth_date,colleges,from_season,to_season,debut,hof,n_seasons,lg,teams,pos,career_g,career_gs,mp_per_game,fg_per_game,fga_per_game,fg_percent,x3p_per_game,x3pa_per_game,x3p_percent,x2p_per_game,x2pa_per_game,x2p_percent,e_fg_percent,ft_per_game,fta_per_game,ft_percent,orb_per_game,drb_per_game,trb_per_game,ast_per_game,stl_per_game,blk_per_game,tov_per_game,pf_per_game,pts_per_game,career_mp,career_fg,career_fga,career_x3p,career_x3pa,career_x2p,career_x2pa,career_ft,career_fta,career_orb,career_drb,career_trb,career_ast,career_stl,career_blk,career_tov,career_pf,career_pts,career_trp_dbl,career_per,career_ts_percent,career_x3p_ar,career_f_tr,career_orb_percent,career_drb_percent,career_trb_percent,career_ast_percent,career_stl_percent,career_blk_percent,career_tov_percent,career_usg_percent,career_ows,career_dws,career_ws,career_ws_48,career_obpm,career_dbpm,career_bpm,career_vorp,career_fg_per_100_poss,career_fga_per_100_poss,career_x3p_per_100_poss,career_x3pa_per_100_poss,career_x2p_per_100_poss,career_x2pa_per_100_poss,career_ft_per_100_poss,career_fta_per_100_poss,career_orb_per_100_poss,career_drb_per_100_poss,career_trb_per_100_poss,career_ast_per_100_poss,career_stl_per_100_poss,career_blk_per_100_poss,career_tov_per_100_poss,career_pf_per_100_poss,career_pts_per_100_poss,career_o_rtg,career_d_rtg,career_pg_percent,career_sg_percent,career_sf_percent,career_pf_percent,career_c_percent,career_on_court_plus_minus_per_100_poss,career_net_plus_minus_per_100_poss,career_bad_pass_turnover,career_lost_ball_turnover,career_shooting_foul_committed,career_offensive_foul_committed,career_shooting_foul_drawn,career_offensive_foul_drawn,career_points_generated_by_assists,career_and1,career_fga_blocked,career_avg_dist_fga,career_percent_fga_from_x0_3_range,career_percent_fga_from_x3_10_range,career_percent_fga_from_x10_16_range,career_percent_fga_from_x16_3p_range,career_percent_fga_from_x3p_range,career_fg_percent_from_x0_3_range,career_fg_percent_from_x3_10_range,career_fg_percent_from_x10_16_range,career_fg_percent_from_x16_3p_range,career_percent_assisted_x2p_fg,career_percent_assisted_x3p_fg,career_percent_dunks_of_fga,career_num_of_dunks,career_percent_corner_3s_of_3pa,career_corner_3_point_percent,career_num_heaves_attempted,career_num_heaves_made,career_CHMP_count,career_FMVP_count,career_all_star_count,career_all_defense_share_mean,career_all_nba_share_mean,career_all_rookie_share_mean,career_all_defense_1st_count,career_all_defense_2nd_count,career_all_defense_ORV_count,career_all_nba_1T_count,career_all_nba_2T_count,career_all_nba_3T_count,career_all_nba_ORV_count,career_all_rookie_1st_count,career_all_rookie_2nd_count,career_all_rookie_ORV_count,career_mvp_winner_count,career_mvp_share_mean,career_roy_winner_count,career_roy_share_sum,career_smoy_winner_count,career_smoy_share_mean,career_mip_winner_count,career_mip_share_mean,career_dpoy_winner_count,career_dpoy_share_mean,career_clutch_poy_winner_count,career_clutch_poy_share_mean,from,to,experience,career_percent_fga_from_x2p_range
John Havlicek,havlijo01,77,203.0,1940-04-08,Ohio State,1963,1978,1962-10-20T00:00:00Z,True,16,NBA,BOS,SF,1270,0.0,36.59133858267717,8.277952755905511,18.84251968503937,0.4393230254910155,0.0,0.0,,0.0,0.0,,0.4393230254910155,4.22755905511811,5.188188976377953,0.8148429200182121,0.48031496062992124,1.0937007874015747,6.304724409448819,4.814173228346457,0.37480314960629924,0.09212598425196851,0.16062992125984252,2.583464566929134,20.783464566929133,46471.0,10513,23930,0.0,0.0,0.0,0.0,5369,6589,610.0,1389.0,8007.0,6114,476.0,117.0,204.0,3281.0,26395,31.0,17.535861074648707,0.49346142755697103,0.0,0.2750475135030449,2.822096684571217,6.256028894239675,5.362277621048996,19.501021974858457,1.1972566767236563,0.2795239859233191,1.0708762738211757,1.7150123783752662,57.6,73.9,131.7,0.13607544490112114,0.9987750326887344,0.11960635881907647,1.159699951827128,11.499999999999998,9.101383249604293,20.11631683985961,0.0,0.0,0.0,0.0,4.257532172596518,5.055598375886038,1.86545316908678,4.277448214162824,6.164173147064896,5.777682196682954,1.4746748331154085,0.37599614617025673,0.6352006056018168,3.1516069093661825,22.436721491982652,19.440988232055606,98.5068474296332,,,,,,,,,,,,,,,,,,,,,,,,,,,,,,,,,,,8,1,13,0.38839999999999997,0.38323076923076915,0.0,5,8,,4,11,,,1,,1,0,0.018375000000000002,0,0.0,,,,,,,,,1963,1978,16,
Paul Silas,silaspa01,79,220.0,1943-07-12,Creighton,1965,1980,1964-10-17T00:00:00Z,False,16,NBA,"STL, ATL, PHO, BOS, DEN, SEA",PF,1254,0.0,27.901913875598087,3.423444976076555,7.933811802232855,0.43150065333199317,0.0,0.0,,0.09011164274322168,0.23843700159489634,0.3779264214046823,0.43150065333199317,2.5486443381180224,3.7862838915470496,0.6731255265374895,1.6228070175438596,2.562200956937799,9.854066985645932,2.05103668261563,0.28548644338118023,0.11004784688995216,0.26555023923444976,2.4760765550239237,9.395534290271133,34989.0,4293,9949,0.0,0.0,113.0,299.0,3196,4748,2035.0,3213.0,12357.0,2572,358.0,138.0,333.0,3105.0,11782,1.0,13.89419531852868,0.48579444968418645,0.0,0.4751892309011404,9.635850739263084,15.064487209575217,12.748144982589428,9.430026579782217,0.877440597047687,0.330574982398498,3.4826685660018994,2.1139854384298826,28.200000000000003,51.6,80.0,0.10954454257052217,-0.4524895866709388,-0.10654918295418134,-0.5756936879205383,5.500000000000001,4.703876962512015,11.499724447292534,0.0,0.0,0.337295738545338,0.8994553027875682,3.515809035565524,5.12519705222685,5.876475488625442,9.275405318808074,15.137962191605256,3.082838833707145,1.0246459468119191,0.39797500801025315,0.9893623838513297,3.911624479333547,12.980044857417495,36.10567125921179,96.95879525793015,,,,,,,,,,,,,,,,,,,,,,,,,,,,,,,,,,,3,0,2,0.16666666666666666,0.0,0.0,2,5,,0,0,,,0,,0,0,0.001375,0,0.0,,,,,,,,,1965,1980,16,
Elvin Hayes,hayesel01,81,235.0,1945-11-17,Houston,1969,1984,1968-10-17T00:00:00Z,True,16,NBA,"SDR, HOU, BAL, CAP, WSB, HOU",PF,1303,129.0,38.37298541826554,8.423637759017652,18.627782041442824,0.45220830586684246,0.003837298541826554,0.026093630084420567,0.14705882352941177,1.8733691481197237,4.081350729086723,0.45900714554343736,0.4523113052076467,4.110514198004605,6.1389102072141215,0.6695836979622453,2.1320030698388335,5.351496546431313,12.493476592478896,1.8403683806600153,0.6630851880276285,1.3591711435149654,1.0422102839600922,3.217958557175748,20.961627014581733,50000.0,10976,24272,5.0,34.0,2441.0,5318.0,5356,7999,2778.0,6973.0,16279.0,2398,864.0,1771.0,1358.0,4193.0,27313,3.0,17.736193999999998,0.49255987999999995,0.001565,0.33154762000000004,7.245363652677724,18.268692798728434,13.296073999999999,7.005338,1.1193777077589602,2.3589791575870995,4.767755999999999,8.5101,37.1,83.8,120.8,0.11596532,0.2697661418056462,0.39935091151899127,0.6267182210627659,21.4,9.466349886642444,20.601214323426195,0.0,0.057629118916736555,3.5750116463244197,7.816736544613188,4.739650299698749,7.016866983446691,3.977145252958166,9.930603434889282,13.908062362185161,2.1940557160160252,1.2357340290071124,2.529823907574769,1.9603838628528834,4.249895959501847,23.701437932855058,58.98208018882574,97.52262492623994,,,,,,,,,,,,,,,,,,,,,,,,,,,,,,,,,,,1,0,12,0.02025,0.179125,0.0580625,0,2,,3,6,,,1,,1,0,0.035750000000000004,0,0.321,0,0.0,,,0,0.0,,,1969,1984,16,
Kareem Abdul-Jabbar,abdulka01,86,225.0,1947-04-16,UCLA,1970,1985,1969-10-18T00:00:00Z,True,16,NBA,"MIL, LAL",C,1249,478.0,38.72938350680545,10.9919935948759,19.54683746997598,0.5623412795936757,0.0,0.007205764611689352,0.0,3.6709367493995195,6.2489991993594876,0.5874439461883408,0.5623412795936757,4.646917534027222,6.475580464371498,0.7176063303659743,1.9767814251401121,6.4747798238590875,12.511609287429945,3.977582065652522,0.767013610888711,2.2297838270616492,1.5084067253803042,3.00400320256205,26.63090472377902,48373.0,13729,24414,0.0,9.0,4585.0,7805.0,5804,8088,2469.0,8087.0,15627.0,4968,958.0,2785.0,1884.0,3752.0,33262,21.0,25.853730386786015,0.5956799867694789,0.0004513468257085564,0.33181030740289,6.629919857524489,19.47394527207528,15.347294978603765,15.278283339879684,1.1553834808259587,3.4328487882361434,6.24151902921051,11.366030636925558,163.4,83.6,246.8,0.24492927872986997,4.870409633001095,1.9505703750648156,6.81445526300628,77.6,12.69980699429625,22.4610906262603,0.0,0.007711586103589329,6.132159935472719,10.437601544045629,5.308627643025868,7.251512358126403,3.2691306101284785,10.670467246644005,13.948285994123406,4.761951950221812,1.263686120873423,3.6733623322002646,2.503595091317624,3.6544247277755373,30.702523477559485,74.0357204586046,97.59687734055424,,,,,,,,,,,,,,,,,,,,,,,,,,,,,,,,,,,4,2,15,0.23418750000000002,0.5218125,0.0625,5,11,,9,14,,,1,,1,6,0.3706875,1,1.0,0,0.0,,,0,0.0,,,1970,1989,16,
Kareem Abdul-Jabbar,abdulka01,86,225.0,1947-04-16,UCLA,1971,1986,1969-10-18T00:00:00Z,True,16,NBA,"MIL, LAL",C,1246,557.0,38.09630818619583,10.87158908507223,19.215088282504013,0.5657839779467045,0.0,0.00882825040128411,0.0,4.285714285714286,7.336276083467094,0.5841811617984903,0.5657839779467045,4.53852327447833,6.247191011235955,0.7264902363823227,2.088282504012841,6.767255216693419,11.970304975922954,3.9414125200642056,0.8226324237560193,2.339486356340289,1.674959871589085,2.9831460674157304,26.281701444622794,47468.0,13546,23942,0.0,11.0,5340.0,9141.0,5655,7784,2602.0,8432.0,14915.0,4911,1025.0,2915.0,2087.0,3717.0,32747,21.0,25.92874778798348,0.5993373851858094,0.0005153366478469706,0.3257780399426982,6.592435491172477,19.160110909913985,16.21036066402629,15.463813516474257,1.1582727787767568,3.3892394748755086,7.008517316929301,13.055961911182271,161.7,82.3,243.79999999999998,0.2465875747872251,4.837292129716412,1.8836488766301585,6.714875612564604,82.5,12.749101571914416,22.555351739281793,0.0,0.0071686795383338235,6.643826152157031,11.37129314731007,5.35730123450178,7.290126663631737,3.2079425862946205,10.348699890207,13.56471895669871,4.778710869507003,1.2592025279168788,3.5766756821894328,2.580783547117264,3.7069142811236375,30.85018879040248,77.13086790027582,98.18846905711914,,,,,,,,,,,,,,,,,,,,,,,,,,,,,,,,,,,4,2,15,0.209625,0.5171875,0.0,5,10,0,10,14,,1,0,,0,6,0.3545,0,0.0,0,0.0,0,0.0,0,0.0,,,1970,1989,17,
Kareem Abdul-Jabbar,abdulka01,86,225.0,1947-04-16,UCLA,1972,1987,1969-10-18T00:00:00Z,True,16,NBA,"MIL, LAL",C,1242,635.0,37.53703703703704,10.501610305958131,18.59259259259259,0.5648276459379872,0.0008051529790660225,0.011272141706924315,0.07142857142857142,4.749597423510467,8.157004830917874,0.5822722337380318,0.5648492984583405,4.371980676328502,5.995169082125604,0.7292506043513296,2.217391304347826,7.087761674718196,11.3743961352657,3.898550724637681,0.8647342995169082,2.42512077294686,1.8301127214170692,2.9774557165861513,25.376006441223833,46621.0,13043,23092,1.0,14.0,5899.0,10131.0,5430,7446,2754.0,8803.0,14127.0,4842,1074.0,3012.0,2273.0,3698.0,31517,20.0,25.29177194826366,0.598745114862401,0.0006817743077154072,0.32366566568713667,6.6347182600115815,18.984180948499603,15.794987237510993,15.491694729842775,1.1436242390445652,3.326972823405761,7.868863816734949,14.450279916775703,149.20000000000002,80.0,229.0,0.23582503592801526,4.626392519605871,1.77421073798512,6.401045646491052,84.7,12.629511864065956,22.34947969032777,0.0,0.01286446812789061,6.898833701990751,11.851633822642267,5.316971646893223,7.247783028353105,3.189048361150211,10.155507239091092,13.352136537301426,4.72479640056304,1.2371631811783634,3.473801025537904,2.643318922179771,3.767846370400161,30.577141564448013,79.39302232053086,98.72911220591192,,,,,,,,,,,,,,,,,,,,,,,,,,,,,,,,,,,4,1,15,0.1765625,0.45775,0.0,5,9,0,9,13,,2,0,,0,5,0.2985625,0,0.0,0,0.0,0,0.0,0,0.0,,,1970,1989,18,
Kareem Abdul-Jabbar,abdulka01,86,225.0,1947-04-16,UCLA,1973,1988,1969-10-18T00:00:00Z,True,16,NBA,"MIL, LAL",C,1241,715.0,36.539887187751816,9.962933118452861,17.708299758259468,0.5626137604659629,0.0008058017727639,0.012087026591458501,0.06666666666666667,5.140209508460918,8.89041095890411,0.5781745672074685,0.5626365125591555,4.134568896051571,5.626913779210314,0.7347844765859946,2.314262691377921,7.383561643835616,10.684125705076552,3.712328767123288,0.9041095890410958,2.5012087026591456,1.959709911361805,2.9645447219983883,24.061240934730055,45346.0,12364,21976,1.0,15.0,6379.0,11033.0,5131,6983,2872.0,9163.0,13259.0,4607,1122.0,3104.0,2432.0,3679.0,29860,19.0,24.44454637674767,0.5969458607153884,0.000751841397256649,0.31925135623869805,7.131742601331981,20.378130375336305,15.404432585013012,15.082679839456622,1.1363141181140564,3.5324923918316946,8.777230626736646,15.94578794160455,133.5,75.6,208.9,0.22124039606580514,4.367233678608762,1.6824099591371284,6.050061769457379,85.9,12.490812981089045,22.165820108334124,0.0,0.012159080110234725,7.074360923690962,12.238111755202889,5.261208780765941,7.157431340872373,3.151266273876271,10.01538297063575,13.168331274351418,4.619255440463745,1.2241589850803005,3.3875059393709015,2.679326237764896,3.8079920174855078,30.238434856979943,81.01644017865628,99.18262377648959,,,,,,,,,,,,,,,,,,,,,,,,,,,,,,,,,,,5,1,15,0.1765625,0.40275000000000005,0.0,5,9,0,8,12,,2,0,,0,4,0.2581875,0,0.0,0,0.0,0,0.0,0,0.0,,,1970,1989,19,
Kareem Abdul-Jabbar,abdulka01,86,225.0,1947-04-16,UCLA,1974,1989,1969-10-18T00:00:00Z,True,16,NBA,"MIL, LAL",C,1239,789.0,35.34059725585149,9.439063761097659,16.83857949959645,0.5605617600536835,0.0008071025020177562,0.014527845036319613,0.05555555555555555,5.401129943502825,9.434221146085553,0.5725040636495851,0.560585725926281,3.9749798224374495,5.397901533494754,0.7363935406698564,2.401129943502825,7.581920903954802,9.983050847457626,3.4721549636803872,0.9362389023405973,2.5738498789346247,2.0395480225988702,2.959644874899112,22.853914447134787,43787.0,11695,20863,1.0,18.0,6692.0,11689.0,4925,6688,2975.0,9394.0,12369.0,4302,1160.0,3189.0,2527.0,3667.0,28316,17.0,23.696277433941578,0.5948782058601868,0.0009721606869618837,0.32097385068627676,7.668246283143398,21.653360586475436,15.026185854248977,14.525592070705917,1.2193527759380638,3.7705232146527505,9.534903053417683,17.29159796286569,120.00000000000001,70.1,189.89999999999998,0.20836250485303856,4.124628314339872,1.6095416447804143,5.734571904903281,85.9,12.351812181697765,22.027786786032383,0.0,0.01555941261104894,7.145031630392582,12.484381209034645,5.193032178500468,7.062303880147075,3.1415397264028138,9.879302075958618,13.022458720624844,4.52173476145888,1.2193527759380638,3.349279466508325,2.680126521570329,3.8734898485851965,29.88855596409893,81.90613652453925,99.4852353438235,,,,,,,,,,,,,,,,,,,,,,,,,,,,,,,,,,,5,1,15,0.1765625,0.3629375,0.0,5,9,0,7,11,0,2,0,0,0,4,0.23399999999999999,0,0.0,0,0.0,0,0.0,0,0.0,,,1970,1989,20,
Julius Erving,ervinju01,79,210.0,1950-02-22,UMass,1972,1987,1971-10-15T00:00:00Z,True,16,"ABA,NBA","VIR, NYA, PHI",SF,1243,823.0,36.38535800482703,9.507642799678198,18.801287208366855,0.5056910569105691,0.10780370072405471,0.36122284794851167,0.2984409799554566,7.781979082864039,15.185840707964601,0.5124496715405806,0.5085579803166452,5.032984714400643,6.477876106194691,0.776949826130154,2.9678197908286403,5.499597747385358,8.467417538213999,4.164119066773934,1.827835880933226,1.5615446500402252,3.169750603378922,2.810941271118262,24.156074014481096,45227.0,11818,23370,134.0,449.0,9673.0,18876.0,6256,8052,3689.0,6836.0,10525.0,5176,2272.0,1941.0,3940.0,3494.0,30026,1.0,23.526397948128327,0.5573523780042895,0.019022685563933047,0.3444069471775709,8.574090698034361,15.001441616733366,11.854414398478784,17.730066110951423,2.515268255262022,2.3682556879739978,12.595679571937119,25.377015941804675,107.39999999999999,73.7,181.0,0.19203977712428416,4.639366235376152,1.5647581415769223,6.202804679631208,80.0,12.005211642261306,23.652488313834866,0.16253970713566282,0.4951266754474316,9.540492239353322,18.491340616203093,6.356969086542187,8.165331473877224,3.5378063583068617,6.433175796079648,9.969856150409338,5.44536814648382,2.50871878308928,2.1631517781049037,3.931995557965961,3.6311923762299525,30.510234756333773,103.01076934996513,99.63900725704399,,,,,,,,,,,,,,,,,,,,,,,,,,,,,,,,,,,1,0,16,0.0,0.258625,0.0,1,1,0,9,12,,0,1,,1,4,0.22187500000000002,0,0.35,0,0.0,0,0.0,0,0.0,,,1972,1987,16,
Artis Gilmore,gilmoar01,86,240.0,1949-09-21,"Gardner-Webb University, Jacksonville University",1972,1987,1971-10-16T00:00:00Z,True,16,"ABA,NBA","KEN, CHI, SAS",C,1258,777.0,36.75755166931638,7.395866454689984,12.700317965023848,0.5823371095950429,0.0023847376788553257,0.01589825119236884,0.15,5.782193958664547,9.774244833068362,0.5915744957709824,0.5824309945546723,4.821144674085851,6.885532591414944,0.7001847148464558,3.773449920508744,9.039745627980922,12.813195548489666,2.4077901430842608,0.5627980922098569,2.5023847376788555,3.0675675675675675,3.4825119236883944,19.615262321144673,46241.0,9304,15977,3.0,20.0,7274.0,12296.0,6065,8662,4747.0,11372.0,16119.0,3029,708.0,3148.0,3859.0,4381.0,24676,2.0,21.687937112086676,0.6265929586297875,0.001253281719685993,0.5530370450466038,10.780067472589261,25.06418762570014,18.05336173525659,9.481187690577627,0.778257193188491,3.709722973119093,16.30257563634004,19.116238835665317,114.2,74.6,188.9,0.19590995004433295,2.5142758426534946,0.8100964860645459,3.317213932894838,52.300000000000004,9.360374171422723,16.024024262278303,0.0,0.012364036546976173,6.8956696439996925,11.586182274204694,6.360010749110638,8.953817213932895,4.626289253448673,11.081286310239806,15.742103242648374,3.0115911243057862,0.7583830266424386,2.9565044915926597,3.859890461443964,4.543659304378982,25.0638804289407,107.2018529419292,101.16740460164309,,,,,,,,,,,,,,,,,,,,,,,,,,,,,,,,,,,0,0,11,0.0,0.0,0.0,4,5,0,5,5,,0,1,,1,1,0.0573125,1,0.633,0,0.0,0,0.0,0,0.0,,,1972,1988,16,
Artis Gilmore,gilmoar01,86,240.0,1949-09-21,"Gardner-Webb University, Jacksonville University",1973,1988,1971-10-16T00:00:00Z,True,16,"ABA,NBA","KEN, CHI, SAS, BOS, CHI",C,1245,804.0,34.914056224899596,6.905220883534136,11.89558232931727,0.5804861580013504,0.0024096385542168677,0.01606425702811245,0.15,5.274698795180723,8.938955823293172,0.5900799712462935,0.5805874409182984,4.611244979919679,6.57429718875502,0.7014050091631032,3.5301204819277108,8.388755020080321,11.918875502008031,2.2650602409638556,0.5807228915662651,2.2136546184738957,2.8843373493975903,3.41285140562249,18.424096385542168,43468.0,8597,14810,3.0,20.0,6567.0,11129.0,5741,8185,4395.0,10444.0,14839.0,2820,723.0,2756.0,3591.0,4249.0,22938,2.0,21.0006786601638,0.6257398316002577,0.001333233643139781,0.5649743029354928,10.72040811631545,24.869763964295572,17.905065795527744,9.41392288580105,0.7787038741142909,3.4730077298242383,16.343935768841447,18.906754394036994,101.5,68.4,170.0,0.1875504279009846,2.357548916579092,0.774120502427063,3.124670970324776,51.6,9.274118000300257,15.889423509983487,0.0,0.012087774608417156,6.864484812090277,11.550740629535104,6.300575489165791,8.912395536205775,4.607826652654755,11.010203673122152,15.651786518540758,2.9711129460041033,0.7593129159785819,2.9284291647900718,3.8563178701896614,4.62535655307011,24.832309963468948,106.99624680978832,101.32007206125206,,,,,,,,,,,,,,,,,,,,,,,,,,,,,,,,,,,0,0,10,0.0,0.0,0.0,4,5,0,4,4,,0,0,,0,0,0.013687500000000002,0,0.0,0,0.0,0,0.0,0,0.0,,,1972,1988,17,
Caldwell Jones,jonesca01,83,217.0,1950-08-04,Albany State University,1974,1989,1973-10-10T00:00:00Z,False,16,"ABA,NBA","SDA, KEN, SDS, SSL, PHI, HOU, CHI, POR",C,1227,769.0,27.86960065199674,3.2787286063569683,6.91279543602282,0.47429851450129684,0.004889975550122249,0.042379788101059496,0.11538461538461539,2.7147514262428687,5.713121434392828,0.47517831669044225,0.4746522046687102,1.6430317848410758,2.169519152404238,0.7573253193087904,2.3186634066829668,6.202118989405053,8.52078239608802,1.4506927465362673,0.5419722901385493,1.850040749796251,1.6797066014669926,3.4963325183374083,8.205378973105134,34196.0,4023,8482,6.0,52.0,3331.0,7010.0,2016,2662,2845.0,7610.0,10455.0,1780,665.0,2270.0,2061.0,4290.0,10068,0.0,12.22623698678208,0.5233185752719617,0.0063483740788396305,0.3410476956369166,8.709811089016258,22.7596502514914,15.844932155807697,6.578187507310797,0.8869078254766638,3.518815066089601,18.342399695870863,12.831532927827816,14.8,50.2,64.9,0.09105614691776814,-1.8255936366826528,1.1286115335126916,-0.7189086442858813,10.8,5.3645631067961155,11.327468124926892,0.0,0.06924201661012984,4.457690958006784,9.392189144929231,2.706530003509182,3.574654930401217,3.809018598666511,10.194987717861737,13.983951339337937,2.4009006901391974,0.8869078254766638,3.022683939642064,2.767595625219324,5.756050415253246,13.452588021990875,95.25,101.61752836589075,,,,,,,,,,,,,,,,,,,,,,,,,,,,,,,,,,,0,0,1,0.0625,0.0,0.0,2,2,0,0,0,0,0,0,0,0,0,6.25e-05,0,0.359,0,0.0,0,0.0,0,0.0,,,1974,1990,16,
Caldwell Jones,jonesca01,83,217.0,1950-08-04,Albany State University,1975,1990,1973-10-10T00:00:00Z,False,16,"ABA,NBA","SDA, KEN, SDS, SSL, PHI, HOU, CHI, POR, SAS",C,1220,771.0,26.354098360655737,2.9368852459016392,6.176229508196721,0.4755142667551427,0.004098360655737705,0.04016393442622951,0.10204081632653061,2.3704918032786884,4.972131147540984,0.47675568743818003,0.4758460517584605,1.5434426229508196,2.037704918032787,0.7574416733708769,2.130327868852459,5.730327868852459,7.860655737704918,1.3573770491803279,0.509016393442623,1.6237704918032787,1.6016393442622952,3.374590163934426,7.421311475409836,32152.0,3583,7535,5.0,49.0,2892.0,6066.0,1883,2486,2599.0,6991.0,9590.0,1656,621.0,1981.0,1954.0,4117.0,9054,0.0,11.589235506344862,0.5254236128390146,0.0070776623538193585,0.3538294040806171,8.6551194326947,22.48215352077631,15.705439786016422,6.511395869619308,0.8824707638716097,3.3211028862901215,19.071914655386912,12.385714730032346,11.5,47.2,58.6,0.0874393816869868,-2.050049763622792,1.0683658870365762,-1.0022518039313262,7.800000000000001,5.115100149290868,10.77102513062951,0.0027525503856680768,0.07279173923861659,4.147822841502861,8.72542921124658,2.6995396864891763,3.574748071659617,3.7295036078626524,10.0203377705897,13.728511445633242,2.3833945011196813,0.8824707638716097,2.827970266235382,2.805579746205524,5.90491104752426,12.947748196068673,94.46500995272456,101.92156008957453,,,,,,,,,,,,,,,,,,,,,,,,,,,,,,,,,,,0,0,1,0.0625,0.0,0.0,2,2,0,0,0,0,0,0,0,0,0,6.25e-05,0,0.0,0,0.0,0,0.0,0,0.0,,,1974,1990,17,
Moses Malone,malonmo01,82,215.0,1955-03-23,,1975,1990,1974-10-18T00:00:00Z,True,16,"ABA,NBA","UTS, SSL, BUF, HOU, PHI, WSB, ATL",C,1208,856.0,36.54801324503311,7.805463576158941,15.657284768211921,0.498519615099926,0.0033112582781456954,0.05380794701986755,0.06153846153846154,6.545529801324503,13.150662251655628,0.49773385370766715,0.4986253568785027,6.769039735099338,8.947019867549669,0.7565692079940785,5.499172185430464,7.832781456953643,13.331953642384105,1.4304635761589404,0.8948675496688742,1.4263245033112584,3.2259933774834435,2.5943708609271523,22.383278145695364,44150.0,9429,18914,4.0,65.0,7907.0,15886.0,8177,10808,6643.0,9462.0,16105.0,1728,1081.0,1723.0,3897.0,3134.0,27039,0.0,22.426237825594562,0.571722718006795,0.0033682672706681765,0.5753794790486977,16.455182332955832,23.372398640996604,19.938466591166478,5.891771234428085,1.1761562853907135,2.1959728199320496,14.024348810872027,24.33023103057758,108.4,56.0,164.39999999999998,0.17867293318233296,3.317313703284258,-1.456321630804077,1.8821426953567386,43.1,10.262097395243488,20.555768969422424,0.0,0.06616761041902605,8.626113250283126,17.337574178935448,8.900516421291055,11.74161268403171,7.214203850509626,10.263848244620613,17.486332955832392,1.88636013590034,1.1761562853907135,1.8671891279728199,4.22037825594564,3.3997191392978485,29.376849377123442,106.92751981879955,103.9905322763307,,,,,,,,,,,,,,,,,,,,,,,,,,,,,,,,,,,1,1,13,0.0244375,0.359,0.0,1,2,0,4,8,0,4,1,0,1,3,0.17843750000000003,0,0.1,0,0.0,0,0.0,0,0.001625,,,1975,1995,16,
Moses Malone,malonmo01,82,215.0,1955-03-23,,1976,1991,1974-10-18T00:00:00Z,True,16,"ABA,NBA","SSL, BUF, HOU, PHI, WSB, ATL",C,1207,871.0,35.50704225352113,7.554266777133389,15.308202154101076,0.49347837852465226,0.0033140016570008283,0.058823529411764705,0.056338028169014086,6.2932891466445735,12.794531897265948,0.4918733406721492,0.493586621204741,6.71996685998343,8.772990886495442,0.7659835678534328,5.351284175642088,7.542667771333885,12.893951946975973,1.420049710024855,0.8500414250207126,1.3827671913835957,3.077050538525269,2.468931234465617,21.831814415907207,42857.0,9118,18477,4.0,71.0,7596.0,15443.0,8111,10589,6459.0,9104.0,15563.0,1714,1026.0,1669.0,3714.0,2980.0,26351,0.0,22.449046830156103,0.5694564015213384,0.003930466434888116,0.5777868959563198,16.461693538978466,23.3566091886973,19.918893062976878,6.005399351331171,1.1501131670438902,2.200312667708892,13.644874816249388,24.36680122267074,107.1,52.7,159.8,0.17886751289170963,3.3587581958606525,-1.5611452038173461,1.8119233730779103,41.099999999999994,10.21540938469795,20.672482908276365,0.0,0.0770865902886343,8.530067433558111,17.348272160907204,9.095225984086614,11.846634155447186,7.216205054016847,10.164094546981822,17.388830296100988,1.9218960729869101,1.1501131670438902,1.858720862402875,4.137415124717083,3.3249270830902766,29.469260564201882,107.25207084023613,104.51244837482791,,,,,,,,,,,,,,,,,,,,,,,,,,,,,,,,,,,1,1,12,0.0244375,0.359,0.0,1,2,0,4,8,0,4,0,0,0,3,0.1784375,0,0.0,0,0.00125,0,0.0,0,0.0014444444444444444,,,1975,1995,17,
Moses Malone,malonmo01,82,215.0,1955-03-23,,1977,1992,1974-10-18T00:00:00Z,True,16,NBA,"BUF, HOU, PHI, WSB, ATL, MIL",C,1246,948.0,35.47351524879615,7.469502407704655,15.181380417335474,0.4920173398181434,0.0056179775280898875,0.06179775280898876,0.09090909090909091,6.245585874799358,12.741573033707866,0.49017384731670444,0.49220236836540493,6.737560192616372,8.756019261637238,0.7694775435380385,5.28330658105939,7.472712680577849,12.756019261637238,1.4036918138041734,0.862760834670947,1.368378812199037,2.9887640449438204,2.4101123595505616,21.682182985553773,44200.0,9307,18916,7.0,77.0,7782.0,15876.0,8395,10910,6583.0,9311.0,15894.0,1749,1075.0,1705.0,3724.0,3003.0,27016,0.0,22.41374660633484,0.5695231900452489,0.004216628959276017,0.5812222171945701,16.328760180995477,23.313151583710408,19.82188009049774,5.956085972850679,1.1739570135746606,2.19,13.363015837104074,24.246133484162897,111.9,53.8,165.7,0.179805814479638,3.3737579185520365,-1.5695904977375563,1.8180429864253393,42.400000000000006,10.14597737556561,20.596298642533938,0.005680995475113123,0.08346380090497739,8.506162895927602,17.364373303167422,9.15139819004525,11.872839366515837,7.159694570135747,10.116174208144795,17.28149773755656,1.9106606334841632,1.1739570135746606,1.847029411764706,4.039434389140271,3.2610158371040727,29.396617647058825,107.9974886877828,104.81131221719457,,,,,,,,,,,,,,,,,,,,,,,,,,,,,,,,,,,1,1,12,0.0244375,0.359,0.0,1,2,0,4,8,0,4,0,0,0,3,0.17843750000000003,0,0.0,0,0.0011111111111111111,0,0.0,0,0.0013,,,1975,1995,18,
Moses Malone,malonmo01,82,215.0,1955-03-23,,1978,1993,1974-10-18T00:00:00Z,True,16,NBA,"HOU, PHI, WSB, ATL, MIL",C,1175,948.0,35.57276595744681,7.600851063829787,15.445106382978723,0.49212034383954156,0.005957446808510639,0.06553191489361702,0.09090909090909091,6.634042553191489,13.54723404255319,0.4896971981404699,0.4923132025567556,6.905531914893617,8.937021276595745,0.7726883153985334,5.2493617021276595,7.404255319148936,12.653617021276595,1.4187234042553192,0.8587234042553191,1.3038297872340425,3.177872340425532,2.326808510638298,22.113191489361704,41798.0,8931,18148,7.0,77.0,7795.0,15918.0,8114,10501,6168.0,8700.0,14868.0,1667,1009.0,1532.0,3734.0,2734.0,25983,0.0,22.561213455189247,0.570993372888655,0.00445894540408632,0.5839039188477918,16.14022680511029,23.119017656347193,19.621730704818415,6.034465763912149,1.1647231924972488,2.0944686348629125,14.168766448155413,25.70691181396239,106.5,50.599999999999994,157.1,0.18029788506627112,3.4234963395377767,-1.6375257189339203,1.8006435714627496,39.9,10.300794296377816,20.91285228958324,0.006007464471984306,0.0882602038375042,9.010411981434517,18.412510167950618,9.358175032298195,12.09458108043447,7.099887554428441,10.006672568065458,17.11251256040959,1.9269965070099049,1.1647231924972488,1.7587803244174363,4.283511172783387,3.143865735202642,29.916586918034355,114.455069620556,105.2850854107852,,,,,,,,,,,,,,,,,,,,,,,,,,,,,,,,,,,1,1,12,0.0244375,0.359,0.0,1,2,0,4,8,0,4,0,0,0,3,0.1769375,0,0.0,0,0.001,0,0.0,0,0.0011818181818181817,,,1975,1995,19,
Moses Malone,malonmo01,82,215.0,1955-03-23,,1979,1994,1974-10-18T00:00:00Z,True,16,NBA,"HOU, PHI, WSB, ATL, MIL, PHI",C,1171,948.0,34.42271562766866,7.361229718189581,14.988898377455167,0.49111212397447584,0.005977796754910333,0.06660973526900085,0.08974358974358974,6.743808710503843,13.79077711357814,0.489008607344108,0.4913115314494075,6.734415029888984,8.689154568744662,0.775036855036855,5.0333048676345005,7.099914602903501,12.133219470538002,1.426131511528608,0.8300597779675492,1.2578992314261315,3.0512382578992314,2.2263023057216054,21.462852263023056,40309.0,8620,17552,7.0,78.0,7897.0,16149.0,7886,10175,5894.0,8314.0,14208.0,1670,972.0,1473.0,3573.0,2607.0,25133,0.0,22.557835719070184,0.5708231412339675,0.0046849835024436225,0.5852351335929941,16.052429978416733,22.931615768190728,19.489066957751373,6.284058150785184,1.164047731275894,2.0985859237391153,14.030658165670198,25.797633282889677,102.7,49.400000000000006,152.0,0.1808881887419683,3.43064079982138,-1.600439107891538,1.8454166563298517,38.9,10.322431715001613,21.001354536207796,0.006229378054528766,0.09305366047284727,9.470505346200602,19.380895085464786,9.444657520652957,12.164288372323798,7.049701059316779,9.929139894316405,16.98501327247017,2.0045176015281947,1.164047731275894,1.7563521794140267,4.259205140291249,3.11530675531519,30.044749311568136,114.7367337319209,105.46148502815748,,,,,,,,,,,,,,,,,,,,,,,,,,,,,,,,,,,1,1,11,0.0244375,0.359,0.0,1,2,0,4,8,0,4,0,0,0,3,0.17693750000000003,0,0.0,0,0.0009090909090909091,0,0.0,0,0.0010833333333333333,,,1975,1995,20,
Moses Malone,malonmo01,82,215.0,1955-03-23,,1980,1995,1974-10-18T00:00:00Z,True,16,NBA,"HOU, PHI, WSB, ATL, MIL, PHI, SAS",C,1106,866.0,33.51537070524412,7.158227848101266,14.703435804701627,0.4868404870249662,0.007233273056057866,0.07233273056057866,0.1,7.150994575045208,14.631103074141048,0.48875293536027686,0.487086459230107,6.608499095840868,8.495479204339963,0.7778842060451255,4.8164556962025316,6.765822784810126,11.582278481012658,1.3824593128390597,0.8092224231464737,1.2269439421338155,2.945750452079566,2.169077757685353,20.932188065099457,37068.0,7917,16262,8.0,80.0,7909.0,16182.0,7309,9396,5327.0,7483.0,12810.0,1529,895.0,1357.0,3258.0,2399.0,23151,0.0,22.41134401640229,0.5675002967519155,0.0053237293622531556,0.5841089079529513,15.764362792705299,22.533794647674547,19.141693644113523,6.316029998920902,1.1680398187115573,2.1230846012733355,13.849425380382,25.984355778569114,92.2,46.099999999999994,138.2,0.17876696881407142,3.313024711341319,-1.592136074241934,1.7374339052552066,34.8,10.346403906334304,21.230109528434227,0.007979928779540305,0.10400345311319736,10.315029135642602,21.120462393439087,9.55066904068199,12.256539333117514,6.961789144275386,9.763051688788172,16.731552821840943,2.004912593072192,1.1680398187115573,1.7676108773065717,4.244081148160138,3.133829718355455,30.205543865328586,114.48659220891335,105.59730765080393,,,,,,,,,,,,,,,,,,,,,,,,,,,,,,,,,,,1,1,10,0.0244375,0.3021875,0.0,1,1,0,3,7,0,4,0,0,0,2,0.14556249999999998,0,0.0,0,0.0008333333333333334,0,0.0,0,0.001,,,1975,1995,21,
Robert Parish,parisro01,85,230.0,1953-08-30,Centenary (LA),1977,1992,1976-10-22T00:00:00Z,True,16,NBA,"GSW, BOS",C,1260,944.0,30.735714285714284,6.7404761904761905,12.425396825396826,0.5424757281553398,0.0,0.004761904761904762,0.0,5.730952380952381,10.361904761904762,0.5530790441176471,0.5424757281553398,2.895238095238095,4.006349206349206,0.722662440570523,3.164285714285714,6.907936507936508,10.072222222222223,1.5412698412698413,0.846031746031746,1.6261904761904762,2.230952380952381,3.015873015873016,16.376190476190477,38727.0,8493,15656,0.0,6.0,7221.0,13056.0,3648,5048,3987.0,8704.0,12691.0,1942,1066.0,2049.0,2811.0,3800.0,20634,2.0,19.931933792960983,0.5799616030159837,0.0003776176827536344,0.3250471763885661,11.747098923231855,24.061941281276628,18.08430810545614,7.23952281354094,1.3104294161695975,2.9484752240039245,13.494448317711157,21.28023601105172,68.5,63.8,132.2,0.16393035866449765,1.6441939731969943,0.3397474630103029,1.9964701629354198,39.0,10.486960002065743,19.284155756965426,0.0,0.0,8.978888114235547,16.20821390760968,4.498770883363028,6.221700622304852,4.926395021561185,10.740653807421179,15.636721150618433,2.3795259121543113,1.3104294161695975,2.507596767113384,3.473519766571126,4.6744674258269425,25.448036253776436,107.86242156634906,101.35280295401141,,,,,,,,,,,,,,,,,,,,,,,,,,,,,,,,,,,3,0,9,0.0034999999999999996,0.0371875,0.0,0,0,2,0,1,1,7,0,0,1,0,0.017875000000000002,0,0.0,0,0.0,0,0.0,0,0.0,,,1977,1997,16,
Robert Parish,parisro01,85,230.0,1953-08-30,Centenary (LA),1978,1993,1976-10-22T00:00:00Z,True,16,NBA,"GSW, BOS",C,1262,1023.0,31.29080824088748,6.83122028526149,12.567353407290016,0.5435687263556116,0.0,0.004754358161648178,0.0,6.051505546751189,10.961172741679873,0.5520855924239139,0.5435687263556116,2.9231378763866878,4.050713153724248,0.7216353677621283,3.194928684627575,7.01743264659271,10.212361331220285,1.5285261489698891,0.8462757527733756,1.6339144215530903,2.322503961965135,2.992868462757528,16.58557844690967,39489.0,8621,15860,0.0,6.0,7637.0,13833.0,3689,5112,4032.0,8856.0,12888.0,1929,1068.0,2062.0,2931.0,3777.0,20931,2.0,19.91430524956317,0.5806191850895186,0.0003703309782471068,0.3247426371901036,11.720633594165463,24.120013168224062,18.101111701992963,7.072222644280686,1.292704297399276,2.937380029881739,13.886183494137608,21.96735546607916,69.4,64.9,134.2,0.16317442832181114,1.6531464458456786,0.3118083516928765,1.9772417635290842,39.5,10.49122793689382,19.261660209172177,0.0,0.0,9.338200511534858,16.88995163210008,4.481782268479829,6.2077743168983766,4.918719136974853,10.778264833244702,15.667241510294009,2.325576742890425,1.292704297399276,2.489926308592266,3.5586568411456354,4.58734077844463,25.443564030489505,111.92195294892248,101.66496999164325,,,,,,,,,,,,,,,,,,,,,,,,,,,,,,,,,,,3,0,9,0.0034999999999999996,0.0371875,0.0,0,0,2,0,1,1,7,0,0,0,0,0.017875000000000002,0,0.0,0,0.0,0,0.0,0,0.0,,,1977,1997,17,
Robert Parish,parisro01,85,230.0,1953-08-30,Centenary (LA),1979,1994,1976-10-22T00:00:00Z,True,16,NBA,"GSW, BOS",C,1254,1097.0,31.504784688995215,6.815789473684211,12.49920255183413,0.5452979456424653,0.0,0.004784688995215311,0.0,6.3740031897926634,11.609250398724082,0.5490451985162798,0.5452979456424653,2.9330143540669855,4.031897926634769,0.7274525316455697,3.159489633173844,7.007974481658692,10.167464114832535,1.5279106858054226,0.8221690590111643,1.6228070175438596,2.263157894736842,2.931419457735247,16.564593301435405,39507.0,8547,15674,0.0,6.0,7993.0,14558.0,3678,5056,3962.0,8788.0,12750.0,1916,1031.0,2035.0,2838.0,3676.0,20772,2.0,19.857744197230872,0.5821411395448908,0.00037016224972789635,0.3245759232541069,11.584372389703091,24.029746627179993,17.995218568861215,7.036983319411749,1.257729010048852,2.917472852912142,13.650942870883641,21.752241374946212,70.80000000000001,63.400000000000006,134.2,0.16299384919128257,1.6869618042372239,0.27664211405573697,1.9758852861518212,39.5,10.44569316829929,19.126656035639254,0.0,0.0,9.786599843065787,17.802652694459212,4.486501126382667,6.167489305692662,4.853327258460526,10.743068317007113,15.571650593565696,2.320490039739793,1.257729010048852,2.469949629179639,3.463571012731921,4.492743058192219,25.357222770648242,112.4670311590351,102.21517705723036,,,,,,,,,,,,,,,,,,,,,,,,,,,,,,,,,,,3,0,9,0.0034999999999999996,0.037187500000000005,0.0,0,0,2,0,1,1,7,0,0,0,0,0.017875000000000002,0,0.0,0,0.0,0,0.0,0,0.0,,,1977,1997,18,
Robert Parish,parisro01,85,230.0,1953-08-30,Centenary (LA),1980,1995,1976-10-22T00:00:00Z,True,16,NBA,"GSW, BOS, CHH",C,1259,1101.0,30.538522637013504,6.474980142970612,11.863383637807784,0.5457953936797001,0.0,0.004765687053216839,0.0,6.474980142970612,11.858617950754567,0.5460147354320161,0.5457953936797001,2.822081016679905,3.8729150119142175,0.7286710418375718,3.01032565528197,6.667196187450357,9.677521842732327,1.465448768864178,0.7609213661636219,1.472597299444003,2.1215250198570295,2.78395552025417,15.772041302621128,38448.0,8152,14936,0.0,6.0,8152.0,14930.0,3553,4876,3790.0,8394.0,12184.0,1845,958.0,1854.0,2671.0,3505.0,19857,1.0,19.455532147315857,0.58142465147732,0.0003803578859758636,0.3272155118601748,11.468661568872244,23.616573033707866,17.749643674573452,6.973944028297961,1.211906991260924,2.757373595505618,13.511633895131087,21.3889721181856,68.39999999999999,60.0,128.5,0.16037213899292552,1.5915392218060758,0.1643544527673741,1.7622425093632959,36.400000000000006,10.274178110694963,18.808863920099874,0.0,0.0,10.274178110694963,18.802887016229718,4.470245526425302,6.1296114232209735,4.787515605493134,10.594223366625052,15.362583229296716,2.3062265917602995,1.211906991260924,2.3238373907615477,3.3682116104868913,4.42585049937578,24.993851435705366,112.63459737827715,102.79309717020391,,,,,,,,,,,,,,,,,,,,,,,,,,,,,,,,,,,3,0,9,0.0034999999999999996,0.0371875,0.0,0,0,2,0,1,1,7,0,0,0,0,0.017875000000000002,0,0.0,0,0.0,0,0.0,0,0.0,,,1977,1997,19,
Robert Parish,parisro01,85,230.0,1953-08-30,Centenary (LA),1981,1996,1976-10-22T00:00:00Z,True,16,NBA,"BOS, CHH",C,1261,1135.0,29.670896114195084,6.15543219666931,11.237906423473433,0.5477383388610543,0.0,0.003965107057890563,0.0,6.15543219666931,11.233941316415542,0.5479316673725823,0.5477383388610543,2.696272799365583,3.6978588421887393,0.729144327686039,2.880253766851705,6.401268834258525,9.28152260111023,1.3893735130848532,0.7303727200634417,1.421887390959556,1.9793814432989691,2.6463124504361617,15.007137192704203,37415.0,7762,14171,0.0,5.0,7762.0,14166.0,3400,4663,3632.0,8072.0,11704.0,1752,921.0,1793.0,2496.0,3337.0,18924,1.0,19.237319256982495,0.5823085393558733,0.0003342242416143258,0.3288412134170787,11.358914873713752,23.34574903113724,17.574879059200857,6.778540692235734,1.2007670720299344,2.7596659093946276,13.394438059601764,20.87328611519444,67.6,57.9,125.60000000000001,0.16105775758385676,1.5668101028999064,0.18298008819991982,1.7563143124415341,35.3,10.074887077375385,18.37924629159428,0.0,0.0,10.074887077375385,18.37310436990512,4.402806361085126,6.035068822664707,4.727349993318188,10.50040358145129,15.21373246024322,2.25762127488975,1.2007670720299344,2.316212748897501,3.24202859815582,4.344089269009755,24.527146866230122,113.10094881731926,102.98914873713751,,,,,,,,,,,,,,,,,,,,,,,,,,,,,,,,,,,3,0,9,0.0034999999999999996,0.0371875,0.0,0,0,2,0,1,1,7,0,0,0,0,0.017875000000000002,0,0.0,0,0.0,0,0.0,0,0.0,,,1977,1997,20,
Robert Parish,parisro01,85,230.0,1953-08-30,Centenary (LA),1982,1997,1976-10-22T00:00:00Z,True,16,NBA,"BOS, CHH, CHI",C,1222,1056.0,29.069558101472996,5.889525368248773,10.759410801963993,0.5473836324916337,0.0,0.0032733224222585926,0.0,5.889525368248773,10.756137479541735,0.5475502130249543,0.5473836324916337,2.5687397708674307,3.516366612111293,0.7305096579008611,2.8060556464811786,6.208674304418985,9.014729950900163,1.3338788870703764,0.6923076923076923,1.3076923076923077,1.909165302782324,2.509819967266776,14.347790507364975,35523.0,7197,13148,0.0,4.0,7197.0,13144.0,3139,4297,3429.0,7587.0,11016.0,1630,846.0,1598.0,2333.0,3067.0,17533,1.0,18.79516088168229,0.5817418573881711,0.0002873349660783155,0.3268410888719984,11.27834360836641,23.099940883371335,17.404135348928865,6.586389100019705,1.1638910001970555,2.616730005911663,13.472935844382514,20.46392478112772,61.9,53.60000000000001,115.60000000000001,0.15604081862455313,1.4139233735889425,0.04887537651662301,1.469670354418264,30.9,9.86272274301157,18.007507811840217,0.0,0.0,9.86272274301157,18.007507811840217,4.294102412521465,5.872902063451848,4.712073867635054,10.418934211637533,15.116240182417027,2.216938321650761,1.1638910001970555,2.1835120907581,3.1982293162176623,4.22201672156068,23.992759620527547,113.00346254539312,103.45283337555949,0.0,0.0,0.0,0.0,100.0,16.3,5.200000000000001,7.0,12.0,27.0,3.0,14.0,,48.0,3.0,9.0,8.2,0.371,0.329,0.28,0.020999999999999998,0.0,0.585,0.511,0.375,0.0,0.629,0.0,0.049,7.0,0.0,0.0,0.0,0.0,3,0,8,0.0034999999999999996,0.0371875,0.0,0,0,2,0,1,1,7,0,0,0,0,0.013062500000000001,0,0.0,0,0.0,0,0.0,0,0.0,,,1977,1997,21,1.0
James Edwards,edwarja01,85,252.0,1955-11-22,Washington,1978,1993,1977-10-18T00:00:00Z,False,16,NBA,"LAL, IND, CLE, PHO, DET, LAC, LAL",C,1067,761.0,25.62980318650422,5.296157450796626,10.649484536082474,0.4973158496875825,0.0009372071227741331,0.019681349578256794,0.047619047619047616,4.330834114339269,8.607310215557638,0.5031576655052264,0.4973598521517205,2.9765698219306467,4.258669165885661,0.698943661971831,1.6569821930646673,3.8313027179006562,5.488284910965323,1.366447985004686,0.38425492033739456,0.7947516401124649,1.7488284910965324,3.60543580131209,13.569821930646674,27347.0,5651,11363,1.0,21.0,4621.0,9184.0,3176,4544,1768.0,4088.0,5856.0,1458,410.0,848.0,1866.0,3847.0,14479,0.0,15.052108092295315,0.5418316451530333,0.001965553808461623,0.4018253921819578,6.9908472592971815,16.482506307821698,11.69932350897722,7.915497129484039,0.7057044648407504,1.7384027498445902,12.211332138808643,22.68731122243756,32.7,26.9,59.7,0.10451193915237503,-0.8761948294145612,-0.6291147109372144,-1.4736753574432295,3.4,9.873507148864592,19.845675942516547,0.0,0.04439609463560902,8.17066588656891,16.244772735583428,5.546900939774016,7.927030387245401,3.0780560939042676,7.096087322192563,10.160960982923172,2.527922624053827,0.7057044648407504,1.462705232749479,3.259161882473397,6.732559330091052,25.2694591728526,106.997074633415,106.6177277215051,,,,,,,,,,,,,,,,,,,,,,,,,,,,,,,,,,,2,0,0,0.0,0.0,0.0,0,0,0,0,0,0,0,0,0,0,0,0.0,0,0.0,0,0.0,0,0.0,0,0.0,,,1978,1996,16,
James Edwards,edwarja01,85,252.0,1955-11-22,Washington,1979,1994,1977-10-18T00:00:00Z,False,16,NBA,"IND, CLE, PHO, DET, LAC, LAL",C,1029,711.0,24.694849368318756,5.086491739552964,10.14382896015549,0.5014370569074535,0.0009718172983479105,0.02040816326530612,0.047619047619047616,4.5665694849368315,9.08843537414966,0.5024593669803251,0.5014849588043686,2.8746355685131197,4.0835762876579205,0.7039504997620181,1.5374149659863945,3.619047619047619,5.156462585034014,1.3556851311953353,0.35082604470359574,0.7512147716229349,1.6783284742468416,3.513119533527697,13.048590864917395,25411.0,5234,10438,1.0,21.0,4699.0,9352.0,2958,4202,1582.0,3724.0,5306.0,1395,361.0,773.0,1727.0,3615.0,13427,0.0,14.975577505804571,0.545918775333517,0.002115304395734131,0.4046760851599701,6.810605643225374,16.340860257368856,11.53657471173901,8.165070245169415,0.6722088859155484,1.7173350123962063,12.272437133524852,22.634193853055763,30.700000000000003,24.7,55.5,0.10456790366376767,-0.9368974066349219,-0.5985400023611822,-1.50139309747747,2.8999999999999995,9.91005470072016,19.76861201841722,0.0,0.04777852111290386,8.94820353390264,17.814639329424267,5.603333202156546,7.949628113808981,2.9845303215143044,7.005544842784619,9.985352799968517,2.6133839675730988,0.6722088859155484,1.4471803549643856,3.273133682263587,6.856660501357679,25.39527763566959,107.62480815394908,107.24875054110424,,,,,,,,,,,,,,,,,,,,,,,,,,,,,,,,,,,2,0,0,0.0,0.0,0.0,0,0,0,0,0,0,0,0,0,0,0,0.0,0,0.0,0,0.0,0,0.0,0,0.0,,,1978,1996,17,
James Edwards,edwarja01,85,252.0,1955-11-22,Washington,1980,1995,1977-10-18T00:00:00Z,False,16,NBA,"IND, CLE, PHO, DET, LAC, LAL, POR",C,975,629.0,23.724102564102566,4.8533333333333335,9.698461538461538,0.5004230118443317,0.0010256410256410256,0.021538461538461538,0.047619047619047616,4.852307692307693,9.676923076923076,0.5014308426073132,0.5004758883248731,2.7394871794871793,3.874871794871795,0.7069878242456326,1.4492307692307693,3.3261538461538462,4.775384615384615,1.3446153846153845,0.31384615384615383,0.6892307692307692,1.6194871794871795,3.3805128205128203,12.447179487179486,23131.0,4732,9456,1.0,21.0,4731.0,9435.0,2671,3778,1413.0,3243.0,4656.0,1311,306.0,672.0,1579.0,3296.0,12136,0.0,14.653642298214518,0.5448330811465133,0.002323807876875189,0.40135359474298554,6.736574294237172,15.831178937356794,11.237408672344472,8.446984566166616,0.6288919631663137,1.669759197613592,12.381431844710562,22.656620984825558,26.500000000000004,21.8,48.4,0.1002589166054213,-1.0778738489473003,-0.6453806579914401,-1.6858544809995244,1.6,9.901517444122605,19.798867320911334,0.0,0.0524880031127059,9.901517444122605,19.754606372400676,5.596433357831482,7.90162120098569,2.948342051791967,6.755890363581341,9.700194544118283,2.712122260170334,0.6288919631663137,1.38693960485928,3.3076131598288017,6.914815615407894,25.37838398685746,107.4564005014915,107.8236133327569,,,,,,,,,,,,,,,,,,,,,,,,,,,,,,,,,,,2,0,0,0.0,0.0,0.0,0,0,0,0,0,0,0,0,0,0,0,0.0,0,0.0,0,0.0,0,0.0,0,0.0,,,1978,1996,18,
James Edwards,edwarja01,85,252.0,1955-11-22,Washington,1981,1996,1977-10-18T00:00:00Z,False,16,NBA,"IND, CLE, PHO, DET, LAC, LAL, POR, CHI",C,921,547.0,22.90010857763301,4.609120521172638,9.26601520086862,0.49742207640028124,0.0010857763300760044,0.021715526601520086,0.05,4.608034744842563,9.2442996742671,0.4984731031242659,0.49748066557300213,2.6666666666666665,3.762214983713355,0.7088023088023088,1.3561346362649294,3.1150922909880565,4.471226927252986,1.297502714440825,0.2736156351791531,0.6254071661237784,1.5950054288816504,3.2931596091205213,11.88599348534202,21091.0,4245,8534,1.0,20.0,4244.0,8514.0,2456,3465,1249.0,2869.0,4118.0,1195,252.0,576.0,1469.0,3033.0,10947,0.0,14.185481959129486,0.5429721682234129,0.002438860177326822,0.40725342563178607,6.615527950310559,15.481380683703952,11.019434830022286,8.462936797686217,0.57163244986013,1.5965293253046324,12.67283201365511,22.731824000758614,21.6,19.8,41.5,0.09423246882556541,-1.3365843250675644,-0.6569863923000332,-1.9525532217533546,0.0,9.809852543739035,19.740145085581528,0.0,0.05756483808259448,9.809852543739035,19.691603053435117,5.673325114977953,7.995761225167132,2.8762173438907594,6.604954720022759,9.476743634725713,2.7274429851595468,0.57163244986013,1.3101749561424305,3.394243990327628,7.033464510928832,25.268607462898864,106.6531695984069,108.10971504433171,,,,,,,,,,,,,,,,,,,,,,,,,,,,,,,,,,,3,0,0,0.0,0.0,0.0,0,0,0,0,0,0,0,0,0,0,0,0.0,0,0.0,0,0.0,0,0.0,0,0.0,,,1978,1996,19,
Tree Rollins,rollitr01,85,235.0,1955-06-16,Clemson,1978,1993,1977-10-22T00:00:00Z,False,16,NBA,"ATL, CLE, DET, HOU",C,1060,504.0,21.854716981132075,2.3990566037735848,4.592452830188679,0.522391125718981,0.0,0.006603773584905661,0.0,1.880188679245283,3.5716981132075474,0.5264131008980454,0.522391125718981,0.9679245283018868,1.3783018867924528,0.702258726899384,1.9660377358490566,4.221698113207547,6.187735849056604,0.6056603773584905,0.469811320754717,2.331132075471698,0.9632075471698113,3.0745283018867924,5.766037735849056,23166.0,2543,4868,0.0,7.0,1993.0,3786.0,1026,1461,2084.0,4475.0,6559.0,642,498.0,2471.0,1021.0,3259.0,6112,4.0,13.795627212293878,0.555685746352413,0.0016007511007511007,0.30121138737805403,9.842234308900975,21.369498402831734,15.576633859967194,3.8173055339722013,1.0425019425019424,6.28061383061383,15.739342139342138,11.69665457998791,21.299999999999997,41.0,62.3,0.1294706034706035,-1.338612621945955,2.5426314426314427,1.2062678062678063,18.9,5.358344125010792,10.219412069412071,0.0,0.009690926357593025,4.248225848225848,8.032366399033066,2.1605413105413107,3.067491150824484,4.376327376327376,9.422040922040923,13.80889665889666,1.3425148925148926,1.0425019425019424,5.191716308382975,2.149447466114133,6.8678969178969185,12.845843045843045,110.19485452818786,100.22472589139255,,,,,,,,,,,,,,,,,,,,,,,,,,,,,,,,,,,0,0,0,0.053,0.0,0.0,1,2,0,0,0,0,0,0,0,1,0,0.0,0,0.0,0,0.0,0,0.0,0,0.013272727272727275,,,1978,1995,16,
Tree Rollins,rollitr01,85,235.0,1955-06-16,Clemson,1979,1994,1977-10-22T00:00:00Z,False,16,NBA,"ATL, CLE, DET, HOU, ORL",C,1025,505.0,21.224390243902437,2.2624390243902437,4.293658536585366,0.5269256987048399,0.0,0.006829268292682927,0.0,1.9726829268292683,3.745365853658537,0.5266996613701485,0.5269256987048399,0.9170731707317074,1.3102439024390244,0.6999255398361877,1.890731707317073,4.0634146341463415,5.954146341463415,0.5580487804878049,0.4370731707317073,2.2321951219512197,0.8907317073170732,2.915121951219512,5.4419512195121955,21755.0,2319,4401,0.0,7.0,2022.0,3839.0,940,1343,1938.0,4165.0,6103.0,572,448.0,2288.0,913.0,2988.0,5578,4.0,13.604463341760514,0.5588709262238566,0.001704573661227304,0.3072227993564698,9.785451620317168,21.14601700758446,15.45611583544013,3.5980326361755925,1.0022385658469317,6.194507009882786,15.638735922776371,11.306959319696622,20.2,38.0,58.2,0.12888866927143186,-1.362298322224776,2.5265548149850607,1.1666513445185014,17.5,5.228388876120432,9.89190530912434,0.0,0.010319466789243854,4.590834290967594,8.676892668352103,2.120257412089175,3.0217467248908294,4.356524936796139,9.379301310043669,13.747037462652264,1.2857504022063893,1.0022385658469317,5.147584463341761,2.063084348425649,6.747345437830384,12.551863939324292,111.05598712939555,100.80496437600551,,,,,,,,,,,,,,,,,,,,,,,,,,,,,,,,,,,0,0,0,0.053,0.0,0.0,1,2,0,0,0,0,0,0,0,0,0,0.0,0,0.0,0,0.0,0,0.0,0,0.012166666666666668,,,1978,1995,17,
Tree Rollins,rollitr01,85,235.0,1955-06-16,Clemson,1980,1995,1977-10-22T00:00:00Z,False,16,NBA,"ATL, CLE, DET, HOU, ORL",C,995,463.0,20.435175879396986,2.0522613065326634,3.9075376884422113,0.5252057613168725,0.0,0.007035175879396985,0.0,2.0522613065326634,3.900502512562814,0.5261530533367689,0.5252057613168725,0.8763819095477386,1.2391959798994976,0.7072181670721817,1.7587939698492463,3.879396984924623,5.63819095477387,0.5346733668341709,0.41105527638190953,2.080402010050251,0.8532663316582915,2.7366834170854273,4.9809045226130655,20333.0,2042,3888,0.0,7.0,2042.0,3881.0,872,1233,1750.0,3860.0,5610.0,532,409.0,2070.0,849.0,2723.0,4956,3.0,13.103875473368415,0.5591639699011459,0.0018237839964589584,0.3223231200511484,9.529489008016524,20.92872670043771,15.24452859882949,3.5673338907195205,0.9859981311169037,6.028097181921015,16.260182953818916,10.90034426793882,17.1,35.3,52.3,0.12394063837112083,-1.5516057640289183,2.50719519992131,0.9581517729798851,15.3,4.961264938769488,9.406954212364138,0.0,0.011041164609255891,4.961264938769488,9.387153887768651,2.1146805685339105,2.9835980917719964,4.234180888211282,9.34476466827325,13.588589976884867,1.2870456892735946,0.9859981311169037,5.008218167510943,2.0675552058230466,6.619834751389368,12.010278857030443,110.59091132641518,101.21270840505582,,,,,,,,,,,,,,,,,,,,,,,,,,,,,,,,,,,0,0,0,0.053,0.0,0.0,1,2,0,0,0,0,0,0,0,0,0,0.0,0,0.0,0,0.0,0,0.0,0,0.011230769230769232,,,1978,1995,18,
Rick Mahorn,mahorri01,82,240.0,1958-09-21,Hampton,1981,1997,1980-10-10T00:00:00Z,False,16,NBA,"WSB, DET, PHI, NJN, DET",PF,1042,613.0,23.93953934740883,2.9117082533589254,5.891554702495202,0.494217299234403,0.0047984644913627635,0.036468330134357005,0.13157894736842105,2.9069097888675626,5.855086372360844,0.49647598754302574,0.4946245316826845,1.4740882917466411,2.0882917466410746,0.7058823529411765,1.671785028790787,4.795585412667946,6.467370441458733,1.0220729366602688,0.5892514395393474,0.9587332053742802,1.356046065259117,3.218809980806142,7.302303262955854,24945.0,3034,6139,5.0,38.0,3029.0,6101.0,1536,2176,1742.0,4997.0,6739.0,1065,614.0,999.0,1413.0,3354.0,7609,0.0,11.730539186209661,0.5363228302264983,0.00620905993185007,0.35717755061134493,7.808202044497896,22.13876528362397,15.01138905592303,5.856628582882341,1.2062697935458009,2.3459009821607535,16.76714371617559,14.321731809981959,10.599999999999998,40.1,50.699999999999996,0.09756612547604732,-2.4471757867308077,1.2987051513329324,-1.1547123672078574,5.2,5.9663339346562445,12.050098216075366,0.0025255562236921225,0.07124473842453398,5.942517538584887,11.963535778713167,3.0253397474443777,4.272427340148327,3.4270916015233515,9.809957907396273,13.213842453397476,2.0759350571256765,1.2062697935458009,1.9509360593305274,2.770743635999198,6.557318099819603,14.942092603728202,103.48450591300862,102.60168370414912,0.0,0.0,0.0,0.0,100.0,0.8,-6.5,1.0,1.0,14.0,4.0,8.0,,13.0,2.0,6.0,11.099999999999998,0.37,0.185,0.278,0.148,0.018999999999999996,0.35,0.4,0.333,0.5,0.75,0.0,0.0,0.0,0.0,0.0,0.0,0.0,1,0,0,0.0208125,0.000125,0.0,0,1,1,0,0,0,1,0,0,0,0,0.0,0,0.0,0,0.0,0,0.0,0,0.0,,,1981,1999,16,0.981
Rick Mahorn,mahorri01,82,240.0,1958-09-21,Hampton,1982,1998,1980-10-10T00:00:00Z,False,16,NBA,"WSB, DET, PHI, NJN, DET",PF,1049,613.0,23.79027645376549,2.842707340324118,5.7664442326024785,0.49297404529674327,0.004766444232602479,0.03622497616777884,0.13157894736842105,2.837940896091516,5.7302192564347,0.49525869239727166,0.493387336749876,1.4604385128693995,2.068636796949476,0.7059907834101382,1.6587225929456626,4.746425166825548,6.405147759771211,1.005719733079123,0.5786463298379408,0.9170638703527169,1.34604385128694,3.186844613918017,7.150619637750238,24956.0,2982,6049,5.0,38.0,2977.0,6011.0,1532,2170,1740.0,4979.0,6719.0,1055,607.0,962.0,1412.0,3343.0,7501,0.0,11.567050008014105,0.5352984051931399,0.0062063231287065234,0.3593954960730887,7.834665010418336,22.124759576855265,15.017578938932521,5.810879147299247,1.1978562269594486,2.269874979964738,16.952812950793398,14.211896938611956,10.2,39.7,49.8,0.09590587433883636,-2.498280974515147,1.222567719185767,-1.2791192498797885,4.5,5.8820203558262545,11.912493989421382,0.0025244430197146977,0.07121333547042796,5.8582144574451025,11.825969706683765,3.0247996473793877,4.268901266228562,3.4417294438211252,9.810041673345086,13.228574290751725,2.0616044237858633,1.1978562269594486,1.8805738099054334,2.7763343484532776,6.572559705080942,14.775765347010738,103.28642410642732,102.74130469626543,0.0,0.0,0.0,6.878918918918919,93.12108108108109,5.615243243243243,2.1368648648648647,10.0,9.0,82.0,16.0,20.0,,44.0,4.0,22.0,9.112756756756756,0.4013372972972973,0.22703783783783782,0.2963437837837838,0.07080324324324323,0.0044778378378378374,0.5150940540540541,0.39006378378378376,0.37274486486486486,0.3723578378378379,0.7079621621621621,0.0,0.02980864864864865,4.0,0.0,0.0,0.0,0.0,1,0,0,0.0208125,0.000125,0.0,0,1,1,0,0,0,1,0,0,0,0,0.0,0,0.0,0,0.0,0,0.0,0,0.0,,,1981,1999,17,0.995522162162162
Rick Mahorn,mahorri01,82,240.0,1958-09-21,Hampton,1983,1999,1980-10-10T00:00:00Z,False,16,NBA,"WSB, DET, PHI, NJN, DET, PHI",PF,985,533.0,22.76040609137056,2.6121827411167513,5.330964467005076,0.4900019043991621,0.005076142131979695,0.03553299492385787,0.14285714285714285,2.6071065989847715,5.295431472081218,0.49233128834355827,0.49047800418967813,1.4081218274111675,1.9736040609137055,0.713477366255144,1.6223350253807107,4.50761421319797,6.12994923857868,0.9208121827411168,0.5634517766497462,0.8375634517766497,1.2751269035532995,3.0619289340101523,6.63756345177665,22419.0,2573,5251,5.0,35.0,2568.0,5216.0,1387,1944,1598.0,4440.0,6038.0,907,555.0,825.0,1256.0,3016.0,6538,0.0,11.304099201570097,0.5344875775012267,0.006433337793835587,0.3684773629510683,8.020214996208574,22.051692760604844,15.065373121013424,5.5319951826575675,1.2264775413711584,2.1855390516972215,17.212319907221552,13.855600160578081,9.2,34.800000000000004,43.900000000000006,0.09396498505731746,-2.6101565636290647,1.1119452250323385,-1.4901199875105937,2.8000000000000003,5.6683348945091225,11.545514964985058,0.0028101164191087916,0.06738926803158037,5.6418350506267,11.46108211784647,3.0536241580802,4.272166465944066,3.5273651813194165,9.758535171060261,13.260078504839646,1.979164993978322,1.2264775413711584,1.798581560283688,2.7606405281234667,6.620964360587002,14.375739328248361,103.34689326018109,103.04018912529551,0.0,0.0,0.12072243346007605,12.80893536121673,87.0703422053232,3.0178707224334596,-0.47519011406844114,13.0,11.0,94.0,16.0,22.0,,48.0,4.0,24.0,9.207794676806083,0.36628707224334595,0.24659030418250952,0.2941292775665399,0.08905608365019012,0.003937262357414448,0.5132718631178708,0.39476425855513303,0.35189068441064636,0.3274058935361217,0.7190731939163498,0.0,0.026210076045627376,4.0,0.0,0.0,0.0,0.0,1,0,0,0.0208125,0.000125,0.0,0,1,1,0,0,0,1,0,0,0,0,0.0,0,0.0,0,0.0,0,0.0,0,0.0,,,1981,1999,18,0.9960627376425855
Eddie Johnson,johnsed03,79,215.0,1959-05-01,Illinois,1982,1998,1981-10-30T00:00:00Z,False,16,NBA,"KCK, SAC, PHO, SEA, CHH, IND, HOU",SF,1196,479.0,27.245819397993312,6.455685618729097,13.668896321070234,0.47229018840225107,0.4698996655518395,1.4030100334448161,0.33492252681764006,5.985785953177258,12.265886287625419,0.4880027266530334,0.489478835331539,2.6638795986622075,3.17056856187291,0.8401898734177216,1.4933110367892977,2.5451505016722407,4.038461538461538,2.1312709030100336,0.6178929765886287,0.1505016722408027,1.734113712374582,2.4740802675585285,16.04515050167224,32586.0,7721,16348,562.0,1678.0,7159.0,14670.0,3186,3792,1786.0,3044.0,4830.0,2549,739.0,180.0,2074.0,2959.0,19190,1.0,15.913005585220645,0.5317380777020807,0.10786089118026146,0.2318790584913767,6.188691462591297,10.495623887559075,8.371015159884614,12.123755600564659,1.0966948996501569,0.3154544896581354,10.331133001902657,25.266881482845392,46.9,18.799999999999997,65.7,0.09670229546430983,1.1327379856380038,-1.7724114650463387,-0.6798655864481679,11.100000000000001,11.345961455839932,24.04100227091389,0.8435800650586142,2.5383968575461853,10.491849260418585,21.516237034309214,4.680635855889032,5.579196587491561,2.6038053151660225,4.481421469342662,7.100457251580433,3.7174338673049774,1.0966948996501569,0.25629104523414964,3.03847664641257,4.359605351991653,28.21807831584116,108.72681519671025,111.14714908242803,0.0,8.559300873907615,87.16104868913858,4.2796504369538075,0.0,-1.3224719101123599,-3.472326258843113,67.0,13.0,79.0,10.0,64.0,,309.0,13.0,45.0,16.886017478152308,0.1696595921764461,0.06684186433624636,0.1313404078235539,0.2689180191427383,0.3632401165210154,0.5846412817311694,0.4387569704535996,0.37032209737827715,0.45685726175613817,0.7421186017478153,0.9675226799833541,0.0,0.0,0.1586412817311694,0.3865717852684145,0.0,0.0,0,0,0,0.0,0.00025,0.0,0,0,0,0,0,0,2,0,0,0,0,0.0,0,0.0,1,0.03842857142857143,0,0.0,0,0.0,,,1982,1999,16,0.6367598834789846
Eddie Johnson,johnsed03,79,215.0,1959-05-01,Illinois,1983,1999,1981-10-30T00:00:00Z,False,16,NBA,"KCK, SAC, PHO, SEA, CHH, IND, HOU",SF,1125,452.0,27.63288888888889,6.606222222222223,13.971555555555556,0.47283369385417995,0.49866666666666665,1.4826666666666666,0.3363309352517986,6.107555555555556,12.488888888888889,0.4890391459074733,0.4906794757602748,2.744,3.2382222222222223,0.8473785341751304,1.4737777777777779,2.535111111111111,4.0088888888888885,2.1697777777777776,0.6124444444444445,0.14755555555555555,1.759111111111111,2.446222222222222,16.455111111111112,31087.0,7432,15718,561.0,1668.0,6871.0,14050.0,3087,3643,1658.0,2852.0,4510.0,2441,689.0,166.0,1979.0,2752.0,18512,1.0,16.046968186058482,0.533880850516293,0.11227690031202753,0.23173889407147683,6.038160645929167,10.286563515295784,8.197722520667803,12.223656190690642,1.0714993405603628,0.3062662849422589,10.25141377424647,25.449007623765564,46.5,17.4,63.8,0.0985549264966063,1.2506385305754817,-1.8177212339563162,-0.6042750989159456,11.1,11.454534049602728,24.246858815582076,0.8842570849551259,2.6478946183292047,10.56411683340303,21.618132981632193,4.7550583845337275,5.623749477273458,2.5341654067616686,4.408196352172935,6.958326631711005,3.732508765722006,1.0714993405603628,0.24912986135683726,3.042069032071284,4.257844114903335,28.555296426158847,109.13603757197542,111.29890307845723,0.0,8.495662949194548,86.84758364312268,4.656753407682776,0.0,-1.4873605947955393,-3.6427922346137964,69.0,13.0,81.0,10.0,64.0,,311.0,13.0,46.0,16.856381660470877,0.1701156546881454,0.06691738950846758,0.13208137133415945,0.26978108219743907,0.3611119372160264,0.5877294506402313,0.43549483684427914,0.36756877323420073,0.45792152003304415,0.7440359355638166,0.9603292028087567,0.0,0.0,0.16489673688558448,0.38369764560099134,0.0,0.0,0,0,0,0.0,0.00025,0.0,0,0,0,0,0,0,2,0,0,0,0,0.0,0,0.0,1,0.03586666666666667,0,0.0,0,0.0,,,1982,1999,17,0.6388880627839736
Alton Lister,listeal01,84,240.0,1958-10-01,Arizona State,1982,1998,1981-10-30T00:00:00Z,False,16,NBA,"MIL, SEA, GSW, MIL, BOS, POR",C,953,582.0,19.900314795383,2.6379853095487933,5.14900314795383,0.5123293254534339,0.001049317943336831,0.00944386149003148,0.1111111111111111,2.6369359916054567,5.139559286463799,0.5130665577786852,0.5124312207051152,1.3315844700944386,2.230849947534103,0.59689557855127,1.9349422875131164,4.356768100734523,6.291710388247639,0.9590766002098636,0.3683105981112277,1.545645330535152,1.521511017838405,3.3357817418677858,6.6086044071353625,18965.0,2514,4907,1.0,9.0,2513.0,4898.0,1269,2126,1844.0,4152.0,5996.0,914,351.0,1473.0,1450.0,3179.0,6298,0.0,12.85859741629317,0.5365774321117848,0.001996625362509887,0.44191236488267865,10.90006327445294,24.44652254152386,17.699435802794625,6.429306617453203,0.8883944107566569,4.638560506195623,19.956388083311364,15.654674400210917,5.4,31.099999999999998,36.6,0.09269106248352228,-2.6621302399156344,1.2711310308462958,-1.357310835750066,3.0,6.35462694437121,12.422124967044555,0.0,0.025520696018982336,6.345072501977326,12.377395201687317,3.2065752702346426,5.378233588188769,4.686348536778276,10.542757711573953,15.222683891378857,2.303928288953335,0.8883944107566569,3.7289849723174266,3.677337200105458,8.076936461903507,15.929064065383603,101.65415238597416,102.3108357500659,0.0,0.0,0.0,0.0,100.0,-11.853571428571428,-5.060714285714286,17.0,1.0,54.0,9.0,11.0,,31.0,1.0,8.0,10.110000000000001,0.4760642857142857,0.2570571428571429,0.17536428571428572,0.09151428571428571,0.0,0.2598428571428571,0.6085071428571429,0.35475,0.6931642857142858,0.5154428571428572,0.0,0.023957142857142854,2.0,0.0,0.0,0.0,0.0,0,0,0,0.0,0.0,0.0,0,0,0,0,0,0,0,0,0,0,0,0.0004375,0,0.0,0,0.0,0,0.0,0,0.0,,,1982,1998,16,1.0
Danny Schayes,schayda01,83,235.0,1959-05-10,Syracuse,1982,1997,1981-10-30T00:00:00Z,False,16,NBA,"UTA, DEN, MIL, LAL, PHO, MIA, ORL",C,1045,393.0,19.67464114832536,2.70622009569378,5.577033492822967,0.4852436513383665,0.003827751196172249,0.028708133971291867,0.13333333333333333,2.7023923444976075,5.548325358851675,0.4870645050017247,0.48558682223747424,2.570334928229665,3.1904306220095693,0.8056388722255549,1.6449760765550239,3.536842105263158,5.181818181818182,1.1971291866028708,0.5023923444976076,0.7703349282296651,1.4382775119617226,3.1473684210526316,7.986602870813397,20560.0,2828,5828,4.0,30.0,2824.0,5798.0,2686,3334,1719.0,3696.0,5415.0,1251,525.0,805.0,1503.0,3289.0,8346,1.0,13.661619649805445,0.5683334143968871,0.005025972762645914,0.5766006322957198,8.749990272373541,19.949523346303504,14.183861867704278,7.893925097276265,1.1866926070038912,2.2829182879377434,16.92762159533074,17.051011673151752,23.7,23.1,46.599999999999994,0.1091929961089494,-1.9180544747081714,0.020515564202334618,-1.8915564202334632,0.6000000000000001,6.379192607003891,13.182670233463032,0.01333171206225681,0.06011186770428016,6.365860894941634,13.114513618677044,6.029372568093385,7.499421206225681,3.8827091439688717,8.343667315175097,12.225739299610895,2.820875486381323,1.1866926070038912,1.8089980544747082,3.3813813229571985,7.411750972762646,18.794285019455252,109.96916342412452,106.77198443579766,0.0,0.0,0.0,13.0,87.0,-1.6,-0.4,10.0,5.0,36.0,3.0,22.0,,30.0,3.0,11.0,13.0,0.367,0.108,0.092,0.425,0.008,0.432,0.154,0.364,0.431,0.702,0.0,0.008,1.0,0.0,0.0,0.0,0.0,0,0,0,0.0,0.0,0.0,0,0,0,0,0,0,0,0,0,0,0,0.0,0,0.0,0,0.0,0,0.0,0,0.0,,,1982,1999,16,0.9919999999999999
Danny Schayes,schayda01,83,235.0,1959-05-10,Syracuse,1983,1998,1981-10-30T00:00:00Z,False,16,NBA,"UTA, DEN, MIL, LAL, PHO, MIA, ORL",C,1037,406.0,19.48794599807136,2.6335583413693344,5.4725168756027,0.4812334801762115,0.003857280617164899,0.027965284474445518,0.13793103448275862,2.62970106075217,5.4445515911282545,0.48299681190223165,0.4815859030837004,2.547733847637416,3.1513982642237224,0.8084455324357405,1.6248794599807137,3.4185149469623917,5.043394406943105,1.1080038572806172,0.49469623915139826,0.7386692381870781,1.3625843780135005,3.0655737704918034,7.81870781099325,20209.0,2731,5675,4.0,29.0,2727.0,5646.0,2642,3268,1685.0,3545.0,5230.0,1149,513.0,766.0,1413.0,3179.0,8108,1.0,13.5248701073779,0.5656285318422485,0.0049526448612004555,0.5784700875847395,8.773214904250581,19.55211044584096,14.002785887475877,7.477079519026176,1.1973130783314365,2.2494136275916667,16.408486317977136,16.946840516601515,23.9,23.2,46.9,0.11185758820327575,-1.985214508387352,0.03172348953436585,-1.9474046217032017,0.30000000000000027,6.333465287743085,13.228373496956799,0.013563263892325202,0.06115592062942254,6.3199020238507595,13.159033104062548,6.077208174575683,7.531327626305112,3.917353654312435,8.210510168736702,12.119184521747737,2.6521549804542532,1.1973130783314365,1.759884210005443,3.2584244643475677,7.371146518877728,18.75881043099609,110.12494433173339,106.41857588203275,0.0,0.0,0.0,3.8741721854304636,96.12582781456953,-1.5999999999999999,0.37218543046357616,31.0,19.0,124.0,13.0,65.0,,121.0,9.0,40.0,13.07019867549669,0.3024172185430464,0.10027814569536424,0.11095364238410596,0.48396688741721855,0.0023841059602649007,0.5211523178807947,0.2796556291390728,0.31556291390728475,0.39941059602649004,0.7300794701986755,0.0,0.004490066225165563,2.0,0.0,0.0,0.0,0.0,0,0,0,0.0,0.0,0.0,0,0,0,0,0,0,0,0,0,0,0,0.0,0,0.0,0,0.0,0,0.0,0,0.0,,,1982,1999,17,0.997615894039735
Danny Schayes,schayda01,83,235.0,1959-05-10,Syracuse,1984,1999,1981-10-30T00:00:00Z,False,16,NBA,"DEN, MIL, LAL, PHO, MIA, ORL",C,974,357.0,18.550308008213552,2.4640657084188913,5.087268993839836,0.4843592330978809,0.004106776180698152,0.028747433264887063,0.14285714285714285,2.459958932238193,5.058521560574949,0.4862999797036736,0.4847628657921292,2.484599589322382,3.060574948665298,0.8118081180811808,1.5277207392197125,3.204312114989733,4.732032854209446,0.973305954825462,0.4722792607802875,0.6878850102669405,1.1991786447638604,2.953798767967146,7.416837782340862,18068.0,2400,4955,4.0,28.0,2396.0,4927.0,2420,2981,1488.0,3121.0,4609.0,948,460.0,670.0,1168.0,2877.0,7224,0.0,13.612984281602833,0.5704573832189506,0.005413106043834403,0.5993952844808501,8.68146446756697,19.539179765330974,13.924784148771309,6.9196922736329425,1.2159453176887316,2.246562984281603,15.677141908346247,16.64262785034315,24.1,21.0,44.9,0.11986617223821121,-1.9361301748948416,0.07024020367500551,-1.8590823555457163,0.7000000000000002,6.282886871817578,13.049988930706222,0.015170467124197477,0.06840270090768209,6.267716404693381,12.972431923843258,6.259331414655746,7.726964799645782,3.8972492804959042,8.15481514279389,12.042356652645562,2.47265330971884,1.2159453176887316,1.7345749391188843,3.048865397387647,7.517068851007307,18.84072393181315,111.79848350675226,106.57084348018597,0.0,0.0,0.0,3.9565217391304346,96.04347826086956,-0.8100255754475703,0.9447570332480818,32.0,22.0,135.0,17.0,66.0,,131.0,9.0,42.0,13.116265984654731,0.29792480818414324,0.1004772378516624,0.1078849104859335,0.49143017902813296,0.0022097186700767266,0.5144117647058823,0.28355754475703326,0.3290537084398977,0.3960158567774936,0.7431667519181586,0.0,0.004161636828644502,2.0,0.0,0.0,0.0,0.0,0,0,0,0.0,0.0,0.0,0,0,0,0,0,0,0,0,0,0,0,0.0,0,0.0,0,0.0,0,0.0,0,0.0,,,1982,1999,18,0.9977902813299232
Buck Williams,willibu01,80,215.0,1960-03-08,Maryland,1982,1997,1981-10-30T00:00:00Z,False,16,NBA,"NJN, POR, NYK",PF,1266,1134.0,32.95892575039495,4.999210110584518,9.093206951026856,0.549774148714385,0.0039494470774091624,0.023696682464454975,0.16666666666666666,4.995260663507109,9.069510268562402,0.5507751262846194,0.5499913134120917,3.095576619273302,4.666666666666667,0.663337846987136,3.513428120063191,6.6240126382306475,10.137440758293838,1.283570300157978,0.839652448657188,0.8570300157977883,2.169036334913112,3.296998420221169,13.097946287519747,41726.0,6329,11512,5.0,30.0,6324.0,11482.0,3919,5908,4448.0,8386.0,12834.0,1625,1063.0,1085.0,2746.0,4174.0,16582,0.0,15.395252360638452,0.5875209941043954,0.0024968365048171405,0.5105266021185831,11.815366917509465,22.84089296841298,17.244715525092268,5.466848008435988,1.2288597037818145,1.5960000958634903,16.119745482433014,16.446783779897427,57.400000000000006,60.6,118.0,0.13567545415328572,0.034587547332598396,0.006911757657096286,0.046707089105114306,21.5,7.26060010544984,13.211031491156593,0.004007093898288837,0.03178833341321958,7.2565930115515505,13.156954896227772,4.501116809663039,6.765740785121986,5.113742031347361,9.607149019795811,14.727836361021906,1.8587571298470977,1.2288597037818145,1.2494439917557398,3.1432679863873845,4.814669510616882,19.015954081388106,113.08009394622059,104.08416814456214,0.0,0.0,4.0,87.0,8.0,6.7,4.0,21.0,13.0,87.0,19.0,83.0,,122.0,15.0,24.0,7.3,0.613,0.264,0.083,0.037,0.0030000000000000005,0.575,0.488,0.37,0.667,0.64,0.0,0.083,25.0,0.0,0.0,0.0,0.0,0,0,3,0.134875,0.028125,0.0568125,2,4,9,0,1,0,6,1,0,1,0,0.0039375,1,0.478,0,0.0,0,0.0,0,0.0028666666666666662,,,1982,1998,16,0.997
Buck Williams,willibu01,80,215.0,1960-03-08,Maryland,1983,1998,1981-10-30T00:00:00Z,False,16,NBA,"NJN, POR, NYK",PF,1225,1058.0,32.35836734693878,4.808979591836735,8.8,0.5464749536178107,0.004081632653061225,0.0236734693877551,0.1724137931034483,4.804897959183673,8.776326530612245,0.547483954980932,0.5467068645640074,3.0440816326530613,4.564081632653061,0.6669647648005723,3.4114285714285715,6.394285714285714,9.805714285714286,1.2563265306122449,0.8130612244897959,0.8293877551020408,2.0808163265306123,3.250612244897959,12.666122448979593,39639.0,5891,10780,5.0,29.0,5886.0,10751.0,3729,5591,4179.0,7833.0,12012.0,1539,996.0,1016.0,2549.0,3982.0,15516,0.0,15.20900375892429,0.585905446656071,0.002557027170211156,0.5149287065768562,11.69566083907263,22.467965892176895,16.997570574434267,5.455473145134842,1.2179873357047353,1.5886626806932567,15.988198491384747,16.274419132672367,54.7,56.5,111.2,0.13449945760488408,-0.04512979641262392,0.016584676707283228,-0.023063144882565147,19.8,7.139491409975026,13.07800398597341,0.004218068064280128,0.033461994500365806,7.135273341910746,13.021080249249476,4.5237770882211965,6.762655465576832,5.084737253714776,9.486629329700547,14.571550745477941,1.856265294280885,1.2179873357047353,1.235931784353793,3.0829460884482454,4.861666540528269,18.80505058149802,113.24226140921819,104.29920028255002,0.0,0.0,3.008952551477171,80.0626678603402,16.25872873769024,5.411638316920323,2.711638316920322,32.0,22.0,130.0,26.0,115.0,,169.0,20.0,35.0,7.200895255147716,0.5921880035810206,0.26994628469113696,0.10216025067144135,0.0336965085049239,0.0020089525514771713,0.5905264100268576,0.4367958818263205,0.3736338406445837,0.6118316920322292,0.6224914950760967,0.0,0.06450044762757386,29.0,0.0,0.0,0.0,0.0,0,0,2,0.13487500000000002,0.028124999999999997,0.0,2,4,9,0,1,0,6,0,0,0,0,0.003875,0,0.0,0,0.0,0,0.0,0,0.0026875,,,1982,1998,17,0.9979910474485227
Herb Williams,willihe01,83,260.0,1958-02-16,Ohio State,1982,1997,1981-10-30T00:00:00Z,False,16,NBA,"IND, DAL, NYK, TOR, NYK",C,1069,607.0,26.44714686623012,4.691300280636108,10.037418147801684,0.467381174277726,0.007483629560336763,0.07857811038353602,0.09523809523809523,4.683816651075772,9.958840037418147,0.4703174901371407,0.4677539608574091,1.7390084190832553,2.4929840972871844,0.697560975609756,1.510757717492984,4.545369504209542,6.056127221702526,1.7324602432179608,0.5603367633302152,1.4911131898971002,1.7979420018709074,2.656688493919551,11.129092609915809,28272.0,5015,10730,8.0,84.0,5007.0,10646.0,1859,2665,1615.0,4859.0,6474.0,1852,599.0,1594.0,1922.0,2840.0,11897,0.0,13.677447651386531,0.49624497736276174,0.007917515563101302,0.24535558149405773,6.26211092246746,18.893385681946803,12.550042444821731,9.730970571590266,1.0313879456706283,3.369022354272779,13.803685625353708,20.401301641199773,-1.1999999999999997,36.8,35.8,0.060945140067911706,-1.570235568760611,0.6722516977928693,-0.9004385964912283,7.9,8.599798387096774,18.415800084889643,0.0020196661007357104,0.13826754385964912,8.58972481607244,18.2877688172043,3.169478636106395,4.551627051499716,2.7812181663837015,8.356313667232598,11.126075268817205,3.144358375778155,1.0313879456706283,2.735625353706848,3.276439586870402,4.930118138087153,20.385660724391624,98.12991652518393,105.11806734578381,0.0,0.0,0.0,6.0,94.0,-12.0,-17.0,2.0,1.0,12.0,0.0,1.0,,11.0,0.0,2.0,11.0,0.152,0.326,0.4129999999999999,0.087,0.022,0.42899999999999994,0.6,0.158,0.75,0.833,0.0,0.0,0.0,0.0,0.0,0.0,0.0,0,0,0,0.0,0.0,0.0028125,0,0,0,0,0,0,0,0,0,1,0,0.0,0,0.0,0,0.0,0,0.0,0,0.0,,,1982,1999,16,0.978
Herb Williams,willihe01,83,260.0,1958-02-16,Ohio State,1983,1998,1981-10-30T00:00:00Z,False,16,NBA,"IND, DAL, NYK, TOR, NYK",C,1014,532.0,25.81163708086785,4.562130177514793,9.782051282051283,0.4663776590382095,0.005917159763313609,0.07593688362919132,0.07792207792207792,4.556213017751479,9.706114398422091,0.4694167852062589,0.4666801088819437,1.7100591715976332,2.45069033530572,0.6977867203219316,1.4260355029585798,4.390532544378698,5.816568047337278,1.693293885601578,0.5443786982248521,1.4053254437869822,1.7652859960552267,2.6370808678500985,10.840236686390533,26173.0,4626,9919,6.0,77.0,4620.0,9842.0,1734,2485,1446.0,4452.0,5898.0,1717,552.0,1425.0,1790.0,2674.0,10992,0.0,13.415156841019371,0.4949891491231422,0.007856493332823901,0.24715779620219305,6.078133954838957,18.69641615405189,12.370396973980819,9.735467848546211,1.0306460856607955,3.274240629656516,13.863095556489514,20.41605853360333,-2.2,33.3,31.400000000000002,0.05767279257249837,-1.6982310014136708,0.6307492454055705,-1.0708134336912085,6.2,8.569999617926872,18.39842203797807,0.0021816375654300233,0.140656401635273,8.567817980361442,18.268822832690176,3.190807320521148,4.5849845260382835,2.6946127688839647,8.273690444351049,10.956607954762543,3.143693883009208,1.0306460856607955,2.6434646391319294,3.2971077064150083,5.022137317082489,20.348721965384172,97.77732778053719,105.42792190425247,0.0,0.0,0.0,4.524861878453039,95.47513812154696,-10.229834254143645,-14.393922651933703,2.0,3.0,34.0,1.0,3.0,,20.0,0.0,3.0,11.098342541436464,0.12298895027624308,0.302889502762431,0.4385690607734807,0.12437016574585635,0.01118232044198895,0.5868397790055248,0.5508287292817678,0.20323756906077348,0.6619834254143646,0.86053591160221,0.0,0.02311049723756906,1.0,0.0,0.0,0.0,0.0,0,0,0,0.0,0.0,0.0,0,0,0,0,0,0,0,0,0,0,0,0.0,0,0.0,0,0.0,0,0.0,0,0.0,,,1982,1999,17,0.988817679558011
Herb Williams,willihe01,83,260.0,1958-02-16,Ohio State,1984,1999,1981-10-30T00:00:00Z,False,16,NBA,"IND, DAL, NYK, TOR, NYK",C,942,458.0,25.15286624203822,4.2993630573248405,9.303609341825902,0.46211775445002284,0.006369426751592357,0.07430997876857749,0.08571428571428572,4.292993630573249,9.229299363057326,0.46514837819185645,0.46246006389776356,1.678343949044586,2.4065817409766455,0.6973974415527129,1.3779193205944797,4.270700636942675,5.648619957537155,1.5445859872611465,0.5286624203821656,1.3333333333333333,1.6592356687898089,2.596602972399151,10.28343949044586,23694.0,4050,8764,6.0,70.0,4044.0,8694.0,1581,2267,1298.0,4023.0,5321.0,1455,498.0,1256.0,1563.0,2446.0,9687,0.0,12.99077825609859,0.49222195492529747,0.00804212036802566,0.2533301257702372,6.07198446864185,18.598708533806025,12.353823752848822,9.184350468473033,1.0324174896598295,3.220380687093779,13.706600827213638,20.10298809825272,-3.9,31.5,28.0,0.056735671478011306,-1.9404068540558792,0.6740947075208914,-1.2698489068962608,4.4,8.341120114796995,18.072326327340257,0.002409892799864945,0.14476660757997803,8.33871022199713,17.950379842998224,3.232413269182071,4.645184434878028,2.686599983118089,8.308483160293745,10.982164260994344,2.963513969781379,1.0324174896598295,2.595986325652064,3.2013505528825856,5.106862496834641,19.934443318983707,97.44158858782814,105.25483244703301,0.0,0.0,0.0,7.570707070707071,92.42929292929293,-9.231313131313131,-13.261111111111113,2.0,4.0,35.0,2.0,4.0,,20.0,0.0,3.0,11.02979797979798,0.12316161616161615,0.3090808080808081,0.42237878787878785,0.13515656565656564,0.010222222222222223,0.6223131313131313,0.5608030303030302,0.1857878787878788,0.6480757575757575,0.8295808080808081,0.0,0.021126262626262625,1.0,0.0,0.0,0.0,0.0,0,0,0,0.0,0.0,0.0,0,0,0,0,0,0,0,0,0,0,0,0.0,0,0.0,0,0.0,0,0.0,0,0.0,,,1982,1999,18,0.9897777777777778
Tom Chambers,chambto01,82,220.0,1959-06-21,Utah,1982,1998,1981-10-31T00:00:00Z,False,16,NBA,"SDC, SEA, PHO, UTA, CHH, PHI",PF,1107,743.0,30.643179765130984,6.664859981933152,14.226738934056007,0.4684741888373865,0.2050587172538392,0.6684733514001807,0.30675675675675673,6.459801264679314,13.558265582655826,0.4764474648544207,0.4756809956187694,4.576332429990966,5.667570009033423,0.8074593560726809,1.7542908762420957,4.300813008130081,6.055103884372177,2.062330623306233,0.7994579945799458,0.5663956639566395,2.3026196928635954,3.3803071364046975,18.11111111111111,33922.0,7378,15749,227.0,740.0,7151.0,15009.0,5066,6274,1942.0,4761.0,6703.0,2283,885.0,627.0,2549.0,3742.0,20049,0.0,16.518327339189906,0.540955309238842,0.04522590059548376,0.3998830552443841,6.502210954542774,15.66914981427982,11.154472024055185,10.095071045339308,1.250734036908201,1.0984641235776194,12.123518660456341,25.43801957431755,46.7,32.3,79.0,0.11174264489122104,0.3124226165910029,-0.8917133423736807,-0.5983255704262721,12.0,10.411367254289253,22.22818524851129,0.31592476858675783,1.0389923943163728,10.093355344614116,21.196105772065327,7.157352160839573,8.837733624196686,2.737141088379223,6.733341194505041,9.473058781911444,3.2236070986380523,1.250734036908201,0.8760332527563234,3.595802134308119,5.3075408289605575,28.300495253817587,108.24450209303697,108.07708861505807,0.0,0.0,0.0,62.236559139784944,37.763440860215056,-29.137634408602153,-32.75268817204301,1.0,4.0,8.0,3.0,2.0,,8.0,0.0,5.0,11.866666666666665,0.5722903225806452,0.058010752688172046,0.11512903225806452,0.16889247311827957,0.08656989247311828,0.2565698924731183,0.0,0.22311827956989247,0.33064516129032256,0.821505376344086,0.8924731182795699,0.0,0.0,0.0,0.0,0.0,0.0,0,0,4,0.0,0.057749999999999996,0.0284375,0,0,0,0,2,2,3,0,0,1,0,0.0023125,0,0.0,0,0.0007142857142857143,0,0.0,0,0.0,,,1982,1998,16,0.9134301075268817
Terry Cummings,cummite01,81,220.0,1961-03-15,DePaul,1983,1998,1982-11-05T00:00:00Z,False,16,NBA,"SDC, MIL, SAS, MIL, SEA, NYK, PHI",PF,1111,815.0,29.243024302430243,7.005400540054006,14.425742574257425,0.4856180195919386,0.0387038703870387,0.1332133213321332,0.2905405405405405,6.966696669666967,14.292529252925293,0.48743623653882484,0.4869595058339053,2.891989198919892,4.102610261026102,0.7049144361562089,2.738973897389739,4.702970297029703,7.441944194419442,1.9000900090009,1.0765076507650766,0.5688568856885688,1.9036903690369036,3.234923492349235,16.941494149414943,32489.0,7783,16027,43.0,148.0,7740.0,15879.0,3213,4558,3043.0,5225.0,8268.0,2111,1196.0,632.0,2115.0,3594.0,18822,1.0,18.41937886669334,0.5198313275262397,0.009277847886977131,0.28222752316168553,10.625688694635107,18.17823878851304,14.389411800917232,10.501089599556774,1.7979131398319432,1.1924774539074765,10.521801225030009,25.73226014958909,44.400000000000006,43.599999999999994,88.3,0.1301647018991043,1.146344916741051,-0.4358182769552772,0.7008833759118471,22.2,11.68369602019145,24.097109791006186,0.05996491120071408,0.21873249407491765,11.626279663886239,23.869885191911106,4.816787220289944,6.829225276247345,4.583908399766074,7.885992181969282,12.482344793622458,3.1859860260395827,1.7979131398319432,0.9471144079534611,3.2019298839607253,5.459096925113116,28.251851395857056,108.00218535504325,104.8326202714765,0.0,0.0,0.0,56.73621460506706,43.26378539493294,1.3460506706408348,-2.866467958271237,42.0,19.0,123.0,10.0,84.0,,199.0,22.0,47.0,10.646795827123697,0.2696944858420268,0.20465275707898659,0.3139016393442623,0.2029925484351714,0.0077585692995529075,0.5654828614008942,0.3917138599105812,0.4187019374068554,0.5282563338301044,0.6899359165424739,0.4113263785394933,0.013645305514157975,9.0,0.0,0.0,0.0,0.0,0,0,2,0.0,0.049375,0.0625,0,0,0,0,1,1,4,1,0,1,0,0.0126875,1,0.811,0,0.0,0,0.0,0,0.0,,,1983,2000,16,0.9922414307004471
Terry Cummings,cummite01,81,220.0,1961-03-15,DePaul,1984,1999,1982-11-05T00:00:00Z,False,16,NBA,"SDC, MIL, SAS, MIL, SEA, NYK, PHI, GSW",PF,1091,746.0,28.385884509624198,6.677360219981669,13.879010082493126,0.4811121384229296,0.04032997250229148,0.13565536205316223,0.2972972972972973,6.637030247479377,13.743354720439964,0.48292650393490727,0.482565050851935,2.75160403299725,3.9046746104491294,0.7046948356807512,2.5985334555453714,4.531622364802933,7.130155820348304,1.8258478460128322,1.0201649862511457,0.5316223648029331,1.8047662694775435,3.1787351054078825,16.14665444546288,30969.0,7285,15142,44.0,148.0,7241.0,14994.0,3002,4260,2835.0,4944.0,7779.0,1992,1113.0,580.0,1969.0,3468.0,17616,1.0,17.988911492137298,0.5154606864929445,0.009716781297426457,0.27911731085924635,10.43737931479867,17.869918305402177,14.1715392812167,10.478245987923406,1.7716264651748523,1.1594400852465367,10.413339145597208,25.63424069230521,39.0,42.900000000000006,82.2,0.12713290710064903,0.8626658916981498,-0.3657108721624851,0.48683845135458037,19.4,11.550579611869935,24.051264167393203,0.06617262423714038,0.23273273273273273,11.49034518389357,23.809622525751557,4.752252252252252,6.742426297265007,4.51771448868223,7.888546611127257,12.419316090283832,3.1738609577319257,1.7716264651748523,0.920023249055507,3.149723917465853,5.579521456940811,27.93093415996642,107.36513933288127,104.54680486938551,0.0,0.0,0.3343253968253968,62.842261904761905,36.823412698412696,-0.140376984126984,-2.1421626984126987,65.0,34.0,185.0,19.0,131.0,,325.0,26.0,76.0,10.96547619047619,0.2463938492063492,0.20309722222222223,0.3169434523809524,0.22673214285714288,0.005833333333333334,0.5572976190476191,0.38646031746031745,0.40576289682539685,0.5101170634920635,0.6615396825396825,0.6081349206349206,0.013095238095238096,13.0,0.0,0.0,0.0,0.0,0,0,2,0.0,0.049375,0.0,0,0,0,0,1,1,4,0,0,0,0,0.011875,0,0.0,0,0.0,0,0.0,0,0.0,,,1983,2000,17,0.9941666666666668
Terry Cummings,cummite01,81,220.0,1961-03-15,DePaul,1985,2000,1982-11-05T00:00:00Z,False,16,NBA,"MIL, SAS, MIL, SEA, NYK, PHI, GSW",PF,1032,666.0,27.57751937984496,6.4186046511627906,13.39922480620155,0.47902805901070294,0.04263565891472868,0.14050387596899225,0.30344827586206896,6.375968992248062,13.258720930232558,0.48088869399985384,0.4806190338443737,2.5717054263565893,3.6540697674418605,0.703792097586847,2.477713178294574,4.410852713178294,6.888565891472868,1.815891472868217,1.001937984496124,0.5145348837209303,1.7228682170542635,3.143410852713178,15.4515503875969,28460.0,6624,13828,44.0,145.0,6580.0,13683.0,2654,3771,2557.0,4552.0,7109.0,1874,1034.0,531.0,1778.0,3244.0,15946,1.0,17.748137737174982,0.512578636683064,0.010369114546732257,0.2706418130709768,10.227146872803935,17.890917076598736,14.075702740688685,10.796619817287423,1.796971187631764,1.1688756148981025,10.357972593113143,25.504349964862968,33.5,41.4,75.1,0.1264624033731553,0.702266338721012,-0.2499051300070274,0.44135277582572024,17.5,11.477396345748419,24.002765284609982,0.07200632466619818,0.25325017568517216,11.411851721714688,23.73982080112438,4.593854532677442,6.526921995783557,4.454342937456079,7.9372101194659175,12.405758959943782,3.2564933239634577,1.796971187631764,0.9231869290231903,3.1072312016865777,5.702357695010542,27.62418833450457,106.77473647224174,103.92196064652143,0.0,0.0,0.760666277030976,63.79105786090006,35.44827586206897,-1.1475452951490355,-1.8464932787843369,75.0,40.0,213.0,25.0,145.0,,375.0,29.0,83.0,11.07416715371128,0.23483372296902397,0.20180654587960262,0.3221838106370543,0.23513734658094682,0.005154880187025132,0.5640087668030391,0.39280362361192284,0.39671858562244305,0.5034739918176505,0.6626399766218586,0.5374050263004091,0.011572180011689071,13.0,0.0,0.0,0.0,0.0,0,0,2,0.0,0.049375,0.0,0,0,0,0,1,1,4,0,0,0,0,0.011875,0,0.0,0,0.0,0,0.0,0,0.0,,,1983,2000,18,0.9948451198129749
Ricky Pierce,piercri01,76,205.0,1959-08-19,"Walla Walla Community College, Rice University",1983,1998,1982-11-05T00:00:00Z,False,16,NBA,"DET, SDC, MIL, SEA, GSW, IND, CHH, DEN, MIL",SG,969,269.0,24.422084623323013,5.563467492260062,11.27450980392157,0.4934553775743707,0.30546955624355004,0.9494324045407637,0.3217391304347826,5.257997936016512,10.325077399380804,0.5092453773113443,0.5070022883295194,3.4974200206398347,3.99484004127967,0.8754843709635753,0.891640866873065,1.4778121775025799,2.369453044375645,1.8844169246646028,0.7925696594427245,0.15170278637770898,1.499484004127967,2.283797729618163,14.929824561403509,23665.0,5391,10925,296.0,920.0,5095.0,10005.0,3389,3871,864.0,1432.0,2296.0,1826,768.0,147.0,1453.0,2213.0,14467,0.0,17.74549334460173,0.5719970420452145,0.0837381364884851,0.35546008873864354,4.168168180857807,7.000718360447919,5.596568772448763,12.411358546376505,1.6090386646946966,0.4036129304880625,10.352355799704204,25.046114515106698,54.8,17.5,72.1,0.14631772660046483,1.9276357489964082,-0.8305598985844074,1.1260215508134375,18.5,11.259370378195648,22.860654975702516,0.6405366575110923,1.941115571519121,10.636915275723643,20.907470948658357,7.097633636171562,8.094663004436931,1.7887344179167548,3.0020367631523346,4.790124656665962,3.8431185294739065,1.6090386646946966,0.30955841960701463,3.0426706106063803,4.606646946968096,30.244783435453197,115.4728924572153,110.21614198182971,5.48581560283688,91.51418439716312,2.5224586288416075,0.0,0.0,-4.438416075650118,-3.051891252955083,37.0,20.0,54.0,11.0,82.0,,248.0,15.0,49.0,13.934278959810873,0.21081205673758865,0.12371040189125294,0.25139243498817965,0.2494692671394799,0.16487706855791961,0.4566607565011821,0.4895260047281324,0.47702364066193853,0.43270567375886526,0.5348699763593381,0.9822695035460993,0.0,0.0,0.19718439716312056,0.5738770685579196,0.0,0.0,0,0,1,0.0,0.000625,0.0,0,0,0,0,0,0,3,0,0,0,0,0.0,0,0.0,2,0.10726666666666666,0,0.0,0,0.0,,,1983,1998,16,0.8351229314420805
Dale Ellis,ellisda01,79,205.0,1960-08-06,Tennessee,1984,1999,1983-10-29T00:00:00Z,False,16,NBA,"DAL, SEA, MIL, SAS, DEN, SEA",SF,1167,584.0,29.31790916880891,6.218508997429306,12.952870608397602,0.48008732468907117,1.4413024850042846,3.5698371893744643,0.40374459913586175,4.777206512425021,9.383033419023135,0.5091324200913242,0.5357237364382111,2.253641816623822,2.8723221936589547,0.7846062052505967,1.3024850042844902,2.2493573264781492,3.551842330762639,1.484147386461011,0.8234790059982862,0.15681233933161953,1.5004284490145672,2.0865467009425878,16.13196229648672,34214.0,7257,15116,1682.0,4166.0,5575.0,10950.0,2630,3352,1520.0,2625.0,4145.0,1732,961.0,183.0,1751.0,2435.0,18826,0.0,16.144204126965572,0.5671777050330273,0.28961387151458473,0.2157566493248378,5.041976968492429,8.78616063599696,6.920468229379786,8.145443385748525,1.4110598000818377,0.3309522417723739,9.395455076869117,22.69095107266031,65.7,18.4,84.1,0.11805950780382302,2.1467381773542993,-1.4673087040392823,0.6874115859005087,23.099999999999998,10.57664114105337,22.08635061670661,2.4924621499970776,6.1593645875957215,8.091041678844919,15.906301514000116,3.824267843572806,4.837937686327235,2.192266323727129,3.866417256093997,6.045384930145554,2.5413251885193193,1.4110598000818377,0.25206348278482493,2.5395773659905303,3.5619132518851933,27.500447185362717,114.08709884842462,111.50023382241187,0.0,23.143184421534936,75.33791523482245,1.3172966781214204,0.0,-1.141122565864833,-2.0321878579610533,114.0,42.0,128.0,28.0,158.0,,651.0,23.0,81.0,18.530355097365405,0.12546048109965635,0.039473081328751436,0.06701832760595647,0.31184536082474223,0.4555681557846506,0.6127640320733104,0.5452096219931272,0.34593699885452456,0.44384879725085913,0.8142680412371134,0.9557571592210767,0.0027124856815578468,6.0,0.2052176403207331,0.4202577319587629,0.0,0.0,0,0,1,0.0,0.015,0.0,0,0,0,0,0,1,3,0,0,0,0,0.0,0,0.0,0,0.0113125,1,0.030214285714285714,0,0.0,,,1984,2000,16,0.5444318442153494
Dale Ellis,ellisda01,79,205.0,1960-08-06,Tennessee,1985,2000,1983-10-29T00:00:00Z,False,16,NBA,"DAL, SEA, MIL, SAS, DEN, SEA, CHH, MIL",SF,1142,587.0,29.526269702276707,6.215411558669002,12.943957968476358,0.48017859558923015,1.4947460595446584,3.7101576182136604,0.40287939579891435,4.720665499124343,9.233800350262698,0.5112375533428165,0.537917737789203,2.234676007005254,2.8406304728546408,0.7866831072749692,1.2495621716287215,2.2101576182136604,3.459719789842382,1.479859894921191,0.8169877408056042,0.15236427320490367,1.4824868651488616,2.0683012259194395,16.160245183887916,33719.0,7098,14782,1707.0,4237.0,5391.0,10545.0,2552,3244,1427.0,2524.0,3951.0,1690,933.0,174.0,1693.0,2362.0,18455,0.0,16.052483762863666,0.5687387229751771,0.3025334084640707,0.21260093715709247,4.796838577656513,8.564438447166287,6.6871318841009515,8.089889973012248,1.3921735520033214,0.3201073578694505,9.321444882707079,22.49566119991696,65.5,17.6,83.1,0.11848921972774992,2.18497879533794,-1.472051365698864,0.7210267208398825,23.0,10.508778433524126,21.94332572140336,2.5702185711320027,6.361167294403749,7.9455232954713955,15.564310922625227,3.7681633500400373,4.756294670660458,2.090628429075595,3.7811263679231297,5.861401583676858,2.5187194163527984,1.3921735520033214,0.24320116254930454,2.493902547525134,3.5131854444081974,27.386820486965803,114.28126575521219,111.56834425694713,0.0,23.553558052434457,74.97138576779027,1.205992509363296,0.0,-0.67292883895131,-1.5900973782771533,123.0,44.0,136.0,33.0,163.0,,683.0,26.0,84.0,18.705228464419474,0.12018292134831461,0.038250187265917605,0.06929812734082397,0.3014656179775281,0.47022217228464414,0.6370338576779027,0.5413896629213483,0.35050501872659173,0.4401438202247191,0.8154283146067416,0.9594954307116105,0.002483295880149813,6.0,0.21491610486891385,0.4190530337078652,0.0,0.0,0,0,1,0.0,0.015,0.0,0,0,0,0,0,1,3,0,0,0,0,0.0,0,0.0,0,0.0113125,1,0.0282,0,0.0,,,1984,2000,17,0.5297778277153559
Derek Harper,harpede01,76,185.0,1961-10-13,Illinois,1984,1999,1983-10-29T00:00:00Z,False,16,NBA,"DAL, NYK, DAL, ORL, LAL",PG,1199,883.0,31.514595496246873,5.163469557964971,11.162635529608007,0.46256724447101016,0.8924103419516264,2.523769808173478,0.3536021150033047,4.271059216013344,8.638865721434529,0.4944004634099247,0.502540346682606,2.1301084236864054,2.8573811509591325,0.7454757734967893,0.5804837364470392,1.8248540450375312,2.4053377814845707,5.485404503753128,1.6321934945788157,0.2535446205170976,1.9466221851542953,2.2977481234361967,13.349457881567973,37786.0,6191,13384,1070.0,3026.0,5121.0,10358.0,2554,3426,696.0,2188.0,2884.0,6577,1957.0,304.0,2334.0,2755.0,16006,0.0,15.97364103106971,0.536529270100037,0.22879624728735512,0.2504153125496215,2.065394590589107,6.526051976922671,4.291232202403006,26.79532631133224,2.601151220028582,0.5021357116392314,13.773945376594506,19.696919493992485,53.3,33.4,86.8,0.11029997882813741,1.2481342296088498,0.511430159318266,1.7640819351082413,35.7,8.254075583549463,17.87665272852379,1.4559334144921399,4.087871169216111,6.822002858201451,13.789297623458424,3.39905785211454,4.556573863335627,0.9232096543693432,2.9322421002487693,3.833099560683851,8.763608214682687,2.601151220028582,0.40392208754565184,3.1128301487323347,3.6826920023289054,21.355544381516964,110.27687503308104,108.74972211930344,74.70280887841288,24.95128658416814,0.34590453741897464,0.0,0.0,-3.3258691809074836,-0.24578668238067164,191.0,30.0,116.0,19.0,70.0,,1609.0,14.0,27.0,16.73675112944412,0.21338518955018662,0.02977902180318209,0.09967157729326262,0.3508367707719505,0.3065474366529169,0.5892225495973286,0.36141347475937935,0.3222581025338833,0.42249970536240433,0.49296346493812615,0.7578901983893145,0.0024282066391671576,4.0,0.17170163032802988,0.36615065802396385,0.0,0.0,0,0,0,0.0721875,0.0005,0.0,0,2,7,0,0,0,3,0,0,0,0,0.0,0,0.0,0,0.0,0,0.0007142857142857143,0,0.0028125,,,1984,1999,16,0.6934525633470832
Mark West,westma01,82,230.0,1960-11-05,Old Dominion,1984,1999,1983-10-29T00:00:00Z,False,16,NBA,"DAL, MIL, CLE, PHO, DET, CLE, IND, ATL",C,1068,546.0,18.807116104868914,2.3623595505617976,4.067415730337078,0.5808011049723757,0.0,0.003745318352059925,0.0,2.3623595505617976,4.063670411985019,0.5813364055299539,0.5808011049723757,1.1217228464419475,1.9747191011235956,0.5680417259364627,1.6657303370786516,3.311797752808989,4.977528089887641,0.398876404494382,0.30337078651685395,1.3099250936329587,1.1254681647940075,2.9147940074906367,5.846441947565543,20086.0,2523,4344,0.0,4.0,2523.0,4340.0,1198,2109,1779.0,3537.0,5316.0,426,324.0,1399.0,1202.0,3113.0,6244,0.0,12.03760828437718,0.5914844170068705,0.0007617743702081052,0.49170785621826146,10.190580503833516,19.18744399083939,14.794130239968139,2.91138604002788,0.7926515981280494,4.23664243751867,18.587339440406254,13.536577715821963,14.1,27.7,41.7,0.09980986756945137,-2.6053519864582295,0.8693916160509809,-1.7402519167579407,1.1000000000000005,6.1174151150054765,10.568809120780642,0.0,0.01105745295230509,6.1174151150054765,10.557751667828338,2.9060937966743006,5.106561784327392,4.330518769292044,8.566314846161506,12.887812406651397,1.0339141690729863,0.7926515981280494,3.4044259683361546,2.923543761824156,7.596355670616349,15.13560191177935,107.93483023001096,104.78034451857015,0.0,0.0,0.0,7.5962891874600125,92.47088931541907,0.04056301983365358,-3.844593730006398,13.0,12.0,135.0,17.0,46.0,,75.0,7.0,32.0,6.36973768394114,0.511551503518874,0.44553678822776716,0.031259117082533594,0.012333333333333333,0.0,0.5769136276391554,0.4072258477287268,0.36813819577735124,0.38643634037108127,0.5864811260396673,0.0,0.1403736404350608,36.0,0.0,0.0,0.0,0.0,0,0,0,0.0,0.0,0.0,0,0,0,0,0,0,0,0,0,0,0,0.0,0,0.0,0,0.0,0,0.0007857142857142856,0,0.0,,,1984,2000,16,1.0
Mark West,westma01,82,230.0,1960-11-05,Old Dominion,1985,2000,1983-10-29T00:00:00Z,False,16,NBA,"MIL, CLE, PHO, DET, CLE, IND, ATL, PHO",C,1056,548.0,18.949810606060606,2.3797348484848486,4.0852272727272725,0.5825220213259156,0.0,0.003787878787878788,0.0,2.3797348484848486,4.081439393939394,0.5830626450116009,0.5825220213259156,1.1325757575757576,1.9839015151515151,0.5708830548926014,1.6723484848484849,3.347537878787879,5.019886363636363,0.39299242424242425,0.3077651515151515,1.3143939393939394,1.1325757575757576,2.9176136363636362,5.892045454545454,20011.0,2513,4314,0.0,4.0,2513.0,4310.0,1196,2095,1766.0,3535.0,5301.0,415,325.0,1388.0,1196.0,3081.0,6222,0.0,12.068627255009744,0.5931528159512269,0.0007646294538004099,0.4924943780920494,10.153015841287292,19.239343361151366,14.802643546049671,2.8578981560141923,0.7986807256009195,4.224721403228225,18.64429563739943,13.502673529558743,14.299999999999999,27.700000000000003,42.0,0.10080325820798561,-2.5893708460346807,0.8781320273849385,-1.7155464494528012,1.2999999999999998,6.116695817300484,10.536929688671231,0.0,0.011098895607415922,6.116695817300484,10.525830793063816,2.9125181150367303,5.092509119984008,4.315546449452801,8.596906701314278,12.904407575833291,1.0115736345010244,0.7986807256009195,3.390999950027484,2.9204587476887713,7.5499675178651735,15.140567687771727,108.0473239718155,104.69471790515216,0.0,0.0,0.0,7.476331360946745,92.58579881656804,-0.1428402366863902,-4.194437869822486,16.0,12.0,149.0,20.0,50.0,,80.0,7.0,36.0,6.221715976331361,0.5169207100591716,0.4433923076923077,0.028910059171597637,0.011406508875739645,0.0,0.5872153846153846,0.3766236686390532,0.3404733727810651,0.357396449704142,0.6025266272189349,0.0,0.13606213017751478,37.0,0.0,0.0,0.0,0.0,0,0,0,0.0,0.0,0.0,0,0,0,0,0,0,0,0,0,0,0,0.0,0,0.0,0,0.0,0,0.0007333333333333333,0,0.0,,,1984,2000,17,1.0
Charles Barkley,barklch01,78,252.0,1963-02-20,Auburn,1985,2000,1984-10-26T00:00:00Z,True,16,NBA,"PHI, PHO, HOU",PF,1073,1012.0,36.654240447343895,7.861136999068034,14.543336439888163,0.5405318808074335,0.5013979496738118,1.8825722273998136,0.26633663366336635,7.359739049394221,12.66076421248835,0.5813029076186971,0.5577699455302788,5.917054986020503,8.054986020503263,0.7345828994562074,3.9701770736253494,7.7222739981360675,11.692451071761417,3.928238583410997,1.5358807082945014,0.8275862068965517,3.146318732525629,3.0633737185461323,22.140726933830383,39330.0,8435,15605,538.0,2020.0,7897.0,13585.0,6349,8643,4260.0,8286.0,12546.0,4215,1648.0,888.0,3376.0,3287.0,23757,20.0,24.63824052885838,0.6115220188151538,0.12611688278667682,0.5586798372743452,12.523714721586575,23.70561912026443,18.19667937960844,17.4959649122807,2.086086956521739,1.3966259852529874,14.952766336130182,24.760737350622936,123.39999999999999,54.0,177.1,0.21625113145181793,5.364975845410628,0.7622578184591914,6.122484108822781,80.60000000000001,10.699150775489448,19.823882532418004,0.6919679633867276,2.5743300279684718,10.030444952962116,17.251769641495045,8.074202898550725,10.989488939740655,5.418749046529367,10.541477243834223,15.982079837274345,5.358077803203662,2.086086956521739,1.1210017798118486,4.2773201118738875,4.16584032545131,30.170348334604622,119.13760488176965,104.38471904398678,0.0,0.0,11.708346358236948,85.83760550171928,2.692560175054705,4.452485151609878,6.117802438261958,231.0,74.0,176.0,42.0,519.0,,1709.0,114.0,175.0,10.761753673022822,0.410757424195061,0.18098186933416693,0.1613508909034073,0.09112222569552986,0.15582416380118785,0.6635953422944671,0.4137794623319787,0.34625851828696463,0.45392810253204124,0.37303610503282275,0.5378166614567053,0.06398968427633636,130.0,0.2791301969365427,0.30035542356986555,7.0,1.0,0,0,11,0.0034999999999999996,0.4784375,0.0483125,0,0,2,5,10,8,14,1,0,1,1,0.15231250000000002,0,0.0,0,0.0,0,0.016666666666666666,0,0.0,,,1985,2000,16,0.8441758361988122
Antoine Carr,carran01,81,225.0,1961-07-23,Wichita State,1985,2000,1984-10-26T00:00:00Z,False,16,NBA,"ATL, SAC, SAS, UTA, HOU, VAN",PF,987,168.0,20.040526849037487,3.711246200607903,7.381965552178318,0.5027449903925336,0.0060790273556231,0.04660587639311044,0.13043478260869565,3.7051671732522795,7.335359675785208,0.5051104972375691,0.5031567389514137,1.8682877406281662,2.3951367781155017,0.7800338409475466,1.166160081053698,2.2624113475177303,3.4285714285714284,1.1003039513677813,0.3657548125633232,0.9371833839918946,1.2026342451874368,3.103343465045593,9.296859169199594,19780.0,3663,7286,6.0,46.0,3657.0,7240.0,1844,2364,1151.0,2233.0,3384.0,1086,361.0,925.0,1187.0,3063.0,9176,0.0,14.147901921132457,0.5502314964610718,0.006369868554095046,0.3235501516683519,6.742350859453994,12.761673407482306,9.79196157735086,8.708003033367037,0.9294691607684531,3.1106976744186046,12.530080889787664,20.94082406471183,21.8,20.3,42.099999999999994,0.1019999494438827,-1.3296612740141556,0.13372598584428713,-1.180060667340748,4.0,9.400010111223459,18.71041456016178,0.009555106167846309,0.1051567239635996,9.381976744186046,18.59261880687563,4.725374115267947,6.058351870576339,2.9550101112234577,5.720642062689586,8.64464105156724,2.7825581395348835,0.9294691607684531,2.366526794742164,3.0226390293225482,7.855252780586451,23.53028816986855,107.99732052578362,107.63124368048534,0.0,0.0,26.053785542994177,63.9571771154505,9.936964713943132,-1.963549160671463,-10.228982528263105,54.0,30.0,229.0,25.0,103.0,,299.0,25.0,51.0,11.220178143199725,0.21957279890373416,0.24024665981500512,0.23746454265159297,0.29917368961973273,0.003990407673860911,0.5706084275436795,0.43444946899623155,0.37989448441247003,0.48575779376498807,0.7150849606029462,0.0,0.04627475162726961,41.0,0.05207262761219596,0.0,0.0,0.0,0,0,0,0.0,0.0,0.0,0,0,0,0,0,0,0,0,0,0,0,0.0,0,0.0,0,0.0025,0,0.0,0,0.0,,,1985,2000,16,0.9960095923261391
John Stockton,stockjo01,73,170.0,1962-03-26,Gonzaga,1985,2000,1984-10-26T00:00:00Z,True,16,NBA,UTA,PG,1258,1054.0,32.21462639109698,4.77027027027027,9.21462639109698,0.5176846100759144,0.5802861685214626,1.5206677265500794,0.3815995818086775,4.1899841017488075,7.6939586645469,0.5445810517615456,0.5491718426501035,3.2186009538950717,3.90302066772655,0.824643584521385,0.6375198728139905,2.0333863275039747,2.670906200317965,10.961844197138316,2.260731319554849,0.20190779014308427,2.9022257551669317,2.666931637519873,13.339427662957075,40526.0,6001,11592,730.0,1913.0,5271.0,9679.0,4049,4910,802.0,2558.0,3360.0,13790,2844.0,254.0,3651.0,3355.0,16781,0.0,21.852006119528205,0.6102424122785373,0.16302139367319743,0.42528742042145773,2.400032078172038,7.038612248926615,4.815789863297637,50.80603069634308,3.528635937422889,0.4177096185165079,21.032448304791984,18.788168089621475,120.0,57.300000000000004,177.1,0.20996794650347925,4.975961111385283,2.058397078418793,7.034444554113409,92.3,7.523029659971376,14.4906800572472,0.9121378867887283,2.4147658293441245,6.563041010709174,12.064556087450033,5.048349207915906,6.113875043182155,0.9892093964368552,3.1878818536248335,4.1772244978532305,17.158409416177268,3.528635937422889,0.32781671026007997,4.5464689335241575,4.155857967724423,20.952196121008733,120.66934807284213,104.00811824507723,100.0,0.0,0.0,0.0,0.0,10.35658445788739,11.093648208469055,497.0,90.0,207.0,59.0,207.0,,5177.0,58.0,139.0,13.318962308050256,0.3371444858073523,0.09180246626337832,0.13448231735691016,0.2513282922289437,0.18557933922754768,0.6524329920893439,0.3763024662633783,0.4613697068403909,0.5145293159609121,0.451902745463006,0.6089683573755236,0.0,0.0,0.04176803164262448,0.42315193113075844,1.0,0.0,0,0,10,0.12181249999999999,0.33968750000000003,0.0028125,0,5,10,2,8,10,13,0,0,1,0,0.010125,0,0.0,0,0.0,0,0.012533333333333334,0,0.0014375,,,1985,2003,16,0.8144206607724523
John Stockton,stockjo01,73,170.0,1962-03-26,Gonzaga,1986,2001,1984-10-26T00:00:00Z,True,16,NBA,UTA,PG,1258,1131.0,32.93561208267091,4.906200317965024,9.467408585055644,0.5182199832073887,0.6271860095389508,1.616852146263911,0.387905604719764,4.279014308426073,7.850556438791733,0.5450587282300526,0.5513434089000839,3.2861685214626393,3.9705882352941178,0.8276276276276276,0.6597774244833068,2.108108108108108,2.767885532591415,11.19872813990461,2.279014308426073,0.20985691573926868,2.944356120826709,2.659777424483307,13.725755166931638,41433.0,6172,11910,789.0,2034.0,5383.0,9876.0,4134,4995,830.0,2652.0,3482.0,14088,2867.0,264.0,3704.0,3346.0,17267,0.0,22.18546810513359,0.6124667294185795,0.17001004030603625,0.41982277411724955,2.446938430719475,7.199440059855672,4.92223589892115,51.22023749185431,3.500489947626288,0.4346776723867449,20.82597446479859,18.921485289503533,127.39999999999999,57.6,184.8,0.21427154683464872,5.246356768759202,2.0252214418458716,7.2716626843337435,96.9,7.60805155310984,14.645519272077813,0.9695677358627183,2.518888325730698,6.59746578813989,12.115521444259405,5.074653054328675,6.126548886153548,1.0082084328916563,3.2574131730746028,4.265751936861922,17.24593922718606,3.500489947626288,0.3387782685299158,4.541855525788623,4.090686168030314,21.210759539497502,121.23008230154707,103.95008809403133,100.0,0.0,0.0,0.0,0.0,10.758537250977895,12.708587282816337,646.0,125.0,272.0,73.0,265.0,,6678.0,73.0,175.0,13.009560629491496,0.34038369871736557,0.08857482034021649,0.13263276630583096,0.2495123260256527,0.18937787683071047,0.6444888565450742,0.35966487764941324,0.451258892022196,0.5085266078413536,0.4447283726007459,0.6477877740380243,0.0,0.0,0.05577367415628127,0.48657072682616204,2.0,0.0,0,0,10,0.122875,0.3429375,0.0,0,5,11,2,8,10,14,0,0,0,0,0.0101875,0,0.0,0,0.0,0,0.01175,0,0.0014375,,,1985,2003,17,0.8106221231692895
John Stockton,stockjo01,73,170.0,1962-03-26,Gonzaga,1987,2002,1984-10-26T00:00:00Z,True,16,NBA,UTA,PG,1258,1175.0,33.43720190779014,5.043720190779014,9.713036565977742,0.5192732629511416,0.6454689984101749,1.6669316375198728,0.3872198378636147,4.398251192368839,8.04610492845787,0.5466311005730092,0.5525002045993944,3.3680445151033385,4.0627980922098565,0.828996282527881,0.6804451510333863,2.1542130365659777,2.834658187599364,11.24960254372019,2.2750397456279807,0.22098569157392686,2.976152623211447,2.6454689984101747,14.100953895071543,42064.0,6345,12219,812.0,2097.0,5533.0,10122.0,4237,5111,856.0,2710.0,3566.0,14152,2862.0,278.0,3744.0,3328.0,17739,0.0,22.406592335488778,0.6139047641688855,0.17214891593761886,0.4185393923545074,2.4936358881704073,7.30445273868391,4.996605173069608,51.3534352415367,3.468381513883606,0.4570582921262837,20.574876378851275,19.150870102700644,132.5,57.3,189.6,0.21654153195131226,5.394765119817421,1.9867416317991633,7.375489729935336,99.6,7.747235165462153,14.892744389501713,0.9855244389501713,2.560305724610118,6.725908139977177,12.315395587675923,5.157635983263598,6.2179535945226325,1.029486021300875,3.3037538037276533,4.33946842906048,17.169646253328263,3.468381513883606,0.3549971472042602,4.552027862305059,4.038624476987448,21.588809908710534,121.5336392164321,104.05784043362495,100.0,0.0,0.0,0.0,0.0,9.422730289844383,11.609329596577918,799.0,159.0,353.0,89.0,358.0,,8096.0,94.0,227.0,12.64818201932296,0.34598849472674975,0.08354561545836714,0.13686569806032892,0.26133793052585,0.1726526292499447,0.6432608599454237,0.35083368980013274,0.45575182535585224,0.5069129729331072,0.4370206504904491,0.6614537207758685,0.0,0.0,0.06471111438896673,0.4891121764141898,3.0,0.0,0,0,10,0.1239375,0.344,0.0,0,5,12,2,8,10,15,0,0,0,0,0.0101875,0,0.0,0,0.0,0,0.01175,0,0.0014375,,,1985,2003,18,0.8273473707500554
John Stockton,stockjo01,73,170.0,1962-03-26,Gonzaga,1988,2003,1984-10-26T00:00:00Z,True,16,NBA,UTA,PG,1258,1255.0,33.768680445151034,5.105723370429253,9.853736089030207,0.5181510164569216,0.6629570747217806,1.6995230524642289,0.3900841908325538,4.4427662957074725,8.154213036565977,0.5448430493273543,0.5517909002904162,3.4141494435612083,4.108903020667727,0.8309150706132714,0.6955484896661367,2.1788553259141494,2.874403815580286,11.217011128775834,2.2432432432432434,0.22257551669316375,2.990461049284579,2.6136724960254374,14.288553259141494,42481.0,6423,12396,834.0,2138.0,5589.0,10258.0,4295,5169,875.0,2741.0,3616.0,14111,2822.0,280.0,3762.0,3288.0,17975,0.0,22.480259410089218,0.6136299757538664,0.17347932016666276,0.41677293378216146,2.540380405357689,7.352072691320826,5.0530495986441,51.25232692262422,3.4132623996610247,0.4618535345213154,20.417047621289516,19.31318000988677,135.6,56.5,191.89999999999998,0.21698079141263152,5.480687836915327,1.864320519761776,7.339050399001906,100.2,7.808450836844708,15.047859042866225,1.0045902874226125,2.5931875426661333,6.768409406558225,12.437795720439725,5.210089216355547,6.271777971328359,1.048654692686142,3.327548786516325,4.382370942303618,17.064266377910123,3.4132623996610247,0.35543890209740825,4.558301358254279,3.984331818930816,21.7876132859396,121.53287351992655,104.09119371012923,100.0,0.0,0.0,0.0,0.0,8.887855248200076,10.832127068333964,929.0,192.0,412.0,104.0,421.0,,9409.0,110.0,263.0,12.61252368321334,0.3402430213464696,0.08145572817986611,0.13918384489074143,0.27364569912845776,0.16580598711633196,0.6351774030567133,0.3558863205759757,0.4606725401035746,0.4987358216496148,0.4460694076038903,0.6556414045724391,0.0,0.0,0.06805721864342554,0.4804753694581281,4.0,0.0,0,0,10,0.12393749999999999,0.344125,0.0,0,5,12,2,8,10,16,0,0,0,0,0.0101875,0,0.0,0,0.0,0,0.01175,0,0.0014375,,,1985,2003,19,0.8341940128836681
Kevin Willis,willike02,84,220.0,1962-09-06,Michigan State,1985,2001,1984-10-26T00:00:00Z,False,16,NBA,"ATL, MIA, GSW, HOU, TOR, DEN",PF,1219,875.0,29.447908121410993,5.526661197703035,11.302707136997538,0.4889679198722601,0.03281378178835111,0.1509433962264151,0.21739130434782608,5.493847415914684,11.151763740771123,0.492643813447109,0.4904195093627522,2.349466776045939,3.284659557013946,0.7152847152847153,3.1796554552912224,6.003281378178835,9.182936833470057,1.041017227235439,0.7235438884331419,0.5660377358490566,1.9442165709598032,3.14109926168991,13.43560295324036,35897.0,6737,13778,40.0,184.0,6697.0,13594.0,2864,4004,3876.0,7318.0,11194.0,1269,882.0,690.0,2370.0,3829.0,16378,0.0,15.895748948380087,0.5263418112934228,0.012908961751678414,0.29152491851686774,11.949533387191131,23.009780761623535,17.440159344792043,5.670610357411483,1.2309301612948156,1.2693149845390979,13.273092458979859,21.3570771930802,34.2,43.3,77.7,0.10358932501323231,-0.6422152268991838,-1.3481070841574505,-1.9793743209738976,-0.10000000000000012,9.45072847313146,19.37010613700309,0.055954536590801456,0.25015182327213975,9.409791904615984,19.108830821517117,4.037189737303953,5.627837980889768,5.43462684904031,10.263164052706356,15.708251385909685,1.7935008496531741,1.2309301612948156,0.9691199821712121,3.317686714767251,5.386433406691367,23.014619606095216,105.65813299161489,105.54595091511825,0.0,0.0,0.18216339372897905,30.88249972876207,68.93533687750895,-2.193414343061734,-4.739437995009222,140.0,136.0,319.0,115.0,420.0,,757.0,85.0,213.0,8.831007920147554,0.2999895844634914,0.3398280351524357,0.23432483454486275,0.11648139307800802,0.009193989367473147,0.6404825865248996,0.40151350764890964,0.34800737767169354,0.4020660735597266,0.6370258218509277,0.18216339372897905,0.06357090159487903,209.0,0.25708202235000543,0.25312053813605295,7.0,0.0,0,0,1,0.0165625,0.0149375,0.0028125,0,0,4,0,0,1,4,0,0,1,0,6.25e-05,0,0.0,0,0.0,0,0.019466666666666667,0,0.0,,,1985,2007,16,0.9908060106325268
Kevin Willis,willike02,84,220.0,1962-09-06,Michigan State,1986,2002,1984-10-26T00:00:00Z,False,16,NBA,"ATL, MIA, GSW, HOU, TOR, DEN, HOU",PF,1189,861.0,29.417157275021026,5.5004205214465935,11.246425567703954,0.4890816631767873,0.031959629941127,0.14802354920100924,0.2159090909090909,5.468460891505467,11.098402018502943,0.4927250682024856,0.4905025426263835,2.3633305298570226,3.2884777123633304,0.7186700767263428,3.19932716568545,6.027754415475189,9.22708158116064,1.048780487804878,0.736753574432296,0.5584524810765349,1.9402859545836837,3.112699747687132,13.396131202691338,34977.0,6540,13372,38.0,176.0,6502.0,13196.0,2810,3910,3804.0,7167.0,10971.0,1247,876.0,664.0,2307.0,3701.0,15928,0.0,16.05368384938674,0.5269157446321869,0.012683992337821998,0.29338965605969636,12.0412814135003,23.18892700917746,17.572015896160334,5.743485719186894,1.2620493467135545,1.2706664379449353,13.29437058638534,21.37020041741716,34.6,42.0,76.7,0.10501375189410184,-0.5812991394344856,-1.3467421448380363,-1.9117019755839553,0.4999999999999998,9.450690453726734,19.373050861995026,0.05232295508476999,0.2489979129142008,9.413780484318266,19.117740229293535,4.08146782171141,5.6618206249821315,5.495834405466449,10.360216713840524,15.866786745575663,1.811899248077308,1.2620493467135545,0.962889899076536,3.326357320524916,5.370137518941019,23.058346913686137,105.85484747119536,105.4845469880207,0.0,0.0,0.16653441777425115,28.23289029954374,71.600575282682,-2.6143820670501885,-4.49582424122198,153.0,147.0,353.0,125.0,460.0,,793.0,91.0,230.0,8.519480261852808,0.31594862130529655,0.3351239833366395,0.22657528268200752,0.11343721483832572,0.008748363419956356,0.6377814917675064,0.3956352906169411,0.3370247966673279,0.3861880579250149,0.6393401110890696,0.16653441777425115,0.06352192025391787,227.0,0.23502529260067448,0.23140368974409842,7.0,0.0,0,0,1,0.0165625,0.0149375,0.0,0,0,4,0,0,1,4,0,0,0,0,6.25e-05,0,0.0,0,0.0,0,0.01825,0,0.0,,,1985,2007,17,0.9912516365800436
Kevin Willis,willike02,84,220.0,1962-09-06,Michigan State,1987,2003,1984-10-26T00:00:00Z,False,16,NBA,"ATL, MIA, GSW, HOU, TOR, DEN, HOU, SAS",PF,1178,808.0,28.45246179966044,5.300509337860781,10.881154499151103,0.48712747698548914,0.03225806451612903,0.1460101867572156,0.22093023255813954,5.268251273344652,10.735144312393889,0.4907480626284991,0.4886097675144328,2.2826825127334467,3.166383701188455,0.720911528150134,3.0933786078098473,5.814091680814941,8.907470288624788,1.0407470288624787,0.7045840407470289,0.5432937181663837,1.8590831918505941,2.994057724957555,12.915959252971138,33517.0,6244,12818,38.0,172.0,6206.0,12646.0,2689,3730,3644.0,6849.0,10493.0,1226,830.0,640.0,2190.0,3527.0,15215,0.0,16.098687233344272,0.5251505803025331,0.0129566488647552,0.29203120804367927,12.063666199242176,23.16051854282901,17.568708416624396,5.924333920100247,1.2535340275084286,1.2931378106632456,13.201575319986873,21.444804129247846,33.4,40.0,73.6,0.105075215562252,-0.5951039770862547,-1.379270221081839,-1.9573231494465497,0.09999999999999987,9.460834800250618,19.465739773846106,0.054602142196497304,0.255488259689113,9.422317033147358,19.20366381239371,4.092415789002596,5.663857147119372,5.518089327803801,10.380800787659995,15.907587194557985,1.866658710505117,1.2535340275084286,0.9756541456574276,3.3125876420920726,5.375937583912641,23.08851627532297,105.78527314497121,105.42390428737656,0.0,0.0,0.15372642373191722,26.44607214795825,73.40020142830983,-2.9439846182017946,-5.411362387841055,164.0,161.0,392.0,147.0,497.0,,852.0,97.0,247.0,8.441073063541477,0.3206440212415308,0.3291155466031862,0.22653103827137888,0.11486485991576635,0.008690807544405786,0.6450277421717634,0.38851080388207293,0.34294488188976374,0.37456033693462737,0.6339303241164622,0.15372642373191722,0.06525068668741989,249.0,0.2554042299945065,0.21360666544588905,7.0,0.0,1,0,1,0.0165625,0.0149375,0.0,0,0,4,0,0,1,4,0,0,0,0,6.25e-05,0,0.0,0,0.0,0,0.0118125,0,0.0,,,1985,2007,18,0.9913091924555942
Kevin Willis,willike02,84,220.0,1962-09-06,Michigan State,1988,2004,1984-10-26T00:00:00Z,False,16,NBA,"ATL, MIA, GSW, HOU, TOR, DEN, HOU, SAS",PF,1145,727.0,27.304803493449782,5.044541484716158,10.449781659388647,0.482741328875888,0.032314410480349345,0.14759825327510917,0.21893491124260356,5.012227074235808,10.302183406113537,0.4865208545269583,0.4842875052235687,2.17117903930131,3.012227074235808,0.7207886343867788,2.9344978165938866,5.573799126637555,8.508296943231441,1.0262008733624455,0.6864628820960699,0.5135371179039301,1.789519650655022,2.8602620087336246,12.292576419213974,31264.0,5776,11965,37.0,169.0,5739.0,11796.0,2486,3449,3360.0,6382.0,9742.0,1175,786.0,588.0,2049.0,3275.0,14075,0.0,15.975083162743093,0.5209760427328557,0.01363789022517912,0.28938382804503576,11.949517016376664,23.23121801432958,17.540253966223133,6.12290174002047,1.278867067553736,1.2902091862845446,13.244687180143297,21.554599539406347,28.900000000000002,36.8,65.9,0.10086850690890481,-0.7457491044012283,-1.4187723899692937,-2.146241683725691,-1.4,9.414774181166838,19.54712128966223,0.05853697543500511,0.2666933213920164,9.373480680655067,19.273365532241556,4.067911975435004,5.634861182190378,5.475009595701127,10.402325358239509,15.886658776867963,1.919472876151484,1.278867067553736,0.9690794524053226,3.337404042988741,5.3727705987717504,22.97725498976458,105.02674002047083,105.371417604913,0.0,0.0,0.14864984506418769,25.60575475874281,74.24559539619301,-2.919415670650731,-5.612430278884462,172.0,172.0,418.0,157.0,513.0,,876.0,98.0,254.0,8.44962372731297,0.3203915891987605,0.3259414785303231,0.22786746347941567,0.11701584772023019,0.008634971226206286,0.6483291722000885,0.38793253652058435,0.34235227976980964,0.37318787073926507,0.6313898185037627,0.14864984506418769,0.06573776007082781,261.0,0.24696989818503765,0.20655263390880924,7.0,0.0,1,0,1,0.0056875,0.014562499999999999,0.0,0,0,3,0,0,1,3,0,0,0,0,6.25e-05,0,0.0,0,0.0,0,0.0078125,0,0.0,,,1985,2007,19,0.9913650287737937
Kevin Willis,willike02,84,220.0,1962-09-06,Michigan State,1990,2005,1984-10-26T00:00:00Z,False,16,NBA,"ATL, MIA, GSW, HOU, TOR, DEN, HOU, SAS, ATL",PF,1099,677.0,26.85805277525023,4.963603275705187,10.343949044585987,0.47985573539760734,0.03366696997270246,0.1537761601455869,0.21893491124260356,4.929936305732484,10.1901728844404,0.48379319582105546,0.4814831104855735,2.132848043676069,2.9363057324840764,0.7263712426402231,2.869881710646042,5.565969062784349,8.435850773430392,1.0518653321201092,0.6606005459508644,0.5040946314831665,1.7525022747952683,2.8098271155595995,12.093721565059145,29517.0,5455,11368,37.0,169.0,5418.0,11199.0,2344,3227,3154.0,6117.0,9271.0,1156,726.0,554.0,1926.0,3088.0,13291,0.0,16.022055086899076,0.5180480062336958,0.014488938577768742,0.2842047972354914,11.886726293322493,23.618941626859097,17.701548260324557,6.398478842700817,1.2551986990547819,1.3002100484466579,13.131656333638242,21.673347562421654,27.1,34.4,61.7,0.10015530033539993,-0.7679032421994106,-1.4540468204763357,-2.2014229088321984,-1.7000000000000002,9.431622454856521,19.701920926923467,0.062001558423959074,0.2859741843683301,9.387884947657282,19.41555036080903,4.069783514584816,5.5982823457668465,5.453626723583019,10.577690822238033,16.041193210692143,1.9998068909442015,1.2551986990547819,0.9684148118033675,3.3279635464308703,5.381373445810889,23.02579530440085,104.75844428634346,105.32164515364028,0.0,0.0,0.14425637941403902,25.203625741043044,74.65211787954291,-3.3237563364550224,-5.63866311538792,178.0,178.0,443.0,158.0,523.0,,898.0,99.0,259.0,8.397912191769052,0.3243996047770427,0.3231945184294183,0.22736893203883493,0.11586270298135579,0.009029985393934186,0.6450387490334221,0.3877276398316007,0.3369035999656328,0.37061096314116326,0.6279202680642667,0.14425637941403902,0.06610018042787182,268.0,0.23967050433886072,0.20044780479422633,8.0,0.0,1,0,1,0.0056875,0.014562499999999999,0.0,0,0,3,0,0,1,3,0,0,0,0,6.25e-05,0,0.0,0,0.0,0,0.0078125,0,0.0,,,1985,2007,20,0.9909700146060659
Kevin Willis,willike02,84,220.0,1962-09-06,Michigan State,1991,2007,1984-10-26T00:00:00Z,False,16,NBA,"ATL, MIA, GSW, HOU, TOR, DEN, HOU, SAS, ATL, DAL",PF,1023,626.0,26.67350928641251,4.9286412512218964,10.33822091886608,0.4767397881996974,0.03421309872922776,0.15835777126099707,0.21604938271604937,4.894428152492669,10.179863147605083,0.4807950835413866,0.4783944780635401,2.129032258064516,2.9159335288367547,0.7301374455246397,2.8377321603128056,5.602150537634409,8.439882697947214,1.075268817204301,0.6500488758553274,0.4965786901270772,1.7438905180840665,2.7761485826001957,12.020527859237538,27287.0,5042,10576,35.0,162.0,5007.0,10414.0,2178,2983,2903.0,5731.0,8634.0,1100,665.0,508.0,1784.0,2840.0,12297,0.0,16.03356176934071,0.5151675156668011,0.014923333455491627,0.2821840803312933,11.825891450141093,23.87570271557885,17.79972147909261,6.618851467731887,1.2450983985047825,1.3010151354124675,13.09180562172463,21.847337560010264,24.1,32.8,57.00000000000001,0.10025264778099462,-0.8446842818924764,-1.422307325832814,-2.2531168688386414,-1.9000000000000001,9.445824018763513,19.863161945248656,0.06706856744970131,0.2926851614321838,9.398512111994721,19.561718034228754,4.098112654377542,5.60991681020266,5.436779418770844,10.737581998753987,16.185044160222816,2.056840253600616,1.2450983985047825,0.9661487155055521,3.33731813684172,5.367940777659691,23.08193645325613,104.2152673434236,104.84025360061568,0.0,0.0,0.14372538948810135,25.28753638075672,74.56873822975518,-3.275449409347715,-5.612018489984591,179.0,178.0,447.0,159.0,524.0,0.0,900.0,99.0,259.0,8.396447526108544,0.3246226673514809,0.3228551617873652,0.22709887005649715,0.11628650915939052,0.008996747132340352,0.6448729669577127,0.3875261941448383,0.33566349940078755,0.370472521828454,0.6292898476288307,0.14372538948810135,0.06585687382297552,268.0,0.23878830679678137,0.1997099811676083,8.0,0.0,1,0,1,0.0056875,0.014562499999999999,0.0,0,0,3,0,0,1,3,0,0,0,0,6.25e-05,0,0.0,0,0.0,0,0.0078125,0,0.0,,,1985,2007,21,0.9910032528676598
Jerome Kersey,kerseje01,79,215.0,1962-06-26,Longwood University,1985,2000,1984-10-27T00:00:00Z,False,16,NBA,"POR, GSW, LAL, SEA, SAS",SF,1131,569.0,24.64367816091954,4.147656940760389,8.927497789566756,0.464593443597108,0.05128205128205128,0.2537577365163572,0.20209059233449478,4.096374889478338,8.673740053050398,0.4722731906218145,0.4674655838367832,2.0450928381962865,2.9602122015915118,0.6908602150537635,2.053050397877984,3.5119363395225465,5.56498673740053,1.8735632183908046,1.259946949602122,0.6993810786914235,1.394341290893015,3.0229885057471266,10.391688770999115,27872.0,4691,10097,58.0,287.0,4633.0,9810.0,2313,3348,2322.0,3972.0,6294.0,2119,1425.0,791.0,1577.0,3419.0,11753,1.0,14.901984070034443,0.5030729405855339,0.031040004305396093,0.32594521383467273,9.185512342135477,15.86103257749713,12.50947545924225,10.842989380022962,2.480690298507463,1.7861509758897818,12.021153846153846,19.225523823191736,26.1,42.9,69.1,0.11889455367393799,-0.5372022101033296,1.272000574052813,0.7264207807118255,19.2,8.090513777267509,17.460795780711827,0.08792695177956371,0.50976607347876,7.975800086107922,16.942027841561423,3.9557871699196325,5.73349239380023,4.015061710677382,6.890187284730195,10.90362012055109,3.6548794489092993,2.480690298507463,1.3615779276693454,2.73310490815155,5.94003659586682,20.19970938576349,106.56328932261768,103.15323622273249,0.0,0.6264470169189671,86.05899376669635,13.606188780053428,0.0,6.15006678539626,-0.8442341941228851,103.0,30.0,263.0,17.0,98.0,,538.0,20.0,49.0,14.401335707925199,0.2176912288512912,0.09930587711487088,0.11970614425645593,0.48140360641139807,0.08205276046304542,0.4712531166518255,0.3498352626892253,0.36675934995547643,0.43891696349065,0.7694748441674086,0.661979519145147,0.019710596616206586,22.0,0.15939692787177204,0.09757836153161176,2.0,0.0,1,0,0,0.0058125,0.000125,0.0,0,0,2,0,0,0,1,0,0,0,0,0.0,0,0.0,0,0.0,0,0.0042,0,0.0,,,1985,2001,16,0.9179472395369546
Jerome Kersey,kerseje01,79,215.0,1962-06-26,Longwood University,1986,2001,1984-10-27T00:00:00Z,False,16,NBA,"POR, GSW, LAL, SEA, SAS, MIL",SF,1076,571.0,25.23884758364312,4.223977695167286,9.102230483271375,0.46405962834388403,0.05390334572490706,0.2648698884758364,0.20350877192982456,4.1700743494423795,8.83736059479554,0.4718687559154485,0.46702062487237084,2.0483271375464684,2.95817843866171,0.6924285265472825,2.0771375464684017,3.6226765799256504,5.699814126394052,1.924721189591078,1.29182156133829,0.7156133828996283,1.4098513011152416,3.074349442379182,10.550185873605948,27157.0,4545,9794,58.0,285.0,4487.0,9509.0,2204,3183,2235.0,3898.0,6133.0,2071,1390.0,770.0,1517.0,3308.0,11352,1.0,14.870029826564055,0.5020656184409176,0.03170029826564053,0.31942316898037343,9.069786795301397,15.976573259196524,12.509467172368081,10.902146776153478,2.4881835254262255,1.7946827705563941,11.951434252678867,19.113690761129728,25.3,42.0,67.4,0.11901292484442316,-0.5419670803107854,1.3181205582354456,0.7675553264351732,19.0,8.061888279265014,17.417965901977393,0.09024192657510034,0.521449350075487,7.944154361674707,16.887277681629048,3.8740729830246345,5.604437161689436,3.9737121184225064,6.951791434989137,10.923831792907906,3.673910962182863,2.4881835254262255,1.363250727252642,2.7038111720734985,5.914865412232573,20.06150532091174,106.47177523290496,103.02459770961447,0.0,1.1074973600844773,85.9533262935586,13.215839493136219,0.0,5.91142555438226,-0.9497360084477297,107.0,31.0,279.0,17.0,103.0,,572.0,20.0,50.0,14.47311510031679,0.2117026399155227,0.09492798310454065,0.13214065469904965,0.48271721224920805,0.07856029567053854,0.47637212249208033,0.3318817317845829,0.3766764519535375,0.4369197465681097,0.7717085533262935,0.6280067581837382,0.018699049630411826,22.0,0.1512166842661035,0.09257064413938754,3.0,0.0,1,0,0,0.0058125,0.000125,0.0,0,0,2,0,0,0,1,0,0,0,0,0.0,0,0.0,0,0.0,0,0.0039375,0,0.0,,,1985,2001,17,0.9214397043294614
Hakeem Olajuwon,olajuha01,84,255.0,1963-01-21,Houston,1985,2000,1984-10-27T00:00:00Z,True,16,NBA,HOU,C,1119,1094.0,36.90705987488829,9.179624664879357,17.87756925826631,0.513471632091977,0.022341376228775692,0.10813226094727435,0.2066115702479339,9.15728328865058,17.769436997319033,0.5153389660028164,0.5140964758810297,4.694369973190349,6.558534405719392,0.7157650906117999,3.4066130473637175,8.167113494191241,11.57372654155496,2.609472743521001,1.8033958891867738,3.2636282394995533,3.117068811438785,3.6595174262734584,23.075960679177836,41299.0,10272,20005,25.0,121.0,10247.0,19884.0,5253,7339,3812.0,9139.0,12951.0,2920,2018.0,3652.0,3488.0,4095.0,25822,14.0,24.005532821617958,0.5550648683987506,0.005905542507082496,0.36723729388120774,10.412784813191601,23.883261095910306,17.367611806581273,12.362209738734594,2.40928836049299,5.459819850359573,13.077791229811858,27.571294704472262,66.69999999999999,88.9,155.5,0.18093430833676363,2.358495363083852,2.524434005665997,4.887781786483934,71.79999999999998,12.31506574009056,23.986931886970627,0.03284098888592944,0.15791181384537156,12.28899731228359,23.83981452335408,6.2983389428315455,8.761798106491682,4.515760672171239,10.969004092108769,15.472829850601707,3.5259352526695555,2.40928836049299,4.360354972275357,4.190912612896196,4.895702075110777,30.952841473159154,108.65313930119373,97.97324390421076,0.0,0.0,0.0,0.0,100.0,3.3645941514074886,3.266384257993987,250.0,166.0,367.0,33.0,430.0,,1307.0,99.0,178.0,9.560426345996174,0.26043386171085,0.3071951352828642,0.28674132276578296,0.134896419786827,0.010507515714676141,0.644325362120798,0.4809856518174365,0.42919691172451485,0.4215303361574201,0.7020221371959551,0.5725608089641979,0.045048783820716046,125.0,0.1537447389997267,0.1948619841486745,2.0,0.0,2,2,12,0.372,0.500625,0.0625,5,9,12,6,9,9,14,1,0,1,1,0.163125,0,0.263,0,0.0,0,0.0,2,0.12306249999999999,,,1985,2002,16,0.9894924842853239
Hakeem Olajuwon,olajuha01,84,255.0,1963-01-21,Houston,1986,2001,1984-10-27T00:00:00Z,True,16,NBA,HOU,C,1095,1067.0,36.465753424657535,9.021004566210046,17.639269406392692,0.5114159979290707,0.0228310502283105,0.11141552511415526,0.20491803278688525,8.998173515981735,17.52785388127854,0.5133642473818579,0.5120631633445508,4.600913242009132,6.379908675799086,0.7211565989121099,3.1926940639269406,8.138812785388128,11.331506849315069,2.631050228310502,1.8164383561643835,3.2146118721461185,3.045662100456621,3.554337899543379,22.665753424657535,39930.0,9878,19315,25.0,122.0,9853.0,19193.0,5038,6986,3496.0,8912.0,12408.0,2881,1989.0,3520.0,3335.0,3892.0,24819,14.0,24.089671925870274,0.5532882043576259,0.006185399449035813,0.36136754320060105,9.90404457801152,24.08007012271475,17.221329827197597,12.720415727523164,2.4679889807162536,5.487976458802906,12.96658402203857,27.648970698722763,63.800000000000004,86.6,150.3,0.1808747558226897,2.365594790884047,2.639832206361132,5.010445780115202,70.69999999999999,12.317150012521914,24.082384172301527,0.03396694214876034,0.16332582018532432,12.290187828700226,23.9302228900576,6.282707237665915,8.6758051590283,4.318820435762585,11.127610818933134,15.430217881292261,3.6121938392186324,2.4679889807162536,4.3705058852992735,4.165622339093413,4.847898822940144,30.938785374405214,108.30623591284748,97.60743801652893,0.0,0.0,0.0,0.0,100.0,3.126717815638046,2.540099289179736,277.0,190.0,445.0,43.0,499.0,,1468.0,113.0,204.0,9.427868667494076,0.268725600812366,0.28833453683854227,0.29236466207830303,0.1415386438000677,0.009024483809093988,0.6505441724021211,0.46041836849825124,0.4371813155816315,0.41394211892135846,0.6905131445334536,0.47275188987927336,0.0429484373237053,138.0,0.12694392417917183,0.16089360261762384,2.0,0.0,2,2,11,0.353,0.500625,0.0,5,8,12,6,9,9,14,0,0,0,1,0.16218749999999998,0,0.0,0,0.0,0,0.0,2,0.1230625,,,1985,2002,17,0.990975516190906
Hakeem Olajuwon,olajuha01,84,255.0,1963-01-21,Houston,1987,2002,1984-10-27T00:00:00Z,True,16,NBA,"HOU, TOR",C,1088,1036.0,35.69944852941177,8.682904411764707,17.045036764705884,0.5094095443515773,0.02297794117647059,0.11397058823529412,0.20161290322580644,8.659926470588236,16.931066176470587,0.5114814613756039,0.5100835804799138,4.354779411764706,6.0036764705882355,0.7253521126760564,2.9972426470588234,8.025735294117647,11.022977941176471,2.582720588235294,1.7729779411764706,3.1056985294117645,2.9761029411764706,3.463235294117647,21.743566176470587,38841.0,9447,18545,25.0,124.0,9422.0,18421.0,4738,6532,3261.0,8732.0,11993.0,2810,1929.0,3379.0,3238.0,3768.0,23657,13.0,23.738894467186736,0.5501908292783398,0.00653621173502227,0.3498579593728277,9.547382920110193,24.317149403980327,17.1608712443037,12.852763832033162,2.4812826652248914,5.485407172832832,13.195908962179141,27.447429262892307,57.7,85.3,142.9,0.17675752426559563,2.1519348111531627,2.7227749028088875,4.882672948688242,67.5,12.188993589248474,23.92303751190752,0.034919286321155485,0.17145284621920137,12.161275456347672,23.763062228057983,6.109868437990783,8.394624237275044,4.174578409412733,11.2785896346644,15.440047887541512,3.640573105738781,2.4812826652248914,4.344100306377282,4.182224968461162,4.865665147653253,30.50744059112793,107.39411961586983,97.2714142272341,0.0,0.0,0.0,0.0,100.0,2.85400839761742,2.534703642222439,326.0,221.0,524.0,46.0,541.0,,1616.0,123.0,236.0,9.424118738404452,0.2663404940923738,0.2742955766038473,0.30805878332194114,0.1428117371350454,0.008482960648374184,0.6514128503075872,0.4526923152035935,0.43500400351528173,0.4052036910457963,0.6800831950004882,0.4091397324480031,0.04012967483644175,145.0,0.10986270871985158,0.13924421443218435,2.0,0.0,2,2,10,0.33125,0.4605625,0.0,5,8,11,6,8,9,13,0,0,0,1,0.14675,0,0.0,0,0.0,0,0.0,2,0.12306249999999999,,,1985,2002,18,0.9915170393516258
Sam Perkins,perkisa01,81,235.0,1961-06-14,UNC,1985,2000,1984-10-27T00:00:00Z,False,16,NBA,"DAL, LAL, SEA, IND",PF,1222,716.0,29.131751227495908,4.428805237315876,9.621931260229132,0.46028236094573904,0.6636661211129297,1.8314238952536825,0.3623771224307417,3.765139116202946,7.79050736497545,0.4832983193277311,0.4947695186256166,2.820785597381342,3.4811783960720133,0.810296191819464,1.8756137479541735,4.260229132569558,6.1358428805237315,1.5826513911620295,0.8772504091653028,0.7487725040916531,1.2823240589198035,2.5499181669394435,12.342062193126022,35599.0,5412,11758,811.0,2238.0,4601.0,9520.0,3447,4254,2292.0,5206.0,7498.0,1934,1072.0,915.0,1567.0,3116.0,15082,1.0,15.658105564763055,0.5533522009045198,0.19561847242900082,0.35990398606702434,7.386881653979044,16.434366133880165,11.983586617601617,7.991173909379478,1.5181859040984298,1.6266805247338407,10.299646057473524,18.424584960251693,61.50000000000001,41.900000000000006,103.30000000000001,0.1393453467794039,1.0493131829545774,0.1112081800050563,1.1445995674035787,28.299999999999997,7.644169780050003,16.61338801651732,1.1664316413382398,3.235947638978623,6.469310935700441,13.389749712070564,4.871962695581336,6.016239220202815,3.231349195202112,7.335840894407146,10.574752099778083,2.724767549650271,1.5181859040984298,1.2905053512739122,2.201648922722548,4.404345627686171,21.317253293631843,114.91314362762999,106.19860108430012,0.0,0.0,0.801980198019802,44.31237623762376,54.885643564356435,9.54947194719472,3.134174917491749,110.0,55.0,244.0,25.0,217.0,,731.0,35.0,63.0,16.51970297029703,0.1552201320132013,0.18462359735973596,0.07061782178217821,0.11588465346534653,0.4731100660066007,0.5308800330033003,0.4146173267326732,0.39614785478547854,0.4067424092409241,0.5289082508250825,0.9554026402640263,0.006658415841584158,10.0,0.14430511551155117,0.4847894389438943,3.0,0.0,0,0,0,0.028437499999999998,0.0,0.042625,0,0,7,0,0,0,0,1,0,1,0,0.0,0,0.0,0,0.0021875,0,0.0,0,0.0008125,,,1985,2001,16,0.5268899339933995
Sam Perkins,perkisa01,81,235.0,1961-06-14,UNC,1986,2001,1984-10-27T00:00:00Z,False,16,NBA,"DAL, LAL, SEA, IND",PF,1204,715.0,28.472591362126245,4.278239202657807,9.3421926910299,0.45794807965860596,0.6976744186046512,1.920265780730897,0.3633217993079585,3.580564784053156,7.421926910299003,0.48243061772605195,0.49528805120910385,2.723421926910299,3.362126245847176,0.8100296442687747,1.7732558139534884,4.091362126245847,5.864617940199335,1.5282392026578073,0.8654485049833887,0.7225913621262459,1.2325581395348837,2.4426910299003324,11.977574750830565,34281.0,5151,11248,840.0,2312.0,4311.0,8936.0,3279,4048,2135.0,4926.0,7061.0,1840,1042.0,870.0,1484.0,2941.0,14421,1.0,15.569755841428197,0.5530086928619351,0.21401948601266005,0.3561976021702984,7.163653335666988,16.0907412269187,11.714095271433155,7.9635541553630285,1.5411452408039439,1.6189638575304104,10.178413698550218,18.33271783203524,59.2,40.5,99.5,0.13944800326711587,1.0828972317026926,0.1513841486537732,1.2177474402730373,27.9,7.578719990665382,16.563872115749252,1.2560427058720574,3.478224089145591,6.313926081502873,13.091671771535252,4.824943846445553,5.96112715498381,3.1347714477407314,7.242595023482395,10.385219217642424,2.7043901869840434,1.5411452408039439,1.2813978588722617,2.17350135643651,4.3386628161372185,21.238254426650332,114.81184912925528,106.02208220296957,0.0,0.0,3.51891202719932,48.79685507862303,47.68423289417765,8.22632100864145,2.7472304859045185,120.0,62.0,277.0,26.0,230.0,,822.0,40.0,75.0,16.757501062473438,0.1445748689616093,0.1822710015582944,0.06755843603909902,0.13019464513387166,0.47507578977192244,0.5344350474571469,0.3968397790055248,0.3915982433772489,0.4155531945034707,0.5514231477546395,0.9580345658025216,0.005716107097322567,10.0,0.17270774897294233,0.4794414222977758,3.0,0.0,0,0,0,0.0284375,0.0,0.0,0,0,7,0,0,0,0,0,0,0,0,0.0,0,0.0,0,0.0021875,0,0.0,0,0.0008125,,,1985,2001,17,0.5249242102280777
Otis Thorpe,thorpot01,82,248.0,1962-08-05,Providence,1985,2000,1984-10-27T00:00:00Z,False,16,NBA,"KCK, SAC, HOU, POR, DET, SAC, VAN, WAS, MIA",PF,1208,985.0,32.4296357615894,5.639900662251655,10.316225165562914,0.5467019740009629,0.0024834437086092716,0.052980132450331126,0.046875,5.637417218543046,10.263245033112582,0.549282142281013,0.5468223399133365,3.1730132450331126,4.625827814569536,0.6859341445955619,2.8112582781456954,5.6531456953642385,8.464403973509933,2.2359271523178808,0.6854304635761589,0.40894039735099336,2.269867549668874,3.3427152317880795,14.455298013245033,39175.0,6813,12462,3.0,64.0,6810.0,12398.0,3833,5588,3396.0,6829.0,10225.0,2701,828.0,494.0,2742.0,4038.0,17462,3.0,16.117158902361197,0.5841112188895979,0.005080255264837269,0.44487754945756225,9.900403318442883,19.257569878749205,14.637536694320357,10.621238034460752,1.0617179323548183,0.7894243777919592,15.570790044671348,19.292604977664325,61.5,43.9,105.6,0.12933192086790046,0.2739987236758137,-0.2849010848755584,-0.02833950223356732,19.5,8.663221442246329,15.8743178047224,0.0,0.06990172303765156,8.663221442246329,15.797649010848753,4.843481812380344,7.069100191448628,4.327400127632418,8.717493299298022,13.033345245692406,3.4341416719846842,1.0617179323548183,0.6435277600510529,3.4954971282705802,5.180048500319081,22.200234843650286,112.09603063178048,106.58437779195916,0.0,0.0,0.8601895734597157,53.88235294117647,45.47198215779203,-2.198689712851966,-4.199930303875105,195.0,72.0,399.0,95.0,302.0,,1069.0,76.0,127.0,8.353470867019793,0.4199172010036242,0.2640610538054084,0.16653052690270423,0.14392709785335936,0.005935043211597436,0.6739788123780319,0.41270936715918594,0.36465235572902144,0.4476830220239755,0.6882857541120715,0.0,0.1027025369389462,202.0,0.0,0.0,5.0,0.0,1,0,1,0.005875,0.004562500000000001,0.02275,0,0,4,0,0,0,4,0,0,1,0,0.0,0,0.0,0,0.0,0,0.004266666666666667,0,0.0,,,1985,2001,16,0.9940649567884027
Otis Thorpe,thorpot01,82,248.0,1962-08-05,Providence,1986,2001,1984-10-27T00:00:00Z,False,16,NBA,"SAC, HOU, POR, DET, SAC, VAN, WAS, MIA, CHH",PF,1175,966.0,32.25872340425532,5.498723404255319,10.134468085106382,0.5425764192139738,0.002553191489361702,0.05276595744680851,0.04838709677419355,5.496170212765957,10.081702127659575,0.5451629241938207,0.5427023849512932,3.0834042553191487,4.460425531914893,0.6912802900209883,2.773617021276596,5.578723404255319,8.352340425531915,2.228936170212766,0.6859574468085107,0.3948936170212766,2.2017021276595745,3.3106382978723405,14.083404255319149,37904.0,6461,11908,3.0,62.0,6458.0,11846.0,3623,5241,3259.0,6555.0,9814.0,2619,806.0,464.0,2587.0,3890.0,16548,3.0,15.947343288307302,0.5806375580413676,0.0050988022372308985,0.43549290312368083,9.817565428450823,19.085262769100886,14.5119275010553,10.692124841705361,1.073907766990291,0.7738892992823977,15.491101203039255,19.07337484170536,58.8,43.4,102.6,0.12982046749683412,0.1775986703250317,-0.22696549176867875,-0.06232851414098776,18.5,8.536402490502322,15.762808674546221,0.0,0.07224567327986492,8.536402490502322,15.683569016462643,4.756603524693963,6.8899271844660195,4.31478471929084,8.699364183199663,13.002213486703251,3.4536381384550445,1.073907766990291,0.6298068805403124,3.431089067116927,5.198701983959476,21.864088222878852,111.89381067961165,106.26561840439004,0.0,0.0,0.7890295358649789,57.20112517580872,42.206623193964965,-2.091254315304948,-4.183390870732643,209.0,79.0,452.0,101.0,312.0,,1133.0,78.0,131.0,8.382137834036568,0.4167804628564122,0.2567761155862422,0.16599028257256107,0.15534931594425266,0.005444060861782381,0.6711678813450966,0.41091343817926096,0.35814576141158416,0.4374512210714742,0.6902475386779184,0.0,0.0985908451604654,208.0,0.0,0.0,5.0,0.0,1,0,1,0.005875,0.004562500000000001,0.0,0,0,4,0,0,0,4,0,0,0,0,0.0,0,0.0,0,0.0,0,0.004,0,0.0,,,1985,2001,17,0.9945559391382177
Karl Malone,malonka01,81,250.0,1963-07-24,Louisiana Tech,1986,2001,1985-10-25T00:00:00Z,True,16,NBA,UTA,PF,1273,1268.0,37.31578947368421,9.509033778476041,18.163393558523172,0.5235273765245221,0.05734485467399843,0.21209740769835037,0.27037037037037037,9.451688923802042,17.951296150824824,0.5265184666549974,0.5251059596920682,6.783974862529458,9.19324430479183,0.7379304451849953,2.5498821681068344,7.887666928515318,10.437549096622153,3.4289080911233305,1.3723487824037706,0.8130400628436764,3.101335428122545,3.1649646504320503,25.859387274155537,47503.0,12105,23122,73.0,270.0,12032.0,22852.0,8636,11703,3246.0,10041.0,13287.0,4365,1747.0,1035.0,3948.0,4029.0,32919,3.0,24.387158705765952,0.5809157105866998,0.011458918384102058,0.5059878323474307,8.265395869734542,23.742586783992593,16.3127044607709,16.804025008946805,1.8676525693114117,1.5056375386817675,12.284813590720587,29.857775298402203,127.80000000000001,81.79999999999998,209.39999999999998,0.21149443193061493,4.48055701745153,0.888099698966381,5.34912321327074,88.4,12.987920762899185,24.779999157947916,0.07960128833968382,0.2895311875039471,12.896158137380796,24.485569332463214,9.303757657411111,12.567395743426731,3.4496979138159696,10.772675409974108,14.216422120708165,4.708572090183778,1.8676525693114117,1.1097993810917206,4.216952613519146,4.295326610950887,35.332202176704634,113.3896596004463,101.11835041997348,0.0,0.0,11.025543716245803,75.85622536855934,13.333309005984528,9.231484454824113,14.784702963071085,638.0,124.0,411.0,192.0,1342.0,,3307.0,339.0,374.0,10.858422128156475,0.34479572325207997,0.10603306086702671,0.2269077506933294,0.3171343599474529,0.00468916946431178,0.6723916216610715,0.40678769522697417,0.39648190045248877,0.4823431615822508,0.7900775069332944,0.5369289154867902,0.030982776237045682,201.0,0.03692964530725442,0.0,1.0,0.0,0,0,13,0.1544375,0.7480625000000001,0.0483125,3,4,11,11,13,13,15,1,0,1,2,0.2685625,0,0.186,0,0.0,0,0.0021874999999999998,0,0.000625,,,1986,2004,16,0.9953108305356883
Karl Malone,malonka01,81,250.0,1963-07-24,Louisiana Tech,1987,2002,1985-10-25T00:00:00Z,True,16,NBA,UTA,PF,1272,1272.0,37.789308176100626,9.619496855345911,18.47877358490566,0.5205700914699001,0.06446540880503145,0.23034591194968554,0.27986348122866894,9.55503144654088,18.248427672955973,0.5236084783732552,0.522314401191236,7.036163522012578,9.38443396226415,0.7497696238585909,2.5267295597484276,7.893867924528302,10.42059748427673,3.5141509433962264,1.4103773584905661,0.8254716981132075,3.091194968553459,3.115566037735849,26.339622641509433,48068.0,12236,23505,82.0,293.0,12154.0,23212.0,8950,11937,3214.0,10041.0,13255.0,4470,1794.0,1050.0,3932.0,3963.0,33504,3.0,24.729543563285343,0.5817824540234667,0.012359636348506285,0.5083984147457768,8.1207892984938,23.62074769077141,16.167541815761005,17.254069235250064,1.9134788216693017,1.531316052259299,12.021053507530997,30.087342930847967,135.7,81.79999999999998,217.3,0.21695764333860368,4.734873512523924,0.9025110260464341,5.618080635765997,92.69999999999999,13.048113089789464,25.05475160189731,0.0913143879504036,0.3114254805691936,12.95110468502954,24.737309644670052,9.566757510193893,12.736685528834151,3.3973433469251892,10.721673462594657,14.113135557959556,4.8061350586668885,1.9134788216693017,1.1188066905217608,4.190561288175085,4.214620953648997,35.73276608138471,114.08689772821836,101.06546975118582,0.0,0.0,9.023533628001433,75.15601481304503,15.996475928801816,7.754975510691673,11.991159956994386,817.0,157.0,505.0,230.0,1584.0,,4017.0,381.0,463.0,10.974919364472584,0.33157752956636005,0.10602705769919962,0.22456397085175006,0.33054682833592164,0.007106140246087684,0.6592468044439136,0.40900519651176687,0.3943970254449887,0.4681176681400072,0.7904265918050413,0.5807024250388244,0.02917011109783777,229.0,0.03748715804563374,0.181579261736949,1.0,0.0,0,0,14,0.15875,0.7521249999999999,0.0,3,4,12,11,13,13,16,0,0,0,2,0.26856250000000004,0,0.0,0,0.0,0,0.0021874999999999998,0,0.000625,,,1986,2004,17,0.9928938597539122
Karl Malone,malonka01,81,250.0,1963-07-24,Louisiana Tech,1988,2003,1985-10-25T00:00:00Z,True,16,NBA,UTA,PF,1271,1271.0,37.88119590873328,9.522423288749016,18.388670338316285,0.5178418620571624,0.06687647521636507,0.23603461841070023,0.2833333333333333,9.455546813532651,18.152635719905586,0.5208911234396671,0.5196602772548349,7.160503540519276,9.455546813532651,0.7572807455483441,2.3988985051140834,7.851298190401259,10.250196695515342,3.690794649881983,1.4366640440597955,0.8033044846577498,3.072383949645948,3.024390243902439,26.272226593233675,48147.0,12103,23372,85.0,300.0,12018.0,23072.0,9101,12018,3049.0,9979.0,13028.0,4691,1826.0,1021.0,3905.0,3844.0,33392,3.0,24.94412735996012,0.5815853739589175,0.012713440089725218,0.5144076889525827,7.806777161609239,23.574089766755982,16.008062807651566,18.191484412320598,1.9619124763744367,1.506380459841735,11.979153425966313,30.17259850042578,140.8,81.0,221.5,0.22081666562818036,4.904438490456311,0.962010094086859,5.847176355743867,95.6,12.985249340561198,25.076100276237355,0.09726255010696411,0.3232745550086194,12.882302116435083,24.752753027187573,9.767088292105427,12.888773963071428,3.2528007975574798,10.719504849731033,13.966434045734937,5.0647288512264526,1.9619124763744367,1.0942197852410327,4.183986541217521,4.118833987579704,35.81318877604004,114.37524664049681,100.94504330487881,0.0,0.0,7.6772029677812785,76.62475861368026,15.84779957312735,7.1648846427482455,10.575058440898465,950.0,197.0,598.0,255.0,1824.0,,4795.0,430.0,524.0,11.068182742148593,0.31925678422603926,0.10766424433377376,0.22030216485415183,0.3449378493749365,0.007687112511434089,0.6599559914625471,0.40930282549039537,0.3900109259071044,0.4591479825185487,0.7931977843276756,0.6432625266795405,0.027205102144526882,249.0,0.03189399329200122,0.1544872446386828,1.0,0.0,0,0,14,0.15875,0.7543124999999999,0.0,3,4,12,11,13,13,16,0,0,0,2,0.2683125,0,0.0,0,0.0,0,0.0005625,0,0.000625,,,1986,2004,18,0.9923128874885659
Karl Malone,malonka01,81,250.0,1963-07-24,Louisiana Tech,1989,2004,1985-10-25T00:00:00Z,True,16,NBA,"UTA, LAL",PF,1231,1231.0,37.62956945572705,9.291632818846466,17.970755483346874,0.5170418587831118,0.06904955320877336,0.2404549147034931,0.28716216216216217,9.222583265637693,17.73030056864338,0.5201594428663062,0.5189630232347889,7.08123476848091,9.304630381803412,0.7610441767068273,2.3013809910641756,7.779041429731925,10.0804224207961,3.7814784727863526,1.4289195775792038,0.8050365556458164,2.991876523151909,2.9764419171405363,25.733549959382614,46322.0,11438,22122,85.0,296.0,11353.0,21826.0,8717,11454,2833.0,9576.0,12409.0,4655,1759.0,991.0,3683.0,3664.0,31678,4.0,25.025381028453,0.581735287768231,0.013096131427831269,0.5183615128880446,7.592878114071067,23.6875804153534,15.940281075946636,18.777036829152454,1.9781594058978453,1.5361987824359913,11.991420923103496,29.89481455895687,138.9,77.1,215.7,0.22349827295885324,5.012903156167695,1.0641077673675574,6.056979405034325,94.39999999999999,12.836429774189373,24.830046198350672,0.10109451232675618,0.3291071197271275,12.729426622339277,24.497899486205263,9.775476015716073,12.840760329864858,3.1660701178705586,10.760757307542852,13.920724493761062,5.2478282457579555,1.9781594058978453,1.112715340442986,4.133040455938863,4.107756573550365,35.53381978325634,114.66581753810284,100.85395708302751,0.0,0.0,7.17647617690371,77.23623580827514,15.727281364305734,7.19978623343309,10.270139185786899,1021.0,212.0,656.0,262.0,1911.0,,5140.0,450.0,541.0,11.024602156667143,0.31930525865754594,0.10605557930739633,0.22015201178091304,0.3470942473041661,0.007381407059047076,0.6617850933447342,0.4102614127594889,0.39157555460548193,0.45294218801957153,0.7911629851313478,0.601307301315852,0.026735166975440598,256.0,0.02981378556838155,0.14441119186736973,1.0,0.0,0,0,13,0.1451875,0.718375,0.0,3,3,11,11,12,13,15,0,0,0,2,0.2655,0,0.0,0,0.0,0,0.0005625,0,0.000625,,,1986,2004,19,0.992683815495701
Charles Oakley,oaklech01,81,225.0,1963-12-18,Virginia Union University,1986,2001,1985-10-25T00:00:00Z,False,16,NBA,"CHI, NYK, TOR",PF,1176,1122.0,32.61734693877551,4.00765306122449,8.451530612244898,0.4741925747057048,0.05697278911564626,0.22363945578231292,0.25475285171102663,3.9506802721088436,8.227891156462585,0.4801570897064903,0.47756313512425796,2.232142857142857,2.937074829931973,0.759988419224088,3.244047619047619,6.747448979591836,9.991496598639456,2.602891156462585,1.0960884353741496,0.3120748299319728,2.2755102040816326,3.5272108843537415,10.304421768707483,38358.0,4713,9939,67.0,263.0,4646.0,9676.0,2625,3454,3815.0,7935.0,11750.0,3061,1289.0,367.0,2676.0,4148.0,12118,3.0,13.681239897804891,0.5284676729756504,0.025196412743104437,0.34631672662808277,11.44205902288962,23.612518900881174,17.52184681161687,11.856681787371604,1.6924031492778562,0.6394285416340789,18.87819490067261,16.002056937275142,27.5,61.5,88.9,0.11134589916054016,-0.9546196360602743,0.6888184994003859,-0.25995359507794985,16.6,6.259880598571353,13.218976484696801,0.09072683664424631,0.35276865321445333,6.169153761927108,12.863473069503103,3.4656968559361805,4.549124041920851,5.041566296470098,10.560133479326346,15.611841076177068,4.09080765420512,1.6924031492778562,0.4798581782157569,3.5576828823192033,5.541026643724908,16.060949475989364,105.48970227853381,102.0016424213984,0.0,0.0,2.06094227367744,77.8251326579836,20.400546711689984,2.3046711689982313,0.7658626788872809,486.0,69.0,684.0,36.0,195.0,,2455.0,43.0,94.0,15.17071876507477,0.17535689017526934,0.05774015114970252,0.12908731307284127,0.5998818137964304,0.03824481427882296,0.5240467920887603,0.3027257597684515,0.3342194082649944,0.44898134748351826,0.8476834700112559,0.6286543656536421,0.0015833735327223028,3.0,0.18045320791123973,0.3733116256632899,0.0,0.0,0,0,1,0.10750000000000001,0.0061875,0.0369375,1,2,9,0,0,0,4,1,0,1,0,0.0,0,0.038,0,0.0,0,0.0,0,0.001875,,,1986,2004,16,0.9617551857211771
Charles Oakley,oaklech01,81,225.0,1963-12-18,Virginia Union University,1987,2002,1985-10-25T00:00:00Z,False,16,NBA,"CHI, NYK, TOR, CHI",PF,1156,1128.0,32.84515570934256,3.917820069204152,8.357266435986158,0.46879205051236933,0.058823529411764705,0.2301038062283737,0.2556390977443609,3.8589965397923875,8.127162629757786,0.47482703565726453,0.4723113549322016,2.134948096885813,2.7794117647058822,0.768129474011827,3.141868512110727,6.744809688581315,9.886678200692042,2.631487889273356,1.0986159169550174,0.30103806228373703,2.2387543252595155,3.523356401384083,10.029411764705882,37969.0,4529,9661,68.0,266.0,4461.0,9395.0,2468,3213,3632.0,7797.0,11429.0,3042,1270.0,348.0,2588.0,4073.0,11594,3.0,13.291759066606968,0.521978640469857,0.026012299507492953,0.33053098580420864,11.041475940899154,23.44566093391978,17.24011957122916,11.957999947325451,1.6949432431720615,0.6211646343069346,18.965729937580658,15.710679765071507,24.0,61.2,85.10000000000001,0.10770360030551239,-1.191711659511707,0.7560904948774,-0.4297137138191684,14.8,6.104095446285127,13.036250625510284,0.09165635123390135,0.3590007637809793,6.012439095051226,12.674487081566541,3.306328847217467,4.295109168005478,4.873186020174352,10.529105322763307,15.408894097816642,4.124975638020491,1.6949432431720615,0.46200848060259686,3.49031841765651,5.524485764702784,15.589760067423423,104.53743843661935,101.8309146935658,0.0,0.0,2.4551045510455105,79.34360755372259,18.45922870993416,0.7932204616163807,0.18890094783300768,556.0,79.0,783.0,41.0,203.0,,2696.0,43.0,98.0,15.373779031907967,0.16431401490485492,0.0534633528688228,0.1275775993054048,0.6182055567614501,0.03671934013457782,0.5304462774039505,0.2724334708052963,0.32749309022502,0.44197865566890965,0.8525182693003401,0.5657479921858042,0.0014249330728601406,3.0,0.19571782070761884,0.38598871282830477,0.0,0.0,0,0,1,0.10750000000000001,0.0061875,0.0,1,2,9,0,0,0,4,0,0,0,0,0.0,0,0.0,0,0.0,0,0.0,0,0.001875,,,1986,2004,17,0.9632806598654223
Charles Oakley,oaklech01,81,225.0,1963-12-18,Virginia Union University,1988,2003,1985-10-25T00:00:00Z,False,16,NBA,"CHI, NYK, TOR, CHI, WAS",PF,1116,1048.0,31.81272401433692,3.6594982078853047,7.763440860215054,0.4713758079409049,0.051075268817204304,0.2114695340501792,0.24152542372881355,3.6084229390681,7.551971326164875,0.47781205505457996,0.4746652816251154,2.0170250896057347,2.589605734767025,0.7788927335640139,3.0197132616487457,6.354838709677419,9.374551971326165,2.496415770609319,1.0734767025089607,0.2849462365591398,2.0698924731182795,3.4480286738351253,9.387096774193548,35503.0,4084,8664,57.0,236.0,4027.0,8428.0,2251,2890,3370.0,7092.0,10462.0,2786,1198.0,318.0,2310.0,3848.0,10476,1.0,13.143255499535252,0.5245126609018956,0.025384925217587246,0.3339820015209983,10.991375376728726,22.78221840407853,16.90336872940315,11.757685266033857,1.7154296819987043,0.6185843449849308,18.955558685181533,15.135689941695066,25.599999999999998,57.099999999999994,82.5,0.11175816128214518,-1.1839140354336253,0.8468185787116583,-0.3307776807593725,14.7,5.899726783652085,12.540027603301128,0.08123538855871336,0.34196828437033494,5.818491395093372,12.195104639044587,3.235275892178126,4.14194293439991,4.848452243472383,10.276404810861054,15.123524772554433,4.0526152719488495,1.7154296819987043,0.4524237388389714,3.3449201475931614,5.600884432301496,15.106802242064052,105.24919020927808,101.69473002281498,0.0,0.0,2.3670735960934777,78.32731077781654,19.55430763864667,0.8185629577956051,0.2896965469131496,571.0,79.0,825.0,46.0,213.0,,2786.0,43.0,100.0,15.31017788629229,0.16623899546564352,0.05283718172305545,0.12691147540983605,0.6188435995814441,0.035402720613882104,0.5293545866759679,0.2626650156958493,0.3396665504011162,0.4394336239972097,0.8515674223927451,0.5454623648412975,0.0013738402511335893,3.0,0.18870010463899548,0.3721485873735612,0.0,0.0,0,0,1,0.10750000000000001,0.0061875,0.0,1,2,9,0,0,0,4,0,0,0,0,0.0,0,0.0,0,0.0,0,0.0,0,0.001875,,,1986,2004,18,0.9645972793861181
Charles Oakley,oaklech01,81,225.0,1963-12-18,Virginia Union University,1989,2004,1985-10-25T00:00:00Z,False,16,NBA,"NYK, TOR, CHI, WAS, HOU",PF,1041,966.0,31.423631123919307,3.564841498559078,7.583093179634966,0.4701038763617938,0.05187319884726225,0.21517771373679154,0.24107142857142858,3.5129682997118157,7.367915465898175,0.47679269882659714,0.47352419559158854,1.9164265129682998,2.437079731027858,0.7863618446984627,2.9241114313160423,6.106628242074928,9.03073967339097,2.4399615754082613,1.085494716618636,0.27857829010566765,1.9884726224783862,3.4428434197886646,9.097982708933717,32712.0,3711,7894,54.0,224.0,3657.0,7670.0,1995,2537,3044.0,6357.0,9401.0,2540,1130.0,290.0,2070.0,3584.0,9471,1.0,12.94513022743947,0.5229185008559549,0.026259507214477867,0.3233845377842994,10.775629738322328,22.16058632917584,16.48655233553436,11.737927977500613,1.758489239422842,0.6197114208853021,18.816067498165808,14.9002201027146,23.6,52.400000000000006,75.9,0.11159210687209586,-1.2466984592809978,0.9289007092198583,-0.3109409391049157,13.7,5.829689410613842,12.423382856444118,0.07955796038151138,0.3539282220591832,5.75013145023233,12.074856321839079,3.1150434091464905,3.9544051112741503,4.762833211054048,10.025204817803864,14.786592076302274,4.022976277818538,1.758489239422842,0.44798239178283206,3.2618274639276104,5.670313646368305,14.852644289557349,105.18818782098313,101.58107116654439,0.0,0.0,2.3629526462395543,78.25536211699165,19.629944289693594,0.822708913649025,0.2914554317548746,572.0,79.0,829.0,46.0,213.0,,2790.0,43.0,101.0,15.30267409470752,0.1665293175487465,0.05274519498607243,0.12698126740947074,0.6186366991643455,0.03534108635097493,0.5293034818941504,0.26220772980501394,0.34081615598885795,0.4386685933147632,0.851825835654596,0.5445127437325905,0.001371448467966574,3.0,0.18837158774373258,0.3715006963788301,0.0,0.0,0,0,1,0.1075,0.0058125,0.0,1,2,9,0,0,0,3,0,0,0,0,0.0,0,0.0,0,0.0,0,0.0,0,0.001875,,,1986,2004,19,0.9646589136490251
Terry Porter,portete01,75,195.0,1963-04-08,University of Wisconsin-Stevens Point,1986,2001,1985-10-25T00:00:00Z,False,16,NBA,"POR, MIN, MIA, SAS",PG,1202,732.0,28.336106489184694,4.402662229617304,9.495008319467553,0.46368176640672915,1.0299500831946755,2.67720465890183,0.38471100062150404,3.372712146422629,6.8178036605657235,0.4946918852959121,0.5179181634977658,2.7995008319467556,3.3477537437603995,0.8362326043737575,0.5848585690515807,2.5,3.0848585690515806,5.786189683860233,1.2795341098169717,0.13727121464226288,2.1472545757071546,1.7587354409317804,12.63477537437604,34060.0,5292,11413,1238.0,3218.0,4054.0,8195.0,3365,4024,703.0,3005.0,3708.0,6955,1538.0,165.0,2581.0,2114.0,15187,7.0,17.316115678214917,0.5762810041103935,0.28352774515560775,0.35490631238990017,2.3016705813270697,9.84192601291838,6.064817968291251,29.129045801526715,2.186579565472695,0.3332442748091603,16.514219025249556,19.225334703464476,70.2,36.4,106.89999999999999,0.15065446271285965,2.4987786259541984,0.42236641221374044,2.919310041103934,42.1,7.577988843217851,16.360666470933648,1.8206283029947152,4.705992366412214,5.762897827363476,11.649078097475044,4.810199647680563,5.758529066353494,1.0083617146212567,4.330780974750441,5.336559013505579,9.885255431591311,2.186579565472695,0.2492337052260717,3.691338813857898,3.0367968291250733,21.75692601291838,115.46470933646506,106.5165883734586,50.79812734082397,49.00049937578027,0.3971285892634207,0.0,0.0,7.208913857677903,4.131872659176031,361.0,76.0,175.0,29.0,242.0,,2489.0,33.0,94.0,17.131098626716604,0.20073358302122343,0.05715705368289638,0.09796579275905119,0.21418027465667916,0.4297538077403246,0.5888444444444444,0.44442047440699134,0.36724107365792763,0.4462433208489388,0.39388926342072417,0.734028963795256,0.0,0.0,0.26405443196004996,0.4379558052434457,5.0,0.0,0,0,2,0.0185,0.0059375,0.0028125,0,0,2,0,0,0,3,0,0,1,0,0.001625,0,0.0,0,0.0010625,0,0.002375,0,0.0,,,1986,2002,16,0.5702461922596753
Terry Porter,portete01,75,195.0,1963-04-08,University of Wisconsin-Stevens Point,1987,2002,1985-10-25T00:00:00Z,False,16,NBA,"POR, MIN, MIA, SAS",PG,1195,729.0,28.569037656903767,4.364853556485356,9.445188284518828,0.46212456808717994,1.0744769874476987,2.7765690376569037,0.38698010849909587,3.2903765690376567,6.668619246861924,0.4934119713891329,0.5190041640825729,2.7682008368200837,3.307112970711297,0.8370445344129555,0.5690376569037657,2.573221757322176,3.1422594142259412,5.825941422594142,1.2569037656903765,0.1506276150627615,2.1422594142259412,1.7297071129707113,12.572384937238494,34140.0,5216,11287,1284.0,3318.0,3932.0,7969.0,3308,3952,680.0,3075.0,3755.0,6962,1502.0,180.0,2560.0,2067.0,15024,7.0,17.2761072056239,0.5767004393673111,0.29627378441710606,0.3515523432923257,2.2206239015817224,10.041581722319858,6.131719390743996,29.226517281780904,2.1432366725248975,0.3665758640890451,16.595187463386058,19.064636789689512,70.6,37.2,108.1,0.1519596660808436,2.522308142940832,0.4457586408904511,2.966236086701816,42.6,7.488011130638547,16.221690099589924,1.8895489162272994,4.8616959578207375,5.603986526069128,11.358201523140012,4.73792618629174,5.664103690685413,0.9787229056824839,4.449185705916814,5.425330990041007,9.91377855887522,2.1432366725248975,0.27518160515524315,3.67311072056239,2.988567662565905,21.570131810193324,115.48277680140598,106.25474516695958,56.389402407566635,43.43723129836629,0.34189595872742906,0.0,0.0,8.236865864144454,5.1149075666380055,411.0,93.0,209.0,41.0,255.0,,2947.0,37.0,107.0,17.168497420464316,0.1949292777300086,0.05699613069647463,0.09866595012897679,0.2177712811693895,0.43145700773860707,0.5833028804815132,0.43671259673258817,0.3667903052450559,0.4384210017196904,0.37345990971625115,0.7309651762682716,0.0,0.0,0.26655030094582977,0.44658490971625103,5.0,0.0,0,0,2,0.0185,0.0059375,0.0,0,0,2,0,0,0,3,0,0,0,0,0.001625,0,0.0,0,0.0010625,0,0.002375,0,0.0,,,1986,2002,17,0.5685429922613928
Patrick Ewing,ewingpa01,84,240.0,1962-08-05,Georgetown,1986,2001,1985-10-26T00:00:00Z,True,16,NBA,"NYK, SEA",C,1118,1118.0,35.50357781753131,8.54561717352415,16.912343470483005,0.505288766659615,0.01699463327370304,0.11091234347048301,0.1532258064516129,8.528622540250447,16.801431127012524,0.5076128620102215,0.5057911994922784,4.738819320214669,6.399821109123435,0.740461215932914,2.407871198568873,7.738819320214669,10.146690518783542,1.9499105545617172,0.9964221824686941,2.5483005366726297,3.105545617173524,3.492844364937388,21.847048300536674,39693.0,9554,18908,19.0,124.0,9535.0,18784.0,5298,7155,2692.0,8652.0,11344.0,2180,1114.0,2849.0,3472.0,3905.0,24425,1.0,21.162089033330815,0.5519164840148137,0.0064778928274506825,0.3788378555412793,7.87293477439347,24.682291587937417,16.423565868037183,9.84680926107878,1.4297810697100246,4.761169475726198,13.66027259214471,28.128201446098807,44.9,80.19999999999999,125.10000000000001,0.15123097271559216,1.352825435215277,1.682221046532134,3.016607462272945,50.400000000000006,12.216602423601138,24.241546368377296,0.021855238959010405,0.1651248330939964,12.201758496460334,24.10031743632378,6.807895598720177,9.172834000957348,3.4393217947748975,11.158997808177764,14.598065150026454,2.794001461214824,1.4297810697100246,3.6339757639886123,4.438011740105308,4.991159650316177,31.262494646411206,105.55692439472955,98.79286020205073,0.0,0.0,0.0,0.0,100.0,2.6163779012749266,1.2001743489157677,240.0,222.0,384.0,106.0,666.0,,874.0,136.0,231.0,8.61721695543206,0.29645483273400897,0.334086629617522,0.2766146888961534,0.08817848970251715,0.004584831644328212,0.5958695652173913,0.4338768660782391,0.3925656532635938,0.42006973956630705,0.6176601285823253,0.31459082488830775,0.04152021357742181,159.0,0.3766340852130326,0.0,1.0,0.0,0,0,11,0.105625,0.25775000000000003,0.0596875,0,3,8,1,7,6,11,1,0,1,0,0.0889375,1,0.462,0,0.0,0,0.00075,0,0.006562500000000001,,,1986,2002,16,0.9954151683556719
Patrick Ewing,ewingpa01,84,240.0,1962-08-05,Georgetown,1987,2002,1985-10-26T00:00:00Z,True,16,NBA,"NYK, SEA, ORL",C,1133,1072.0,34.26566637246249,8.222418358340688,16.263901147396293,0.5055624898247137,0.01676963812886143,0.1059135039717564,0.15833333333333333,8.205648720211826,16.157987643424537,0.5078385317091823,0.5060780376621262,4.559576345984113,6.163283318623124,0.7397966490047257,2.319505736981465,7.526919682259488,9.846425419240953,1.8649602824360105,0.9549867608120035,2.4633715798764344,2.969991173874669,3.3918799646954985,21.021182700794352,38823.0,9316,18427,19.0,120.0,9297.0,18307.0,5166,6983,2628.0,8528.0,11156.0,2113,1082.0,2791.0,3365.0,3843.0,23817,1.0,21.176771501429563,0.5518242279061382,0.0064189784406151,0.3795048553692399,7.874409499523477,24.82354789686526,16.513007753136026,9.775754063312984,1.4235659274141619,4.784869793679005,13.597998609071942,28.07649846740334,44.9,78.4,123.4,0.1524822914251861,1.315758699739845,1.6651778584859491,2.9620843314530045,48.7,12.204092934600624,24.20390747752621,0.022345001674265254,0.16658424130026017,12.188916364011025,24.068637148082324,6.802951858434433,9.173907219946939,3.440202972464776,11.267720165881048,14.707662983283106,2.775300723797749,1.4235659274141619,3.648023079102594,4.408932849084306,5.032975298148005,31.230690570022926,105.6342374365711,98.74339953120572,0.0,0.0,0.0,0.0,100.0,2.248362770390951,0.7173844016669974,260.0,246.0,451.0,117.0,724.0,,958.0,149.0,253.0,8.553095852351658,0.2994538598928359,0.3286253224846199,0.273609446318714,0.09370549712244493,0.004443143480849375,0.6011559833300257,0.42557342726731495,0.3861674935503076,0.4164873982933121,0.6192103591982536,0.2864655685651915,0.04156310775947608,171.0,0.4323646556856519,0.0,1.0,0.0,0,0,10,0.10562500000000001,0.25775,0.0,0,3,8,1,7,6,11,0,0,0,0,0.0889375,0,0.0,0,0.0,0,0.00075,0,0.006562500000000001,,,1986,2002,17,0.9955568565191508
A.C. Green,greenac01,81,220.0,1963-10-04,Oregon State,1986,2001,1985-10-26T00:00:00Z,False,16,NBA,"LAL, PHO, DAL, LAL, MIA",PF,1278,832.0,28.600938967136152,3.5555555555555554,7.200312989045384,0.49380569441425776,0.09702660406885759,0.3826291079812207,0.25357873210633947,3.458528951486698,6.817683881064163,0.507287960518765,0.5005433601391002,2.440532081377152,3.325508607198748,0.7338823529411764,2.624413145539906,4.787949921752738,7.412363067292644,1.0954616588419406,0.8082942097026604,0.4272300469483568,1.1220657276995305,1.9061032863849765,9.64866979655712,36552.0,4544,9202,124.0,489.0,4420.0,8713.0,3119,4250,3354.0,6119.0,9473.0,1400,1033.0,546.0,1434.0,2436.0,12331,0.0,14.433308710877656,0.553514554607135,0.05387724337929525,0.4588900196979645,10.619840227620925,18.678400634712187,14.707756073539064,5.433820310790107,1.4251614138761217,0.9180291092142702,11.488643576274896,14.752930072225869,58.2,41.199999999999996,99.4,0.13062852921864743,0.28275060188224993,-0.48347833223900194,-0.19902604508645222,16.7,6.2494719851170935,12.698087655942219,0.16234679360910484,0.6706199387174437,6.0719851170934565,12.010158130882033,4.283576822061721,5.839371306631648,4.6205132414094985,8.445409279929962,13.07781243160429,1.949132742394397,1.4251614138761217,0.7388049901510179,1.975574523965857,3.3411742175530756,16.949108119938717,115.90774786605384,106.15566863646312,0.0,0.09824561403508772,9.967676767676767,76.41052631578947,13.621796916533759,-2.877894736842104,-1.677830940988836,106.0,69.0,236.0,27.0,244.0,,763.0,55.0,145.0,12.09384370015949,0.3204046783625731,0.10801477937267412,0.18219489633173844,0.3680015948963318,0.02078234981392876,0.5696599681020734,0.36990930356193513,0.33458394471026054,0.46481552365762896,0.7305971291866028,0.205103668261563,0.024127060074428493,43.0,0.10185933014354068,0.0,7.0,1.0,3,0,1,0.027625,0.0,0.0,0,1,6,0,0,0,0,0,0,0,0,0.0,0,0.0,0,0.0,0,0.0,0,0.0,,,1986,2001,16,0.9792176501860712
Detlef Schrempf,schrede01,82,235.0,1963-01-21,Washington,1986,2001,1985-10-26T00:00:00Z,False,16,NBA,"DAL, IND, SEA, POR",SF,1136,524.0,29.574823943661972,4.753521126760563,9.678697183098592,0.49113233287858116,0.41813380281690143,1.0880281690140845,0.3843042071197411,4.335387323943662,8.590669014084508,0.5046623629470233,0.5127330604820373,3.948943661971831,4.91637323943662,0.8032229185317815,1.6470070422535212,4.535211267605634,6.182218309859155,3.374119718309859,0.7535211267605634,0.2746478873239437,1.9964788732394365,2.9577464788732395,13.87411971830986,33597.0,5400,10995,475.0,1236.0,4925.0,9759.0,4486,5585,1871.0,5152.0,7023.0,3833,856.0,312.0,2268.0,3360.0,15761,7.0,17.21909396672322,0.5846655951424234,0.11225913027948925,0.507594785248683,6.532883888442421,17.154689406792272,12.005604667083372,17.248063815221595,1.2899425543947376,0.6172515403160996,14.459288031669495,20.268354317349765,76.5,33.0,109.5,0.15645539780337533,1.9083519361847785,-0.09901776944370032,1.818129594904307,32.3,8.093972676131798,16.50923594368545,0.7182992529094859,1.8808197160460756,7.367711402803822,14.60184540286335,6.71624549810995,8.357624192636246,2.7995326963717,7.717575974045302,10.515176950322946,5.761916242521654,1.2899425543947376,0.4661398339137423,3.4059707711998093,5.0106408310265795,23.62713039854749,116.7426853588118,107.44816501473346,0.0,0.04532998401461521,59.86149805891756,39.187257364695135,0.5810687371546015,8.761749257821421,6.75126741265129,322.0,110.0,347.0,42.0,379.0,,2334.0,62.0,114.0,12.576638501941082,0.2637824845855218,0.19150079926923955,0.16150422470883763,0.21836241150947705,0.16512959579812744,0.6347830554921216,0.4205163279287508,0.3930401918246175,0.4536332496003654,0.656010733044074,0.9739914364010048,0.026184402831696735,64.0,0.1134717972139758,0.38809054578670926,2.0,0.0,0,0,3,0.00575,0.017875000000000002,0.0,0,0,4,0,0,1,6,0,0,0,0,6.25e-05,0,0.0,2,0.06537499999999999,0,0.0006875,0,0.0,,,1986,2001,16,0.8348704042018725
Chris Mullin,mullich01,79,215.0,1963-07-30,St. John's,1986,2001,1985-11-06T00:00:00Z,True,16,NBA,"GSW, IND, GSW",SF,986,822.0,32.61967545638945,6.835699797160244,13.431034482758621,0.508948123536963,0.8265720081135902,2.150101419878296,0.38443396226415094,6.009127789046653,11.280933062880324,0.5326800323653691,0.5397190968813713,3.667342799188641,4.237322515212981,0.8654858784107229,1.0405679513184585,3.050709939148073,4.0912778904665315,3.4989858012170387,1.5517241379310345,0.5567951318458418,2.347870182555781,2.079107505070994,18.16531440162272,32163.0,6740,13243,815.0,2120.0,5925.0,11123.0,3616,4178,1026.0,3008.0,4034.0,3450,1530.0,549.0,2315.0,2050.0,17911,5.0,18.783042626620652,0.5947994900973168,0.1762231446071573,0.3108589061965613,3.529269657681186,10.240272984485276,6.920178465939123,16.537400118148184,2.282287100083947,1.060557161956285,13.483064390759568,22.22062307620558,69.30000000000001,23.700000000000003,93.1,0.13877586046077792,2.9157354724372726,0.18878835929484192,3.131455399061033,41.6,10.018163728507911,19.71676149612909,1.2695986070951093,3.267220097627709,8.75359263750272,16.443382147187762,5.3470540683393954,6.171604017038211,1.5283244722196312,4.521748593103877,6.041286571526289,5.177281348132949,2.282287100083947,0.8242483599166744,3.454708826912912,3.122003544445481,26.652153095171467,115.21527842552001,109.63610359730124,0.4956706884315117,17.18552164655784,81.62555003548616,1.163804116394606,0.0,2.2800851667849535,3.4650816181689135,244.0,91.0,231.0,43.0,190.0,,1420.0,40.0,103.0,16.29653655074521,0.19624797728885734,0.05631738821859474,0.10226628814762241,0.29165251951738824,0.3528188786373314,0.7239388218594748,0.3491849538679915,0.4076897090134847,0.4815848119233499,0.6758611781405252,0.9282386089425124,0.0022486870120652946,5.0,0.2191048970901348,0.4710431511710433,0.0,0.0,0,0,5,0.0,0.09675,0.011375,0,0,0,1,3,4,5,0,0,1,0,0.0055000000000000005,0,0.0,0,0.0,0,0.0088125,0,0.0,,,1986,2001,16,0.6471811213626685
Tyrone Corbin,corbity01,78,210.0,1962-12-31,DePaul,1986,2001,1985-11-14T00:00:00Z,False,16,NBA,"SAS, CLE, PHO, MIN, UTA, ATL, MIA, SAC, ATL, SAC, TOR",SF,1065,458.0,25.96901408450704,3.6788732394366197,8.060093896713616,0.456430568499534,0.18591549295774648,0.6225352112676056,0.2986425339366516,3.492957746478873,7.437558685446009,0.46963767201110973,0.4679636533084809,1.6262910798122066,2.0572769953051644,0.7905066179826563,1.6206572769953052,3.1173708920187795,4.738028169014084,1.7784037558685446,1.1530516431924882,0.2535211267605634,1.2300469483568075,2.466666666666667,9.169953051643192,27657.0,3918,8584,198.0,663.0,3720.0,7921.0,1732,2191,1726.0,3320.0,5046.0,1894,1228.0,270.0,1310.0,2627.0,9766,1.0,13.12908486097552,0.5120084969447156,0.08450699642043606,0.2547302672017934,7.138055465162526,13.846566872762773,10.468568535994505,10.467585059840186,2.281292258741006,0.6495173012257295,12.01024333803377,17.14871461112919,23.9,33.0,56.5,0.09790722059514771,-0.8706331127743427,0.5893336225910258,-0.2817189138373649,12.0,7.283957045232672,16.00651914524352,0.37922768196116713,1.3189174530860182,6.8997071265863985,14.704602813031057,3.193701413746972,4.054210507285679,3.181194634269805,6.154177965795278,9.342188234443359,3.519282640922732,2.281292258741006,0.5084680189463788,2.4220233575586647,4.860444010557905,18.173569078352678,107.04385869761724,105.89094984994757,0.0,13.700757575757576,85.95314253647587,0.6530583613916947,0.0,7.365319865319864,6.391007295173963,127.0,43.0,238.0,34.0,119.0,,898.0,24.0,91.0,16.46693322109989,0.19184834455667787,0.05347081930415263,0.12017087542087541,0.3717384960718294,0.26253058361391696,0.54709455667789,0.3571546015712682,0.3067706228956229,0.45015502244668903,0.8315380190796857,0.9835858585858586,0.003778198653198653,6.0,0.05957239057239057,0.20305457351290684,0.0,0.0,0,0,0,0.0011875,0.0,0.0,0,0,1,0,0,0,0,0,0,0,0,0.0,0,0.0,0,0.000625,0,0.0,0,0.0,,,1986,2001,16,0.737469416386083
Dell Curry,curryde01,76,190.0,1964-06-25,Virginia Tech,1987,2002,1986-10-31T00:00:00Z,False,16,NBA,"UTA, CLE, CHH, MIL, TOR",SG,1083,99.0,21.744228993536474,4.6999076638965835,10.291782086795937,0.45666606854476943,1.149584487534626,2.860572483841182,0.40187217559715943,3.5503231763619576,7.431209602954755,0.47775844930417494,0.5125157006998026,1.149584487534626,1.3628808864265929,0.8434959349593496,0.5530932594644506,1.863342566943675,2.4164358264081254,1.76269621421976,0.9095106186518929,0.21975992613111728,1.1994459833795015,1.657433056325023,11.698984302862419,23549.0,5090,11146,1245.0,3098.0,3845.0,8048.0,1245,1476,599.0,2018.0,2617.0,1909,985.0,238.0,1299.0,1795.0,12670,0.0,15.967799057284811,0.5384676207057625,0.2901243364898722,0.13357531105354792,2.9253429020340564,9.772003057454668,6.334349653913118,13.489324387447448,2.10786020637819,0.662087562104548,9.941470975412969,24.175234617181196,24.1,17.5,41.400000000000006,0.08466537857233854,1.3803388678924795,-0.5043483799736719,0.8756677565926365,17.2,10.886080088326468,23.84385324217589,2.704798505244384,6.75891969935029,8.164873243025182,17.115423160219116,2.66076266508132,3.163314790436961,1.2705167947683553,4.316697099664529,5.590092997579515,4.075166673744108,2.10786020637819,0.5139878551106205,2.784232876130621,3.829423754724192,27.157284810395346,105.87761688394411,109.11270117627076,14.203795620437957,81.9356204379562,4.022189781021898,0.0,0.0,0.36541605839416064,-2.775897810218978,154.0,74.0,196.0,24.0,97.0,,967.0,19.0,82.0,18.219883211678834,0.13902029197080293,0.03847518248175182,0.08992773722627737,0.3362268613138686,0.39634992700729926,0.531367591240876,0.3840129927007299,0.3851738686131387,0.5070448175182481,0.7283737226277371,0.9074293430656933,0.005010948905109489,13.0,0.2833468613138686,0.43720379562043793,1.0,0.0,0,0,0,0.0,0.0,0.0,0,0,0,0,0,0,0,0,0,0,0,0.0,0,0.0,1,0.044750000000000005,0,0.0,0,0.0,,,1987,2002,16,0.6036500729927007
Johnny Newman,newmajo01,79,190.0,1963-11-28,Richmond,1987,2002,1986-11-02T00:00:00Z,False,16,NBA,"CLE, NYK, CHH, NJN, MIL, DEN, CLE, NJN, DAL",SF,1159,512.0,24.534081104400347,3.844693701466782,8.344262295081966,0.4607589701168442,0.5176876617773943,1.540983606557377,0.335946248600224,3.3270060396893872,6.80327868852459,0.4890298034242232,0.49177954709957605,2.785159620362381,3.4374460742018984,0.8102409638554217,0.819672131147541,1.368421052631579,2.1880931837791198,1.456427955133736,0.9180327868852459,0.21225194132873165,1.4288179465056083,2.7601380500431407,10.992234685073338,28435.0,4456,9671,600.0,1786.0,3856.0,7885.0,3228,3984,950.0,1586.0,2536.0,1688,1064.0,246.0,1656.0,3199.0,12740,0.0,12.917942676279232,0.5585873395463338,0.19244997362405486,0.40924891858624934,3.752481097239318,6.471183400738526,5.101937752769474,9.22124142781783,1.8857499560400912,0.5658027079303675,12.67436258132583,19.769048707578683,36.1,14.1,50.099999999999994,0.08481480569720415,-0.9983471074380166,-0.6151925443995077,-1.6207842447687708,3.0,7.855938104448743,17.083049059257956,1.0710743801652893,3.1843748901002287,6.783794619307192,13.906126252857396,5.71135924037278,7.037967293828028,1.6621909618427992,2.8167997186565854,4.497235800949534,2.9741164058378757,1.8857499560400912,0.4382627044135749,2.9213926499032885,5.690891506945666,22.496550026375946,109.31971162299982,111.05050114295763,0.1489558687377842,31.3927579467133,66.2124267050715,2.131570826046703,0.0,-4.351733360765353,0.9826663923464668,178.0,137.0,368.0,93.0,548.0,,1060.0,98.0,277.0,13.606501388746016,0.3236181462812468,0.09562339265507665,0.11245087953914207,0.2395649624524226,0.2282949285052978,0.5838006377944657,0.2994937763604567,0.32147783149881703,0.4284440901141858,0.5536371772451393,0.9127515687686453,0.03409937249254192,95.0,0.2661289990741693,0.3804016047731715,3.0,0.0,0,0,0,0.0,0.0,0.0,0,0,0,0,0,0,0,0,0,0,0,0.0,0,0.0,0,0.000625,0,0.0,0,0.0,,,1987,2002,16,0.7717050714947021
Chris Dudley,dudlech02,83,235.0,1965-02-22,Yale,1988,2003,1987-11-06T00:00:00Z,False,16,NBA,"CLE, NJN, POR, NYK, PHO, POR",C,886,331.0,18.42099322799097,1.569977426636569,3.81489841986456,0.4115384615384615,0.0,0.0056433408577878106,0.0,1.569977426636569,3.809255079006772,0.41214814814814815,0.4115384615384615,0.7799097065462754,1.7020316027088036,0.4582228116710875,2.5214446952595937,3.6376975169300225,6.159142212189616,0.42325056433408575,0.37697516930022573,1.1591422121896162,0.835214446952596,2.6275395033860045,3.919864559819413,16321.0,1391,3380,0.0,5.0,1391.0,3375.0,691,1508,2234.0,3223.0,5457.0,375,334.0,1027.0,740.0,2328.0,3473,0.0,10.647650266527785,0.42907536302922616,0.0016301697199926476,0.44493885178604253,15.127320629863366,22.439752466147905,18.749206543716685,3.211886526560873,1.036609276392378,4.230580234054286,15.700594326328043,12.509025182280498,-1.8000000000000003,27.5,26.200000000000003,0.07691605906500829,-3.453336192635255,0.46954230745665093,-3.042491268917346,-4.199999999999999,4.320874946388089,10.481116353164634,0.0,0.009343790208933276,4.320874946388089,10.458017278353042,2.146192022547638,4.671202744929845,6.943673794497887,10.089614606948102,17.007830402548866,1.166913792047056,1.036609276392378,3.1915078732920774,2.2949145272961218,7.293180564916366,10.790650082715521,97.75013785919981,101.73708718828503,0.0,0.0,0.0,6.3551011892343,93.74066346755686,2.464156060922178,-1.837596494888379,39.0,37.0,330.0,41.0,122.0,,239.0,23.0,61.0,6.676507406634675,0.431976423951596,0.4857665345295223,0.06832756102649697,0.011618193198414355,0.00272897976215314,0.5633010640517422,0.3009025662424369,0.2735046943459212,0.22699770498643856,0.5321443772167745,0.0,0.10333173377842687,70.0,0.0,0.0,1.0,0.0,0,0,0,0.0,0.0,0.0,0,0,0,0,0,0,0,0,0,0,0,0.0,0,0.0,0,0.0,0,0.0,0,0.0,,,1988,2003,16,0.9972710202378469
Mark Jackson,jacksma01,75,192.0,1965-04-01,St. John's,1988,2003,1987-11-06T00:00:00Z,False,16,NBA,"NYK, LAC, IND, DEN, IND, TOR, NYK, UTA",PG,1254,1089.0,30.736842105263158,3.795055821371611,8.477671451355661,0.44765309001975356,0.5797448165869219,1.7320574162679425,0.3347145488029466,3.215311004784689,6.745614035087719,0.4766520865350514,0.48184554604458657,1.7073365231259967,2.216108452950558,0.7704210147535084,1.0135566188197767,2.8883572567783093,3.901913875598086,8.145933014354068,1.2687400318979267,0.09250398724082935,2.473684210526316,1.7456140350877194,9.87719298245614,38544.0,4759,10631,727.0,2172.0,4032.0,8459.0,2141,2779,1271.0,3622.0,4893.0,10215,1591.0,116.0,3102.0,2189.0,12386,18.0,16.07002905770029,0.5217500778331258,0.21166119240348694,0.2603781392694064,3.8009599418846,10.718734433374843,7.31986301369863,39.51042185554172,2.1007679535076798,0.20251919883769198,21.020405251141554,16.89837588210876,55.0,36.6,91.1,0.11388802407638024,1.9728725612287255,-0.08756486093814861,1.8831932337069324,37.8,6.2620874844333745,14.028899439601496,0.963247198007472,2.9021144665836447,5.302158572021585,11.127713781652137,2.824647156496472,3.6780536529680363,1.6725404732254048,4.834088314653383,6.496064238273142,13.61336913657119,2.1007679535076798,0.14903227480282275,4.107617268576172,2.907798879202989,16.337572644250727,110.07461602324616,107.17696658364467,98.11260591164866,2.0290408123666,0.0,0.0,0.0,1.4674600607981374,0.020768384968630715,880.0,186.0,281.0,80.0,248.0,,9465.0,58.0,235.0,13.234085764180843,0.23187814501002518,0.2644207360455339,0.10770318866826209,0.09077608175409094,0.30460597632753383,0.5732977815147791,0.404711467563547,0.3689901688118492,0.38349647500161693,0.3031969471573636,0.8752236595304314,0.0,0.0,0.09915626414850268,0.3126502813530819,22.0,3.0,0,0,1,0.0,0.0040625,0.0625,0,0,0,0,0,0,6,1,0,1,0,0.00025,1,0.963,0,0.0,0,0.0,0,0.0,,,1988,2004,16,0.6953940236724662
Mark Jackson,jacksma01,75,192.0,1965-04-01,St. John's,1989,2004,1987-11-06T00:00:00Z,False,16,NBA,"NYK, LAC, IND, DEN, IND, TOR, NYK, UTA, HOU",PG,1214,1012.0,29.548599670510708,3.587314662273476,8.00494233937397,0.4481374768470879,0.5782537067545305,1.7191103789126854,0.33636799233349307,3.0090609555189456,6.285831960461285,0.4787052810902896,0.48425601975715166,1.6169686985172982,2.102141680395387,0.7692006269592476,0.9563426688632619,2.8056013179571666,3.7619439868204285,7.7973640856672155,1.1556836902800658,0.0914332784184514,2.386326194398682,1.6359143327841845,9.36985172981878,35872.0,4355,9718,702.0,2087.0,3653.0,7631.0,1963,2552,1161.0,3406.0,4567.0,9466,1403.0,111.0,2897.0,1986.0,11375,16.0,15.988213648528099,0.5230390834076717,0.22279111842105262,0.2622256355932203,3.7481238849241754,10.79961529884032,7.346905664585191,39.5936301293488,2.0022106378233717,0.21015555307760928,21.401756244424618,16.816988180196255,51.2,33.099999999999994,83.89999999999999,0.1126834578501338,1.9234388938447815,-0.1985420383586084,1.7226248884924176,33.699999999999996,6.191285682426405,13.859040477252451,1.0009701159678859,3.0089289696699373,5.186432314897413,10.85110950044603,2.7977029438001786,3.6492473238180194,1.6485699152542375,4.9145043487957185,6.551722792149866,13.64076995985727,2.0022106378233717,0.15268454504906334,4.149832738626226,2.861064339875112,16.20864741302409,109.8490466101695,107.1842105263158,98.03660057363761,2.099950118468637,0.0,0.0,0.0,1.4326536974685125,-0.041139792991644795,923.0,193.0,293.0,82.0,259.0,,9742.0,59.0,240.0,13.276031924180073,0.23253011597456041,0.26174329716922307,0.10670650953984287,0.09002861952861953,0.30839774286070587,0.5728193665045517,0.40529748098266616,0.3737035166479611,0.37484412021449054,0.3042691732136177,0.8797127447312632,0.0,0.0,0.10260443945629129,0.3058991769547325,22.0,3.0,0,0,1,0.0,0.0033125,0.0,0,0,0,0,0,0,5,0,0,0,0,6.25e-05,0,0.0,0,0.0,0,0.0,0,0.0,,,1988,2004,17,0.6916022571392941
Reggie Miller,millere01,79,185.0,1965-08-24,UCLA,1988,2003,1987-11-06T00:00:00Z,True,16,NBA,IND,SG,1243,1158.0,34.802896218825424,6.168141592920354,13.021721641190668,0.47368095885333006,1.8744971842316975,4.709573612228479,0.3980184489238128,4.293644408688657,8.312148028962188,0.5165505226480837,0.5456567403929322,4.699115044247788,5.304102976669348,0.8859396329440316,0.6814159292035398,2.406275140788415,3.087691069991955,3.0136765888978276,1.1182622687047465,0.22767497988736926,1.821399839098954,2.0313757039420755,18.909895414320193,43260.0,7667,16186,2330.0,5854.0,5337.0,10332.0,5841,6593,847.0,2991.0,3838.0,3746,1390.0,283.0,2264.0,2525.0,23505,1.0,18.57229079981507,0.614520411465557,0.36337491909385117,0.40500175681923245,2.3273485899214057,7.693779472954231,5.114602404068423,14.21646093388812,1.655776699029126,0.44359685621821543,10.537903374942209,21.982961165048543,129.3,29.6,159.0,0.1763746648173833,3.888435043920481,-0.3148659269533056,3.5785922330097093,60.900000000000006,9.116759130836801,19.301211280628753,2.7958622283865004,7.026911696717521,6.328277854831254,12.28076051779935,6.9538811835413785,7.845249653259362,0.9964886731391586,3.565277392510403,4.564204808136847,4.441239019879797,1.655776699029126,0.34315071659731855,2.6801017105871474,3.0011465557096626,28.00167591308368,121.49084604715672,109.1473185390661,10.24511270163444,86.37891250934729,3.4661895096677706,0.0,0.0,3.5966777053733585,1.4097745967311184,403.0,165.0,262.0,133.0,703.0,,3080.0,137.0,193.0,18.02242281807499,0.12329366520670866,0.06024906527080441,0.11837971370580068,0.2773781647259908,0.42039579104796493,0.704054160880248,0.4066834205747249,0.3833509774596731,0.4558031193248584,0.6932511483815832,0.869748264074351,0.004497382758252323,31.0,0.25825173592564893,0.4163575472705907,17.0,0.0,0,0,5,0.002125,0.06937499999999999,0.0255625,0,0,2,0,0,3,12,0,0,1,0,0.0001875,0,0.0,0,0.0,0,0.020375,0,0.0,,,1988,2005,16,0.579604208952035
Reggie Miller,millere01,79,185.0,1965-08-24,UCLA,1989,2004,1987-11-06T00:00:00Z,True,16,NBA,IND,SG,1241,1237.0,35.19258662369057,6.141015310233683,13.016116035455278,0.4718009038568687,1.9363416599516519,4.847703464947623,0.3994348404255319,4.2046736502820306,8.168412570507655,0.5147479530433067,0.5461833715099362,4.704270749395649,5.295729250604351,0.8883140596469872,0.6204673650282031,2.4705882352941178,3.0910556003223206,3.112812248186946,1.129734085414988,0.22159548751007252,1.7977437550362612,1.9854955680902497,18.922643029814665,43674.0,7621,16153,2403.0,6016.0,5218.0,10137.0,5838,6572,770.0,3066.0,3836.0,3863,1402.0,275.0,2231.0,2464.0,23483,1.0,18.637328845537393,0.6152253743646104,0.37739128543298067,0.4029973897513394,2.1115927096212848,7.849404680130053,5.078863854925126,14.637713513761048,1.6636740394742866,0.4347575216375876,10.391351834043139,21.785742089114805,132.4,31.2,163.7,0.1798226404725924,3.934256079131749,-0.24858039107936072,3.695812153684114,62.7,9.014223565508082,19.163012318541924,2.8722626734441543,7.184540000915876,6.154432843339287,11.979711040893896,6.905236525163714,7.766668956358474,0.9023606722535146,3.637754728213583,4.543478957732289,4.566501808856528,1.6636740394742866,0.3343156111187434,2.6286806795805284,2.914452534688831,27.81997298163667,121.88432476988598,108.64878417365023,9.144212433257056,87.0903890160183,3.8459191456903126,0.0,0.0,4.370718916857362,2.3113558352402745,449.0,178.0,288.0,139.0,739.0,,3607.0,145.0,202.0,18.245671243325706,0.11885640732265444,0.058825371853546915,0.11232136727688787,0.2740063882532418,0.4356120327993898,0.7073794813119756,0.41671086003051105,0.3885786136536995,0.4509887490465293,0.6946210907704042,0.8725691742944317,0.004229023646071701,32.0,0.2610185450038139,0.42255158276125093,18.0,0.0,0,0,5,0.002125,0.06937499999999999,0.0,0,0,2,0,0,3,12,0,0,0,0,0.0001875,0,0.0,0,0.0,0,0.020375,0,0.0,,,1988,2005,17,0.5643879672006101
Reggie Miller,millere01,79,185.0,1965-08-24,UCLA,1990,2005,1987-11-06T00:00:00Z,True,16,NBA,IND,SG,1233,1233.0,35.07137064071371,6.112733171127331,13.009732360097324,0.4698584876254598,1.9472830494728306,4.922952149229522,0.3955518945634267,4.1654501216545015,8.086780210867802,0.515093771938622,0.5446979614737236,4.704785077047851,5.27169505271695,0.8924615384615384,0.5798864557988646,2.420924574209246,3.0008110300081103,3.067315490673155,1.102189781021898,0.2035685320356853,1.7558799675587997,1.948905109489051,18.877534468775345,43243.0,7537,16041,2401.0,6070.0,5136.0,9971.0,5801,6500,715.0,2985.0,3700.0,3782,1359.0,251.0,2165.0,2403.0,23276,1.0,18.710415558587517,0.6143836227828781,0.3840638484841477,0.40118513979141135,1.9819230858173578,7.7687903244455745,4.968339384409037,14.674504544088062,1.6379760886154984,0.40777466873251167,10.159024582013274,21.93045117128784,132.3,31.4,163.8,0.1816933376500243,3.963270355895752,-0.26566149434590575,3.702978516754157,62.2,9.057526073584164,19.336701893948153,2.9111601877760562,7.360206276160304,6.158962144162061,11.977746687325116,6.967920819554611,7.803632957935388,0.8535901764447426,3.6029438290590385,4.4599310871123645,4.544818814605832,1.6379760886154984,0.3073283537219897,2.5938949656591817,2.8970029831417805,28.019031982054898,121.92303956709756,108.46934764008047,8.310255188250077,85.44053550539405,6.322386378406481,0.0,0.0,4.428109700619558,2.9122438369221437,497.0,188.0,316.0,154.0,806.0,,3937.0,154.0,213.0,18.341826610632122,0.11312386811663272,0.05692608639140419,0.1156664789220571,0.28038984446081194,0.43364100342272865,0.7089864823881115,0.43616294787920795,0.404303539707985,0.4511721762488627,0.6919196308652138,0.879448507430354,0.004481738226246697,37.0,0.2644824747627919,0.4198564620250422,19.0,0.0,0,0,5,0.002125,0.0695625,0.0,0,0,2,0,0,3,13,0,0,0,0,0.0001875,0,0.0,0,0.0,0,0.020375,0,0.0,,,1988,2005,18,0.5663589965772713
Horace Grant,grantho01,82,215.0,1965-07-04,Clemson,1988,2003,1987-11-07T00:00:00Z,False,16,NBA,"CHI, ORL, SEA, LAL, ORL",PF,1110,1027.0,33.7972972972973,4.817117117117117,9.433333333333334,0.5106484576449241,0.0036036036036036037,0.055855855855855854,0.06451612903225806,4.813513513513514,9.377477477477477,0.5133057930636948,0.5108394613694967,1.8693693693693694,2.701801801801802,0.6918972990996999,3.052252252252252,5.245045045045045,8.297297297297296,2.255855855855856,1.008108108108108,1.0045045045045045,1.1477477477477478,2.488288288288288,11.507207207207207,37515.0,5347,10471,4.0,62.0,5343.0,10409.0,2075,2999,3388.0,5822.0,9210.0,2504,1119.0,1115.0,1274.0,2762.0,12773,0.0,16.122369718779154,0.5402147407703586,0.005886125549780088,0.28476993202718914,10.464168999067041,17.872794882047177,14.175460482473682,9.853618552578968,1.5439504198320673,2.0019272291083565,9.649065707050513,15.307975476476075,68.3,48.0,116.0,0.14870297214447553,1.0267946154871386,0.4348447287751566,1.4622764227642275,32.6,7.3497134479541515,14.427413034786086,0.0,0.0789230974276956,7.34239637478342,14.346821271491404,2.8524803411968547,4.11834199653472,4.667255764360922,8.013184059709449,12.67375449820072,3.442905504464881,1.5439504198320673,1.5265333866453417,1.7591816606690656,3.7896361455417837,17.571254165000667,117.24848727175797,104.37305077968813,0.0,0.0,0.5358638012838404,73.27414178063076,26.189994418085405,2.4274281328495677,4.21418504046888,225.0,69.0,495.0,31.0,321.0,,1940.0,81.0,129.0,12.700502372313704,0.2470028607312308,0.09141110801004744,0.14793741278258443,0.507956949483673,0.005741975997767234,0.6544801144292492,0.36233205414457154,0.3470643315657271,0.4491554563215183,0.8018363103544516,0.1741557354172481,0.027196762489533913,97.0,0.07597209042701647,0.1741557354172481,2.0,0.0,4,0,1,0.109375,0.008,0.02275,0,4,10,0,0,0,6,0,0,1,0,0.0,0,0.0,0,0.0,0,0.0,0,0.0023125,,,1988,2004,16,0.9942580240022326
Horace Grant,grantho01,82,215.0,1965-07-04,Clemson,1989,2004,1987-11-07T00:00:00Z,False,16,NBA,"CHI, ORL, SEA, LAL, ORL, LAL",PF,1084,1031.0,33.94280442804428,4.783210332103321,9.398523985239853,0.5089320769532784,0.0036900369003690036,0.05627306273062731,0.06557377049180328,4.779520295202952,9.342250922509225,0.5116026463908364,0.5091283863368669,1.845018450184502,2.6485239852398523,0.6966213862765587,3.055350553505535,5.243542435424354,8.29889298892989,2.293357933579336,1.007380073800738,0.9990774907749077,1.1226937269372694,2.408671586715867,11.415129151291513,36794.0,5185,10188,4.0,61.0,5181.0,10127.0,2000,2871,3312.0,5684.0,8996.0,2486,1092.0,1083.0,1217.0,2611.0,12374,0.0,16.11141218676958,0.5380101647007665,0.005923085285644399,0.2797683589715715,10.42307713214111,17.800252758601946,14.115774311028972,9.996575528618797,1.537753438060553,1.9988258955264446,9.518185030167961,15.160061423058108,67.5,46.6,113.80000000000001,0.148720362015546,1.1002228624232213,0.43840028265478065,1.5362667826276022,32.6,7.275406316247214,14.330581073001033,0.0,0.07550415828667718,7.2679458607381635,14.25337555036147,2.80855302494972,4.025917269119964,4.656416807088113,7.989395010055989,12.642001413273903,3.4903951731260534,1.537753438060553,1.5120236995162253,1.7165652008479644,3.6601973147795834,17.382097624612705,117.25982497146273,104.30064684459423,0.0,0.0,0.49747376603186944,73.5410674957896,25.96145873817852,2.3394934577017747,3.6472017100660707,241.0,76.0,535.0,33.0,340.0,,2095.0,83.0,139.0,12.600168415597876,0.252017554087317,0.089375696333722,0.14822846223604091,0.5048078118927322,0.005617178390983287,0.6479263505635445,0.3721947791164658,0.33903588547739344,0.4424816686099235,0.7981226842855292,0.16167897396035755,0.025893120870579094,99.0,0.0705293431791683,0.16167897396035755,2.0,0.0,4,0,1,0.109375,0.008,0.0,0,4,10,0,0,0,6,0,0,0,0,0.0,0,0.0,0,0.0,0,0.0,0,0.0023125,,,1988,2004,17,0.9943828216090167
Scottie Pippen,pippesc01,80,210.0,1965-09-25,University of Central Arkansas,1988,2003,1987-11-07T00:00:00Z,True,16,NBA,"CHI, HOU, POR",SF,1155,1047.0,35.2008658008658,6.378354978354978,13.471861471861471,0.47345758354755785,0.8354978354978355,2.5575757575757576,0.32667569397427215,5.542857142857143,10.914285714285715,0.5078534031413613,0.5044665809768637,2.688311688311688,3.8181818181818183,0.7040816326530612,1.7731601731601732,4.656277056277056,6.429437229437229,5.268398268398268,1.9792207792207792,0.8121212121212121,2.794805194805195,2.8493506493506495,16.28051948051948,40657.0,7367,15560,965.0,2954.0,6402.0,12606.0,3105,4410,2048.0,5378.0,7426.0,6085,2286.0,938.0,3228.0,3291.0,18804,17.0,18.69748382812308,0.5357302555525494,0.19397218191209384,0.2823763681530856,5.932560198735765,15.272017118823328,10.66683473940527,23.152534618884815,2.932250289003124,1.5605406203113854,15.831426322650465,22.548345918292053,58.0,66.69999999999999,124.80000000000001,0.14735073911011634,2.347885972895196,1.7843446392995057,4.150094694640529,63.10000000000001,9.42009985980274,19.904011609316967,1.2569299259660083,3.835216567872691,8.169855129497995,16.08950734190914,3.9651105590673192,5.632269965811545,2.617527117101606,6.888535799493322,9.499990161595788,7.795238212361955,2.932250289003124,1.1940010330324422,4.145205007747744,4.202737535971666,24.052778119389032,107.89982044912315,101.3494355215584,0.0,4.357946870778928,88.12047340322891,7.911751463304817,0.10625844214317876,7.369910593683669,2.6558242747797003,681.0,246.0,426.0,113.0,527.0,,5138.0,125.0,235.0,14.330025085225444,0.283996076413456,0.09931517334533993,0.10847417508200938,0.20972644240046312,0.29831928989515666,0.6313676593555027,0.36197414292146396,0.3804038078085804,0.4314002701485817,0.5677890268218949,0.7704220749983919,0.045943333118929695,234.0,0.1824286357496623,0.36845539332347077,9.0,0.0,6,0,7,0.42612500000000003,0.29293749999999996,0.019875,8,10,13,3,5,7,10,0,0,1,0,0.044687500000000005,0,0.0,0,0.0,0,0.0020625,0,0.0314375,,,1988,2004,16,0.7016807101048433
Scottie Pippen,pippesc01,80,210.0,1965-09-25,University of Central Arkansas,1989,2004,1987-11-07T00:00:00Z,True,16,NBA,"CHI, HOU, POR, CHI",SF,1099,1053.0,35.8680618744313,6.514103730664241,13.772520473157416,0.47297832980972515,0.8862602365787079,2.710646041856233,0.3269553541456865,5.627843494085532,11.061874431301183,0.5087603849633956,0.5051532769556025,2.7506824385805277,3.880800727934486,0.7087924970691677,1.7770700636942676,4.770700636942675,6.547770700636943,5.428571428571429,2.016378525932666,0.8143767060964513,2.8444040036396725,2.8343949044585988,16.665150136487718,39419.0,7159,15136,974.0,2979.0,6185.0,12157.0,3023,4265,1953.0,5243.0,7196.0,5966,2216.0,895.0,3126.0,3115.0,18315,17.0,18.87433471168726,0.5367693498059312,0.20193290037799033,0.28049524341053805,5.834178949237677,15.361160861513486,10.660582460234911,23.492214414368704,2.935358583424237,1.5467439559603238,15.784274081026917,22.624198990334612,58.2,64.60000000000001,122.8,0.1496025520687993,2.486521728100662,1.7943301453613743,4.299276998401786,62.6,9.451112407722164,19.994160176564602,1.308942388188437,3.9901215150054545,8.153250970344251,16.02540145615059,3.986014358558056,5.627032649230067,2.5793602070067734,6.934229686191938,9.507326416195236,7.888241710850097,2.935358583424237,1.1760242522641364,4.146629797813238,4.112821228341663,24.19265328902306,108.1480250640554,101.28714579263807,0.0,4.322889905382543,88.11736324331099,7.939845855003447,0.1035152578482361,6.6039476157653985,2.145804874992167,703.0,253.0,440.0,113.0,534.0,,5248.0,126.0,242.0,14.360229337677799,0.2820083338555047,0.09840347139545084,0.10918478601416129,0.2107661507613259,0.2994727739833323,0.6301964408797543,0.3612261419888464,0.3787411491948117,0.43058963594210165,0.5660389748731124,0.770385362491384,0.0449379660379723,235.0,0.18148818848298764,0.36632671220001256,9.0,0.0,6,0,7,0.426125,0.29293749999999996,0.0,8,10,13,3,5,7,10,0,0,0,0,0.044687500000000005,0,0.0,0,0.0,0,0.0020625,0,0.0314375,,,1988,2004,17,0.7005272260166677
Rod Strickland,stricro02,75,175.0,1966-07-11,DePaul,1989,2004,1988-11-04T00:00:00Z,False,16,NBA,"NYK, SAS, POR, WSB, WAS, POR, MIA, MIN, ORL, TOR",PG,1078,738.0,31.018552875695732,5.017625231910946,11.02504638218924,0.45511148506520827,0.17996289424860853,0.6391465677179963,0.28156748911465895,4.837662337662338,10.385899814471243,0.46579135405501965,0.4632730332351704,3.175324675324675,4.405380333951762,0.7207833228048011,1.0844155844155845,2.679035250463822,3.7634508348794062,7.3729128014842304,1.4962894248608534,0.19758812615955473,2.640074211502783,1.885899814471243,13.390538033395176,33438.0,5409,11885,194.0,689.0,5215.0,11196.0,3423,4749,1169.0,2888.0,4057.0,7948,1613.0,213.0,2846.0,2033.0,14435,6.0,18.073694598959268,0.5152816556014116,0.05614576230635804,0.39682857826425033,3.9018452060529936,9.86344278964053,6.843740654345355,37.2953585740774,2.451285962079072,0.43388360547879656,16.92554877684072,21.794572043782523,49.5,36.5,86.0,0.12341964232310544,2.0506968120102878,0.3051199234403972,2.3507596148094985,36.6,8.231410371433698,18.101013816615826,0.29217357497457985,1.0555146838925773,7.920276332316527,17.0359441354148,5.210715353789103,7.203543872241163,1.7616544051677734,4.415267061427119,6.164561277588373,12.103645552963695,2.451285962079072,0.3194658771457623,4.332283629403673,3.0926610443208324,21.943555236557213,107.78470602308751,105.54103116215084,93.16806132226125,6.685404024273395,0.14653465346534653,0.0,0.0,-0.9332673267326732,1.5763845416799744,757.0,298.0,363.0,96.0,809.0,,7864.0,185.0,289.0,11.036039603960397,0.3215639731715107,0.1487074417119131,0.2208984988821463,0.25713075694666243,0.05173375918236985,0.5879325455126158,0.3550722452890451,0.3730984350047908,0.42285883104439487,0.2677768763973171,0.6207982114340467,0.0003828808687320345,2.0,0.0755061002874481,0.16617917598211432,7.0,1.0,0,0,0,0.0010625,0.0266875,0.0234375,0,0,1,0,1,1,6,0,1,1,0,6.25e-05,0,0.0,0,0.0,0,0.0018124999999999999,0,0.0,,,1989,2005,16,0.9482662408176301
Rod Strickland,stricro02,75,175.0,1966-07-11,DePaul,1990,2005,1988-11-04T00:00:00Z,False,16,NBA,"NYK, SAS, POR, WSB, WAS, POR, MIA, MIN, ORL, TOR, HOU",PG,1013,730.0,31.861796643632776,5.086870681145114,11.215202369200394,0.45356922806091016,0.17374136229022705,0.6238894373149062,0.27848101265822783,4.913129318854886,10.591312931885488,0.46388293410383075,0.4613150250858199,3.2181638696939783,4.469891411648568,0.7199646643109541,1.106614017769003,2.7670286278381044,3.8736426456071076,7.56959526159921,1.4985192497532083,0.20927936821322804,2.6791707798617965,1.8815399802566635,13.565646594274432,32276.0,5153,11361,176.0,632.0,4977.0,10729.0,3260,4528,1121.0,2803.0,3924.0,7668,1518.0,212.0,2714.0,1906.0,13742,6.0,17.99497459412567,0.5129460280084273,0.05407677531292601,0.39540575040277604,3.8807442062213413,9.920076837278474,6.865224934936175,37.48044986987235,2.4055490147478,0.4501549138678895,16.926381831701576,21.69118540091709,46.8,35.2,82.1,0.12204151691659436,2.020814227289627,0.29927500309827737,2.310642582724005,35.0,8.164267567232619,18.017117982401786,0.27926942619903333,1.0130096666253563,7.8695625232370805,16.994209319618292,5.169460280084273,7.151707150824142,1.7584087247490394,4.458628702441443,6.204232246870739,12.150579377865908,2.4055490147478,0.3304033957119841,4.304600941876317,3.026942619903334,21.75370553971992,107.49240922047342,105.4702875201388,93.25253927197022,6.6027379976026745,0.1447227304271024,0.0,0.0,-0.8289887073370765,1.5915147309318023,769.0,302.0,369.0,96.0,812.0,,7951.0,185.0,292.0,11.049195634344837,0.3204688663175825,0.1485997728849915,0.22190133114629992,0.25740117342754404,0.05167522553782096,0.5868452463566967,0.3527467036780014,0.37038924988959687,0.41763011797362953,0.26601141883792817,0.6254870986057662,0.0003781464891804933,2.0,0.0745724559964671,0.16412434546716295,7.0,1.0,0,0,0,0.0010625,0.0266875,0.0,0,0,1,0,1,1,6,0,0,0,0,6.25e-05,0,0.0,0,0.0,0,0.0018124999999999999,0,0.0,,,1989,2005,17,0.9483247744621791
Avery Johnson,johnsav01,70,175.0,1965-03-25,"Cameron University, Southern University and A&M College",1989,2004,1988-11-05T00:00:00Z,False,16,NBA,"SEA, DEN, SAS, HOU, SAS, GSW, SAS, DEN, DAL, GSW",PG,1054,637.0,25.251423149905122,3.4364326375711576,7.176470588235294,0.4788471708090957,0.025616698292220113,0.17647058823529413,0.14516129032258066,3.4108159392789372,7.0,0.48725941989699106,0.48063194077207827,1.4667931688804554,2.0777988614800758,0.7059360730593607,0.35958254269449713,1.301707779886148,1.6612903225806452,5.546489563567363,0.9554079696394687,0.1461100569259962,1.6584440227703985,1.5740037950664136,8.36527514231499,26615.0,3622,7564,27.0,186.0,3595.0,7378.0,1546,2190,379.0,1372.0,1751.0,5846,1007.0,154.0,1748.0,1659.0,8817,0.0,14.488442607552134,0.5164058237835807,0.024903024610182227,0.28901608115724214,1.6380800300582379,5.67977832049596,3.7151906819462712,33.9303250046966,1.9533082848018035,0.4039150854781138,17.070708247229007,17.23986098065001,33.5,23.200000000000003,56.6,0.10200450873567539,0.26668044335900803,-0.22721021980086417,0.02822844260755207,13.799999999999999,7.051966935938381,14.721382678940449,0.04581626902122864,0.3638474544429833,6.988423821153485,14.387890287431897,3.0008303588202145,4.254713507420627,0.7309111403343977,2.6696374225061055,3.4035957167011084,11.387909073830546,1.9533082848018035,0.3210332519256059,3.398519631786587,3.2226488822092807,17.185714822468533,108.53274469284239,107.48431335712944,99.85409986257444,0.14590013742556115,0.0,0.0,0.0,1.6230798595205373,-1.4254237288135592,486.0,155.0,258.0,37.0,358.0,,5800.0,86.0,257.0,9.559016643762407,0.4244124293785311,0.17769018170713086,0.1057394258665445,0.27088028706672773,0.020893571537639332,0.5722205680256528,0.3941060467246908,0.3711690334402199,0.4213345548938769,0.37933272255306155,0.7168269964880134,0.0003850206138341732,2.0,0.22013986868224156,0.07056222324018933,11.0,0.0,1,0,0,0.0,0.0005625000000000001,0.0,0,0,0,0,0,0,3,0,0,0,0,0.0,0,0.0,0,0.0,0,0.002375,0,0.0,,,1989,2004,16,0.9791064284623607
Vlade Divac,divacvl01,85,243.0,1968-02-03,,1990,2005,1989-11-03T00:00:00Z,True,16,NBA,"LAL, CHH, SAC, LAL",C,1134,979.0,29.839506172839506,4.58994708994709,9.268077601410935,0.49524262607040914,0.08818342151675485,0.37566137566137564,0.2347417840375587,4.5017636684303355,8.892416225749558,0.5062475208250694,0.5,2.54673721340388,3.6825396825396823,0.6915708812260536,2.5405643738977073,5.6834215167548505,8.223985890652557,3.122574955908289,1.1358024691358024,1.4382716049382716,2.178130511463845,3.1825396825396823,11.814814814814815,33838.0,5205,10510,100.0,426.0,5105.0,10084.0,2888,4176,2881.0,6445.0,9326.0,3541,1288.0,1631.0,2470.0,3609.0,13398,8.0,17.71387493350671,0.5421938648856316,0.03992514332998404,0.3976709616407589,9.66235888645901,21.0389709793723,15.42110053785685,16.04133518529464,1.9354542230628289,3.198971570423784,16.669209173118976,19.17228559607542,43.6,52.8,96.3,0.1367566936580176,0.5277528222708198,1.7356729121106447,2.2448962704651576,36.2,7.817285300549678,15.835770435604942,0.1512116555351971,0.6475116732667415,7.688604527454341,15.181242981263667,4.336157574324724,6.278246350257108,4.334585377386371,9.703215320054378,14.019764761510729,5.333143211773745,1.9354542230628289,2.4637774100124123,3.7234174596607366,5.436432413263195,20.16024292215852,107.76662332289142,101.35734972516106,0.0,0.0,0.0,0.0,100.0,5.977453796542193,4.503842610156631,677.0,327.0,974.0,141.0,919.0,,4881.0,198.0,494.0,8.144572109912742,0.43360565822990627,0.2662261666034361,0.08380152837244594,0.18123787328600074,0.03488146983903311,0.6234731992845917,0.41138913880006506,0.3335267465178039,0.40013798710097015,0.6032842664354235,0.9059960977724785,0.051537911224323885,272.0,0.13295702129965853,0.1825053384640399,8.0,0.0,0,0,1,0.0,0.010437499999999999,0.0480625,0,0,0,0,0,0,5,1,1,1,0,0.0,0,0.0,0,0.0,0,0.000625,0,0.0,,,1990,2005,16,0.9651185301609669
Clifford Robinson,robincl02,82,225.0,1966-12-16,UConn,1990,2005,1989-11-03T00:00:00Z,False,16,NBA,"POR, PHO, DET, GSW, NJN",PF/SF,1250,830.0,31.7944,5.6712,12.9152,0.43911050545094155,0.9344,2.6192,0.3567501527183873,4.7368,10.296,0.46006216006216005,0.47528493557978196,2.7936,4.04,0.6914851485148514,1.4128,3.3208,4.7336,2.3632,1.0768,1.0616,1.928,3.0968,15.0704,39743.0,7089,16144,1168.0,3274.0,5921.0,12870.0,3492,5050,1766.0,4151.0,5917.0,2954,1346.0,1327.0,2410.0,3871.0,18838,0.0,14.928309387816723,0.511535867951589,0.21326782074830788,0.3081636514606346,4.956090380695972,11.918639760460962,8.417542711924114,12.41274941499132,1.7256850262939385,2.321430188964094,11.704788264600056,22.806660292378535,34.1,52.6,86.5,0.10462302795460834,0.1599476637395265,0.5473391540648668,0.7036006340739249,27.0,9.102855848828725,20.75288478474197,1.5416350049065246,4.310162795964069,7.560237022871952,16.4545253252145,4.478313162066276,6.456621291799813,2.2549555896635884,5.328666683441109,7.581143849231312,3.8269758196411945,1.7256850262939385,1.6975744156203607,3.1110333895277154,4.976214679314596,24.218199431346402,103.52394132300027,103.39835945952747,0.0,0.19925155563291413,31.866324354901874,55.72503372351073,12.724772638266394,2.030564379269832,-1.7228144989339018,674.0,314.0,974.0,123.0,989.0,,4128.0,226.0,412.0,13.858839911231017,0.18798550976893957,0.21026186850006523,0.15636634611200556,0.1762529480875506,0.2691615682520343,0.6081318915625952,0.4113741786693355,0.3647224663852748,0.4181695313519864,0.6663287933510291,0.9692626517557983,0.026278882555154256,208.0,0.17116356990557416,0.3485472781863278,6.0,1.0,0,0,1,0.061625,0.0022500000000000003,0.021625,0,2,10,0,0,0,6,0,0,1,0,0.0,0,0.0,1,0.05675,0,0.00625,0,0.0015,,,1990,2007,16,0.7308384317479658
Clifford Robinson,robincl02,82,225.0,1966-12-16,UConn,1991,2006,1989-11-03T00:00:00Z,False,16,NBA,"POR, PHO, DET, GSW, NJN",PF/SF,1248,843.0,32.08413461538461,5.61698717948718,12.745192307692308,0.44071419590091787,0.9743589743589743,2.7283653846153846,0.35712187958883995,4.642628205128205,10.016826923076923,0.4634829213662907,0.4789387652458192,2.7291666666666665,3.9086538461538463,0.6982369823698237,1.3709935897435896,3.3373397435897436,4.708333333333333,2.3806089743589745,1.0713141025641026,1.0528846153846154,1.8774038461538463,3.0857371794871793,14.9375,40041.0,7010,15906,1216.0,3405.0,5794.0,12501.0,3406,4878,1711.0,4165.0,5876.0,2971,1337.0,1314.0,2343.0,3851.0,18642,0.0,14.900379610898828,0.5141617591968233,0.225240403586324,0.29998101945505856,4.784261132339352,11.914774855772833,8.327516795284833,12.447840963012911,1.710791438775255,2.301171299418096,11.584151244973901,22.38023026397942,36.300000000000004,52.9,89.0,0.10685002872056142,0.21292425264104295,0.5914687445368497,0.8053869783471941,28.3,8.980375115506604,20.402974451187532,1.593624035363752,4.45991109113159,7.3818660872605575,15.954778851677029,4.35452661022452,6.2224444943932475,2.183636772308384,5.342224220174321,7.52340101396069,3.8334781848605175,1.710791438775255,1.673584575809795,3.019197822232212,4.947913388776504,23.89758747284034,103.84203691216503,103.35630978247296,0.0,0.1843100949927548,29.476734825309933,57.0204475929802,13.79524231202705,1.8857953630655293,-1.781094026726775,705.0,332.0,1102.0,130.0,1015.0,10.0,4334.0,229.0,425.0,14.049396232490743,0.1840122363548543,0.20206854773788435,0.1551390677829657,0.18425768797295122,0.2745485831589116,0.6070721703429399,0.41944481564965386,0.36234366446626953,0.42145628723232975,0.6804768555788118,0.9702927869908228,0.025508090484624053,216.0,0.18014985509579778,0.3503809370471743,7.0,1.0,0,0,1,0.061625,0.0022500000000000003,0.0,0,2,10,0,0,0,6,0,0,0,0,0.0,0,0.0,1,0.0571875,0,0.00625,0,0.0015,,,1990,2007,17,0.7254514168410885
Clifford Robinson,robincl02,82,225.0,1966-12-16,UConn,1992,2007,1989-11-03T00:00:00Z,False,16,NBA,"POR, PHO, DET, GSW, NJN",SF,1216,833.0,32.11842105263158,5.524671052631579,12.59703947368421,0.4385690037863951,1.015625,2.838815789473684,0.3577636152954809,4.509046052631579,9.758223684210526,0.46207652115287373,0.4788810549680115,2.645559210526316,3.7828947368421053,0.6993478260869566,1.3314144736842106,3.3141447368421053,4.645559210526316,2.3610197368421053,1.0452302631578947,1.0370065789473684,1.8421052631578947,3.03125,14.710526315789474,39056.0,6718,15318,1235.0,3452.0,5483.0,11866.0,3217,4600,1619.0,4030.0,5649.0,2871,1271.0,1261.0,2240.0,3686.0,17888,0.0,14.720058377714052,0.5125573791478902,0.23713785333879558,0.2922090075788611,4.647611122490782,11.858293219991808,8.224206267922982,12.415890004096683,1.6766770790659564,2.2864527857435477,11.544090536665301,22.137502560426057,34.6,50.7,85.1,0.10469676874231872,0.1875051208521098,0.556790249897583,0.7453144203195411,27.0,8.8599114092585,20.227455448586646,1.663081216714461,4.635582240884883,7.19678922572716,15.59891693977878,4.237994162228595,6.045803461696027,2.1312602417042195,5.3210518230233514,7.449790045063499,3.8148376689881194,1.6766770790659564,1.6532030929946744,2.972992625972962,4.88187218353134,23.60188703400246,103.52017615731258,103.43788406390823,0.0,0.1774874995154851,28.385596340943447,56.42741966742897,15.46858405364549,1.3791891158572043,-2.2630140703128028,722.0,338.0,1164.0,130.0,1023.0,25.0,4456.0,229.0,432.0,14.125303306329704,0.1811244621884569,0.20054831582619478,0.1522836156440172,0.19050401178340245,0.27560176751036863,0.6022943137330904,0.4176515368812745,0.36199779061203924,0.4183669909686422,0.6890101166711888,0.9713924570719796,0.024563859064304815,216.0,0.189731695026939,0.35529008876313034,7.0,1.0,0,0,1,0.061625,0.0022500000000000003,0.0,0,2,10,0,0,0,6,0,0,0,0,0.0,0,0.0,1,0.0571875,0,0.00625,0,0.0015,,,1990,2007,18,0.7243982324896314
Gary Payton,paytoga01,76,180.0,1968-07-23,Oregon State,1991,2006,1990-11-03T00:00:00Z,True,16,NBA,"SEA, MIL, LAL, BOS, MIA",PG,1267,1205.0,36.00157853196527,6.759273875295975,14.468823993685872,0.46716124809077025,0.8681925808997633,2.7205998421468034,0.3191180736872643,5.891081294396211,11.748224151539068,0.501444407121263,0.4971634300676413,2.546961325966851,3.4909234411996843,0.7295952973095184,1.0844514601420678,2.9700078926598263,4.054459352801894,6.91791633780584,1.8958168902920285,0.22257300710339384,2.339384372533544,2.44672454617206,16.933701657458563,45614.0,8564,18332,1100.0,3447.0,7464.0,14885.0,3227,4423,1374.0,3763.0,5137.0,8765,2402.0,282.0,2964.0,3100.0,21455,15.0,19.201881001446925,0.5270269434822642,0.18451023808479852,0.23968649975884596,3.5421690708992855,9.576893059148508,6.559637392028763,32.30334107949314,2.7244398649537422,0.45322488709606695,13.140388915683781,22.789680799754464,96.4,47.8,144.20000000000002,0.151707699390538,2.934544218880168,0.5394812996009998,3.4674398211075546,62.9,9.757394659534354,20.916530012715395,1.271188670145131,3.957306967159205,8.514203972464594,16.95963958433814,3.696540535800412,5.04892138378568,1.5602139693953612,4.303553733502872,5.852253694041302,9.977908098390845,2.7244398649537422,0.3012452317271013,3.375029596176612,3.508756083658526,24.48949664576665,111.34349103345464,105.4868461437278,85.6378914940955,14.362108505904501,0.0,0.0,0.0,3.9581790176279306,4.007294198185863,932.0,452.0,548.0,201.0,1031.0,14.0,12617.0,276.0,613.0,11.749905870272121,0.32877206914256374,0.17340393633407497,0.11922597980489476,0.1455697758001027,0.2328442238576074,0.6528208454561013,0.3817816874893034,0.36375950710251587,0.39758904672257406,0.3440601061098751,0.7972647270237891,0.0008339209310285812,11.0,0.24090176279308576,0.34352086257059733,9.0,0.0,1,0,9,0.48350000000000004,0.340875,0.0264375,9,9,14,2,7,9,11,0,1,1,0,0.0515,0,0.0,0,0.0,0,0.009250000000000001,1,0.0770625,,,1991,2007,16,0.7671557761423927
Gary Payton,paytoga01,76,180.0,1968-07-23,Oregon State,1992,2007,1990-11-03T00:00:00Z,True,16,NBA,"SEA, MIL, LAL, BOS, MIA",PG,1253,1151.0,35.812450119712686,6.743016759776537,14.46368715083799,0.46620316724604094,0.902633679169992,2.8387869114126096,0.3179645768906382,5.840383080606545,11.62490023942538,0.5024028559659481,0.49740661038459416,2.550678371907422,3.498004788507582,0.729180926306183,1.0247406225059856,2.986432561851556,4.011173184357542,6.7342378292098966,1.819632881085395,0.2154828411811652,2.274541101356744,2.368715083798883,16.939345570630486,44873.0,8449,18123,1131.0,3557.0,7318.0,14566.0,3196,4383,1284.0,3742.0,5026.0,8438,2280.0,270.0,2850.0,2968.0,21225,14.0,19.16031466583469,0.5272666636953179,0.19766108795935197,0.2404183361932565,3.36250974973815,9.661384351391705,6.51707931272703,31.996570320682817,2.634642212466294,0.44740489826844654,12.709524658480602,22.903217970717357,95.5,46.599999999999994,142.1,0.15196909054442537,2.9041740021839413,0.4800303077574488,3.3775098611637286,60.800000000000004,9.799298018853209,21.057259376462458,1.3290241347803802,4.155028636373766,8.503734985403248,16.90265415728835,3.726113698660665,5.089267488244601,1.486056203061975,4.35857419829296,5.836275711452321,9.795395895081676,2.634642212466294,0.2945668887749872,3.3077685913578323,3.432331245960823,24.664176676397837,111.26378891538342,105.44534575357119,85.31310632202617,14.686893677973826,0.0,0.0,0.0,3.470935607786965,3.395325216485448,973.0,464.0,594.0,209.0,1049.0,28.0,13075.0,279.0,638.0,11.835536167719253,0.3261899863272348,0.17093772381014388,0.11941063871345792,0.14539511035874733,0.23789152939644506,0.6494535125984765,0.38267309069600886,0.36553271697376133,0.39413519760401067,0.3468950452503418,0.801068233608959,0.0007931180415391627,11.0,0.2502030731167394,0.3377706881958461,10.0,0.0,1,0,9,0.48350000000000004,0.340875,0.0,9,9,14,2,7,9,11,0,0,0,0,0.051500000000000004,0,0.0,0,0.0,0,0.009250000000000001,1,0.07706249999999999,,,1991,2007,17,0.7621084706035549
Dikembe Mutombo,mutomdi01,86,245.0,1966-06-25,Georgetown,1992,2007,1991-11-01T00:00:00Z,True,16,NBA,"DEN, ATL, PHI, NJN, NYK, HOU",C,1148,970.0,31.425087108013937,3.5897212543554007,6.926829268292683,0.5182344064386318,0.0,0.0017421602787456446,0.0,3.5897212543554007,6.925087108013937,0.5183647798742138,0.5182344064386318,2.9207317073170733,4.2735191637630665,0.6834488381573584,3.2473867595818815,7.316202090592334,10.563588850174217,1.0757839721254356,0.42073170731707316,2.813588850174216,1.872822299651568,2.8893728222996518,10.100174216027874,36076.0,4121,7952,0.0,2.0,4121.0,7950.0,3353,4906,3728.0,8399.0,12127.0,1235,483.0,3230.0,2150.0,3317.0,11595,10.0,17.272829581993573,0.5755329027608383,0.00030857079498835795,0.6250955482869498,11.841806186938685,26.238732121077724,19.10504490520013,5.3574537088369,0.6963410577669364,6.281807850094245,17.489014857523006,15.112179842554607,47.5,66.8,114.5,0.15233906198026387,-0.07070905865395274,1.7549756070517797,1.6752910522230844,33.3,5.968139483313006,11.508767601729684,0.0,0.0,5.968139483313006,11.508767601729684,4.873627896662601,7.126610488967736,5.4144278744871945,12.205976272314004,17.627586206896552,1.7548730457922166,0.6963410577669364,4.687529105222308,3.119117973167757,4.820126954207783,16.81044738884577,111.4763554717818,99.24794877480873,0.0,0.0,0.0,0.0,100.0,4.578642972536349,8.259884606508194,180.0,288.0,965.0,271.0,1041.0,15.0,1321.0,207.0,344.0,5.36060466189707,0.4714152319409186,0.3876804523424879,0.12766766674359567,0.013252711747057467,0.0,0.6535897530579275,0.43288045234248784,0.31039912300946226,0.18091128548349872,0.47059376875144243,0.0,0.14291880913916455,613.0,0.0,0.0,0.0,0.0,0,0,8,0.29093749999999996,0.056,0.0625,3,6,11,0,1,3,8,1,1,1,0,0.0001875,0,0.036,0,0.0,0,0.0,4,0.134125,,,1992,2009,16,1.0
Dikembe Mutombo,mutomdi01,86,245.0,1966-06-25,Georgetown,1993,2008,1991-11-01T00:00:00Z,True,16,NBA,"DEN, ATL, PHI, NJN, NYK, HOU",C,1116,924.0,30.447132616487455,3.347670250896057,6.418458781362007,0.5215691749267067,0.0,0.0017921146953405018,0.0,3.347670250896057,6.416666666666667,0.5217148442954894,0.5215691749267067,2.7455197132616487,3.988351254480287,0.6883846326668165,3.118279569892473,7.146953405017921,10.265232974910393,0.9713261648745519,0.40412186379928317,2.74910394265233,1.7159498207885304,2.7768817204301075,9.440860215053764,33979.0,3736,7163,0.0,2.0,3736.0,7161.0,3064,4451,3480.0,7976.0,11456.0,1084,451.0,3068.0,1915.0,3099.0,10536,10.0,17.28409017334236,0.5786548750698961,0.0003276141146001943,0.6279685688219194,11.850966773595456,26.423738191235763,19.23101621589805,5.022534506607022,0.6917655022219606,6.389652432384708,17.33159598575591,14.594861532122781,47.099999999999994,64.60000000000001,112.0,0.15810912622502132,-0.04897436652049796,1.8608670060919978,1.802363224344448,32.400000000000006,5.78838988787192,11.097789811354072,0.0,0.0,5.78838988787192,11.097789811354072,4.759984107831308,6.918087642367345,5.398625621707526,12.371970923217283,17.780043556314197,1.6466523440948824,0.6917655022219606,4.747767738897555,2.97924600488537,4.8115541952382355,16.345330939698048,112.38203007740074,98.66729450542982,0.0,0.0,0.0,0.027777777777777776,99.97222222222223,4.593125112188116,8.013776700771855,181.0,295.0,1005.0,274.0,1064.0,19.0,1334.0,209.0,359.0,5.306143421288818,0.4777648088314486,0.38107821755519655,0.12689912044516247,0.014273469754083647,0.0,0.6527955932507629,0.43243932866630763,0.3087213695925327,0.18283041644229042,0.4749661640639024,0.0,0.14589328666307666,631.0,0.0,0.0,0.0,0.0,0,0,7,0.2885,0.05600000000000001,0.0,3,6,11,0,1,3,8,0,0,0,0,0.0001875,0,0.0,0,0.0,0,0.0,4,0.134125,,,1992,2009,17,1.0
Dikembe Mutombo,mutomdi01,86,245.0,1966-06-25,Georgetown,1994,2009,1991-11-01T00:00:00Z,True,16,NBA,"DEN, ATL, PHI, NJN, NYK, HOU",C,1043,844.0,29.766059443911793,3.205177372962608,6.131351869606903,0.5227521501172792,0.0,0.0019175455417066154,0.0,3.205177372962608,6.129434324065197,0.522915689034882,0.5227521501172792,2.622243528283797,3.8044103547459254,0.6892641129032258,3.0182166826462127,6.9712368168744,9.989453499520614,0.8983700862895494,0.3911792905081496,2.6768935762224353,1.6347075743048898,2.709491850431448,9.032598274209013,31046.0,3343,6395,0.0,2.0,3343.0,6393.0,2735,3968,3148.0,7271.0,10419.0,937,408.0,2792.0,1705.0,2826.0,9421,8.0,17.27224441151839,0.5794621851446241,0.00035856471042968504,0.6279683695162017,11.856538684532628,26.507914063003284,19.285202602589703,4.833585647104297,0.6888230367841268,6.462845455131096,17.313009727501125,14.417693100560458,43.800000000000004,59.3,103.4,0.15975671584101012,-0.06627906976744183,1.8839657282741737,1.8072569735231592,29.699999999999996,5.7292340398118915,10.958687109450494,0.0,0.0,5.7292340398118915,10.958687109450494,4.702782967209947,6.826112864781292,5.392759131611157,12.454657604844426,17.857756232686977,1.577816787992012,0.6888230367841268,4.766366037492753,2.939187012819687,4.845935064098434,16.160870965663854,112.56068414610579,98.34316820202281,0.0,0.0,0.0,0.027658623771224307,99.97234137622877,4.573422698838248,7.959669347631815,182.0,299.0,1010.0,275.0,1066.0,21.0,1334.0,210.0,360.0,5.288529937444148,0.4793443699731904,0.38010415549597854,0.12635478105451298,0.014212243074173368,0.0,0.6515567917783736,0.43272913315460226,0.30739709562109024,0.18204615728328863,0.47550250223413765,0.0,0.14559776586237713,632.0,0.0,0.0,0.0,0.0,0,0,7,0.283875,0.056,0.0,3,6,10,0,1,3,8,0,0,0,0,0.0001875,0,0.0,0,0.0,0,0.0,4,0.134125,,,1992,2009,18,1.0
Dale Davis,davisda01,83,230.0,1969-03-25,Clemson,1992,2007,1991-11-18T00:00:00Z,False,16,NBA,"IND, POR, GSW, IND, DET",C,1094,863.0,27.062157221206583,3.283363802559415,6.196526508226691,0.5298716624870925,0.0,0.007312614259597806,0.0,3.283363802559415,6.189213893967093,0.5304977108255797,0.5298716624870925,1.3912248628884827,2.4753199268738575,0.5620384047267356,3.019195612431444,4.8464351005484465,7.865630712979891,0.8939670932358318,0.6316270566727605,1.1608775137111518,0.9963436928702011,2.6307129798903106,7.957952468007313,29606.0,3592,6779,0.0,8.0,3592.0,6771.0,1522,2708,3303.0,5302.0,8605.0,978,691.0,1270.0,1090.0,2878.0,8706,0.0,15.241974599743294,0.5449567655205025,0.0013258123353374316,0.40090724853070325,13.38390191177464,20.607758562453558,17.07064446396001,5.156062960210769,1.244214010673512,3.0914274133621564,11.972167803823549,13.950222927784909,45.6,41.5,86.7,0.14096656083226372,0.2845943389853408,0.1969060325609674,0.4795345538066609,18.3,6.437502533270283,12.144730797811254,0.0,0.009106262244139702,6.437502533270283,12.127281632101601,2.7271465243531714,4.8450280348577985,5.9303452002972366,9.497899074511922,15.421924609876374,1.7582415726541918,1.244214010673512,2.2728534756468286,1.9423292575829223,5.144828750928866,15.585887995676549,114.64750388434777,102.73339863541175,0.0,0.0,0.0,31.856861492600874,68.14313850739913,3.6654476737996378,0.5337325668050676,153.0,173.0,829.0,104.0,663.0,1.0,1478.0,130.0,343.0,5.816283402533802,0.5243857659959544,0.22098190141594803,0.20103656978601087,0.052236931757691896,0.0013186415415735121,0.6539720536569785,0.31900441818375386,0.3861368572341105,0.3472565740445012,0.6170729798786331,0.0,0.17829527307569465,720.0,0.009475141062493347,0.0,1.0,0.0,0,0,1,0.02525,0.000375,0.009625,0,0,8,0,0,0,1,0,0,1,0,0.0,0,0.0,0,0.0,0,0.00125,0,0.0,,,1992,2007,16,0.9986813584584264
Robert Horry,horryro01,82,240.0,1970-08-25,Alabama,1993,2008,1992-11-06T00:00:00Z,False,16,NBA,"HOU, PHO, LAL, SAS",PF,1107,480.0,24.45257452574526,2.5474254742547426,6.000903342366757,0.4245069998494656,0.7181571815718157,2.1038843721770553,0.34134821811936455,1.829268292682927,3.897018970189702,0.4694019471488178,0.4843444227005871,1.156278229448961,1.5916892502258355,0.7264472190692395,1.4850948509485096,3.274616079494128,4.759710930442638,2.116531165311653,1.046070460704607,0.9349593495934959,1.2448057813911473,2.4209575429087624,6.969286359530262,27069.0,2820,6643,795.0,2329.0,2025.0,4314.0,1280,1762,1644.0,3625.0,5269.0,2343,1158.0,1035.0,1378.0,2680.0,7715,0.0,13.363851638405555,0.5194496287265877,0.3552158557759799,0.26972027042003766,7.041944659943108,14.83010085337471,11.025405445343383,12.761498392995678,2.2175440540840072,2.6825852451143373,15.667449850382354,14.627703276811111,23.3,43.1,66.6,0.11767738002881525,-0.10706712475525508,1.9876279138497914,1.8452288595810706,26.5,5.416114374376593,12.739026192323323,1.5338172817614246,4.483700912482914,3.8682588939377145,8.26757545531789,2.449850382356201,3.3871328826332707,3.1715209279988175,6.9706638590269305,10.141117145073702,4.4946876500794275,2.2175440540840072,1.9917359340943517,2.630802763308582,5.175883852377258,14.792807270309208,106.89175809967121,101.05751967194946,0.0,0.0,7.592888284921578,88.79650076439613,3.7060189117264026,7.776762357737387,2.6983296529075367,473.0,161.0,893.0,94.0,390.0,26.0,3163.0,85.0,150.0,14.886642885453824,0.2636341656757828,0.10571790951814732,0.10044374610724194,0.14941334012796562,0.3805824132268841,0.6248960987486553,0.32776552856576635,0.3934071683370137,0.28852471547477493,0.6485965687107185,0.9136402808447993,0.07866621369118397,272.0,0.24744357624143593,0.3824259668195459,5.0,0.0,7,0,0,0.005375,0.0,0.033625,0,0,2,0,0,0,0,0,1,1,0,0.0,0,0.0,0,0.0005,0,0.0,0,0.0,,,1993,2008,16,0.6194175867731159
Shaquille O'Neal,onealsh01,85,325.0,1972-03-06,LSU,1993,2008,1992-11-06T00:00:00Z,True,16,NBA,"ORL, LAL, MIA, PHO",C,1042,1033.0,36.15547024952016,10.001919385796546,17.228406909788866,0.580548128342246,0.0009596928982725527,0.019193857965451054,0.05,10.000959692898272,17.209213051823415,0.5811398616997546,0.5805759803921569,5.221689059500959,9.957773512476008,0.5243831919814957,3.724568138195777,7.727447216890595,11.452015355086372,2.6813819577735125,0.6324376199616123,2.418426103646833,2.8608445297504796,3.4587332053742803,25.226487523992322,37674.0,10422,17952,1.0,20.0,10421.0,17932.0,5441,10376,3881.0,8052.0,11933.0,2794,659.0,2520.0,2981.0,3604.0,26286,2.0,27.13799968147794,0.5837890853108244,0.0010618729096989966,0.5827384668471625,11.93440834527791,23.736200031852206,17.9653049848702,14.487625418060201,0.9053432075171206,4.695415936720284,11.896950151297975,30.12015979189892,107.9,60.6,168.0,0.21417277167277168,4.890099272707968,0.7469448425970165,5.623618410574933,72.3,14.28987896161809,24.616167648776344,0.0,0.018076126771778944,14.28987896161809,24.589940011679143,7.463500026543506,14.236465466900249,5.331958379784466,11.044993894993894,16.353790412486063,3.842955353824919,0.9053432075171206,3.4476243563200084,4.0867388649997345,4.95303126824866,36.04739873652917,112.6365397887137,100.77886606147476,0.0,0.0,0.0,0.0,100.0,8.266261788004527,9.777404752923426,671.0,409.0,1474.0,408.0,3149.0,20.0,4766.0,977.0,468.0,4.36701244813278,0.5011278762731045,0.4233500188608072,0.07255654470011316,0.002221350433798567,0.0006781591852131272,0.7512032063372313,0.43267627310448886,0.27306416446623916,0.1478098453413806,0.6205610335722369,0.0,0.1989133911731422,2327.0,0.0,0.0,4.0,0.0,4,3,14,0.1126875,0.592875,0.0625,0,3,12,8,10,13,16,1,1,1,1,0.27375,1,0.98,0,0.0,0,0.0018750000000000001,0,0.015499999999999998,,,1993,2011,16,0.9993218408147868
Shaquille O'Neal,onealsh01,85,325.0,1972-03-06,LSU,1994,2009,1992-11-06T00:00:00Z,True,16,NBA,"ORL, LAL, MIA, PHO",C,1036,1027.0,35.57432432432432,9.846525096525097,16.881274131274132,0.5832809194350734,0.0009652509652509653,0.01833976833976834,0.05263157894736842,9.845559845559846,16.862934362934364,0.5838580423583286,0.5833095088341244,5.138030888030888,9.82046332046332,0.523196382936898,3.5965250965250966,7.44980694980695,11.046332046332047,2.671814671814672,0.6254826254826255,2.2606177606177607,2.7432432432432434,3.413127413127413,24.832046332046332,36855.0,10201,17489,1.0,19.0,10200.0,17470.0,5323,10174,3726.0,7718.0,11444.0,2768,648.0,2342.0,2842.0,3536.0,25726,2.0,27.195514855514855,0.5861674671008004,0.0009799213132546467,0.5873099986433319,11.700195360195359,23.36814814814815,17.650118030118033,14.645125491792157,0.9093501560168228,4.538662325328992,11.6674535341202,30.01840455840456,109.0,56.800000000000004,165.39999999999998,0.21549325735992406,4.9482132682132685,0.6202224935558269,5.5608221408221405,70.1,14.312435219101888,24.539321665988332,0.0,0.01847781847781848,14.312435219101888,24.520843847510513,7.476022249355583,14.280610500610502,5.240455840455841,10.837123863790529,16.062235788902456,3.891130104463437,0.9093501560168228,3.287586487586488,3.9870085470085472,4.971984805318138,36.09901505901506,113.28951295617962,101.34611314611314,0.0,0.0,0.0,0.0,100.0,7.822606216535707,9.113643001182115,728.0,438.0,1633.0,440.0,3397.0,24.0,5058.0,1045.0,508.0,4.291297545372366,0.5069901953967041,0.4183115569153744,0.07188658646825673,0.0020474236840275365,0.0007033585981503373,0.7507958069675266,0.4330148112092344,0.279244663097142,0.13623666643487936,0.6184813643001181,0.0,0.2015822960851123,2507.0,0.0,0.0,5.0,0.0,4,3,14,0.1115,0.5924375,0.0,0,3,11,8,10,14,16,0,0,0,1,0.2718125,0,0.0,0,0.0,0,0.0018750000000000001,0,0.0155,,,1993,2011,17,0.9992966414018496
Shaquille O'Neal,onealsh01,85,325.0,1972-03-06,LSU,1995,2010,1992-11-06T00:00:00Z,True,16,NBA,"ORL, LAL, MIA, PHO, CLE",C,1008,999.0,34.59424603174603,9.43452380952381,16.231150793650794,0.5812603141617261,0.000992063492063492,0.017857142857142856,0.05555555555555555,9.433531746031745,16.213293650793652,0.5818393195863673,0.5812908746409143,4.924603174603175,9.47420634920635,0.5197905759162303,3.4077380952380953,7.234126984126984,10.641865079365079,2.6319444444444446,0.5823412698412699,2.1557539682539684,2.703373015873016,3.3968253968253967,23.794642857142858,34871.0,9510,16361,1.0,18.0,9509.0,16343.0,4964,9550,3435.0,7292.0,10727.0,2653,587.0,2173.0,2725.0,3424.0,23985,1.0,26.744363511227093,0.5836735969716956,0.0010143385621289897,0.5887073499469473,11.452000229416994,23.35993518969918,17.52993318230048,14.863184307877605,0.8714777322130136,4.519526253907258,11.94652289868372,29.937664535000433,97.79999999999998,54.1,151.60000000000002,0.20868675977173012,4.620962977832583,0.628484987525451,5.241401164291245,63.49999999999999,14.143878867827135,24.33033466204009,0.0,0.019529121619683978,14.143878867827135,24.31080554042041,7.384336554730291,14.20483209543747,5.122566029078604,10.849903931633735,15.956253046944452,3.9468096699263002,0.8714777322130136,3.234251957213731,4.046720770841101,5.10409509334404,35.6736657967939,112.3387628688595,101.30890998250696,0.0,0.0,0.0,0.0,100.0,7.648083461102594,8.50965268982068,757.0,461.0,1741.0,468.0,3515.0,28.0,5240.0,1074.0,533.0,4.254459702686487,0.5101317245516966,0.4158601759882674,0.07098200119992,0.0022107859476034933,0.0007569495366975535,0.7471671555229651,0.4330555296313579,0.2874593360442637,0.1306059262715819,0.6162709486034263,0.0,0.20056629558029462,2583.0,0.0,0.0,5.0,0.0,4,3,13,0.1115,0.581,0.0,0,3,11,8,10,13,15,0,0,0,1,0.2539375,0,0.0,0,0.0,0,0.0018750000000000001,0,0.0155,,,1993,2011,18,0.9992430504633023
Shaquille O'Neal,onealsh01,85,325.0,1972-03-06,LSU,1996,2011,1992-11-06T00:00:00Z,True,16,NBA,"ORL, LAL, MIA, PHO, CLE, BOS",C,966,956.0,33.850931677018636,9.020703933747413,15.494824016563147,0.5821753073222875,0.0010351966873706005,0.013457556935817806,0.07692307692307693,9.01966873706004,15.48136645962733,0.5826145101972584,0.58220871191876,4.743271221532091,9.13768115942029,0.519089158264416,3.2660455486542443,7.090062111801243,10.356107660455487,2.55175983436853,0.5486542443064182,2.0942028985507246,2.6677018633540373,3.401656314699793,22.785714285714285,32700.0,8714,14968,1.0,13.0,8713.0,14955.0,4582,8827,3155.0,6849.0,10004.0,2465,530.0,2023.0,2577.0,3286.0,22011,1.0,26.363599388379203,0.5850191437308868,0.0008135168195718655,0.5948743119266054,11.214324159021407,23.433345565749235,17.456290519877676,14.796788990825688,0.8384281345565749,4.518522935779817,12.308764525993885,29.536018348623855,89.30000000000001,51.3,140.3,0.20598391437308872,4.388085626911315,0.6983272171253824,5.077831804281345,58.2,13.862229357798165,23.814036697247705,0.0,0.0118868501529052,13.862229357798165,23.802149847094803,7.288009174311926,14.047773700305811,5.031336391437309,10.896871559633027,15.910914373088684,3.919501529051988,0.8384281345565749,3.2229877675840983,4.094516819571866,5.236189602446483,35.02078287461774,111.80192660550459,100.99226299694189,0.0,0.0,0.0,0.0,100.0,7.7985107628276005,8.536313975417832,770.0,474.0,1817.0,481.0,3581.0,28.0,5293.0,1093.0,546.0,4.194442999284647,0.5179776289263186,0.4097016648240879,0.06936860245821681,0.002156727580152175,0.0007384405280613904,0.7464784093126097,0.43283410288092605,0.2804303505235091,0.1274123366066203,0.6209102230604149,0.0,0.20113929895298172,2626.0,0.0,0.0,5.0,0.0,4,3,12,0.1103125,0.544,0.0,0,3,10,8,9,12,14,0,0,0,1,0.2179375,0,0.0,0,0.0,0,0.0018750000000000001,0,0.0155,,,1993,2011,19,0.9992615594719385
Lindsey Hunter,hunteli01,74,170.0,1970-12-03,"Alcorn State, Jackson State University",1994,2009,1993-11-05T00:00:00Z,False,16,NBA,"DET, MIL, LAL, TOR, DET, CHI",PG,924,438.0,25.033549783549784,3.2088744588744587,8.26082251082251,0.38844491025808986,1.1623376623376624,3.215367965367965,0.3614944463143723,2.0465367965367967,5.045454545454546,0.40561990561990563,0.45879732739420936,1.0162337662337662,1.3625541125541125,0.7458300238284352,0.47294372294372294,1.699134199134199,2.1720779220779223,2.7023809523809526,1.2110389610389611,0.17857142857142858,1.25,1.9967532467532467,8.596320346320347,23131.0,2965,7633,1074.0,2971.0,1891.0,4662.0,939,1259,437.0,1570.0,2007.0,2497,1119.0,165.0,1155.0,1845.0,7943,0.0,12.125014050408543,0.4852178029484242,0.3902562794518179,0.16450525269119362,2.2364532445635725,7.9286109549954595,5.108093035320565,17.416397907569927,2.587419480351044,0.5358220569798106,12.315459772599542,18.6413557563443,10.1,22.9,33.1,0.06886520254204315,-0.905369417664606,0.5972936751545544,-0.32511348406899837,9.7,6.84989840473823,17.63712334097099,2.4759629933855,6.874549306125977,4.3641606502096755,10.770948078336431,2.1708789070943753,2.9143487095240155,1.0063637542691626,3.628649863819117,4.652228610954995,5.742868877264277,2.587419480351044,0.3911504042194458,2.6547533612900436,4.270995633565345,18.355103540702952,101.1592667848342,105.5824218581125,93.5451697712144,6.3168876209654865,0.13794260782010404,0.0,0.0,2.308301169099961,-2.5663310398836487,445.0,194.0,505.0,63.0,315.0,18.0,3832.0,67.0,210.0,17.19535156905521,0.17937556637019636,0.05784203166079322,0.12185691111484027,0.2370296470324999,0.4037967220450859,0.5018765452816468,0.29557330648319075,0.3488632880237177,0.4054091849862952,0.4114734575152431,0.892047211500811,0.00685417016277899,36.0,0.248686916149242,0.39935128936622477,4.0,0.0,2,0,0,0.0,0.0,0.018,0,0,0,0,0,0,0,0,1,1,0,0.0,0,0.0,0,0.0,0,0.0026875,0,0.0,,,1994,2010,16,0.5962032779549141
Lindsey Hunter,hunteli01,74,170.0,1970-12-03,"Alcorn State, Jackson State University",1995,2010,1993-11-05T00:00:00Z,False,16,NBA,"DET, MIL, LAL, TOR, DET, CHI",PG,855,412.0,24.656140350877195,3.08187134502924,7.918128654970761,0.3892171344165436,1.1766081871345029,3.247953216374269,0.3622614332012964,1.9052631578947368,4.670175438596491,0.40796393688955673,0.4635155096011817,0.9789473684210527,1.3087719298245615,0.7479892761394102,0.45730994152046783,1.6853801169590643,2.1426900584795323,2.4748538011695906,1.168421052631579,0.18128654970760233,1.1403508771929824,1.9684210526315788,8.319298245614036,21081.0,2635,6770,1006.0,2777.0,1629.0,3993.0,837,1119,391.0,1441.0,1832.0,2116,999.0,155.0,975.0,1683.0,7113,0.0,12.054992647407618,0.48818087377259145,0.4068089749063137,0.1645081827237797,2.211868507186566,8.015203263602295,5.147312746074665,16.314524927659978,2.552858023812912,0.5570181680185949,11.920814951852378,18.158474455670984,11.5,22.0,33.599999999999994,0.07663635501162183,-0.8846971206299511,0.7033062947678004,-0.19950666476922344,9.5,6.714216593140742,17.262070110526068,2.554200464873583,7.0700346283383135,4.159593947156207,10.201223850860965,2.1393387410464397,2.8623784450453016,0.9932071533608462,3.6733409231061143,4.685437123476117,5.375432854228927,2.552858023812912,0.4085811868507187,2.4797163322423037,4.29341112850434,18.131839096817036,101.8416109292728,105.04980788387648,93.13478526584811,6.734985276959831,0.13700761153397412,0.0,0.0,2.252664036890938,-2.579437746541474,448.0,194.0,508.0,64.0,316.0,20.0,3852.0,67.0,210.0,17.205550308350464,0.17906122562364576,0.057904105783654666,0.12170876159786652,0.23723279071059505,0.4039946663703539,0.5001692871826213,0.2969589421634536,0.3464986388132674,0.40435579754430795,0.41207350408356025,0.8927789321628978,0.006807711539529974,36.0,0.24752319573309622,0.39664442469026057,4.0,0.0,2,0,0,0.0,0.0,0.0,0,0,0,0,0,0,0,0,0,0,0,0.0,0,0.0,0,0.0,0,0.0026875,0,0.0,,,1994,2010,17,0.5960053336296461
Grant Hill,hillgr01,80,225.0,1972-10-05,Duke,1995,2011,1994-11-04T00:00:00Z,True,16,NBA,"DET, ORL, PHO",SF,948,926.0,34.76898734177215,6.440928270042194,13.266877637130802,0.4854893853860221,0.21308016877637131,0.6677215189873418,0.31911532385466035,6.227848101265823,12.59915611814346,0.4943067649028801,0.4935199173093743,4.3575949367088604,5.659282700421941,0.7699906803355079,1.2035864978902953,5.071729957805907,6.275316455696203,4.344936708860759,1.261603375527426,0.569620253164557,2.4989451476793247,2.3734177215189876,17.45253164556962,32961.0,6106,12577,202.0,633.0,5904.0,11944.0,4131,5365,1141.0,4808.0,5949.0,4119,1196.0,540.0,2369.0,2250.0,16545,29.0,19.492721701404694,0.5551727192742938,0.05396853857589272,0.4215490731470526,4.147923303297836,16.91776645126058,10.647261915597221,22.466854767755834,1.9206243742604896,1.221589150814599,13.570455993446801,24.084733472892207,61.5,37.5,98.4,0.14337547404508358,2.4785413063924033,0.7731227814690089,3.24239252449865,43.4,9.744431297594128,20.05471314583902,0.31769363793574223,0.9784169169624708,9.419237887200024,19.063038135978886,6.613688905069627,8.60310366797124,1.814207700009102,7.7094809016716725,9.523688601680774,6.632993537817421,1.9206243742604896,0.8612451078547374,3.785722520554595,3.5708382634022025,26.39336185188556,110.50756955189466,105.63799642001153,0.0,9.352514524664175,81.52562631832143,9.031935758428006,0.0,3.024834400325649,2.782929356474115,862.0,506.0,840.0,251.0,1810.0,162.0,7376.0,442.0,562.0,10.874403286089628,0.3277374458794361,0.12166384191244496,0.23351119416793104,0.2561716685786182,0.060816600673500344,0.6573489990008512,0.4029200680901455,0.4119542611849166,0.42830103985493834,0.44737519890463684,0.8736092217740444,0.03974547607593531,384.0,0.3758344373311623,0.22490578396181035,10.0,1.0,0,0,7,0.05875,0.1775,0.0613125,0,0,7,1,5,5,7,1,1,1,0,0.0330625,1,0.41,0,0.0,0,0.00175,0,0.0032500000000000003,,,1995,2013,16,0.9391833993264996
Grant Hill,hillgr01,80,225.0,1972-10-05,Duke,1996,2012,1994-11-04T00:00:00Z,True,16,NBA,"DET, ORL, PHO",SF,927,903.0,34.15426105717368,6.255663430420712,12.906148867313917,0.48470411233701105,0.22869471413160733,0.7108953613807982,0.3216995447647951,6.026968716289105,12.195253505933117,0.4942061034940292,0.493564025409562,4.142394822006472,5.353829557713053,0.7737255692121701,1.1272923408845739,4.994606256742179,6.121898597626753,4.17799352750809,1.2006472491909386,0.5469255663430421,2.407766990291262,2.303128371089536,16.882416396979504,31661.0,5799,11964,212.0,659.0,5587.0,11305.0,3840,4963,1045.0,4630.0,5675.0,3873,1113.0,507.0,2232.0,2135.0,15650,28.0,19.221344872240294,0.5539701841382142,0.05920567891096301,0.4087904677679164,3.9659423265215885,16.920302580461765,10.568642809765958,22.012848615015315,1.861770000947538,1.1932408957392375,13.486301759262183,23.777060105492563,58.4,36.599999999999994,94.6,0.14345165977069582,2.3417516818799156,0.835087331417201,3.1671867597359524,41.1,9.646397776444207,19.8840971542276,0.34404156533274377,1.063346072455071,9.29019614036196,18.815406967562616,6.411168314329933,8.30587473547898,1.7335744291083668,7.732288935914848,9.465863365023216,6.504270237832033,1.861770000947538,0.8429834812545401,3.715744922775654,3.5312087426171,26.02847667477338,110.17775812513818,105.24373835317898,0.0,8.898735960001408,82.2764339283828,8.739269744023098,0.0,3.0478891588324357,2.982687229322911,892.0,524.0,878.0,257.0,1861.0,174.0,7613.0,448.0,589.0,10.982387944086476,0.32139414105137154,0.12274757931058765,0.23217636702932998,0.25999637336713494,0.06359110594697369,0.6576231822823141,0.3990423928734904,0.4091908735607902,0.4312946375127636,0.45783718883137925,0.8797416288158868,0.03791408753212915,385.0,0.39787028625752613,0.22830671455230453,11.0,1.0,0,0,6,0.0639375,0.177,0.0,0,0,8,1,5,5,6,0,0,0,0,0.0330625,0,0.0,0,0.0,0,0.00175,0,0.0034375000000000005,,,1995,2013,17,0.9364088940530263
Grant Hill,hillgr01,80,225.0,1972-10-05,Duke,1997,2013,1994-11-04T00:00:00Z,True,16,NBA,"DET, ORL, PHO, LAC",SF,876,823.0,32.92009132420091,6.019406392694064,12.375570776255708,0.48639424407342496,0.23972602739726026,0.7351598173515982,0.32608695652173914,5.779680365296803,11.64041095890411,0.4965185838972247,0.49607969744488517,3.845890410958904,4.955479452054795,0.7760884588804423,1.0547945205479452,4.585616438356165,5.640410958904109,3.8253424657534247,1.1689497716894977,0.5319634703196348,2.276255707762557,2.2054794520547945,16.124429223744293,28838.0,5273,10841,210.0,644.0,5063.0,10197.0,3369,4341,924.0,4017.0,4941.0,3351,1024.0,466.0,1994.0,1932.0,14125,18.0,18.813045287467922,0.5539796795894306,0.06432467577501907,0.39271932866356896,3.8260142867050417,16.105666134960817,10.06559747555309,20.743876135654347,1.8715444899091476,1.1940945974062003,13.40549622026493,23.388913933005064,51.9,31.299999999999997,82.8,0.1378384423330328,2.1402351064567586,0.7201123517580971,2.849750329426451,35.099999999999994,9.586476177266109,19.69196892988418,0.3724772869131008,1.1419203828282127,9.200648449961855,18.544181288577576,6.1488626118316105,7.9420070739995845,1.676489354324156,7.32451626326375,9.001005617587905,6.147943685415078,1.8715444899091476,0.8471912060475763,3.627546986614883,3.4846209861987654,25.671336431097856,109.78601151258756,105.63704140370345,0.0,8.77904154240932,81.95401900270477,9.197829253068868,0.0,3.001702614605729,2.819290519453499,900.0,533.0,897.0,260.0,1870.0,176.0,7673.0,450.0,596.0,11.005385255565574,0.31976673139607464,0.12320601289964629,0.23190092932935708,0.26069349469450026,0.06432467577501907,0.658477494971912,0.39602618073375406,0.41020327345863095,0.4282897565711908,0.4617189818988834,0.881563978084472,0.03733955198002636,385.0,0.4042367709272488,0.2298931964768708,11.0,1.0,0,0,5,0.056374999999999995,0.14756249999999999,0.0,0,0,7,1,4,4,5,0,0,0,0,0.029562500000000002,0,0.0,0,0.0,0,0.00175,0,0.0034375000000000005,,,1995,2013,18,0.9356753242249811
Jason Kidd,kiddja01,76,205.0,1973-03-23,California,1995,2010,1994-11-05T00:00:00Z,True,16,NBA,"DAL, PHO, NJN, DAL",PG,1187,1174.0,37.09856781802864,4.846672283066554,12.029486099410278,0.4028993627004692,1.4001684919966302,4.011794439764111,0.3490130197396052,3.446503791069924,8.017691659646166,0.4298623515813807,0.46109671545626446,2.5054759898904804,3.202190395956192,0.7824256774533017,1.405223251895535,5.2106149957877,6.615838247683235,9.202190395956192,1.9738837405223253,0.3251895534962089,3.080876158382477,1.8913226621735468,13.598989048020218,44036.0,5753,14279,1662.0,4762.0,4091.0,9517.0,2974,3801,1668.0,6185.0,7853.0,10923,2343.0,386.0,3657.0,2245.0,16142,105.0,18.482925333817786,0.5091532609682987,0.3459077572894904,0.26039965028612955,4.243646107730039,16.231176764465438,10.20808202379871,39.937169588518486,2.7824053047506587,0.6498160595876101,18.8705127622854,20.07088518484876,57.5,66.1,123.9,0.13494908711054593,2.5393382686892543,1.4218889090743934,3.978011172676901,66.2,6.826687255881551,16.94618948133345,1.9842401671359797,5.665691706785357,4.85319511308929,11.273980379689345,3.514905986011445,4.508756471977473,1.972125079480425,7.361853937687346,9.32804977745481,12.96504677990735,2.7824053047506587,0.443675629030793,4.3262058315923335,2.666375238441275,19.147204559905532,107.15821146334817,101.97495231174494,85.99744352272134,13.632936818490114,0.4517399697396567,0.0,0.0,4.3513251943444455,7.452178222987428,2238.0,520.0,848.0,124.0,979.0,69.0,20746.0,202.0,414.0,16.055945113998018,0.22073347420044867,0.06457812907601608,0.11123550894767047,0.25116784055929464,0.3522614389314969,0.54851899097407,0.3173120467470131,0.3448894714874524,0.3928213074555225,0.3771582928992539,0.8551690144519225,0.004232535086346324,42.0,0.17255381645536602,0.34355929462096313,48.0,2.0,0,0,10,0.290875,0.3063125,0.0625,4,9,15,5,6,6,15,1,1,1,0,0.058375,1,0.41,0,0.0,0,0.0,0,0.001,,,1995,2013,16,0.6477385610685031
Jason Kidd,kiddja01,76,205.0,1973-03-23,California,1996,2011,1994-11-05T00:00:00Z,True,16,NBA,"DAL, PHO, NJN, DAL",PG,1188,1175.0,37.054713804713806,4.745791245791246,11.7996632996633,0.40219717506063635,1.452020202020202,4.121212121212121,0.35232843137254904,3.2937710437710437,7.678451178451178,0.42896294672221,0.46372521044371523,2.3981481481481484,3.032828282828283,0.7907299472661671,1.3055555555555556,5.238215488215488,6.543771043771044,9.234848484848484,1.9579124579124578,0.3291245791245791,3.0185185185185186,1.867003367003367,13.341750841750843,44021.0,5638,14018,1725.0,4896.0,3913.0,9122.0,2849,3603,1551.0,6223.0,7774.0,10971,2326.0,391.0,3586.0,2218.0,15850,103.0,18.441891370027943,0.5109139955930124,0.36737834215488063,0.24880779627904864,3.989995683878149,16.323052633970153,10.148329206515072,40.07205197519366,2.770311896594807,0.6618863724131665,18.9724449694464,19.78799663796824,58.9,67.39999999999999,126.6,0.13798591581290745,2.558079098612026,1.5065423320687854,4.075384475591195,67.4,6.706333340905477,16.67520955907408,2.062820017718816,5.834699348038436,4.654299084527839,10.833990595397651,3.3762636014629384,4.28553417687013,1.8392221894096,7.422823198019127,9.256114127348312,13.055946025760434,2.770311896594807,0.4496831057904182,4.253758433474933,2.6422230299175395,18.846432384543743,107.46096181367983,101.67122509711274,84.8972357088833,14.757069314660747,0.42249981701515116,0.0,0.0,4.270329616707736,6.633230048551981,2386.0,545.0,915.0,125.0,989.0,78.0,22224.0,204.0,428.0,16.36949032620099,0.21168882816502793,0.06395815746456195,0.1069482274867641,0.24546092663527466,0.3719217800766097,0.5521101568790104,0.3203340571400688,0.339330031473394,0.39011430453558443,0.37876624295508327,0.8577471881328225,0.003958572230219338,42.0,0.17128814014199625,0.3407397955449289,52.0,3.0,1,0,10,0.28968750000000004,0.30525,0.0,4,9,14,5,6,6,15,0,0,0,0,0.0579375,0,0.0,0,0.0,0,0.0,0,0.001,,,1995,2013,17,0.6280782199233904
Jason Kidd,kiddja01,76,205.0,1973-03-23,California,1997,2012,1994-11-05T00:00:00Z,True,16,NBA,"DAL, PHO, NJN, DAL",PG,1155,1142.0,36.68051948051948,4.54025974025974,11.253679653679654,0.403446684105247,1.4467532467532467,4.089177489177489,0.3538005504975651,3.0935064935064935,7.1645021645021645,0.43178247734138975,0.46772580396984154,2.2874458874458874,2.857142857142857,0.8006060606060607,1.18008658008658,5.243290043290044,6.423376623376623,9.04935064935065,1.9333333333333333,0.3246753246753247,2.8995670995670997,1.858008658008658,12.814718614718615,42366.0,5244,12998,1671.0,4723.0,3573.0,8275.0,2642,3300,1363.0,6056.0,7419.0,10452,2233.0,375.0,3349.0,2146.0,14801,94.0,18.313982910824716,0.5144131851012604,0.38640893641127316,0.24354673558985981,3.719430675541708,16.489970731246753,10.120924798187225,39.589869234763725,2.7717556531180665,0.6643039229570883,19.169272529858848,19.234161827880847,58.1,66.89999999999999,125.30000000000001,0.14189165840532503,2.4672567624982293,1.6649978756550061,4.143438134353019,65.6,6.504765613935704,16.13259217296889,2.0835009205494974,5.866647783600057,4.432471793419252,10.25200868621064,3.2620615587971487,4.09487324741538,1.687112307038663,7.525277345040835,9.202971722607751,12.963737430958787,2.7717556531180665,0.4516239437284615,4.1471368550252565,2.6634022565264597,18.356729452863142,107.63522636076098,101.12453382429307,84.24958693291791,15.415970353585422,0.4087475806070906,0.0,0.0,4.219215880659019,6.501949676627484,2454.0,564.0,948.0,126.0,996.0,85.0,22808.0,204.0,434.0,16.57880139734693,0.20574236415993957,0.0630806779020913,0.1043133880942265,0.2404658216494359,0.38640893641127316,0.5463452768729642,0.3229271585705519,0.3422487607987537,0.3904360808195251,0.3745749421706085,0.8549561440777982,0.0038297219468441676,42.0,0.16922813104848228,0.3391533305008733,52.0,3.0,1,0,9,0.2864375,0.3005,0.0,4,9,13,5,6,6,14,0,0,0,0,0.0579375,0,0.0,0,0.0,0,0.0,0,0.001,,,1995,2013,18,0.6135910635887267
Jason Kidd,kiddja01,76,205.0,1973-03-23,California,1998,2013,1994-11-05T00:00:00Z,True,16,NBA,"PHO, NJN, DAL, NYK",PG,1176,1145.0,36.09268707482993,4.407312925170068,10.950680272108844,0.4024693275353316,1.465986394557823,4.1522108843537415,0.3530616424329306,2.941326530612245,6.798469387755102,0.4326454033771107,0.4694051871408604,2.185374149659864,2.7066326530612246,0.8074143889412504,1.147108843537415,5.224489795918367,6.371598639455782,8.677721088435375,1.8996598639455782,0.3231292517006803,2.7916666666666665,1.8341836734693877,12.465986394557824,42445.0,5183,12878,1724.0,4883.0,3459.0,7995.0,2570,3183,1349.0,6144.0,7493.0,10205,2234.0,380.0,3283.0,2157.0,14660,92.0,18.147699375662622,0.5160191541995524,0.40951862410177875,0.23428823182942635,3.6714477559194254,16.73004358581694,10.207312993285429,38.57298150547768,2.772738838496878,0.6789963482153375,18.971798798445047,18.96083166450701,58.39999999999999,67.69999999999999,126.3,0.14283750736246908,2.4360183767228176,1.7594675462363059,4.211275768641771,66.4,6.421441865944162,15.965157262339497,2.149987042054424,6.061262810696195,4.282641064907527,9.889984686064318,3.165308045706208,3.9462292378372013,1.6678831428907996,7.6262834256096115,9.289579455766285,12.641686888915064,2.772738838496878,0.4613405583696548,4.059851572623396,2.6784686064318532,18.159811520791614,107.92470255624926,100.94293791966074,83.78030392272352,15.88401460713865,0.45798091648015077,0.0,0.0,4.312654022853104,6.175945341029568,2416.0,563.0,956.0,120.0,949.0,93.0,22284.0,201.0,411.0,16.931301684532926,0.19383112262928495,0.0619902226410649,0.09960322770644364,0.23511610319236662,0.40951862410177875,0.5480678525150194,0.3305676522558605,0.354295370479444,0.3877656261043704,0.3673318647661679,0.8638222876663918,0.0025269878666509603,28.0,0.17329852750618446,0.34311405348097535,53.0,4.0,1,0,9,0.2864375,0.300375,0.0,4,9,13,5,6,6,13,0,0,0,0,0.0579375,0,0.0,0,0.0,0,0.0,0,0.001,,,1995,2013,19,0.5904813758982213
Juwan Howard,howarju01,81,240.0,1973-02-07,Michigan,1995,2010,1994-11-19T00:00:00Z,False,16,NBA,"WSB, WAS, DAL, DEN, ORL, HOU, DAL, CHA, DEN, POR",PF,1116,898.0,32.09767025089606,5.789426523297491,12.32168458781362,0.46985673769180425,0.005376344086021506,0.044802867383512544,0.12,5.784050179211469,12.276881720430108,0.4711334939055543,0.4700749036433714,2.71415770609319,3.5555555555555554,0.7633568548387096,2.0555555555555554,4.441756272401434,6.497311827956989,2.3512544802867383,0.7204301075268817,0.27508960573476704,2.1684587813620073,3.0510752688172045,14.298387096774194,35821.0,6461,13751,6.0,50.0,6455.0,13701.0,3029,3968,2294.0,4957.0,7251.0,2624,804.0,307.0,2420.0,3405.0,15957,0.0,14.735213980625893,0.5142081181429887,0.003570922084810586,0.28495586387873034,7.377761648195192,16.15516317244075,11.742511376008487,12.873786326456546,1.1834845481700678,0.6316518243488457,13.522068060634822,22.611674715948748,28.1,30.5,58.8,0.07857159208285643,-0.5904274029200748,-0.8990871276625443,-1.4987493369811005,4.5,9.461131738365761,20.120300940788923,0.009195723179140728,0.06662013902459452,9.444314787415204,20.055679629267747,4.422869266631305,5.795982803383491,3.3597694090058905,7.2597777839814635,10.636593059936908,3.8274615449038274,1.1834845481700678,0.4473046536947601,3.540928505625192,4.999871583707882,23.338460679489685,102.70807626811089,106.82915049831105,0.0,0.2202856290798237,15.448358129825376,68.16919049670301,15.705391166042613,-2.9718976771927497,-3.6684681400974193,750.0,435.0,1112.0,422.0,1369.0,52.0,4667.0,295.0,814.0,9.55868981742271,0.2371412240299546,0.26577785877597,0.3004131680970211,0.19414341098114582,0.0026337519467179164,0.5937178832963319,0.4114376221876138,0.42985413698267,0.44594774512077934,0.6541857583087578,0.04523012690944034,0.03853003744325524,397.0,0.10790920838994003,0.0,5.0,0.0,0,0,1,0.0,0.007625,0.0456875,0,0,0,0,0,1,2,0,1,1,0,0.0,0,0.01,0,0.0,0,0.0005625,0,0.0,,,1995,2013,16,0.9973662480532821
Juwan Howard,howarju01,81,240.0,1973-02-07,Michigan,1996,2011,1994-11-19T00:00:00Z,False,16,NBA,"WSB, WAS, DAL, DEN, ORL, HOU, DAL, CHA, DEN, POR, MIA",PF,1108,846.0,30.744584837545126,5.4702166064981945,11.683212996389893,0.4682116647354191,0.005415162454873646,0.0388086642599278,0.13953488372093023,5.464801444043322,11.644404332129964,0.46930708417299644,0.46844341444573195,2.5848375451263537,3.3492779783393503,0.7717596335219618,1.9368231046931408,4.225631768953068,6.162454873646209,2.240072202166065,0.6877256317689531,0.26714801444043323,2.056859205776173,2.9151624548736463,13.530685920577618,34065.0,6061,12945,6.0,43.0,6055.0,12902.0,2864,3711,2146.0,4682.0,6828.0,2482,762.0,296.0,2279.0,3230.0,14992,0.0,14.606866285043301,0.5134061646851608,0.0032035813885219434,0.28286781153676793,7.292223690004404,16.00295024218406,11.63621605753706,12.838652575957726,1.1843123440481431,0.6384382797592838,13.551011301922793,22.433394980184936,26.999999999999996,29.8,56.9,0.07997901071480991,-0.6334390136503742,-0.8420431527961251,-1.4851930133568179,4.4,9.358508733303976,19.964940554821663,0.009669749009247029,0.05626889769558198,9.340824893585792,19.903880816086893,4.406552179656539,5.714390136503743,3.312863643035374,7.230192279465728,10.56098047849699,3.813119037134889,1.1843123440481431,0.45663584324086304,3.5135535006605014,4.999923675326581,23.10966094231616,102.60672244238955,106.44095112285336,0.0,0.2160475772643073,15.208865490234311,68.66614669656495,15.460953495174028,-2.860852750966819,-3.7287153488674405,754.0,444.0,1140.0,430.0,1383.0,54.0,4726.0,296.0,821.0,9.611429592798412,0.23488755646550324,0.2657436547398524,0.29771177407299076,0.19918124207858048,0.002583081472815313,0.5938387442722044,0.41227571414643654,0.42831783172467575,0.44546777810275906,0.6559329238568783,0.044359949302915085,0.037942673296285465,397.0,0.10583315459361087,0.0,5.0,0.0,0,0,1,0.0,0.007625,0.0,0,0,0,0,0,1,2,0,0,0,0,0.0,0,0.0,0,0.0,0,0.0005625,0,0.0,,,1995,2013,17,0.9974169185271847
Juwan Howard,howarju01,81,240.0,1973-02-07,Michigan,1997,2012,1994-11-19T00:00:00Z,False,16,NBA,"WSB, WAS, DAL, DEN, ORL, HOU, DAL, CHA, DEN, POR, MIA",PF,1055,765.0,29.34691943127962,5.0663507109004735,10.90047393364929,0.4647826086956522,0.0018957345971563982,0.02843601895734597,0.06666666666666667,5.064454976303318,10.872037914691942,0.4658238884045336,0.4648695652173913,2.419905213270142,3.123222748815166,0.7748103186646434,1.8729857819905213,4.018009478672986,5.890995260663507,2.0208530805687204,0.6625592417061611,0.24454976303317535,1.8919431279620853,2.823696682464455,12.554502369668246,30961.0,5345,11500,2.0,30.0,5343.0,11470.0,2553,3295,1976.0,4239.0,6215.0,2132,699.0,258.0,1996.0,2979.0,13245,0.0,14.284709796195214,0.5106624786021123,0.002567229740641452,0.28212835502729244,7.361616226866057,15.95986886728465,11.63820613029295,12.184131649494526,1.2034042828074027,0.6197861826168405,13.4470592035141,21.928929944123254,23.9,27.0,51.0,0.07880678918639579,-0.8037369594005361,-0.8317302412712767,-1.6461516100901135,2.8,9.11272245728497,19.58087594069959,0.0,0.04063176253996964,9.103904912632022,19.53497303058687,4.329873066115436,5.602283517974225,3.3671425341558736,7.227489422176286,10.603714350311684,3.616792093278641,1.2034042828074027,0.4404218210006137,3.399515519524563,5.085029553309002,22.540014857401246,102.27679984496625,106.24782791253513,0.0,0.21472174671360744,15.133942702109104,68.6866057297891,15.525629017150608,-2.927983592261232,-3.839614353541553,762.0,448.0,1148.0,434.0,1388.0,54.0,4750.0,297.0,833.0,9.600926972643002,0.235342366202642,0.2662300313297374,0.2967746196828268,0.19918626659345628,0.002567229740641452,0.5927228448693517,0.4110405348664449,0.4264564452052582,0.4455262749911179,0.6547980362391395,0.04408772326475243,0.0377098284939117,397.0,0.1051836826975873,0.0,5.0,0.0,1,0,0,0.0,0.000125,0.0,0,0,0,0,0,0,1,0,0,0,0,0.0,0,0.0,0,0.0,0,0.0,0,0.0,,,1995,2013,18,0.9974327702593585
Juwan Howard,howarju01,81,240.0,1973-02-07,Michigan,1998,2013,1994-11-19T00:00:00Z,False,16,NBA,"WAS, DAL, DEN, ORL, HOU, DAL, CHA, DEN, POR, MIA",PF,980,685.0,28.253061224489795,4.813265306122449,10.414285714285715,0.4621791103272585,0.0020408163265306124,0.02857142857142857,0.07142857142857142,4.811224489795919,10.385714285714286,0.46325407742189034,0.46227709190672156,2.306122448979592,2.966326530612245,0.7774337805297558,1.810204081632653,3.8744897959183673,5.6846938775510205,1.8642857142857143,0.6183673469387755,0.23979591836734693,1.7897959183673469,2.7846938775510206,11.93469387755102,27688.0,4717,10206,2.0,28.0,4715.0,10178.0,2260,2907,1774.0,3797.0,5571.0,1827,606.0,235.0,1754.0,2729.0,11696,0.0,14.05870413175383,0.5085150606761052,0.002630598093036695,0.2800409924877203,7.367458826928634,16.007382259462585,11.651227968795146,11.836098670904363,1.1655807570066454,0.6330251372435712,13.36339569488587,21.75245593759029,20.6,23.3,44.0,0.07606912741982086,-0.9241982086102283,-0.8737070210921698,-1.8218578445535971,1.3000000000000003,9.00857411152846,19.470752672637964,0.0,0.04543484542039873,8.998714244438023,19.419423577000867,4.291310314937879,5.534054464027738,3.381006212077434,7.256775498410863,10.64793773475874,3.4674985553308293,1.1655807570066454,0.44446330540306267,3.352911008379081,5.223053308292401,22.30335163247616,101.941996532794,106.28080757006646,0.0,0.0,9.59975440624097,72.59469806414332,17.436434556486564,-3.5788030915920253,-4.003062698642012,664.0,404.0,1066.0,396.0,1229.0,54.0,4107.0,262.0,752.0,9.56336318982953,0.22599700231147068,0.27441945969373016,0.28739042184339786,0.20967491331984972,0.002630598093036695,0.5922111745160358,0.41032122219011846,0.42796727824328235,0.4328836680150246,0.6595390783010691,0.04929933545218145,0.03508444091303092,321.0,0.11761745160358278,0.0,5.0,0.0,2,0,0,0.0,0.000125,0.0,0,0,0,0,0,0,1,0,0,0,0,0.0,0,0.0,0,0.0,0,0.0,0,0.0,,,1995,2013,19,0.9973694019069633
Kevin Garnett,garneke01,83,240.0,1976-05-19,,1996,2011,1995-11-03T00:00:00Z,True,16,NBA,"MIN, BOS",PF,1195,1158.0,36.7489539748954,7.8142259414225945,15.680334728033472,0.4983456078556943,0.14058577405857742,0.49874476987447697,0.28187919463087246,7.673640167364017,15.181589958158996,0.5054569507220814,0.5028284768918775,3.7481171548117156,4.758995815899581,0.7875857218216986,2.4644351464435146,8.262761506276151,10.727196652719666,4.092050209205021,1.3456066945606695,1.5456066945606695,2.3690376569037657,2.4803347280334727,19.517154811715482,43915.0,9338,18738,168.0,596.0,9170.0,18142.0,4479,5687,2945.0,9874.0,12819.0,4890,1608.0,1847.0,2831.0,2964.0,23323,16.0,23.436928156666287,0.5491484003187976,0.03105988842081293,0.301904337925538,7.953405442331777,25.726769896390756,17.051888876238188,19.939806444267333,1.9348354776272345,3.1276989639075494,11.739997722873733,25.167024934532616,95.5,79.3,174.8,0.19095889787088693,4.029169987475806,2.102623249459183,6.140384834339064,90.4,11.228666742570876,22.551105544802457,0.19241033815325062,0.7038073551178414,11.039587840145735,21.816611636115223,5.386555846521689,6.8479107366503476,3.5505476488671293,11.906904246840488,15.428896732323807,5.8713241489240575,1.9348354776272345,2.216012751907093,3.405212342024365,3.5556233633154957,28.062661960605716,110.88750996242742,99.24854833200502,0.0,0.0,9.711282494834462,72.60331074912305,17.802003748017874,5.569078852529912,12.050542982076786,1045.0,585.0,1166.0,417.0,2231.0,52.0,10345.0,479.0,589.0,11.211123924847435,0.23350761616452842,0.20564235260198932,0.2275231127768968,0.3024730671279612,0.030677550333957995,0.6874104319830859,0.44757529671808177,0.45041809619912554,0.45058764595646533,0.6752173610110037,0.7201982124837827,0.07487523425111721,1266.0,0.0642334342415069,0.18552407380712124,24.0,0.0,1,0,14,0.42237500000000006,0.4170625,0.0390625,9,11,15,4,7,9,15,0,1,1,1,0.172,0,0.009,0,0.0,0,0.0025,1,0.0978125,,,1996,2016,16,0.9693224496660421
Kevin Garnett,garneke01,83,240.0,1976-05-19,,1997,2012,1995-11-03T00:00:00Z,True,16,NBA,"MIN, BOS",PF,1175,1175.0,37.00936170212766,7.972765957446809,15.982978723404255,0.49882854100106494,0.13872340425531915,0.49106382978723406,0.2824956672443674,7.834042553191489,15.491914893617022,0.505685875954513,0.5031682641107561,3.8604255319148937,4.874042553191489,0.7920377160817181,2.413617021276596,8.490212765957446,10.903829787234043,4.187234042553191,1.3429787234042554,1.5123404255319148,2.4068085106382977,2.4817021276595743,19.94468085106383,43486.0,9368,18780,163.0,577.0,9205.0,18203.0,4536,5727,2836.0,9976.0,12812.0,4920,1578.0,1777.0,2828.0,2916.0,23435,16.0,23.709444418893437,0.550616428275767,0.029876948903095245,0.30459462815618815,7.740631467598767,26.190068067883914,17.19803614956538,20.34485581566481,1.9223198270707813,3.0337051004921127,11.693581842432048,25.554585383801683,96.3,81.0,177.3,0.1956214873752472,4.140801637308559,2.183070413466403,6.332548406383663,91.6,11.388124913765349,22.850841650186265,0.1880490272731454,0.6919721289610449,11.207726624660811,22.137439635744837,5.510320562939796,6.972926919008417,3.461371475877294,12.162387894954698,15.594922503794326,5.974833279676218,1.9223198270707813,2.157827806650416,3.4355746677091483,3.540693556546934,28.510801177390423,110.88299682656488,98.61484155820264,0.0,0.0,9.29501448742124,70.04845237547717,20.768132272455503,5.651846571310306,12.005512118842844,1096.0,606.0,1221.0,438.0,2302.0,57.0,10742.0,488.0,613.0,11.26208434898588,0.23172841834153524,0.20432888745803246,0.2263862162535069,0.3075536494503978,0.029876948903095245,0.6875642965552132,0.4472934507657636,0.44924283677505406,0.452105574207791,0.679065837280964,0.7179179046129788,0.07372324426252128,1300.0,0.06148010854067976,0.17757170123717977,24.0,0.0,1,0,14,0.44943750000000005,0.419375,0.0,9,12,16,4,7,9,16,0,0,0,1,0.172,0,0.0,0,0.0,0,0.0025,1,0.10237500000000001,,,1996,2016,17,0.9701230510969046
Kevin Garnett,garneke01,83,240.0,1976-05-19,,1998,2013,1995-11-03T00:00:00Z,True,16,NBA,"MIN, BOS",PF,1166,1166.0,36.46054888507719,7.925385934819897,15.891938250428817,0.4987048030221263,0.13636363636363635,0.49056603773584906,0.27797202797202797,7.789022298456261,15.401372212692968,0.5057356053012585,0.502995143011333,3.8499142367066894,4.850771869639794,0.7936704384724187,2.3336192109777016,8.578902229845626,10.912521440823328,4.153516295025729,1.330188679245283,1.4373927958833619,2.369639794168096,2.4622641509433962,19.83704974271012,42513.0,9241,18530,159.0,572.0,9082.0,17958.0,4489,5656,2721.0,10003.0,12724.0,4843,1551.0,1676.0,2763.0,2871.0,23130,16.0,23.88310163949851,0.5508329452167573,0.030125890903958792,0.30538962199797703,7.596408157504762,26.833036953402488,17.469381130477736,20.502051137299176,1.927586855785289,2.9284454166960696,11.580001411333004,25.804158727918523,94.69999999999999,80.9,175.60000000000002,0.19825234634111918,4.200884435349187,2.2363959259520616,6.4461552936748765,90.7,11.4838355326606,23.053482464187425,0.19006421565168302,0.6986545292028321,11.306353350739773,22.325862677298705,5.577823254063463,7.041683720273798,3.3914332086655845,12.466567873356384,15.835549126149647,6.010697904170489,1.927586855785289,2.079011126008515,3.4289864276809445,3.56540587584974,28.77256839084515,110.82918166207983,98.1833321572225,0.0,0.0,5.492155340719309,68.93060946063557,25.69138851645379,5.709893444358197,11.50891962458542,1078.0,595.0,1176.0,454.0,2279.0,67.0,10585.0,481.0,590.0,11.353515395290852,0.22558026956460375,0.20348745089737258,0.22281967868651942,0.3178579493331452,0.030125890903958792,0.6935639451461905,0.44622555453625945,0.4507721638087173,0.4514335379766189,0.6791667489944252,0.7114618587255662,0.07028744148848588,1229.0,0.059505657093124456,0.18163580551831204,26.0,0.0,1,0,14,0.44618749999999996,0.41956249999999995,0.0,9,12,15,4,7,9,16,0,0,0,1,0.1720625,0,0.0,0,0.0,0,0.0003125,1,0.10237500000000001,,,1996,2016,18,0.9698741090960412
Kevin Garnett,garneke01,83,240.0,1976-05-19,,1999,2014,1995-11-03T00:00:00Z,True,16,NBA,"MIN, BOS, BRK",PF,1138,1138.0,35.50087873462214,7.700351493848857,15.459578207381371,0.49809583357016995,0.13708260105448156,0.4912126537785589,0.27906976744186046,7.563268892794376,14.968365553602812,0.5052835505459669,0.5025294151082818,3.7627416520210897,4.719683655536028,0.7972444609942283,2.248681898066784,8.556239015817223,10.804920913884008,4.021968365553603,1.2785588752196837,1.37609841827768,2.319859402460457,2.4340949033391914,19.300527240773288,40400.0,8763,17593,156.0,559.0,8607.0,17034.0,4282,5371,2559.0,9737.0,12296.0,4577,1455.0,1566.0,2640.0,2770.0,21964,15.0,23.870376237623763,0.5504324257425743,0.03096410891089109,0.3044891831683168,7.54209900990099,27.546495049504948,17.804299504950492,20.4632400990099,1.9078490099009902,2.9007772277227724,11.670061881188118,25.878150990099012,88.7,78.6,167.2,0.19869905940594057,4.144616336633663,2.2694207920792078,6.41540099009901,85.9,11.474121287128712,23.06154207920792,0.20000495049504952,0.7140148514851484,11.287356435643565,22.31704702970297,5.6079306930693065,7.047680693069307,3.3585643564356435,12.779898514851485,16.12281188118812,5.985512376237624,1.9078490099009902,2.0484975247524755,3.4516831683168316,3.6239876237623756,28.78989356435644,110.48564356435644,97.8765099009901,0.0,0.0,5.61990099009901,67.61715346534653,26.883069306930693,5.773205445544554,11.535601485148515,1037.0,560.0,1129.0,446.0,2165.0,71.0,10031.0,448.0,556.0,11.381799504950495,0.2253442326732673,0.20249727722772276,0.21749980198019797,0.32355908415841583,0.03096410891089109,0.6889695792079208,0.4435631188118811,0.45231599009900986,0.4521309405940594,0.6780334405940593,0.6689202475247525,0.06658561881188119,1111.0,0.06178987623762377,0.1512594801980198,25.0,0.0,1,0,13,0.4429375,0.41568750000000004,0.0,9,12,14,4,7,9,15,0,0,0,1,0.17206249999999998,0,0.0,0,0.0,0,0.0003125,1,0.10181250000000001,,,1996,2016,19,0.9690358910891088
Kevin Garnett,garneke01,83,240.0,1976-05-19,,2000,2015,1995-11-03T00:00:00Z,True,16,NBA,"MIN, BOS, BRK, MIN",PF,1138,1138.0,34.77328646748682,7.462214411247803,14.937609841827769,0.49955879757632804,0.1344463971880492,0.4850615114235501,0.27717391304347827,7.327768014059754,14.452548330404218,0.5070225573052837,0.5040590622977822,3.6669595782073814,4.578207381370826,0.8009596928982725,2.1449912126537787,8.503514938488577,10.648506151142355,3.9121265377855887,1.250439367311072,1.3181019332161688,2.241652021089631,2.3963093145869947,18.725834797891036,39572.0,8492,16999,153.0,552.0,8339.0,16447.0,4173,5210,2441.0,9677.0,12118.0,4452,1423.0,1500.0,2551.0,2727.0,21310,15.0,23.72792883857273,0.5517063074901445,0.03144561811381785,0.3040960022237946,7.400717679167086,27.881471747700395,17.92437329424846,20.248461033053676,1.9044551703224504,2.8377185889012435,11.672781259476396,25.59736429798848,86.7,77.1,163.7,0.19859885777822703,4.04053623774386,2.286146770443748,6.32807540685333,83.3,11.34858233094107,22.742431517234408,0.20209744263620744,0.7205852623066816,11.16450015162236,21.995226422723135,5.579965632265238,6.978497422419892,3.2709794804407157,12.959504194885273,16.214505205701,5.941905893055695,1.9044551703224504,2.000558475689882,3.4041241281714343,3.6393384211058324,28.5133351864955,110.63913878499949,97.99107955119781,0.0,0.0,4.298089558273527,69.13951784089761,26.64004851915496,5.787513898716264,11.481550085919336,995.0,545.0,1102.0,441.0,2093.0,77.0,9788.0,440.0,532.0,11.43591175578692,0.22491435863742035,0.19988218942686747,0.21408551501061354,0.32953398867886385,0.03144561811381785,0.6859806681491964,0.44531360557970273,0.4534691701202871,0.4538010209238855,0.6784104669968665,0.6619927726675428,0.06472654907510361,1042.0,0.06996318103709695,0.1544244162539169,22.0,0.0,1,0,13,0.4289375,0.4016875,0.0,9,12,13,4,7,8,14,0,0,0,1,0.1715625,0,0.0,0,0.0,0,0.0003125,1,0.1013125,,,1996,2016,20,0.9685543818861821
Kevin Garnett,garneke01,83,240.0,1976-05-19,,2001,2016,1995-11-03T00:00:00Z,True,16,NBA,"MIN, BOS, BRK, MIN",PF,1095,1095.0,33.68493150684932,7.111415525114155,14.235616438356164,0.4995509366179112,0.11232876712328767,0.43105022831050227,0.2605932203389831,6.9990867579908675,13.804566210045662,0.5070124371526858,0.5034962791891199,3.5415525114155253,4.4082191780821915,0.8033975554174435,2.039269406392694,8.291324200913243,10.330593607305936,3.756164383561644,1.2155251141552512,1.2639269406392695,2.099543378995434,2.367123287671233,17.876712328767123,36885.0,7787,15588,123.0,472.0,7664.0,15116.0,3878,4827,2233.0,9079.0,11312.0,4113,1331.0,1384.0,2299.0,2592.0,19575,14.0,23.56691337942253,0.5513808594279517,0.02921217297004202,0.30570801138674253,7.293498712213637,27.99442049613664,17.963323844381183,20.080412091636166,1.9138240477158734,2.820870272468483,11.499224617053002,25.22335637793141,81.0,72.2,153.20000000000002,0.19933062220414804,3.906322353260133,2.3499498441100717,6.257766029551307,77.0,11.176518910126068,22.3930622204148,0.17285888572590485,0.6602873796936424,11.01419547241426,21.704215805883152,5.5664416429442864,6.9440151823234375,3.2138484478785414,13.050001355564593,16.246707333604448,5.887683340111157,1.9138240477158734,1.984017893452623,3.296654466585333,3.709280195201301,28.1289304595364,110.904242917175,98.0080249423885,0.0,0.0,4.171587366137996,68.01930323979937,27.980344313406533,5.829310017622339,11.466891690389046,899.0,508.0,1060.0,411.0,1955.0,81.0,9068.0,413.0,493.0,11.41893723735936,0.22757581672766708,0.19482928019520132,0.2121699064660431,0.3361674122271926,0.02921217297004202,0.6823518232343772,0.4426486376575844,0.45693208621390813,0.45230692693506847,0.6813949572997153,0.6310879219194795,0.06415892639284262,951.0,0.07817635895350412,0.14967214314762098,22.0,0.0,1,0,12,0.3955625,0.3505625,0.0,8,11,12,3,6,7,13,0,0,0,1,0.1505,0,0.0,0,0.0,0,0.0003125,1,0.10025,,,1996,2016,21,0.9707878270299579
Theo Ratliff,ratlith01,82,225.0,1973-04-17,Wyoming,1996,2011,1995-11-03T00:00:00Z,False,16,NBA,"DET, PHI, ATL, POR, BOS, DET, MIN, PHI, CHA, SAS, LAL",C,810,533.0,25.308641975308642,2.724691358024691,5.495061728395061,0.4958436306447989,0.0,0.0024691358024691358,0.0,2.724691358024691,5.492592592592593,0.49606653180489996,0.4958436306447989,1.7222222222222223,2.425925925925926,0.7099236641221374,1.9049382716049383,3.769135802469136,5.674074074074074,0.5740740740740741,0.48518518518518516,2.4296296296296296,1.2358024691358025,2.8246913580246913,7.171604938271605,20500.0,2207,4451,0.0,2.0,2207.0,4449.0,1395,1965,1543.0,3053.0,4596.0,465,393.0,1968.0,1001.0,2288.0,5809,0.0,14.304726829268294,0.5447454634146341,0.0005104390243902438,0.4423066829268293,8.855878048780488,17.095473170731708,13.00379024390244,3.680463414634146,1.0409317073170732,7.219458536585366,15.92808292682927,14.143009756097559,17.7,30.2,47.9,0.11197902439024389,-1.871390243902439,1.8744585365853657,0.00266829268292682,10.299999999999999,5.784726829268292,11.636263414634145,0.0,0.0021317073170731707,5.784726829268292,11.634131707317072,3.649,5.130234146341463,4.0191024390243895,7.97850243902439,12.01272682926829,1.1876878048780488,1.0409317073170732,5.14360487804878,2.609926829268293,6.007560975609757,15.186770731707316,105.93731707317073,101.13146341463414,0.0,0.0,0.0,13.88585569158635,86.21219067465486,0.36085438916384505,2.6470487106017195,198.0,276.0,901.0,233.0,791.0,34.0,994.0,123.0,302.0,6.903365459755143,0.3771555092471998,0.30770351654076583,0.23735743683250846,0.07749846314144308,0.00027319614482938266,0.677320916905444,0.38244100026048444,0.40205600416775206,0.3335893201354519,0.6491291482156811,0.0,0.15819874967439435,616.0,0.0,0.0,0.0,0.0,0,0,1,0.0743125,0.0008125,0.0,0,2,6,0,0,0,3,0,0,0,0,0.0,0,0.0,0,0.0,0,0.0048125,0,0.014062499999999999,,,1996,2011,16,0.9997268038551707
Joe Smith,smithjo02,82,225.0,1975-07-26,Maryland,1996,2011,1995-11-03T00:00:00Z,False,16,NBA,"GSW, PHI, MIN, DET, MIN, MIL, DEN, PHI, CHI, CLE, OKC, ATL, LAL, NJN",PF,1030,619.0,26.23495145631068,4.199029126213592,9.23495145631068,0.4546888141295206,0.02912621359223301,0.12233009708737864,0.23809523809523808,4.169902912621359,9.1126213592233,0.45759642020029834,0.45626576955424725,2.454368932038835,3.1067961165048543,0.79,2.384466019417476,3.999029126213592,6.383495145631068,0.9805825242718447,0.5883495145631068,0.8427184466019417,1.2524271844660195,2.887378640776699,10.881553398058253,27022.0,4325,9512,30.0,126.0,4295.0,9386.0,2528,3200,2456.0,4119.0,6575.0,1010,606.0,868.0,1290.0,2974.0,11208,0.0,15.353297313300276,0.515504366812227,0.012606727851380357,0.3394045592480201,10.314314262452816,17.655732366220118,13.959651395159497,6.249248760269411,1.1718414625120273,2.348841684553327,10.494907852860633,20.161013248464215,34.099999999999994,26.200000000000003,60.2,0.10695407445784916,-0.7589482643771742,-0.7888609281326326,-1.5558137813633335,3.1000000000000005,8.349370882984235,18.38577455406706,0.057101620901487675,0.23910147287395456,8.29540004440826,18.137632299607727,4.889971134631041,6.182173784323885,4.747627858781733,7.970279772037599,12.723369846791503,1.948952705203168,1.1718414625120273,1.678561912515728,2.4886203833913108,5.756972096810006,21.677022426171266,107.74206202353638,106.03889423432759,0.0,0.0,4.719226478244701,70.39485971654064,25.039213255650594,-0.5992273046568325,2.4043758522375107,418.0,357.0,1538.0,161.0,1169.0,128.0,2050.0,225.0,617.0,10.376930705342756,0.28208602950291317,0.1939311598694269,0.19900615677038144,0.31401694144870046,0.010928969877277797,0.5918620304946077,0.3830978058757903,0.4028432709392174,0.4265485310524359,0.7032959795049791,0.3594835750588819,0.058078095946448506,433.0,0.24456039006652616,0.06112392049915294,3.0,0.0,0,0,0,0.0,0.0,0.06025,0,0,0,0,0,0,0,1,1,1,0,0.0,0,0.133,0,0.0,0,0.00425,0,0.0,,,1996,2011,16,0.9890710301227222
Jerry Stackhouse,stackje01,78,218.0,1974-11-05,UNC,1996,2011,1995-11-03T00:00:00Z,False,16,NBA,"PHI, DET, WAS, DAL, MIL, MIA",SG,903,564.0,32.563676633444075,5.850498338870432,14.296788482834994,0.4092176607281177,1.0465116279069768,3.4053156146179404,0.3073170731707317,4.803986710963455,10.891472868217054,0.44107778342653786,0.44581719597211467,5.102990033222591,6.21594684385382,0.8209513629075361,1.0132890365448506,2.3211517165005535,3.334440753045404,3.5337763012181616,0.9435215946843853,0.47619047619047616,2.883720930232558,1.956810631229236,17.85049833887043,29405.0,5283,12910,945.0,3075.0,4338.0,9835.0,4608,5613,915.0,2096.0,3011.0,3191,852.0,430.0,2604.0,1767.0,16119,1.0,16.669362353341267,0.5237112735929264,0.23949199115796632,0.4329225301819418,3.5247746981805816,8.229144703281754,5.881098452644109,19.705390239755143,1.516248937255569,1.0702635606189423,14.538524060533925,27.609811256589015,32.099999999999994,19.400000000000002,51.7,0.0843000850195545,1.6494711783710252,-1.2940010202346541,0.3453222241115456,17.599999999999998,9.406451283795274,22.980557728277507,1.6747321884033328,5.4774766196225135,7.716276143513008,17.511555857847306,8.195626594116646,9.977867709573202,1.6182213909199115,3.734575752423057,5.369705832341439,5.7002210508416935,1.516248937255569,0.777792892365244,4.634983846284645,3.139551096752253,28.682213909199117,103.04424417616052,108.29631015133481,1.437799580587178,59.768124625524266,37.96277711204314,0.5352381665668065,0.0,-0.45176003594967035,-2.1358373277411626,999.0,747.0,534.0,259.0,1726.0,32.0,6534.0,289.0,735.0,13.97267450569203,0.27657197423606944,0.0788559017375674,0.16832957609346913,0.23958916267225883,0.2366085230677052,0.5790131815458358,0.3301086354104254,0.34266413271420015,0.3863705811863392,0.4929132339724386,0.8545580437387658,0.056615001497902946,622.0,0.3163491611743559,0.3571340248651887,14.0,0.0,0,0,2,0.0,0.0125,0.0580625,0,0,0,0,0,0,3,1,1,1,0,0.00025,0,0.018,0,0.0480625,0,0.0133125,0,0.0,,,1996,2013,16,0.7633914769322948
Jerry Stackhouse,stackje01,78,218.0,1974-11-05,UNC,1997,2012,1995-11-03T00:00:00Z,False,16,NBA,"PHI, DET, WAS, DAL, MIL, MIA, ATL",SG,861,493.0,31.332171893147503,5.653890824622532,13.843205574912892,0.4084235254635456,1.0046457607433217,3.2764227642276422,0.3066288550159518,4.64924506387921,10.56678281068525,0.43998681028797537,0.4447101266884806,4.926829268292683,5.944250871080139,0.8288393903868698,0.9651567944250871,2.250871080139373,3.21602787456446,3.3995354239256677,0.9128919860627178,0.41114982578397213,2.746806039488966,1.8583042973286876,17.23925667828107,26977.0,4868,11919,865.0,2821.0,4003.0,9098.0,4242,5118,831.0,1938.0,2769.0,2927,786.0,354.0,2365.0,1600.0,14843,1.0,16.804214701412313,0.5232410942654854,0.23805960633131928,0.42665611446788004,3.497872261556141,8.27170923379175,5.889301997998295,19.660596063313193,1.5217592764206547,0.9644289580012604,14.352340882974387,27.706123735033547,31.3,19.3,50.8,0.09039192645586983,1.7156985580309152,-1.2402565148089113,0.463368795640731,16.9,9.454854135003892,23.143633465544724,1.6705415724506059,5.484664714386328,7.767479704933832,17.66820624976832,8.223827705082108,9.920217222078067,1.6058012380917077,3.7636764651369687,5.387908218111725,5.69991844904919,1.5217592764206547,0.7036846202320496,4.586844348889795,3.104978314860807,28.80293583422916,103.18775252993291,107.58164362234496,1.433369166326871,59.598435704489006,38.14530896689773,0.5399414315898728,0.0,-0.4340326945175519,-2.1425584757385923,1005.0,753.0,541.0,259.0,1729.0,32.0,6567.0,289.0,743.0,13.99622641509434,0.27559469177447454,0.07866508507246915,0.1679416910701709,0.23969451755198873,0.23805960633131928,0.5776468843829929,0.3335178856062571,0.3415341216591911,0.3861037179819847,0.49508985432034697,0.8552506579678987,0.05644686214182451,626.0,0.3203429217481558,0.3565153649405049,14.0,0.0,0,0,2,0.0,0.012499999999999999,0.0,0,0,0,0,0,0,3,0,0,0,0,0.00025,0,0.0,0,0.04806250000000001,0,0.0133125,0,0.0,,,1996,2013,17,0.7619403936686808
Jerry Stackhouse,stackje01,78,218.0,1974-11-05,UNC,1998,2013,1995-11-03T00:00:00Z,False,16,NBA,"PHI, DET, WAS, DAL, MIL, MIA, ATL, BRK",SG,817,412.0,29.810281517747857,5.386780905752754,13.19828641370869,0.40814244644347586,0.9706242350061199,3.1432068543451654,0.3088006230529595,4.416156670746634,10.055079559363525,0.4391965916007304,0.44491328943707686,4.591187270501836,5.476132190942472,0.8383996423781851,0.8323133414932681,2.1835985312117505,3.0159118727050185,3.3157894736842106,0.8567931456548348,0.36107711138310894,2.5373317013463894,1.7282741738066096,16.335373317013463,24355.0,4401,10783,793.0,2568.0,3608.0,8215.0,3751,4474,680.0,1784.0,2464.0,2709,700.0,295.0,2073.0,1412.0,13346,1.0,16.970260726750155,0.5226233216998564,0.24130798603982756,0.40928507493327854,3.223046602340382,8.46651200985424,5.8497762266475055,20.254588380209402,1.5062328064052557,0.8996674194210635,14.011681379593513,27.75194005337713,29.599999999999998,19.299999999999997,49.1,0.09678994046397044,1.877667830014371,-1.1257647300349005,0.7255306918497229,16.9,9.515212482036542,23.31329911722439,1.7094066926709095,5.569722849517553,7.7871607472798186,17.753808252925477,8.100907411209196,9.661642373229316,1.4648614247587763,3.854424142886471,5.339700266885649,5.871759392321906,1.5062328064052557,0.6583822623691233,4.484290700061589,3.0535167316772736,28.83724081297475,103.31562307534386,106.71599260932047,1.5876822007801272,56.68146171217409,40.860028741531515,0.6874153151303634,0.0,0.4848573188257033,-2.4513980702114555,906.0,669.0,486.0,233.0,1481.0,34.0,6108.0,253.0,655.0,14.196263600903306,0.25027271607472795,0.07907394785464997,0.17483313487990146,0.2544406897967563,0.24130798603982756,0.5864198727160748,0.32334658181071646,0.3523901457606241,0.3870475877643194,0.4862416341613632,0.8733785670293575,0.051092383494149046,513.0,0.35559987682200783,0.3439409156230754,13.0,0.0,0,0,2,0.0,0.0125,0.0,0,0,0,0,0,0,3,0,0,0,0,0.00025,0,0.0,0,0.0480625,0,0.0133125,0,0.0,,,1996,2013,18,0.7586920139601724
Rasheed Wallace,wallara01,83,225.0,1974-09-17,UNC,1996,2013,1995-11-03T00:00:00Z,False,16,NBA,"WSB, POR, ATL, DET, BOS, NYK",PF,1109,956.0,32.68079350766456,5.69882777276826,12.199278629395852,0.46714465222854606,0.9792605951307484,2.9107303877366997,0.33643122676579923,4.719567177637511,9.288548241659152,0.5081060091253277,0.5072806563678025,2.055906221821461,2.8512173128944998,0.7210626185958254,1.4229035166816952,5.2533814247069435,6.676284941388638,1.7980162308385934,0.9828674481514879,1.3165013525698828,1.526600541027953,2.93868349864743,14.432822362488729,36243.0,6320,13529,1086.0,3228.0,5234.0,10301.0,2280,3162,1578.0,5826.0,7404.0,1994,1090.0,1460.0,1693.0,3259.0,16006,0.0,17.002345280467953,0.5363969318213173,0.23484970890930662,0.2356518224208813,5.23242281268107,18.851968656016332,12.088273597660239,9.639477968159369,1.606583340231217,3.044198879783682,10.204787131308114,21.288408796181333,47.9,57.3,105.1,0.13907645614325526,1.0215296746958034,1.1575780150649781,2.1872830615567143,38.400000000000006,9.412788676434069,20.177548768037965,1.6372292580636263,4.818265596115112,7.783296084761195,15.333672709212815,3.3904064233093285,4.693504952680518,2.359738432248986,8.694732775984328,11.052788124603373,2.9888778522749218,1.606583340231217,2.1757994647242227,2.514623513506056,4.844805893551859,23.87353144055404,107.35857958778247,100.93698093424938,0.0,0.0,4.123755623276738,63.15063125816282,32.80499201857495,6.713072123059062,6.956493977652011,787.0,428.0,1782.0,178.0,1307.0,42.0,4178.0,275.0,380.0,13.51438688143956,0.21009139457263093,0.18575829342620806,0.1888725293861559,0.17580049339718473,0.2395123494413003,0.6718286170367146,0.4547299666231316,0.4493660716877086,0.4213503990712524,0.6497338847772456,0.9514982440864895,0.0941768103323175,1050.0,0.14545650848933392,0.2724092294296909,18.0,1.0,1,0,4,0.051375000000000004,0.012062499999999999,0.01675,0,0,9,0,0,0,8,0,1,1,0,0.000125,0,0.0,0,0.0085,0,0.0070625,0,0.001375,,,1996,2013,16,0.7604876505586997
Kurt Thomas,thomaku01,81,230.0,1972-10-04,TCU,1996,2011,1995-11-04T00:00:00Z,False,16,NBA,"MIA, DAL, NYK, PHO, SEA, SAS, MIL, CHI",PF,1018,630.0,25.505893909626717,3.6522593320235757,7.518664047151277,0.4857590802194931,0.007858546168958742,0.030451866404715127,0.25806451612903225,3.644400785854617,7.488212180746562,0.4866850321395776,0.48628168278024564,1.2495088408644401,1.6385068762278978,0.762589928057554,1.8261296660117878,5.100196463654224,6.926326129666012,1.1168958742632613,0.6777996070726916,0.7799607072691552,1.180746561886051,3.343811394891945,8.56188605108055,25965.0,3718,7654,8.0,31.0,3710.0,7623.0,1272,1668,1859.0,5192.0,7051.0,1137,690.0,794.0,1202.0,3404.0,8716,0.0,14.024040053918737,0.5199178509532063,0.004145118428653957,0.21644671673406513,8.44315039476218,23.046608896591565,15.81212016175621,7.358251492393607,1.4198536491430773,2.3003889851723476,12.628083959175814,17.146447140381284,21.6,40.4,62.2,0.11450926246870788,-1.6667552474484884,0.9570229154631233,-0.7274561910263817,8.4,7.601875601771616,15.670244559984596,0.0,0.07040246485653764,7.578752166377816,15.605399576352783,2.6083920662430193,3.428322742152898,3.8126285384171,10.604575389948007,14.396295012516852,2.3252763335259004,1.4198536491430773,1.6133795493934142,2.4680801078374732,6.969828615443867,17.857015212786443,104.9056036972848,100.95821297901021,0.0,0.0,0.5382558617852735,52.58605512134924,46.69033319621555,1.203241464417935,1.068070752776635,424.0,225.0,1587.0,293.0,626.0,116.0,2507.0,123.0,403.0,10.502538050185109,0.251476100370218,0.18816240230357878,0.2608002468120115,0.29554858083093377,0.004154997943233237,0.6199141505553271,0.44425030851501435,0.43756355409296577,0.4225721513780338,0.7886443438914027,0.5543809132044426,0.01076495269436446,71.0,0.18166232003290828,0.14613327848621965,0.0,0.0,0,0,0,0.0118125,0.0,0.015625,0,0,5,0,0,0,0,0,0,1,0,0.0,0,0.0,0,0.0,0,0.0,0,0.0,,,1996,2013,16,0.9958450020567668
Kurt Thomas,thomaku01,81,230.0,1972-10-04,TCU,1997,2012,1995-11-04T00:00:00Z,False,16,NBA,"MIA, DAL, NYK, PHO, SEA, SAS, MIL, CHI, POR",PF,997,591.0,25.188565697091274,3.5275827482447344,7.285857572718155,0.4841685022026432,0.00802407221664995,0.029087261785356068,0.27586206896551724,3.519558676028084,7.256770310932798,0.48500345542501727,0.4847191629955947,1.1715145436308927,1.514543630892678,0.7735099337748345,1.7813440320962888,5.039117352056168,6.820461384152457,1.1404212637913742,0.6690070210631895,0.7913741223671013,1.1384152457372116,3.2657973921765295,8.234704112337011,25113.0,3517,7264,8.0,29.0,3509.0,7235.0,1168,1510,1776.0,5024.0,6800.0,1137,667.0,789.0,1135.0,3256.0,8210,0.0,13.91391709473181,0.5178752438975829,0.004022139927527575,0.2064327240871262,8.325524628678375,23.098494803488233,15.765153506152194,7.5631585234738985,1.4203320989129138,2.362326285190937,12.672046350495759,16.774841715446183,21.0,38.3,59.5,0.11328730139768249,-1.6798590371520727,1.0039182893322185,-0.694265918050412,8.3,7.439915581571297,15.384533906741531,0.0,0.06620077250826266,7.4160076454426,15.317488949946242,2.4752359335802177,3.210560267590491,3.76809620515271,10.612101302114441,14.355381674829772,2.401238402421057,1.4203320989129138,1.6595747222554056,2.4114681638991757,6.898534623501773,17.401461394496874,104.84235256639987,101.05272169792538,0.0,0.0,0.5210448771552583,51.000517660176,48.29900848166288,1.1423844224107036,1.0531039700553497,437.0,226.0,1656.0,306.0,633.0,121.0,2614.0,123.0,416.0,10.63355632540915,0.24711221279815238,0.18499163779715683,0.25754513598534623,0.30646665073866125,0.004022139927527575,0.612530561860391,0.4437626727193087,0.4401994982678294,0.42408867917015086,0.7914695575996495,0.5366543224624697,0.01042073826305101,71.0,0.1758535818102178,0.14146059809660336,0.0,0.0,0,0,0,0.0118125,0.0,0.0,0,0,5,0,0,0,0,0,0,0,0,0.0,0,0.0,0,0.0,0,0.0,0,0.0,,,1996,2013,17,0.9959778600724724
Kurt Thomas,thomaku01,81,230.0,1972-10-04,TCU,1998,2013,1995-11-04T00:00:00Z,False,16,NBA,"DAL, NYK, PHO, SEA, SAS, MIL, CHI, POR, NYK",PF,1018,599.0,24.68664047151277,3.4607072691552063,7.113948919449902,0.48646782656724663,0.008840864440078585,0.02848722986247544,0.3103448275862069,3.4518664047151275,7.085461689587427,0.4871759323443782,0.48708920187793425,1.118860510805501,1.4508840864440078,0.7711577522004063,1.737721021611002,4.924361493123772,6.662082514734774,1.1286836935166995,0.6532416502946955,0.7819253438113949,1.0982318271119842,3.1836935166994107,8.049115913555992,25131.0,3523,7242,9.0,29.0,3514.0,7213.0,1139,1477,1769.0,5013.0,6782.0,1149,665.0,796.0,1118.0,3241.0,8194,0.0,13.970029047789582,0.5193247781624288,0.004057618081254228,0.20221547093231468,8.278369344634118,23.042771875373045,15.708324380247504,7.627678962237874,1.4158529306434287,2.3869523695833834,12.545394134733993,16.66093669173531,21.9,38.0,60.1,0.11427018423461065,-1.6323226294218296,1.0088098364569655,-0.6402650113405753,8.7,7.4449086785245315,15.322080299232026,0.0015598265090923562,0.06622498109904103,7.419458039871075,15.25649994031276,2.410043372726911,3.1366280689188653,3.749902510843181,10.578134574827901,14.301679200986829,2.425406868011619,1.4158529306434287,1.6733556165691776,2.373323783375114,6.8599856750626715,17.35082965262027,105.25430742907166,101.15900680434522,0.0,0.0,0.4966376188770841,50.5753849826907,48.76355895109626,1.0776133062751183,1.0067804703354424,430.0,221.0,1649.0,305.0,618.0,126.0,2645.0,120.0,401.0,10.712080697146952,0.24252982372368787,0.18121765946440652,0.25851780669292906,0.31379988858382074,0.004057618081254228,0.6184032469857944,0.4478806255222633,0.43705511121722174,0.4289664159802634,0.7944243762683538,0.5518682105765788,0.009847757749393182,68.0,0.1757276272332975,0.14135927738649476,0.0,0.0,0,0,0,0.0118125,0.0,0.0,0,0,5,0,0,0,0,0,0,0,0,0.0,0,0.0,0,0.0,0,0.0,0,0.0,,,1996,2013,18,0.9959423819187457
Ray Allen,allenra02,77,205.0,1975-07-20,UConn,1997,2012,1996-11-01T00:00:00Z,True,16,NBA,"MIL, SEA, BOS",SG,1148,1140.0,36.9102787456446,6.9991289198606275,15.471254355400697,0.4523956984404031,2.367595818815331,5.912891986062718,0.4004124926340601,4.631533101045296,9.55836236933798,0.48455299371183813,0.5289116603794831,3.617595818815331,4.047038327526132,0.8938872148084374,1.0165505226480835,3.2081881533101044,4.224738675958188,3.5566202090592336,1.1585365853658536,0.19250871080139373,2.196864111498258,2.2770034843205575,19.983449477351915,42373.0,8035,17761,2718.0,6788.0,5317.0,10973.0,4153,4646,1167.0,3683.0,4850.0,4083,1330.0,221.0,2522.0,2614.0,22941,3.0,19.00823165695136,0.5807559766832653,0.38327040804285745,0.26044599155122367,3.3442569560805224,10.244518915347037,6.828053241450925,17.0461567507611,1.6738984730842754,0.40725697968045693,11.292702900431877,24.331246312510324,105.7,30.0,135.7,0.15367314091520545,3.89924008212777,-0.6936350978217262,3.1959431713591204,55.5,10.054017888749911,22.23841833242867,3.4090859745592716,8.496818728907558,6.638972930875794,13.729542397281286,5.1938404172468315,5.813487362235385,1.4606683501286197,4.612307365539376,6.080107615698676,5.109414013640762,1.6738984730842754,0.28022561536827695,3.1769877044344277,3.2905104665706935,28.719927784202206,114.33018667547731,108.28928798999362,2.005215585396361,87.19342505840983,10.810752129894036,0.0,0.0,3.782028650319779,5.927607202699832,1204.0,805.0,1289.0,275.0,1587.0,70.0,9026.0,350.0,750.0,15.992391381304131,0.19074691430863994,0.09733847025228332,0.15054973686073678,0.17801142236801737,0.38327040804285745,0.620615297477167,0.40439324569891205,0.43729849196422255,0.43566750053099845,0.4420097467727091,0.8330513298562765,0.02036483137847214,334.0,0.2521931890590707,0.4304268284048805,62.0,2.0,1,0,10,0.0,0.03775,0.034625,0,0,0,0,1,2,13,0,1,1,0,0.002375,0,0.0,0,0.0,0,0.0,0,0.0,,,1997,2014,16,0.6167295919571425
Ray Allen,allenra02,77,205.0,1975-07-20,UConn,1998,2013,1996-11-01T00:00:00Z,True,16,NBA,"MIL, SEA, BOS, MIA",SG,1145,1059.0,36.57292576419214,6.931877729257642,15.287336244541486,0.4534392138939671,2.393013100436681,5.958078602620088,0.4016417472881853,4.538864628820961,9.329257641921398,0.48651937839355924,0.5317070383912249,3.570305676855895,3.978165938864629,0.8974753018660813,0.9694323144104804,3.17117903930131,4.14061135371179,3.5004366812227072,1.1545851528384279,0.19737991266375546,2.1624454148471615,2.2052401746724892,19.82707423580786,41876.0,7937,17504,2740.0,6822.0,5197.0,10682.0,4088,4555,1110.0,3631.0,4741.0,4008,1322.0,226.0,2476.0,2525.0,22702,3.0,19.065409781258953,0.58404637501194,0.39277082338332225,0.25877865603209477,3.226115197249021,10.191816314834272,6.752156366415131,16.903691852134873,1.6796351131913267,0.4231087018817461,11.260234979463176,24.263984143662242,105.80000000000001,30.4,136.2,0.156057359824243,3.95060177667399,-0.6863262966854523,3.254498997038877,55.5,10.040818129716303,22.162708950234023,3.473330786130481,8.634661858821282,6.561457636832553,13.5158467857484,5.170431750883561,5.761266596618588,1.3996250835800936,4.600360588403859,6.0072022160664815,5.074097334989016,1.6796351131913267,0.2908969338045659,3.1524166587066573,3.216653930652402,28.74537682682205,114.53923488394307,108.1231970579807,2.1262059413506544,85.48636450472824,12.396933804565862,0.0,0.0,4.184776482949661,5.564380552106218,1185.0,802.0,1249.0,272.0,1540.0,76.0,8908.0,344.0,716.0,16.084408730537778,0.18726184449326583,0.0966016811538829,0.1459627471582768,0.17737933422485433,0.39277082338332225,0.6278467141083198,0.4038186073168402,0.4368093418664629,0.432821257999809,0.4479477027414271,0.8420631865507691,0.01938649823287802,316.0,0.26477122934377684,0.42840770369662806,59.0,1.0,2,0,10,0.0,0.03775,0.0,0,0,0,0,1,2,13,0,0,0,0,0.002375,0,0.0,0,0.0,0,0.0,0,0.0,,,1997,2014,17,0.6072291766166777
Ray Allen,allenra02,77,205.0,1975-07-20,UConn,1999,2014,1996-11-01T00:00:00Z,True,16,NBA,"MIL, SEA, BOS, MIA",SG,1136,986.0,35.673415492957744,6.702464788732394,14.72887323943662,0.4550561797752809,2.3961267605633805,5.953345070422535,0.402484104687269,4.306338028169014,8.775528169014084,0.49072123583107635,0.5363973224958164,3.3899647887323945,3.767605633802817,0.8997663551401869,0.8855633802816901,3.1117957746478875,3.9973591549295775,3.340669014084507,1.113556338028169,0.1954225352112676,2.022007042253521,2.109154929577465,19.191021126760564,40525.0,7614,16732,2722.0,6763.0,4892.0,9969.0,3851,4280,1006.0,3535.0,4541.0,3795,1265.0,222.0,2297.0,2396.0,21801,3.0,18.99850709438618,0.5879845280690932,0.41033670573719916,0.2535392967304133,3.028883405305367,10.232648982109808,6.689006785934608,16.43206662553979,1.6612905613818627,0.43199012954966076,11.011351017890192,23.904486119679213,103.6,29.6,133.3,0.1578117211597779,3.952081431215299,-0.6792029611351018,3.262776064157927,53.8,9.947972856261567,21.88094509561999,3.5635533621221467,8.837149907464529,6.382966070326959,13.03118815545959,5.035235040098704,5.595210363972856,1.3046169031462063,4.622815545959284,5.939666872301049,4.959128932757556,1.6612905613818627,0.29392720542874773,3.0186132017273284,3.1475434916718075,28.51537816162863,115.06277606415793,108.17507711289328,1.5482048118445404,84.19380629241209,14.26780999383097,0.0,0.0,4.572602097470697,5.242013571869216,1094.0,746.0,1182.0,261.0,1438.0,81.0,8512.0,328.0,671.0,16.208545342381246,0.1864295619987662,0.09472078963602715,0.13770850092535472,0.1708422948797039,0.41033670573719916,0.6284471807526218,0.4169088217149907,0.44277149907464536,0.4327297223935842,0.4563044787168415,0.8541291301665638,0.018124984577421344,287.0,0.2806606045650833,0.43168461443553363,48.0,1.0,2,0,10,0.0,0.037625,0.0,0,0,0,0,1,2,12,0,0,0,0,0.002375,0,0.0,0,0.0,0,0.0,0,0.0,,,1997,2014,18,0.5896632942628008
Marcus Camby,cambyma01,83,220.0,1974-03-22,UMass,1997,2012,1996-11-01T00:00:00Z,False,16,NBA,"TOR, NYK, DEN, LAC, POR, HOU",C,949,782.0,29.962065331928347,3.951527924130664,8.455216016859852,0.4673479561316052,0.018967334035827187,0.09272918861959958,0.20454545454545456,3.9325605900948366,8.362486828240252,0.47026209677419356,0.46846959122632104,1.7934668071654374,2.668071654373024,0.6721958925750395,2.7260273972602738,7.21390937829294,9.939936775553214,1.9209694415173868,1.01159114857745,2.4415173867228663,1.4193888303477344,2.801896733403583,9.715489989462592,28434.0,3750,8024,18.0,88.0,3732.0,7936.0,1702,2532,2587.0,6846.0,9433.0,1823,960.0,2317.0,1347.0,2659.0,9220,4.0,17.886625167053527,0.5035194133783498,0.011079060279946543,0.31206122951396215,10.502208623478934,27.866431033270032,19.171787296898078,10.127136526693395,1.7573187029612438,6.0731624111978615,12.990441021312513,16.619272701695156,27.0,54.400000000000006,81.5,0.13784254765421677,0.03442357740732926,2.3326264331434197,2.3867623267918687,31.5,6.877959485123444,14.701385665048884,0.02545895758598861,0.15467398185271156,6.847056341000211,14.548129000492368,3.1167405219103888,4.650657663360765,4.762383062530772,12.491956812267004,17.247288457480483,3.3006576633607656,1.7573187029612438,4.216272772033481,2.451554477034536,4.895188858408947,16.907554336357883,106.6776042765703,98.43908700851094,0.0,0.0,0.5595765632693255,25.488781036786946,74.1774635999156,0.4830730815221213,2.5469332489273406,728.0,276.0,1575.0,127.0,1126.0,123.0,3881.0,247.0,369.0,8.182323978335795,0.4657344024759091,0.1533850671731026,0.13890099880424844,0.2307588802138285,0.011079060279946543,0.6019819933881972,0.35512885981571357,0.34783692058802845,0.36383101216853064,0.6850347823028768,0.49092635577125976,0.11088221847084476,842.0,0.22929612435816277,0.14779538580572554,9.0,1.0,0,0,0,0.126125,0.013625,0.0546875,2,4,7,0,0,0,6,1,1,1,0,6.25e-05,0,0.0,0,0.0005,0,0.000125,1,0.08318749999999998,,,1997,2013,16,0.9889209397200535
Marcus Camby,cambyma01,83,220.0,1974-03-22,UMass,1998,2013,1996-11-01T00:00:00Z,False,16,NBA,"TOR, NYK, DEN, LAC, POR, HOU, NYK",C,910,748.0,29.436263736263736,3.7274725274725276,8.02087912087912,0.4647211946842033,0.017582417582417582,0.08131868131868132,0.21621621621621623,3.70989010989011,7.93956043956044,0.4672664359861592,0.4658172352377038,1.678021978021978,2.513186813186813,0.6676869261040664,2.7252747252747254,7.295604395604395,10.02087912087912,1.9120879120879122,0.9901098901098901,2.4186813186813185,1.3494505494505495,2.7175824175824177,9.15054945054945,26787.0,3392,7299,16.0,74.0,3376.0,7225.0,1527,2287,2480.0,6639.0,9119.0,1740,901.0,2201.0,1228.0,2473.0,8327,4.0,17.806088774405495,0.5006323963116437,0.010485534027700003,0.31058222271997615,10.690204203531565,28.650061597043344,19.661111733303468,10.145548213685743,1.7518945757270317,6.1018703102251095,13.051450330384142,16.053693956023444,25.200000000000003,52.5,77.8,0.13965542987269944,0.04131481688878933,2.444756785007653,2.506995930861985,30.5,6.590861238660545,14.174013514017995,0.01994250942621421,0.13585694553328106,6.565139806622615,14.039661029603913,2.963067906073842,4.4508156941800125,4.840769776384066,12.855049090976964,17.688333893306456,3.3403889946615895,1.7518945757270317,4.248564602232426,2.37012730055624,4.827259491544406,16.18276402732669,106.70773136222795,97.99835741217755,0.0,0.0,0.5231642214507037,24.044835181244633,75.67170642475828,0.538081905401874,2.265281666480009,687.0,258.0,1469.0,115.0,1014.0,125.0,3694.0,216.0,324.0,8.10685033785045,0.46411012804718704,0.15292182775226792,0.13362418337253143,0.23870803001455934,0.010485534027700003,0.5979832008063612,0.35232978683689853,0.3505904356590884,0.3632523985515362,0.6826834658603054,0.45029305260014185,0.1052721096054056,717.0,0.23836633441594807,0.1568825923022362,8.0,1.0,0,0,0,0.126125,0.013625,0.0,2,4,7,0,0,0,6,0,0,0,0,6.25e-05,0,0.0,0,0.0005,0,0.000125,1,0.0831875,,,1997,2013,17,0.9895144659723
Derek Fisher,fishede01,73,200.0,1974-08-09,Little Rock,1997,2012,1996-11-01T00:00:00Z,False,16,NBA,"LAL, GSW, UTA, LAL, OKC",PG,1173,722.0,26.185848252344417,3.0042625745950553,7.508098891730605,0.4001362552515045,0.9633418584825234,2.584825234441603,0.37269129287598945,2.040920716112532,4.923273657289003,0.41454545454545455,0.4642897695015329,1.649616368286445,2.020460358056266,0.8164556962025317,0.3410059676044331,1.7894288150042625,2.130434782608696,3.103154305200341,1.0767263427109974,0.0784313725490196,1.1884057971014492,2.1074168797953963,8.621483375959079,30716.0,3524,8807,1130.0,3032.0,2394.0,5775.0,1935,2370,400.0,2099.0,2499.0,3640,1263.0,92.0,1394.0,2472.0,10113,0.0,11.829469983070712,0.5115574619091028,0.33995670009115775,0.2690990037765334,1.4699700481833573,7.6190942831097805,4.578122151321786,17.806332204714156,2.1317521812736033,0.22146438338325306,12.442876676650606,16.313735512436512,30.7,27.9,58.8,0.09190750748795416,-1.333891131657768,0.44205625732517256,-0.9006804271389504,8.5,5.928161218908712,14.825634848287537,1.9043169683552545,5.111808178148196,4.035463602031514,9.72796262534184,3.258519989581976,3.988771324391197,0.6664376871988541,3.553490037765334,4.205443417111603,6.140187524417242,2.1317521812736033,0.15031905195989065,2.3375244172418284,4.178144940747493,17.021903893736166,107.12472327125928,106.60014324781872,89.92687849980466,10.238442505534575,0.0,0.0,0.0,6.06706276858966,3.680101575726006,904.0,265.0,833.0,141.0,729.0,307.0,7978.0,144.0,368.0,17.20418348743326,0.16526351087381166,0.07351878499804662,0.07805339236879803,0.34330472717801797,0.33995670009115775,0.4562658874853497,0.33144615184268783,0.3622247362937882,0.42260180362026306,0.4878428831879152,0.8691774645136086,0.002081976819898424,13.0,0.3015442114858706,0.4012672222945696,12.0,0.0,5,0,0,0.008375,0.0,0.0055625,0,0,3,0,0,0,0,0,0,1,0,0.0,0,0.0,0,0.0003125,0,0.0,0,0.0,,,1997,2014,16,0.6600432999088423
Derek Fisher,fishede01,73,200.0,1974-08-09,Little Rock,1998,2013,1996-11-01T00:00:00Z,False,16,NBA,"LAL, GSW, UTA, LAL, OKC, DAL",PG,1126,728.0,26.97158081705151,3.086145648312611,7.731793960923623,0.3991500114863313,1.0106571936056838,2.6989342806394316,0.37446528463310297,2.075488454706927,5.032859680284192,0.4123875066172578,0.46450723638869745,1.6793960923623446,2.0319715808170513,0.826486013986014,0.33481349911190056,1.8312611012433393,2.16607460035524,3.168738898756661,1.1021314387211367,0.07992895204262877,1.2015985790408525,2.1669626998223803,8.86234458259325,30370.0,3475,8706,1138.0,3039.0,2337.0,5667.0,1891,2288,377.0,2062.0,2439.0,3568,1241.0,90.0,1353.0,2440.0,9979,0.0,11.77644056634837,0.511810602568324,0.34477859729996707,0.2627437273625288,1.400279881461969,7.563987487652288,4.5164833717484365,17.62116233124794,2.118475469213039,0.21943035890681595,12.299275600921963,16.239970365492262,30.7,27.3,58.099999999999994,0.09190006585446164,-1.3198353638459006,0.4353473822851498,-0.8934343101745142,8.4,5.909548896937768,14.812288442541982,1.937708264734936,5.177102403687849,3.980559762923938,9.647589726703984,3.2178696081659535,3.8893381626605206,0.6353605531774779,3.5283305893974313,4.149041817583141,6.083444188343761,2.118475469213039,0.14861376358248274,2.290938426078367,4.16688837668752,16.974418834376028,107.20974646032269,106.64484688837669,88.51712216002635,11.631149160355614,0.0,0.0,0.0,6.120905498847547,3.7201350016463617,878.0,261.0,827.0,137.0,707.0,316.0,7822.0,139.0,352.0,17.338386565689827,0.15676180441224893,0.07182275271649655,0.07734494567006917,0.349390121830754,0.34477859729996707,0.45814142245637146,0.32305021402700035,0.359848271320382,0.4173647349357919,0.49251063549555485,0.8720529140599277,0.0015295027988146198,8.0,0.3113095488969378,0.40342709911096475,11.0,0.0,5,0,0,0.008375,0.0,0.0,0,0,3,0,0,0,0,0,0,0,0,0.0,0,0.0,0,0.0003125,0,0.0,0,0.0,,,1997,2014,17,0.6552214027000329
Derek Fisher,fishede01,73,200.0,1974-08-09,Little Rock,1999,2014,1996-11-01T00:00:00Z,False,16,NBA,"LAL, GSW, UTA, LAL, OKC, DAL, OKC",PG,1125,692.0,26.700444444444443,3.0684444444444443,7.7235555555555555,0.39728392220048336,1.0622222222222222,2.832888888888889,0.3749607781612802,2.006222222222222,4.890666666666666,0.41021446746637585,0.4660490275060421,1.6275555555555556,1.9617777777777778,0.8296329859537834,0.312,1.792888888888889,2.104888888888889,2.9795555555555557,1.0986666666666667,0.07822222222222222,1.1404444444444444,2.1964444444444444,8.826666666666666,30038.0,3452,8689,1195.0,3187.0,2257.0,5502.0,1831,2207,351.0,2017.0,2368.0,3352,1236.0,88.0,1283.0,2471.0,9930,0.0,11.630910846261404,0.5120042612690592,0.3661907583727279,0.25145891870297626,1.3168153672015448,7.473823157334044,4.431320327585059,16.785388507890005,2.1318363406351954,0.21964511618616422,11.726606298688328,16.24460683134696,29.9,27.4,57.4,0.09171878953325788,-1.4024169385445102,0.4796291364271922,-0.931833011518743,8.0,5.931320327585059,14.935242026766096,2.05376523070777,5.478773553498901,3.886370597243491,9.463150009987348,3.1445469072508154,3.7933684000266332,0.5969472002130634,3.4890671815700114,4.071203142685931,5.77724881816366,2.1318363406351954,0.1491510753046142,2.1920034622811104,4.257620347559757,17.066552367001798,107.23749916772088,106.65197416605633,85.64395099540582,14.125640854917105,0.38031826353285836,0.0,0.0,6.08543511552034,3.9203442306411875,831.0,258.0,845.0,129.0,677.0,358.0,7343.0,130.0,334.0,17.701870963446304,0.13856874625474397,0.06935218722950928,0.0765881217124975,0.3493994939742992,0.3661907583727279,0.4546407550436114,0.3176468140355549,0.36106278713629403,0.4218494906451828,0.5090562620680472,0.8657893002197218,0.0012534456355283306,6.0,0.3221668220254345,0.3954430055263333,10.0,0.0,5,0,0,0.008375,0.0,0.0,0,0,3,0,0,0,0,0,0,0,0,0.0,0,0.0,0,0.0003125,0,0.0,0,0.0,,,1997,2014,18,0.6338092416272721
Steve Nash,nashst01,75,195.0,1974-02-07,Santa Clara,1997,2012,1996-11-01T00:00:00Z,True,16,NBA,"PHO, DAL, PHO",PG,1152,993.0,31.361979166666668,5.250868055555555,10.69704861111111,0.4908707295301469,1.40625,3.2855902777777777,0.42800528401585203,3.8446180555555554,7.411458333333333,0.51873975169829,0.5566014769130894,2.5442708333333335,2.8159722222222223,0.9035141800246609,0.5321180555555556,2.4809027777777777,3.0130208333333335,8.60763888888889,0.7482638888888888,0.08246527777777778,2.8828125,1.6440972222222223,14.452256944444445,36129.0,6049,12323,1620.0,3785.0,4429.0,8538.0,2931,3244,613.0,2858.0,3471.0,9916,862.0,95.0,3321.0,1894.0,16649,3.0,20.207249024329485,0.6037903623128235,0.30915832156992995,0.2618623820199839,1.9295469013811621,8.68494561155858,5.387032577707658,41.88269810955188,1.219535553156744,0.1868000775000692,19.553627280024358,21.147961471394172,109.7,15.3,125.6,0.16654861745412275,4.51455617371087,-1.3311937778515874,3.1846992720529217,47.3,8.521727697971158,17.373428547704062,2.2765423897699906,5.333604583575521,6.239060034875031,12.048227185917131,4.128835561460323,4.572102742948878,0.866359434249495,4.014744388164632,4.885269451133438,13.93395610174652,1.219535553156744,0.13274101137590305,4.683525699576518,2.6739239945749955,23.45305710094384,117.89432311993136,110.50709955991032,91.7672783636414,8.288826150737634,0.01893215976085693,0.0,0.0,6.695770710509563,7.422560823715021,2424.0,597.0,717.0,127.0,707.0,247.0,22187.0,170.0,424.0,15.170547205845718,0.19404990450884332,0.10583605967505329,0.157615322870824,0.2334144039414321,0.30915832156992995,0.6381686733648869,0.445388773561405,0.4676016773229262,0.48610667330952984,0.16840460571839794,0.5203357690497937,7.423399485178112e-05,0.0,0.08781798555177281,0.4507813114118852,9.0,0.0,0,0,8,0.0,0.2803125,0.0,0,0,0,3,5,7,11,0,0,0,2,0.15175,0,0.0,0,0.0,0,0.010624999999999999,0,0.0,,,1997,2014,16,0.69084167843007
Steve Nash,nashst01,75,195.0,1974-02-07,Santa Clara,1998,2013,1996-11-01T00:00:00Z,True,16,NBA,"PHO, DAL, PHO, LAL",PG,1137,1041.0,32.60510114335972,5.4626209322779244,11.102022867194371,0.4920383427077557,1.4547053649956025,3.3948988566402813,0.4284974093264249,4.007915567282322,7.7071240105540895,0.5200273878808627,0.5575536718688109,2.635004397537379,2.9102902374670183,0.9054094892716833,0.5479331574318381,2.5743183817062447,3.1222515391380825,8.892700087950747,0.7669305189094108,0.08795074758135445,2.9762532981530345,1.646437994722955,15.01495162708883,37072.0,6211,12623,1654.0,3860.0,4557.0,8763.0,2996,3309,623.0,2927.0,3550.0,10111,872.0,100.0,3384.0,1872.0,17072,3.0,20.19617231333621,0.6050388703064308,0.30752597647820457,0.2605408394475615,1.907801035822184,8.654356387570134,5.361029887785931,41.71254855416487,1.2003371817004749,0.19082596029348295,19.45676791109193,21.075714825205008,113.0,15.600000000000001,129.2,0.16701866637893828,4.515618256365991,-1.3384791756581786,3.1784419507984465,48.5,8.526405373327579,17.337489210185584,2.2662656452309022,5.302225399223133,6.25601532153647,12.049687095381959,4.109597539922313,4.543685261113509,0.857291217091066,4.006039598618903,4.867390483383685,13.844062904618038,1.2003371817004749,0.13814199395770393,4.648834700043159,2.5751510574018126,23.434635304272764,118.12988239102287,110.50118687958567,91.90879909365559,8.164328873543376,0.0,0.0,0.0,6.7464636383254195,7.416109192921882,2478.0,611.0,721.0,126.0,719.0,256.0,22631.0,172.0,421.0,15.153992231333623,0.19136307725507123,0.10857917026327148,0.15907196806214932,0.233513487268019,0.30752597647820457,0.645678976046612,0.44449020824341823,0.4692404779887785,0.4862881150194217,0.1675178301683211,0.5303964987052223,7.234570565386275e-05,0.0,0.08662027945619336,0.4463345381959431,10.0,0.0,0,0,8,0.0,0.2803125,0.0,0,0,0,3,5,7,11,0,0,0,2,0.15175,0,0.0,0,0.0,0,0.010624999999999999,0,0.0,,,1997,2014,17,0.6924740235217954
Steve Nash,nashst01,75,195.0,1974-02-07,Santa Clara,1999,2014,1996-11-01T00:00:00Z,True,16,NBA,"DAL, PHO, LAL",PG,1076,1042.0,33.19795539033457,5.556691449814126,11.276022304832713,0.49278826341383003,1.4693308550185873,3.4284386617100373,0.42857142857142855,4.087360594795539,7.847583643122676,0.5208432022738039,0.5579411522294568,2.7360594795539033,3.0176579925650557,0.9066830920850015,0.5529739776951673,2.62453531598513,3.1775092936802976,9.233271375464684,0.758364312267658,0.09107806691449814,3.08271375464684,1.6217472118959109,15.318773234200744,35721.0,5979,12133,1581.0,3689.0,4398.0,8444.0,2944,3247,595.0,2824.0,3419.0,9935,816.0,98.0,3317.0,1745.0,16483,3.0,20.340211640211642,0.6062977240278828,0.30583247949385517,0.2657813890988494,1.8850816046583243,8.646219310769574,5.345858178662411,42.469379356680946,1.1622071050642477,0.1931076957531984,19.759765963998767,21.12539402592313,110.2,13.8,124.5,0.16710251672685536,4.623770331177739,-1.4232300327538423,3.2018924442204866,47.0,8.501993225273647,17.26400716665267,2.241376221270401,5.24636488340192,6.256336608717561,12.027952744883962,4.187676716777246,4.622177430643039,0.8483889028862575,4.005391786344167,4.857993897147336,14.09843229472859,1.1622071050642477,0.14133702863861597,4.722309005906889,2.4827972341199853,23.444760784972427,118.30315500685872,110.78810783572688,92.08989110047311,7.9860026315052774,0.0,0.0,0.0,6.542207664958988,7.4557011281879015,2438.0,599.0,678.0,122.0,718.0,258.0,22274.0,170.0,406.0,15.07278351669886,0.19324389014865206,0.11007653761092914,0.16015380308502003,0.23074899918815264,0.30583247949385517,0.6473006354805296,0.4435087763500462,0.4742142157274433,0.4837564177934548,0.15144223286022226,0.5202275692169872,7.508188460569412e-05,0.0,0.08127843565409702,0.44253234791859125,10.0,0.0,0,0,8,0.0,0.2803125,0.0,0,0,0,3,5,7,11,0,0,0,2,0.15175,0,0.0,0,0.0,0,0.010624999999999999,0,0.0,,,1997,2014,18,0.6941675205061448
Ben Wallace,wallabe01,81,240.0,1974-09-10,"Cuyahoga Community College, Virginia Union University",1997,2012,1996-11-01T00:00:00Z,True,16,NBA,"WSB, WAS, ORL, DET, CHI, CLE, DET",C,1088,912.0,29.48988970588235,2.3612132352941178,4.982536764705882,0.47389780483305666,0.006433823529411764,0.046875,0.13725490196078433,2.354779411764706,4.935661764705882,0.4770949720670391,0.47454344216934147,1.0193014705882353,2.4623161764705883,0.4139604329973871,3.1654411764705883,6.46875,9.634191176470589,1.3207720588235294,1.2582720588235294,1.9641544117647058,0.9751838235294118,1.9099264705882353,5.748161764705882,32085.0,2569,5421,7.0,51.0,2562.0,5370.0,1109,2679,3444.0,7038.0,10482.0,1437,1369.0,2137.0,1061.0,2078.0,6254,2.0,15.508505532180147,0.47428539816113446,0.00972853358267103,0.5008233130746456,12.313688639551193,25.62437587657784,18.921736013713573,6.8402805049088355,2.2851675237649993,4.981901199937665,14.206541997818295,10.965716066697833,22.9,70.6,93.5,0.13975770609318997,-0.14761726663549943,2.603886551347982,2.4433286582515192,36.2,4.259890914757675,9.024606513947328,0.0030543867851020724,0.09322424809100827,4.256836527972573,8.937537790244663,1.8504129655602306,4.470743338008415,5.718687860370889,11.693476702508962,17.415571139161607,2.3877138849929875,2.2851675237649993,3.555907745052205,1.7637275985663081,3.433476702508961,10.400292971793673,106.53470469066542,95.68567866604332,0.0,0.0,0.0,23.93299049400031,76.32719339255104,3.9315162848683185,4.787208976157082,478.0,297.0,1209.0,102.0,1056.0,188.0,3180.0,217.0,410.0,4.006532647654668,0.6827434626772635,0.1669430886707184,0.08320024933769675,0.0575860059217703,0.00972853358267103,0.5772926289543401,0.25702434159264453,0.240225151940159,0.27637148200093503,0.609917438055166,0.507059373539037,0.21613305282842452,1012.0,0.12700589060308556,0.030543867851020725,9.0,0.0,1,0,4,0.3118125,0.11737500000000001,0.0,5,6,7,0,3,5,6,0,0,0,0,0.0041875,0,0.0,0,0.0,0,0.0085625,4,0.2341875,,,1997,2012,16,0.990271466417329
Kobe Bryant,bryanko01,78,212.0,1978-08-23,,1997,2012,1996-11-03T00:00:00Z,True,16,NBA,LAL,SG,1161,1013.0,36.50043066322136,8.859603789836347,19.557278208440998,0.45300801550251035,1.2962962962962963,3.8518518518518516,0.33653846153846156,7.5633074935400515,15.705426356589147,0.4815728858177032,0.4861490354972254,6.37984496124031,7.615848406546081,0.8377064012666817,1.1748492678725238,4.11541774332472,5.290267011197244,4.666666666666667,1.483204134366925,0.5116279069767442,2.956072351421189,2.5762273901808785,25.3953488372093,42377.0,10286,22706,1505.0,4472.0,8781.0,18234.0,7407,8842,1364.0,4778.0,6142.0,5418,1722.0,594.0,3432.0,2991.0,29484,17.0,23.458222620761262,0.554012695565991,0.19630459919295842,0.3920673478537886,3.6826934421974182,12.561764636477331,8.166868820350661,23.842636335748164,2.117141373858461,1.0116147910423106,11.550746867404488,31.748266748472048,115.69999999999999,46.8,162.3,0.1839246997191873,4.87701819383156,0.08830969629751986,4.984173018382613,74.3,12.618481723576469,27.832630908275714,1.8423059678599238,5.473955211553437,10.769778417537816,22.350407060433724,9.085298628973264,10.841060008967128,1.6717205087665479,5.847497463246572,7.515961488543314,6.639658305212733,2.117141373858461,0.7226467187389385,4.196578332586073,3.676746820209076,36.12866885338745,111.26287844821483,104.84128182740638,1.0796894541850532,83.46657384902187,15.257922929891215,0.13014135026075466,0.0,5.688809967671142,5.784854992094768,1474.0,1079.0,997.0,432.0,3380.0,71.0,12274.0,771.0,1018.0,13.731970172499231,0.23345102296056822,0.126428180380867,0.17249904429289473,0.27134853812209453,0.19630459919295842,0.6373779880595607,0.43936019538900817,0.4252819925903202,0.4024785378861174,0.36610689760955234,0.6762415697194233,0.04580505934823134,937.0,0.09034816055879369,0.3344435188899639,48.0,1.0,5,2,14,0.441,0.6984999999999999,0.01675,9,12,13,10,12,14,15,0,1,1,1,0.253125,0,0.0,0,0.0166875,0,0.00225,0,0.016375,,,1997,2016,16,0.8036954008070415
Kobe Bryant,bryanko01,78,212.0,1978-08-23,,1998,2013,1996-11-03T00:00:00Z,True,16,NBA,LAL,SG,1168,1085.0,37.91695205479452,9.287671232876713,20.444349315068493,0.45429038066920724,1.3578767123287672,4.060787671232877,0.3343875184482395,7.929794520547945,16.383561643835616,0.4840091973244147,0.48749947652749276,6.674657534246576,7.964041095890411,0.8380993334766716,1.1840753424657535,4.332191780821918,5.516267123287672,4.962328767123288,1.5231164383561644,0.5102739726027398,3.0881849315068495,2.6215753424657535,26.607876712328768,44287.0,10848,23879,1586.0,4743.0,9262.0,19136.0,7796,9302,1383.0,5060.0,6443.0,5796,1779.0,596.0,3607.0,3062.0,31078,19.0,23.65264976178111,0.555349741459119,0.19716731772303386,0.39203953756181265,3.571912750920135,12.69456273850114,8.182755661932395,24.491252512023845,2.0910109061349833,0.968957030279766,11.496678483527898,31.934131912299318,123.6,48.099999999999994,171.39999999999998,0.1858627136631517,4.991421861945944,0.07520717140470116,5.08466141305575,78.8,12.715485356876735,27.959276988732586,1.8527513717343687,5.545419649106962,10.849809199087769,22.405945311265157,9.137080858942806,10.897909092961816,1.6196671709531012,5.915002145099013,7.531553277485491,6.783674667509652,2.0910109061349833,0.6912976720030708,4.210149705331136,3.593435997019441,36.37964865536162,111.56863187842933,104.98419400727076,1.0331248447625714,83.67791902815725,15.158082507282046,0.068033508704586,0.0,5.557601553503285,5.805559193442771,1576.0,1150.0,1024.0,441.0,3550.0,84.0,13168.0,808.0,1065.0,13.758290243186488,0.22864727798225215,0.12873502382188906,0.17267437396978796,0.27283094361776594,0.19716731772303386,0.6449074220425859,0.4420052837175695,0.4321850430148802,0.401013367353851,0.3584569964097817,0.6702726985345587,0.04500374827827579,971.0,0.09351615598256825,0.3339730620723914,52.0,1.0,5,2,15,0.44725000000000004,0.75325,0.0,9,12,14,11,13,15,16,0,0,0,1,0.262625,0,0.0,0,0.0166875,0,0.00225,0,0.016375,,,1997,2016,17,0.8028326822769661
Kobe Bryant,bryanko01,78,212.0,1978-08-23,,1999,2014,1996-11-03T00:00:00Z,True,16,NBA,LAL,SG,1095,1090.0,38.728767123287675,9.578082191780823,21.040182648401828,0.45522809149702675,1.382648401826484,4.145205479452055,0.33355364617757216,8.195433789954338,16.894977168949772,0.48508108108108106,0.4880854203741482,6.804566210045662,8.096803652968037,0.840401533949921,1.1926940639269406,4.4940639269406395,5.68675799086758,5.146118721461187,1.5634703196347033,0.508675799086758,3.1817351598173516,2.6401826484018267,27.34337899543379,42408.0,10488,23039,1514.0,4539.0,8974.0,18500.0,7451,8866,1306.0,4921.0,6227.0,5635,1712.0,557.0,3484.0,2891.0,29941,19.0,23.848396528956798,0.5554959205810224,0.19513337106206377,0.38632274570835695,3.51701801546878,12.895760233918129,8.253044236936427,24.94511177136389,2.104322297679683,0.9505329183172986,11.526773250330127,32.15015091492172,118.6,46.4,164.7,0.18656623750235804,5.092982456140351,0.10855970571590265,5.220790888511601,76.9,12.839237879645347,28.176603471043197,1.846066779852858,5.542840973401246,10.979673646481796,22.625499905678172,9.121194114318053,10.852289662327863,1.596554895302773,6.005855027353331,7.604003961516694,6.885243350311261,2.104322297679683,0.6746981701565742,4.24642991888323,3.544920769666101,36.61287257121298,111.52961705338615,104.96005470665912,1.1915912092058103,85.5303480475382,13.141388417279758,0.07104791548764385,0.0,5.405015563101302,6.202487738162611,1534.0,1120.0,953.0,424.0,3403.0,84.0,12800.0,774.0,1014.0,13.765046689303905,0.2240939916996793,0.12826190813054142,0.17350209866063004,0.2790660016977929,0.19513337106206377,0.6460687841916619,0.4481536502546689,0.4366949396340312,0.4042821401622335,0.3539055602716468,0.6626606772307112,0.043032234484059614,903.0,0.09575728636106395,0.3355352056215808,49.0,1.0,5,2,15,0.44725000000000004,0.7531249999999999,0.0,9,12,14,11,13,15,15,0,0,0,1,0.262625,0,0.0,0,0.0,0,0.000625,0,0.016375,,,1997,2016,18,0.8048666289379363
Kobe Bryant,bryanko01,78,212.0,1978-08-23,,2000,2015,1996-11-03T00:00:00Z,True,16,NBA,LAL,SG,1080,1075.0,38.62870370370371,9.622222222222222,21.271296296296295,0.4523571148739825,1.4268518518518518,4.279629629629629,0.33340545218520123,8.19537037037037,16.991666666666667,0.48231703994332736,0.4858964871806033,6.853703703703704,8.162037037037036,0.8397050482132729,1.1842592592592593,4.521296296296296,5.705555555555556,5.224074074074074,1.5620370370370371,0.4759259259259259,3.199074074074074,2.5953703703703703,27.525,41719.0,10392,22973,1541.0,4622.0,8851.0,18351.0,7402,8815,1279.0,4883.0,6162.0,5642,1687.0,514.0,3455.0,2803.0,29727,21.0,23.89250940818332,0.5535201227258564,0.1999123181284307,0.3854392722740238,3.491670461899854,13.008933579424244,8.284503463649655,25.426822311177165,2.106045207219732,0.8943478990388073,11.439648601356696,32.54102687025097,114.5,45.5,159.7,0.183912917375776,5.139519163930104,0.06571346388935496,5.220254560272298,75.7,12.923739782832762,28.53857475011386,1.9112850260073346,5.732798005704835,10.998734389606655,22.79737769361682,9.202926724034613,10.958500922840912,1.5865768594645124,6.05265226875045,7.640849493036745,7.0027637287566815,2.106045207219732,0.6308947961360531,4.277370023250798,3.4935976413624488,36.92539130851651,111.33162348090798,105.14950022771399,1.2236870490663727,86.33653730913971,12.300846137251613,0.07222129005968504,0.0,5.00951844483329,6.198250197751625,1535.0,1116.0,920.0,420.0,3393.0,89.0,12828.0,760.0,1004.0,13.83678659603538,0.22036793787003525,0.12793158992305664,0.17144888420144297,0.28039758862868236,0.1999123181284307,0.6396032023778134,0.44641606941681244,0.4350896234329682,0.40526167933076057,0.35015999904120426,0.6550054171960019,0.04071461444425801,857.0,0.09850082696133655,0.33206680409405787,49.0,1.0,5,2,16,0.44725,0.7451875,0.0,9,12,14,11,13,14,14,0,0,0,1,0.262625,0,0.0,0,0.0,0,0.000625,0,0.016375,,,1997,2016,19,0.8000876818715693
Kobe Bryant,bryanko01,78,212.0,1978-08-23,,2001,2016,1996-11-03T00:00:00Z,True,16,NBA,LAL,SG,1080,1079.0,38.016666666666666,9.477777777777778,21.206481481481482,0.4469283499978169,1.5074074074074073,4.578703703703703,0.32922143579373103,7.970370370370371,16.627777777777776,0.4793406838177971,0.482469545474392,6.762037037037037,8.049074074074074,0.840101230875417,1.1222222222222222,4.426851851851852,5.549074074074074,5.095370370370371,1.5212962962962964,0.4305555555555556,3.15,2.498148148148148,27.225,41058.0,10236,22903,1628.0,4945.0,8608.0,17958.0,7303,8693,1212.0,4781.0,5993.0,5503,1643.0,465.0,3402.0,2698.0,29403,21.0,23.619258122655754,0.550147328169906,0.21468834331920694,0.3821163476058259,3.36946514686541,12.983462419017,8.199067173267085,25.325814701154467,2.081845194602757,0.8269277607287252,11.324947635052851,32.87847678893273,107.5,41.5,148.7,0.1740022650884115,5.047939500219202,-0.14048662867163528,4.918179161186614,71.4,12.922655755273029,28.877743679672655,2.050077938525988,6.2185396268693065,10.864783964148279,22.650669784207704,9.225071849578645,10.975685615470796,1.5267889327293096,6.016907788981441,7.545343173072239,6.936648156266745,2.081845194602757,0.5792854011398509,4.27759023819962,3.413870622046861,37.077429489989775,110.67243898874763,105.94522382970432,1.2433874031857373,81.85425495640314,16.715816649617615,0.11875882897364703,0.0,3.782802377125043,5.5521408738857225,1551.0,1101.0,871.0,409.0,3344.0,91.0,12545.0,727.0,987.0,14.057664766915096,0.2127670368746651,0.12416883433192069,0.170132958254177,0.27828598567879587,0.21468834331920694,0.635721028788543,0.44965448877198105,0.43633808271226066,0.3992018120707292,0.3443078815334405,0.6568687953626577,0.03712545667105071,780.0,0.10156213161868577,0.3397287008621949,48.0,1.0,4,2,16,0.4116875,0.70275,0.0,8,11,13,11,12,13,13,0,0,0,1,0.2625,0,0.0,0,0.0,0,0.000125,0,0.014312499999999999,,,1997,2016,20,0.7853116566807931
Erick Dampier,dampier01,83,265.0,1975-07-14,Mississippi State,1997,2012,1996-11-06T00:00:00Z,False,16,NBA,"IND, GSW, DAL, MIA, ATL",C,987,771.0,24.319148936170212,2.8206686930091185,5.668693009118541,0.4975871313672922,0.002026342451874367,0.016210739614994935,0.125,2.818642350557244,5.652482269503546,0.4986556730596881,0.49776586237712245,1.7619047619047619,2.8156028368794326,0.6257646635480388,2.7588652482269502,4.338399189463019,7.09726443768997,0.8277608915906788,0.3343465045592705,1.4164133738601823,1.4539007092198581,2.906788247213779,7.405268490374874,24003.0,2784,5595,2.0,16.0,2782.0,5579.0,1739,2779,2723.0,4282.0,7005.0,817,330.0,1398.0,1435.0,2869.0,7309,0.0,14.267429071366081,0.5511605632629254,0.003009207182435529,0.5045777611131942,12.817202016414617,20.09610048743907,16.4671082781319,5.384660250801983,0.7295379744198641,4.2063658709328,17.760521601466486,15.341890597008708,23.299999999999997,29.9,52.6,0.10539290921968088,-1.4790234554014081,0.14718576844561096,-1.3384743573719953,4.199999999999999,6.098521018206057,12.240294963129609,0.00438278548514769,0.03237928592259301,6.098521018206057,12.210527850685333,3.814610673665792,6.0943757030371195,5.997829437986919,9.413435820522436,15.377956922051409,1.778790151231096,0.7295379744198641,3.0482023080448277,3.1512185976752907,6.299554222388867,16.011723534558183,108.0578261050702,103.89059700870725,0.0,0.0,0.0,0.39420072490938635,99.60579927509062,0.3403574553180852,0.17512394284047827,358.0,405.0,1607.0,291.0,1228.0,26.0,1886.0,228.0,616.0,3.7370786984960214,0.5968610590342874,0.3053005041036537,0.07596058825980087,0.01868241469816273,0.003009207182435529,0.636119318418531,0.36048856392950884,0.29406482523017957,0.26921159855018123,0.5752940465775112,0.09715452235137274,0.17694125734283214,826.0,0.04007986501687289,0.05332666749989585,6.0,0.0,0,0,0,0.0,0.0004375,0.00225,0,0,0,0,0,0,1,0,0,1,0,0.0,0,0.0,0,0.000125,0,0.0005,0,0.0,,,1997,2012,16,0.9969907928175645
Jermaine O'Neal,onealje01,83,226.0,1978-10-13,,1997,2012,1996-12-05T00:00:00Z,False,16,NBA,"POR, IND, TOR, MIA, BOS",C/PF,912,680.0,27.907894736842106,5.307017543859649,11.410087719298245,0.46511627906976744,0.015350877192982455,0.10416666666666667,0.14736842105263157,5.291666666666667,11.305921052631579,0.46804383667927457,0.4657889679031328,3.0833333333333335,4.343201754385965,0.7099217369351174,2.0,5.375,7.375,1.4276315789473684,0.4791666666666667,1.8662280701754386,1.9155701754385965,2.925438596491228,13.712719298245615,25452.0,4840,10406,14.0,95.0,4826.0,10311.0,2812,3961,1824.0,4902.0,6726.0,1302,437.0,1702.0,1747.0,2668.0,12506,1.0,18.037576614804337,0.5141666273770233,0.008753496778249254,0.38009181989627533,8.411390067578187,21.931459217350305,15.242146000314316,9.738723872387238,0.9259429514380009,5.007233223322332,12.76133899104196,25.163994970925664,17.799999999999997,43.4,61.400000000000006,0.11560561056105612,-0.4258211535439258,0.7857300015715858,0.38201713028445705,15.399999999999999,10.107370737073706,21.699426371208546,0.018332547540468334,0.20381895332390385,10.066831683168315,21.504722615118652,5.856667452459533,8.277545968882603,3.7994774477447746,10.226292629262925,14.025459688826025,2.710580700927236,0.9259429514380009,3.542385667138142,3.648605217664623,5.5764026402640265,26.093167531038816,101.33404054691184,99.71546440358321,0.0,0.0,0.20159515951595158,47.27986012887003,52.63826025459689,1.7758918749017758,1.2622622976583373,390.0,510.0,1496.0,390.0,1772.0,223.0,2948.0,375.0,1013.0,8.254093980826655,0.30308859814552885,0.3164132484677039,0.24111166116611663,0.13075986170045578,0.008753496778249254,0.6386241159830268,0.41233946251768033,0.374944680182304,0.37684354864057834,0.6264147414741473,0.371506757818639,0.09956066320917806,889.0,0.1734486484362722,0.0733990256168474,7.0,0.0,0,0,6,0.023499999999999997,0.06887499999999999,0.0,0,0,5,0,1,3,7,0,0,0,0,0.0265625,0,0.0,0,0.0,1,0.0263125,0,0.0010625,,,1997,2014,16,0.9912465032217507
Jermaine O'Neal,onealje01,83,226.0,1978-10-13,,1998,2013,1996-12-05T00:00:00Z,False,16,NBA,"POR, IND, TOR, MIA, BOS, PHO",C,922,684.0,28.224511930585685,5.368763557483731,11.522776572668112,0.4659262048192771,0.015184381778741865,0.1019522776572668,0.14893617021276595,5.353579175704989,11.420824295010846,0.4687559354226021,0.4665850903614458,3.1030368763557483,4.336225596529284,0.715607803901951,2.024945770065076,5.453362255965293,7.478308026030369,1.4490238611713666,0.4924078091106291,1.9023861171366594,1.9446854663774404,2.980477223427332,13.855748373101953,26023.0,4950,10624,14.0,94.0,4936.0,10530.0,2861,3998,1867.0,5028.0,6895.0,1336,454.0,1754.0,1793.0,2748.0,12775,1.0,18.06102678399877,0.5154639741766899,0.008438227721630866,0.37503389309457025,8.395711485993159,22.01469853591054,15.266683318602775,9.742881297313915,0.9376935787572532,5.045313760903817,12.844791146293664,25.086684855704572,18.4,44.0,62.6,0.11517565230757407,-0.44760788533220613,0.8080544134035277,0.38382968912116205,15.8,10.096718287668601,21.645063981862197,0.017930292433616418,0.19758675018253088,10.05706874687776,21.45639242208815,5.822922030511471,8.162909733697115,3.7990316258694232,10.244618222341774,14.04334627060677,2.718303039618799,0.9376935787572532,3.5660723206394342,3.656338623525343,5.609879721784575,26.04335395611574,101.4233946893133,99.84467586365908,0.0,0.0,0.19717173269799793,45.54255850593706,54.37735849056604,1.4579141528647737,1.3295815240364293,403.0,532.0,1535.0,402.0,1797.0,229.0,3025.0,383.0,1039.0,8.235787572531992,0.30150151788802215,0.3178797986396649,0.2410228259616493,0.13126411251585135,0.008438227721630866,0.6405310686700227,0.4152261461015256,0.3733242131960189,0.37541409522345615,0.622777389232602,0.3633551089420896,0.09723959574222804,892.0,0.16964281597048764,0.07178849479306768,7.0,0.0,0,0,6,0.023499999999999997,0.06887499999999999,0.0,0,0,5,0,1,3,7,0,0,0,0,0.0265625,0,0.0,0,0.0,1,0.0263125,0,0.0010625,,,1997,2014,17,0.9915617722783693
Jermaine O'Neal,onealje01,83,226.0,1978-10-13,,1999,2014,1996-12-05T00:00:00Z,False,16,NBA,"POR, IND, TOR, MIA, BOS, PHO, GSW",C,906,688.0,28.805739514348787,5.477924944812362,11.745033112582782,0.46640353350249036,0.01545253863134658,0.10154525386313466,0.15217391304347827,5.462472406181015,11.643487858719647,0.46914399469143997,0.4670613664129311,3.217439293598234,4.460264900662252,0.7213560999752536,2.066225165562914,5.589403973509934,7.655629139072848,1.4834437086092715,0.5,1.9161147902869757,1.9757174392935983,3.034216335540839,14.188741721854305,26098.0,4963,10641,14.0,92.0,4949.0,10549.0,2915,4041,1872.0,5064.0,6936.0,1344,453.0,1736.0,1790.0,2749.0,12855,1.0,18.133588780749484,0.5178498352364166,0.008135336041075945,0.3800361330370144,8.365181239941759,22.077530845275497,15.281397041918922,9.745528392980306,0.9311058318645107,4.984857077170664,12.775243313663882,25.053360410759446,19.799999999999997,44.099999999999994,64.1,0.11752433136638823,-0.38899915702352666,0.7970189286535366,0.42823971185531456,16.1,10.078818300252893,21.585941451452214,0.017878764656295502,0.1939229059698061,10.039282703655452,21.400908115564413,5.902777990650625,8.210541037627404,3.7864280787799838,10.268618284926047,14.054743658517895,2.7238025902368,0.9311058318645107,3.5159935627251127,3.6324929113342015,5.582561882136563,26.083948961606254,101.91531918154648,99.9127902521266,0.0,0.0,0.10372442332745804,44.19181546478657,55.82121235343705,1.5177216644953637,1.2489616062533526,401.0,531.0,1529.0,413.0,1811.0,237.0,3048.0,387.0,1040.0,8.20092344240938,0.29803996474825656,0.3211330370143306,0.24120775538355427,0.13155912330446778,0.008135336041075945,0.6413262702122767,0.41656920070503484,0.37972381025365926,0.37829339412981844,0.624422714384244,0.3623109050501954,0.09449846731550313,878.0,0.16915529925664805,0.07158219020614606,7.0,0.0,0,0,6,0.0235,0.06887499999999999,0.0,0,0,5,0,1,3,7,0,0,0,0,0.0265625,0,0.0,0,0.0,1,0.0263125,0,0.0010625,,,1997,2014,18,0.9918646639589241
Chauncey Billups,billuch01,75,202.0,1976-09-25,Colorado,1998,2013,1997-10-31T00:00:00Z,True,16,NBA,"BOS, TOR, DEN, MIN, DET, DEN, NYK, LAC",PG,1024,930.0,31.9326171875,4.603515625,11.068359375,0.4159167107817187,1.7734375,4.5673828125,0.3882830874492196,2.830078125,6.5009765625,0.4353312302839117,0.49602964531498145,4.380859375,4.8994140625,0.894159856487941,0.46484375,2.4296875,2.89453125,5.462890625,1.0185546875,0.1630859375,2.0634765625,2.09375,15.361328125,32699.0,4714,11334,1816.0,4677.0,2898.0,6657.0,4486,5017,476.0,2488.0,2964.0,5594,1043.0,167.0,2113.0,2144.0,15730,2.0,18.94882106486437,0.5799928132358787,0.41270041897305726,0.44145417291048655,1.6880179822012906,8.890045567142725,5.290846814887305,28.21643475335637,1.7012049298143672,0.3762316890424784,13.513367381265482,21.996042692437076,92.69999999999999,28.3,121.0,0.17762959111899446,3.5540658735741153,-0.24708400868528088,3.3100125386097434,44.0,7.69630263922444,18.459741888131138,2.972106180617144,7.621700969448607,4.725129208844307,10.859417719196307,7.312379583473501,8.169812532493347,0.7723569528120126,4.069075506896236,4.833747209394783,9.128979479494786,1.7012049298143672,0.28900883819077033,3.428854093397352,3.4747056484907795,25.652353282975017,117.64445395883666,106.97403590323863,80.20278907611853,19.500810422337075,0.3675647573320285,0.0,0.0,4.167937857426833,2.5525000764549373,1174.0,538.0,815.0,257.0,1649.0,57.0,12261.0,258.0,631.0,16.844738371204013,0.20181473439554726,0.06126649133001009,0.10446931098810361,0.2197344261292394,0.41270041897305726,0.5125098626869322,0.3480444050276767,0.38855267745190986,0.4110478607908499,0.2861268234502584,0.6058202085690695,0.002265420960885654,24.0,0.15348873054221843,0.39350142206183675,16.0,0.0,1,1,5,0.0824375,0.066875,0.0,0,2,8,0,1,3,7,0,0,0,0,0.0234375,0,0.0,0,0.0,0,0.0044375,0,0.000125,,,1998,2014,16,0.5872995810269427
Chauncey Billups,billuch01,75,202.0,1976-09-25,Colorado,1999,2014,1997-10-31T00:00:00Z,True,16,NBA,"DEN, MIN, DET, DEN, NYK, LAC, DET",PG,963,867.0,31.97507788161994,4.629283489096573,11.073727933541017,0.4180420105026257,1.7892004153686396,4.569055036344756,0.3915909090909091,2.8400830737279334,6.5046728971962615,0.4366219667943806,0.4988278319579895,4.4340602284527515,4.9460020768431985,0.8964938064245224,0.43406022845275183,2.4755970924195223,2.9096573208722742,5.526479750778816,0.980269989615784,0.1703011422637591,2.039460020768432,2.0737279335410177,15.481827622014539,30792.0,4458,10664,1723.0,4400.0,2735.0,6264.0,4270,4763,418.0,2384.0,2802.0,5322,944.0,164.0,1964.0,1997.0,14909,2.0,19.196791374382954,0.5830628734736295,0.413127403221616,0.4447713042348662,1.5897051182125228,9.01896921278254,5.307855936606911,28.525133151467912,1.6396921278254093,0.3953461938165757,13.378231358794492,22.04170239023123,90.30000000000001,27.5,117.7,0.18353117692907248,3.7176344505066248,-0.17768901013250193,3.543163808781502,43.2,7.744300467653936,18.480215640426085,2.9993374902572096,7.626055468952975,4.745953494414135,10.870667705897635,7.399879838919199,8.24965900233827,0.7264614185502728,4.144316705637828,4.862616913484021,9.238237204468692,1.6396921278254093,0.3017179786957651,3.387288906209405,3.4431767991686155,25.862551961548455,118.31888152766952,106.8167381137958,78.36801766692648,21.31722525331255,0.39032865679397244,0.0,0.0,5.248551571836841,3.2031664068589243,1096.0,497.0,772.0,249.0,1556.0,57.0,11669.0,244.0,578.0,16.969823330735252,0.19663113795791115,0.05559073785398805,0.10415890491036633,0.230486327617563,0.413127403221616,0.5127602299298519,0.345054397246038,0.387356066510782,0.418924720706677,0.28440403351519883,0.6107862431800468,0.00161408807482463,16.0,0.158491588724344,0.4035301052221356,16.0,0.0,1,1,5,0.0824375,0.066875,0.0,0,2,8,0,1,3,7,0,0,0,0,0.0234375,0,0.0,0,0.0,0,0.0044375,0,0.000125,,,1998,2014,17,0.586872596778384
Tim Duncan,duncati01,83,250.0,1976-04-25,Wake Forest,1998,2013,1997-10-31T00:00:00Z,True,16,NBA,SAS,PF,1180,1178.0,35.12457627118644,7.802542372881356,15.396610169491526,0.506770145310436,0.023728813559322035,0.13050847457627118,0.18181818181818182,7.7788135593220336,15.266101694915255,0.5095481292328189,0.5075407309555262,4.527966101694915,6.533898305084746,0.6929961089494163,2.8949152542372882,8.307627118644067,11.202542372881355,3.0610169491525423,0.7389830508474576,2.247457627118644,2.5432203389830508,2.440677966101695,20.156779661016948,41447.0,9207,18168,28.0,154.0,9179.0,18014.0,5343,7710,3416.0,9803.0,13219.0,3612,872.0,2652.0,3001.0,2880.0,23785,3.0,24.726518203971338,0.5517318985692571,0.008459816150746736,0.42379959948850343,9.873023379255434,26.548958911380797,18.484618910898256,16.459391512051532,1.115993919945955,4.574015007117524,12.227379544961035,27.694055058267185,90.7,93.5,184.1,0.21340070451419887,3.5722320071416505,2.285743238352595,5.874215262865828,82.3,11.854722899124182,23.374861871788067,0.020648056554153502,0.20998383477694407,11.812763288054624,23.191321446666826,6.876039279079307,9.934378845272276,4.387890559027191,12.625767848095157,17.02385938668661,4.641539797814076,1.115993919945955,3.413981711583468,3.865913093830675,3.731473930561923,30.63404588993172,109.71211426641253,95.33560933240041,0.0,0.0,0.6184283542837841,41.46111901947065,57.92045262624557,9.819277631674186,9.090274326247979,1175.0,960.0,1612.0,382.0,3470.0,52.0,8075.0,765.0,1313.0,8.03388423770116,0.30723791830530556,0.34095731898569254,0.20742299804569694,0.1357637705985958,0.008459816150746736,0.6884762950273844,0.4455969551475378,0.40662511158829345,0.415449127801771,0.5332481241103096,0.5400474099452313,0.06322983569377759,1061.0,0.1453787005090839,0.4048543923565035,13.0,0.0,4,3,14,0.4910625,0.6712499999999999,0.0625,8,14,16,10,13,14,16,1,1,1,2,0.26625,1,0.974,0,0.0,0,0.0,0,0.06237500000000001,,,1998,2016,16,0.9915401838492534
Tim Duncan,duncati01,83,250.0,1976-04-25,Wake Forest,1999,2014,1997-10-31T00:00:00Z,True,16,NBA,SAS,C/PF,1172,1170.0,34.47184300341297,7.632252559726963,15.176621160409557,0.5028953730252431,0.023890784982935155,0.12713310580204779,0.18791946308724833,7.6083617747440275,15.049488054607508,0.5055561855085611,0.5036824647214257,4.483788395904437,6.436860068259386,0.6965800636267232,2.8156996587030716,8.244880546075086,11.060580204778157,3.0784982935153584,0.7337883959044369,2.205631399317406,2.4581911262798637,2.354948805460751,19.772184300341298,40401.0,8945,17787,28.0,149.0,8917.0,17638.0,5255,7544,3300.0,9663.0,12963.0,3608,860.0,2585.0,2881.0,2760.0,23173,3.0,24.712135838221826,0.5488342862800426,0.00836489195811985,0.423674265488478,9.755303086557264,26.860496027326054,18.571619514368457,16.65368678993094,1.1269275512982353,4.581272740773743,12.003935546149847,27.69518328754239,87.9,90.9,178.7,0.21245917180267815,3.530553699165862,2.2984827108239894,5.837766391920992,79.9,11.765498378753001,23.383587039924755,0.02118264399396055,0.2049008687903765,11.722452414544193,23.205814212519495,6.914254597658475,9.936551075468428,4.3343258830226965,12.713997178287665,17.050857652038314,4.738107967624564,1.1269275512982353,3.401071755649613,3.7909036905027107,3.6526571124477116,30.50299992574441,109.64961263335066,95.504541966783,0.0,0.0,0.0,36.190168560184155,63.809831439815845,9.796940669785402,8.115804064255835,1138.0,955.0,1541.0,369.0,3432.0,56.0,8069.0,744.0,1285.0,8.135759015865945,0.30275775352095247,0.336649241355412,0.20373364520680182,0.14827878022821217,0.00836489195811985,0.6880822999430707,0.44085737976782746,0.40477995594168464,0.40922457364916714,0.5372674191232891,0.55402947946833,0.05780735625355809,950.0,0.14121212346229056,0.41533625405311747,13.0,0.0,5,3,13,0.479875,0.6376875,0.0,8,13,16,9,12,13,16,0,0,0,2,0.25931249999999995,0,0.0,0,0.0,0,0.0,0,0.060750000000000005,,,1998,2016,17,0.9916351080418803
Tim Duncan,duncati01,83,250.0,1976-04-25,Wake Forest,2000,2015,1997-10-31T00:00:00Z,True,16,NBA,SAS,C,1199,1197.0,33.91576313594662,7.461217681401168,14.813177648040034,0.5036878554135465,0.02418682235195997,0.12427022518765637,0.19463087248322147,7.437030859049208,14.688907422852377,0.5063025210084033,0.5045042508867744,4.368640533778149,6.252710592160134,0.6986794717887155,2.761467889908257,8.160967472894079,10.922435362802336,3.1000834028356965,0.7322768974145121,2.176814011676397,2.390325271059216,2.316930775646372,19.315262718932445,40665.0,8946,17761,29.0,149.0,8917.0,17612.0,5238,7497,3311.0,9785.0,13096.0,3717,878.0,2610.0,2866.0,2778.0,23159,4.0,24.669460223779662,0.5498239518013034,0.008417287593753842,0.4212667404401819,9.705655969506948,27.07668019181114,18.644495266199435,16.88151727529817,1.1383548506086314,4.618431083241116,11.975595721136111,27.41814582564859,88.80000000000001,90.9,179.60000000000002,0.2121340956596582,3.50325587114226,2.3500110660272964,5.8619402434526,80.7,11.659722119759007,23.136603959178654,0.021045124800196727,0.2048690520103283,11.616955612934957,22.964163285380547,6.831366039591787,9.782973072666913,4.307369974179269,12.7547547030616,17.064642813230048,4.838300750030739,1.1383548506086314,3.401714004672323,3.7374966187138816,3.639131931636542,30.20883314889955,110.00927087175704,95.80388540513955,0.0,0.0,0.0,32.093421861551704,67.9065781384483,9.599525390384851,7.904182958317963,1126.0,956.0,1539.0,378.0,3431.0,61.0,8320.0,749.0,1288.0,8.084291159473748,0.3055588097872864,0.3358382146809295,0.19934855526865855,0.15056808065904342,0.008417287593753842,0.690258526988811,0.44127411779171277,0.403213008729866,0.40221743514078445,0.5450938645026436,0.5569247510143859,0.055533308742161565,904.0,0.14905505963359156,0.4191319316365425,13.0,0.0,4,2,14,0.45443750000000005,0.592875,0.0,7,13,16,8,11,13,16,0,0,0,2,0.22018749999999998,0,0.0,0,0.0,0,0.0,0,0.06087500000000001,,,1998,2016,18,0.9915827124062461
Tim Duncan,duncati01,83,250.0,1976-04-25,Wake Forest,2001,2016,1997-10-31T00:00:00Z,True,16,NBA,SAS,C,1186,1183.0,33.158516020236085,7.194772344013491,14.267284991568296,0.5042846167484192,0.023608768971332208,0.11804384485666104,0.2,7.171163575042159,14.149241146711637,0.5068231928967284,0.5051119910170794,4.1070826306914,5.92327150084317,0.6933807829181494,2.6677908937605395,7.977234401349072,10.645025295109612,3.0741989881956155,0.7242833052276559,2.127318718381113,2.288364249578415,2.2706576728499157,18.520236087689714,39326.0,8533,16921,28.0,140.0,8505.0,16781.0,4871,7025,3164.0,9461.0,12625.0,3646,859.0,2523.0,2714.0,2693.0,21965,3.0,24.35645628846056,0.5483978538371561,0.008241214463713575,0.412777272033769,9.590278696028074,27.11514011086813,18.6044474393531,16.920744545593244,1.151879163911916,4.635582057671769,11.993996338300361,26.940955093322483,83.7,88.10000000000001,171.8,0.20978617199816912,3.3408254081269386,2.419513807659055,5.769307837054366,77.2,11.489899811829323,22.7732085643086,0.0217616843818339,0.20112902405533237,11.452987845191474,22.605612063266033,6.570947973350964,9.476440522809337,4.251538422417739,12.73799013375375,16.992132431470274,4.899593144484566,1.151879163911916,3.3997686009255967,3.6529471596399326,3.641967146417129,29.606840258353248,109.96551899506687,95.87031480445506,0.0,0.0,0.0,28.473274678329858,71.52672532167014,9.745527132177186,7.682296699384631,1086.0,906.0,1509.0,348.0,3250.0,65.0,8171.0,725.0,1228.0,8.00473986675482,0.31041392463001577,0.3356425011442811,0.1919544830392107,0.1535477800945939,0.008241214463713575,0.6939116360677414,0.44187433250267005,0.39886187255250977,0.3934338605502721,0.5505261404668668,0.5027804760209531,0.05295562732034787,835.0,0.14082474698672634,0.39684941260234957,11.0,0.0,4,2,13,0.431125,0.5456875,0.0,6,12,16,7,10,12,16,0,0,0,2,0.20737499999999998,0,0.0,0,0.0,0,0.0,0,0.06087500000000001,,,1998,2016,19,0.9917587855362865
Vince Carter,cartevi01,78,220.0,1977-01-26,UNC,1999,2014,1999-02-05T00:00:00Z,True,16,NBA,"TOR, NJN, ORL, PHO, DAL",SG,1148,950.0,34.181184668989545,7.330139372822299,16.5897212543554,0.44184825413494355,1.5757839721254356,4.170731707317073,0.37781954887218044,5.7543554006968645,12.418989547038327,0.4633513361857333,0.4893410343922289,3.9642857142857144,4.95993031358885,0.7992623814541623,1.3040069686411149,3.6036585365853657,4.907665505226481,3.6951219512195124,1.1149825783972125,0.6480836236933798,2.042682926829268,2.8763066202090593,20.200348432055748,39240.0,8415,19045,1809.0,4788.0,6606.0,14257.0,4551,5694,1497.0,4137.0,5634.0,4242,1280.0,744.0,2345.0,3302.0,23190,5.0,20.044457186544342,0.5380388124362895,0.2584480632008155,0.29692622324159024,4.347594291539246,12.266931702344547,8.287971457696228,21.06146534148828,1.7161569826707441,1.4369062181447503,9.85033893985729,28.055196228338428,77.30000000000001,38.300000000000004,115.69999999999999,0.14149969418960245,3.6732033639143733,0.006582568807339454,3.6773267074413862,56.0,11.356011722731905,25.678318042813455,2.420876656472987,6.40493374108053,8.909225280326197,19.252423547400614,6.140626911314985,7.6800152905198775,2.013381753312946,5.564724770642202,7.583134556574924,5.716088175331295,1.7161569826707441,1.015815494393476,3.1731625891946993,4.4387589194699295,31.259100407747198,108.9362385321101,105.92938328236494,0.30063710499490315,60.487155963302754,37.87036187563711,1.2815749235474005,0.0,2.525,9.152403160040775,1104.0,593.0,1645.0,359.0,2121.0,134.0,9635.0,437.0,704.0,14.001134046890927,0.24474836901121302,0.12831072884811418,0.12448679918450561,0.24380642201834862,0.2584480632008155,0.5882235983690112,0.4130943934760449,0.38466625891946993,0.40376057594291537,0.4089324413863405,0.8105385066258919,0.049749439347604486,883.0,0.1713386850152905,0.410564245667686,39.0,0.0,0,0,8,0.00425,0.064625,0.0625,0,0,3,0,1,2,9,1,1,1,0,0.0031875000000000002,1,0.958,0,0.0013124999999999999,0,0.000625,0,0.0,,,1999,2020,16,0.7415519367991845
Vince Carter,cartevi01,78,220.0,1977-01-26,UNC,2000,2015,1999-02-05T00:00:00Z,True,16,NBA,"TOR, NJN, ORL, PHO, DAL, MEM",SG,1164,902.0,33.13659793814433,7.048969072164948,16.052405498281786,0.4391222906074391,1.5970790378006874,4.256013745704467,0.3752523213564796,5.451890034364261,11.79639175257732,0.4621659019736363,0.4888680759967889,3.7731958762886597,4.7104810996563575,0.8010213386832026,1.2285223367697595,3.4828178694158076,4.711340206185567,3.584192439862543,1.0893470790378006,0.5850515463917526,1.9570446735395188,2.804123711340206,19.468213058419245,38571.0,8205,18685,1859.0,4954.0,6346.0,13731.0,4392,5483,1430.0,4054.0,5484.0,4172,1268.0,681.0,2278.0,3264.0,22661,5.0,19.769311140494153,0.536412797179228,0.27515757952866143,0.29006572295247723,4.223857302118172,12.218726504368567,8.20536154105416,20.955899509994556,1.7277514194602164,1.3423634336677817,9.772093023255815,27.93655336911151,73.2,38.3,111.7,0.1389645329392549,3.5360607710456042,0.036262995514765,3.565258873246739,54.0,11.253153923932489,25.600129631069976,2.528829949962407,6.738733763708486,8.697964792201395,18.840071556350626,6.021892095097353,7.5154260973270075,1.952746882372767,5.540844157527676,7.498706281921651,5.712817920199114,1.7277514194602164,0.9437219672811178,3.1324570273003034,4.458136942262321,31.03952451323533,108.60211039381919,105.9345622358767,0.3058515464986648,60.879054211713466,37.43903450779083,1.3147442378989396,0.0,2.5105701174457495,8.691058048793135,1082.0,566.0,1637.0,354.0,2018.0,140.0,9472.0,407.0,680.0,14.241873428223276,0.2409262658473983,0.12236257810271965,0.11882188690985454,0.24255689507661193,0.27515757952866143,0.5843531668870395,0.40791286199476284,0.3874729978481243,0.4004979907184154,0.3971349200176298,0.8124253713930155,0.046525628062534026,819.0,0.17269264473308962,0.4111810946047549,39.0,0.0,0,0,8,0.0031875000000000002,0.06356250000000001,0.0,0,0,2,0,1,2,8,0,0,0,0,0.003125,0,0.0,0,0.0013124999999999999,0,0.000625,0,0.0,,,1999,2020,17,0.7248424204713385
Vince Carter,cartevi01,78,220.0,1977-01-26,UNC,2001,2016,1999-02-05T00:00:00Z,True,16,NBA,"TOR, NJN, ORL, PHO, DAL, MEM",SG,1142,823.0,31.91768826619965,6.611208406304729,15.176882661996498,0.43561043157165935,1.596322241681261,4.279334500875657,0.3730304890525885,5.0148861646234675,10.89754816112084,0.4601848131779831,0.4882010154627279,3.5253940455341506,4.392294220665499,0.8026315789473685,1.1479859894921192,3.365148861646235,4.5131348511383536,3.4203152364273204,1.0472854640980735,0.5297723292469352,1.8695271453590192,2.7162872154115587,18.34413309982487,36450.0,7550,17332,1823.0,4887.0,5727.0,12445.0,4026,5016,1311.0,3843.0,5154.0,3906,1196.0,605.0,2135.0,3102.0,20949,4.0,19.26302331961591,0.5353953360768177,0.292840987654321,0.28582716049382717,4.117426611796983,12.266993141289436,8.182702331961591,20.662592592592592,1.7263045267489712,1.2817338820301782,9.8519341563786,27.49940466392318,65.1,36.400000000000006,101.69999999999999,0.13375827160493825,3.2505294924554184,0.030406035665294935,3.273459533607682,48.4,10.97198353909465,25.156581618655693,2.621478737997257,7.036263374485596,8.322611796982166,18.106329218106996,5.854079561042524,7.282299039780521,1.8960877914951988,5.562825788751715,7.464326474622771,5.6706666666666665,1.7263045267489712,0.8920521262002743,3.1070781893004114,4.4835775034293555,30.40100137174211,108.26652949245542,106.07165980795611,0.40636488340192045,61.9317695473251,36.40787379972565,1.189108367626886,0.0,2.2391687242798355,7.684932784636488,1035.0,540.0,1591.0,320.0,1835.0,148.0,8882.0,372.0,623.0,14.361635116598078,0.24204279835390943,0.1197831001371742,0.10999621399176955,0.2351519341563786,0.292840987654321,0.5755614540466393,0.4062318244170096,0.3871848834019204,0.39686968449931415,0.38763305898491085,0.8131120164609054,0.04363423868312757,704.0,0.17624916323731135,0.4003669410150892,38.0,2.0,0,0,7,0.0031875000000000002,0.043500000000000004,0.0,0,0,2,0,1,1,7,0,0,0,0,0.0005,0,0.0,0,0.0013124999999999999,0,0.000625,0,0.0,,,1999,2020,18,0.7071590123456789
Vince Carter,cartevi01,78,220.0,1977-01-26,UNC,2002,2017,1999-02-05T00:00:00Z,True,16,NBA,"TOR, NJN, ORL, PHO, DAL, MEM",SG,1140,763.0,30.93859649122807,6.123684210526315,14.180701754385964,0.4318322405047631,1.555263157894737,4.198245614035088,0.37045549519431675,4.568421052631579,9.982456140350877,0.4576449912126538,0.4866695533836447,3.2719298245614037,4.060526315789474,0.8057895873838842,1.0271929824561403,3.3280701754385964,4.355263157894737,3.287719298245614,1.0017543859649123,0.4903508771929825,1.7701754385964912,2.6842105263157894,17.07456140350877,35270.0,6981,16166,1773.0,4786.0,5208.0,11380.0,3730,4629,1171.0,3794.0,4965.0,3748,1142.0,559.0,2018.0,3060.0,19465,4.0,18.392699177771476,0.5344142047065495,0.3131752197334845,0.2817841791891126,3.818386730932804,12.529478310178622,8.156455911539553,20.318775163028068,1.7018457612702014,1.2610490501842928,9.92250354408846,26.58642188829033,56.7,35.900000000000006,92.80000000000001,0.12607176070314713,2.7020612418485968,0.07908420754182026,2.7818656081655795,42.5,10.484454210377091,24.247760136092996,2.627462432662319,7.1190870428125885,7.823064927700595,17.11421604763255,5.603104621491353,6.94254040260845,1.748695775446555,5.666282960022682,7.425673376807485,5.615004252906153,1.7018457612702014,0.8462092429827048,3.0290501842926,4.569245817975617,29.1803317266799,107.97269634250071,106.34499574709385,0.41996030620924296,61.74247235611001,36.01400623759569,1.6720442302239864,0.0,2.06376523958038,7.288715622341933,987.0,509.0,1616.0,306.0,1703.0,151.0,8566.0,348.0,582.0,14.589716472923165,0.2387304508080522,0.12003691522540404,0.10560019846895378,0.2224015310462149,0.3131752197334845,0.567678055004253,0.4140057555996598,0.37252585766940743,0.3932778565352991,0.3755064077119365,0.8197411397788489,0.04385126169549192,670.0,0.17771584916359515,0.3976265097816842,39.0,2.0,0,0,6,0.0010625,0.0145625,0.0,0,0,1,0,0,0,6,0,0,0,0,0.000125,0,0.0,0,0.0014375,0,0.000625,0,0.0,,,1999,2020,19,0.6868247802665154
Vince Carter,cartevi01,78,220.0,1977-01-26,UNC,2003,2018,1999-02-05T00:00:00Z,True,16,NBA,"TOR, NJN, ORL, PHO, DAL, MEM, SAC",SG,1138,707.0,29.798769771529,5.743409490333919,13.30579964850615,0.4316470743626998,1.5017574692442883,4.0755711775043935,0.36847779215178955,4.241652021089631,9.230228471001757,0.45953922315308454,0.488079513934751,3.086994727592267,3.830404217926186,0.8059187887130076,0.9235500878734623,3.2943760984182777,4.21792618629174,3.1441124780316345,0.9578207381370826,0.47627416520210897,1.6695957820738137,2.6054481546572936,16.075571177504393,33911.0,6536,15142,1709.0,4638.0,4827.0,10504.0,3513,4359,1051.0,3749.0,4800.0,3578,1090.0,542.0,1900.0,2965.0,18294,4.0,18.014768069358027,0.5354342838606942,0.32655577836100375,0.28051248857302935,3.5787767980891156,12.87658281973401,8.203942673468786,20.026949957241015,1.6858895343693787,1.2927693078941938,9.968709268378992,25.9515437468668,52.400000000000006,34.400000000000006,87.0,0.122972103447259,2.4223054466102445,0.1245318628173749,2.5475863289198193,38.8,10.180849871723039,23.56127805136976,2.62758102090767,7.150107634690808,7.525015481702102,16.393108430892628,5.476155229866416,6.78290820087877,1.627979121818879,5.805673675208634,7.44477603137625,5.563109315561323,1.6858895343693787,0.8491227035475214,2.95874200112058,4.592138244227537,28.452558166966472,107.89065494972132,106.5501754592905,0.4367904219869659,59.41467370469759,36.99097637934594,3.070301672023827,0.0,1.9279673262363244,7.375367874730912,935.0,469.0,1586.0,286.0,1611.0,157.0,8209.0,328.0,549.0,14.73339034531568,0.2382496240158061,0.11834726195039957,0.10139721624251719,0.2153922031199316,0.32655577836100375,0.5679079944560762,0.40925159977588393,0.379071540208192,0.3958461266255787,0.3750054554569314,0.8224519182566129,0.0432017044616791,621.0,0.17684668691575003,0.3929978178172274,40.0,2.0,0,0,5,0.0010625,0.014249999999999999,0.0,0,0,1,0,0,0,5,0,0,0,0,0.000125,0,0.0,0,0.0014375,0,0.000625,0,0.0,,,1999,2020,20,0.6734442216389961
Vince Carter,cartevi01,78,220.0,1977-01-26,UNC,2004,2019,1999-02-05T00:00:00Z,True,16,NBA,"TOR, NJN, ORL, PHO, DAL, MEM, SAC, ATL",SG,1171,674.0,28.838599487617422,5.445772843723313,12.681468830059778,0.42942760942760944,1.5260461144321094,4.118701964133219,0.37051627617665356,3.919726729291204,8.562766865926559,0.45776403709983043,0.4895959595959596,2.9299743808710503,3.6421861656703673,0.8044548651817116,0.8736122971818958,3.2305721605465414,4.104184457728437,3.0076857386848848,0.9274124679760888,0.45089666951323654,1.6003415883859948,2.5491033304867634,15.347566182749787,33770.0,6377,14850,1787.0,4823.0,4590.0,10027.0,3431,4265,1023.0,3783.0,4806.0,3522,1086.0,528.0,1874.0,2985.0,17972,4.0,17.60076695291679,0.5367482973053005,0.34701128220313887,0.27804583950251704,3.4965798045602607,12.997198697068404,8.223470535978679,19.588229197512586,1.6779538051525023,1.2819395913532723,9.999724607639918,25.493594906721942,50.2,34.3,84.7,0.1203183594906722,2.2119366301450993,0.12194847497779096,2.3346372519988154,36.9,9.92925377554042,23.09937518507551,2.7382084690553747,7.404101273319514,7.16267397098016,15.677136511696773,5.35730530056263,6.6491679005034054,1.5866242226828544,5.849674267100977,7.443529760142138,5.477980456026059,1.6779538051525023,0.8227746520580397,2.9204382588095945,4.612632514065738,27.94108972460764,108.00417530352384,106.81981048267693,0.43861415457506664,56.87077287533314,37.35374592833876,5.288628960615931,0.0,1.7183891027539235,6.973073734083505,923.0,460.0,1606.0,281.0,1588.0,171.0,8097.0,322.0,538.0,14.951812259401835,0.23688824400355346,0.11636698252887177,0.0978072549600237,0.20186807817589575,0.34701128220313887,0.5662840687000297,0.4004116671602013,0.3757423748889547,0.39407737636955875,0.3777273911755996,0.825958987266805,0.04227346757477051,593.0,0.1756000888362452,0.398171335504886,43.0,2.0,0,0,4,0.0010625,0.01425,0.0,0,0,1,0,0,0,5,0,0,0,0,0.000125,0,0.0,0,0.0014375,0,0.000625,0,0.0,,,1999,2020,21,0.652988717796861
Vince Carter,cartevi01,78,220.0,1977-01-26,UNC,2005,2020,1999-02-05T00:00:00Z,True,16,NBA,"TOR, NJN, ORL, PHO, DAL, MEM, SAC, ATL",SG,1158,601.0,27.513816925734023,5.07426597582038,11.828151986183075,0.42899905088705553,1.5155440414507773,4.129533678756476,0.3670012547051443,3.558721934369603,7.698618307426598,0.4622546270330903,0.49306417463678176,2.692573402417962,3.348013816925734,0.8042300748001032,0.8169257340241797,3.139032815198618,3.9559585492227978,2.7823834196891193,0.8816925734024179,0.4214162348877375,1.454231433506045,2.4723661485319517,14.3566493955095,31861.0,5876,13697,1755.0,4782.0,4121.0,8915.0,3118,3877,946.0,3635.0,4581.0,3222,1021.0,488.0,1684.0,2863.0,16625,4.0,17.11333291484888,0.5380378833056089,0.37146166159254257,0.2723178180220332,3.425667744264148,13.212315997614638,8.2957910925583,18.52608832114497,1.662885659583817,1.276136969963278,9.80838956718245,24.636634129500013,47.0,31.3,78.5,0.11822165029346222,1.9532971344276702,0.07877969931891654,2.04161514076771,32.5,9.623225887448605,22.40264272935564,2.8329148488748,7.722347070085684,6.766231442829791,14.65832208656351,5.125636357929758,6.363293681930887,1.5431028530177961,5.917080443175041,7.467847839050878,5.2745519600765824,1.662885659583817,0.7941809736040928,2.7603025642635197,4.653852672546373,27.194046012366215,108.40620193967547,107.49351872194846,0.46489438498477764,54.50914911647469,36.81234110668215,8.080003766360127,0.10997771570258309,1.571642446878629,6.400590063086532,833.0,401.0,1547.0,254.0,1481.0,175.0,7413.0,306.0,491.0,15.211029157904647,0.2358590439722545,0.11326888672671918,0.09178691817582624,0.18753435234298985,0.37146166159254257,0.5607184331941872,0.4048354414487932,0.3797937603967233,0.3957181821035121,0.3793586516430746,0.824166818367283,0.04158978060952262,543.0,0.1700495276356674,0.39139725683437426,40.0,2.0,0,0,3,0.0010625,0.012624999999999999,0.0,0,0,1,0,0,0,4,0,0,0,0,0.000125,0,0.0,0,0.0014375,0,0.000625,0,0.0,,,1999,2020,22,0.6285383384074574
Al Harrington,harrial01,81,230.0,1980-02-17,,1999,2014,1999-02-05T00:00:00Z,False,16,NBA,"IND, ATL, IND, GSW, NYK, DEN, ORL, WAS",PF,981,445.0,28.551478083588176,5.125382262996942,11.537206931702345,0.4442481003710903,0.9959225280326198,2.831804281345566,0.3516918646508279,4.129459734964322,8.70540265035678,0.4743559718969555,0.4874094362961654,2.2466870540265034,3.08868501529052,0.7273927392739274,1.5239551478083588,4.064220183486238,5.588175331294598,1.6809378185524975,0.8746177370030581,0.25076452599388377,1.873598369011213,3.128440366972477,13.493374108053008,28009.0,5028,11318,977.0,2778.0,4051.0,8540.0,2204,3030,1495.0,3987.0,5482.0,1649,858.0,246.0,1838.0,3069.0,13237,0.0,14.265921668035276,0.5211966510764398,0.2302449569781142,0.270576743189689,6.055717804991253,16.352997250883643,11.162622728408726,10.135556428290908,1.5818236995251527,0.6515977007390481,12.85830268842158,23.19104930558035,17.4,25.0,42.6,0.07276521832268198,-0.577675033025099,-0.8873326430790103,-1.4803991574136885,3.5,9.25978078474776,20.81756935270806,1.762158591881181,5.010071762647719,7.498532614516764,15.810692991538435,4.07803206112321,5.590495912028277,2.765593202185012,7.35397550787247,10.121275304366453,3.0401763718804675,1.5818236995251527,0.45166553607768933,3.3999571566282265,5.648584383590989,24.326616444714197,101.82020064979113,106.78314113320718,0.0,0.5079438751829769,30.134563890178157,58.40419150987183,11.273662037202328,-1.0014209718304832,-1.323960155664251,612.0,500.0,1263.0,386.0,1318.0,174.0,3769.0,282.0,749.0,11.932146809953943,0.3290454496768896,0.12953118640437003,0.14803852333178621,0.1632491699096719,0.2302449569781142,0.5945614623870898,0.3302252847299082,0.38112303188260915,0.4024110107465458,0.5020379520868292,0.8892690563747367,0.04922981898675426,512.0,0.288532328894284,0.32423970866507196,19.0,1.0,0,0,0,0.0,0.0,0.0,0,0,0,0,0,0,0,0,0,0,0,0.0,0,0.0,0,0.0339375,0,0.0,0,0.0,,,1999,2014,16,0.7697550430218858
Nazr Mohammed,mohamna01,82,221.0,1977-09-05,Kentucky,1999,2014,1999-02-05T00:00:00Z,False,16,NBA,"PHI, ATL, NYK, SAS, DET, CHA, OKC, CHI",C,977,354.0,16.11463664278403,2.442169907881269,5.019447287615148,0.4865415986949429,0.0,0.008188331627430911,0.0,2.442169907881269,5.011258955987717,0.48733660130718953,0.4865415986949429,1.0440122824974412,1.631525076765609,0.6398996235884568,1.8382804503582395,2.9375639713408392,4.7758444216990785,0.38075742067553736,0.43807574206755373,0.6489252814738997,0.9303991811668373,2.186284544524053,5.928352098259979,15744.0,2386,4904,0.0,8.0,2386.0,4896.0,1020,1594,1796.0,2870.0,4666.0,372,428.0,634.0,909.0,2136.0,5792,0.0,15.006027693089433,0.51495699949187,0.001677146849593496,0.32342358993902437,13.348659806910568,21.018165650406505,17.204814532520327,4.057691819105691,1.427782012195122,3.0471354166666664,14.014310213414634,19.04911712398374,11.3,22.9,34.2,0.10424936483739837,-2.0243711890243903,-0.48379700203252035,-2.5304496951219515,-2.2,8.025076219512194,16.52416793699187,0.0,0.018991361788617885,8.025076219512194,16.49289888211382,3.4418635670731708,5.352559705284554,6.062893800813008,9.68634400406504,15.72189405487805,1.2545858739837397,1.427782012195122,2.1375190548780485,3.0755144817073172,7.207082063008129,19.51441819105691,103.12868394308943,102.05055894308943,0.0,0.0,0.0,17.8140243902439,82.1859756097561,-2.6579776422764225,-3.321303353658537,241.0,288.0,1233.0,184.0,750.0,26.0,808.0,168.0,510.0,5.881935975609756,0.4787196392276423,0.25051073424796744,0.19662842987804877,0.07221982977642276,0.001677146849593496,0.6052919842479675,0.3814470909552846,0.38900832063008134,0.3029672891260162,0.6195904471544715,0.0,0.1037150025406504,426.0,0.08130081300813008,0.0,2.0,0.0,1,0,0,0.0,0.0,0.0,0,0,0,0,0,0,0,0,0,0,0,0.0,0,0.0,0,0.0,0,0.0,0,0.0,,,1999,2016,16,0.9983228531504066
Nazr Mohammed,mohamna01,82,221.0,1977-09-05,Kentucky,2000,2015,1999-02-05T00:00:00Z,False,16,NBA,"PHI, ATL, NYK, SAS, DET, CHA, OKC, CHI",C,974,354.0,16.17145790554415,2.4476386036960984,5.02258726899384,0.4873262469337694,0.0,0.008213552361396304,0.0,2.4476386036960984,5.014373716632443,0.4881244881244881,0.4873262469337694,1.0359342915811087,1.6180698151950719,0.6402284263959391,1.8367556468172486,2.9548254620123204,4.791581108829569,0.38295687885010266,0.4383983572895277,0.6519507186858317,0.9281314168377823,2.186858316221766,5.931211498973306,15751.0,2384,4892,0.0,8.0,2384.0,4884.0,1009,1576,1789.0,2878.0,4667.0,373,427.0,635.0,904.0,2130.0,5777,0.0,14.993238524538125,0.5150810107294775,0.001676401498317567,0.32025147609675575,13.290146657355088,21.047158910545363,17.19126404672719,4.062097644593995,1.4232493175036505,3.0485619960637416,14.010837407148752,18.967481429750492,11.399999999999999,22.9,34.3,0.10442822677925212,-2.018735318392483,-0.4672719192432227,-2.508278839438766,-2.1,8.013110278712462,16.470732017014793,0.0,0.01898292171925592,8.013110278712462,16.439476858612153,3.4021014538759444,5.2877214145133635,6.033731191670371,9.705320297123992,15.71253253761666,1.2568662307155103,1.4232493175036505,2.1389943495651074,3.0554187035743765,7.181417052885531,19.44990159354962,103.14456225001587,102.08850231731319,0.0,0.0,0.0,17.59101009459717,82.40898990540283,-2.757501111040569,-3.4335216811631004,242.0,286.0,1235.0,182.0,745.0,26.0,810.0,168.0,505.0,5.885639007047171,0.4786462446828773,0.24882966160878675,0.19706780521871628,0.07326760205701226,0.001676401498317567,0.6059262903942607,0.38308393117897277,0.3889096565297442,0.3016316424354009,0.6191889403847376,0.0,0.10356834486699258,426.0,0.08126468160751699,0.0,2.0,0.0,1,0,0,0.0,0.0,0.0,0,0,0,0,0,0,0,0,0,0,0,0.0,0,0.0,0,0.0,0,0.0,0,0.0,,,1999,2016,17,0.9983235985016825
Nazr Mohammed,mohamna01,82,221.0,1977-09-05,Kentucky,2001,2016,1999-02-05T00:00:00Z,False,16,NBA,"PHI, ATL, NYK, SAS, DET, CHA, OKC, CHI, OKC",C,951,351.0,16.382754994742378,2.487907465825447,5.092534174553102,0.48854016105719594,0.0,0.008412197686645636,0.0,2.487907465825447,5.084121976866457,0.4893485005170631,0.48854016105719594,1.0504731861198737,1.6361724500525763,0.6420308483290489,1.8654048370136698,2.993690851735016,4.859095688748686,0.3901156677181914,0.444794952681388,0.655099894847529,0.9348054679284963,2.213459516298633,6.0262881177707674,15580.0,2366,4843,0.0,8.0,2366.0,4835.0,999,1556,1774.0,2847.0,4621.0,371,423.0,623.0,889.0,2105.0,5731,0.0,15.079749679075737,0.5163928754813863,0.001694801026957638,0.3192908215661104,13.331258023106546,21.052920410783056,17.21714377406932,4.08716944801027,1.4254557124518614,3.0259242618741977,13.937541720154043,18.96944159178434,11.8,22.6,34.4,0.10575853658536584,-1.9685750962772786,-0.47483953786906297,-2.464711168164313,-1.9000000000000001,8.041059050064185,16.48821566110398,0.0,0.019191270860077023,8.041059050064185,16.456617458279847,3.405539152759949,5.27892811296534,6.049467265725289,9.707939666238769,15.73193838254172,1.2645635430038509,1.4254557124518614,2.122227214377407,3.0387098844672655,7.176700898587933,19.50959563543004,103.43639281129653,102.14801026957637,0.0,0.0,0.0,17.345057766367137,82.65494223363287,-2.7398395378690625,-3.4151091142490375,240.0,281.0,1223.0,180.0,736.0,26.0,806.0,168.0,499.0,5.883164313222079,0.48144845956354304,0.24410949935815146,0.19812098844672657,0.07410834403080874,0.001694801026957638,0.6044181643132222,0.383959242618742,0.3903367137355584,0.30494223363286266,0.6182568677792041,0.0,0.1035709242618742,422.0,0.0821566110397946,0.0,2.0,0.0,1,0,0,0.0,0.0,0.0,0,0,0,0,0,0,0,0,0,0,0,0.0,0,0.0,0,0.0,0,0.0,0,0.0,,,1999,2016,18,0.9983051989730425
Dirk Nowitzki,nowitdi01,84,245.0,1978-06-19,,1999,2014,1999-02-05T00:00:00Z,True,16,NBA,DAL,PF,1188,1157.0,35.861111111111114,7.918350168350169,16.622895622895623,0.47635203564917966,1.2382154882154883,3.234848484848485,0.3827738745771533,6.68013468013468,13.388047138047138,0.49896259038038354,0.5135963135507393,5.472222222222222,6.228956228956229,0.8785135135135135,1.112794612794613,6.962962962962963,8.075757575757576,2.6422558922558923,0.872895622895623,0.9217171717171717,1.8585858585858586,2.478956228956229,22.54713804713805,42603.0,9407,19748,1471.0,3843.0,7936.0,15905.0,6501,7400,1322.0,8272.0,9594.0,3139,1037.0,1095.0,2208.0,2945.0,26786,2.0,23.47769171185128,0.5815955683872028,0.19867032838063045,0.3744771494965143,3.5846184540994765,21.745837147618712,12.790660282139756,13.169227519188789,1.2653921085369575,1.9145717437739127,8.814649203107763,27.0240170879985,131.60000000000002,53.099999999999994,184.8,0.20819925826819707,4.719322582916695,0.445416989413891,5.145989719033871,77.2,11.541048752435275,24.223179118841397,1.8035466985893012,4.696913362908715,9.735624251813253,19.522730793606083,7.981102269793206,9.087972677980423,1.6141375020538462,10.1372626340868,11.774745909912447,3.8527005140483057,1.2653921085369575,1.3504354153463372,2.7170833039926765,3.609428913456799,32.861115414407436,116.71926859610825,103.67844987442199,0.0,0.0,0.8747740769429383,73.55925639039505,25.605168650095063,6.735168884820318,10.528488604088913,1056.0,665.0,1786.0,267.0,2805.0,113.0,7175.0,617.0,704.0,14.74426214116377,0.15782423772973733,0.08876440626246979,0.24270910499260612,0.31205321221510224,0.19867032838063045,0.6519115555242588,0.4062420721545431,0.46306929089500737,0.47753529094195246,0.5575849588057179,0.9297624815153863,0.020970377672933832,383.0,0.11167347369903528,0.40140518273361037,20.0,0.0,1,1,12,0.0010625,0.4218125,0.0044375,0,0,1,4,9,12,14,0,0,1,1,0.1130625,0,0.0,0,0.0,0,0.0159375,0,0.0,,,1999,2019,16,0.8013296716193694
Dirk Nowitzki,nowitdi01,84,245.0,1978-06-19,,2000,2015,1999-02-05T00:00:00Z,True,16,NBA,DAL,PF,1218,1210.0,36.06486042692939,8.011494252873563,16.80952380952381,0.4766044739669825,1.2816091954022988,3.3243021346469623,0.38552729068905905,6.7298850574712645,13.485221674876847,0.49905631659056315,0.5147259939435381,5.4655172413793105,6.207717569786535,0.8804390953577569,1.0878489326765188,7.0311986863711,8.119047619047619,2.6559934318555007,0.8596059113300493,0.9039408866995073,1.8201970443349753,2.4630541871921183,22.770114942528735,43927.0,9758,20474,1561.0,4049.0,8197.0,16425.0,6657,7561,1325.0,8564.0,9889.0,3235,1047.0,1101.0,2217.0,3000.0,27734,2.0,23.48833519247843,0.5824494729892777,0.20167987797937484,0.3690112231657067,3.480986636920345,21.812331823252215,12.76940150704578,13.129378286702938,1.2391126186627814,1.8755867689575887,8.54424158262572,27.016700434812304,136.7,54.4,191.20000000000002,0.20894795911398456,4.756598447424135,0.4212830377672046,5.15969676964054,79.7,11.586320486261295,24.301702825141717,1.8512236210075808,4.789364172376898,9.733275661893595,19.508910237439387,7.909333667220617,8.989507592141507,1.5672752521228404,10.156159082113506,11.746076445011042,3.846112869078244,1.2391126186627814,1.3133835681926833,2.639281079973592,3.55378924124115,32.929917818198376,116.99972681949598,103.84399116716371,0.0,0.0,0.7611719443622373,72.98442871127098,26.31422587474674,6.72592255332711,10.175227081293965,1059.0,686.0,1833.0,266.0,2833.0,120.0,7406.0,618.0,705.0,14.835604525690352,0.15189427914494502,0.08706476654449427,0.24536289753454596,0.3140406355999727,0.20167987797937484,0.655105698090013,0.4033851389805813,0.46648532793043,0.4786147471942085,0.5620536344389556,0.9324408905684433,0.01995727001616318,378.0,0.1078120745782776,0.4054900858242084,20.0,0.0,1,1,13,0.0010625,0.422,0.0,0,0,1,4,9,12,15,0,0,0,1,0.11306250000000001,0,0.0,0,0.0,0,0.0159375,0,0.0,,,1999,2019,17,0.7983201220206251
Dirk Nowitzki,nowitdi01,84,245.0,1978-06-19,,2001,2016,1999-02-05T00:00:00Z,True,16,NBA,DAL,PF,1211,1204.0,35.79933938893476,8.04376548307184,16.90173410404624,0.47591362126245845,1.2972749793559042,3.3732452518579685,0.384577723378213,6.746490503715937,13.528488852188275,0.49868766404199477,0.5142905999609146,5.464905037159372,6.187448389760529,0.8832243427198719,1.0528488852188274,7.0776218001651525,8.13047068538398,2.61271676300578,0.8554913294797688,0.8959537572254336,1.7836498761354254,2.398843930635838,22.84971098265896,43353.0,9741,20468,1571.0,4085.0,8170.0,16383.0,6618,7493,1275.0,8571.0,9846.0,3164,1036.0,1085.0,2160.0,2905.0,27671,2.0,23.64941526537956,0.5822029847992065,0.20257633843101974,0.36656208336216645,3.400422116116532,22.150870758655685,12.902740294789288,13.115272299494846,1.2409544898853597,1.890141397365811,8.328662376306138,27.328189513989805,134.8,55.099999999999994,189.9,0.2102939358291237,4.8081309251954885,0.4661984176412243,5.255903859017831,79.80000000000001,11.720040135630752,24.625536871727444,1.8874241690309783,4.897114386547643,9.830770650243352,19.723624662653105,7.969665305745854,9.02908910571356,1.5260235739164532,10.301709224275136,11.850674693792815,3.81252508476922,1.2409544898853597,1.3094318732267665,2.609731737134685,3.493509099716282,33.30062279427029,116.95686573016862,103.74767605471364,0.0,0.0,0.7034807279773027,72.99589417110695,26.36124374322423,7.065181186999747,10.286360805480589,1042.0,677.0,1799.0,257.0,2790.0,130.0,7271.0,603.0,665.0,14.87323599289553,0.1481685235162503,0.08535187876271538,0.24922201462413215,0.31471102345858415,0.20257633843101974,0.6561487324983277,0.4040989320231588,0.47123873780361214,0.47634050700066893,0.5587556109150462,0.9329780868682676,0.01840654625977441,350.0,0.09819802551149863,0.39728150301017234,20.0,0.0,1,1,13,0.0010625,0.42275,0.0,0,0,1,4,9,12,16,0,0,0,1,0.1130625,0,0.0,0,0.0,0,0.003,0,0.0,,,1999,2019,18,0.7974236615689803
Dirk Nowitzki,nowitdi01,84,245.0,1978-06-19,,2002,2017,1999-02-05T00:00:00Z,True,16,NBA,DAL,PF,1183,1176.0,35.20879120879121,7.984784446322908,16.820794590025358,0.4746972209658777,1.2671174978867286,3.3000845308537614,0.38396516393442626,6.717666948436179,13.520710059171599,0.4968427633635511,0.5123624302728781,5.295857988165681,5.973795435333897,0.8865147870383473,0.9966187658495351,6.987320371935756,7.983939137785292,2.5976331360946747,0.834319526627219,0.863905325443787,1.7371090448013524,2.3440405748098057,22.532544378698226,41652.0,9446,19899,1499.0,3904.0,7947.0,15995.0,6265,7067,1179.0,8266.0,9445.0,3073,987.0,1022.0,2055.0,2773.0,26656,2.0,23.485813406319025,0.5789738067799866,0.19789587534812253,0.35483652645731295,3.2707120906559113,22.36491404974551,12.909118409680207,13.30802362431576,1.2317055603572458,1.8768222414289828,8.181681551906271,27.54065110919044,125.10000000000002,52.7,177.8,0.20494787765293387,4.664208201286852,0.45114280226639775,5.0927542494958224,74.9,11.84014213002977,24.941025641025643,1.8760827811389607,4.876764621146644,9.954636031883222,20.055848458657447,7.863014981273408,8.870258330932488,1.4656415058100454,10.348312205896477,11.845335157975606,3.853209929895323,1.2317055603572458,1.283225295303947,2.58619754153462,3.4762436377604917,33.415473446653216,116.40144530874868,104.10585326034764,0.0,0.0,0.5071305099394987,71.98432248151349,27.571641217708635,6.66603524440603,9.446847690387015,992.0,661.0,1730.0,241.0,2600.0,134.0,7086.0,559.0,625.0,14.993131182176127,0.1404335446077019,0.08329688850475367,0.25436425621818876,0.3239654038221454,0.19789587534812253,0.6495725295303947,0.4136483722270239,0.4708942427734563,0.4769651157207337,0.5627331700758667,0.9342174205320274,0.016559853068280034,308.0,0.0823993325650629,0.39790173341016044,16.0,0.0,1,1,13,0.0,0.41712499999999997,0.0,0,0,0,4,9,11,15,0,0,0,1,0.1130625,0,0.0,0,0.0,0,0.001,0,0.0,,,1999,2019,19,0.8021041246518775
Dirk Nowitzki,nowitdi01,84,245.0,1978-06-19,,2003,2018,1999-02-05T00:00:00Z,True,16,NBA,DAL,PF,1184,1177.0,34.342060810810814,7.763513513513513,16.38429054054054,0.47383885767307593,1.2652027027027026,3.2863175675675675,0.3849910048830635,6.4983108108108105,13.097972972972974,0.49613102914624707,0.5124490953141915,5.0016891891891895,5.624155405405405,0.8893227211292987,0.9130067567567568,6.796452702702703,7.70945945945946,2.539695945945946,0.799831081081081,0.8361486486486487,1.65625,2.2778716216216215,21.79391891891892,40661.0,9192,19399,1498.0,3891.0,7694.0,15508.0,5922,6659,1081.0,8047.0,9128.0,3007,947.0,990.0,1961.0,2697.0,25804,2.0,23.12505840977841,0.5773642556749711,0.2037471041046703,0.3409690120754531,3.072329750866924,22.38113671577187,12.790907749440494,13.350458670470475,1.206475492486658,1.8856029118811637,8.028663830205849,27.35674725166622,117.50000000000001,51.8,169.2,0.19981276899240058,4.473382356557881,0.48306485329923016,4.933299722092423,71.5,11.793165441086053,24.883699367944715,1.9122771205823763,4.963569513784707,9.87123533607142,19.91151225990507,7.614456112737021,8.567836501807628,1.380089028799095,10.303989080445636,11.716224391923465,3.862020117557364,1.206475492486658,1.271033668625956,2.525114975037505,3.4588057352254005,33.11373306116426,115.93991785740636,104.2953444332407,0.0,0.0,0.5194904207963404,72.1014239689137,27.443717567201986,6.172128083421461,9.094269693317921,939.0,647.0,1682.0,223.0,2421.0,137.0,6943.0,519.0,568.0,15.246100686161185,0.1287771328791717,0.0810895944516859,0.259006566488773,0.3274279530754285,0.2037471041046703,0.6573816187501538,0.4213006320552864,0.47337815105383535,0.4748596689702664,0.5692445340744201,0.9351737537197807,0.014330734610560487,264.0,0.07940033447283637,0.40503406212341075,17.0,0.0,1,1,12,0.0,0.381625,0.0,0,0,0,4,8,10,14,0,0,0,1,0.1115,0,0.0,0,0.0,0,0.001,0,0.0,,,1999,2019,20,0.7962528958953297
Dirk Nowitzki,nowitdi01,84,245.0,1978-06-19,,2004,2019,1999-02-05T00:00:00Z,True,16,NBA,DAL,PF,1155,1117.0,33.193939393939395,7.477922077922078,15.832034632034633,0.47232855736629115,1.2242424242424241,3.2086580086580088,0.3815434430652995,6.2536796536796535,12.623376623376624,0.49540466392318244,0.510992015749754,4.742857142857143,5.334199134199134,0.8891413731537088,0.8701298701298701,6.484848484848484,7.354978354978355,2.426839826839827,0.7316017316017316,0.8017316017316017,1.5818181818181818,2.2225108225108223,20.922943722943725,38339.0,8637,18286,1414.0,3706.0,7223.0,14580.0,5478,6161,1005.0,7490.0,8495.0,2803,845.0,926.0,1827.0,2567.0,24166,2.0,22.643386629802553,0.574821617673909,0.20608732622134118,0.33445890607475415,3.037147552100994,22.121082970343515,12.647176504342836,13.220803881165391,1.1435718198179399,1.8766008503090847,7.945546310545398,27.25252093168836,106.2,47.3,153.4,0.1920022431466653,4.216779258718276,0.37361694358225306,4.565846787866142,63.8,11.742491979446518,24.84937009311667,1.9057121990662251,4.994932053522523,9.826542163332379,19.845298521088186,7.474983698062026,8.411189650225618,1.3642035525183234,10.161543076240903,11.551709747254753,3.814264847805107,1.1435718198179399,1.2570020083987585,2.497605571350322,3.4872505803489915,32.86846292287227,115.44025665771147,104.94619056313415,0.0,0.0,0.14444821200344296,72.15232530843267,27.75103680325517,5.395059860716242,7.87454811027935,864.0,615.0,1613.0,208.0,2217.0,138.0,6488.0,468.0,520.0,15.358958240955687,0.12355254440647905,0.08114901275463628,0.2614190771798951,0.32786405487884396,0.20608732622134118,0.6558372414512638,0.423359346879157,0.47031490127546366,0.4792483893685281,0.5729384699653095,0.9389711520905605,0.013025926602154464,225.0,0.07355838702104907,0.40080620256136057,16.0,0.0,1,1,12,0.0,0.34475,0.0,0,0,0,4,7,9,13,0,0,0,1,0.10925000000000001,0,0.0,0,0.0,0,0.0005,0,0.0,,,1999,2019,21,0.7939126737786588
Paul Pierce,piercpa01,79,235.0,1977-10-13,Kansas,1999,2014,1999-02-05T00:00:00Z,True,16,NBA,"BOS, BRK",SF,1177,1167.0,36.07306711979609,6.969413763806287,15.583687340696686,0.4472249482063025,1.6440101954120645,4.441801189464741,0.3701224177505738,5.325403568394223,11.141886151231946,0.47796248284276344,0.49997274015919746,5.683942225998301,7.042480883602379,0.8070937386898299,0.8785046728971962,5.067969413763806,5.946474086661002,3.808836023789295,1.4180118946474087,0.5938827527612575,2.8598130841121496,2.8156329651656753,21.26677994902294,42458.0,8203,18342,1935.0,5228.0,6268.0,13114.0,6690,8289,1034.0,5965.0,6999.0,4483,1669.0,699.0,3366.0,3314.0,25031,9.0,20.36915069009374,0.5712462197936784,0.28791174808045594,0.4509667436054454,2.8338593433510764,16.345529699938762,9.663154175891469,19.417723397239623,2.0508478967450183,1.2672405671487117,13.317504357247161,27.50575627679118,84.5,59.3,143.7,0.16234306844410948,3.440741438598144,0.5948984879174714,4.026482641669415,64.5,10.0849875170757,22.563903151349567,2.3794102407084647,6.442811719817231,7.713238965565972,16.123726977248104,8.228286777521316,10.190790899241604,1.2783244618210938,7.3376960761222865,8.607315464694523,5.509736680955297,2.0508478967450183,0.8772339723962503,4.141014649771538,4.096160911960054,30.785453860285454,109.42997786047388,102.58448348956615,0.07348438456827924,26.766145367186397,67.96516557539215,5.132342550284988,0.06971595459041877,3.5735385557492108,6.945986622073579,1450.0,1061.0,1612.0,459.0,3285.0,154.0,10158.0,709.0,1090.0,14.022236092138112,0.27012452305808093,0.0846879504451458,0.14153250270855905,0.21578833199868103,0.28791174808045594,0.6123989825239059,0.329489189316501,0.41060579867162844,0.4153909510575157,0.4429999528946253,0.861745018606623,0.027622756606528805,470.0,0.13290463516887277,0.38496843939893544,25.0,1.0,1,1,10,0.003125,0.10825,0.0625,0,0,2,0,1,4,13,1,1,1,0,0.0025000000000000005,0,0.017,0,0.0,0,0.000125,0,0.0,,,1999,2017,16,0.7120882519195441
Paul Pierce,piercpa01,79,235.0,1977-10-13,Kansas,2000,2015,1999-02-05T00:00:00Z,True,16,NBA,"BOS, BRK, WAS",SF,1202,1193.0,35.55740432612313,6.831946755407654,15.267054908485857,0.4474960492616206,1.6381031613976706,4.431780366056572,0.36962643138727236,5.193843594009984,10.835274542429284,0.4793458230958231,0.501144351806441,5.586522462562396,6.908485856905158,0.8086464354527938,0.800332778702163,5.009983361064892,5.810316139767055,3.7537437603993347,1.3585690515806987,0.559900166389351,2.7828618968386025,2.774542429284526,20.888519134775375,42740.0,8212,18351,1969.0,5327.0,6243.0,13024.0,6715,8304,962.0,6022.0,6984.0,4512,1633.0,673.0,3345.0,3335.0,25108,9.0,20.182306972391203,0.5728313523631259,0.29467349087505845,0.45082812353766966,2.6382358446420215,16.358762283575107,9.584248947122134,19.352847449695833,1.9917758540009358,1.219656059897052,13.206092653252224,27.33338324754328,84.80000000000001,59.599999999999994,144.3,0.16195334581188583,3.341951333645297,0.5929527374824521,3.9258072063640617,63.900000000000006,10.020271408516612,22.40896116050538,2.403916705662143,6.511022461394479,7.628444080486663,15.896078614880672,8.199209171736078,10.133771642489473,1.178528310715957,7.352580720636406,8.52627983153954,5.506752456715021,1.9917758540009358,0.8372204024333179,4.088184370613009,4.089868975198877,30.651399157697707,109.6760411792232,102.70837622835751,0.07299953205428171,26.474988301357044,67.88804398689751,5.501520823584464,0.06925596630790828,3.811116050538137,7.1120940570893785,1454.0,1044.0,1638.0,459.0,3301.0,168.0,10218.0,707.0,1073.0,14.195800187178287,0.2650217360786149,0.07995472625175479,0.14186562938699113,0.21856736078614883,0.29467349087505845,0.6155420683200749,0.33262213383247546,0.41297583060364995,0.4141720870379036,0.447892044922789,0.8635736546560601,0.026388745905474964,449.0,0.12897311651848384,0.3808045858680393,25.0,1.0,1,1,10,0.003125,0.10825,0.0,0,0,2,0,1,4,13,0,0,0,0,0.0025000000000000005,0,0.0,0,0.0,0,0.000125,0,0.0,,,1999,2017,17,0.7053265091249414
Paul Pierce,piercpa01,79,235.0,1977-10-13,Kansas,2001,2016,1999-02-05T00:00:00Z,True,16,NBA,"BOS, BRK, WAS, LAC",SF,1197,1159.0,34.576441102756895,6.574770258980785,14.74436090225564,0.44591761572893646,1.6274018379281536,4.4185463659147866,0.36831159009264514,4.947368421052632,10.325814536340852,0.479126213592233,0.501104878463369,5.355054302422723,6.616541353383458,0.8093434343434344,0.7443609022556391,4.9147869674185465,5.659147869674185,3.644110275689223,1.264828738512949,0.5246449456975772,2.694235588972431,2.695906432748538,20.13199665831245,41388.0,7870,17649,1948.0,5289.0,5922.0,12360.0,6410,7920,891.0,5883.0,6774.0,4362,1514.0,628.0,3225.0,3227.0,24098,9.0,19.849777713346867,0.5717628539673335,0.3065282207403112,0.44496697110273503,2.5387020392384265,16.43406059727457,9.598262781482555,19.32667439837634,1.908277761670049,1.17987822557263,13.239250507393447,27.207939499371804,79.0,58.0,137.0,0.15873907896008504,3.1746641538610225,0.5472310814728907,3.7125012080796367,59.599999999999994,9.930192326278148,22.274775297187592,2.456069392094327,6.674917850584711,7.48036628974582,15.597936599980672,8.089376147675656,9.995909442350438,1.1320431042814343,7.423241036049096,8.54405624818788,5.50453271479656,1.908277761670049,0.8104982120421379,4.074681066975935,4.087783898714603,30.410838890499658,109.22223832995071,102.7583357494926,0.07538416932444186,25.52996037498792,67.5216246254953,6.870952933217358,0.071518314487291,3.694312361070842,6.325533971199381,1418.0,1013.0,1594.0,428.0,3154.0,173.0,9889.0,677.0,1027.0,14.374997583840724,0.26234596984633224,0.07446656035565864,0.14123663863921912,0.21544585387068715,0.3065282207403112,0.6076257852517637,0.3296048613124577,0.41428029863728616,0.4158682226732386,0.4462937083212525,0.8617967526819368,0.023907485261428434,393.0,0.12222566927611866,0.38031291678747464,25.0,1.0,1,1,10,0.003125,0.10825000000000001,0.0,0,0,2,0,1,4,13,0,0,0,0,0.0025000000000000005,0,0.0,0,0.0,0,0.000125,0,0.0,,,1999,2017,18,0.6934717792596887
Paul Pierce,piercpa01,79,235.0,1977-10-13,Kansas,2002,2017,1999-02-05T00:00:00Z,True,16,NBA,"BOS, BRK, WAS, LAC",SF,1140,1084.0,33.81140350877193,6.325438596491228,14.215789473684211,0.4449586572874244,1.592982456140351,4.340350877192982,0.3670169765561843,4.732456140350878,9.875438596491229,0.4792147806004619,0.5009872886585215,5.149122807017544,6.31140350877193,0.8158443363446838,0.7,4.826315789473684,5.526315789473684,3.613157894736842,1.2105263157894737,0.49473684210526314,2.613157894736842,2.645614035087719,19.392982456140352,38545.0,7211,16206,1816.0,4948.0,5395.0,11258.0,5870,7195,798.0,5502.0,6300.0,4119,1380.0,564.0,2979.0,3016.0,22108,9.0,19.549760020754963,0.5722079647165651,0.31298970035023993,0.4396226488519911,2.453615254896874,16.42738098326631,9.58266441821248,19.420142690361914,1.8678868854585549,1.140077831106499,13.328989492800623,26.84420287975094,71.9,54.8,126.70000000000002,0.15760404721753796,3.010795174471397,0.5964067972499676,3.596396419769101,54.4,9.776507977688416,21.97656245946297,2.462360876897133,6.705256194058892,7.320132312881048,15.261867946555972,7.962373848748217,9.754100402127383,1.087466597483461,7.4571435983914895,8.532554157478272,5.583504994162667,1.8678868854585549,0.7877078739136074,4.039906602672201,4.101066286159035,29.974315734855363,109.27834998054222,102.86457387469191,0.0,25.06561162277857,67.0657413412894,7.866415877545726,0.07679335841224542,4.14052406278376,6.555916461279025,1333.0,925.0,1514.0,391.0,2867.0,174.0,9327.0,609.0,940.0,14.494341678557527,0.26118762485406666,0.07085886626021533,0.14068218964846285,0.21431376313399922,0.31298970035023993,0.608117161758983,0.3308290569464263,0.4145929433130108,0.41348693734595926,0.4370071085743936,0.8604260993643794,0.024638241016993127,378.0,0.11669497989363081,0.3805409521338695,23.0,1.0,1,1,10,0.003125,0.1044375,0.0,0,0,2,0,1,4,12,0,0,0,0,0.0022500000000000003,0,0.0,0,0.0,0,0.000125,0,0.0,,,1999,2017,19,0.68701029964976
Antawn Jamison,jamisan01,81,223.0,1976-06-12,UNC,1999,2014,1999-02-06T00:00:00Z,False,16,NBA,"GSW, DAL, WAS, CLE, LAL, LAC",PF,1083,864.0,34.75346260387812,7.090489381348107,15.719298245614034,0.4510690789473684,1.0738688827331486,3.1071098799630654,0.34561664190193164,6.016620498614959,12.612188365650969,0.47704810015374477,0.4852267387218045,3.2511542012927053,4.487534626038781,0.724485596707819,2.361034164358264,5.170821791320407,7.531855955678671,1.626038781163435,0.9676823638042474,0.38873499538319484,1.58264081255771,2.3822714681440442,18.506001846722068,37638.0,7679,17024,1163.0,3365.0,6516.0,13659.0,3521,4860,2557.0,5600.0,8157.0,1761,1048.0,421.0,1714.0,2580.0,20042,0.0,18.142515542802485,0.5242120729050428,0.19962590998459007,0.2859066900472927,7.336274509803922,17.202263669695522,12.140065890854986,8.521818375046497,1.4358520644029968,0.8294144215951963,8.174422126574207,24.400276316488654,65.1,23.0,87.9,0.11202112227004624,2.202765821775865,-1.6112652106913228,0.5768930336362187,24.4,10.545618789521228,23.390419257133747,1.5860832137733143,4.6339470747648654,8.946004038471756,18.76488389393698,4.821470322546363,6.680920877836229,3.515285084223391,7.7137865986503,11.224209575429088,2.4181943780222115,1.4358520644029968,0.5856846803762156,2.3613103778096605,3.545663956639567,27.543772251448004,109.3905627291567,108.9583931133429,0.0,0.7160848079069027,40.06934481109517,57.95156490780594,1.4844040597268717,-2.1984882299803394,3.2615813805196874,756.0,528.0,1420.0,246.0,1983.0,102.0,3964.0,484.0,820.0,11.959025452999628,0.24665287741112707,0.2531080025506137,0.1021979116849992,0.19838833094213296,0.19962590998459007,0.6717649450023911,0.4307982889632819,0.3500446623093682,0.36758504702694084,0.6711164514586322,0.9767961368829376,0.012261517615176153,199.0,0.2285147191667995,0.3418320580264626,9.0,0.0,0,0,2,0.0,0.003125,0.0234375,0,0,0,0,0,0,6,0,1,1,0,6.25e-05,0,0.0,1,0.0351875,0,0.000125,0,0.0,,,1999,2014,16,0.80037409001541
Rashard Lewis,lewisra02,82,215.0,1979-08-08,,1999,2014,1999-02-09T00:00:00Z,False,16,NBA,"SEA, ORL, WAS, MIA",SF,1049,842.0,31.974261201143946,5.380362249761678,11.896091515729266,0.4522798301145925,1.7035271687321258,4.408960915157293,0.38637837837837835,3.676835081029552,7.487130600571973,0.4910873440285205,0.5238801185992468,2.387035271687321,2.965681601525262,0.8048858887817422,1.351763584366063,3.8274547187797903,5.179218303145853,1.682554814108675,1.0629170638703527,0.5157292659675882,1.5033365109628218,2.3164918970448047,14.851286939942803,33541.0,5644,12479,1787.0,4625.0,3857.0,7854.0,2504,3111,1418.0,4015.0,5433.0,1765,1115.0,541.0,1577.0,2430.0,15579,0.0,16.770704510897108,0.5614079484809636,0.37411681225962257,0.24553817715631618,4.9659759697087145,13.89593333532095,9.468656271428996,8.924438746608628,1.7687904355862973,1.223162696401419,10.319030440356578,21.096783041650514,61.0,29.8,90.9,0.13005506693300736,2.16461345815569,-0.2777317313139144,1.916845055305447,33.0,8.883882412569692,19.653614978682803,2.808649116007275,7.249232282877672,6.075233296562417,12.382433439670852,3.9545600906353426,4.895360901583136,2.22678512864852,6.317691780209295,8.54275364479294,2.773882710712263,1.7687904355862973,0.8503711875018634,2.4871888136907065,3.82078650010435,24.529870904266417,111.64044005843594,106.80116871888137,0.0,0.8191467159595719,50.0905757133061,48.01201514564265,1.3659103783429236,2.423114993589935,2.300554545183507,650.0,440.0,1159.0,299.0,1167.0,45.0,4142.0,289.0,514.0,14.758391222682688,0.18543394651322262,0.17794344235413373,0.12547604424435768,0.13702429861959992,0.37411681225962257,0.659995796189738,0.4418786857875436,0.40516215974479,0.3967011717003071,0.526257744253302,0.9561308249604961,0.039700545600906356,471.0,0.3399088876300647,0.40752046748755255,25.0,0.0,1,0,2,0.0,0.0016250000000000001,0.0,0,0,0,0,0,0,3,0,0,0,0,0.0,0,0.0,0,0.0,0,0.000625,0,0.0,,,1999,2014,16,0.6258831877403774
Shawn Marion,mariosh01,79,220.0,1978-05-07,"Vincennes University, UNLV",2000,2015,1999-11-02T00:00:00Z,False,16,NBA,"PHO, MIA, TOR, DAL, CLE",SF,1163,1062.0,34.47721410146174,6.267411865864145,12.945829750644885,0.4841259298618491,0.6801375752364575,2.055030094582975,0.3309623430962343,5.587274290627687,10.890799656061908,0.5130270014211274,0.510394527098831,2.004299226139295,2.473774720550301,0.8102189781021898,2.349097162510748,6.336199484092863,8.68529664660361,1.88993981083405,1.5124677558039552,1.060189165950129,1.5047291487532244,2.179707652622528,15.219260533104041,40097.0,7289,15056,791.0,2390.0,6498.0,12666.0,2331,2877,2732.0,7369.0,10101.0,2198,1759.0,1233.0,1750.0,2535.0,17700,0.0,18.810763897548444,0.5414639998004839,0.15688540289797243,0.18826939671297105,7.85289423148864,20.529022121355712,14.286230890091527,9.03999052298177,2.2584582387709804,2.2277950968900413,9.804389355812155,20.363376312442327,63.8,61.3,125.0,0.14956862109384744,1.7200738209841135,0.9847220490310994,2.7142828640546677,47.6,9.354625034291843,19.343768860513254,1.0023792303663617,3.0692620395540815,8.335970272090181,16.273359602962813,2.9837718532558544,3.6827518268199615,3.5123824725041772,9.443260094271393,12.958336035114847,2.810838716113425,2.2584582387709804,1.5828116816719455,2.2408783699528643,3.2564007282340324,22.702209641619074,110.05030301518816,101.45724119011398,0.027458413347631994,2.7146170536449112,62.9236102451555,34.23759882285458,0.2630121954260917,2.7994463426191483,2.0471082624635257,823.0,559.0,1509.0,133.0,1213.0,62.0,5074.0,250.0,715.0,9.704129984786892,0.3409723670100008,0.22458994438486668,0.1715011098087139,0.10583066064792877,0.15688540289797243,0.6769057784871686,0.42391143975858536,0.39790173828465975,0.3380413746664339,0.6898224555453026,0.9756529914956231,0.10705496670573858,1482.0,0.5154667930269098,0.32549796742898474,15.0,0.0,1,0,4,0.061062500000000006,0.048125,0.0379375,0,0,9,0,0,2,7,0,1,1,0,0.000125,0,0.0,0,0.0,0,0.0035,0,0.021312499999999998,,,2000,2015,16,0.8431145971020276
Andre Miller,millean02,75,200.0,1976-03-19,Utah,2000,2015,1999-11-02T00:00:00Z,False,16,NBA,"CLE, LAC, DEN, PHI, POR, DEN, WAS, SAC",PG,1265,935.0,31.46798418972332,4.724110671936759,10.27509881422925,0.4597630404677643,0.1509881422924901,0.6956521739130435,0.21704545454545454,4.573122529644269,9.579446640316206,0.4773890080871431,0.46711032466533314,3.1549407114624506,3.907509881422925,0.8074044102771596,1.0758893280632411,2.674308300395257,3.750197628458498,6.6695652173913045,1.209486166007905,0.17944664031620552,2.4379446640316207,2.241897233201581,12.754150197628459,39807.0,5976,12998,191.0,880.0,5785.0,12118.0,3991,4943,1361.0,3383.0,4744.0,8437,1530.0,227.0,3084.0,2836.0,16134,9.0,17.46795538473133,0.5316630743336599,0.06872080287386642,0.3786328283970156,3.982304619790489,9.902642751274902,6.94668776848293,34.77967694124149,1.9998442484990073,0.44086215992162187,17.03988243273796,20.701431908960735,68.9,30.700000000000003,99.9,0.12036631748184992,1.5429773657899364,-0.2205265405581933,1.3051071419599567,33.3,7.842781420353203,17.088818549501344,0.25824352500816433,1.1625015700756147,7.598716306177305,15.914178410832264,5.244713241389705,6.499703569723918,1.78352551058859,4.43108498505288,6.221765016203181,11.051011128695958,1.9998442484990073,0.3012058180721984,4.050953349913332,3.7064184691134723,21.195096339839726,109.71304042002663,107.65684427362022,82.28030245936644,17.271736126811867,0.66425503052227,0.0,0.0,0.8481422865325194,3.9586906825432715,1769.0,730.0,951.0,284.0,1909.0,197.0,18286.0,392.0,1076.0,10.024302258396766,0.3408785891928555,0.1732740723993267,0.21821802698017936,0.19885158389228025,0.06872080287386642,0.6062518401286205,0.40429929409400356,0.4052108925565855,0.4009548571859221,0.29965702012208906,0.6911386690783028,0.0016750571507523804,18.0,0.10963745069962569,0.24052804783078355,120.0,3.0,0,0,0,0.0105625,0.004,0.0546875,0,0,7,0,0,0,3,1,1,1,0,0.0,0,0.017,0,0.000875,0,0.0015,0,0.0,,,2000,2016,16,0.9312791971261335
Andre Miller,millean02,75,200.0,1976-03-19,Utah,2001,2016,1999-11-02T00:00:00Z,False,16,NBA,"CLE, LAC, DEN, PHI, POR, DEN, WAS, SAC, MIN, SAS",PG,1222,903.0,31.23977086743044,4.661211129296236,10.10556464811784,0.4612519232326504,0.1497545008183306,0.6865793780687398,0.21811680572109654,4.511456628477905,9.4189852700491,0.4789748045178106,0.46866143007530975,3.100654664484452,3.8322422258592472,0.809096732863549,1.0540098199672667,2.6407528641571196,3.6947626841243864,6.585924713584288,1.1963993453355155,0.1718494271685761,2.4181669394435352,2.199672667757774,12.572831423895254,38175.0,5696,12349,183.0,839.0,5513.0,11510.0,3789,4683,1288.0,3227.0,4515.0,8048,1462.0,210.0,2955.0,2688.0,15364,8.0,17.395143418467583,0.5332922331368697,0.06900062868369353,0.37724867059593975,3.9432665356908974,9.865029469548134,6.909749836280288,34.48649115913556,1.9974223968565816,0.4268133595284873,17.187080550098234,20.577181401440733,66.0,29.3,95.60000000000001,0.1200308055009823,1.487863785199738,-0.23599214145383104,1.2337865094957434,31.200000000000003,7.8124636542239685,16.9683038637852,0.2607334643091028,1.157275703994761,7.566514734774067,15.798370661427636,5.204261951538966,6.436049770792404,1.7658179436804193,4.414758349705306,6.188036673215455,11.014354944335299,1.9974223968565816,0.29215193189259986,4.05433922724296,3.6742554027504917,21.091297969875573,109.86525212835626,107.80665356908972,81.91960707269155,17.61328094302554,0.6926522593320236,0.0,0.0,1.1204191224623445,3.863455140798952,1716.0,705.0,897.0,265.0,1808.0,201.0,17460.0,370.0,1000.0,10.060846103470858,0.33970292075965947,0.16990417812704647,0.22117686967910935,0.20014396856581534,0.06900062868369353,0.6069381532416503,0.4088377472167649,0.408779489194499,0.40310967910936474,0.3011373935821873,0.6998652783235102,0.0015273608382449248,16.0,0.11358611656843486,0.2508107400130976,122.0,3.0,0,0,0,0.0105625,0.004,0.0,0,0,7,0,0,0,3,0,0,0,0,0.0,0,0.0,0,0.000875,0,0.0015,0,0.0,,,2000,2016,17,0.9309993713163064
Jason Terry,terryja01,74,185.0,1977-09-15,Arizona,2000,2015,1999-11-02T00:00:00Z,False,16,NBA,"ATL, DAL, BOS, BRK, HOU",SG,1213,668.0,31.819455894476505,5.440230832646331,12.211046990931575,0.44551714825816907,1.7114591920857378,4.503709810387469,0.3800109829763866,3.7287716405605935,7.707337180544106,0.4837950582950048,0.5155954631379962,2.2357790601813683,2.643858202802968,0.8456501403180543,0.38582028029678483,2.12118713932399,2.507007419620775,4.249793899422919,1.210222588623248,0.19208573784006594,1.900247320692498,1.9282769991755977,14.82769991755977,38597.0,6599,14812,2076.0,5463.0,4523.0,9349.0,2712,3207,468.0,2573.0,3041.0,5155,1468.0,233.0,2305.0,2339.0,17986,1.0,16.820965360002074,0.5549604114309402,0.3764544912817058,0.21461414099541415,1.413861180920797,7.5144026737829375,4.529305386428996,23.07730911728891,2.0009093971034018,0.4482990906028966,12.54611239215483,21.993854444645958,68.1,29.7,97.69999999999999,0.1214178822188253,2.1105940876233906,-0.31195429696608545,1.7916185195740604,36.9,9.000230587869524,20.190968209964506,2.822082027100552,7.4461668005285375,6.1655543176930845,12.75860040935824,3.6856620980905253,4.374966966344534,0.6412596833950825,3.486817628313082,4.149967614063269,7.0266186491178075,2.0009093971034018,0.31228592895820917,3.1318211259942483,3.180405212840376,24.52684664611239,110.52916029743244,107.63002305878695,50.44506049692981,47.07187087079307,2.5663393527994405,0.0,0.0,1.5594838977122576,2.5401067440474647,1359.0,559.0,929.0,151.0,1104.0,90.0,11376.0,210.0,611.0,16.560388113065784,0.1437081897556805,0.09388548332771977,0.1465549654118196,0.2396314480400031,0.3764544912817058,0.5954872917584269,0.4186403088322927,0.4476450760421794,0.4716262144726274,0.3924603725678162,0.8158500401585614,0.007043319428971163,104.0,0.26310586314998574,0.40598163069668625,23.0,2.0,1,0,0,0.0010625,0.0001875,0.01675,0,0,1,0,0,0,1,0,1,1,0,0.0,0,0.0,1,0.12106249999999999,0,0.002,0,0.0,,,2000,2018,16,0.6235455087182941
Jason Terry,terryja01,74,185.0,1977-09-15,Arizona,2001,2016,1999-11-02T00:00:00Z,False,16,NBA,"ATL, DAL, BOS, BRK, HOU",SG,1204,648.0,31.53405315614618,5.399501661129568,12.116279069767442,0.4456402522621333,1.7632890365448506,4.6237541528239205,0.3813544099155739,3.6362126245847177,7.4925249169435215,0.4853120496619,0.5184055387990129,2.181063122923588,2.574750830564784,0.8470967741935483,0.3803986710963455,2.0730897009966776,2.453488372093023,4.079734219269103,1.1835548172757475,0.19269102990033224,1.8255813953488371,1.9078073089700998,14.743355481727574,37967.0,6501,14588,2123.0,5567.0,4378.0,9021.0,2626,3100,458.0,2496.0,2954.0,4912,1425.0,232.0,2198.0,2297.0,17751,1.0,16.746838043564146,0.5573469328627493,0.3926675797403008,0.20950462243527276,1.407464376958938,7.420191218689916,4.481739405273,22.4140885505834,1.9694339821423867,0.4607000816498539,12.172289093159847,21.901050912634656,68.30000000000001,29.2,97.3,0.12298406510917376,2.1423130613427452,-0.31711486290726154,1.8180604208918272,36.5,9.001946427160428,20.187599757684303,2.9235467642953092,7.688890352147918,6.065596439012827,12.507764637711698,3.629112123686359,4.296699765585903,0.6336581768377801,3.4335738931177073,4.092799009666289,6.798367002923592,1.9694339821423867,0.3158031975136303,3.03291542655464,3.168469987094055,24.575502409987617,110.96894671688571,107.75642004898991,48.54605315142097,48.929675771064346,2.6420575763162746,0.0,0.0,1.8605420496747174,2.66019701319567,1309.0,528.0,917.0,144.0,1065.0,90.0,10886.0,211.0,585.0,16.683996628651197,0.1398756024969052,0.0939499038638818,0.1422723417704849,0.23147304237890798,0.3926675797403008,0.6004993547027682,0.4218318013011299,0.4495626991861353,0.4696324439644955,0.39571678036189323,0.8171389364448073,0.006911554771248716,101.0,0.27813914715410754,0.41025840861801033,22.0,1.0,1,0,0,0.0010625,0.0001875,0.0,0,0,1,0,0,0,1,0,0,0,0,0.0,0,0.0,1,0.12106249999999999,0,0.002,0,0.0,,,2000,2018,17,0.6073324202596992
Jason Terry,terryja01,74,185.0,1977-09-15,Arizona,2002,2017,1999-11-02T00:00:00Z,False,16,NBA,"ATL, DAL, BOS, BRK, HOU, MIL",SG,1196,571.0,30.30351170568562,5.025083612040134,11.25752508361204,0.4463755199049317,1.7324414715719063,4.535117056856187,0.38200589970501475,3.2926421404682276,6.722408026755853,0.4898009950248756,0.523321449792038,1.9623745819397993,2.3168896321070234,0.8469866474197041,0.3603678929765886,1.9732441471571907,2.3336120401337794,3.8520066889632107,1.1429765886287626,0.20066889632107024,1.6680602006688963,1.8294314381270902,13.744983277591974,36243.0,6010,13464,2072.0,5424.0,3938.0,8040.0,2347,2771,431.0,2360.0,2791.0,4607,1367.0,240.0,1995.0,2188.0,16439,1.0,16.411693292497862,0.5611989073752173,0.4182573186546367,0.20162180283089148,1.3955301713434318,7.36426620312888,4.44677868829843,21.782040669922466,1.973727340451949,0.50600667715145,12.055414838727478,21.138556410893138,64.60000000000001,28.5,92.9,0.12313580553486189,1.9954611925061392,-0.22813784730844575,1.7598460392351627,34.300000000000004,8.716207267610297,19.518022790607844,2.985318544270618,7.84395331512292,5.717476478216483,11.687321689705598,3.4009629445686067,4.022608503711061,0.6267361973346577,3.4010788290152583,4.05083188477775,6.677769500317303,1.973727340451949,0.34014292415087055,2.8852247330518996,3.161222856827525,23.838548133432663,111.66716331429518,107.98071351709295,51.24986894020915,46.53193720166653,2.3415832022735423,0.0,0.0,2.595814364153078,2.9453218552548077,1191.0,471.0,866.0,139.0,967.0,93.0,10266.0,192.0,506.0,16.936357365560248,0.13969519631377095,0.09089305521066138,0.1317085782082057,0.2196956653698645,0.4182573186546367,0.5998251524432304,0.43047189802168695,0.4455615429186325,0.4680864718704302,0.40801859669453416,0.8251416273487294,0.006643710509615651,92.0,0.2960387936980934,0.4167045498441078,21.0,0.0,1,0,0,0.0010625,0.0001875,0.0,0,0,1,0,0,0,1,0,0,0,0,0.0,0,0.0,1,0.12106249999999999,0,0.001,0,0.0,,,2000,2018,18,0.5817426813453632
Jason Terry,terryja01,74,185.0,1977-09-15,Arizona,2003,2018,1999-11-02T00:00:00Z,False,16,NBA,"ATL, DAL, BOS, BRK, HOU, MIL",SG,1169,497.0,29.161676646706585,4.743370402053037,10.60650128314799,0.4472134849584644,1.6595380667236954,4.358426005132592,0.380765456329735,3.0838323353293413,6.248075278015397,0.49356516976998904,0.5254456004516493,1.7715996578272026,2.0872540633019674,0.8487704918032787,0.33875106928999144,1.8588537211291702,2.197604790419162,3.611633875106929,1.0821214713430283,0.20530367835757057,1.5731394354148844,1.7827202737382377,12.917878528656972,34090.0,5545,12399,1940.0,5095.0,3605.0,7304.0,2071,2440,396.0,2173.0,2569.0,4222,1265.0,240.0,1839.0,2084.0,15101,1.0,15.970548547961279,0.5613962745673218,0.43082927544734523,0.1914578468759167,1.3698298621296567,7.202804341449106,4.358615429744793,21.048107949545322,1.9428776767380462,0.5452830742153124,12.125617483132883,20.660748019947196,58.1,27.0,85.0,0.11981771780580816,1.7721912584335582,-0.21951598709298914,1.5447257260193605,30.4,8.551936051628044,19.103924904664126,2.972452332062188,7.827626870049867,5.56761220299208,11.29909064241713,3.192522733939572,3.7687826342035784,0.6125579348782635,3.329823995306542,3.958149017307128,6.506606042827809,1.9428776767380462,0.3633206218832502,2.8247521267233795,3.202290994426518,23.281249633323554,111.5182751540041,108.13816368436491,51.00143737166324,46.56864183044881,2.5849809328248754,0.0,0.0,3.123916104429452,2.793754766793781,1097.0,426.0,816.0,131.0,852.0,94.0,9448.0,176.0,446.0,17.14492226459372,0.13346485772953942,0.09020457612202994,0.12809548254620123,0.21773455558814903,0.43082927544734523,0.6021631856849516,0.4355163391023761,0.45142012320328545,0.4702877090055735,0.4238525374009974,0.8363042534467585,0.005757788207685539,75.0,0.3100478439425052,0.4217631270167204,22.0,0.0,1,0,0,0.0010625,0.0001875,0.0,0,0,1,0,0,0,1,0,0,0,0,0.0,0,0.0,1,0.12106249999999999,0,0.0005,0,0.0,,,2000,2018,19,0.5691707245526547
Metta World Peace,artesro01,79,260.0,1979-11-13,St. John's,2000,2016,1999-11-03T00:00:00Z,False,16,NBA,"CHI, IND, SAC, HOU, LAL, NYK, LAL",SF,966,838.0,32.38095238095238,4.8105590062111805,11.592132505175984,0.41498481871762816,1.1853002070393375,3.4824016563147,0.34036860879904873,3.6252587991718426,8.109730848861284,0.4470257850395711,0.46611001964636545,2.652173913043478,3.7060041407867494,0.7156424581005587,1.194616977225673,3.389233954451346,4.583850931677019,2.712215320910973,1.7712215320910973,0.5383022774327122,1.8467908902691512,2.658385093167702,13.458592132505176,31280.0,4647,11198,1145.0,3364.0,3502.0,7834.0,2562,3580,1154.0,3274.0,4428.0,2620,1711.0,520.0,1784.0,2568.0,13001,0.0,14.86783567774936,0.506740888746803,0.3081524936061381,0.31411099744245524,4.276723145780052,11.998462276214834,8.162186700767263,14.48440537084399,2.8875159846547316,1.246390664961637,12.18525895140665,21.25750959079284,20.0,41.2,61.3,0.09414562020460358,-0.02557225063938621,1.2500543478260868,1.2342423273657288,25.5,7.7993158567774925,18.79348145780051,1.912842071611253,5.637336956521739,5.8821483375959085,13.17241368286445,4.309712276214833,6.030664961636829,1.9363586956521737,5.481780690537084,7.4390313299232735,4.401297953964193,2.8875159846547316,0.8554603580562661,3.0088682864450127,4.318027493606138,21.823494245524294,102.09219948849105,103.31777493606138,0.0,6.084718670076726,82.70626598465473,11.150479539641944,0.16317135549872122,3.1853996163682865,6.9996259590792835,624.0,477.0,833.0,352.0,1536.0,90.0,5865.0,327.0,791.0,13.528168158567775,0.30949709079283894,0.106283631713555,0.08255975063938618,0.19351288363171357,0.3081524936061381,0.5645020780051151,0.30586358695652177,0.3685970907928388,0.36528315217391305,0.45121496163682867,0.8168054347826087,0.024611157289002556,242.0,0.2739648976982097,0.32346723145780054,10.0,0.0,1,0,1,0.1905625,0.009125,0.03125,2,4,11,0,0,1,1,0,1,1,0,0.0,0,0.0,0,0.0,0,0.0015,1,0.0801875,,,2000,2017,16,0.6918475063938618
Metta World Peace,artesro01,79,260.0,1979-11-13,St. John's,2001,2017,1999-11-03T00:00:00Z,False,16,NBA,"CHI, IND, SAC, HOU, LAL, NYK, LAL",SF,919,777.0,31.77584330794342,4.741022850924918,11.433079434167574,0.4146759303321595,1.190424374319913,3.4940152339499457,0.3407038305823731,3.5505984766050056,7.9390642002176275,0.4472313596491228,0.46673646140668124,2.5941240478781284,3.6093579978237216,0.7187217365088936,1.1936887921653971,3.311207834602829,4.504896626768226,2.6430903155603915,1.7431991294885745,0.5255712731229597,1.7682263329706203,2.6409140369967354,13.266594124047877,29202.0,4357,10507,1094.0,3211.0,3263.0,7296.0,2384,3317,1097.0,3043.0,4140.0,2429,1602.0,483.0,1625.0,2427.0,12192,0.0,14.934480515033215,0.5072528251489623,0.3138303540853366,0.30954756523525784,4.3538901445106495,11.906379700020548,8.15948907609068,14.212300527361139,2.887175535922197,1.240932127936443,11.888038490514349,21.25010958153551,20.0,38.7,58.8,0.09667882336826246,0.026775563317580974,1.2661975207177592,1.303975755085268,24.3,7.818964454489418,18.849410999246626,1.9564584617491954,5.749506883090199,5.85732484076433,13.117331004725703,4.287952879939731,5.973173070337649,1.9674097664543524,5.444897609752758,7.434685980412301,4.364707896719402,2.887175535922197,0.8506472159441134,2.9279295938634338,4.364204506540648,21.87769673310047,102.53660708170673,103.38422025888637,0.0,4.656530374631875,83.44072323813437,11.91668378878159,0.17478254914046984,3.9769159646599546,6.911920416409835,574.0,443.0,797.0,323.0,1437.0,90.0,5454.0,301.0,732.0,13.517611807410454,0.303964351756729,0.10696596123553183,0.0824735634545579,0.19269539757550855,0.3138303540853366,0.563573762071091,0.3098290870488323,0.37901927950140396,0.36445377028970616,0.4452681323197042,0.809522224505171,0.023296931717005684,215.0,0.2732123827135128,0.3262752893637423,9.0,0.0,1,0,1,0.1905625,0.009125,0.0,2,4,11,0,0,1,1,0,0,0,0,0.0,0,0.0,0,0.0,0,0.0015,1,0.0801875,,,2000,2017,17,0.6861696459146633
Elton Brand,brandel01,81,275.0,1979-03-11,Duke,2000,2015,1999-11-03T00:00:00Z,False,16,NBA,"CHI, LAC, PHI, DAL, ATL",PF,1041,867.0,33.318924111431315,6.309317963496638,12.596541786743515,0.5008769922977199,0.0019212295869356388,0.01921229586935639,0.1,6.307396733909703,12.57732949087416,0.5014893454517682,0.5009532524975215,3.4764649375600385,4.726224783861672,0.7355691056910569,3.165225744476465,5.45821325648415,8.623439000960614,2.080691642651297,0.8943323727185398,1.7483189241114314,1.968299711815562,2.9615754082612873,16.09702209414025,34685.0,6568,13113,2.0,20.0,6566.0,13093.0,3619,4920,3295.0,5682.0,8977.0,2166,931.0,1820.0,2049.0,3083.0,16757,1.0,20.559273461150354,0.547255730142713,0.0016625342367017444,0.37068424390947097,11.038296093412137,18.92588150497333,14.998711258469081,11.66980539137956,1.418143289606458,3.938399884676373,11.788182211330545,22.884987746864642,65.9,43.599999999999994,109.5,0.15148335015136224,1.940614098313392,0.34022488107250975,2.280761135937725,37.3,10.038832348277355,20.004840709240305,0.0,0.02306472538561338,10.029897650281102,19.965867089519964,5.52166642640911,7.507190428138964,5.029358512325213,8.65581086925184,13.673908029407524,3.2979212916246214,1.418143289606458,2.7759925039642503,3.128839556004036,4.678512325212628,25.55974917111143,110.17131324780165,103.36906443707655,0.0,0.0,1.405160732305031,67.70448320599682,30.97742540002883,-1.849257604151651,2.8041026380279654,510.0,764.0,1555.0,322.0,2206.0,52.0,4911.0,604.0,811.0,8.40477439815482,0.2971043967132766,0.26711987891019173,0.3136500504540868,0.1206623035894479,0.0016625342367017444,0.6481549661236845,0.4620349718898659,0.43500680409398873,0.3809793859016866,0.6332210465619144,0.17805967997693528,0.0458622170967277,581.0,0.24015663831627507,0.0,1.0,0.0,0,0,2,0.004125,0.035562500000000004,0.0625,0,0,2,0,1,1,6,1,1,1,0,0.0025625,1,0.479,0,0.0,0,0.0011250000000000001,0,0.0003125,,,2000,2016,16,0.9983374657632982
Elton Brand,brandel01,81,275.0,1979-03-11,Duke,2001,2016,1999-11-03T00:00:00Z,False,16,NBA,"CHI, LAC, PHI, DAL, ATL, PHI",PF,977,788.0,32.66223132036848,6.109518935516888,12.158648925281474,0.5024833740213823,0.0020470829068577278,0.019447287615148412,0.10526315789473684,6.107471852610031,12.139201637666325,0.5031197301854975,0.5025675561915987,3.336745138178096,4.496417604912999,0.7420896881402231,3.0255885363357216,5.398157625383828,8.42374616171955,2.0767656090071647,0.8945752302968271,1.735926305015353,1.8751279426816787,2.9232343909928353,15.557830092118731,31911.0,5969,11879,2.0,19.0,5967.0,11860.0,3260,4393,2956.0,5274.0,8230.0,2029,874.0,1696.0,1832.0,2856.0,15200,1.0,20.490865218890036,0.5484572091128451,0.0017178089060198678,0.3652570586944941,10.77752499138228,19.032233399141365,14.924825295352699,11.66765378709536,1.4427470151358466,3.9896650057973737,11.68941744226129,22.456059039202785,61.599999999999994,40.599999999999994,102.2,0.15353392247187492,1.869414935288772,0.46354861959825777,2.33287894456457,34.7,9.897471091473161,19.65541036006393,0.0,0.026479897214126795,9.887759706684214,19.62103663313591,5.3933784588386455,7.271677477985648,4.897981887123563,8.711419259816363,13.596455767603647,3.348961173263138,1.4427470151358466,2.8037416564820914,3.0324308232271,4.702259408981229,25.153990786875998,110.63022155369622,103.41524866033656,0.0,0.0,1.527310331860487,69.90128795713078,28.666039923537337,-0.81366300021936,3.690692864529472,471.0,690.0,1480.0,274.0,2002.0,55.0,4604.0,557.0,692.0,8.451010623296042,0.29252690294882644,0.2559792234652628,0.3232060731409232,0.126692488483595,0.0017178089060198678,0.6523906803296668,0.4633207984707468,0.4394828115696782,0.3791596941493529,0.6342228385196327,0.19353827833662374,0.0459018206887907,532.0,0.2210940741437122,0.0,1.0,0.0,0,0,2,0.004125,0.0355625,0.0,0,0,2,0,1,1,6,0,0,0,0,0.0025625,0,0.0,0,0.0,0,0.0011250000000000001,0,0.0003125,,,2000,2016,17,0.9982821910939801
Jamal Crawford,crawfja01,77,185.0,1980-03-20,Michigan,2001,2016,2000-10-31T00:00:00Z,False,16,NBA,"CHI, NYK, GSW, ATL, POR, LAC",SG,1100,432.0,30.87909090909091,5.371818181818182,13.102727272727273,0.4099771040033303,1.7572727272727273,5.035454545454545,0.3489799602816393,3.6145454545454547,8.067272727272726,0.44805048456164076,0.47703462152223686,3.022727272727273,3.5090909090909093,0.8613989637305699,0.38181818181818183,2.0136363636363637,2.3954545454545455,3.5545454545454547,0.95,0.21454545454545454,1.9527272727272726,1.5745454545454545,15.523636363636363,33967.0,5909,14413,1933.0,5539.0,3976.0,8874.0,3325,3860,420.0,2215.0,2635.0,3910,1045.0,236.0,2148.0,1732.0,17076,0.0,15.526525745576588,0.5288726999735037,0.38273789266052344,0.2679954661877705,1.4159360555833602,7.527759295787087,4.443933818117585,19.79335237141932,1.602152088792063,0.5382165042541289,11.911793799864576,24.28204139311685,40.5,16.7,57.300000000000004,0.08113106838990786,1.5973327052727646,-1.3628080195483852,0.22661112256013188,19.2,9.040662996437717,22.039532487414252,2.953949421497336,8.478473224011543,6.090069773603791,13.575832425589544,5.078711690758678,5.897297376865781,0.6386728295109959,3.3897135455000442,4.02594577089528,5.978119939941708,1.602152088792063,0.36671180852003415,3.2965908087261164,2.6626490417169606,26.107050961227074,105.765566579327,110.40236111520005,25.512055818883034,62.008714340389204,12.296052050519622,0.1898901875349604,0.0,-2.0099361144640384,-0.5921894780227869,1120.0,542.0,746.0,188.0,1393.0,78.0,8598.0,310.0,494.0,16.91468484116937,0.14170768687255278,0.10928086083551683,0.11064544999558394,0.2558863602908706,0.38273789266052344,0.5530095092295464,0.4155709070568493,0.40926899637883835,0.4190555833603203,0.2977576176877557,0.7655986692966703,0.0074788471163187795,93.0,0.26396711514116644,0.3882904878264198,66.0,4.0,0,0,0,0.0,0.0,0.001125,0,0,0,0,0,0,0,0,0,1,0,0.0,0,0.0,3,0.1895625,0,0.0,0,0.0,,,2001,2020,16,0.6172621073394766
Jamal Crawford,crawfja01,77,185.0,1980-03-20,Michigan,2002,2017,2000-10-31T00:00:00Z,False,16,NBA,"CHI, NYK, GSW, ATL, POR, LAC",SG,1121,425.0,31.28813559322034,5.495985727029438,13.362176628010705,0.4113091661659657,1.7912578055307762,5.12399643175736,0.34958217270194986,3.704727921498662,8.238180196253346,0.4497022198159177,0.47833633753922156,3.097234611953613,3.594112399643176,0.8617522958550509,0.3818019625334523,2.0044603033006245,2.386262265834077,3.5530776092774308,0.9482604817127565,0.21052631578947367,1.95985727029438,1.5869759143621767,15.880463871543265,35074.0,6161,14979,2008.0,5744.0,4153.0,9235.0,3472,4029,428.0,2247.0,2675.0,3983,1063.0,236.0,2197.0,1779.0,17802,0.0,15.520000570222956,0.5312352169698352,0.3818868107430005,0.2705132861949022,1.396658493470947,7.359306038661116,4.356936762274049,19.414871414723155,1.5718224325711352,0.5220419684096481,11.663596966413868,24.37580543992701,42.3,17.7,60.099999999999994,0.08250213833608942,1.5845355534013799,-1.3548383417916408,0.22203341506529053,19.799999999999997,9.101109083651707,22.11918230027941,2.9638963334663857,8.49249586588356,6.140463021041227,13.640993328391401,5.122500997890175,5.949318583566175,0.62814620516622,3.319883674516736,3.94566630552546,5.881387922677766,1.5718224325711352,0.35263157894736846,3.251468324114729,2.6398785425101217,26.29104179734276,106.18557906141301,110.57253236015282,22.313537093003365,61.11170667731083,16.212864229913897,0.36839254148372014,0.0,-1.6683440725323604,-1.2718452414894226,1141.0,564.0,761.0,192.0,1457.0,87.0,8797.0,325.0,500.0,16.936477162570565,0.13891304099903065,0.11154325141130182,0.11121337743057536,0.2568166162969721,0.3818868107430005,0.5580733876945886,0.4186474881678736,0.4127737925528882,0.42159126418429604,0.2881323202372128,0.7506022694873695,0.006976620858755773,92.0,0.2641163825055597,0.3845594172321377,70.0,6.0,0,0,0,0.0,0.0,0.0,0,0,0,0,0,0,0,0,0,0,0,0.0,0,0.0,3,0.1920625,0,0.0,0,0.0,,,2001,2020,17,0.6181131892569995
Jamal Crawford,crawfja01,77,185.0,1980-03-20,Michigan,2003,2018,2000-10-31T00:00:00Z,False,16,NBA,"CHI, NYK, GSW, ATL, POR, LAC, MIN",SG,1178,419.0,30.769100169779286,5.415959252971137,13.186757215619695,0.41071198661001673,1.7707979626485568,5.093378607809847,0.3476666666666667,3.6451612903225805,8.093378607809846,0.45038808474931824,0.4778550276812154,3.025466893039049,3.50509337860781,0.8631629934608864,0.3769100169779287,1.9490662139219015,2.32597623089983,3.4915110356536503,0.9210526315789473,0.2037351443123939,1.9185059422750423,1.567062818336163,15.628183361629882,36246.0,6380,15534,2086.0,6000.0,4294.0,9534.0,3564,4129,444.0,2296.0,2740.0,4113,1085.0,240.0,2260.0,1846.0,18410,0.0,15.407995365005792,0.5303618606191027,0.38471574794460084,0.2677693814489875,1.3994206257242177,7.276626386359873,4.321265794846328,19.26852894112454,1.5491833581636594,0.5173481211719915,11.585992937151687,24.38314848535011,42.8,17.799999999999997,60.8,0.08079197704574298,1.5153009987308943,-1.399828946642388,0.11261656458643717,19.5,9.10090492744027,22.15214920267064,2.970951277382332,8.56621144402141,6.133098824697897,13.599782044915301,5.0836450918722065,5.893428240357557,0.627236108812007,3.279523257738785,3.9057992606080663,5.865654141146609,1.5491833581636594,0.34694862881421396,3.2321414776802957,2.6465513435965344,26.2633145726425,106.14145009104453,110.82764994758043,20.382745682282184,63.25920101528445,15.962257904320477,0.3564807151133918,0.0,-1.673141863929813,-1.7691772885283894,1178.0,574.0,790.0,200.0,1493.0,98.0,9087.0,336.0,514.0,17.007349776527064,0.13613750482811898,0.10987063400099321,0.1115032831208961,0.2581338630469569,0.38471574794460084,0.563626607073884,0.41153550736633004,0.41588616674943446,0.42336475749048175,0.28488578049991725,0.7484423384649341,0.006751034596921039,92.0,0.26327398885394254,0.3811653975611102,72.0,6.0,0,0,0,0.0,0.0,0.0,0,0,0,0,0,0,0,0,0,0,0,0.0,0,0.0,3,0.1920625,0,0.0,0,0.0,,,2001,2020,18,0.6152842520553993
Jamal Crawford,crawfja01,77,185.0,1980-03-20,Michigan,2004,2019,2000-10-31T00:00:00Z,False,16,NBA,"CHI, NYK, GSW, ATL, POR, LAC, MIN, PHO",SG,1162,388.0,30.52065404475043,5.352839931153184,13.049913941480206,0.41018201002374044,1.778829604130809,5.129087779690189,0.34681208053691276,3.5740103270223753,7.920826161790017,0.4512168622338114,0.4783368504352414,3.057659208261618,3.5370051635111874,0.8644768856447689,0.3709122203098107,1.9010327022375215,2.2719449225473323,3.449225473321859,0.8958691910499139,0.19535283993115318,1.914802065404475,1.544750430292599,15.542168674698795,35465.0,6220,15164,2067.0,5960.0,4153.0,9204.0,3553,4110,431.0,2209.0,2640.0,4008,1041.0,227.0,2225.0,1795.0,18060,0.0,15.281829973213027,0.5320063724799098,0.39207889468490065,0.27324996475398283,1.3867390384886507,7.177211335119132,4.263141125052869,19.021068659241504,1.5153531650923446,0.5055068377273368,11.665557591992105,24.383420273509092,41.3,16.7,58.2,0.0790127731566333,1.443707881009446,-1.4813308896094741,-0.04054137882419285,17.7,9.053886930776821,22.06241364725786,3.001587480614691,8.679782884534047,6.052099252784435,13.396779923868603,5.170283377978288,5.984686310446921,0.6232087974058932,3.2182771746792613,3.838302551811645,5.819097701959678,1.5153531650923446,0.33796137036514873,3.23990131115184,2.627534188636684,26.283290568165796,106.28881996334414,111.32169744818836,17.610489214718736,65.67122515155788,16.347920484985195,0.36433103059354294,0.0,-2.1672268433667,-2.6007021006626254,1175.0,559.0,759.0,195.0,1478.0,104.0,8873.0,335.0,499.0,17.17492739320457,0.13038119272522208,0.10736644579162555,0.11357749894261948,0.25687463696602286,0.39207889468490065,0.5630510080360919,0.4103442548991964,0.4172858874947131,0.42642591287184545,0.280941829973213,0.7417393486536021,0.0061133511913153814,82.0,0.2658820527280417,0.3798412801353447,71.0,6.0,0,0,0,0.0,0.0,0.0,0,0,0,0,0,0,0,0,0,0,0,0.0,0,0.0,3,0.19206250000000002,0,0.0,0,0.0,,,2001,2020,19,0.6079211053150995
Jamal Crawford,crawfja01,77,185.0,1980-03-20,Michigan,2005,2020,2000-10-31T00:00:00Z,False,16,NBA,"NYK, GSW, ATL, POR, LAC, MIN, PHO, BRK",SG,1083,315.0,30.15697137580794,5.275161588180978,12.788550323176361,0.4124909747292419,1.7571560480147739,5.0240073868882735,0.34975188384488143,3.518005540166205,7.7645429362880884,0.4530859793078844,0.4811913357400722,3.0960295475530932,3.5734072022160666,0.8664082687338501,0.3554939981532779,1.8208679593721144,2.1763619575253923,3.329639889196676,0.8587257617728532,0.18282548476454294,1.876269621421976,1.5096952908587258,15.403508771929825,32660.0,5713,13850,1903.0,5441.0,3810.0,8409.0,3353,3870,385.0,1972.0,2357.0,3606,930.0,198.0,2032.0,1635.0,16682,0.0,15.231916717697489,0.5359831598285364,0.39184730557256586,0.2810535211267606,1.359522351500306,6.97597366809553,4.155903245560318,18.30617575015309,1.464755052051439,0.48006736068585426,11.64323637477036,24.270750153092468,39.5,14.6,54.2,0.07995042865890999,1.4064482547458665,-1.5650428658909983,-0.16176362522963866,15.3,9.025336803429271,21.862954684629514,2.9940171463563994,8.593282302510715,6.022495407225964,13.276448254745867,5.295878750765462,6.119978567054501,0.5992712798530313,3.1159767299448866,3.7203980404164114,5.6777097366809555,1.464755052051439,0.323952847519902,3.2083129210042864,2.596445192896509,26.34451010410288,106.92510716472749,111.86702388242499,18.17620943049602,65.39102878138395,16.030587875076545,0.39562155541947336,0.0,-1.814479485609308,-3.0424586650336805,1070.0,507.0,695.0,178.0,1395.0,104.0,7989.0,320.0,453.0,17.148202694427436,0.12952936313533375,0.10901356399265155,0.11412274954072257,0.2557896203306797,0.39184730557256586,0.5683742804654011,0.40926567666870795,0.4219676056338028,0.42639001837109614,0.26874954072259644,0.7503712186160441,0.00534736680955297,62.0,0.2721921310471525,0.3935288120024495,66.0,5.0,0,0,0,0.0,0.0,0.0,0,0,0,0,0,0,0,0,0,0,0,0.0,0,0.0,3,0.1920625,0,0.0,0,0.0,,,2001,2020,20,0.6081526944274341
Mike Miller,millemi01,80,218.0,1980-02-19,Florida,2001,2016,2000-10-31T00:00:00Z,False,16,NBA,"ORL, MEM, MIN, WAS, MIA, MEM, CLE, DEN",SF,1012,570.0,27.33300395256917,3.9594861660079053,8.620553359683795,0.4593076570380559,1.5632411067193677,3.843873517786561,0.40668380462724935,2.3962450592885376,4.776679841897233,0.501654944145635,0.5499770747363595,1.33300395256917,1.7341897233201582,0.7686609686609687,0.6225296442687747,3.66403162055336,4.286561264822135,2.6126482213438735,0.5642292490118577,0.22628458498023715,1.5296442687747036,2.0098814229249014,10.815217391304348,27661.0,4007,8724,1582.0,3890.0,2425.0,4834.0,1349,1755,630.0,3708.0,4338.0,2644,571.0,229.0,1548.0,2034.0,10945,1.0,14.358125158164926,0.576589891905571,0.4592476049311305,0.19578666714869314,2.6530530349589676,15.641553089186942,9.11217237265464,15.80636997939337,1.0836448429196341,0.6394165069954088,14.309319981200968,18.205440873431908,39.2,21.6,60.599999999999994,0.10534557680488775,1.251509345287589,-0.40993456491088537,0.8412927949098008,19.7,7.582849499295037,16.513741368714076,3.003871877372474,7.365605003434438,4.584284733017606,9.156371786992516,2.540858971114566,3.3341455478833013,1.1852861429449404,7.026864538519937,8.199114276418062,5.011073352373377,1.0836448429196341,0.42713929359025343,2.9207873901883517,3.859365171179639,20.719066555800584,109.95383391779039,107.89989515924948,0.11836159213332852,31.25953508549944,63.842232746466145,4.807888362676692,0.013484689635226492,-0.4843859585698276,-0.1164780738223492,773.0,359.0,940.0,257.0,660.0,82.0,5952.0,192.0,371.0,16.78222406999024,0.2233131484761939,0.05489107407541304,0.04526513864285456,0.21763699793933694,0.4592476049311305,0.6526783558078161,0.36462365785763345,0.3052455804200861,0.41759845992552685,0.5426303098224937,0.9142718629116807,0.017791511514406565,151.0,0.17378847474783993,0.4145201908824699,1.0,0.0,2,0,0,0.0,0.0,0.0625,0,0,0,0,0,0,0,1,1,1,0,0.0,1,0.605,1,0.0509375,0,0.0,0,0.0,,,2001,2017,16,0.5407523950688695
Mike Miller,millemi01,80,218.0,1980-02-19,Florida,2002,2017,2000-10-31T00:00:00Z,False,16,NBA,"ORL, MEM, MIN, WAS, MIA, MEM, CLE, DEN",SF,950,508.0,26.76,3.84,8.317894736842105,0.4616552771450266,1.5178947368421052,3.7326315789473683,0.4066553863508178,2.3221052631578947,4.585263157894737,0.5064279155188246,0.552898000506201,1.3263157894736841,1.7147368421052631,0.7734806629834254,0.5957894736842105,3.666315789473684,4.262105263157895,2.6589473684210527,0.5494736842105263,0.22105263157894736,1.5410526315789475,1.94,10.52421052631579,25422.0,3648,7902,1442.0,3546.0,2206.0,4356.0,1260,1629,566.0,3483.0,4049.0,2526,522.0,210.0,1464.0,1843.0,9998,1.0,14.426862559987411,0.5799917001022736,0.46434300999134603,0.1993510345370152,2.6135866572260245,16.00842183935174,9.282774762017151,16.395260011014084,1.0792345212807806,0.6393242073794351,14.866741405082214,18.131386200928333,35.9,19.8,55.400000000000006,0.10476524270317047,1.2840453150814255,-0.3584572417591063,0.9252812524585005,18.700000000000003,7.52521831484541,16.301077806624185,2.9830343796711505,7.319624734481945,4.54795846117536,8.991007788529622,2.580178585477146,3.3681220989693963,1.1616237904177484,7.188171662339706,8.33620486193061,5.2125481866100225,1.0792345212807806,0.4271536464479584,3.0055503107544648,3.8122413657462038,20.623640940917316,110.06651718983558,108.20281645818582,0.12878609078750688,31.909763197230745,62.771457792463224,5.220478325859491,0.014672331051844859,-0.7869247108803399,-0.5100188812839275,743.0,331.0,846.0,242.0,615.0,82.0,5693.0,180.0,344.0,16.74524427661081,0.2285970812681929,0.054977539139328145,0.03975647077334592,0.2126170246243411,0.46434300999134603,0.6532840059790732,0.3697169774211313,0.2989429627881362,0.4129179844229407,0.5327144599166076,0.9117982062780269,0.018512351506569116,143.0,0.17284529147982064,0.41426925497600503,1.0,0.0,2,0,0,0.0,0.0,0.0,0,0,0,0,0,0,0,0,0,0,0,0.0,0,0.0,1,0.0509375,0,0.0,0,0.0,,,2001,2017,17,0.535656990008654
Richard Jefferson,jefferi01,79,233.0,1980-06-21,Arizona,2002,2017,2001-10-30T00:00:00Z,False,16,NBA,"NJN, MIL, SAS, GSW, UTA, DAL, CLE",SF,1161,809.0,29.397071490094746,4.425495262704565,9.539190353143841,0.46392776523702034,0.8957795004306632,2.378983634797588,0.3765387400434468,3.5297157622739017,7.160206718346253,0.49296282930350055,0.5108803611738149,3.0645994832041343,3.9896640826873386,0.7681347150259067,0.7881136950904393,3.2627045650301465,4.050818260120586,2.0645994832041343,0.6761412575366064,0.2980189491817399,1.5185185185185186,2.2618432385874248,12.811369509043928,34130.0,5138,11075,1040.0,2762.0,4098.0,8313.0,3558,4632,915.0,3788.0,4703.0,2397,785.0,346.0,1763.0,2626.0,14874,1.0,14.462754175212423,0.568125959566364,0.2698358335774978,0.4065501025490771,3.099531204219162,12.853984764137122,7.9680134778787,12.049232346908877,1.1996308233225899,0.7596454731907413,11.751549956050397,19.984646938177555,49.6,33.2,83.1,0.11663149721652506,0.40325813067682387,-0.1400351596835629,0.2641576325813068,19.4,7.893237620861411,17.02260474655728,1.5814561968942282,4.220445355991796,6.31568414884266,12.808869030178727,5.478092587166715,7.110767653091123,1.404148842660416,5.82111046000586,7.2170260767653085,3.6968795780837973,1.1996308233225899,0.5157515382361558,2.708244945795488,4.017447992968063,22.863744506299444,110.27421623205392,106.76261353647817,0.0,4.122238499853501,84.43170231467917,11.378200996191035,0.016642250219748023,1.2138675651919133,1.0833225900966892,728.0,503.0,1189.0,301.0,2013.0,139.0,5438.0,381.0,656.0,12.90604746557281,0.32207090536185173,0.09515505420451216,0.07547752710225607,0.23735388221506007,0.2698358335774978,0.6495915323762086,0.3439109288016408,0.36451084090243185,0.3908489012598887,0.6587908291825374,0.9349397304424261,0.0908729563433929,877.0,0.39284526809258713,0.3842959859361266,7.0,0.0,1,0,0,0.0031875000000000002,0.0,0.0390625,0,0,3,0,0,0,0,0,1,1,0,0.0,0,0.024,0,0.0,0,0.002875,0,0.0,,,2002,2018,16,0.7301641664225021
Richard Jefferson,jefferi01,79,233.0,1980-06-21,Arizona,2003,2018,2001-10-30T00:00:00Z,False,16,NBA,"NJN, MIL, SAS, GSW, UTA, DAL, CLE, DEN",SF,1102,800.0,29.379310344827587,4.428312159709619,9.538112522686026,0.4642755208828846,0.9337568058076225,2.4618874773139745,0.37928492443789164,3.4945553539019962,7.076225045372051,0.49384457553218775,0.5132242412710494,3.060798548094374,3.969147005444646,0.7711476909007773,0.7549909255898367,3.262250453720508,4.017241379310345,2.061705989110708,0.6560798548094374,0.2713248638838475,1.5072595281306715,2.201451905626134,12.851179673321234,32376.0,4880,10511,1029.0,2713.0,3851.0,7798.0,3373,4374,832.0,3595.0,4427.0,2272,723.0,299.0,1661.0,2426.0,14162,1.0,14.485087719298246,0.5703906597479614,0.28013340128490233,0.40335297751420807,2.984368050407709,12.879849271064986,7.9201816160118605,12.069662713120831,1.1669848035581913,0.6967383246849518,11.684537929330368,19.98373795404003,47.9,30.3,78.5,0.11616848900420065,0.4844576229305659,-0.20493884358784287,0.28050407709414377,18.5,7.900827773659501,17.0328144304423,1.6464696071163827,4.370848776871757,6.258472325179144,12.669038794168522,5.473020138374104,7.080256980479367,1.3470564615764764,5.822133679268594,7.16051087225105,3.6953206078576724,1.1669848035581913,0.4682295527551273,2.690808005930319,3.9082900914257475,22.952171361502348,110.62419693600198,107.14529280948851,0.0,4.301457870027181,83.67407956510996,11.9529280948851,0.017543859649122806,1.0458734865332346,1.2421114405732643,683.0,479.0,1107.0,283.0,1895.0,139.0,5172.0,354.0,604.0,13.06259883864591,0.31559102421546825,0.09719063503829999,0.0742130281690141,0.23275429330368175,0.28013340128490233,0.6537997281937237,0.3364161415863603,0.3683613787991104,0.38845771559179637,0.6596961020509019,0.9334569434148752,0.0883442055843835,814.0,0.3897925006177415,0.3896616320731406,7.0,0.0,1,0,0,0.0031875000000000002,0.0,0.0,0,0,3,0,0,0,0,0,0,0,0,0.0,0,0.0,0,0.0,0,0.002875,0,0.0,,,2002,2018,17,0.7198665987150975
Joe Johnson,johnsjo02,79,240.0,1981-06-29,Arkansas,2002,2017,2001-10-30T00:00:00Z,False,16,NBA,"BOS, PHO, ATL, BRK, MIA, UTA",SG,1221,1087.0,35.24078624078624,6.2866502866502865,14.217035217035217,0.4421913704706492,1.5872235872235871,4.247338247338248,0.37369841881989974,4.6994266994266995,9.969696969696969,0.47137106711574794,0.49801255832709257,2.2465192465192465,2.8034398034398036,0.801343850423605,0.8624078624078624,3.14004914004914,4.002457002457002,4.027846027846028,0.8624078624078624,0.2072072072072072,1.9672399672399672,1.7895167895167896,16.407043407043407,43029.0,7676,17359,1938.0,5186.0,5738.0,12173.0,2743,3423,1053.0,3834.0,4887.0,4918,1053.0,253.0,2402.0,2185.0,20033,2.0,15.657702944525782,0.5294850449696716,0.30077222338422926,0.1923570382765112,2.816537683887611,10.288965581352112,6.56047549327198,19.821366985056592,1.2707453113016802,0.44710544051686074,11.300957493783264,22.653645216017104,56.900000000000006,25.1,82.0,0.09137537474726347,1.574528806153989,-1.098705524181366,0.47154012410234963,26.9,9.374714727276952,21.22743266169328,2.3574240628413397,6.343036091937996,7.011782751167817,14.877136349903555,3.356257407794743,4.2032838318343435,1.2807106834925281,4.675451439726696,5.948611401612865,6.01270073671245,1.2707453113016802,0.3041925213228288,2.927446605777499,2.6619930744381697,24.498068744335214,107.34083989867298,109.92825768667643,3.323665434939227,54.07044086546283,39.619163819749474,2.919147551651212,0.0,0.7835343605475377,3.100230077389668,1110.0,757.0,877.0,246.0,1205.0,61.0,11275.0,256.0,630.0,14.754300587975553,0.15708461735108878,0.1922886657835413,0.12905714750517094,0.22090669083641265,0.30077222338422926,0.5929585163494386,0.49645418206325964,0.4280074136047782,0.38688702967765926,0.3123476492598016,0.8620718120337447,0.008823374933184596,138.0,0.3760224267354575,0.4030625392177369,50.0,3.0,0,0,7,0.0124375,0.019125,0.0,0,0,6,0,0,1,7,0,1,1,0,0.000125,0,0.0,0,0.000125,0,0.0026875000000000002,0,0.0,,,2002,2022,16,0.6992277766157707
Joe Johnson,johnsjo02,79,240.0,1981-06-29,Arkansas,2003,2018,2001-10-30T00:00:00Z,False,16,NBA,"PHO, ATL, BRK, MIA, UTA, HOU",SG,1199,1031.0,35.294412010008344,6.31442869057548,14.291075896580484,0.44184417858185,1.6180150125104253,4.337781484570475,0.3730051913093636,4.6964136780650545,9.953294412010008,0.47184514831573654,0.49845345783484096,2.2869057547956633,2.8482068390325272,0.8029282576866764,0.8273561301084237,3.177648040033361,4.005004170141785,4.021684737281068,0.8440366972477065,0.20016680567139283,1.9849874895746455,1.7831526271893245,16.53377814845705,42318.0,7571,17135,1940.0,5201.0,5631.0,11934.0,2742,3415,992.0,3810.0,4802.0,4822,1012.0,240.0,2380.0,2138.0,19824,2.0,15.617160546339619,0.5306917623706224,0.30720438111441944,0.19502812042157003,2.70618885580604,10.39143154213337,6.561775131149866,19.765693085684582,1.239585991776549,0.4326338673850371,11.340042062479322,22.762588024008696,55.5,24.5,80.0,0.09065388250862517,1.5784323455739875,-1.145498369488161,0.4285788553334278,26.0,9.395193534666099,21.28846590103502,2.4001630511838936,6.461990169667754,6.992277517841108,14.819093529939979,3.411250531688643,4.264620256155773,1.2287608110024102,4.712710903161775,5.93379413015738,5.988683302613545,1.239585991776549,0.29520771302991633,2.9475565953022356,2.646091497707831,24.63281818611466,107.31667375584857,110.12495864643887,3.379507538163429,53.44605132567702,39.162838508436124,3.9428848244245946,0.0,0.7349378515052697,2.91307481449974,1092.0,757.0,853.0,239.0,1201.0,65.0,11078.0,256.0,601.0,14.870367219622855,0.15056692187721538,0.19526832553523324,0.12886499834585757,0.21820655513020462,0.30720438111441944,0.5957893804055011,0.4968231485419916,0.4332162673094191,0.38582239236258803,0.29745368401153177,0.8602197410085544,0.007970414480835578,124.0,0.36928973486459665,0.40783701970792574,51.0,3.0,0,0,7,0.0124375,0.019125000000000003,0.0,0,0,6,0,0,1,7,0,0,0,0,0.000125,0,0.0,0,0.000125,0,0.0026875000000000002,0,0.0,,,2002,2022,17,0.6927956188855806
Joe Johnson,johnsjo02,79,240.0,1981-06-29,Arkansas,2004,2022,2001-10-30T00:00:00Z,False,16,NBA,"PHO, ATL, BRK, MIA, UTA, HOU, BOS",SG,1118,997.0,35.83631484794275,6.490161001788909,14.615384615384615,0.44406364749082006,1.6681574239713775,4.468694096601073,0.3732986389111289,4.822003577817531,10.146690518783542,0.47522919605077574,0.5011321909424724,2.366726296958855,2.943649373881932,0.8040109389243391,0.8363148479427549,3.2227191413237923,4.059033989266547,4.125223613595707,0.8497316636851521,0.19767441860465115,2.032200357781753,1.7844364937388193,17.01520572450805,40065.0,7256,16340,1865.0,4996.0,5391.0,11344.0,2646,3291,935.0,3603.0,4538.0,4612,950.0,221.0,2272.0,1995.0,19023,2.0,15.844412829152624,0.534018569824036,0.30995844253088733,0.1972150255834269,2.700773742668164,10.384802196430801,6.55929614376638,20.027308124298017,1.2304954449020342,0.42319231249220013,11.341729689254961,22.968693373268437,54.60000000000001,22.6,77.2,0.09239138899288656,1.7240808685885436,-1.1872607013602894,0.5322251341569948,25.6,9.513887432921504,21.445585922875328,2.4394508923000124,6.555210283289655,7.071528765755647,14.88257831024585,3.479253712716835,4.341213028828154,1.2246898789467116,4.707562710595282,5.924143267190814,6.049659303631598,1.2304954449020342,0.28929489579433415,2.972599525770623,2.6091551229252468,24.96798951703482,107.78939223761388,110.4137526519406,3.0629976288531138,52.11768376388369,40.582129040309496,4.164607512791713,0.0,0.708114314239361,3.0758866841382755,1046.0,722.0,804.0,228.0,1157.0,65.0,10618.0,249.0,558.0,14.868860601522526,0.14901537501559964,0.20045176588044428,0.12704989392237617,0.21364195682016723,0.30995844253088733,0.6027269437164607,0.502135330088606,0.4342762011730938,0.38685615874204415,0.2891906901285411,0.8530411581180581,0.00785578435043055,118.0,0.35848116810183456,0.40825775614626236,50.0,3.0,0,0,7,0.0124375,0.019125,0.0,0,0,6,0,0,1,7,0,0,0,0,0.000125,0,0.0,0,0.0,0,0.0026875000000000002,0,0.0,,,2002,2022,18,0.6900415574691127
Tony Parker,parketo01,74,185.0,1982-05-17,,2002,2017,2001-10-30T00:00:00Z,True,16,NBA,SAS,PG,1143,1130.0,31.675415573053368,6.4619422572178475,13.10498687664042,0.4930903264570399,0.4339457567804024,1.3254593175853018,0.32739273927392737,6.027996500437445,11.779527559055119,0.5117349970291146,0.5096468389078043,2.846894138232721,3.7821522309711284,0.7527180198935924,0.3674540682414698,2.447944006999125,2.8153980752405947,5.804024496937883,0.8783902012248469,0.07874015748031496,2.3814523184601923,1.709536307961505,16.20472440944882,36205.0,7386,14979,496.0,1515.0,6890.0,13464.0,3254,4323,420.0,2798.0,3218.0,6634,1004.0,90.0,2722.0,1954.0,18522,1.0,18.488225383234358,0.5464787736500483,0.10887156470100814,0.2863872945725728,1.375011738710123,8.741800856235328,5.159094047783455,32.291224968926954,1.4838254384753486,0.18135340422593565,14.016017124706533,25.195539290153295,64.8,44.3,108.89999999999999,0.14450912857340148,1.6304350227869078,-0.29409750034525617,1.3381494268747411,30.700000000000003,10.745101505316946,21.832078442204118,0.7141085485430189,2.200999861897528,10.036461814666483,19.617193757768263,4.740433641762189,6.311650324540809,0.6078165999171385,4.09072503797818,4.690794089214197,9.659809418588594,1.4838254384753486,0.1338737743405607,3.9625963264742436,2.845153984256318,26.990835519955805,108.66778069327441,104.52252451318878,97.88523684573954,2.158596878884132,0.0,0.0,0.0,8.152652948487779,2.370051097914653,1287.0,842.0,755.0,234.0,1718.0,100.0,15328.0,392.0,961.0,10.45290705703632,0.3487012014915067,0.18457978179809417,0.09032896008838558,0.26776061317497585,0.10887156470100814,0.6423469410302445,0.4481031625466096,0.3810196657920176,0.4108572572849054,0.2700153846153846,0.8715013119734842,0.0006517884270128435,8.0,0.45012531418312385,0.3724725314183123,5.0,0.0,4,1,6,0.013437500000000002,0.118625,0.0535625,0,0,5,0,3,4,13,1,1,1,0,0.0236875,0,0.0,0,0.0,0,0.0184375,0,0.0,,,2002,2019,16,0.8911284352989919
Tony Parker,parketo01,74,185.0,1982-05-17,,2003,2018,2001-10-30T00:00:00Z,True,16,NBA,SAS,PG,1121,1079.0,31.230151650312223,6.508474576271187,13.138269402319358,0.49538294405214556,0.39696699375557537,1.215878679750223,0.326485693323551,6.111507582515611,11.922390722569135,0.5126075570520015,0.5104902227050516,2.8554861730597683,3.783229259589652,0.7547748172600802,0.3514719000892061,2.4281891168599463,2.7796610169491527,5.793933987511151,0.8412132024977699,0.07493309545049064,2.354148082069581,1.6413916146297949,16.269402319357717,35009.0,7296,14728,445.0,1363.0,6851.0,13365.0,3201,4241,394.0,2722.0,3116.0,6495,943.0,84.0,2639.0,1840.0,18238,1.0,18.750721243108917,0.548199691507898,0.09632974378017083,0.2861313662201148,1.333317147019338,8.803853294867034,5.16146990773801,32.709437573195466,1.4383015795938188,0.1776571738695764,13.786863377988517,25.53726470336199,64.3,42.5,106.5,0.14625404895883917,1.7258562084035534,-0.37053043503099203,1.3541403639064242,29.799999999999997,10.961201405352908,22.166434345454025,0.6631437630323631,2.043277442943243,10.30371333085778,20.108797737724583,4.820031991773544,6.394395726813106,0.5859550401325374,4.106418349567253,4.690836642006341,9.759698934559685,1.4383015795938188,0.12549630095118397,3.9627467222714157,2.766288668628067,27.446767973949555,109.12042617612614,104.75809077665743,96.95641120854637,3.0889199920020567,0.0,0.0,0.0,8.093170327630038,2.6488045931046305,1240.0,830.0,698.0,226.0,1697.0,102.0,15048.0,394.0,941.0,10.305778514096374,0.3471241395069839,0.1895923619640664,0.09351366791396497,0.273595132680168,0.09632974378017083,0.6465316632865834,0.45924556542603334,0.3931732982947242,0.409267188437259,0.2723185180953469,0.8693621354508839,0.0005445456882515924,7.0,0.4790773229740923,0.37082907252420805,5.0,0.0,4,1,6,0.0134375,0.118625,0.0,0,0,5,0,3,4,13,0,0,0,0,0.0236875,0,0.0,0,0.0,0,0.0184375,0,0.0,,,2002,2019,17,0.9036702562198292
Tony Parker,parketo01,74,185.0,1982-05-17,,2004,2019,2001-10-30T00:00:00Z,True,16,NBA,"SAS, CHO",PG,1095,997.0,30.354337899543378,6.415525114155251,12.92054794520548,0.49653661294882667,0.34337899543378997,1.069406392694064,0.3210930828351836,6.072146118721461,11.851141552511416,0.5123680357555676,0.5098247102063896,2.806392694063927,3.721461187214612,0.7541104294478528,0.3424657534246575,2.3817351598173517,2.7242009132420093,5.726027397260274,0.8155251141552512,0.07945205479452055,2.297716894977169,1.5698630136986302,15.98082191780822,33238.0,7025,14148,376.0,1171.0,6649.0,12977.0,3073,4075,375.0,2608.0,2983.0,6270,893.0,87.0,2516.0,1719.0,17499,1.0,18.834433479752093,0.5476247367470968,0.08533594079066129,0.2862628617847043,1.33278175582165,8.893035080329742,5.1967146037667735,33.12864793308864,1.4282718575124858,0.19688308562488718,13.694548408448162,25.756242854564054,59.8,40.2,99.7,0.14419110656477524,1.6919188880197362,-0.3762199891690234,1.306104458752031,28.0,11.079890486792227,22.345944400986824,0.5830495216318671,1.8353330525302363,10.50279800228654,20.49850472350924,4.859104037547386,6.448793549551718,0.5882243215596606,4.132694506287984,4.710954329382033,9.888774896203142,1.4282718575124858,0.13289006558758049,3.9653829953667485,2.7167278416270535,27.64833624165112,109.11977254949154,105.19077561826825,95.79135327035321,4.2563932847945125,0.0,0.0,0.0,7.788543233648234,2.1190625188037786,1185.0,793.0,650.0,206.0,1672.0,105.0,14584.0,398.0,932.0,10.194382935194657,0.3502032011553042,0.18921370118539022,0.09636398098561887,0.27904648294121187,0.08533594079066129,0.6446287081051809,0.45359293579637766,0.401878121427282,0.4141932426740477,0.26958806185691075,0.8766728744208435,0.0003231843071183585,4.0,0.49423536313857624,0.37152488116011795,5.0,0.0,3,1,6,0.013437500000000002,0.1185,0.0,0,0,5,0,3,4,12,0,0,0,0,0.023687500000000004,0,0.0,0,0.0,0,0.0033125,0,0.0,,,2002,2019,18,0.9146640592093387
Zach Randolph,randoza01,81,250.0,1981-07-16,Michigan State,2002,2017,2001-10-30T00:00:00Z,False,16,NBA,"POR, NYK, LAC, MEM",PF,1057,825.0,31.322611163670768,6.693472090823084,14.201513718070009,0.4713210312437546,0.1400189214758751,0.5506149479659413,0.2542955326460481,6.553453169347209,13.650898770104067,0.48007484926190314,0.476250749450403,3.23841059602649,4.24314096499527,0.7632107023411371,3.010406811731315,6.271523178807947,9.281929990539263,1.8183538315988648,0.7492904446546831,0.2753074739829707,2.056764427625355,2.3746452223273415,16.765373699148533,33108.0,7075,15011,148.0,582.0,6927.0,14429.0,3423,4485,3182.0,6629.0,9811.0,1922,792.0,291.0,2174.0,2510.0,17721,1.0,19.43866135073094,0.5221350428899361,0.037174429140993115,0.29936166485441584,11.19210764769844,23.776268575570857,17.401854536667873,10.738667391566993,1.2684758970641539,0.6917693608795457,11.333686722242357,26.50977105231364,43.8,35.9,79.80000000000001,0.11546426845475415,1.5719463573758607,-1.3488824453304338,0.2234293826265556,18.6,11.349465386009422,24.0906306632838,0.23146973541138094,0.934191132052676,11.104518545366677,23.161761507792683,5.499915428295276,7.198326688413677,5.104581974145222,10.63301618944062,15.718240304458137,3.080835447625951,1.2684758970641539,0.4691373686118158,3.490364866497523,4.02005255527365,28.41250151020901,106.39833272924973,106.0731545245862,0.0,0.0,0.05394466594176634,75.4959224356651,24.571251661229915,-0.7023287422979341,2.6874894285369093,726.0,682.0,945.0,398.0,1959.0,68.0,4411.0,494.0,1280.0,8.212404856832185,0.3675864141597197,0.27806946961459467,0.12244312552857314,0.19468043977286456,0.037174429140993115,0.592582608433007,0.43258426966292135,0.3800556361000363,0.3918424549957714,0.4989478675848738,0.8245254017155974,0.010328470460311708,134.0,0.1655440981031775,0.2086381539205026,37.0,5.0,0,0,2,0.00025,0.01675,0.0,0,0,1,0,0,1,6,0,0,0,0,0.0,0,0.0,0,0.0060625,1,0.03925,0,0.0,,,2002,2018,16,0.9628255708590069
Zach Randolph,randoza01,81,250.0,1981-07-16,Michigan State,2003,2018,2001-10-30T00:00:00Z,False,16,NBA,"POR, NYK, LAC, MEM, SAC",PF,1075,883.0,31.97953488372093,6.872558139534884,14.573953488372092,0.4715644347992596,0.18511627906976744,0.6781395348837209,0.2729766803840878,6.687441860465117,13.895813953488371,0.48125585754451733,0.4779153635029042,3.2455813953488373,4.246511627906977,0.7642935377875137,3.0213953488372094,6.410232558139535,9.431627906976745,1.893953488372093,0.7693023255813953,0.2762790697674419,2.116279069767442,2.4186046511627906,17.175813953488372,34378.0,7388,15667,199.0,729.0,7189.0,14938.0,3489,4565,3248.0,6891.0,10139.0,2036,827.0,297.0,2275.0,2600.0,18464,1.0,19.362423643027515,0.5227348013264297,0.044267118506021295,0.2926991098958636,10.981165280121008,23.80598929547967,17.299278608412354,10.927703764035138,1.2719500843562745,0.6835330734772238,11.385772878003374,26.56320030251905,43.900000000000006,36.8,80.8,0.11262583629065098,1.5448077258711965,-1.3530804584327185,0.19207923672115895,19.1,11.386191750538135,24.15608237826517,0.2974896736284833,1.1146198149979638,11.075722846006165,23.04658793414393,5.391174588399559,7.048088894060155,5.012301471871546,10.62370993076968,15.612982139740534,3.135566350573041,1.2719500843562745,0.4587352376519867,3.508959218104602,4.002004188725348,28.44389144220141,106.19198324509861,106.3036244109605,0.0,0.0,0.05195182965850253,76.0708301820932,23.993862353830938,-1.2018529291989064,2.2965966606550703,775.0,718.0,983.0,405.0,2001.0,71.0,4672.0,510.0,1307.0,8.369623014718716,0.36107519343766364,0.27801628948746293,0.12243367851532956,0.19417022514398743,0.044267118506021295,0.593353220082611,0.4376134737332015,0.37781255454069457,0.39534731514340565,0.49429565419745186,0.8362201116993425,0.009690761533538891,130.0,0.16570126243527836,0.22181046017802084,38.0,5.0,0,0,2,0.00025,0.01675,0.0,0,0,1,0,0,1,6,0,0,0,0,0.0,0,0.0,0,0.0060625,1,0.03925,0,0.0,,,2002,2018,17,0.9557328814939786
Tyson Chandler,chandty01,84,235.0,1982-10-02,,2002,2017,2001-10-31T00:00:00Z,False,16,NBA,"CHI, NOK, NOH, CHA, DAL, NYK, DAL, PHO",C,1033,829.0,28.433688286544047,3.25459825750242,5.4791868344627295,0.5939929328621908,0.0,0.00968054211035818,0.0,3.25459825750242,5.469506292352372,0.5950442477876107,0.5939929328621908,2.2052274927395934,3.4085188770571153,0.64697529111048,3.1732817037754115,6.193610842207163,9.366892545982575,0.8431752178121975,0.5682478218780251,1.2362052274927395,1.4975798644724105,2.9235237173281705,8.714424007744434,29372.0,3362,5660,0.0,10.0,3362.0,5650.0,2278,3521,3278.0,6398.0,9676.0,871,587.0,1277.0,1547.0,3020.0,9002,0.0,16.382762494893097,0.6260686027509192,0.0019386830995505922,0.6270733351491217,12.671990330927414,25.115334332016886,18.827676017976305,4.593718507422035,1.0367799264605748,3.4344443687865995,17.761047936810566,13.529007217758409,53.2,43.3,96.80000000000001,0.15815252621544326,-0.21520155249897874,0.4934938036224977,0.25924690181124876,16.700000000000003,5.96537859185619,10.04642516682555,0.0,0.0026623995642108132,5.96537859185619,10.025303009669072,4.042530300966908,6.252550047664443,5.816229742612011,11.302291297834673,17.124799128421625,1.5386013890780337,1.0367799264605748,2.2565776930409918,2.734427345771483,5.347844886286259,15.953312678741657,118.63277951790822,102.73079803894866,0.0,0.0,0.12120386762903446,11.905454174043307,88.16737028462481,1.0369773934359254,2.1505140950565163,422.0,368.0,1438.0,442.0,1563.0,121.0,1963.0,351.0,396.0,2.876818058014435,0.7457097235462345,0.15802417268146537,0.047970754460029956,0.04662930682282446,0.0019386830995505922,0.6777216056107858,0.3519145104180853,0.31750170230151165,0.22107517363475418,0.6521222933405965,0.0,0.3114505651641019,1622.0,0.03508443415497753,0.0,4.0,0.0,1,0,1,0.0999375,0.011000000000000001,0.0066875,1,3,6,0,0,1,6,0,0,1,0,0.0,0,0.0,0,0.0003125,0,0.00825,1,0.043187500000000004,,,2002,2020,16,0.9980613169004494
Tyson Chandler,chandty01,84,235.0,1982-10-02,,2003,2018,2001-10-31T00:00:00Z,False,16,NBA,"CHI, NOK, NOH, CHA, DAL, NYK, DAL, PHO",C,1008,844.0,28.90277777777778,3.3055555555555554,5.499007936507937,0.6011185278729929,0.0,0.00992063492063492,0.0,3.3055555555555554,5.489087301587301,0.6022049521055485,0.6011185278729929,2.1845238095238093,3.365079365079365,0.6491745283018868,3.2718253968253967,6.401785714285714,9.67361111111111,0.8630952380952381,0.5704365079365079,1.2013888888888888,1.4950396825396826,2.923611111111111,8.795634920634921,29134.0,3332,5543,0.0,10.0,3332.0,5533.0,2202,3392,3298.0,6453.0,9751.0,870,575.0,1211.0,1507.0,2947.0,8866,0.0,16.457805313379556,0.6312905196677422,0.001954520491521933,0.6170273563534016,12.814107228667536,25.435305828241916,19.061381890574587,4.582096519530445,1.0204606301915287,3.2991830850552617,17.775997116770785,13.26687718816503,54.7,42.699999999999996,97.70000000000002,0.16087385872176835,-0.09123361021486927,0.48335621610489465,0.3729216722729456,17.4,5.935123910208005,9.88360678245349,0.0,0.0026841491041394933,5.935123910208005,9.862312075238552,3.92722248918789,6.052457609665682,5.875207661151919,11.44602183016407,17.32755886592984,1.5379659504359167,1.0204606301915287,2.1516029381478687,2.674363286881307,5.241164961900186,15.786050662456237,119.74133315027116,102.94930321960595,0.0,0.0,0.026841491041394935,9.546715178142376,90.57438044895997,0.985062126724789,1.9657925447930251,409.0,350.0,1391.0,438.0,1504.0,125.0,1965.0,333.0,381.0,2.753888927026841,0.7568861124459394,0.1540191528797968,0.044030926065765086,0.0433446488638704,0.001954520491521933,0.6824406192077984,0.3484832498112172,0.34315421843893734,0.22246766664378387,0.6488377840324019,0.0,0.3184957438044896,1617.0,0.035371044140866344,0.0,4.0,0.0,1,0,1,0.0999375,0.011000000000000001,0.0,1,3,6,0,0,1,6,0,0,0,0,0.0,0,0.0,0,0.0003125,0,0.00825,1,0.043187500000000004,,,2002,2020,17,0.9980454795084781
Tyson Chandler,chandty01,84,235.0,1982-10-02,,2004,2019,2001-10-31T00:00:00Z,False,16,NBA,"CHI, NOK, NOH, CHA, DAL, NYK, DAL, PHO, LAL",C,988,782.0,28.524291497975707,3.174089068825911,5.220647773279352,0.6079875920899573,0.0,0.011133603238866396,0.0,3.174089068825911,5.209514170040486,0.6092869632795803,0.6079875920899573,2.1012145748987856,3.2267206477732793,0.6511919698870765,3.2601214574898787,6.399797570850202,9.65991902834008,0.8410931174089069,0.5657894736842105,1.1417004048582995,1.4311740890688258,2.8714574898785425,8.449392712550607,28182.0,3136,5158,0.0,11.0,3136.0,5147.0,2076,3188,3221.0,6323.0,9544.0,831,559.0,1128.0,1414.0,2837.0,8348,0.0,16.33720459868001,0.6355479738840394,0.002331026896600667,0.6262001632247536,12.917390532964305,25.744571002767724,19.268621815343128,4.460602512241856,1.0242566176992407,3.206656731246895,17.929607550919027,12.805549641615215,53.8,41.8,95.9,0.1632352210630899,-0.11304378681427871,0.51155702221276,0.37866368604073525,16.900000000000002,5.771307927045632,9.500365481513022,0.0,0.005879639486196863,5.771307927045632,9.475246611312185,3.819572776949826,5.86813923781137,5.921116315378612,11.56088992974239,17.488549428713362,1.5158753814491517,1.0242566176992407,2.067056986729118,2.586661698956781,5.199460648640977,15.347278404655453,120.76985309772195,103.10283159463488,0.0,0.0,0.02774820807607693,7.6650344191327795,92.46015186998794,1.5290185224611454,2.457334468809879,376.0,303.0,1347.0,433.0,1415.0,127.0,1891.0,306.0,346.0,2.617830530125612,0.770677347242921,0.14966162798949684,0.035729188843942945,0.04174824355971897,0.002331026896600667,0.6840049322262437,0.34615233127528217,0.330759527357888,0.222203285785253,0.6472125824994679,0.0,0.32945337449435813,1563.0,0.036565893123270174,0.0,4.0,0.0,1,0,1,0.0999375,0.011000000000000001,0.0,1,3,6,0,0,1,6,0,0,0,0,0.0,0,0.0,0,0.0003125,0,0.00825,1,0.043187500000000004,,,2002,2020,18,0.9976689731033993
Tyson Chandler,chandty01,84,235.0,1982-10-02,,2005,2020,2001-10-31T00:00:00Z,False,16,NBA,"CHI, NOK, NOH, CHA, DAL, NYK, DAL, PHO, LAL, HOU",C,979,779.0,28.21144024514811,3.1491317671092953,5.125638406537283,0.614388202471104,0.0,0.010214504596527068,0.0,3.1491317671092953,5.115423901940756,0.6156150159744409,0.614388202471104,2.0459652706843716,3.1491317671092953,0.6496918585793059,3.2318692543411642,6.308478038815117,9.540347293156282,0.8314606741573034,0.5597548518896833,1.1164453524004085,1.4136874361593463,2.8416751787538304,8.344228804902961,27619.0,3083,5018,0.0,10.0,3083.0,5008.0,2003,3083,3164.0,6176.0,9340.0,814,548.0,1093.0,1384.0,2782.0,8169,0.0,16.353810782432383,0.6398335204026213,0.0022086607045874217,0.623539483688765,12.959987689633948,25.661888554980266,19.251555088888082,4.446207321047105,1.0242984901698107,3.1805170353741987,18.06171114088128,12.712103986386182,53.4,40.9,94.60000000000001,0.16431702813280713,-0.07650530431949024,0.5222129693327058,0.4254534921611933,16.900000000000002,5.7853289402223105,9.426861942865418,0.0,0.0031681089105326044,5.7853289402223105,9.401231036605237,3.757677685651182,5.785488250841813,5.92811470364604,11.511615192439987,17.445613526919875,1.514613128643325,1.0242984901698107,2.0405626561425105,2.5820847966979255,5.195148267497013,15.315159853723886,121.35750751294398,103.26575907889496,0.0,0.0,0.0,6.065824251421123,94.09022774177197,1.9004127593323434,2.6547738875411855,365.0,294.0,1325.0,422.0,1372.0,129.0,1855.0,297.0,328.0,2.515243129729534,0.7801596364821318,0.14554900611897606,0.033597813099677756,0.03866363735109889,0.0022086607045874217,0.6894221731416778,0.3447143270936674,0.3304234403852421,0.21384999456895618,0.6511471812882436,0.0,0.33761627864875626,1558.0,0.0373112712263297,0.0,3.0,0.0,1,0,1,0.0999375,0.011,0.0,1,3,6,0,0,1,6,0,0,0,0,0.0,0,0.0,0,0.0003125,0,0.00825,1,0.043187500000000004,,,2002,2020,19,0.9977913392954124
Pau Gasol,gasolpa01,84,250.0,1980-07-06,,2002,2017,2001-11-01T00:00:00Z,True,16,NBA,"MEM, LAL, CHI, SAS",C/PF,1119,1081.0,34.69973190348526,6.837354781054513,13.411974977658623,0.5097947761194029,0.1161751563896336,0.3154602323503128,0.36827195467422097,6.721179624664879,13.09651474530831,0.5132036847492324,0.5141257995735607,4.083109919571045,5.41733690795353,0.7537116463213461,2.6219839142091153,6.805183199285076,9.42716711349419,3.2484361036639857,0.515638963360143,1.6505808757819482,2.246648793565684,2.2180518319928506,17.873994638069703,38829.0,7651,15008,130.0,353.0,7521.0,14655.0,4569,6062,2934.0,7615.0,10549.0,3635,577.0,1847.0,2514.0,2482.0,20001,9.0,21.53040768497772,0.5668107342450229,0.023246877333951428,0.40591156094671504,8.631146823250663,21.715794895567747,15.263243967137964,16.503221818743725,0.7634242447655103,3.5244507970846533,12.424504880372918,23.535921604985965,86.7,50.400000000000006,136.79999999999998,0.16940317803703417,2.880375492544232,0.7151484715032579,3.5648407118390897,54.599999999999994,10.226124803626156,20.063954776069433,0.17057869118442404,0.4725617450874346,10.05787169383708,19.616642200417214,6.126663061114116,8.142432202735069,3.9266321563779645,10.169399160421333,14.088439053284915,4.862020654665328,0.7634242447655103,2.4732081691519223,3.371884416286796,3.325478379561668,26.761868706379254,113.4041051791187,103.8889747353782,0.0,0.0,0.0,33.19936130211955,67.03677663601947,2.3265677715109843,3.669986350408201,1118.0,951.0,1376.0,202.0,2474.0,132.0,8428.0,581.0,1169.0,7.5763398490818705,0.35904996265677713,0.30828733678436226,0.15183352648793427,0.15801766720749955,0.023246877333951428,0.6560638440340982,0.4382342321460764,0.40815995776352726,0.42549123078111717,0.596666743928507,0.9145558216796724,0.09718898246156223,1344.0,0.3885151304437405,0.33374294985706554,4.0,0.0,2,0,6,0.0039375,0.0894375,0.0625,0,0,4,0,2,4,13,1,1,1,0,0.0,1,0.929,0,0.0,0,0.00075,0,0.0,,,2002,2019,16,0.9767531226660486
Pau Gasol,gasolpa01,84,250.0,1980-07-06,,2003,2018,2001-11-01T00:00:00Z,True,16,NBA,"MEM, LAL, CHI, SAS",C,1114,1065.0,33.782764811490125,6.631059245960503,13.079892280071814,0.5069658911536614,0.15439856373429084,0.42010771992818674,0.36752136752136755,6.476660682226212,12.659784560143626,0.5115932780259519,0.5128680255301626,3.9398563734290843,5.201077199281867,0.7575077666551605,2.535906642728905,6.833931777378815,9.36983842010772,3.276481149012567,0.5026929982046678,1.5771992818671454,2.1526032315978454,2.1615798922800717,17.356373429084382,37634.0,7387,14571,172.0,468.0,7215.0,14103.0,4389,5794,2825.0,7613.0,10438.0,3650,560.0,1757.0,2398.0,2408.0,19335,10.0,21.56599085932933,0.5655364829675295,0.032781793059467504,0.39903810384227034,8.577637242918637,22.405208056544613,15.58404634107456,16.89238986023277,0.7654381676143912,3.4980815220279533,12.251243556358613,23.459714619758728,84.6,50.900000000000006,135.2,0.17276975607163736,2.9242068342456293,0.8133576021682521,3.7059068927034065,54.300000000000004,10.160979433490992,20.05747728118191,0.23377265238879735,0.6384652176223627,9.937596322474358,19.432258064516127,6.061638412074188,8.009068927034065,3.8890630812563107,10.464787160546315,14.346016899612053,5.022567359302758,0.7654381676143912,2.417962480735505,3.311781899346336,3.3231120795025775,26.638130413987348,113.76829462719881,103.70925227188181,0.0,0.0,0.0,34.253547324228094,65.99008874953499,2.926462773024393,2.822269756071637,1100.0,887.0,1361.0,188.0,2372.0,134.0,8469.0,546.0,1100.0,7.921424775468991,0.34827092522718817,0.3002681883403306,0.15385234096827335,0.16517965137907215,0.032781793059467504,0.6527612796938939,0.43946968167082956,0.41504671307859914,0.4277162672051868,0.5929491417335389,0.911842695434979,0.08820186533453792,1189.0,0.41649981399798053,0.3603736249136419,4.0,0.0,2,0,6,0.0039375,0.0890625,0.0,0,0,4,0,2,4,12,0,0,0,0,0.0,0,0.0,0,0.0,0,0.00075,0,0.0,,,2002,2019,17,0.9672182069405323
Pau Gasol,gasolpa01,84,250.0,1980-07-06,,2004,2019,2001-11-01T00:00:00Z,True,16,NBA,"MEM, LAL, CHI, SAS, MIL",C,1062,989.0,33.0,6.459510357815443,12.758003766478343,0.5063104288139346,0.16666666666666666,0.4435028248587571,0.37579617834394907,6.292843691148776,12.314500941619587,0.511010857929347,0.5128422761827441,3.7674199623352167,4.9613935969868175,0.7593471246915924,2.5,6.779661016949152,9.279661016949152,3.2702448210922785,0.5,1.5291902071563088,2.0725047080979286,2.0875706214689265,16.853107344632768,35046.0,6860,13549,177.0,471.0,6683.0,13078.0,4001,5269,2655.0,7200.0,9855.0,3473,531.0,1624.0,2201.0,2217.0,17898,10.0,21.588851794784,0.564785710209439,0.03586309421902642,0.39031763967357186,8.657410260800091,22.737099811676085,15.794053529646748,17.192016207270445,0.7786823032585743,3.5063516521143643,12.14875592078982,23.325118415796386,78.60000000000001,49.4,127.79999999999998,0.1753784454716658,2.9737716144495807,0.9202277007361754,3.860003994749758,52.0,10.128696570221996,20.020381783941108,0.2592535524738914,0.6872795754151687,9.880599783142156,19.347326371055182,5.93423785881413,7.8232066426981675,3.921069451577926,10.61448952804885,14.535558979626774,5.128896307709867,0.7786823032585743,2.398356445814073,3.267705301603607,3.2805113279689553,26.472150887405125,114.10820065057354,103.54009016720882,0.0,0.0,0.0,32.57712720424585,67.68450037094105,3.3015037379444165,2.6268019174798836,1042.0,797.0,1259.0,160.0,2160.0,135.0,8066.0,487.0,1012.0,8.10240541003253,0.34549061233807,0.29574835929920684,0.15401355361524854,0.16926333961079726,0.03586309421902642,0.6494510643154711,0.43911151058608683,0.41664281230382927,0.4323859498944245,0.5956402442504136,0.9053326485190892,0.08271828454031843,1041.0,0.4159822518975061,0.3869857045026537,3.0,0.0,2,0,6,0.0039375,0.08825,0.0,0,0,4,0,2,4,11,0,0,0,0,0.0,0,0.0,0,0.0,0,0.00075,0,0.0,,,2002,2019,18,0.9641369057809736
Manu Ginóbili,ginobma01,78,205.0,1977-07-28,,2003,2018,2002-10-29T00:00:00Z,True,16,NBA,SAS,SG,1057,349.0,25.410596026490065,4.336802270577105,9.708609271523178,0.44669655038004286,1.4143803216650899,3.8363292336802273,0.3686806411837238,2.922421948912015,5.872280037842952,0.49766392782342517,0.5195381017345546,3.197729422894986,3.8684957426679283,0.82660797260944,0.6480605487228004,2.8495742667928097,3.4976348155156103,3.7852412488174076,1.316934720908231,0.30179754020813626,2.0018921475875118,2.0927152317880795,13.285714285714286,26859.0,4584,10262,1495.0,4055.0,3089.0,6207.0,3380,4089,685.0,3012.0,3697.0,4001,1392.0,319.0,2116.0,2212.0,14043,0.0,20.2199411742805,0.5803527681596485,0.3941561860084143,0.3983993074946945,3.0297888975762315,12.714728768755354,7.976324509475408,24.525939163781228,2.7231095722104324,0.8750884247365873,15.032972188093376,24.492144160244237,58.900000000000006,47.599999999999994,106.5,0.19012241706690494,2.954886630179828,2.0375665512491157,4.9979075914963325,47.5,8.992430842548123,20.091503778994003,2.9261625525894486,7.934986410514166,6.067832011616217,12.183137868126142,6.641714136788414,8.0467627238542,1.3487955620090102,5.904627871476973,7.253832979634387,7.803842287501397,2.7231095722104324,0.6305111880561449,4.132659443761868,4.344867642131129,27.535306601139286,112.22208570683942,100.42801295655087,1.4378048326445512,74.47983916005808,23.67437358055028,0.43039577050523103,0.0,10.236393760005958,6.50690271417402,1319.0,495.0,805.0,160.0,1476.0,314.0,9022.0,332.0,538.0,13.851848542388028,0.2927832011616218,0.1383219777355821,0.07720685803641238,0.09749957183811758,0.3941561860084143,0.6211487769462749,0.40523362746193076,0.3874130459064001,0.3288932573811385,0.3994884396291746,0.8110751331024982,0.018039353661714882,159.0,0.21001280762500465,0.3881858594884396,33.0,0.0,4,0,2,0.027375000000000003,0.026625,0.0424375,0,0,8,0,0,2,7,0,1,1,0,0.0016250000000000001,0,0.009,1,0.1416875,0,0.0003125,0,0.0001875,,,2003,2018,16,0.6058438139915857
Nenê,hilarne01,83,250.0,1982-09-13,,2003,2018,2002-10-30T00:00:00Z,False,16,NBA,"DEN, WAS, HOU",C,923,624.0,26.750812567713975,4.458288190682556,8.131094257854821,0.5483011325782812,0.007583965330444204,0.05417118093174431,0.14,4.450704225352113,8.076923076923077,0.5510395707578806,0.5487674883411059,2.7313109425785482,4.135427952329361,0.6604663348179198,1.7919826652221018,4.388949079089924,6.180931744312026,1.8342361863488623,1.1083423618634887,0.7648970747562297,1.8169014084507042,3.084507042253521,11.655471289274105,24691.0,4115,7505,7.0,50.0,4108.0,7455.0,2521,3817,1654.0,4051.0,5705.0,1693,1023.0,706.0,1677.0,2847.0,10758,0.0,17.17611275363493,0.5879685715442874,0.006460491677129318,0.5165512534931757,7.638163703373698,18.625883925316916,13.155105099023936,11.310858207444008,2.0936252075655095,2.2011502166781414,15.418630270138918,19.52087400267304,36.400000000000006,35.5,71.80000000000001,0.13971459236158926,-0.16263820825401967,1.1983192256287716,1.0283585111984122,18.800000000000004,8.445518610019846,15.420529747681343,0.004851970353570127,0.09832732574622333,8.434348548053947,15.317455753108419,5.1859665465149245,7.833206431493257,3.4103195496334697,8.319002875541695,11.708023166335911,3.4998501478271438,2.0936252075655095,1.452869466607266,3.4611396865254545,5.849325665222146,22.0979790206958,110.76027702401684,103.0735085658742,0.0,0.0,0.010773156210765055,27.915313272042443,72.10461301688875,4.171163581871937,5.863265967356527,557.0,478.0,1246.0,359.0,1758.0,179.0,3813.0,451.0,634.0,5.553663278117533,0.5702164756388968,0.17116179984609778,0.11239799927098944,0.14004673767769635,0.006460491677129318,0.6866136243975538,0.3810215463124215,0.3695054473289862,0.3559801952128306,0.699998460977684,0.3747114333157831,0.18127422947632743,1212.0,0.1718925114414159,0.0,6.0,0.0,0,0,0,0.00425,0.0017499999999999998,0.044625,0,0,4,0,0,0,2,1,1,1,0,0.0,0,0.003,0,0.0,0,0.006562500000000001,0,0.0,,,2003,2019,16,0.9935395083228707
Nenê,hilarne01,83,250.0,1982-09-13,,2004,2019,2002-10-30T00:00:00Z,False,16,NBA,"DEN, WAS, HOU",C,885,573.0,25.964971751412428,4.3548022598870055,7.911864406779661,0.5504141673807483,0.007909604519774011,0.05649717514124294,0.14,4.346892655367232,7.855367231638418,0.5533659378596087,0.5509140245644102,2.6610169491525424,3.9807909604519773,0.6684643769514618,1.6723163841807909,4.35819209039548,6.030508474576271,1.7740112994350283,1.032768361581921,0.7412429378531074,1.7028248587570622,2.9819209039548022,11.378531073446327,22979.0,3854,7002,7.0,50.0,3847.0,6952.0,2355,3523,1480.0,3857.0,5337.0,1570,914.0,656.0,1507.0,2639.0,10070,0.0,17.22527525131642,0.5913361765089865,0.0070682797336698725,0.5105156447190913,7.3641368205753075,18.94733017102572,13.184259541320335,11.116306192610644,1.9928325862744243,2.193785630358153,14.866356238304538,19.41570564428391,35.9,32.3,68.19999999999999,0.14253209452108448,-0.14032377388049966,1.122281213281692,0.974089385961095,17.2,8.466064667740111,15.391692414813527,0.005213455763958397,0.10295487183950565,8.454062404804388,15.286013316506375,5.186853213803908,7.7304887070803785,3.256564689499108,8.480338569998695,11.71401714608991,3.471325993298229,1.9928325862744243,1.4446059445580748,3.3300578789329385,5.792432220723269,22.141520518734495,112.0846860176683,103.63836546411942,0.0,0.0,0.011575786587754036,29.700291570564428,70.32111928282345,5.3009008224900995,5.69303712084947,497.0,439.0,1184.0,320.0,1647.0,186.0,3564.0,433.0,564.0,5.769533051916968,0.5612897428086514,0.16768553897036426,0.11761830366856696,0.14654449714957135,0.0070682797336698725,0.6930038295835328,0.3827882414378346,0.3712425693024066,0.37287405892336484,0.70894721267244,0.4026284868793246,0.17454545454545456,1093.0,0.1846989860307237,0.0,5.0,0.0,0,0,0,0.0031875000000000002,0.0017499999999999998,0.0,0,0,3,0,0,0,2,0,0,0,0,0.0,0,0.0,0,0.0,0,0.006562500000000001,0,0.0,,,2003,2019,17,0.9929317202663301
Udonis Haslem,hasleud01,80,235.0,1980-06-09,Florida,2004,2019,2003-10-28T00:00:00Z,False,16,NBA,MIA,PF,854,499.0,25.19672131147541,3.0901639344262297,6.3103044496487115,0.4897012432733346,0.00468384074941452,0.06440281030444965,0.07272727272727272,3.085480093676815,6.245901639344262,0.4940007499062617,0.49007236964186307,1.4391100702576112,1.905152224824356,0.7553779963122311,1.8805620608899298,4.838407494145199,6.7189695550351285,0.8524590163934426,0.49414519906323184,0.29156908665105385,0.9402810304449649,2.3852459016393444,7.624121779859485,21518.0,2639,5389,4.0,55.0,2635.0,5334.0,1229,1627,1606.0,4132.0,5738.0,728,422.0,249.0,803.0,2037.0,6511,0.0,12.986857514638908,0.5333498466400223,0.009920438702481644,0.3012839947950553,9.031610744492983,22.335003253090434,15.808778696904916,5.400469374477182,1.0397202342225114,0.9214796914211358,11.710330885770054,15.080355981039128,23.299999999999997,27.599999999999998,50.8,0.11315233757784181,-1.413825634352635,-0.5267125197509062,-1.9530114322892462,0.30000000000000016,6.5061158100195176,13.29291755739381,0.009382842271586578,0.1303373919509248,6.496732967747931,13.164392601542895,3.0403847941258477,4.01551724137931,3.956924435356446,10.183939027790688,14.160744492982618,1.7968584440933173,1.0397202342225114,0.6227530439631936,1.9777070359698858,5.031192490008365,16.08174086811042,109.50673854447439,104.38242401710197,0.0,0.0,10.625476345385259,78.85430802119156,10.633469653313504,1.9234687238590948,0.4078724788549123,303.0,246.0,1010.0,140.0,660.0,197.0,1670.0,141.0,356.0,9.869411655358304,0.35333790315085045,0.09664699321498281,0.2108403197323171,0.32944697462589456,0.009920438702481644,0.6541230132911982,0.36384784831304023,0.39817864113765217,0.4102730737057348,0.7744650989868948,0.06166930012082907,0.06930039966539642,321.0,0.08591890510270472,0.012380146853796821,5.0,0.0,3,0,0,0.00625,0.0,0.0234375,0,0,3,0,0,0,0,0,1,1,0,0.0,0,0.0,0,0.0005,0,0.001625,0,0.0005,,,2004,2023,16,0.9900795612975183
Udonis Haslem,hasleud01,80,235.0,1980-06-09,Florida,2005,2020,2003-10-28T00:00:00Z,False,16,NBA,MIA,PF,783,476.0,25.245210727969347,3.1136653895274584,6.325670498084291,0.49222693317181504,0.006385696040868455,0.070242656449553,0.09090909090909091,3.10727969348659,6.255427841634738,0.4967333605553287,0.49273167777104787,1.3946360153256705,1.8492975734355044,0.7541436464088398,1.8109833971902938,4.933588761174968,6.744572158365262,0.8659003831417624,0.49680715197956576,0.28735632183908044,0.9323116219667944,2.3575989782886335,7.628352490421456,19767.0,2438,4953,5.0,55.0,2433.0,4898.0,1092,1448,1418.0,3863.0,5281.0,678,389.0,225.0,730.0,1846.0,5973,0.0,12.907659230029848,0.5343302979713664,0.010771234886426874,0.2916421308241008,8.738660393585269,22.697065816765317,15.855896190620731,5.441017858046239,1.0410127991096272,0.9032174836849295,11.646967167501392,15.012156624677493,20.6,25.6,46.0,0.11164344614761978,-1.4520868113522538,-0.49520412809227504,-1.9608691253098598,0.20000000000000007,6.529225476804776,13.262599281631001,0.012662518338645217,0.14014772094905653,6.51656295846613,13.124424545960439,2.9265796529569483,3.872489502706531,3.792280062730814,10.3420549400516,14.146896342388828,1.8131835888096322,1.0410127991096272,0.6143522031668943,1.9555673597409824,4.94693175494511,16.019406080841804,109.52491526281176,104.6090453786614,0.0,0.0,8.297617240855972,80.2921029999494,11.533566044417464,2.0320635402438407,0.46589770830171506,276.0,220.0,927.0,123.0,578.0,199.0,1549.0,123.0,297.0,10.076673243284262,0.34621849547225175,0.09056012546162798,0.21344397227702736,0.339127282845146,0.010771234886426874,0.6585014923863003,0.3636915566347954,0.40702499114686097,0.41011109424798914,0.7868143876157231,0.06935802094399757,0.06937598016896848,293.0,0.0632907370870643,0.013476804775636161,4.0,0.0,3,0,0,0.00625,0.0,0.0,0,0,3,0,0,0,0,0,0,0,0,0.0,0,0.0,0,0.0005,0,0.001625,0,0.0005,,,2004,2023,17,0.989228765113573
Udonis Haslem,hasleud01,80,235.0,1980-06-09,Florida,2006,2021,2003-10-28T00:00:00Z,False,16,NBA,MIA,PF,704,396.0,24.282670454545453,2.9744318181818183,6.127840909090909,0.4853963838664812,0.007102272727272727,0.07244318181818182,0.09803921568627451,2.9673295454545454,6.0553977272727275,0.49003049495660334,0.48597589244320816,1.2982954545454546,1.7372159090909092,0.7473426001635323,1.6747159090909092,4.796875,6.471590909090909,0.8096590909090909,0.4630681818181818,0.26136363636363635,0.8764204545454546,2.252840909090909,7.254261363636363,17095.0,2094,4314,5.0,51.0,2089.0,4263.0,914,1223,1179.0,3377.0,4556.0,570,326.0,184.0,617.0,1586.0,5107,0.0,12.509330213512722,0.5260138637028371,0.011515940333430829,0.28230272009359464,8.398923661889441,23.059105001462417,15.865212050307107,5.305650775080433,1.0159520327581164,0.8722667446621819,11.401906990348055,15.032354489616846,15.399999999999999,21.6,36.8,0.10335805791167008,-1.70611874817198,-0.6183211465340743,-2.324492541678853,-1.4000000000000001,6.4915179877157065,13.354115238373794,0.014641708101784149,0.1464053816905528,6.476876279613923,13.209991225504535,2.8363381105586427,3.7892658672126354,3.6495758993857854,10.459268792044458,14.12336940625914,1.7679847908745245,1.0159520327581164,0.5851945013161743,1.9169757238958758,4.922111728575607,15.84347470020474,108.21462415911085,105.01842644047967,0.0,0.0,9.594559812810763,77.50710734132787,13.040889148873939,1.015671248903188,-0.02854635858438124,227.0,185.0,816.0,110.0,481.0,200.0,1315.0,99.0,263.0,10.401368821292776,0.3237467680608365,0.0959521497513893,0.21465908160280783,0.35426610119918106,0.011515940333430829,0.65801398069611,0.37703661889441353,0.4044728283123721,0.40145019011406846,0.7951161158233401,0.08019888856390757,0.06144223457151214,223.0,0.07318326996197719,0.015583269961977187,1.0,0.0,3,0,0,0.0041875,0.0,0.0,0,0,2,0,0,0,0,0,0,0,0,0.0,0,0.0,0,0.0005,0,0.0,0,0.0005,,,2004,2023,18,0.988484059666569
Udonis Haslem,hasleud01,80,235.0,1980-06-09,Florida,2007,2022,2003-10-28T00:00:00Z,False,16,NBA,MIA,PF,636,316.0,23.092767295597483,2.842767295597484,5.90251572327044,0.48161960575386253,0.009433962264150943,0.08333333333333333,0.11320754716981132,2.8333333333333335,5.819182389937107,0.4868954336665766,0.48241875332978157,1.1949685534591195,1.6147798742138364,0.7400194741966893,1.5974842767295598,4.6084905660377355,6.205974842767295,0.7531446540880503,0.43553459119496857,0.2641509433962264,0.8522012578616353,2.1776729559748427,6.889937106918239,14687.0,1808,3754,6.0,53.0,1802.0,3701.0,760,1027,1016.0,2931.0,3947.0,479,277.0,168.0,542.0,1385.0,4382,0.0,12.28529311636141,0.5204135630149112,0.013624225505549127,0.2719785524613604,8.416844828760128,23.403472458636895,16.018935112684687,5.216681418941921,0.9993463607271738,0.9378225641723973,11.566167358888812,15.218560631851297,11.399999999999999,18.6,29.900000000000002,0.09776339620072173,-1.9541703547354803,-0.7066929938040443,-2.6609246272213523,-2.4000000000000004,6.534785865050726,13.546149656158509,0.02043303601824743,0.18397222033090488,6.514352829032478,13.36483284537346,2.751841764826037,3.708361135698236,3.667883161979982,10.583747531830872,14.268536801252809,1.7322053516715463,0.9993463607271738,0.6166882276843466,1.9598965071151357,5.016749506366174,15.8534213930687,106.82515149451896,105.03840130727855,0.0,0.0,11.167631238510246,75.07455572955675,13.923742084836931,0.01928916729080109,-1.122060325457888,195.0,167.0,740.0,98.0,413.0,165.0,1110.0,89.0,241.0,10.29417852522639,0.3286518689997957,0.10106059780758495,0.21041397153945662,0.346242731667461,0.013624225505549127,0.6483712807244502,0.3837315993735957,0.40017430380608704,0.3960515421801593,0.7936313746850956,0.09899911486348471,0.05625144685776537,175.0,0.08942043984476067,0.02002008579015456,0.0,0.0,2,0,0,0.0041875,0.0,0.0,0,0,2,0,0,0,0,0,0,0,0,0.0,0,0.0,0,0.0005,0,0.0,0,0.0005,,,2004,2023,19,0.986375774494451
Udonis Haslem,hasleud01,80,235.0,1980-06-09,Florida,2008,2023,2003-10-28T00:00:00Z,False,16,NBA,MIA,PF,564,238.0,21.76418439716312,2.597517730496454,5.4361702127659575,0.47782126549249837,0.015957446808510637,0.10283687943262411,0.15517241379310345,2.5815602836879434,5.333333333333333,0.48404255319148937,0.47928897586431835,1.1099290780141844,1.4698581560283688,0.7551266586248492,1.475177304964539,4.382978723404255,5.858156028368795,0.6773049645390071,0.40602836879432624,0.2553191489361702,0.7677304964539007,2.0567375886524824,6.320921985815603,12275.0,1465,3066,9.0,58.0,1456.0,3008.0,626,829,832.0,2472.0,3304.0,382,229.0,144.0,433.0,1160.0,3565,0.0,11.9639266802444,0.5193847657841141,0.016880733197556008,0.2691708350305499,8.246761710794297,23.702321792260694,16.083885947046845,4.9066883910386965,0.977254582484725,0.9770509164969451,11.429441955193482,14.785303462321792,9.3,15.6,24.8,0.09689572301425661,-2.061938900203666,-0.7062892057026477,-2.7885295315682286,-2.4000000000000004,6.322004073319756,13.210794297352342,0.03659470468431771,0.23633401221995926,6.285409368635437,12.977059063136455,2.7019226069246436,3.5672505091649693,3.595682281059063,10.66895315682281,14.264635437881873,1.6477881873727087,0.977254582484725,0.6245947046843177,1.8635845213849287,5.015429735234216,15.417181262729123,106.91788187372708,105.10378818737271,0.0,0.0,13.3620366598778,73.20488798370673,13.631608961303462,-0.16191446028513237,-2.1349572301425663,153.0,139.0,630.0,79.0,327.0,134.0,893.0,66.0,196.0,10.460081466395112,0.32464676171079426,0.09987038696537678,0.20419617107942972,0.3543922606924644,0.016880733197556008,0.6465467209775967,0.37165156822810586,0.39767209775967416,0.3919506313645621,0.7920848065173115,0.12423625254582485,0.056578167006109986,143.0,0.1095594297352342,0.025400000000000002,0.0,0.0,2,0,0,0.003125,0.0,0.0,0,0,1,0,0,0,0,0,0,0,0,0.0,0,0.0,0,0.0005,0,0.0,0,0.0,0,0.0,2004,2023,20,0.9831192668024439
Kyle Korver,korveky01,79,212.0,1981-03-17,Creighton,2004,2019,2003-10-28T00:00:00Z,False,16,NBA,"PHI, UTA, CHI, ATL, CLE, UTA",SG,1174,422.0,25.743611584327088,3.3875638841567293,7.652470187393527,0.44267586821015137,2.0025553662691653,4.666098807495741,0.42917123037604965,1.385008517887564,2.9863713798977853,0.4637763833428408,0.5735195903829029,1.0749574105621806,1.2248722316865417,0.8776077885952712,0.28109028960817717,2.7180579216354346,2.9991482112436114,1.7427597955706984,0.6626916524701874,0.3330494037478705,1.0579216354344123,2.081771720613288,9.852640545144805,30223.0,3977,8984,2351.0,5478.0,1626.0,3506.0,1262,1438,330.0,3191.0,3521.0,2046,778.0,391.0,1242.0,2444.0,11567,0.0,12.79758462098402,0.6050157495946795,0.6179154948218244,0.15792436224067763,1.284577970419879,11.987598848559045,6.68755583496013,10.451682493465242,1.3235780696820303,1.0402938159679715,11.541101148132215,16.244406577771894,41.800000000000004,28.9,71.0,0.11266859676405387,0.5714985276114218,0.08513714720577045,0.6342024286139695,20.3,6.752049763425206,15.249323363001688,3.9825629487476424,9.278258280117791,2.7717963140654467,5.983446381894584,2.1453065546107273,2.4415875326737915,0.569516593322966,5.4004698408496825,5.973725308539855,3.4545677133309067,1.3235780696820303,0.6462793236938755,2.1057737484697086,4.143119478542832,19.63584025411111,113.6014624623631,107.3895046818648,0.8475333355391589,48.23743506600933,43.15875326737915,7.523872547397677,0.0,3.4417761307613404,3.507676273037091,709.0,283.0,1378.0,131.0,264.0,173.0,4467.0,71.0,227.0,20.89388876021573,0.057702180458591136,0.022424842007742446,0.06947543261754294,0.2323827217681898,0.6179154948218244,0.6234628263243226,0.3693847731859842,0.43237679912649307,0.44495407471131254,0.8525248320815273,0.9656883499321709,0.0023384508486913942,20.0,0.2875088508751613,0.4774076696555603,3.0,0.0,0,0,1,0.0,0.0001875,0.001125,0,0,0,0,0,0,1,0,0,1,0,0.0,0,0.0,0,0.0060625,0,0.0009375,0,0.0,,,2004,2020,16,0.3820845051781756
Kyle Korver,korveky01,79,212.0,1981-03-17,Creighton,2005,2020,2003-10-28T00:00:00Z,False,16,NBA,"PHI, UTA, CHI, ATL, CLE, UTA, MIL",SG,1158,423.0,26.166666666666668,3.4438687392055267,7.728842832469775,0.44558659217877095,2.045768566493955,4.756476683937824,0.4301016702977487,1.3981001727115716,2.9723661485319517,0.4703660662405578,0.5779329608938547,1.1036269430051813,1.2564766839378239,0.8783505154639175,0.27202072538860106,2.7780656303972364,3.0500863557858375,1.7910189982728844,0.6727115716753023,0.34110535405872194,1.0785837651122625,2.0898100172711573,10.03713298791019,30301.0,3988,8950,2369.0,5508.0,1619.0,3442.0,1278,1455,315.0,3217.0,3532.0,2074,779.0,395.0,1249.0,2420.0,11623,0.0,12.828659120161051,0.6088674631200289,0.6235303785353619,0.15982845450645192,1.2155308405663179,11.974779710240586,6.654539454143428,10.47465760205934,1.3145275733474142,1.0520906900762352,11.621566944985313,16.102514768489492,42.5,29.6,72.5,0.11473532226659187,0.5568397082604535,0.12164945051318438,0.6561136596151943,20.5,6.718095112372529,15.062469885482326,3.9756773703838157,9.239800666644665,2.7447212963268535,5.838186858519522,2.1587142338536682,2.4550047853206167,0.5349229398369691,5.402607174680704,5.941259364377413,3.4742879772944786,1.3145275733474142,0.6490709877561797,2.1004521302927293,4.066298141975512,19.574443087686873,114.06564139797366,107.44414375763176,0.8453516385597835,48.627900069304644,43.04290287449259,7.283720009240619,0.0,3.653998217880598,3.2646348305336454,710.0,279.0,1365.0,135.0,267.0,181.0,4538.0,72.0,216.0,20.96437741328669,0.056981980792713126,0.022643741130655752,0.06742615755255602,0.22935035147354874,0.6235303785353619,0.6246301112174516,0.36507739018514246,0.44160205933797564,0.4525303785353619,0.8501498960430349,0.9648262103560938,0.0023324312728952843,20.0,0.2837086564799841,0.47774878716874036,2.0,0.0,0,0,1,0.0,0.0001875,0.0,0,0,0,0,0,0,1,0,0,0,0,0.0,0,0.0,0,0.0060625,0,0.0009375,0,0.0,,,2004,2020,17,0.37646962146463814
Dwyane Wade,wadedw01,76,220.0,1982-01-17,Marquette,2004,2019,2003-10-28T00:00:00Z,True,16,NBA,"MIA, CHI, CLE, MIA",SG,1054,909.0,33.94022770398482,8.020872865275143,16.714421252371917,0.47987739115626954,0.5208728652751423,1.777988614800759,0.2929562433297759,7.5,14.936432637571157,0.5021279298735946,0.49545893171368566,5.415559772296016,7.080645161290323,0.7648398767251775,1.1935483870967742,3.4867172675521823,4.680265654648957,5.4089184060721065,1.537001897533207,0.8396584440227703,3.155597722960152,2.208728652751423,21.97817836812144,35773.0,8454,17617,549.0,1874.0,7905.0,15743.0,5708,7463,1258.0,3675.0,4933.0,5701,1620.0,885.0,3326.0,2328.0,23165,5.0,23.481966846504346,0.5534380119084226,0.10357437173287116,0.42443960528890506,4.226290777961032,11.756288262097112,8.071772006820787,30.404237833002544,2.381796326838677,1.968842423056495,13.835431750202668,31.427299918933276,73.2,47.7,120.7,0.16208363849830879,4.166066586531742,0.8120509881754395,4.97757247085791,62.7,12.406504905934645,25.828515919827804,0.7985184356917229,2.745277164341822,11.615190227266375,23.083286277360017,8.384826545159756,10.978774494730661,1.860593184804182,5.384197579179828,7.233885891594219,8.362074749112459,2.381796326838677,1.3156346965588572,4.885477874374528,3.4075308193330165,34.01144438543036,108.54208481256813,104.57048612081738,13.649372431722249,81.52584351326419,4.774662454924105,0.0,0.0,4.023358398792386,5.064235596679059,1709.0,1032.0,1041.0,332.0,3319.0,109.0,13076.0,734.0,772.0,10.45486819668465,0.34915385905571245,0.15787152321583317,0.14360168283342187,0.24593428004360832,0.10357437173287116,0.6548886031364437,0.45751843569172285,0.3810502893243508,0.3815440136415732,0.32769345595840443,0.4630739104911525,0.0681339557767031,1098.0,0.18618860593184802,0.30368040142006547,42.0,4.0,3,1,13,0.09675,0.2964375,0.0625,0,3,11,2,5,8,11,1,1,1,0,0.049625,0,0.198,0,0.001375,0,0.0134375,0,0.01225,,,2004,2019,16,0.8964256282671289
Carmelo Anthony,anthoca01,79,238.0,1984-05-29,Syracuse,2004,2019,2003-10-29T00:00:00Z,True,16,NBA,"DEN, NYK, OKC, HOU",SF,1064,1056.0,35.83552631578947,8.587406015037594,19.13627819548872,0.4487500613918766,1.2800751879699248,3.68890977443609,0.3470063694267516,7.307330827067669,15.447368421052632,0.4730469700657094,0.4821963557782034,5.559210526315789,6.851503759398496,0.8113854595336076,1.7086466165413534,4.81203007518797,6.5206766917293235,2.9746240601503757,1.0159774436090225,0.49530075187969924,2.661654135338346,2.8778195488721803,24.014097744360903,38129.0,9137,20361,1362.0,3925.0,7775.0,16436.0,5915,7290,1818.0,5120.0,6938.0,3165,1081.0,527.0,2832.0,3062.0,25551,2.0,20.27081224264995,0.5407635657898188,0.1942374832804427,0.3568449998688662,5.434739961708936,15.278601589341447,10.331896981300323,15.485184505232237,1.4415431823546383,1.1031970416218626,10.67550945474573,30.810962784232473,66.5,34.599999999999994,101.1,0.12724432846389888,2.9483804977838393,-1.174696425293084,1.7820372944477954,36.400000000000006,12.200165228566183,27.220380812504917,1.8241207479870962,5.2627632510687405,10.380120118544939,21.964832542159513,7.923430984290173,9.735225156704871,2.4308243069579585,6.830496472501245,9.265430512208557,4.224855097170133,1.4415431823546383,0.7105484014791891,3.7808203729444787,4.087988145506046,34.15725300952031,107.6217577172231,107.77431875999895,0.0,3.1080804636890558,70.18537071520365,25.915838338272707,1.0759264601746703,1.9310105169293714,2.1091977235175325,933.0,758.0,1141.0,605.0,2932.0,135.0,7231.0,612.0,1313.0,12.72933724986231,0.3087928086233575,0.07953741246820006,0.14016756274751502,0.27767882713944764,0.1942374832804427,0.5862622675653703,0.3353283589918435,0.3912873665713761,0.41499989509297386,0.42993052532193343,0.8155566629074983,0.05217356867476199,988.0,0.11686466993626898,0.3410064255553516,44.0,0.0,0,0,10,0.0,0.1510625,0.0625,0,0,0,0,2,6,13,1,1,1,0,0.0283125,0,0.729,0,0.0,0,0.002375,0,0.0,,,2004,2022,16,0.8057625167195573
Carmelo Anthony,anthoca01,79,238.0,1984-05-29,Syracuse,2005,2020,2003-10-29T00:00:00Z,True,16,NBA,"DEN, NYK, OKC, HOU, POR",SF,1040,1032.0,35.61153846153846,8.508653846153846,18.921153846153846,0.4496900091472711,1.3269230769230769,3.785576923076923,0.3505207010414021,7.181730769230769,15.135576923076924,0.4744933612858141,0.48475454822644576,5.4259615384615385,6.6596153846153845,0.814755991914525,1.6403846153846153,4.905769230769231,6.546153846153846,2.9067307692307693,0.9932692307692308,0.4932692307692308,2.581730769230769,2.8923076923076922,23.77019230769231,37036.0,8849,19678,1380.0,3937.0,7469.0,15741.0,5643,6926,1706.0,5102.0,6808.0,3023,1033.0,513.0,2685.0,3008.0,24721,2.0,20.08258451236635,0.5425226536343019,0.2030048871368398,0.3490048871368398,5.245517874500486,15.57782967923102,10.395347769737553,15.154887136839829,1.4082379306620585,1.1165136623825467,10.50278107787018,30.50426881952695,63.2,33.099999999999994,96.3,0.1247692785397991,2.8135651798250354,-1.172416027648774,1.641662166540663,34.0,12.126320336969435,26.992415487633654,1.8938951290636135,5.4115941246354895,10.236621125391512,21.58824927097959,7.76580354249919,9.500145804082514,2.344313640781942,6.975423911869532,9.315881844691651,4.1420023760665305,1.4082379306620585,0.7108597040717141,3.681145372070418,4.114078194189437,33.92198671562804,107.89037693055405,108.36974835295388,0.0,2.8763365374230476,65.91068149908197,30.29622529430824,1.2103898909169457,1.9438465277027754,2.3850685819202937,902.0,707.0,1140.0,584.0,2799.0,142.0,6953.0,588.0,1221.0,13.01672426827951,0.2912654444324441,0.08202065557835618,0.15167472189221295,0.27246060589696514,0.2030048871368398,0.5870331299276379,0.3509084944378442,0.39677716276055724,0.41789275299708395,0.41994926557943624,0.8259473485257587,0.04832122799438384,884.0,0.12481239874716492,0.35143711523922666,45.0,0.0,0,0,10,0.0,0.149625,0.0,0,0,0,0,2,6,12,0,0,0,0,0.02825,0,0.0,0,0.0,0,0.002375,0,0.0,,,2004,2022,17,0.7969951128631603
Carmelo Anthony,anthoca01,79,238.0,1984-05-29,Syracuse,2006,2021,2003-10-29T00:00:00Z,True,16,NBA,"DEN, NYK, OKC, HOU, POR",SF,1034,960.0,34.93036750483559,8.361702127659575,18.59284332688588,0.44972691807542264,1.4226305609284333,3.9690522243713735,0.3584307992202729,6.939071566731141,14.623791102514506,0.4745056543879373,0.48798439531859555,5.148936170212766,6.293036750483559,0.818195789150146,1.5444874274661509,4.834622823984526,6.379110251450677,2.8365570599613155,0.9777562862669246,0.5038684719535783,2.4390715667311413,2.8268858800773695,23.29497098646035,36118.0,8646,19225,1471.0,4104.0,7175.0,15121.0,5324,6507,1597.0,4999.0,6596.0,2933,1011.0,521.0,2522.0,2923.0,24087,2.0,20.070297358657733,0.543925217343153,0.21848067445594996,0.33349125089982834,5.017514812558835,15.623304169666094,10.298989423556122,15.024630378204776,1.4109889805637077,1.1734869040367684,10.137305498643336,30.251993465861897,62.6,31.299999999999997,94.0,0.12485755025195193,2.8655518024253834,-1.1475109363752147,1.718566919541503,33.900000000000006,12.123406611661776,26.979165513040588,2.062071543274821,5.765130959632316,10.065637632205549,21.22165125422227,7.500478985547372,9.13154105985935,2.2438285619358767,6.996345312586522,9.236220167229638,4.113262085386787,1.4109889805637077,0.7370729276261143,3.5412176753973093,4.090232017276704,33.81671465751148,108.4357937870314,108.8724735588903,0.0,2.7328202004540674,61.376045185226204,33.521928124480866,2.5980951326208537,1.7327842073204496,2.0162522841796333,853.0,663.0,1125.0,550.0,2664.0,147.0,6812.0,561.0,1120.0,13.436303228307215,0.2703035328644997,0.0830107148790077,0.16173456448308324,0.26695445484246083,0.21848067445594996,0.5846239271277479,0.3601990420289053,0.40262381637964445,0.4204710116839249,0.3986454676338667,0.8285084999169389,0.044406473226646,802.0,0.1285376266681433,0.37328215848053603,40.0,0.0,0,0,10,0.0,0.149125,0.0,0,0,0,0,2,6,11,0,0,0,0,0.02825,0,0.0,0,0.001,0,0.002375,0,0.0,,,2004,2022,18,0.7815193255440501
Carmelo Anthony,anthoca01,79,238.0,1984-05-29,Syracuse,2007,2022,2003-10-29T00:00:00Z,True,16,NBA,"DEN, NYK, OKC, HOU, POR, LAL",SF,1023,883.0,34.183773216031284,8.024437927663735,17.962854349951122,0.4467239878101872,1.5474095796676441,4.2512218963831865,0.36399172223499654,6.4770283479960895,13.711632453567937,0.4723747059242889,0.48979647366129736,4.773216031280548,5.823069403714565,0.8197079066644284,1.5024437927663734,4.841642228739003,6.344086021505376,2.7223851417399803,0.9481915933528837,0.5190615835777126,2.3098729227761488,2.795698924731183,22.36950146627566,34970.0,8209,18376,1583.0,4349.0,6626.0,14027.0,4883,5957,1537.0,4953.0,6490.0,2785,970.0,531.0,2363.0,2860.0,22884,2.0,19.63778667429225,0.5441193880468974,0.24564383757506436,0.3177897054618244,4.959845581927366,15.928490134400914,10.422044609665429,14.602347726622819,1.3978124106376895,1.252808121246783,9.949227909636832,29.599848441521306,58.0,30.099999999999998,88.19999999999999,0.12106242493565914,2.6857792393480127,-1.1505090077209037,1.522276236774378,31.099999999999998,11.855493279954246,26.558452959679723,2.2843951958821846,6.279216471261081,9.575541893051186,20.28710323134115,7.085152988275666,8.61734629682585,2.2280411781527025,7.138384329425222,9.362342007434945,4.021000857878182,1.3978124106376895,0.7741807263368601,3.4199227909636827,4.113703174149271,33.084844152130394,108.58953388618816,109.20875035744925,0.0,2.8225336002287675,56.87606519874178,37.23914784100658,3.2986559908492996,1.602210466113812,2.0473634543894765,812.0,613.0,1117.0,525.0,2439.0,136.0,6504.0,508.0,1018.0,13.973640263082642,0.24827643694595364,0.08415784958535888,0.16836168144123534,0.25392464969974265,0.24564383757506436,0.5860774949957106,0.3669126394052045,0.4108648269945668,0.4230951100943667,0.3848919073491564,0.8255378324277953,0.03767146125250215,648.0,0.1288256791535602,0.38471032313411496,35.0,0.0,0,0,10,0.0,0.1395,0.0,0,0,0,0,2,5,10,0,0,0,0,0.02825,0,0.0,0,0.001,0,0.0005,0,0.0,,,2004,2022,19,0.7543561624249356
LeBron James,jamesle01,81,250.0,1984-12-30,,2004,2019,2003-10-29T00:00:00Z,False,16,NBA,"CLE, MIA, CLE, LAL",SF,1198,1197.0,38.59348914858097,9.881469115191987,19.597662771285474,0.5042167135190391,1.4415692821368948,4.196994991652755,0.34347653142402546,8.439899833055092,15.400667779632721,0.5480216802168022,0.5409958258795468,5.959933222036728,8.097662771285476,0.7360065972580146,1.2045075125208682,6.207846410684474,7.412353923205342,7.230383973288815,1.6168614357262103,0.7687813021702838,3.474958263772955,1.842237061769616,27.164440734557594,46235.0,11838,23478,1727.0,5028.0,10111.0,18450.0,7140,9701,1443.0,7437.0,8880.0,8662,1937.0,921.0,4163.0,2207.0,32543,81.0,27.588370282253706,0.5864907753866119,0.21316028982372662,0.41249321942251543,3.696524278144263,18.34793338380015,11.13359576078728,35.83263328647129,2.1916102519736134,1.573796907105007,13.077540824051045,31.544836163079918,159.5,67.2,226.8,0.2352413106953607,7.138540067048772,1.8263328647128798,8.947210987347248,127.6,13.350714826430195,26.496076565372555,1.9389899426841137,5.658704444684762,11.399513355682924,20.83550340651022,8.087355899210555,10.956344760462851,1.6430042175840813,8.354075916513462,9.99066508056667,9.74264301935763,2.1916102519736134,1.0296139288417865,4.673182653833675,2.4906023575213583,36.70174326808695,116.06112252622472,103.31547528928301,0.9453444360333081,5.133664972423489,62.542705742402944,29.37860927868498,2.031685952200714,7.039080782956635,11.368352979344651,2280.0,1016.0,821.0,461.0,4288.0,144.0,20240.0,1197.0,874.0,11.870260625067589,0.3592851735698064,0.12126724343030171,0.10019333838001515,0.20606737320211962,0.21316028982372662,0.7318710284416567,0.4210136692981507,0.3686063371904401,0.3845671028441657,0.3528754190548286,0.4893787823077755,0.08083756894127825,1822.0,0.14362757651130095,0.3848435168162648,33.0,2.0,3,3,15,0.311875,0.853,0.0625,5,6,12,12,14,15,16,1,1,1,4,0.504375,1,0.861,0,0.0,0,0.006999999999999999,0,0.055375,,,2004,2025,16,0.7868397101762734
LeBron James,jamesle01,81,250.0,1984-12-30,,2005,2020,2003-10-29T00:00:00Z,False,16,NBA,"CLE, MIA, CLE, LAL",SF,1186,1185.0,38.304384485666105,9.999156829679595,19.636593591905566,0.5092103568208167,1.5278246205733559,4.414839797639123,0.3460656990068755,8.47133220910624,15.221753794266442,0.5565280008862793,0.5481128429730774,5.950252951096122,8.112984822934232,0.7334234046975681,1.1888701517706577,6.37689713322091,7.565767284991568,7.488195615514334,1.5893760539629005,0.7580101180438449,3.5,1.8347386172006745,27.476391231028668,45429.0,11859,23289,1812.0,5236.0,10047.0,18053.0,7057,9622,1410.0,7563.0,8973.0,8881,1885.0,899.0,4151.0,2176.0,32587,94.0,28.120224966431138,0.5927754738162847,0.22359708556208593,0.4135314446719056,3.6847168108476964,18.958618943846442,11.44099583966189,37.061035902177025,2.1608730106319753,1.5837526689999777,13.124125558563911,31.772416297959456,163.29999999999998,68.2,231.50000000000003,0.24445464350965246,7.443602104382664,1.9917343547073456,9.417361156970218,130.8,13.538939884214928,26.59376829778335,2.0507385150454556,5.948358977745493,11.468900922318342,20.638409386074976,8.100673578551145,11.012344537630147,1.6266988047282573,8.596665125800701,10.216835061304453,10.086317110215942,2.1608730106319753,1.0148451429703491,4.715265579255542,2.4853375597085563,37.207895837460654,117.23049153624336,103.40529177397697,2.905897114178168,2.025556362675824,63.25325232780823,29.899843712166238,2.0677320654207665,7.80147262761672,11.923568645578813,2316.0,989.0,802.0,453.0,4285.0,163.0,20859.0,1218.0,857.0,11.96881947654582,0.3626199123907636,0.11895967333641505,0.0946282110546127,0.20016806445222213,0.22359708556208593,0.7404103326069251,0.4248691144423166,0.3708164388386273,0.3845841202755949,0.34069019789121485,0.4709080983512734,0.08103433929868586,1810.0,0.12963096260098173,0.39496431794668607,31.0,2.0,4,4,16,0.3140625,0.910625,0.0,5,6,13,13,15,16,16,0,0,0,4,0.5504374999999999,0,0.0,0,0.0,0,0.006999999999999999,0,0.055374999999999994,,,2004,2025,17,0.7764029144379141
LeBron James,jamesle01,81,250.0,1984-12-30,,2006,2021,2003-10-29T00:00:00Z,False,16,NBA,"CLE, MIA, CLE, LAL",SF,1151,1150.0,37.83231972198089,9.979148566463945,19.48566463944396,0.512127697520956,1.5708079930495222,4.529105125977411,0.34682524458085556,8.408340573414423,14.956559513466551,0.5621841417368574,0.552434456928839,5.87141615986099,8.028670721112077,0.7313061356995996,1.15377932232841,6.4317984361424845,7.585577758470895,7.518679409209383,1.5256298870547351,0.7576020851433536,3.524761077324066,1.8245004344048654,27.4005212858384,43545.0,11486,22428,1808.0,5213.0,9678.0,17215.0,6758,9241,1328.0,7403.0,8731.0,8654,1756.0,872.0,4057.0,2100.0,31538,95.0,28.17312894706625,0.5961109886324492,0.23098339648639335,0.4127200826730968,3.624466643701918,19.271317028361466,11.587943506717188,37.548462510047074,2.091774026868757,1.6184981054081984,13.298847169594673,31.93806636812493,156.6,66.2,222.8,0.2454192674245034,7.424801929038925,2.025079802503158,9.435455276151108,125.5,13.617556550694683,26.593498679526924,2.1246296934205993,6.142234470088414,11.480571822252841,20.443961419221495,8.067945803192101,10.993974049833506,1.588115742335515,8.740822138018142,10.322126535767596,10.204976461132162,2.091774026868757,1.024140544264554,4.786786083362039,2.4933562980824435,37.406239522333216,117.3702606499024,103.5264439086003,5.552968193822482,3.0112067975657366,58.59850729130784,30.882259731312434,2.157193707658744,8.272653576759675,12.12088184636583,2274.0,970.0,769.0,439.0,4161.0,174.0,20460.0,1197.0,813.0,12.025314042944082,0.3650950510965668,0.11752290733723733,0.09290005741187278,0.19343582500861178,0.23098339648639335,0.7430457917097256,0.4308351131013894,0.37491431852107016,0.38484354116431285,0.3321015730853141,0.4703056608106556,0.08076860718796647,1732.0,0.12350517855092434,0.38956587438282236,31.0,2.0,4,4,16,0.3140625,0.8899375,0.0,5,6,13,13,15,16,16,0,0,0,4,0.5459375,0,0.0,0,0.0,0,0.0011875,0,0.055374999999999994,,,2004,2025,18,0.7690166035136067
LeBron James,jamesle01,81,250.0,1984-12-30,,2007,2022,2003-10-29T00:00:00Z,False,16,NBA,"CLE, MIA, CLE, LAL",SF,1128,1127.0,37.47163120567376,9.974290780141844,19.349290780141843,0.5154861174745716,1.6329787234042554,4.682624113475177,0.34873154108292315,8.34131205673759,14.666666666666666,0.5687258220502901,0.557683496746999,5.683510638297872,7.7686170212765955,0.7315987675453611,1.1666666666666667,6.48758865248227,7.654255319148936,7.5195035460992905,1.5124113475177305,0.7668439716312057,3.5398936170212765,1.8085106382978724,27.265070921985817,42268.0,11251,21826,1842.0,5282.0,9409.0,16544.0,6411,8763,1316.0,7318.0,8634.0,8482,1706.0,865.0,3993.0,2040.0,30755,96.0,28.08165988454623,0.5994748036339548,0.23951717611431816,0.4032040550771269,3.6899309170057726,19.49962146304533,11.74056969811678,37.58345320336898,2.0797553704930447,1.6713826062269328,13.46611147913315,31.82376029147346,149.8,64.2,214.0,0.24286642377212078,7.392947383363301,1.9984787546134195,9.37656383079398,121.19999999999999,13.648466925333587,26.476419513580016,2.2122125485000472,6.3585407400397465,11.423526071732752,20.110355351566195,7.834302545661021,10.680006151225513,1.6097023753193909,8.849245291946627,10.456860982303397,10.247738241695846,2.0797553704930447,1.0445916532601496,4.827257026592221,2.476140342575944,37.32628229393394,117.54047979559004,103.85726790952967,5.7207343616920605,3.022664900160878,52.951618245481214,33.82563641525504,4.687588719598751,8.093030188322134,11.763646257215859,2268.0,947.0,769.0,422.0,3956.0,176.0,20113.0,1147.0,794.0,12.083020251727074,0.36407994227311447,0.12070992239992429,0.09183143276237342,0.1837968676067001,0.23951717611431816,0.749954197028485,0.434096810826157,0.38090252673417246,0.38582658275764176,0.33810845083751306,0.4789173606510836,0.08149153023563926,1703.0,0.11617450553610296,0.38900054414687235,26.0,2.0,4,4,16,0.3109375,0.8505625,0.0,5,6,12,12,14,16,16,0,0,0,4,0.511625,0,0.0,0,0.0,0,0.0008125000000000001,0,0.055375,,,2004,2025,19,0.7604828238856819
LeBron James,jamesle01,81,250.0,1984-12-30,,2008,2023,2003-10-29T00:00:00Z,False,16,NBA,"CLE, MIA, CLE, LAL",SF,1105,1103.0,37.13303167420815,10.034389140271493,19.388235294117646,0.5175504107542942,1.6868778280542986,4.840723981900452,0.3484763507197607,8.347511312217195,14.547511312217194,0.573810264385692,0.5610530246452576,5.5864253393665155,7.591855203619909,0.7358445583502206,1.174660633484163,6.576470588235294,7.751131221719457,7.590045248868778,1.4760180995475114,0.7619909502262443,3.54841628959276,1.7710407239819004,27.3420814479638,41032.0,11088,21424,1864.0,5349.0,9224.0,16075.0,6173,8389,1298.0,7267.0,8565.0,8387,1631.0,842.0,3921.0,1957.0,30213,97.0,28.160976798596224,0.60238114154806,0.24659797231429126,0.3945267352310392,3.744048547475142,19.786976018717098,11.943151686488594,38.048532852407874,2.0362863131214666,1.6873318385650227,13.53009845973874,31.958103431468125,145.0,60.900000000000006,205.89999999999998,0.24073869175277837,7.418870637551179,1.9162141743029832,9.319774809904464,117.1,13.769267888477286,26.59223776564633,2.2925619029050495,6.586937024761161,11.458832131019694,20.00056297523884,7.73105624878144,10.476094267888477,1.6255434782608695,9.00067995710665,10.6240738935465,10.383378826281927,2.0362863131214666,1.0441850263209203,4.858688340807175,2.433049814778709,37.54447016962371,117.80261746929226,104.5925375316826,5.893059075843245,3.11371612400078,47.13084909339052,38.96237083252096,5.162141743029831,8.097670111132775,11.852919672450769,2253.0,921.0,731.0,415.0,3813.0,165.0,19918.0,1111.0,792.0,12.10806931175668,0.36353989569116785,0.12400943166309221,0.08996824429713395,0.17569248391499317,0.24659797231429126,0.7537060343146812,0.43765758432442975,0.38050199844024174,0.38945496198089297,0.34214778709300064,0.48476654806005076,0.08161220510820823,1669.0,0.11221081107428349,0.3789148225775005,21.0,1.0,4,4,16,0.31093750000000003,0.8128124999999999,0.0,5,6,12,12,13,16,16,0,0,0,4,0.50275,0,0.0,0,0.0,0,0.0008125000000000001,0,0.055375,0,0.0,2004,2025,20,0.7534020276857087
LeBron James,jamesle01,81,250.0,1984-12-30,,2009,2024,2003-10-29T00:00:00Z,False,16,NBA,"CLE, MIA, CLE, LAL",SF,1101,1100.0,36.79291553133515,9.971843778383288,19.11989100817439,0.5215429195762672,1.7257039055404177,4.861943687556766,0.3549411544928078,8.24613987284287,14.257947320617621,0.5783539304369983,0.5666714170348202,5.383287920072661,7.286103542234333,0.7388431812515582,1.1135331516802907,6.598546775658492,7.712079927338783,7.663033605812897,1.4368755676657583,0.7257039055404177,3.552225249772934,1.698455949137148,27.052679382379655,40509.0,10979,21051,1900.0,5353.0,9079.0,15698.0,5927,8022,1226.0,7265.0,8491.0,8437,1582.0,799.0,3911.0,1870.0,29785,95.0,27.81506085067516,0.606657458836308,0.25109578118442816,0.3841566812313313,3.5993162013379747,19.905349428522058,11.978762744081562,38.07055962872448,1.9883211138265569,1.632553259769434,13.749221160729713,31.67239872620899,140.0,59.1,199.20000000000002,0.23590096028043153,7.241889456663952,1.8023031918832852,9.027393912463896,112.69999999999999,13.704475548643513,26.26573847786911,2.345789824483448,6.627729640326841,11.34058110543336,19.633209903971956,7.464563430348812,10.071063220518896,1.548840998296675,9.049396430422869,10.589878792367129,10.499866696289713,1.9883211138265569,0.9963218050309808,4.875681947221605,2.3404823619442596,37.208864696734054,118.07314423955171,105.21832185440273,5.969142659655879,3.153916413636476,42.04739687476857,43.062702115579256,5.957639043175591,8.276313905551852,11.803409118961218,2277.0,919.0,701.0,396.0,3686.0,165.0,20023.0,1097.0,790.0,12.069794366683947,0.3616869831395493,0.13229882248389246,0.08997331457207042,0.16468883457996988,0.25109578118442816,0.758401639141919,0.44126964378286304,0.38212073860129847,0.3893094374089709,0.3485708607963663,0.5036272186427708,0.08189866449430991,1644.0,0.11249482830975832,0.385677997482041,20.0,1.0,4,4,16,0.30674999999999997,0.7734375,0.0,5,6,11,11,12,16,16,0,0,0,4,0.481,0,0.0,0,0.0,0,0.0003125,0,0.055374999999999994,0,0.003,2004,2025,21,0.7489042188155719
LeBron James,jamesle01,81,250.0,1984-12-30,,2010,2025,2003-10-29T00:00:00Z,False,16,NBA,"CLE, MIA, CLE, LAL",SF,1090,1089.0,36.6045871559633,9.945871559633028,18.998165137614677,0.5235174811666988,1.7587155963302752,4.922018348623853,0.35731593662628147,8.187155963302752,14.076146788990826,0.5816333181255295,0.5698039405060846,5.130275229357798,6.964220183486239,0.736661836385193,1.0935779816513762,6.634862385321101,7.728440366972477,7.729357798165138,1.389908256880734,0.6834862385321101,3.6055045871559632,1.6788990825688073,26.78073394495413,39899.0,10841,20708,1917.0,5365.0,8924.0,15343.0,5592,7591,1192.0,7232.0,8424.0,8425,1515.0,745.0,3930.0,1830.0,29191,98.0,27.204373543196567,0.6076931502042658,0.255828842828141,0.3698889445850773,3.533474523171007,20.053951226847794,12.022845184089826,38.21252412341161,1.9207724504373542,1.5656908694453495,14.066898919772424,31.41322840171433,131.2,55.4,186.6,0.22447750570189728,6.92559462643174,1.5895260532845434,8.498065114413896,105.6,13.644828191182736,26.046286874357754,2.3893681545903402,6.698601468708489,11.244732950700518,19.34281310308529,7.093506102909847,9.602107822251185,1.512844933456979,9.080778966891401,10.591262938920776,10.574899120278705,1.9207724504373542,0.9380886739016017,4.939612521617083,2.307416225970576,36.76193137672623,117.70683475776335,106.23221133361739,6.060402516353793,3.447154064011629,41.068848843329405,43.56858567883907,6.109977693676533,7.236321712323617,10.036499661645655,2336.0,908.0,688.0,377.0,3466.0,163.0,19965.0,1033.0,782.0,12.049457379884208,0.35655139226547033,0.1413680794004862,0.09260645630216295,0.1534463019123286,0.255828842828141,0.7621741898293191,0.442315396375849,0.39688255344745477,0.3896969848868393,0.3529585453269506,0.5211996040001002,0.08022795057520238,1587.0,0.11141499786962078,0.38648357101681746,15.0,1.0,4,4,16,0.2578125,0.7470625,0.0,4,5,10,10,12,16,16,0,0,0,3,0.4214375,0,0.0,0,0.0,0,0.0003125,0,0.0398125,0,0.011333333333333334,2004,2025,22,0.744171157171859
Zaza Pachulia,pachuza01,83,270.0,1984-02-10,,2004,2019,2003-11-05T00:00:00Z,False,16,NBA,"ORL, MIL, ATL, MIL, DAL, GSW, DET",C,1098,516.0,20.255009107468123,2.3752276867030964,5.062841530054645,0.46914912754092464,0.0,0.028233151183970857,0.0,2.3752276867030964,5.034608378870674,0.4717800289435601,0.46914912754092464,2.0018214936247722,2.6657559198542806,0.7509395285275026,2.151183970856102,3.6001821493624773,5.751366120218579,1.3051001821493624,0.6994535519125683,0.3442622950819672,1.3151183970856102,2.493624772313297,6.752276867030965,22240.0,2608,5559,0.0,31.0,2608.0,5528.0,2198,2927,2362.0,3953.0,6315.0,1433,768.0,378.0,1444.0,2738.0,7414,0.0,14.556438848920864,0.5423525179856115,0.005791232014388489,0.5334006744604317,12.269392985611512,20.44181205035971,16.38771582733813,9.808988309352518,1.790539568345324,1.3222437050359712,17.42220323741007,16.967198741007195,26.2,26.7,52.6,0.11366524280575539,-1.4006744604316548,-0.07470773381294962,-1.4725539568345323,3.0000000000000004,6.104051258992806,12.990179856115107,0.0,0.06039118705035971,6.104051258992806,12.925062949640289,5.141452338129496,6.864204136690647,5.516969424460432,9.20740557553957,14.736690647482014,3.3260296762589925,1.790539568345324,0.8773156474820144,3.3695278776978412,6.405939748201438,17.347473021582736,109.08826438848921,105.23803956834533,0.0,0.0,0.0,0.16555755395683452,99.83444244604317,0.22706834532374134,1.3294919064748203,415.0,411.0,1164.0,376.0,1318.0,138.0,3218.0,232.0,648.0,5.543988309352518,0.5758480665467626,0.16441196043165468,0.1366071942446043,0.11693156474820143,0.005791232014388489,0.5550521133093526,0.3322165017985612,0.40054779676258995,0.34383597122302156,0.6570778776978418,0.0,0.032712320143884886,160.0,0.0,0.0,18.0,0.0,2,0,0,0.00025,0.0,0.0,0,0,1,0,0,0,0,0,0,0,0,0.0,0,0.0,0,0.0,0,0.0001875,0,0.0,,,2004,2019,16,0.9942087679856115
Trevor Ariza,arizatr01,80,215.0,1985-06-30,UCLA,2005,2020,2004-11-03T00:00:00Z,False,16,NBA,"NYK, ORL, LAL, HOU, NOH, WAS, HOU, PHO, WAS, POR, SAC",SF,1064,731.0,29.74624060150376,3.762218045112782,8.894736842105264,0.42297125950972103,1.4426691729323309,4.099624060150376,0.35190279688216414,2.319548872180451,4.795112781954887,0.48373186985495886,0.5040680473372781,1.5733082706766917,2.1503759398496243,0.7316433566433567,0.981203007518797,3.8402255639097747,4.821428571428571,2.1588345864661656,1.4887218045112782,0.31109022556390975,1.3543233082706767,2.0018796992481205,10.540413533834586,31650.0,4003,9464,1535.0,4362.0,2468.0,5102.0,1674,2288,1044.0,4086.0,5130.0,2297,1584.0,331.0,1441.0,2130.0,11215,1.0,13.194334913112165,0.5371889099526066,0.45841860979462873,0.24596884676145342,3.802701421800948,14.764862559241706,9.239696682464455,11.066938388625594,2.532037914691943,0.84486887835703,12.001797788309638,16.734044233807268,24.599999999999998,37.9,62.5,0.094773775671406,-0.27395576619273304,0.9985086887835702,0.7222401263823065,21.900000000000002,6.410960505529226,15.152126382306477,2.424120063191153,6.888612954186413,3.9958736176935226,8.268619273301738,2.7033459715639814,3.7002338072669825,1.697355450236967,6.537150078988941,8.23301737756714,3.671636650868878,2.532037914691943,0.5272669826224329,2.319883096366509,3.413323854660348,17.955036334913114,107.1175355450237,106.0222748815166,0.0,4.928878357030015,82.24221169036335,12.779020537124802,0.09033175355450238,1.5854060031595574,0.9110710900473934,685.0,340.0,800.0,184.0,1026.0,142.0,5321.0,221.0,472.0,14.692748815165876,0.31232246445497636,0.07653766192733019,0.03972707740916271,0.11293595576619272,0.45841860979462873,0.6247002843601895,0.2755392101105845,0.20878979462875197,0.3173904265402843,0.5843466982622433,0.8713751342812006,0.06836315955766192,603.0,0.3938723538704581,0.3658959557661927,23.0,1.0,1,0,0,0.0119375,0.000125,0.0010625,0,0,6,0,0,0,1,0,0,1,0,0.0,0,0.0,0,0.000125,0,0.0,0,0.0012499999999999998,,,2005,2022,16,0.5415813902053712
Trevor Ariza,arizatr01,80,215.0,1985-06-30,UCLA,2006,2021,2004-11-03T00:00:00Z,False,16,NBA,"NYK, ORL, LAL, HOU, NOH, WAS, HOU, PHO, WAS, POR, SAC, MIA",SF,1014,746.0,30.67948717948718,3.8757396449704142,9.187376725838265,0.4218548733361958,1.5601577909270217,4.429980276134122,0.35218165627782727,2.3155818540433923,4.757396449704142,0.4867330016583748,0.5067625590382139,1.5650887573964498,2.128205128205128,0.7354031510658017,0.9684418145956607,3.9940828402366866,4.962524654832347,2.2357001972386588,1.5236686390532543,0.3264299802761341,1.3698224852071006,2.0069033530571994,10.8767258382643,31109.0,3930,9316,1582.0,4492.0,2348.0,4824.0,1587,2158,982.0,4050.0,5032.0,2267,1545.0,331.0,1389.0,2035.0,11029,1.0,13.154649779806487,0.5388377961361663,0.48095586486225844,0.23533585136134239,3.6356745636311034,14.861400237873283,9.207740525249926,11.07815744639815,2.504786396219744,0.8746118486611593,11.80909704587097,16.64251502780546,24.300000000000004,37.599999999999994,62.0,0.0956390433636568,-0.2578514256324536,0.9919219518467325,0.7317175094024237,21.6,6.386045838824778,15.137587193416696,2.5429361278086726,7.213282329872384,3.8550033752290336,7.929499501751904,2.6000739335883507,3.5372271689864667,1.6190845093059887,6.57526439294095,8.19283487093767,3.675396187598444,2.504786396219744,0.5350766659166156,2.268279276093735,3.305972548137195,17.923552669645442,107.4054132244688,106.1134076955222,0.0,4.170529428782667,80.19958854350831,15.552091034748786,0.11893664212928734,1.7234369475071523,0.8795653990806517,668.0,323.0,787.0,172.0,967.0,152.0,5266.0,210.0,449.0,15.005901829052686,0.3041174579703623,0.07528367996399755,0.03810202835192388,0.10141026712526921,0.48095586486225844,0.6263504773538204,0.2775246070269054,0.20233639782699542,0.31292047317496546,0.5878995467549584,0.867516249316918,0.06404117779420747,556.0,0.3811452955736282,0.3675493908515221,23.0,1.0,1,0,0,0.0119375,0.000125,0.0,0,0,6,0,0,0,1,0,0,0,0,0.0,0,0.0,0,0.000125,0,0.0,0,0.00125,,,2005,2022,17,0.5190441351377415
Trevor Ariza,arizatr01,80,215.0,1985-06-30,UCLA,2007,2022,2004-11-03T00:00:00Z,False,16,NBA,"ORL, LAL, HOU, NOH, WAS, HOU, PHO, WAS, POR, SAC, MIA, LAL",SF,981,747.0,31.164118246687053,3.944954128440367,9.36697247706422,0.42115572967678744,1.6320081549439347,4.649337410805301,0.35101951326463493,2.3129459734964324,4.71763506625892,0.49027657735522906,0.5082707585156165,1.5494393476044852,2.08868501529052,0.741825280624695,0.9317023445463812,4.0591233435270135,4.990825688073395,2.27624872579001,1.5300713557594292,0.33231396534148827,1.363914373088685,1.9928644240570845,11.071355759429155,30572.0,3870,9189,1601.0,4561.0,2269.0,4628.0,1520,2049,914.0,3982.0,4896.0,2233,1501.0,326.0,1338.0,1955.0,10861,1.0,13.105907366217455,0.539794943085176,0.4999735705874656,0.22385545597278558,3.420594007588643,14.81603427973309,9.078434515242707,11.065851105586813,2.4703977495747744,0.8786994635614287,11.568880020934188,16.584776920057568,24.2,37.0,61.3,0.09621608007326966,-0.25343124427580793,0.9703781237733875,0.7160637184351694,21.1,6.386212874525709,15.163741331937722,2.616070260368965,7.44654258798901,3.78224519167866,7.7224846264555795,2.5268808059662438,3.40586811461468,1.5253925160277377,6.5590213267041735,8.086140913253958,3.674434122726678,2.4703977495747744,0.5339362815648306,2.2169108988617032,3.2225892973963104,17.928755069998694,107.62086222687427,106.23629464869815,0.0,3.884338610493262,79.39765144576737,16.62374067774434,0.15124950935496534,1.651763051157922,0.6277606960617559,647.0,311.0,766.0,162.0,923.0,147.0,5209.0,208.0,434.0,15.371614549260762,0.29210519429543375,0.07436634829255527,0.03630825592045009,0.09711363339003008,0.4999735705874656,0.6301037877796677,0.27800807928823756,0.19863617035195605,0.3122083278817218,0.5931491560905404,0.8978661193248725,0.060971150071961265,531.0,0.3737498037419861,0.3768011252126128,22.0,1.0,1,0,0,0.011937499999999998,0.000125,0.0,0,0,6,0,0,0,1,0,0,0,0,0.0,0,0.0,0,0.000125,0,0.0,0,0.00125,,,2005,2022,18,0.5000264294125343
Dwight Howard,howardw01,82,265.0,1985-12-08,,2005,2020,2004-11-03T00:00:00Z,True,16,NBA,"ORL, LAL, HOU, ATL, CHO, WAS, LAL",C,1113,1045.0,33.504043126684635,6.054806828391734,10.327044025157234,0.586305898729772,0.008086253369272238,0.061096136567834684,0.1323529411764706,6.046720575022462,10.265947888589398,0.5890075266935061,0.5866974073429615,4.621743036837376,8.175202156334231,0.565336850203319,3.452830188679245,8.848158131177,12.300988319856245,1.4195867026055706,0.9137466307277629,1.9137466307277629,2.8238993710691824,3.2318059299191373,16.739442946990117,37290.0,6739,11494,9.0,68.0,6730.0,11426.0,5144,9099,3843.0,9848.0,13691.0,1580,1017.0,2130.0,3143.0,3597.0,18631,1.0,21.463738267632074,0.6018395816572807,0.0059378653794582995,0.7894534727809065,11.981745776347546,29.54849825690533,20.924521319388578,7.328187181550014,1.397489943684634,4.400954679538749,16.9157307589166,22.569983909895413,62.2,72.3,134.5,0.1728733708769107,0.9928720836685437,1.069750603378922,2.0885036202735314,38.6,9.26976669348351,15.81082327701797,0.003502279431482971,0.07160632877447036,9.262762134620543,15.731115580584609,7.105245374094931,12.544022526146419,5.262434969160633,13.526881201394476,18.796401179941004,2.159806918744972,1.397489943684634,2.945132743362832,4.332279431482972,4.929844462322339,25.651238938053098,110.57758112094395,99.65776347546259,0.0,0.0,0.0,12.618959506570127,87.38104049342988,4.090488066505765,4.564722445695897,612.0,944.0,1655.0,756.0,3849.0,62.0,3783.0,862.0,972.0,3.538310539018503,0.5972384821668008,0.3365311611692143,0.04157699115044248,0.01892040761598284,0.0059378653794582995,0.7191639849825691,0.40930589970501474,0.2594638508983642,0.32507144006436045,0.5781020112630731,0.35218557253955485,0.2677110217216412,2825.0,0.12697082327701797,0.06862429605792437,26.0,0.0,1,0,8,0.2699375,0.34525,0.0625,4,5,10,5,6,8,11,1,1,1,0,0.078125,0,0.256,0,0.000125,0,0.0014375,3,0.202625,,,2005,2022,16,0.9940621346205418
Dwight Howard,howardw01,82,265.0,1985-12-08,,2006,2021,2004-11-03T00:00:00Z,True,16,NBA,"ORL, LAL, HOU, ATL, CHO, WAS, LAL, PHI",C,1100,969.0,32.56,5.968181818181818,10.10909090909091,0.5903776978417267,0.012727272727272728,0.07818181818181819,0.16279069767441862,5.955454545454545,10.030909090909091,0.593710349827805,0.5910071942446044,4.534545454545454,8.087272727272728,0.5607014388489209,3.4054545454545453,8.82,12.225454545454545,1.4236363636363636,0.8818181818181818,1.8690909090909091,2.809090909090909,3.2409090909090907,16.483636363636364,35816.0,6565,11120,14.0,86.0,6551.0,11034.0,4988,8896,3746.0,9702.0,13448.0,1566,970.0,2056.0,3090.0,3565.0,18132,1.0,21.659247263792718,0.6044111011838283,0.00816252512843422,0.7996104534286352,12.159763792718337,30.28837111905294,21.387580969399153,7.542196225150771,1.3832532946169311,4.470649988831807,17.149659370113913,22.861651217333034,59.7,71.4,131.2,0.17553166182711638,0.9561536743354925,1.141266473084655,2.124366205048023,37.3,9.392221353584992,15.91469734197007,0.010324994415903507,0.10126758990395354,9.378249944159036,15.804994974313155,7.166182711637257,12.762636810364082,5.333577172213536,13.847459236095599,19.188412999776634,2.227808800536073,1.3832532946169311,2.955997319633683,4.429743689970963,5.0752038195220015,25.96814552155461,110.62698235425508,99.41227384409203,0.0,0.0,0.0,6.611486486486487,93.38851351351352,4.401555170873352,4.392481014071923,592.0,909.0,1622.0,775.0,3764.0,64.0,3761.0,855.0,937.0,3.5550312709403618,0.6000587167746259,0.3348878992628993,0.03943416350234531,0.017744583426401606,0.00816252512843422,0.724524095376368,0.41170490842081753,0.26724293611793615,0.32650446727719457,0.5823834040652223,0.39339401384855927,0.2701554054054054,2748.0,0.13720521554612464,0.08256834934107661,27.0,0.0,1,0,8,0.26993750000000005,0.34525,0.0,4,5,10,5,6,8,11,0,0,0,0,0.078125,0,0.0,0,0.000125,0,0.0014375,3,0.2025,,,2005,2022,17,0.9918374748715657
Dwight Howard,howardw01,82,265.0,1985-12-08,,2007,2022,2004-11-03T00:00:00Z,True,16,NBA,"ORL, LAL, HOU, ATL, CHO, WAS, LAL, PHI, LAL",C,1078,915.0,31.32282003710575,5.780148423005566,9.7012987012987,0.595811818703385,0.02040816326530612,0.09183673469387756,0.2222222222222222,5.759740259740259,9.609461966604824,0.5993821797470799,0.5968636450564161,4.385899814471243,7.833024118738405,0.5599242065371862,3.3172541743970316,8.539888682745826,11.857142857142858,1.3692022263450836,0.8710575139146568,1.8339517625231911,2.7087198515769946,3.1567717996289426,15.96660482374768,33766.0,6231,10458,22.0,99.0,6209.0,10359.0,4728,8444,3576.0,9206.0,12782.0,1476,939.0,1977.0,2920.0,3403.0,17212,1.0,21.77084937511106,0.6094494461884735,0.010434608778060772,0.8065878694544808,12.192148907184741,30.271053722679614,21.38267488005686,7.499706805662501,1.4087573298584377,4.568563051590356,17.176642184445893,22.763791980098322,57.7,68.30000000000001,126.10000000000001,0.17893499378072616,0.9100367233311616,1.219501865782148,2.1581205946810402,35.4,9.400698927915656,15.768930284901975,0.02245454006989279,0.1275454599301072,9.374376591837944,15.641384824971865,7.163812711011077,12.77826808031748,5.358940946514245,13.843632648226025,19.21327370727951,2.2151187585144823,1.4087573298584377,2.9993395723508858,4.415894686963218,5.099899306995202,25.998172718118816,111.36160634958242,99.36699638689807,0.0,0.0,0.0,0.3921992536871409,99.60780074631286,4.48154356453237,4.076017295504354,550.0,853.0,1542.0,749.0,3562.0,60.0,3566.0,801.0,874.0,3.6050228040040277,0.599761890659243,0.3361337440028431,0.036808416750577506,0.01716670615411953,0.010434608778060772,0.7320329325356868,0.41275422022152464,0.27124225552330744,0.3284334537700646,0.5897334300775928,0.4424398803530178,0.2691903097790677,2574.0,0.1493598590297933,0.1163379731090446,26.0,0.0,1,0,8,0.2668125,0.34418750000000004,0.0,4,5,9,5,6,8,10,0,0,0,0,0.078125,0,0.0,0,0.000125,0,0.0009375,3,0.2025,,,2005,2022,18,0.9895653912219392
Andre Iguodala,iguodan01,78,215.0,1984-01-28,Arizona,2005,2020,2004-11-03T00:00:00Z,False,16,NBA,"PHI, DEN, GSW, MIA",SF,1129,779.0,33.17271922054916,4.322409211691762,9.287865367581931,0.4653824146481022,0.8883968113374667,2.6687333923826393,0.33289080650514435,3.434012400354296,6.619131975199291,0.5188010169945135,0.513208086973107,2.470327723649247,3.483613817537644,0.7091278921942538,0.9353410097431355,4.121346324180691,5.0566873339238265,4.315323294951284,1.4853852967227634,0.5075287865367581,1.8919397697077058,1.8113374667847653,12.00354295837024,37452.0,4880,10486,1003.0,3013.0,3877.0,7473.0,2789,3933,1056.0,4653.0,5709.0,4872,1677.0,573.0,2136.0,2045.0,13552,9.0,15.642707999572785,0.558133851329702,0.30049295097725087,0.3635945209868632,3.2511508063654815,14.03971750507316,8.686030118551747,19.60846416746769,2.280425611449322,1.2149177614012603,14.964114066004486,17.24122877282922,50.8,46.7,97.1,0.1242045017622557,0.917264765566592,1.3274190964434476,2.232567019117804,40.0,6.7168482324041445,14.421552921072307,1.3558020933461497,4.117702659404038,5.332316031186585,10.320818647869274,3.866893623838513,5.458327993164584,1.441247463419844,6.361414610701699,7.799017408950123,6.658651073373918,2.280425611449322,0.770535618925558,2.934297233792588,2.788318380860835,18.656784684396026,111.70941471750507,105.30078500480616,0.5469133824628858,31.87207625760974,64.55059809889993,3.199615507850048,0.0,3.9882783295952153,4.2688187546726475,1107.0,542.0,1086.0,174.0,1652.0,196.0,10843.0,297.0,332.0,13.39883851329702,0.3315612250347111,0.07297482110434689,0.08776164156787356,0.2071114226209548,0.30049295097725087,0.71880038449215,0.3178644932179857,0.3329245434155719,0.38336799102851654,0.5442510947345937,0.8399416319555698,0.1532616682687173,1468.0,0.32318928228132004,0.34076850368471645,54.0,2.0,3,1,1,0.11787500000000001,0.0005,0.060375,1,2,14,0,0,0,4,1,1,1,0,0.0,0,0.022,0,0.07831250000000001,0,0.001875,0,0.0165625,,,2005,2023,16,0.6995070490227491
Andre Iguodala,iguodan01,78,215.0,1984-01-28,Arizona,2006,2021,2004-11-03T00:00:00Z,False,16,NBA,"PHI, DEN, GSW, MIA",SF,1110,702.0,32.527027027027025,4.239639639639639,9.178378378378378,0.46191597958382413,0.9153153153153153,2.7504504504504506,0.3327874222076646,3.324324324324324,6.427927927927928,0.5171688857743518,0.5117785630153121,2.3945945945945946,3.388288288288288,0.7067269343259771,0.9054054054054054,4.018918918918919,4.924324324324324,4.295495495495495,1.4378378378378378,0.5045045045045045,1.8594594594594596,1.7396396396396396,11.78918918918919,36105.0,4706,10188,1016.0,3053.0,3690.0,7135.0,2658,3761,1005.0,4461.0,5466.0,4768,1596.0,560.0,2064.0,1931.0,13086,8.0,15.563176845312283,0.5550558094446753,0.31958255089322807,0.3541919124774962,3.2195706965794213,13.951771222822325,8.637075197341089,19.80651156349536,2.24995983935743,1.2562248995983936,14.939880902922031,17.347583437197063,48.0,44.5,92.2,0.12235914693255782,0.9219720260351753,1.2874698795180723,2.1968730092784936,38.2,6.717831325301204,14.534524304113004,1.4210192494114386,4.322647832710151,5.267010109403129,10.229477911646587,3.828793795873148,5.416310760282509,1.4204680792134055,6.322733693394267,7.746860545630798,6.761415316438167,2.24995983935743,0.7805400914000832,2.9430605179338043,2.7320315745741586,18.69703088214929,111.51358537598671,105.72062041268522,0.4185292895720814,28.743636615427228,67.02681069104003,3.986539260490237,0.0,4.07029497299543,4.11220329594239,1088.0,512.0,1028.0,168.0,1580.0,206.0,10638.0,287.0,311.0,13.885312283617228,0.3150868300789364,0.07107960116327379,0.08649425287356322,0.20761808613765406,0.31958255089322807,0.7177591746295526,0.3308582467802243,0.32984356737294007,0.38524711258828415,0.5449760420994322,0.8346843650463925,0.14368300789364352,1363.0,0.3152561972026035,0.3452179753496745,58.0,2.0,3,1,1,0.11268750000000001,0.0005,0.0,1,2,13,0,0,0,4,0,0,0,0,0.0,0,0.0,0,0.0783125,0,0.001875,0,0.0161875,,,2005,2023,17,0.6804174491067719
Andre Iguodala,iguodan01,78,215.0,1984-01-28,Arizona,2007,2022,2004-11-03T00:00:00Z,False,16,NBA,"PHI, DEN, GSW, MIA, GSW",SF,1059,620.0,31.748819641170915,4.162417374881964,9.08498583569405,0.4581644319717285,0.9225684608120869,2.8035882908404153,0.32906702593465814,3.2398489140698774,6.281397544853635,0.5157847263980758,0.5089387797526245,2.275731822474032,3.2407932011331444,0.7022144522144522,0.8583569405099151,3.943342776203966,4.801699716713881,4.3692162417374885,1.405099150141643,0.5297450424929179,1.8309726156751653,1.6685552407932012,11.523135033050048,33622.0,4408,9621,977.0,2969.0,3431.0,6652.0,2410,3432,909.0,4176.0,5085.0,4627,1488.0,561.0,1939.0,1767.0,12203,8.0,15.574701088572958,0.549732199155315,0.33304931294985424,0.33677330319433707,3.123428112545357,13.964773065254892,8.602887990006545,20.52818987567664,2.24447088216049,1.3658765094283505,14.947150675153173,17.483924216286955,43.599999999999994,43.0,86.3,0.12299018499791801,0.9555618345131164,1.4121943965260841,2.3524656474927133,36.9,6.7479507465350075,14.72813633930165,1.4684641008863244,4.50166557611088,5.256662304443519,10.23619356373803,3.72921896377372,5.303470941645351,1.3722889774552378,6.3445630836952,7.720781036226279,7.031071917197074,2.24447088216049,0.8337517101897568,2.9630152876093034,2.6793260365237046,18.705993099756114,111.23817738385581,105.51641782166439,0.4673725536850871,26.693831419903635,68.4435488668134,4.565790256379751,0.01793468562250907,4.51710784605318,3.5454077687228605,1034.0,472.0,937.0,159.0,1435.0,188.0,10359.0,268.0,277.0,14.363407887692583,0.2980117482600678,0.06803756468978645,0.08598744869430729,0.2147829397418357,0.33304931294985424,0.7251949616322646,0.33138891202189047,0.3207928737136399,0.3852590268276724,0.5392698530723932,0.8279343287133426,0.13820207007316634,1251.0,0.2922824043780857,0.33729311165308434,58.0,2.0,4,1,1,0.10850000000000001,0.0005,0.0,1,2,12,0,0,0,4,0,0,0,0,0.0,0,0.0,0,0.07831250000000001,0,0.001875,0,0.016,,,2005,2023,18,0.6669506870501457
Andre Iguodala,iguodan01,78,215.0,1984-01-28,Arizona,2008,2023,2004-11-03T00:00:00Z,False,16,NBA,"PHI, DEN, GSW, MIA, GSW",SF,991,544.0,30.95156407669021,4.008072653884964,8.72351160443996,0.4594563331405437,0.9384460141271443,2.8486377396569122,0.3294367693942614,3.0696266397578205,5.874873864783048,0.5225008588114051,0.5132446500867553,1.9778002018163472,2.910191725529768,0.6796116504854369,0.8425832492431887,3.8678102926337035,4.710393541876892,4.252270433905147,1.3521695257315842,0.5358224016145308,1.7023208879919274,1.5923309788092836,10.93239152371342,30673.0,3972,8645,930.0,2823.0,3042.0,5822.0,1960,2884,835.0,3833.0,4668.0,4214,1340.0,531.0,1687.0,1578.0,10834,5.0,15.292123365826622,0.5484016887816646,0.35170710396765886,0.31438463795520494,3.135294884752062,13.959175822384509,8.612043164998534,20.20073354415936,2.2069735598083007,1.4258077136243603,14.768023995044501,16.94341929384149,39.49999999999999,39.5,78.7,0.12299768526065268,0.901815929318945,1.4444201740944804,2.3298438365989633,33.5,6.638734391810386,14.460310370684315,1.5312587617774591,4.6789358719394905,5.092439604864213,9.792032080331236,3.3120529455873244,4.869794281615753,1.3792390701920254,6.357356632869299,7.7405340201480115,6.987461285169367,2.2069735598083007,0.8588041600104326,2.8126658624849212,2.6044762494702183,18.134750431976002,111.62722915919538,105.59922407328921,0.512307240895902,23.769764939849377,70.5317054086656,5.354741955465719,0.03807909236136015,5.346806637759593,4.026958562905487,908.0,407.0,839.0,138.0,1210.0,169.0,9479.0,233.0,240.0,14.614983862028495,0.29101059563785747,0.06967821862876145,0.08357304469729078,0.20398728523457113,0.35170710396765886,0.734712124669905,0.34107847292407,0.3214871059237766,0.3851633358328171,0.5468550842760733,0.8321554461578587,0.13989466305871612,1135.0,0.29674355296188837,0.34346699051282886,56.0,2.0,4,1,1,0.10537500000000001,0.0005,0.0,1,2,11,0,0,0,4,0,0,0,0,0.0,0,0.0,0,0.0783125,0,0.0005,0,0.015875,0,0.0,2005,2023,19,0.6482928960323413
J.R. Smith,smithjr01,78,225.0,1985-09-09,North Carolina A&T,2005,2020,2004-11-03T00:00:00Z,False,16,NBA,"NOH, NOK, DEN, NYK, CLE, LAL",SG,977,395.0,26.8935516888434,4.483111566018423,10.71136131013306,0.41853798375537504,1.9754350051177072,5.299897645854657,0.3727307840865199,2.5076765609007166,5.411463664278403,0.46340079440136184,0.5107501194457716,1.4923234390992834,2.036847492323439,0.7326633165829146,0.5056294779938587,2.63971340839304,3.145342886386899,2.1258955987717503,0.9969293756397134,0.20880245649948823,1.345957011258956,2.242579324462641,12.433981576253839,26275.0,4380,10465,1930.0,5178.0,2450.0,5287.0,1458,1990,494.0,2579.0,3073.0,2077,974.0,204.0,1315.0,2191.0,12148,0.0,13.928376784015223,0.5338956422454805,0.5052852140818268,0.1819488106565176,2.166081826831589,11.306211227402475,6.725815413891532,13.139977164605137,1.9033263558515696,0.6112578496669838,10.271280685061845,21.684635585156997,24.4,22.0,46.3,0.08457103710751665,0.5464395813510942,-0.35443958135109416,0.18353187440532823,14.5,8.564167459562322,20.486797335870598,3.758477640342531,10.089225499524263,4.793781160799239,10.40813320647003,2.865788772597526,3.8808258801141773,0.9714671741198858,5.048403425309229,6.010435775451951,4.070778306374881,1.9033263558515696,0.39928068506184583,2.5794367269267364,4.269621313035205,23.757830637488105,105.65156993339677,108.56133206470028,1.9638439581351095,66.29103710751664,30.9734728829686,1.0461655566127497,0.0,2.382489058039962,1.058070409134158,641.0,401.0,1071.0,165.0,815.0,135.0,4837.0,192.0,355.0,17.96731493815414,0.16438576593720267,0.07829937202664129,0.060224966698382496,0.19192449096098957,0.5052852140818268,0.6037221313035204,0.3481455375832541,0.3523756803044719,0.40890622264509985,0.36614386298763085,0.863941883920076,0.03744578496669838,346.0,0.18438165556612748,0.4207686013320647,57.0,0.0,2,0,0,0.0020625,0.0,0.0161875,0,0,1,0,0,0,0,0,0,1,0,0.0,0,0.002,1,0.0725625,0,0.0015625,0,0.0,,,2005,2020,16,0.4947147859181732
Chris Paul,paulch01,72,175.0,1985-05-06,Wake Forest,2006,2021,2005-11-01T00:00:00Z,False,16,NBA,"NOK, NOH, LAC, HOU, OKC, PHO",PG,1090,1090.0,34.63944954128441,6.454128440366972,13.66788990825688,0.4722110350382602,1.3587155963302753,3.6587155963302753,0.3713640922768305,5.095412844036697,10.009174311926605,0.5090742438130156,0.521915693381662,4.061467889908257,4.654128440366972,0.8726591760299626,0.634862385321101,3.881651376146789,4.51651376146789,9.426605504587156,2.1394495412844035,0.13944954128440368,2.404587155963303,2.4458715596330274,18.328440366972476,37757.0,7035,14898,1481.0,3988.0,5554.0,10910.0,4427,5073,692.0,4231.0,4923.0,10275,2332.0,152.0,2621.0,2666.0,19978,16.0,24.874354424345153,0.5826076489127844,0.2649783881134624,0.3444155785682125,2.127571046428477,12.852694864528432,7.498940593797177,45.32284874327939,3.2074184919352704,0.3305744630134809,13.296443043674023,23.858902984876977,139.0,50.5,189.60000000000002,0.24099202796832372,5.214561538257807,2.1949810631141244,7.412413592181582,89.5,9.647236274068385,20.39834732632359,1.9954366077813386,5.391053314617157,7.6286834229414415,15.005646635061048,6.0929046269565905,6.991048017586143,0.9576767221972085,5.764242392139206,6.730370527319438,14.092785443758775,3.2074184919352704,0.2093783934104934,3.5810816537330816,3.6572052864369513,27.34368196625791,122.45411446884022,104.98453266943878,97.02518738247213,3.124851021002728,0.0,0.0,0.0,6.969663903382154,10.38338056519321,1517.0,661.0,781.0,271.0,1195.0,259.0,23650.0,314.0,473.0,14.70391715443494,0.1627507217204757,0.1517416902825966,0.19466557194692374,0.22558624890748732,0.2649783881134624,0.6361841247980508,0.489270916651217,0.472230050056943,0.47284985565590487,0.11098029504462747,0.4783890669279869,0.003053208676536801,42.0,0.10145787536086023,0.3879335487459279,35.0,1.0,0,0,11,0.355375,0.427875,0.0625,7,9,16,4,9,10,15,1,1,1,0,0.1128125,1,0.997,0,0.0,0,0.004125,0,0.012125,,,2006,2025,16,0.7350216118865376
Chris Paul,paulch01,72,175.0,1985-05-06,Wake Forest,2007,2022,2005-11-01T00:00:00Z,False,16,NBA,"NOK, NOH, LAC, HOU, OKC, PHO",PG,1077,1077.0,34.436397400185704,6.4911792014856085,13.636954503249768,0.475999182950909,1.3871866295264623,3.72330547818013,0.37256857855361597,5.103992571959146,9.913649025069638,0.5148449939121476,0.5268604888677061,3.9015784586815228,4.4661095636026,0.8735966735966736,0.606313834726091,3.8560817084493966,4.462395543175488,9.624883936861652,2.115134633240483,0.1541318477251625,2.405756731662024,2.3974001857010214,18.2711234911792,37088.0,6991,14687,1494.0,4010.0,5497.0,10677.0,4202,4810,653.0,4153.0,4806.0,10366,2278.0,166.0,2591.0,2582.0,19678,16.0,24.84942299396031,0.585286561691113,0.2711718884814495,0.3292562823554788,2.040110008628128,12.702221742881795,7.400140207075065,45.81467590595341,3.163573123382226,0.3675339732528041,13.398743528904228,23.744642471958585,138.0,50.5,188.60000000000002,0.24397384598792063,5.260275560828299,2.200657894736842,7.463856233822261,88.4,9.703626509922346,20.345723684210526,2.03646192838654,5.490409296807592,7.630292817083692,14.853637295081967,5.846559534081105,6.702849978429681,0.9129341026747194,5.7163664797239,6.6379044434857635,14.372408865401209,3.163573123382226,0.22865347282139772,3.576776855047455,3.578205888697153,27.250436798964625,123.18334771354615,105.17531276962899,100.0,0.07703300258843832,0.0,0.0,0.0,7.933504098360656,10.9275426013805,1551.0,633.0,771.0,244.0,1079.0,247.0,23928.0,292.0,419.0,15.059453192407247,0.1419053332614323,0.15200736087144087,0.21139371225194134,0.22323932269197583,0.2711718884814495,0.6489817730802416,0.4970086011647972,0.4896789797238999,0.47601612381363234,0.10858256039689389,0.45178232851596206,0.0021240293356341675,31.0,0.10063354723899914,0.39519073554788614,36.0,1.0,0,0,12,0.36087499999999995,0.44200000000000006,0.0,7,9,16,4,9,11,15,0,0,0,0,0.1129375,0,0.0,0,0.0,0,0.004125,0,0.012125,,,2006,2025,17,0.7288281115185505
Chris Paul,paulch01,72,175.0,1985-05-06,Wake Forest,2008,2023,2005-11-01T00:00:00Z,False,16,NBA,"NOH, LAC, HOU, OKC, PHO",PG,1072,1072.0,34.16417910447761,6.440298507462686,13.511194029850746,0.47666390499861916,1.4384328358208955,3.8507462686567164,0.373546511627907,5.001865671641791,9.66044776119403,0.5177674777906528,0.529895056614195,3.771455223880597,4.303171641791045,0.8764361586819857,0.5839552238805971,3.8722014925373136,4.456156716417911,9.627798507462687,2.099813432835821,0.17257462686567165,2.373134328358209,2.3824626865671643,18.090485074626866,36624.0,6904,14484,1542.0,4128.0,5362.0,10356.0,4043,4613,626.0,4151.0,4777.0,10321,2251.0,185.0,2544.0,2554.0,19393,15.0,24.663736893840102,0.5868267256443862,0.28423793141109654,0.31946502293577983,1.9814384010484931,12.828301114023592,7.432265727391876,45.73777031454783,3.153972804718218,0.4173438182612495,13.392302861511578,23.551654652686764,135.5,50.4,186.0,0.24361071974661425,5.1987849497597205,2.200486020096112,7.402230777632154,86.7,9.666030471821756,20.230116863259067,2.1205357142857144,5.705108671909131,7.5081558540847535,14.52330985146352,5.67196373962429,6.47883628221931,0.8835080821319354,5.7602801441677585,6.652501092179992,14.427167977282656,3.153972804718218,0.25607252075141984,3.5403778942769764,3.5688810615989515,27.082951070336392,123.5838248143294,105.47433377020533,100.0,0.07800895587592835,0.0,0.0,0.0,8.203953691568369,10.98246505024028,1553.0,611.0,798.0,226.0,1002.0,235.0,23881.0,267.0,376.0,15.465506225425953,0.125911123853211,0.14801960463084315,0.2205896406727829,0.22096840869375273,0.28423793141109654,0.6520672782874617,0.4986058868501529,0.49372160332022713,0.48419023044997817,0.11213346439493228,0.4422373853211009,0.001636959370904325,24.0,0.10072665465268678,0.40437237876802096,37.0,1.0,0,0,12,0.360125,0.4416875,0.0,7,9,16,4,9,11,14,0,0,0,0,0.1129375,0,0.0,0,0.0,0,0.004125,0,0.012125,0,0.0,2006,2025,18,0.7157620685889035
Chris Paul,paulch01,72,175.0,1985-05-06,Wake Forest,2009,2024,2005-11-01T00:00:00Z,False,16,NBA,"NOH, LAC, HOU, OKC, PHO, GSW",PG,1050,1010.0,33.4752380952381,6.171428571428572,13.00952380952381,0.4743777452415813,1.4552380952380952,3.894285714285714,0.37368549767669357,4.7161904761904765,9.115238095238094,0.517396301326925,0.5303074670571011,3.5752380952380953,4.071428571428571,0.8781286549707602,0.5542857142857143,3.9038095238095236,4.458095238095238,9.322857142857142,2.0038095238095237,0.17809523809523808,2.303809523809524,2.359047619047619,17.373333333333335,35149.0,6480,13660,1528.0,4089.0,4952.0,9571.0,3754,4275,582.0,4099.0,4681.0,9789,2104.0,187.0,2419.0,2477.0,18242,14.0,23.918762980454638,0.5858872229650914,0.29926091780705,0.31187846026913996,1.9159606247688414,13.11298472218271,7.5580244103672936,44.647708327406185,3.048618737375174,0.4437281288230106,13.50315798457993,23.021571026202736,124.9,47.5,172.5,0.2354693163390139,4.79248058266238,2.0714273521295055,6.866991948561836,78.60000000000001,9.396938746479274,19.765262169620755,2.181581268314888,5.8557028649463705,7.176451677145865,13.90343395260178,5.466385956926229,6.23030811687388,0.8526444564567982,5.891729494437965,6.753452445304276,14.170149933141767,3.048618737375174,0.2669777234060713,3.485606987396512,3.584520185496031,26.394133545762326,123.48083871518394,106.10085635437709,100.0,0.08128254004381348,0.0,0.0,0.0,8.003596119377509,10.717357535065009,1511.0,554.0,808.0,209.0,894.0,225.0,22707.0,239.0,337.0,15.855970297874762,0.11243961421377564,0.14255873566815558,0.226226407579163,0.2191860081367891,0.29926091780705,0.6615953796694073,0.5011990668297818,0.4986005860764176,0.4819337676747561,0.11525926768898119,0.4317886995362599,0.0011925232581296765,16.0,0.10851463768528266,0.3891651825087485,39.0,1.0,0,0,11,0.33306250000000004,0.37975,0.0,7,8,15,3,8,10,13,0,0,0,0,0.0685625,0,0.0,0,0.0,0,0.0,0,0.0096875,0,0.0,2006,2025,19,0.70073908219295
Chris Paul,paulch01,72,175.0,1985-05-06,Wake Forest,2010,2025,2005-11-01T00:00:00Z,False,16,NBA,"NOH, LAC, HOU, OKC, PHO, GSW, SAS",PG,1054,1014.0,32.67457305502846,5.785578747628083,12.32258064516129,0.4695103172158916,1.5218216318785578,4.064516129032258,0.37441643323996265,4.2637571157495255,8.258064516129032,0.5163143382352942,0.5312596242685556,3.210626185958254,3.646110056925996,0.8805620608899297,0.5180265654648957,3.7941176470588234,4.3121442125237195,9.044592030360532,1.8889943074003794,0.1888045540796964,2.198292220113852,2.292220113851992,16.30360531309298,34439.0,6098,12988,1604.0,4284.0,4494.0,8704.0,3384,3843,546.0,3999.0,4545.0,9533,1991.0,199.0,2317.0,2416.0,17184,8.0,22.775138650948055,0.5843523911844131,0.33555428438688695,0.2923870031069427,1.8112169342896136,12.929257527802783,7.4146868375969115,43.13350852231481,2.917927349806905,0.48662272423705694,13.742811928337062,22.030784865994946,115.80000000000001,44.099999999999994,159.9,0.22285684834054414,4.283634832602572,1.8161677168326607,6.1029501437323965,70.3,8.940956473765207,18.995179883271874,2.3216121257876243,6.216594558494729,6.579636458666047,12.78105055315195,4.975376753099684,5.657100961119661,0.8034902291007289,5.803919974447574,6.616675861668457,13.94560817677633,2.917927349806905,0.28832428351578154,3.3710502627834718,3.531429484015215,25.125613403408927,123.53668805714452,107.16307093701907,100.0,0.08295827404976916,0.0,0.0,0.0,7.515485350910305,9.48935799529603,1496.0,516.0,827.0,178.0,749.0,206.0,22232.0,196.0,294.0,16.565181915851216,0.09347553645576237,0.1324789047301025,0.22952176311739597,0.208721594703679,0.33555428438688695,0.6732119980254944,0.5013532913266936,0.5008157031272685,0.48216928482243965,0.12382165568105927,0.4258196521385638,0.0009556026597752549,13.0,0.11475835535294289,0.40046467667470015,41.0,1.0,0,0,10,0.29556249999999995,0.3363125,0.0,6,7,14,3,7,9,12,0,0,0,0,0.05862500000000001,0,0.0,0,0.0,0,0.0,0,0.0045625,0,0.0,2006,2025,20,0.664445715613113
Lou Williams,willilo02,74,175.0,1986-10-27,,2006,2021,2005-11-02T00:00:00Z,False,16,NBA,"PHI, ATL, TOR, LAL, HOU, LAC, ATL",PG/SG,1067,122.0,24.65323336457357,4.612933458294283,10.98875351452671,0.4197867803837953,1.330834114339269,3.790065604498594,0.35113748763600394,3.282099343955014,7.1986879100281165,0.4559302174196068,0.4803411513859275,3.725398313027179,4.428303655107779,0.8412698412698413,0.3889409559512652,1.8575445173383318,2.246485473289597,3.452671040299906,0.865979381443299,0.17713214620431114,1.7366447985004687,1.3036551077788192,14.282099343955014,26305.0,4922,11725,1420.0,4044.0,3502.0,7681.0,3975,4725,415.0,1982.0,2397.0,3684,924.0,189.0,1853.0,1391.0,15239,1.0,18.136916935943734,0.551449952480517,0.3456377114616993,0.40381186086295384,1.7807641132864473,8.454943927010074,5.122455806880821,22.88865995057974,1.7835962744725338,0.5736856111005512,11.854540961794337,26.38884242539441,46.2,18.8,65.2,0.1190404485839194,2.4179091427485266,-0.9042919597034785,1.5176468352024328,23.4,9.438749287207754,22.487644934423113,2.717662041436989,7.735886713552556,6.714871697395933,14.751564341379964,7.625124501045429,9.072115567382626,0.8091275422923399,3.8116517772286636,4.619368941265919,7.051229804219729,1.7835962744725338,0.3788367230564531,3.5451245010454286,2.6926858011784836,29.225113096369512,110.51286827599316,110.39859342330355,65.68994487739974,31.247329405056075,3.1666603307356014,0.0,0.0,0.20313628587720967,0.41065196730659576,1143.0,438.0,579.0,118.0,1960.0,163.0,8298.0,367.0,720.0,14.706036875118798,0.22121969207375022,0.14051910283216118,0.12340897167838814,0.1691994677817905,0.3456377114616993,0.5921372362668693,0.39162387378825314,0.3829004751948299,0.3900814674016347,0.2873335867705759,0.6493849458277894,0.014733738832921497,147.0,0.22314449724387,0.38583333966926436,22.0,2.0,0,0,0,0.0,0.000125,0.0,0,0,0,0,0,0,1,0,0,0,0,0.0,0,0.0,3,0.22318749999999998,0,0.0018124999999999999,0,0.0,,,2006,2022,16,0.6543622885383007
Lou Williams,willilo02,74,175.0,1986-10-27,,2007,2022,2005-11-02T00:00:00Z,False,16,NBA,"PHI, ATL, TOR, LAL, HOU, LAC, ATL",PG/SG,1093,122.0,24.665141811527906,4.596523330283623,10.972552607502287,0.41891103143500374,1.3311985361390668,3.784995425434584,0.35170413343002177,3.2653247941445565,7.187557182067704,0.4543024439918534,0.47957141665971814,3.6907593778591035,4.382433668801464,0.8421711899791232,0.39158279963403475,1.8636779505946934,2.2552607502287283,3.457456541628545,0.8664226898444648,0.1756633119853614,1.7227813357731017,1.3046660567246111,14.215004574565416,26959.0,5024,11993,1455.0,4137.0,3569.0,7856.0,4034,4790,428.0,2037.0,2465.0,3779,947.0,192.0,1883.0,1426.0,15537,1.0,18.007140472569457,0.5502825030602027,0.345776772135465,0.3999027041062354,1.7898586742831708,8.467936496160837,5.134600689936571,22.82227085574391,1.7810304536518415,0.5686598167587819,11.788081902147706,26.2724062465225,46.599999999999994,19.1,65.9,0.1173539448792611,2.326332579101599,-0.9163173708223599,1.41394710486294,23.3,9.393879594940465,22.425935680106832,2.716135613338773,7.717726918654253,6.671679216588153,14.70801958529619,7.5460625394116985,8.969553766831114,0.8132200749285953,3.8189324529841615,4.630776364108462,7.053455246856338,1.7810304536518415,0.3755740198078564,3.51143959345673,2.6915352943358437,29.054668199859048,110.47594495344782,110.60176564412626,66.04807299974034,30.95812159204718,3.089840127601172,0.0,0.0,0.2563299825661188,0.3839274453800216,1169.0,446.0,590.0,116.0,1982.0,164.0,8527.0,368.0,724.0,14.747876404911162,0.2167039949553025,0.14151066434214918,0.1274423754590304,0.1685811417337438,0.345776772135465,0.5899942876219444,0.39195033198560775,0.3846368559664676,0.38954404836974665,0.28816217218739565,0.6498883860677325,0.014260840535628176,146.0,0.2269949923958604,0.38895081419933974,22.0,2.0,0,0,0,0.0,0.000125,0.0,0,0,0,0,0,0,1,0,0,0,0,0.0,0,0.0,3,0.2231875,0,0.0018124999999999999,0,0.0,,,2006,2022,17,0.6542232278645351
C.J. Miles,milescj01,78,220.0,1987-03-18,,2006,2022,2005-11-14T00:00:00Z,False,16,NBA,"UTA, CLE, IND, TOR, MEM, WAS, BOS",SF,849,303.0,20.358068315665488,3.395759717314488,8.263839811542992,0.4109179019384265,1.4723203769140165,4.10718492343934,0.3584743332377402,1.923439340400471,4.156654888103652,0.46273731935392465,0.5,1.2862190812720848,1.5901060070671378,0.8088888888888889,0.4275618374558304,1.9411071849234394,2.3686690223792697,1.076560659599529,0.7078916372202592,0.29917550058892817,0.8527679623085983,2.110718492343934,9.550058892815077,17284.0,2883,7016,1250.0,3487.0,1633.0,3529.0,1092,1350,363.0,1648.0,2011.0,914,601.0,254.0,724.0,1792.0,8108,0.0,13.071788937745893,0.5330418884517474,0.49181069196945154,0.19162641749595,2.4397072436935896,10.93364961814395,6.67537028465633,8.496545938440175,1.794688729460773,1.2010356398981719,8.700798426290211,21.588914603101134,13.9,16.2,30.0,0.08374184216616523,-0.08607961120111086,-0.34301666280953486,-0.42783499190002305,6.800000000000001,8.522072436935895,20.742241379310347,3.6619127516778525,10.259176116639665,4.86765216385096,10.505982411478824,3.2558204119416807,3.987821106225411,1.053766489238602,4.873131219625087,5.942125665355242,2.71355010414256,1.794688729460773,0.7502950705855126,2.1353274704929412,5.3069833371904656,23.99759314973386,105.49606572552649,108.11079611201112,0.20782226336496182,45.34789400601713,51.36073825503356,3.0486577181208054,0.0,1.588602175422356,1.085148113862532,369.0,181.0,951.0,95.0,582.0,75.0,2009.0,131.0,289.0,17.108308261976394,0.18654321916223096,0.09822546864151818,0.06245047442721592,0.16073837074751215,0.49181069196945154,0.6282432885906041,0.34910622541078457,0.3765974311501967,0.370541541309882,0.5897192779449202,0.9342772506364269,0.04370157370978941,257.0,0.20724780143485305,0.3899570701226568,25.0,0.0,0,0,0,0.0,0.0,0.0,0,0,0,0,0,0,0,0,0,0,0,0.0,0,0.0,0,0.0,0,0.0,0,0.0,,,2006,2022,16,0.5080735940754455
Rudy Gay,gayru01,80,250.0,1986-08-17,UConn,2007,2022,2006-11-01T00:00:00Z,False,16,NBA,"MEM, TOR, SAC, SAS, UTA",SF,1064,779.0,31.715225563909776,6.166353383458647,13.612781954887218,0.45298260149130076,1.0836466165413534,3.100563909774436,0.3494998484389209,5.082706766917293,10.512218045112782,0.48350469378632094,0.49278514222590447,2.8890977443609023,3.617481203007519,0.7986489997401922,1.3289473684210527,4.422932330827067,5.7518796992481205,2.0892857142857144,1.1390977443609023,0.7330827067669173,2.075187969924812,2.308270676691729,16.30545112781955,33745.0,6561,14484,1153.0,3299.0,5408.0,11185.0,3074,3849,1414.0,4706.0,6120.0,2223,1212.0,780.0,2208.0,2456.0,17349,0.0,16.512555934212475,0.5361304193213808,0.22860047414431767,0.2652154689583642,4.780290413394578,15.91400800118536,10.339303600533412,11.171415024448066,1.836123870202993,1.8501052007704846,11.973071566157948,24.30449548081197,27.299999999999997,33.5,60.6,0.08640453400503778,0.8361505408208624,-0.16565120758630908,0.6798281226848422,22.9,9.899119869610313,21.866931397244038,1.7316165357830788,4.951071269817751,8.168905022966364,16.91593421247592,4.647793747221811,5.8113350125944585,2.1448985034819974,7.06043265668988,9.191423914654022,3.336224625870499,1.836123870202993,1.17623055267447,3.3369121351311306,3.6975611201659504,26.175460068158248,104.85263001926211,107.99641428359757,0.0,0.33557564083567937,64.11788413098236,33.92902652244777,1.6775225959401392,-0.5399733293821309,1.5291480219291744,901.0,818.0,1159.0,242.0,1678.0,114.0,5044.0,341.0,816.0,12.821129056156467,0.2434154096903245,0.1834583197510742,0.16035871981034228,0.18440992739665138,0.22860047414431767,0.636667743369388,0.4122430285968292,0.4445888872425544,0.39209186546154984,0.377025514891095,0.8336971995851238,0.0830967550748259,1039.0,0.21815062972292193,0.3711935101496518,46.0,1.0,0,0,0,0.0,0.0015000000000000002,0.042,0,0,0,0,0,0,3,1,1,1,0,0.0,0,0.145,0,0.0,0,0.0166875,0,0.0,,,2007,2023,16,0.7713995258556824
Rudy Gay,gayru01,80,250.0,1986-08-17,UConn,2008,2023,2006-11-01T00:00:00Z,False,16,NBA,"MEM, TOR, SAC, SAS, UTA",SF,1042,736.0,31.149712092130518,6.093090211132438,13.446257197696736,0.45314395831846405,1.0882917466410749,3.1535508637236083,0.3451004260499087,5.004798464491363,10.292706333973129,0.48624708624708624,0.4936121618728142,2.8445297504798464,3.5403071017274472,0.8034697750067769,1.2994241842610366,4.3963531669865645,5.6957773512476,2.092130518234165,1.1132437619961613,0.6948176583493282,2.0201535508637236,2.238003838771593,16.119001919385795,32458.0,6349,14011,1134.0,3286.0,5215.0,10725.0,2964,3689,1354.0,4581.0,5935.0,2180,1160.0,724.0,2105.0,2332.0,16796,0.0,16.59014726723766,0.5371289050465216,0.23687248136052746,0.26221292131369767,4.737057119970423,16.03292562696408,10.379348696777374,11.33236182143077,1.8264372419742436,1.7962936718220468,11.803259597017684,24.333122804855506,27.4,33.2,60.4,0.08957039866904923,0.8759874299094214,-0.13692156017006596,0.7487645572740157,22.599999999999998,9.947156325097048,21.957696099574832,1.7638147760182388,5.111682790067164,8.175805656540762,16.846090332121513,4.655206728695545,5.784231930494793,2.1286924641074623,7.129746133464785,9.24397991250231,3.395973257748475,1.8264372419742436,1.133899192803007,3.3042424055702755,3.64021504713784,26.31105736644279,105.32934869677737,108.02815946761969,0.0,0.2840902088853287,61.79598250046214,35.67068211226816,2.2468420728325835,-0.27611682790067177,1.3861082013679218,881.0,781.0,1110.0,221.0,1607.0,111.0,4963.0,321.0,765.0,12.961402427752788,0.23678775648530406,0.1849348080596463,0.16275959701768442,0.17889783720500343,0.23687248136052746,0.6422033397005361,0.4124382586727463,0.450538295643601,0.39746524739663563,0.3750707683775957,0.8320920266190153,0.08097901903999015,988.0,0.21534219606876578,0.36591647667755256,42.0,1.0,0,0,0,0.0,0.0015000000000000002,0.0,0,0,0,0,0,0,3,0,0,0,0,0.0,0,0.0,0,0.0,0,0.0166875,0,0.0,0,0.0,2007,2023,17,0.7631275186394726
Kyle Lowry,lowryky01,72,196.0,1986-03-25,Villanova,2007,2022,2006-11-01T00:00:00Z,False,16,NBA,"MEM, HOU, TOR, MIA",PG,1023,787.0,31.879765395894427,4.740957966764419,11.164222873900293,0.42465633482181947,1.9266862170087977,5.228739002932551,0.36848008973639934,2.814271749755621,5.935483870967742,0.47414361001317523,0.5109447508974696,3.367546432062561,4.139784946236559,0.8134592680047226,0.7859237536656891,3.5884652981427174,4.374389051808406,6.323558162267839,1.3196480938416422,0.2913000977517107,2.364613880742913,2.7468230694037143,14.776148582600195,32613.0,4850,11421,1971.0,5349.0,2879.0,6072.0,3445,4235,804.0,3671.0,4475.0,6469,1350.0,298.0,2419.0,2810.0,15116,20.0,18.05024376782265,0.5676116579278202,0.4607942231625426,0.37730484776009565,2.798666176064759,12.748391745622913,7.782724680342195,30.749596786557507,2.1167295250360287,0.757927820194401,15.56950602520467,21.500594854812498,69.80000000000001,34.900000000000006,104.6,0.1540126943243492,2.5192929200012264,0.555885689755619,3.0777512035078036,41.9,7.546248428540767,17.741262686658697,3.0544660104866157,8.268938766749457,4.489004384754546,9.480412718854446,5.365624137613835,6.5958973415509154,1.2651427344923802,5.695750160978751,6.939438260816239,10.021776592156503,2.1167295250360287,0.46536043908870695,3.744436267745991,4.369174868917303,23.488084506178517,114.84984515377303,107.82930119890841,93.20182135958053,6.798178640419465,0.0,0.0,0.0,4.132122159874896,4.050440008585533,1452.0,509.0,1099.0,233.0,1620.0,548.0,14867.0,324.0,675.0,16.063974488700826,0.23374037960322572,0.12009425689142367,0.06752190844141906,0.11802916015086008,0.4607942231625426,0.6200190108239045,0.37744028454910616,0.37358915156532674,0.3735485235948855,0.25640631036703154,0.6711212706589398,0.000331677551896483,2.0,0.14782427252935948,0.3921552448410143,47.0,2.0,1,0,6,0.027125000000000003,0.02175,0.0,0,0,7,0,0,1,6,0,0,0,0,0.0003125,0,0.0,0,0.000125,0,0.0100625,0,0.00025,,,2007,2025,16,0.5392057768374575
Kyle Lowry,lowryky01,72,196.0,1986-03-25,Villanova,2008,2023,2006-11-01T00:00:00Z,False,16,NBA,"MEM, HOU, TOR, MIA",PG,1068,831.0,31.9812734082397,4.711610486891386,11.112359550561798,0.4239973036737445,1.942883895131086,5.2911985018726595,0.3671916474960184,2.7687265917602994,5.821161048689139,0.4756313334405662,0.511417256488035,3.310861423220974,4.0655430711610485,0.8143712574850299,0.7818352059925093,3.5898876404494384,4.371722846441948,6.290262172284645,1.304307116104869,0.29775280898876405,2.350187265917603,2.7462546816479403,14.676966292134832,34156.0,5032,11868,2075.0,5651.0,2957.0,6217.0,3536,4342,835.0,3834.0,4669.0,6718,1393.0,318.0,2510.0,2933.0,15675,21.0,17.774824335402272,0.5675397880313855,0.4710375629464809,0.37046703361049305,2.7710592575243,12.75472830542218,7.764129289143927,30.39759632275442,2.08560721395948,0.7819973064761682,15.56701604403326,21.28680173322403,70.9,36.6,107.5,0.15112554163250963,2.3646387164773395,0.5530799859468322,2.9246925869539755,42.5,7.471041691064528,17.592139009251667,3.067794823749854,8.33629230589062,4.40059433188898,9.263570090174493,5.256845063824803,6.452078697739783,1.2504157395479563,5.676335050942734,6.906265370652301,9.933329429675606,2.08560721395948,0.4729798571261271,3.7082445251200378,4.352822344536831,23.238297810048017,114.79095912870359,108.13880430963813,93.93418433071788,6.0658156692821175,0.0,0.0,0.0,3.9222040051528277,3.880814498184799,1517.0,523.0,1158.0,234.0,1666.0,571.0,15446.0,340.0,696.0,16.263865792247334,0.2276611722684155,0.11907521372526056,0.06832454034430262,0.11401788851153533,0.4710375629464809,0.6191566342663075,0.38272198149666237,0.37804230589061955,0.3788266483194753,0.259510334933833,0.6737558262091579,0.00018348167232697037,1.0,0.1481278252722801,0.39561933481672323,48.0,2.0,1,0,6,0.027125,0.02175,0.0,0,0,7,0,0,1,6,0,0,0,0,0.0003125,0,0.0,0,0.000125,0,0.010062500000000002,0,0.00025,0,0.0,2007,2025,17,0.5289624370535191
Kyle Lowry,lowryky01,72,196.0,1986-03-25,Villanova,2009,2024,2006-11-01T00:00:00Z,False,16,NBA,"MEM, HOU, TOR, MIA, PHI",PG,1046,877.0,32.27246653919694,4.721797323135755,11.140535372848948,0.4238393546726165,2.04302103250478,5.507648183556405,0.3709425446971012,2.6787762906309753,5.632887189292543,0.4755600814663951,0.5155324809062044,3.208413001912046,3.890057361376673,0.8247726714180388,0.7915869980879541,3.618546845124283,4.410133843212237,6.381453154875717,1.3001912045889101,0.3030592734225621,2.3594646271510515,2.7667304015296366,14.695028680688337,33757.0,4939,11653,2137.0,5761.0,2802.0,5892.0,3356,4069,828.0,3785.0,4613.0,6675,1360.0,317.0,2468.0,2894.0,15371,21.0,17.64567941463993,0.5711256924489736,0.49519284889060045,0.3484210682228871,2.7778090470124717,12.746891015196848,7.76168794620375,30.414109666143315,2.059223272210208,0.8018099949640074,15.70861154723465,21.03319607785052,70.4,37.199999999999996,107.60000000000001,0.15309126995882336,2.371727345439464,0.5861095476493765,2.9648932073347747,42.3,7.415975945729775,17.47084752792013,3.193545042509702,8.58988654205054,4.219747015433836,8.883769292294932,5.043981988920817,6.118659833516012,1.2533755961726456,5.669310069022722,6.901958112391504,9.981837841040377,2.059223272210208,0.47766685428207484,3.685395621648843,4.341070000296235,23.0469058269396,115.37186361347275,108.255176704091,94.3575554699766,5.642444530023402,0.0,0.0,0.0,4.248221109695766,3.4992001658915193,1514.0,507.0,1160.0,217.0,1549.0,553.0,15326.0,320.0,647.0,16.71831916343277,0.21056334982374028,0.11978949551204195,0.06821921379269485,0.10641472879699027,0.49519284889060045,0.6257355215214622,0.3844299552685369,0.3718293983470095,0.3822644488550523,0.27265805610688154,0.6687891400302161,0.0,0.0,0.13933569333767812,0.4015125751695945,40.0,2.0,1,0,6,0.027125000000000003,0.02175,0.0,0,0,7,0,0,1,6,0,0,0,0,0.0003125,0,0.0,0,0.000125,0,0.0100625,0,0.000125,0,0.0,2007,2025,18,0.5048071511093996
Kyle Lowry,lowryky01,72,196.0,1986-03-25,Villanova,2010,2025,2006-11-01T00:00:00Z,False,16,NBA,"HOU, TOR, MIA, PHI",PG,1004,868.0,32.60657370517928,4.77191235059761,11.290836653386455,0.42263585038814394,2.1324701195219125,5.72808764940239,0.372283081203269,2.639442231075697,5.562749003984064,0.4744852282900627,0.5170695130557516,3.189243027888446,3.860557768924303,0.826109391124871,0.8097609561752988,3.6633466135458166,4.473107569721115,6.47011952191235,1.3187250996015936,0.3097609561752988,2.362549800796813,2.798804780876494,14.865537848605578,32737.0,4791,11336,2141.0,5751.0,2650.0,5585.0,3202,3876,813.0,3678.0,4491.0,6496,1324.0,311.0,2372.0,2810.0,14925,21.0,17.65420777713291,0.5714345236276996,0.5141686470965574,0.3382328557900846,2.803146287075786,12.750416959403733,7.771521519992668,30.394241989186547,2.0608760729449855,0.8179704921037357,15.55267128936677,20.963545834987933,69.2,35.8,105.0,0.15398768976998503,2.425161132663347,0.5935363655802303,3.0208449155389925,41.5,7.401716711977273,17.484570974738066,3.2963038763478636,8.83139261386199,4.1026453248617765,8.656074166844855,4.9490606958487335,5.990356477380334,1.2675016036900142,5.663802425390232,6.909930659498427,9.99158139108654,2.0608760729449855,0.4830100497907566,3.6426673183248313,4.3330024131716405,23.023508568286648,115.77169563490851,108.46442862815775,94.43818920487521,5.561810795124782,0.0,0.0,0.0,4.517151846534502,3.821235910437731,1476.0,479.0,1132.0,202.0,1462.0,526.0,14945.0,300.0,610.0,17.122854873690322,0.1964046797201943,0.12067880379998168,0.06687488163240371,0.10198680392216758,0.5141686470965574,0.6310659192962093,0.38470852552158114,0.37799722027064175,0.37261080734337293,0.2811428353239454,0.6632349940434371,0.0,0.0,0.1295439411063934,0.40649292849069857,36.0,2.0,1,0,6,0.027125000000000003,0.02175,0.0,0,0,7,0,0,1,6,0,0,0,0,0.0003125,0,0.0,0,0.000125,0,0.0100625,0,0.000125,0,0.0,2007,2025,19,0.48583135290344254
Paul Millsap,millspa01,79,257.0,1985-02-10,Louisiana Tech,2007,2022,2006-11-01T00:00:00Z,False,16,NBA,"UTA, ATL, DEN, BRK, PHI",PF,1085,746.0,28.10967741935484,5.027649769585254,10.283870967741935,0.4888868972934218,0.4986175115207373,1.463594470046083,0.3406801007556675,4.529032258064516,8.820276497695852,0.5134796238244514,0.5131295931170461,2.8433179723502304,3.8617511520737327,0.7362768496420048,2.1594470046082948,4.912442396313364,7.071889400921659,2.1917050691244238,1.2230414746543778,0.9631336405529954,1.6857142857142857,2.9935483870967743,13.397235023041475,30499.0,5455,11158,541.0,1588.0,4914.0,9570.0,3085,4190,2343.0,5330.0,7673.0,2378,1327.0,1045.0,1829.0,3248.0,14536,1.0,18.722017115315257,0.5596026754975573,0.1361661038066822,0.37825161480704284,8.943591593166989,19.973425358208466,14.497980261647923,12.637050395094922,2.2211580707564185,2.8241811206924816,12.334096199875406,21.748968818649793,49.8,45.7,95.2,0.15013039771795797,0.8765172628610775,1.0245155578871439,1.9110987245483457,30.099999999999998,9.111613495524443,18.62277779599331,0.8929178005836257,2.601600052460737,8.222026951703334,16.032581396111347,5.1503229614085715,6.987429096035936,3.9122331879733765,8.904796878586184,12.816275943473556,3.95909046198236,2.2211580707564185,1.7402603364044724,3.051319715400505,5.428518967835011,24.255670677727142,111.5337552050887,103.66130037050395,0.0,0.0,3.3484048657333028,90.60992163677497,6.09747860585593,4.489330797731072,5.13276500868881,684.0,574.0,1757.0,317.0,1890.0,137.0,5557.0,413.0,847.0,9.028551755795272,0.39232489589822617,0.2179862946326109,0.1252378766516935,0.12825597560575758,0.1361661038066822,0.6502177776320535,0.40262887307780587,0.38762798780287877,0.36097747467130076,0.6154247680251812,0.7633309944588348,0.058578510770844944,545.0,0.1592092199744254,0.3123712908619955,11.0,2.0,0,0,4,0.038,0.0158125,0.0388125,0,1,5,0,0,0,6,0,1,1,0,0.0,0,0.03,0,0.0016875000000000002,0,0.008375,0,0.002,,,2007,2022,16,0.8638338961933179
Rajon Rondo,rondora01,73,180.0,1986-02-22,Kentucky,2007,2022,2006-11-01T00:00:00Z,False,16,NBA,"BOS, DAL, SAC, CHI, NOP, LAL, ATL, LAC, CLE, LAL",PG,957,733.0,29.853709508881924,4.0606060606060606,8.89864158829676,0.45631751996242365,0.46917450365726227,1.446185997910136,0.32442196531791906,3.5914315569487982,7.4524555903866245,0.4819125070106562,0.48267966181305777,1.1661442006269593,1.9080459770114941,0.6111719605695509,0.9508881922675027,3.593521421107628,4.544409613375131,7.924764890282131,1.5862068965517242,0.13061650992685475,2.7021943573667713,2.0867293625914316,9.756530825496343,28570.0,3886,8516,449.0,1384.0,3437.0,7132.0,1116,1826,910.0,3439.0,4349.0,7584,1518.0,125.0,2586.0,1997.0,9337,32.0,15.83846342317116,0.5006137206860343,0.1605885194259713,0.21760122506125307,3.775659782989149,13.472219110955548,8.716419320966049,40.585505775288766,2.7246587329366467,0.35268463423171154,21.71480924046202,18.850133006650335,20.0,41.9,61.7,0.10382415120756039,0.26527826391319564,0.9572243612180609,1.2391004550227513,23.5,6.945719285964299,15.18450472523626,0.7791844592229611,2.3834161708085406,6.164910745537277,12.794025201260062,2.0171088554427725,3.2996149807490376,1.642901645082254,6.110049002450122,7.744868743437171,13.504375218760938,2.7246587329366467,0.2192579628981449,4.59288414420721,3.5592299614980747,16.686940847042354,104.18722436121806,103.94077703885195,90.5786839341967,9.42131606580329,0.0,0.0,0.0,2.206853342667133,0.4789254462723134,1761.0,449.0,604.0,165.0,691.0,210.0,17209.0,155.0,604.0,10.068813440672034,0.40725981799089955,0.17472271613580678,0.0704823591179559,0.18676520826041304,0.1605885194259713,0.6011306615330767,0.35104665733286666,0.35716065803290165,0.3696177458872944,0.25964644732236614,0.6095609380469023,0.009989219460973048,76.0,0.2394635281764088,0.30342971648582434,16.0,0.0,2,0,4,0.15875,0.0270625,0.01075,2,4,7,0,0,1,5,0,1,1,0,0.000875,0,0.005,0,0.0,0,0.0119375,0,0.01125,,,2007,2022,16,0.8394114805740286
LaMarcus Aldridge,aldrila01,83,250.0,1985-07-19,Texas,2007,2022,2006-11-12T00:00:00Z,False,16,NBA,"POR, SAS, BRK",PF,1076,997.0,33.682156133829,7.723977695167286,15.680297397769516,0.49259127548601234,0.21096654275092938,0.6598513011152416,0.31971830985915495,7.5130111524163565,15.020446096654275,0.500185620591511,0.4993183973447131,3.447026022304833,4.2407063197026025,0.8128424282270436,2.579925650557621,5.5390334572490705,8.118959107806692,1.929368029739777,0.7044609665427509,1.1031598513011152,1.5269516728624535,2.4144981412639406,19.105947955390334,36242.0,8311,16872,227.0,710.0,8084.0,16162.0,3709,4563,2776.0,5960.0,8736.0,2076,758.0,1187.0,1643.0,2598.0,20558,0.0,20.704240935930688,0.5446375751890071,0.041370785276750734,0.26995474863418134,8.812573809392417,18.792872909883563,13.815749682688594,10.215026764527344,1.1055322553942941,2.6232106395894266,8.034338612659345,25.74853484907014,72.8,42.7,115.5,0.15325172451851443,1.9774460570608687,-0.3202444677446057,1.6570084432426466,33.5,11.897610507146405,24.17984934606258,0.31528337288229125,0.9879807957618233,11.59493405441201,23.20648970807351,5.307560289167265,6.53530710225705,4.006682854147122,8.507347828486289,12.517322443573756,2.9604740356492467,1.1055322553942941,1.6863390541360852,2.3419209756635944,3.7318608244578115,29.435820318966943,112.58528778764969,106.44136637050936,0.0,0.0,0.0,57.57734120633519,42.566276695546605,3.861351470669389,4.89691794051101,418.0,579.0,1499.0,363.0,2101.0,86.0,5081.0,495.0,554.0,11.006834611776393,0.24472901605871644,0.20169460846531645,0.20853611831576624,0.30382310578886373,0.041370785276750734,0.7021899729595495,0.449335080845428,0.41917609403454553,0.4280388223607969,0.5781336570829425,0.7667758953700127,0.06073351360300205,896.0,0.2767254842447988,0.2440064014127256,18.0,0.0,0,0,7,0.0011875,0.1255625,0.039875,0,0,3,0,2,5,10,1,1,1,0,0.002,0,0.028,0,0.0,0,0.0301875,0,0.000125,,,2007,2022,16,0.9586292147232492
Kevin Durant,duranke01,83,240.0,1988-09-29,Texas,2008,2024,2007-10-31T00:00:00Z,False,16,NBA,"SEA, OKC, GSW, BRK, PHO",SF,1061,1058.0,36.731385485391144,9.37794533459001,18.732327992459943,0.5006289308176101,1.9142318567389256,4.946277097078228,0.3870045731707317,7.463713477851084,13.786050895381715,0.5413960484036371,0.5517232704402516,6.590951932139491,7.455230914231857,0.8840707964601769,0.6757775683317625,6.349670122525919,7.025447690857681,4.3779453345900095,1.05937794533459,1.127238454288407,3.170593779453346,1.9161168708765315,27.261074458058435,38972.0,9950,19875,2031.0,5248.0,7919.0,14627.0,6993,7910,717.0,6737.0,7454.0,4645,1124.0,1196.0,3364.0,2033.0,28924,18.0,25.00770553217695,0.6186646310171404,0.2624851944986144,0.39877476136713536,2.1425356666324538,18.565098019090634,10.716422046597557,20.69303089397516,1.439069075233501,2.4217309863491736,12.576460022580312,30.174802422251872,121.0,49.1,170.3,0.20958175100071846,5.89154777789182,0.7038335215026172,6.589669506312224,84.8,12.72326028943857,25.449728009853228,2.5878374217386844,6.710181668890485,10.142037873344966,18.754654623832497,8.964577132300112,10.174040336651956,0.9326105922200554,8.620250436210613,9.548155085702554,5.911852098942831,1.439069075233501,1.5228035512675768,4.311010469054706,2.599789592527969,37.0296007389921,117.89402648055014,106.73306476444627,0.0,8.391768449142974,49.529893256697115,36.709124499640765,5.452299086523658,5.877311916247563,5.7908241814636146,1522.0,1215.0,1075.0,338.0,3114.0,113.0,10796.0,680.0,689.0,14.216365595812377,0.20070678948989018,0.12737298573334702,0.20644249717746077,0.20311362003489686,0.2624851944986144,0.750254156830545,0.4633192548496357,0.4670365133942318,0.4652831520065689,0.4922718875089808,0.7442499486811044,0.07705560402340142,1469.0,0.07581733039104999,0.4181515960176537,9.0,0.0,2,2,14,0.0186875,0.5449375000000001,0.0614375,0,0,10,6,11,11,14,1,1,1,1,0.2006875,1,0.872,0,0.0,0,0.019750000000000004,0,0.000875,0,0.0,2008,2025,16,0.7375148055013855
Kevin Durant,duranke01,83,240.0,1988-09-29,Texas,2009,2025,2007-10-31T00:00:00Z,False,16,NBA,"OKC, GSW, BRK, PHO",SF,1043,1040.0,36.88302972195589,9.544582933844678,18.823585810162992,0.5070544491417511,2.0441035474592524,5.191754554170662,0.39372114496768235,7.500479386385426,13.63183125599233,0.550218033478689,0.5613507869403556,6.62032598274209,7.500479386385426,0.8826537134091781,0.6423777564717162,6.529242569511026,7.171620325982742,4.521572387344199,1.0508149568552254,1.1486097794822627,3.1850431447746885,1.9319271332694152,27.7535953978907,38469.0,9955,19633,2132.0,5415.0,7823.0,14218.0,6905,7823,670.0,6810.0,7480.0,4716,1096.0,1198.0,3322.0,2015.0,28947,18.0,25.446044867295743,0.6272098572876862,0.2746130130754634,0.39928802412332004,2.039733291741402,19.018594192726614,10.901744261613246,21.254173490342875,1.4219163482284436,2.505095011567756,12.572229587460033,30.237258571837067,124.6,48.400000000000006,173.2,0.21597948997894406,6.162231927006162,0.7221892952767164,6.871439340767892,86.5,12.886443629935792,25.454950739556526,2.748600171566716,7.00860693025553,10.144544958278095,18.461649639969846,8.966713457589227,10.189383659570044,0.8807039434349737,8.826559047544777,9.702495515869922,6.072921053315657,1.4219163482284436,1.5492682419610597,4.306574124619823,2.610904884452416,37.53235072395955,119.12893498661259,107.22025527047752,0.0,1.7378148639164002,50.21682393615639,41.19285658582235,6.995554862356703,6.729948789934753,6.73983207257792,1541.0,1177.0,1067.0,327.0,3081.0,115.0,11014.0,681.0,636.0,14.393857391666018,0.19005297772232185,0.13069463724037536,0.21657493046349008,0.18818711170033012,0.2746130130754634,0.7649039226390081,0.4753535314149055,0.4794592788998934,0.4724172710494164,0.48426850191062926,0.7392043723517638,0.07544038056617017,1421.0,0.08432618472016429,0.4264289167901428,8.0,0.0,2,2,15,0.0186875,0.5449375,0.0,0,0,10,6,11,11,14,0,0,0,1,0.20068750000000002,0,0.0,0,0.0,0,0.019750000000000004,0,0.000875,0,0.0,2008,2025,17,0.7253869869245366
Jeff Green,greenje02,80,235.0,1986-08-28,Georgetown,2008,2024,2007-10-31T00:00:00Z,False,16,NBA,"SEA, OKC, BOS, MEM, LAC, ORL, CLE, WAS, HOU, UTA, BRK, DEN, HOU",PF,1185,657.0,27.730801687763712,4.339240506329114,9.649789029535865,0.4496720594665501,0.9890295358649789,2.9341772151898735,0.3370721886683923,3.350210970464135,6.7156118143459915,0.4988690625785373,0.5009182334936598,2.350210970464135,2.9232067510548525,0.8039838337182448,0.8371308016877637,3.2337552742616036,4.0708860759493675,1.4886075949367088,0.6354430379746835,0.49535864978902955,1.3274261603375528,2.0843881856540083,12.017721518987342,32861.0,5142,11435,1172.0,3477.0,3970.0,7958.0,2785,3464,992.0,3832.0,4824.0,1764,753.0,587.0,1573.0,2470.0,14241,0.0,13.056148626030858,0.5519946441069962,0.3066074982502054,0.305226864672408,3.4147956544231763,13.094090258969599,8.281987766653481,8.327263321262286,1.1436840023127721,1.4411703843461856,10.768902346246309,19.639417546635826,27.299999999999997,27.200000000000003,54.7,0.07969924834910685,-0.7547731353275919,-0.7109978393840722,-1.4778765101488087,4.4,7.873926539058457,17.536627004655976,1.7878305590213324,5.303061379751074,6.1005721067526855,12.233942971911992,4.2607163506892665,5.308858525303551,1.5205501962813062,5.864477648276071,7.388573080551413,2.6923313350171934,1.1436840023127721,0.90376434070783,2.4171784181856917,3.771081220900155,21.80147287057606,107.9428806183622,110.49587657101122,0.0,0.0,37.932868750190195,54.89501232464015,7.182130793341651,-2.678768144609111,-4.018203949971091,525.0,480.0,1310.0,290.0,1687.0,213.0,4125.0,372.0,609.0,12.646839718815619,0.29681774748181733,0.18093600316484584,0.08683509327165942,0.12836340951279632,0.3066074982502054,0.6717161681020054,0.39669833541279936,0.3674324883600621,0.33867660752868145,0.5597127902376678,0.9432672773196189,0.07229999087063693,723.0,0.3677486686345516,0.3826815373847418,65.0,0.0,1,0,0,0.0,0.0,0.0463125,0,0,0,0,0,0,0,1,1,1,0,0.0,0,0.0,0,0.0,0,0.000125,0,0.0,0,0.0,2008,2025,16,0.6933925017497946
Jeff Green,greenje02,80,235.0,1986-08-28,Georgetown,2009,2025,2007-10-31T00:00:00Z,False,16,NBA,"OKC, BOS, MEM, LAC, ORL, CLE, WAS, HOU, UTA, BRK, DEN, HOU",PF,1137,608.0,27.26824978012313,4.294635004397537,9.504837291116974,0.451836772462293,1.0378188214599824,3.0606860158311346,0.3390804597701149,3.256816182937555,6.44415127528584,0.5053910195168555,0.506431016933469,2.312225153913808,2.8601583113456464,0.8084255842558425,0.793315743183817,3.1671064204045734,3.9604221635883907,1.4643799472295516,0.6270888302550571,0.4766930518909411,1.2524186455584871,2.0263852242744065,11.939313984168866,31004.0,4883,10807,1180.0,3480.0,3703.0,7327.0,2629,3252,902.0,3601.0,4503.0,1665,713.0,542.0,1424.0,2304.0,13575,0.0,13.299712940265772,0.5576660108373114,0.3259729067217133,0.30314623919494255,3.3002935105147726,13.069381370145788,8.209121403689847,8.31955876661076,1.1484582634498774,1.4227164236872663,10.362033931105664,19.593726615920524,29.5,26.1,55.8,0.0862857050703135,-0.5490775383821442,-0.70998258289253,-1.2633466649464586,5.8,7.925390272222939,17.57101341762353,1.9045607018449233,5.621048896916527,6.03617275190298,11.95036446910076,4.265717326796542,5.282566765578635,1.4696361759772933,5.846539156237905,7.311388853051219,2.6965843117017156,1.1484582634498774,0.8843471810089021,2.3216681718487937,3.727025545090956,22.03242484840666,109.28889820668302,110.50399948393756,0.0,0.012772545478002838,36.11301767513869,56.042607405496064,7.854986453360857,-2.0986195329634887,-4.06430783124758,480.0,425.0,1219.0,271.0,1585.0,197.0,3922.0,348.0,560.0,12.935740549606503,0.2911817829957425,0.17770478002838344,0.08396958456973294,0.12077699651657851,0.3259729067217133,0.67849348471165,0.40060763127338406,0.37917836408205396,0.34659121403689847,0.5577264869049156,0.9394349761321119,0.07198016384982582,680.0,0.35321858469874856,0.3848416333376339,64.0,0.0,1,0,0,0.0,0.0,0.0,0,0,0,0,0,0,0,0,0,0,0,0.0,0,0.0,0,0.0,0,0.000125,0,0.0,0,0.0,2008,2025,17,0.6740270932782867
Al Horford,horfoal01,81,240.0,1986-06-03,Florida,2008,2023,2007-11-02T00:00:00Z,False,16,NBA,"ATL, BOS, PHI, OKC, BOS",C,1013,1003.0,32.10167818361303,5.58045409674235,10.87857847976308,0.5129764065335753,0.7443237907206318,1.9911154985192498,0.3738225086762519,4.836130306021718,8.88746298124383,0.5441519493502166,0.5471869328493648,1.525172754195459,2.009871668311945,0.7588408644400786,1.9822309970384995,6.0740375123395856,8.056268509378086,3.290227048371175,0.7818361303060217,1.171767028627838,1.456071076011846,2.213228035538006,13.43040473840079,32519.0,5653,11020,754.0,2017.0,4899.0,9003.0,1545,2036,2008.0,6153.0,8161.0,3333,792.0,1187.0,1475.0,2242.0,13605,2.0,18.25620406531566,0.5719793966604139,0.1870845659460623,0.19133106799102062,7.081420092868785,21.203379562717178,14.206925182201175,16.40366862449645,1.2368492266059843,2.9726621359820413,11.03958301300778,18.5627940588579,59.0,47.6,106.8,0.1573386020480335,1.6762969341000646,1.2467542052338632,2.9040161136566316,40.6,8.834604385128694,17.217755773547772,1.136089670654079,3.050428979980934,7.7136289553799315,14.167191488053136,2.4529167563578214,3.220578738583597,3.173040376395338,9.653135090254928,12.818687536517114,5.165334112365079,1.2368492266059843,1.8625019219533194,2.3171499738614347,3.5210707586334142,21.27084781204834,116.21562778683231,105.02014207078939,0.0,0.0,0.0,17.26236969156493,82.73763030843507,4.042040038131554,3.4743872812817123,606.0,355.0,1282.0,254.0,948.0,48.0,7963.0,268.0,436.0,11.56048463974907,0.27116356591531104,0.22196943325440513,0.12259171561241121,0.19697512223623115,0.1870845659460623,0.7269811802330945,0.45205805836587837,0.4344629293643716,0.4326735139456933,0.6838022694424798,0.7560467726559856,0.07733977059565178,799.0,0.35443011777729944,0.4384044404809496,2.0,0.0,0,0,5,0.03875,0.029375,0.0625,0,1,7,0,0,1,7,1,1,1,0,0.0,0,0.624,0,0.0,0,0.0,0,0.0050625,0,0.0,2008,2025,16,0.8129154340539377
Al Horford,horfoal01,81,240.0,1986-06-03,Florida,2009,2024,2007-11-02T00:00:00Z,False,16,NBA,"ATL, BOS, PHI, OKC, BOS",C,997,959.0,31.81444332998997,5.550651955867603,10.803410230692077,0.5137870207037415,0.8645937813440321,2.2768304914744233,0.37973568281938325,4.686058174523571,8.526579739217652,0.5495824020703447,0.5538018754061833,1.4202607823470412,1.8595787362086258,0.7637540453074434,1.8475426278836509,5.964894684052156,7.812437311935807,3.38716148445336,0.7723169508525577,1.176529588766299,1.390170511534604,2.074222668004012,13.38615847542628,31719.0,5534,10771,862.0,2270.0,4672.0,8501.0,1416,1854,1842.0,5947.0,7789.0,3377,770.0,1173.0,1386.0,2068.0,13346,2.0,18.36235379425581,0.5789002805889214,0.22503430120747817,0.17472161795769098,6.637873199028974,20.856921718843594,13.826003341845581,16.859513225511524,1.2322929474447495,3.0415208550080393,10.641388442258583,18.408004665973078,60.099999999999994,47.3,107.5,0.16249421482392254,1.9079258488603046,1.4119360635581197,3.302868942904883,42.800000000000004,8.839512594974622,17.191721050474477,1.3347993316308837,3.51981146946625,7.520208707714619,13.671770862889751,2.296932437970932,2.9988335067309815,2.970840820959047,9.523386613701568,12.47854282921908,5.350720388410732,1.2322929474447495,1.8800939499984235,2.2281723887890537,3.312074781676598,21.323708187521675,117.90396922979917,105.26971215990416,0.0,0.0,0.0,19.854818878274852,80.14518112172514,4.985563857624767,3.7226142059964062,584.0,326.0,1170.0,240.0,854.0,43.0,8116.0,248.0,398.0,12.21102178504997,0.25510413316939373,0.21597099530250008,0.11610958731359752,0.18764002648254988,0.22503430120747817,0.7389394684573916,0.4577961474195278,0.44398121000031526,0.43326555061634986,0.6867418897190958,0.8299720987420789,0.07311050159210568,749.0,0.3844343453450613,0.4727208928402535,1.0,0.0,1,0,5,0.03875,0.029375000000000002,0.0,0,1,7,0,0,1,7,0,0,0,0,0.0,0,0.0,0,0.0,0,0.0,0,0.005062499999999999,0,0.0,2008,2025,17,0.7749656987925219
Al Horford,horfoal01,81,240.0,1986-06-03,Florida,2010,2025,2007-11-02T00:00:00Z,False,16,NBA,"ATL, BOS, PHI, OKC, BOS",C,990,934.0,31.45050505050505,5.471717171717172,10.745454545454546,0.5092122579432224,0.9858585858585859,2.609090909090909,0.3778552071234998,4.485858585858586,8.136363636363637,0.551334574798262,0.555085542395187,1.314141414141414,1.704040404040404,0.7711914641375223,1.793939393939394,5.816161616161616,7.61010101010101,3.375757575757576,0.7606060606060606,1.1404040404040403,1.3424242424242425,1.9787878787878788,13.243434343434343,31136.0,5417,10638,976.0,2583.0,4441.0,8055.0,1301,1687,1776.0,5758.0,7534.0,3342,753.0,1129.0,1329.0,1959.0,13111,2.0,18.169405190133602,0.5790539889516958,0.26538919578622816,0.15752000899280574,6.491980344295992,20.45432297019527,13.555893499486125,16.872453108941418,1.2203687050359713,3.010039825282631,10.366238437821172,18.30706898766701,58.8,46.2,105.1,0.16196926387461458,1.9345773381294964,1.3889741778006166,3.306240364850976,42.0,8.779342240493321,17.23175423946557,1.540952595066804,4.091900051387461,7.248846993833504,13.139712872559095,2.133999229188078,2.7607624614594037,2.9023220709146966,9.34971415724563,12.236057939362796,5.377884121274409,1.2203687050359713,1.829605601233299,2.1644719938335046,3.1779387204522096,21.259358941418295,118.35004496402878,105.66646325796506,0.0,0.0,0.0,22.05540210688592,77.94459789311408,5.6876284686536485,4.299807297019527,583.0,305.0,1111.0,220.0,769.0,37.0,8062.0,222.0,376.0,12.883177029804727,0.2419551323227133,0.20846605215827338,0.1050415917266187,0.17900443216855086,0.26538919578622816,0.7417062564234327,0.45848789182939365,0.4428935958376157,0.4238800102774923,0.6959247494861254,0.8983155832476876,0.06595237024665981,688.0,0.4085764067317575,0.5023523895169579,2.0,0.0,1,0,5,0.03875,0.029375,0.0,0,1,7,0,0,1,7,0,0,0,0,0.0,0,0.0,0,0.0,0,0.0,0,0.005062499999999999,0,0.0,2008,2025,18,0.7346108042137719
Mike Conley,conlemi01,72,175.0,1987-10-11,Ohio State,2008,2023,2007-11-07T00:00:00Z,False,16,NBA,"MEM, UTA, MIN",PG,1025,988.0,31.85170731707317,5.173658536585366,11.797073170731707,0.4385544161429044,1.584390243902439,4.146341463414634,0.3821176470588235,3.589268292682927,7.650731707317073,0.46914052537617956,0.5057062520674827,2.7209756097560978,3.317073170731707,0.8202941176470588,0.4770731707317073,2.502439024390244,2.979512195121951,5.714146341463414,1.4009756097560975,0.20585365853658535,1.9541463414634146,1.9814634146341463,14.652682926829268,32648.0,5303,12092,1624.0,4250.0,3679.0,7842.0,2789,3400,489.0,2565.0,3054.0,5857,1436.0,211.0,2003.0,2031.0,15019,0.0,17.407645185003677,0.5505129563832393,0.3458708649840725,0.27745408600833127,1.7170362656211713,9.077055256064689,5.366699338397451,28.72129380053908,2.2727487135506004,0.5550294045577064,13.076255819652046,21.438526096544965,59.400000000000006,32.8,92.19999999999999,0.13560993016417544,2.0493138936535162,0.35037980887037495,2.40295577064445,36.3,8.354545454545454,19.0183564077432,2.5482755452095076,6.623370497427102,5.811636241117374,12.390853957363392,4.391518622886547,5.354667973535898,0.7621263170791474,4.037254962019112,4.814236706689537,9.200490075961774,2.2727487135506004,0.33460855182553295,3.1581658907130605,3.2051274197500614,23.62252511639304,113.24151555991179,108.58628399901986,100.0,0.07868782161234991,0.0,0.0,0.0,3.025989340847831,5.773373560401862,1242.0,548.0,884.0,97.0,1275.0,355.0,13214.0,295.0,593.0,14.175569713305562,0.2456916809605489,0.1656658600833129,0.09421765498652292,0.1481506064690027,0.3458708649840725,0.577433319039451,0.3977133055623622,0.39614928938985544,0.41235959323695176,0.23514068243077677,0.7529682982112227,0.0013863942661112472,15.0,0.1884448051948052,0.4367208098505268,42.0,1.0,0,0,1,0.031375,0.0011875,0.008625,0,1,8,0,0,0,4,0,0,1,0,6.25e-05,0,0.002,0,0.0,0,0.0030625,0,0.0003125,0,0.0,2008,2025,16,0.6541291350159274
Mike Conley,conlemi01,72,175.0,1987-10-11,Ohio State,2009,2024,2007-11-07T00:00:00Z,False,16,NBA,"MEM, UTA, MIN",PG,1048,1018.0,31.927480916030536,5.1603053435114505,11.73091603053435,0.43988937693183666,1.691793893129771,4.354961832061068,0.38847502191060473,3.4685114503816794,7.375954198473282,0.4702457956015524,0.5119977224662436,2.6727099236641223,3.2337786259541983,0.8264974918855119,0.4818702290076336,2.5076335877862594,2.989503816793893,5.805343511450381,1.4122137404580153,0.21564885496183206,1.9236641221374047,1.9790076335877862,14.685114503816793,33460.0,5408,12294,1773.0,4564.0,3635.0,7730.0,2801,3389,505.0,2628.0,3133.0,6084,1480.0,226.0,2016.0,2074.0,15390,0.0,17.500705319784817,0.5575282725642559,0.37020032875074715,0.2706510759115362,1.7362851165570832,9.04629408248655,5.372361028093245,28.84144351464435,2.2826389719067546,0.5833114166168559,12.970496114763895,21.19098027495517,63.8,35.6,99.30000000000001,0.1425479677226539,2.1967005379557683,0.4872893006575015,2.691300059772863,39.599999999999994,8.299584578601314,18.842668858338314,2.7031978481769277,6.922857142857143,5.601622833233711,11.915780035863717,4.2994889420203215,5.202845188284519,0.7630454273759714,4.030523012552301,4.808063359234907,9.30486551105798,2.2826389719067546,0.3485774058577405,3.1001942618051403,3.189468021518231,23.582689778840408,114.69704124327555,108.56231320980275,100.0,0.07677824267782427,0.0,0.0,0.0,3.7522265391512253,5.718753735803945,1276.0,535.0,904.0,92.0,1258.0,375.0,13734.0,290.0,570.0,14.64687089061566,0.22657925881649732,0.1683592050209205,0.09436294082486552,0.14010472205618651,0.37020032875074715,0.5838096832038254,0.40911554094441127,0.394660191273162,0.40988971906754335,0.25498484757919904,0.7516065152420801,0.0012702032277346086,14.0,0.18817627017334132,0.43989055588762704,40.0,1.0,0,0,1,0.031375,0.0011875000000000002,0.0,0,1,8,0,0,0,4,0,0,0,0,6.25e-05,0,0.0,0,0.0,0,0.0030625,0,0.0003125,0,0.0,2008,2025,17,0.6297996712492527
Mike Conley,conlemi01,72,175.0,1987-10-11,Ohio State,2010,2025,2007-11-07T00:00:00Z,False,16,NBA,"MEM, UTA, MIN",PG,1037,1021.0,31.540983606557376,5.0838958534233365,11.602700096432015,0.43816489361702127,1.747348119575699,4.490838958534233,0.38909168992913895,3.3365477338476373,7.111861137897782,0.46915254237288134,0.5134640957446809,2.623915139826422,3.164898746383799,0.8290676416819013,0.49373191899710706,2.436837029893925,2.930568948891032,5.833172613307618,1.4165863066538091,0.22372227579556414,1.8784956605593057,1.966248794599807,14.539054966248795,32708.0,5272,12032,1812.0,4657.0,3460.0,7375.0,2721,3282,512.0,2527.0,3039.0,6049,1469.0,232.0,1948.0,2039.0,15077,0.0,17.52060657943011,0.5590895193836369,0.39147911825853,0.26647844564021034,1.7969334719334722,8.795089886266357,5.280481839305368,29.00260180995475,2.3075424972483796,0.611299987770576,12.818759936406995,21.078739146386205,64.10000000000001,35.900000000000006,100.0,0.14685456157514978,2.2418368594839184,0.591289592760181,2.8406047450165097,39.89999999999999,8.245863397333984,18.790672006848478,2.812932615873792,7.196380090497738,5.4382872691696225,11.590167543108722,4.261113489054665,5.134633728751375,0.7905680567445273,3.9422801761037056,4.740008560596796,9.42689250336309,2.3075424972483796,0.3627308303778892,3.054179405649994,3.191525009172068,23.548465207288736,115.68701846643023,108.61364192246545,100.0,0.07854347560229913,0.0,0.0,0.0,4.631426562308915,6.0089855692796865,1247.0,508.0,892.0,88.0,1213.0,387.0,13710.0,273.0,544.0,15.005328971505444,0.2115387672740614,0.1728452672129143,0.09528360034242388,0.12845065427418367,0.39147911825853,0.5885056866821573,0.4125222575516693,0.39464406261465085,0.38465494680200557,0.27266873547755904,0.7396287758346581,0.0007626574538339245,9.0,0.18603430353430353,0.44662107129754186,39.0,1.0,0,0,1,0.031375,0.0011875,0.0,0,1,8,0,0,0,4,0,0,0,0,6.25e-05,0,0.0,0,0.0,0,0.0029375,0,0.0003125,0,0.0,2008,2025,18,0.6085208817414699
Thaddeus Young,youngth01,80,235.0,1988-06-21,Georgia Tech,2008,2023,2007-11-07T00:00:00Z,False,16,NBA,"PHI, MIN, BRK, IND, CHI, SAS, TOR",PF,1139,720.0,28.597892888498684,5.336259877085163,10.618086040386304,0.5025632545063667,0.45741878841088673,1.3924495171202809,0.32849936948297603,4.8788410886742755,9.225636523266022,0.5288351732013704,0.5241028609227716,1.2388059701492538,1.868305531167691,0.6630639097744361,1.9754170324846356,3.7410008779631254,5.7164179104477615,1.8244073748902545,1.395083406496927,0.3977172958735733,1.42756804214223,2.1395961369622474,12.368744512730466,32573.0,6078,12094,521.0,1586.0,5557.0,10508.0,1411,2128,2250.0,4261.0,6511.0,2078,1589.0,453.0,1626.0,2437.0,14088,0.0,16.37578669450158,0.542160746630645,0.13155260491818377,0.17414183526233384,7.710336781997359,14.945507015012433,11.291581985079668,10.238513492770085,2.4766770024253213,1.1517299603966475,11.124833451017714,20.048844134712798,33.0,37.7,70.7,0.10420277530470022,0.18025665428422313,0.29720934516317193,0.4783839376170448,20.200000000000003,9.486765112209499,18.878270346606083,0.7971909249992325,2.4310686765112206,8.701574924016823,16.436714456758665,2.2264912657722653,3.3394866914315537,3.5171768028735455,6.633248395910723,10.138992417032512,3.191348663003101,2.4766770024253213,0.7039879654928929,2.512332299757468,3.8039449851103675,21.979759309857855,108.00660055874498,106.98293064808277,0.0,0.25941730881404845,7.878273416633408,86.49912504221288,5.343351855831517,-0.02116169833911531,4.631034906210665,679.0,546.0,1188.0,180.0,1016.0,212.0,4780.0,252.0,775.0,8.208359684401191,0.41806038743744817,0.2703046388112854,0.0706933963712277,0.10965201240291039,0.13155260491818377,0.6516820065698585,0.44650253277254165,0.33181592116169834,0.3685240229638044,0.5982902710834127,0.9325432413348479,0.05940125257114788,655.0,0.3928764314002395,0.3305390967979615,16.0,0.0,0,0,0,0.000625,0.0,0.0248125,0,0,1,0,0,0,0,0,1,1,0,0.0,0,0.003,0,0.0094375,0,0.0020625,0,0.0,0,0.0,2008,2024,16,0.8684473950818161
Thaddeus Young,youngth01,80,235.0,1988-06-21,Georgia Tech,2009,2024,2007-11-07T00:00:00Z,False,16,NBA,"PHI, MIN, BRK, IND, CHI, SAS, TOR, PHO",PF,1098,704.0,28.650273224043715,5.354280510018215,10.666666666666666,0.5019637978142076,0.46994535519125685,1.4335154826958105,0.3278271918678526,4.8843351548269585,9.233151183970856,0.5289998027224304,0.5239924863387978,1.221311475409836,1.8579234972677596,0.6573529411764706,1.981785063752277,3.757741347905282,5.739526411657559,1.8916211293260474,1.401639344262295,0.4098360655737705,1.4362477231329691,2.1493624772313296,12.399817850637524,31458.0,5879,11712,516.0,1574.0,5363.0,10138.0,1341,2040,2176.0,4126.0,6302.0,2077,1539.0,450.0,1577.0,2360.0,13615,0.0,16.36301099879204,0.5415647530040054,0.13519588022124737,0.17188006230529598,7.697364740288639,14.94647784347384,11.285367791976602,10.544929747599975,2.475850340136054,1.1867474092440713,11.152450886896814,20.07574543836226,31.3,36.1,67.5,0.10290606522983026,0.16978828914743468,0.30408799033632145,0.474826753131159,19.4,9.478898849259329,18.888492593299,0.8169622989382669,2.4987602517642573,8.674362642253163,16.37887341852629,2.1867378727191813,3.3086782376502,3.5104742831712126,6.630240320427236,10.128876597367917,3.293581918748808,2.475850340136054,0.7224934833746581,2.516425074702778,3.801713395638629,21.942030644033316,107.96805264161739,107.15732087227414,0.0,0.268612117744294,7.197437853646131,85.89970754657003,6.613707165109035,-0.42481085892300857,4.244055566151694,670.0,527.0,1155.0,173.0,972.0,206.0,4776.0,241.0,755.0,8.257215970500349,0.4147564689427173,0.27405976222264605,0.06995660881174899,0.10630364295250812,0.13519588022124737,0.6530656430796618,0.44427821221946723,0.33148347002352346,0.37657184182084047,0.5975802975395765,0.9301522983024986,0.057505086146608174,617.0,0.3835496535062623,0.32514406510267657,16.0,0.0,0,0,0,0.000625,0.0,0.0,0,0,1,0,0,0,0,0,0,0,0,0.0,0,0.0,0,0.009437500000000001,0,0.0020625,0,0.0,0,0.0,2008,2024,17,0.8648041197787526
Nicolas Batum,batumni01,80,230.0,1988-12-14,,2009,2024,2008-10-28T00:00:00Z,False,16,NBA,"POR, CHO, LAC, PHI",SF,1053,863.0,29.69420702754036,3.695156695156695,8.457739791073124,0.4368964742869975,1.5783475783475784,4.311490978157645,0.366079295154185,2.116809116809117,4.14624881291548,0.5105359596885021,0.530204356613519,1.4273504273504274,1.7160493827160495,0.831765356945213,0.99335232668566,3.996201329534663,4.989553656220323,3.2896486229819564,0.9268755935422602,0.627730294396961,1.5498575498575498,1.7454890788224122,10.396011396011396,31268.0,3891,8906,1662.0,4540.0,2229.0,4366.0,1503,1807,1046.0,4208.0,5254.0,3464,976.0,661.0,1632.0,1838.0,10947,9.0,14.18147307151081,0.5668546757067929,0.5273392925674811,0.19321347703722658,3.7671517206089287,15.069374440322374,9.406508251247281,16.640252014839454,1.5858449533068952,1.7139791480107458,14.17982921837022,16.25772674939235,38.1,32.1,70.5,0.10806252398618395,0.7971376487143406,0.7185940898042728,1.515683766150697,27.599999999999998,6.342225278239734,14.536782013560188,2.706760905718306,7.395349878470001,3.648787898170654,7.156517845720865,2.464644364845849,2.9586190354355892,1.722598183446335,6.824888064474862,8.547249584239479,5.6025649226045795,1.5858449533068952,1.1055424075732379,2.646558782141487,3.0215204042471533,17.864976973263403,112.86094409620058,108.55420877574517,0.0,11.088141230651145,61.04144812587949,24.35438787258539,3.457272610976078,2.5224830497633364,2.4914673148266604,1058.0,271.0,693.0,124.0,702.0,166.0,8012.0,172.0,283.0,17.436529359089164,0.19548209031597796,0.05560972879621338,0.07900764359728796,0.14241099526672638,0.5273392925674811,0.6880265766918255,0.41806150057566843,0.39463061276704614,0.359949309197902,0.5820131444288091,0.9055637712677497,0.047494307279007296,374.0,0.29622051298452096,0.38764574005372904,14.0,0.0,0,0,0,0.009125,0.0,0.0,0,0,6,0,0,0,0,0,0,0,0,0.0,0,0.002,0,0.0,0,0.0,0,0.0,0,0.0,2009,2025,16,0.4726607074325188
Nicolas Batum,batumni01,80,230.0,1988-12-14,,2010,2025,2008-10-28T00:00:00Z,False,16,NBA,"POR, CHO, LAC, PHI, LAC",SF,1052,795.0,29.63973384030418,3.6444866920152093,8.348859315589353,0.4365251053170898,1.6045627376425855,4.348859315589354,0.36896174863387976,2.0399239543726235,4.0,0.5099809885931559,0.5326198337697825,1.4049429657794676,1.688212927756654,0.8322072072072072,0.9591254752851711,4.033269961977187,4.992395437262357,3.302281368821293,0.9296577946768061,0.6245247148288974,1.5361216730038023,1.720532319391635,10.298479087452472,31181.0,3834,8783,1688.0,4575.0,2146.0,4208.0,1478,1776,1009.0,4243.0,5252.0,3474,978.0,657.0,1616.0,1810.0,10834,9.0,14.071062506013277,0.5703073345947853,0.5445234597992367,0.19089570571822584,3.6266091530098454,15.174946281389307,9.388990090118984,16.664917738366313,1.5849684102498314,1.7301593919373979,14.2136108527629,16.044822167345497,37.5,32.5,70.3,0.10806468682851737,0.7281004457842918,0.761649722587473,1.4897020621532342,27.4,6.2376832045155695,14.310865591225426,2.7426894583239796,7.437583784997274,3.508075430550656,6.888409608415381,2.423216061062827,2.908684775985376,1.6527147942657388,6.873262563740739,8.52574003399506,5.619152689137615,1.5849684102498314,1.095673647413489,2.6179532407555883,2.9581700394470998,17.65480260414996,113.24396266957442,108.73390846990154,0.0,11.072447965106957,56.6419293800712,27.488406401334146,4.738302171193997,2.331198486257657,2.3340143035823098,1060.0,261.0,706.0,126.0,686.0,157.0,8043.0,170.0,268.0,17.787239023764467,0.18322590680221928,0.05570469195984734,0.07855293287578974,0.13784233988646932,0.5445234597992367,0.6844360989063853,0.4262675347166544,0.3957316955838492,0.3659936179083416,0.5749209133767359,0.9063102209678972,0.04234556300311087,339.0,0.29356829479490715,0.3925342035213752,14.0,0.0,0,0,0,0.009125000000000001,0.0,0.0,0,0,6,0,0,0,0,0,0,0,0,0.0,0,0.0,0,0.0,0,0.0,0,0.0,0,0.0,2009,2025,17,0.4554765402007633
Eric Gordon,gordoer01,75,215.0,1988-12-25,Indiana,2009,2024,2008-10-29T00:00:00Z,False,16,NBA,"LAC, NOH, NOP, HOU, LAC, PHO",SG,886,652.0,31.732505643340858,5.343115124153499,12.426636568848759,0.42997275204359675,2.288939051918736,6.168171557562077,0.3710887465690759,3.054176072234763,6.258465011286682,0.4880072137060415,0.5220708446866485,2.6772009029345374,3.3024830699774266,0.810663021189337,0.3724604966139955,1.9604966139954854,2.3329571106094806,2.7573363431151243,0.8465011286681715,0.35327313769751695,1.8600451467268624,1.7810383747178329,15.65237020316027,28115.0,4734,11010,2028.0,5465.0,2706.0,5545.0,2372,2926,330.0,1737.0,2067.0,2443,750.0,313.0,1648.0,1578.0,13868,0.0,13.781323137115418,0.5657282589365108,0.49499569624755474,0.2650122354614974,1.3316912680064024,7.023062422194558,4.14488351413836,13.947547572470214,1.3399679886181752,0.9403841365818958,11.86227280810955,21.88653387871243,29.5,11.799999999999999,41.0,0.07012463097990397,0.601781966921572,-1.3417108305175172,-0.7405121821091943,8.9,8.450016005690912,19.643546149742132,3.60420771829984,9.65203983638627,4.869016539213942,9.996699270851856,4.263627956606793,5.271890449937756,0.5962333274052997,3.0911933131780187,3.6874266405833187,4.392829450471279,1.3399679886181752,0.5464236172861462,2.96309087675618,2.81172683620843,24.762525342343945,108.8107771652143,114.38719544727014,17.002062955717587,62.9638982749422,19.35824293081985,0.5885470389471812,0.0,-0.3828063311399613,2.4207789436244,756.0,541.0,802.0,137.0,1290.0,62.0,5643.0,316.0,667.0,16.143165569980436,0.24599320647341277,0.1359022230126267,0.03671292904143696,0.08586512537791215,0.49499569624755474,0.6155667437311044,0.3702716699270851,0.3301304641650364,0.33599640761159527,0.4400457051396052,0.850649333096212,0.014586768628845812,147.0,0.11906316912680064,0.4083947359060999,25.0,1.0,0,0,0,0.000625,0.00025,0.042,0,0,1,0,0,0,2,0,1,1,0,0.0,0,0.037,1,0.07518749999999999,0,0.0005625,0,0.0,0,0.0,2009,2025,16,0.5050043037524453
Eric Gordon,gordoer01,75,215.0,1988-12-25,Indiana,2010,2025,2008-10-29T00:00:00Z,False,16,NBA,"LAC, NOH, NOP, HOU, LAC, PHO, PHI",SG,847,600.0,30.939787485242032,5.206611570247934,12.175914994096813,0.42761563075729664,2.3057851239669422,6.216056670602125,0.37094017094017095,2.9008264462809916,5.959858323494687,0.48672741679873216,0.5223019489964122,2.489964580873672,3.0979929161747344,0.803734756097561,0.345926800472255,1.911452184179457,2.257378984651712,2.707201889020071,0.8240850059031877,0.34238488783943327,1.7851239669421488,1.6977567886658795,15.208972845336481,26206.0,4410,10313,1953.0,5265.0,2457.0,5048.0,2109,2624,293.0,1619.0,1912.0,2293,698.0,290.0,1512.0,1438.0,12882,0.0,13.579676409982447,0.5636830115240785,0.5125430054186064,0.2515692207891323,1.266847286880867,6.999790124398992,4.107208272914599,13.92597496756468,1.3341715637640237,0.9506944974433337,11.672636037548653,21.788338548424022,26.299999999999997,11.3,37.3,0.06840967717316646,0.5608830038922384,-1.3607418148515609,-0.8004846218423262,8.0,8.412462794779822,19.670747157139587,3.706666412271999,9.938842249866441,4.720480042738305,9.727260932610852,4.04913760207586,5.052140731130275,0.5623826604594369,3.0802526139052127,3.645565900938716,4.406876287873006,1.3341715637640237,0.5381668320232008,2.9048042433030603,2.740990612836755,24.574998092039987,108.69568037853927,114.54769900022896,16.839769518430895,62.437953140502174,20.099404716477142,0.6607265511714875,0.0,0.4204228039380293,2.5563458749904604,703.0,499.0,733.0,116.0,1169.0,56.0,5305.0,289.0,619.0,16.42111730138136,0.2344528352285736,0.14393665572769596,0.03501236358085935,0.07351495840647179,0.5125430054186064,0.6182053728153858,0.3706012363580859,0.3503495001144776,0.31521895749065104,0.43927879111653817,0.8491174921773639,0.012016255819278029,117.0,0.11747771502709303,0.4003242005647562,23.0,1.0,0,0,0,0.000625,0.00025,0.0,0,0,1,0,0,0,2,0,0,0,0,0.0,0,0.0,1,0.07518749999999999,0,0.0005625,0,0.0,0,0.0,2009,2025,17,0.4874569945813935
Brook Lopez,lopezbr01,85,282.0,1988-04-01,Stanford,2009,2024,2008-10-29T00:00:00Z,False,16,NBA,"NJN, BRK, LAL, MIL",C,1025,985.0,30.220487804878047,6.132682926829268,12.36390243902439,0.49601515031957705,0.9131707317073171,2.6165853658536586,0.348993288590604,5.219512195121951,9.747317073170732,0.5354819337403663,0.5329440542886451,2.895609756097561,3.63609756097561,0.7963509525087201,1.9980487804878049,4.183414634146342,6.1814634146341465,1.4360975609756097,0.568780487804878,1.8653658536585367,1.626341463414634,2.631219512195122,16.074146341463415,30976.0,6286,12673,936.0,2682.0,5350.0,9991.0,2968,3727,2048.0,4288.0,6336.0,1472,583.0,1912.0,1667.0,2697.0,16476,0.0,18.822255940082645,0.5778668969524793,0.2295677944214876,0.287361118285124,7.418307722107438,15.233048166322313,11.363019757231404,8.087826058884298,0.9446442407024794,5.033106275826446,10.347875774793389,22.838290934917357,50.2,35.3,85.60000000000001,0.13225939436983472,1.190363507231405,0.12872223657024798,1.3321280991735538,26.2,10.197540030991735,20.502327608471077,1.4151375258264465,4.079306559917355,8.775700542355372,16.423531120867768,4.857864152892563,6.106137009297521,3.370335098140496,6.92513236053719,10.288926911157024,2.3587616219008263,0.9446442407024794,3.053534994834711,2.7117671745867766,4.354254907024793,26.6636944731405,112.91309400826447,108.18946926652893,0.0,0.0,0.0,0.0,100.0,0.3646371384297522,3.530300878099174,493.0,476.0,1495.0,396.0,1859.0,64.0,3462.0,523.0,613.0,11.165227918388428,0.304716361053719,0.25335840650826447,0.11672175232438017,0.09593930785123966,0.2295677944214876,0.6954308174070248,0.46608877840909085,0.4372328899793388,0.3974887332128099,0.6345630810950414,0.622363087551653,0.08092852530991734,920.0,0.22007305655991735,0.19481246771694216,0.0,0.0,1,0,1,0.08031250000000001,0.015000000000000001,0.0528125,1,2,4,0,0,0,6,1,1,1,0,0.0,0,0.212,0,0.0,0,0.0020625,0,0.039125,0,0.0,2009,2025,16,0.7704322055785124
Brook Lopez,lopezbr01,85,282.0,1988-04-01,Stanford,2010,2025,2008-10-29T00:00:00Z,False,16,NBA,"NJN, BRK, LAL, MIL",C,1023,990.0,30.32355816226784,6.09188660801564,12.319648093841643,0.4944854399746092,1.050830889540567,2.98435972629521,0.352112676056338,5.041055718475073,9.335288367546433,0.54,0.5371340157105451,2.844574780058651,3.565982404692082,0.7976973684210527,1.89247311827957,4.043010752688172,5.935483870967742,1.4946236559139785,0.5757575757575758,1.866080156402737,1.5679374389051808,2.552297165200391,16.079178885630498,31021.0,6232,12603,1075.0,3053.0,5157.0,9550.0,2910,3648,1936.0,4136.0,6072.0,1529,589.0,1909.0,1604.0,2611.0,16449,0.0,18.566490441958678,0.5824486960446149,0.26863292608233136,0.2808332742335837,6.963311949969376,14.470213726185488,10.778527449147353,8.216405015956932,0.9445794784178461,5.07394990490313,9.99132523129493,22.46527835982077,50.6,35.5,86.4,0.13321488668966183,1.2456529447793427,0.18555172302633702,1.4442281035427613,27.1,10.024319009703104,20.227855323812904,1.6264756132942202,4.656110376841494,8.382943812256213,15.572254279359145,4.733074368975855,5.939805293188486,3.1508107411108606,6.608636085232584,9.75291576673866,2.431817156120048,0.9445794784178461,3.02091808774701,2.589220205667129,4.167148060990942,26.411869378807904,113.89374939557074,108.68163502143709,0.0,0.0,0.0,0.0,100.0,0.7620611843589825,3.4755004674252925,480.0,442.0,1451.0,397.0,1824.0,63.0,3619.0,507.0,559.0,12.002656265110732,0.2811452886754134,0.2461957383707811,0.11598494568195739,0.08850697914316108,0.26863292608233136,0.7051476096837626,0.48215122014119466,0.4464627188033912,0.39425440830405206,0.6427855646175172,0.7023846748976501,0.07341620192772638,842.0,0.22771493504400245,0.2423786789594146,0.0,0.0,1,0,1,0.08125,0.015000000000000001,0.0,1,2,5,0,0,0,6,0,0,0,0,0.0,0,0.0,0,0.0,0,0.0020625,0,0.039125,0,0.0,2009,2025,17,0.7313670739176688
Robin Lopez,lopezro01,85,281.0,1988-04-01,Stanford,2009,2024,2008-10-29T00:00:00Z,False,16,NBA,"PHO, NOH, POR, NYK, CHI, MIL, WAS, ORL, CLE, MIL",C,992,607.0,21.105846774193548,3.5120967741935485,6.540322580645161,0.5369913686806412,0.057459677419354836,0.1935483870967742,0.296875,3.4546370967741935,6.346774193548387,0.5443138500635324,0.5413840937114673,1.311491935483871,1.7651209677419355,0.7430039977155911,2.1643145161290325,2.533266129032258,4.69758064516129,0.8256048387096774,0.22076612903225806,1.0534274193548387,1.0715725806451613,1.872983870967742,8.393145161290322,20937.0,3484,6488,57.0,192.0,3427.0,6296.0,1301,1751,2147.0,2513.0,4660.0,819,219.0,1045.0,1063.0,1858.0,8326,0.0,15.839633185270097,0.5749149830443712,0.029089984238429574,0.27900176720638104,11.326283612742992,13.087863590772315,12.214978268137747,6.194387925681807,0.5267803410230693,3.896518125805989,12.747986817595644,17.532717199216698,31.8,17.6,49.400000000000006,0.11376328986960883,-0.5136839088694656,-0.6269140755600134,-1.137488656445527,4.6,8.349448345035105,15.553799493719254,0.12892009361417586,0.41476811386540574,8.219100157615705,15.11886134594259,3.137417012943593,4.215150212542389,5.154329655633568,6.045493623728328,11.207646749773128,1.9480441323971918,0.5267803410230693,2.512518507904667,2.54658260495773,4.43507665854707,19.956283135119644,114.07021063189569,109.564407508239,0.0,0.0,0.0,0.0,100.0,-0.711792520418398,0.9621292448774895,238.0,300.0,1107.0,275.0,806.0,67.0,1937.0,199.0,377.0,6.1272770693031475,0.4260341500692553,0.36539184219324644,0.09510006209103501,0.08395166451736162,0.029089984238429574,0.663936285045613,0.4615075225677031,0.39868013564503035,0.4109501361226537,0.6188720447055452,0.2942876247790992,0.08680641925777333,502.0,0.24373362945980798,0.07136781773893108,2.0,0.0,0,0,0,0.0,0.0,0.002125,0,0,0,0,0,0,0,0,0,1,0,0.0,0,0.005,0,0.0,0,0.0009375,0,0.0,0,0.0,2009,2024,16,0.9709100157615704
Kevin Love,loveke01,80,251.0,1988-09-07,UCLA,2009,2024,2008-10-29T00:00:00Z,False,16,NBA,"MIN, CLE, MIA",PF,929,684.0,29.33692142088267,5.417653390742734,12.345532831001076,0.4388351207603104,1.776103336921421,4.817007534983854,0.3687150837988827,3.6415500538213132,7.528525296017222,0.48370031455533313,0.5107681576423402,3.8568353067814853,4.653390742734123,0.8288225769141799,2.361679224973089,7.759956942949408,10.121636167922498,2.3153928955866525,0.604951560818084,0.39181916038751347,1.7922497308934338,1.9590958019375673,16.468245425188375,27254.0,5033,11469,1650.0,4475.0,3383.0,6994.0,3583,4323,2194.0,7209.0,9403.0,2151,562.0,364.0,1665.0,1820.0,15299,3.0,20.78559844426506,0.5713116239818008,0.3868737066118735,0.37519534747193073,8.939458428120643,29.904623174579882,19.368980700080726,12.885444338445732,1.0344646657371395,1.0719747559991193,11.160170984075732,24.261154325970498,62.5,31.9,94.6,0.16643083584061055,3.8067402950025686,-0.5544947530637705,3.2421295956556837,36.0,9.302406986130476,21.174634915975638,3.0469765905922066,8.227434505026785,6.24527775739341,12.937620165847214,6.626891465472958,7.988643868789902,4.061249724811037,13.307209950832906,17.377526234681145,3.95643208336391,1.0344646657371395,0.6789388713583326,3.0748000293534896,3.3687935715858224,28.209627944521902,115.36644162324797,107.15293167975344,0.0,0.0,0.0,69.6632420929038,30.4382842885448,0.7856167901959347,4.241542525867763,799.0,450.0,940.0,210.0,1662.0,188.0,4840.0,272.0,704.0,14.281415572026125,0.2568450135759888,0.1627550084391282,0.08510937843986205,0.10836435018712848,0.3868737066118735,0.6139837088133853,0.4111962280766126,0.38612798121376674,0.3992020620826301,0.5779933954648858,0.9112592280032289,0.0230100168782564,232.0,0.1788572686578117,0.41733697805826664,24.0,0.0,1,0,5,0.0,0.067,0.036625,0,0,0,0,2,2,5,0,1,1,0,0.00425,0,0.027,0,0.026875,1,0.0439375,0,0.0,0,0.0,2009,2025,16,0.6131262933881265
Kevin Love,loveke01,80,251.0,1988-09-07,UCLA,2010,2025,2008-10-29T00:00:00Z,False,16,NBA,"MIN, CLE, MIA",PF,871,656.0,29.22732491389208,5.462686567164179,12.5097588978186,0.43667400881057267,1.9196326061997704,5.192881745120551,0.3696661507848773,3.543053960964409,7.316877152698048,0.48423034677545895,0.5133994126284875,3.827784156142365,4.603903559127439,0.8314214463840399,2.229621125143513,7.831228473019518,10.060849598163031,2.3983926521239955,0.6222732491389208,0.365097588978186,1.7921928817451205,1.878300803673938,16.672789896670494,25457.0,4758,10896,1672.0,4523.0,3086.0,6373.0,3334,4010,1942.0,6821.0,8763.0,2089,542.0,318.0,1561.0,1636.0,14522,3.0,20.94035039478336,0.57317009074125,0.4176786345602388,0.3643928978277095,8.45233138233099,30.128907569627213,19.250889735632637,13.377130062458262,1.0646619790234513,1.009580861845465,11.049974466747848,24.526853124877242,59.0,30.5,89.69999999999999,0.16902176218721768,4.040318969242251,-0.458015477078996,3.563428526534941,35.8,9.387284440428958,21.479223789134622,3.3013434418823895,8.899116156656323,6.076057665867934,12.568865145146717,6.579176650822956,7.906049416663393,3.8281690694111634,13.438252739914365,17.27612837333543,4.110154377970696,1.0646619790234513,0.6301685194641945,3.078108182425266,3.229669638999096,28.58920532662922,115.51533959225361,106.99296853517697,0.0,0.0,0.0,71.76544761755116,28.343245472757985,1.4028754370114307,4.788172211965275,770.0,418.0,842.0,190.0,1516.0,183.0,4710.0,247.0,632.0,14.888918568566602,0.23438154535098402,0.1625981066111482,0.08325490042031662,0.10203056133872804,0.4176786345602388,0.6161323800919197,0.41059091801861963,0.3946417881132891,0.3996918725694308,0.5752484974663157,0.9444013827238088,0.019807322151078288,194.0,0.1850962407196449,0.410091880425816,20.0,0.0,1,0,5,0.0,0.067,0.0,0,0,0,0,2,2,5,0,0,0,0,0.00425,0,0.0,0,0.026875,1,0.0439375,0,0.0,0,0.0,2009,2025,17,0.5823213654397611
JaVale McGee,mcgeeja01,84,270.0,1988-01-19,Nevada,2009,2024,2008-10-29T00:00:00Z,False,16,NBA,"WAS, DEN, PHI, DAL, GSW, LAL, CLE, DEN, PHO, DAL, SAC",C,909,343.0,16.145214521452147,3.2508250825082508,5.621562156215622,0.5782778864970646,0.0165016501650165,0.0858085808580858,0.19230769230769232,3.2343234323432344,5.5357535753575355,0.5842607313195548,0.5797455968688845,1.0803080308030804,1.78987898789879,0.6035648432698217,1.7865786578657865,3.2486248624862486,5.035203520352035,0.42464246424642466,0.3795379537953795,1.3839383938393839,0.9856985698569857,2.1155115511551155,7.598459845984599,14676.0,2955,5110,15.0,78.0,2940.0,5032.0,982,1627,1624.0,2953.0,4577.0,386,345.0,1258.0,896.0,1923.0,6907,1.0,19.58008312891796,0.5921221041155629,0.014320455164895067,0.32222437994003816,12.357365767239031,22.288416462251295,17.324046061597166,4.175579176887435,1.1746320523303353,6.9382188607249935,13.242423003543198,19.988607249931864,21.200000000000003,22.700000000000003,43.8,0.1428534341782502,-0.6520168983374216,0.64030389751976,-0.025599618424638853,7.1,9.961597165440175,17.324257290814934,0.04373126192423003,0.2628509130553284,9.908101662578359,17.046852003270644,3.3374420823112563,5.550933496865631,5.499434450804034,9.985111747070047,15.47151131098392,1.286413191605342,1.1746320523303353,4.269671572635596,3.0326587626056147,6.513586808394659,23.349434450804033,112.31105205778141,104.21817934041974,0.0,0.0,0.0,0.4925047696920142,99.50749523030798,-2.775688198419188,-2.6937517034614338,288.0,228.0,1056.0,220.0,790.0,73.0,867.0,227.0,296.0,4.1210411556282365,0.602462932679204,0.28284839193240663,0.07227316707549741,0.02807134096484056,0.014320455164895067,0.7069824202780048,0.3991364813300627,0.3173495502861815,0.321680158081221,0.674905083128918,0.436202643772145,0.29769548923412376,1422.0,0.024163532297628784,0.011549468520032706,3.0,0.0,3,0,0,0.0,0.0,0.0,0,0,0,0,0,0,0,0,0,0,0,0.0,0,0.0,0,0.0,0,0.0,0,0.0005,0,0.0,2009,2024,16,0.9856795448351049
Russell Westbrook,westbru01,76,200.0,1988-11-12,UCLA,2009,2024,2008-10-29T00:00:00Z,False,16,NBA,"OKC, HOU, WAS, LAL, LAC",PG,1162,1039.0,33.63253012048193,7.792598967297763,17.77882960413081,0.43830775933007404,1.0955249569707401,3.602409638554217,0.3041089345437172,6.6970740103270225,14.176419965576592,0.4724093971954107,0.46911757587492137,5.015490533562823,6.464716006884681,0.775825346112886,1.6110154905335627,5.537865748709122,7.148881239242685,8.14802065404475,1.5912220309810672,0.31755593803786575,3.9475043029259895,2.555077452667814,21.696213425129088,39081.0,9055,20659,1273.0,4186.0,7782.0,16473.0,5828,7512,1872.0,6435.0,8307.0,9468,1849.0,369.0,4587.0,2969.0,25211,199.0,21.978442209769455,0.5237635167984442,0.19769409687571968,0.36176328650751005,5.402126352959239,17.86075842481001,11.67062767073514,41.23694634221233,2.3316880325477856,0.7693559530206494,16.1395025715821,31.602707197871087,59.60000000000001,50.9,110.30000000000001,0.1357734704843786,3.3885494229932704,0.5005194339960595,3.88906885698933,58.0,11.443266548962411,26.115733988383102,1.5980246155420792,5.258493897290243,9.841869450628183,20.870561142243034,7.410790409661984,9.505724009109286,2.3703513216140837,8.043087433791356,10.433428008495177,11.95876768762314,2.3316880325477856,0.45417466287966013,5.799598270259206,3.74001944679,31.88493129653796,107.40912463857117,106.71080576239093,83.50139453954607,16.312172155267266,0.3859420178603413,0.0,0.0,3.6881067526419478,3.539254369130779,2639.0,1220.0,872.0,424.0,3321.0,145.0,21617.0,687.0,1259.0,11.258483662137612,0.34564824339192957,0.1433074383971751,0.1469100841841304,0.16663207185077145,0.19769409687571968,0.6009106215296436,0.33628410224917477,0.38981049614902386,0.3762498912515033,0.2006841687776669,0.5408581151966428,0.03910521736905402,652.0,0.12473304163148331,0.3000732325170799,15.0,0.0,0,0,9,0.0571875,0.31600000000000006,0.057125,0,0,12,2,7,9,11,1,1,1,1,0.1011875,0,0.122,0,0.000375,0,0.0120625,0,0.0004375,0,0.0,2009,2025,16,0.8023059031242803
Russell Westbrook,westbru01,76,200.0,1988-11-12,UCLA,2010,2025,2008-10-29T00:00:00Z,False,16,NBA,"OKC, HOU, WAS, LAL, LAC, DEN",PG,1155,1010.0,33.33766233766234,7.785281385281385,17.658008658008658,0.44089237558225053,1.1532467532467532,3.7645021645021646,0.3063477460901564,6.632034632034632,13.893506493506493,0.477347790864336,0.47354743809757294,4.877056277056277,6.335064935064935,0.7698510318436518,1.554978354978355,5.612121212121212,7.167099567099567,8.216450216450216,1.5974025974025974,0.33766233766233766,3.9437229437229435,2.567965367965368,21.6008658008658,38505.0,8992,20395,1332.0,4348.0,7660.0,16047.0,5633,7317,1796.0,6482.0,8278.0,9490,1845.0,390.0,4555.0,2966.0,24949,202.0,22.030944033242434,0.5266197636670563,0.21149094922737308,0.35529523438514476,5.26058693676146,18.183859239059863,11.776325152577588,41.51306843267108,2.35145305804441,0.8400779119594859,16.28064666926373,31.580849240358397,59.599999999999994,51.0,110.3,0.13782425659005326,3.3972704843526818,0.5595013634592909,3.9567718478119724,57.8,11.499657187378263,26.08903259316972,1.6929541617971693,5.527947019867549,9.803280093494351,20.567676925074664,7.247565251266069,9.37313076223867,2.295185040903779,8.209237761329696,10.517782106219972,12.126097909362421,2.35145305804441,0.4890793403454097,5.823370990780418,3.773216465394105,31.93075704453967,107.86090118166472,106.86396571873783,85.19470198675496,14.685365536943253,0.322425659005324,0.0,0.0,4.1298039215686275,2.87795351253084,2710.0,1166.0,897.0,406.0,3250.0,147.0,21687.0,678.0,1221.0,11.436914686404364,0.3386383846253733,0.14898600181794572,0.14220638878067784,0.15887308141799766,0.21149094922737308,0.6139712764576029,0.34197021166082325,0.3820769250746657,0.37191663420335025,0.20920706401766004,0.5601669393585248,0.03699423451499805,616.0,0.13735577197766524,0.30367676925074666,13.0,0.0,0,0,9,0.0571875,0.316,0.0,0,0,12,2,7,9,11,0,0,0,1,0.1011875,0,0.0,0,0.000875,0,0.0120625,0,0.0004375,0,0.0,2009,2025,17,0.788509050772627
DeAndre Jordan,jordade01,83,265.0,1988-07-21,Texas A&M,2009,2024,2008-11-01T00:00:00Z,False,16,NBA,"LAC, DAL, NYK, BRK, LAL, PHI, DEN",C,1055,786.0,25.759241706161138,3.5687203791469195,5.293838862559242,0.6741271262309758,0.0018957345971563982,0.012322274881516588,0.15384615384615385,3.566824644549763,5.281516587677725,0.6753409906676239,0.6743061772605192,1.6511848341232227,3.472985781990521,0.47543668122270744,2.9450236966824646,7.0085308056872035,9.953554502369668,0.9402843601895735,0.5260663507109005,1.4606635071090048,1.328909952606635,2.4739336492890995,8.790521327014218,27176.0,3765,5585,2.0,13.0,3763.0,5572.0,1742,3664,3107.0,7394.0,10501.0,992,555.0,1541.0,1402.0,2610.0,9274,0.0,18.399845451869297,0.6445555637327053,0.0023379084486311453,0.6649140785987637,13.026438769502501,29.829938180747725,21.573995437150426,5.402413894612894,1.0382175448925521,4.596478510450397,16.34318884309685,14.058371357079778,52.7,44.3,97.1,0.17137264498086546,0.46413747424197827,0.7372792169561379,1.2006881071533706,21.9,6.962496320282602,10.327605239917574,0.00215631439505446,0.01671695613776862,6.962496320282602,10.304272151898735,3.210770532823079,6.777343979982337,5.734103620841919,13.608853400058877,19.342276273182218,1.7986642625846334,1.0382175448925521,2.8541838386811893,2.5788342655284078,4.842824551074478,17.119152929055048,120.91941418899029,102.78057845157493,0.0,0.0,0.0,1.747240211951722,98.25275978804828,2.5384052104798354,3.3834854283191054,475.0,335.0,1441.0,310.0,1270.0,65.0,2302.0,314.0,325.0,1.7367382984986752,0.8322894833676773,0.15284777009125697,0.008142589049161025,0.003841661760376803,0.0023379084486311453,0.7274509493670887,0.4223139166911981,0.3257133868118928,0.06683345599057992,0.7122394392110687,0.021563143950544598,0.48830850750662347,2403.0,0.06616131881071534,0.0,0.0,0.0,1,0,1,0.1055,0.0565,0.0,2,2,5,1,1,3,4,0,0,0,0,0.0,0,0.0,0,0.0,0,0.0073125,0,0.04225,0,0.0,2009,2025,16,0.9976620915513689
DeAndre Jordan,jordade01,83,265.0,1988-07-21,Texas A&M,2010,2025,2008-11-01T00:00:00Z,False,16,NBA,"LAC, DAL, NYK, BRK, LAL, PHI, DEN",C,1058,778.0,25.610586011342154,3.556710775047259,5.272211720226843,0.6746145571889566,0.001890359168241966,0.012287334593572778,0.15384615384615385,3.554820415879017,5.25992438563327,0.6758310871518418,0.6747938329150233,1.6323251417769375,3.4206049149338376,0.47720364741641336,2.948015122873346,7.021739130434782,9.969754253308128,0.9773156899810964,0.5293005671077504,1.4262759924385633,1.3241965973534973,2.446124763705104,8.747637051039698,27096.0,3763,5578,2.0,13.0,3761.0,5565.0,1727,3619,3119.0,7429.0,10548.0,1034,560.0,1509.0,1401.0,2588.0,9255,0.0,18.445693091231178,0.6456494685562443,0.0023448110422202542,0.6574468925302627,13.123154709182167,29.965131384706233,21.707547239444935,5.595187481547092,1.0494168881015649,4.537116179509891,16.385972099202835,14.030786832004724,53.2,44.300000000000004,97.6,0.1728694641275465,0.5208591674047831,0.7474018305284912,1.2675302627694125,22.400000000000002,6.964452317685267,10.323767345733687,0.0021626808385001475,0.016766312370829643,6.964452317685267,10.300365367581929,3.1890315913788014,6.70155004428698,5.759518010038382,13.684820637732507,19.449051520519635,1.8784137880129907,1.0494168881015649,2.7972468260997934,2.5781812813699436,4.802229111307942,17.10127694124594,121.37444641275465,102.89563035134337,0.0,0.0,0.0,1.5816725715972837,98.41832742840272,2.940260555063478,3.4108134041925005,484.0,332.0,1430.0,309.0,1256.0,61.0,2393.0,310.0,326.0,1.7692205491585475,0.8280548789489223,0.15763603483909067,0.007768268379096547,0.00365382344257455,0.0023448110422202542,0.7291759300265721,0.424999483318571,0.32667504428697963,0.06703077945084146,0.7132870534396222,0.021626808385001476,0.48854565249483317,2401.0,0.06635665780927075,0.0,0.0,0.0,1,0,1,0.10549999999999998,0.0565,0.0,2,2,5,1,1,3,4,0,0,0,0,0.0,0,0.0,0,0.0,0,0.0073125,0,0.042249999999999996,0,0.0,2009,2025,17,0.9976551889577796
Stephen Curry,curryst01,74,185.0,1988-03-14,Davidson,2010,2025,2009-10-28T00:00:00Z,False,16,NBA,GSW,PG,1026,1020.0,34.08869395711501,8.428849902534113,17.89083820662768,0.4711266071039442,3.9551656920077973,9.346003898635477,0.42319324225675253,4.473684210526316,8.544834307992202,0.5235542374814646,0.5816626716060144,3.9298245614035086,4.311890838206628,0.9113924050632911,0.652046783625731,4.044834307992203,4.696881091617934,6.374269005847953,1.51364522417154,0.25828460038986356,3.1062378167641325,2.2514619883040936,24.742690058479532,34975.0,8648,18356,4058.0,9589.0,4590.0,8767.0,4032,4424,669.0,4150.0,4819.0,6540,1553.0,265.0,3187.0,2310.0,25386,10.0,23.477160829163687,0.6218314224446033,0.5101816154395997,0.23817100786275908,2.162201572551823,12.658558970693353,7.515299499642601,30.8330550393138,2.1598970693352393,0.6332780557541101,13.763817012151536,29.043745532523232,103.8,39.2,143.3,0.19622690493209435,6.239476769120801,0.22984989278055754,6.451319513938527,74.9,12.024837741243745,25.520937812723375,5.62192994996426,13.30274767691208,6.406781987133667,12.221852751965692,5.607027877055039,6.153052180128664,0.9226132952108649,5.750456040028592,6.691339528234454,9.13584846318799,2.1598970693352393,0.3646576125804146,4.444437455325232,3.2312709077912793,35.27060185847034,117.95651179413868,108.65821300929235,94.83531093638312,5.1856182987848465,0.0,0.0,0.0,7.73472480343102,10.050061472480344,1964.0,719.0,1107.0,163.0,1561.0,252.0,14935.0,412.0,612.0,18.34575268048606,0.14925446747676913,0.11218973552537527,0.07293052180128663,0.15538993566833456,0.5101816154395997,0.6487529092208721,0.44523065046461757,0.46623313795568266,0.466638141529664,0.3520220157255182,0.6285178270192995,0.0017842458899213723,27.0,0.13130873481057898,0.49397927090779126,110.0,6.0,4,1,11,0.008812500000000001,0.4634375,0.0625,0,0,5,4,9,11,12,1,1,1,2,0.166625,0,0.636,0,0.0,0,0.009875,0,0.0,1,0.22866666666666668,2010,2025,16,0.48981838456040033
DeMar DeRozan,derozde01,78,220.0,1989-08-07,USC,2010,2025,2009-10-28T00:00:00Z,False,16,NBA,"TOR, SAS, CHI, SAC",SG,1187,1175.0,34.7329401853412,7.636057287278854,16.27211457455771,0.46927258607300026,0.5181128896377422,1.7245155855096883,0.3004396678065462,7.117944397641112,14.547598989048021,0.4892865415798008,0.4851928552938131,5.517270429654592,6.552653748946925,0.8419902288506043,0.7034540859309183,3.6840775063184497,4.387531592249368,4.101937657961247,0.9856781802864364,0.33108677337826453,2.004212299915754,2.240101095197978,21.30749789385004,41228.0,9064,19315,615.0,2047.0,8449.0,17268.0,6549,7778,835.0,4373.0,5208.0,4869,1170.0,393.0,2379.0,2659.0,25292,1.0,18.949476084214613,0.5550260502571068,0.10418067817987775,0.40141905986222953,2.3109949548850297,11.992053943921608,7.139427088386533,19.562316872028717,1.4206534394101096,0.8078199282041332,9.485075676724556,27.160759677888816,78.9,29.799999999999997,108.60000000000001,0.12643858542737946,1.5709857378480643,-0.7209469292713689,0.8439482875715534,29.400000000000006,11.050288638789173,23.597268846415055,0.7470942078199281,2.489737557000097,10.303924517318327,21.09369360628699,7.994314543514116,9.501457747162123,1.0265960027166003,5.34854467837392,6.342180071795868,5.886397593868246,1.4206534394101096,0.49927476472300386,2.9122295527311532,3.2520204715242067,30.845760162996022,112.81541670709227,112.27578344814204,0.14233045503056174,38.746313185213936,43.6704909284952,16.770908120694674,0.5322596293780926,0.16202338216745904,-1.5081352478897836,976.0,918.0,1263.0,229.0,3615.0,185.0,12028.0,822.0,1177.0,12.396946250121276,0.20397086931211797,0.17880792180071797,0.23090751431066264,0.2820202047152421,0.10418067817987775,0.6701871058503929,0.4658707189288832,0.44951144853012515,0.4062935626273407,0.36276753662559424,0.8524079994178713,0.03105903754729795,511.0,0.37691760454060347,0.34870658290482204,34.0,0.0,0,0,6,0.00025,0.060562500000000005,0.0010625,0,0,1,0,2,3,9,0,0,1,0,0.002125,0,0.0,0,0.0,0,0.004625,0,0.0,0,0.23633333333333337,2010,2025,16,0.8958193218201225
James Harden,hardeja01,77,220.0,1989-08-26,Arizona State,2010,2025,2009-10-28T00:00:00Z,False,16,NBA,"OKC, HOU, BRK, PHI, LAC",SG,1151,937.0,34.7619461337967,7.101650738488271,16.16854908774978,0.4392262224610424,2.7584708948740224,7.602085143353605,0.3628571428571429,4.343179843614249,8.566463944396178,0.5069979716024341,0.5245298226759807,7.092962641181582,8.234578627280625,0.8613631567841317,0.7567332754126846,4.867072111207645,5.62380538662033,7.225021720243267,1.4900086880973067,0.5690703735881842,3.7011294526498695,2.482189400521286,24.054735013032147,40011.0,8174,18610,3175.0,8750.0,4999.0,9860.0,8164,9478,871.0,5602.0,6473.0,8316,1715.0,655.0,4260.0,2857.0,27687,80.0,23.696785883881933,0.6066305016120566,0.4679757316737898,0.5081427357476693,2.468403688985529,15.39835545225063,9.018717352728,34.16799880032991,2.1207842843218114,1.3996400989727824,15.66842118417435,29.39782559796056,127.6,47.1,174.6,0.20954235085351527,5.518549898777836,0.8358226487715877,6.340706305765915,84.30000000000001,10.052475569218464,22.879295693684238,3.903861438104521,10.747739371672791,6.158453925170579,12.148161755517233,10.024390792532053,11.646099822548798,1.0689885281547575,6.888703106645673,7.964857164279824,10.204008897553173,2.1207842843218114,0.8001649546374747,5.22823723476044,3.539826547699383,34.03617005323537,118.41073704731198,108.06658169003524,31.631851240908752,59.00034990377646,9.203768963535028,0.13281347629401916,0.0,5.799230211691785,4.747846842118418,2372.0,1193.0,1138.0,467.0,3892.0,188.0,19603.0,711.0,1194.0,15.43539526630177,0.2464023893429307,0.1478075029366924,0.0666955837144785,0.07078076029092,0.4679757316737898,0.6406401739521632,0.3624132613531279,0.42265159581115186,0.4112201144685212,0.1889717077803604,0.446065506985579,0.02150186198795331,347.0,0.07836537452200644,0.3628544150358652,18.0,1.0,0,0,11,0.002875,0.4106875,0.0236875,0,0,4,6,6,8,12,0,1,1,1,0.22849999999999998,0,0.0,1,0.063375,0,0.006375,0,0.0,0,0.0,2010,2025,16,0.5320242683262104
Taj Gibson,gibsota01,81,232.0,1985-06-24,USC,2010,2025,2009-10-29T00:00:00Z,False,16,NBA,"CHI, OKC, MIN, NYK, WAS, DET, NYK, CHO",PF,1002,461.0,23.022954091816366,3.471057884231537,6.714570858283433,0.5169441141498217,0.054890219560878244,0.20658682634730538,0.26570048309178745,3.4161676646706587,6.507984031936128,0.5249194908756326,0.5210315101070154,1.3832335329341316,1.9431137724550898,0.711864406779661,2.12874251497006,3.586826347305389,5.7155688622754495,0.9441117764471058,0.5289421157684631,0.9620758483033932,1.0429141716566865,2.4201596806387227,8.380239520958083,23069.0,3478,6728,55.0,207.0,3423.0,6521.0,1386,1947,2133.0,3594.0,5727.0,946,530.0,964.0,1045.0,2425.0,8397,0.0,15.130127010273528,0.5572079413932116,0.03698370107070094,0.2892916467987342,10.282816767090035,17.18683081191209,13.746473622610429,6.4100741254497375,1.1615197884607047,3.3367679569985698,12.06920109237505,16.65912696692531,29.1,31.299999999999997,60.400000000000006,0.12537526550782435,-1.2319606398196714,0.35784819454679445,-0.8966145043131475,6.4,7.697204040053752,14.914200875633968,0.11501148727729853,0.44033551519354974,7.584520351987517,14.479292557111274,3.0570896007629287,4.335190081928129,4.72671117083532,7.958390047249555,12.673111101478174,2.0813342580952794,1.1615197884607047,2.141349863453119,2.319155576748017,5.371632927305042,18.59025532099354,112.98110017772768,105.58177640990073,0.0,0.0,6.004464866270753,74.86497030647189,19.266678226190994,2.2858598118687414,2.384186570722615,259.0,301.0,1235.0,258.0,895.0,73.0,2246.0,203.0,614.0,7.186427673501236,0.4672632970653257,0.20385456673457886,0.14686661753868827,0.14480012137500542,0.03698370107070094,0.6661145693354719,0.4110244483939485,0.41840578265204387,0.38119428670510214,0.681174823356019,0.4221536694265031,0.1240087129914604,759.0,0.38943001430491136,0.13353617408643637,9.0,1.0,0,0,0,0.0053125,0.0,0.0441875,0,0,1,0,0,0,0,1,1,1,0,0.0,0,0.003,0,0.043187500000000004,0,0.0003125,0,0.0,0,0.0,2010,2025,16,0.9630162989292991
Jrue Holiday,holidjr01,76,205.0,1990-06-12,UCLA,2010,2025,2009-10-30T00:00:00Z,False,16,NBA,"PHI, NOP, MIL, BOS",PG,1037,956.0,32.94021215043394,6.204435872709739,13.431051108968177,0.46194715680643306,1.5178399228543877,4.107039537126326,0.3695703216717539,4.686595949855352,9.32401157184185,0.5026372944461681,0.5184520390580126,1.9093539054966249,2.4233365477338475,0.7879029048945484,0.9623915139826422,3.222757955641273,4.185149469623915,6.210221793635487,1.420443587270974,0.5159112825458052,2.5776277724204437,2.1176470588235294,15.836065573770492,34159.0,6434,13928,1574.0,4259.0,4860.0,9669.0,1980,2513,998.0,3342.0,4340.0,6440,1473.0,535.0,2673.0,2196.0,16422,4.0,17.03036095904447,0.5463143534646798,0.30970780760560906,0.1769933253315378,3.2161685061038088,10.564767703972597,6.92828537135162,29.30736555519775,2.1405954506864955,1.298562604291695,15.128566410023712,22.71084340876489,39.0,35.599999999999994,74.5,0.10466743757135748,1.4056119909833427,0.18153927222693875,1.596908574606985,31.1,9.301976053163147,20.192883281126495,2.278983576802599,6.132298954887438,7.048930003805733,14.075578910389648,2.857302614245148,3.645900055622237,1.444453877455429,4.83503615445417,6.297095933721713,9.349948768992066,2.1405954506864955,0.7500687959249392,3.8862408150121492,3.214810152522029,23.759635820720746,109.26198073714102,109.43722005913521,59.88978014578881,30.57425568664188,9.610644339705495,0.06197488216868175,0.0,3.9490412482801016,6.119084282326766,1583.0,724.0,944.0,120.0,1063.0,189.0,15003.0,270.0,730.0,13.198574314236364,0.2600216048479171,0.19080666881348987,0.11969750285429902,0.11948953423695072,0.30970780760560906,0.6299336046137183,0.41901264674024413,0.45759360637020985,0.4017942855470008,0.2904530284844404,0.6003178957229428,0.0155437512807752,188.0,0.18172797798530405,0.3835802277584239,24.0,1.0,2,0,2,0.2195625,0.005125,0.0075625,3,6,11,0,0,0,3,0,0,1,0,0.0,0,0.0,0,0.000125,0,0.01225,0,0.004750000000000001,0,0.0,2010,2025,16,0.6902921923943909
James Johnson,johnsja01,79,240.0,1987-02-20,Wake Forest,2010,2025,2009-10-30T00:00:00Z,False,16,NBA,"CHI, TOR, SAC, MEM, TOR, MIA, MIN, DAL, NOP, BRK, IND",PF,786,243.0,19.797709923664122,2.940203562340967,6.209923664122138,0.47346855152632655,0.4847328244274809,1.6170483460559797,0.2997639653815893,2.455470737913486,4.592875318066158,0.5346260387811634,0.5124974390493752,1.0521628498727735,1.5521628498727735,0.6778688524590164,0.7697201017811705,2.6857506361323153,3.455470737913486,2.0483460559796436,0.7391857506361323,0.8333333333333334,1.3333333333333333,2.2251908396946565,7.417302798982188,15561.0,2311,4881,381.0,1271.0,1930.0,3610.0,827,1220,605.0,2111.0,2716.0,1610,581.0,655.0,1048.0,1749.0,5830,0.0,13.902191375875587,0.5369612492770388,0.25746655099286675,0.24961287834972046,4.403547329863119,15.253961827646037,9.83402737613264,15.92086626823469,1.8843840370156157,3.472122614227877,16.15250947882527,18.538866396761133,7.300000000000001,20.2,27.5,0.08447008547008547,-1.0886254096780414,1.448454469507101,0.38277745646166694,9.1,7.543512627723153,15.909793715056873,1.2226142278773857,4.112730544309492,6.313501702975387,11.809292461924043,2.7099929310455626,3.9817171132960607,1.9882334040228775,6.879898464108991,8.874770258980785,5.233699633699633,1.8843840370156157,2.144303065355697,3.4190540453698346,5.713957971852708,19.01294903926483,103.68009768009767,106.01047490521175,0.0,0.49707602339181284,36.074545337703235,59.18231476126213,4.491549386286229,-1.481832787095945,-1.8021592442645076,452.0,288.0,888.0,163.0,614.0,34.0,3834.0,172.0,298.0,10.606124285071653,0.4132629651050704,0.17454430949167793,0.05548544438018122,0.0996112717691665,0.25746655099286675,0.6565045948203844,0.4103794100636206,0.3621062271062271,0.34965195038879243,0.44820911252490203,0.9249075252233148,0.08867682025576763,383.0,0.3834582610372084,0.31561969025126924,19.0,0.0,0,0,0,0.0,0.0,0.0,0,0,0,0,0,0,0,0,0,0,0,0.0,0,0.0,0,0.003125,0,0.00425,0,0.0,0,0.0,2010,2025,16,0.7425334490071331
Patty Mills,millspa02,74,180.0,1988-08-11,Saint Mary's,2010,2025,2010-01-04T00:00:00Z,False,16,NBA,"POR, SAS, BRK, ATL, MIA, LAC, UTA",PG,921,112.0,19.887079261672095,3.0998914223669924,7.320304017372421,0.4234648472263423,1.6786102062975028,4.35613463626493,0.38534396809571286,1.4212812160694897,2.964169381107492,0.4794871794871795,0.538119252447345,0.8121606948968513,0.9478827361563518,0.856815578465063,0.2909880564603692,1.3279044516829532,1.6188925081433225,2.182410423452769,0.6308360477741585,0.08686210640608034,0.9348534201954397,1.263843648208469,8.690553745928339,18316.0,2855,6742,1546.0,4012.0,1309.0,2730.0,748,873,268.0,1223.0,1491.0,2010,581.0,80.0,861.0,1164.0,8004,0.0,13.288294387420834,0.5610899759772876,0.6014604717187159,0.12900218388294388,1.6657239571958942,7.3143590303559725,4.541537453592487,16.237562786634633,1.599115527407731,0.3529154837300721,10.750480454247652,19.42744048918978,20.0,15.8,36.0,0.09418006114872243,0.3047171871587683,-0.47569338283468005,-0.16350731600786197,8.600000000000001,7.785968552085609,18.392241755841887,4.2105481546189125,10.889457305088447,3.5805525223848,7.490041493775934,2.0287562786634634,2.3685520856082114,0.7257534396156367,3.3396156366018777,4.072843415592925,5.509494431098493,1.60086809347019,0.2377047390259882,2.34513540074252,3.1842924219261843,21.826151998252897,110.20741428259446,110.996341996069,89.49759772876173,8.837300720681371,1.537016815898668,0.0,0.0,4.514211618257261,2.046292858702773,520.0,211.0,429.0,58.0,252.0,282.0,4635.0,63.0,192.0,19.6020583096746,0.12057632670888839,0.05040740336317973,0.04575098274732474,0.1818788490936886,0.6014604717187159,0.6545069884254204,0.37080656256824635,0.3959702445948897,0.4158630705394191,0.49387322559510805,0.8221262830312295,0.0,0.0,0.23975513212491814,0.43726785324306616,16.0,0.0,1,0,0,0.0,0.0,0.0,0,0,0,0,0,0,0,0,0,0,0,0.0,0,0.0,0,0.001875,0,0.001375,0,0.0,0,0.0,2010,2025,16,0.3985395282812841
