player,player_id,ht_in_in,wt,birth_date,colleges,from_season,to_season,debut,hof,n_seasons,lg,teams,pos,career_g,career_gs,mp_per_game,fg_per_game,fga_per_game,fg_percent,x3p_per_game,x3pa_per_game,x3p_percent,x2p_per_game,x2pa_per_game,x2p_percent,e_fg_percent,ft_per_game,fta_per_game,ft_percent,orb_per_game,drb_per_game,trb_per_game,ast_per_game,stl_per_game,blk_per_game,tov_per_game,pf_per_game,pts_per_game,career_mp,career_fg,career_fga,career_x3p,career_x3pa,career_x2p,career_x2pa,career_ft,career_fta,career_orb,career_drb,career_trb,career_ast,career_stl,career_blk,career_tov,career_pf,career_pts,career_trp_dbl,career_per,career_ts_percent,career_x3p_ar,career_f_tr,career_orb_percent,career_drb_percent,career_trb_percent,career_ast_percent,career_stl_percent,career_blk_percent,career_tov_percent,career_usg_percent,career_ows,career_dws,career_ws,career_ws_48,career_obpm,career_dbpm,career_bpm,career_vorp,career_fg_per_100_poss,career_fga_per_100_poss,career_x3p_per_100_poss,career_x3pa_per_100_poss,career_x2p_per_100_poss,career_x2pa_per_100_poss,career_ft_per_100_poss,career_fta_per_100_poss,career_orb_per_100_poss,career_drb_per_100_poss,career_trb_per_100_poss,career_ast_per_100_poss,career_stl_per_100_poss,career_blk_per_100_poss,career_tov_per_100_poss,career_pf_per_100_poss,career_pts_per_100_poss,career_o_rtg,career_d_rtg,career_pg_percent,career_sg_percent,career_sf_percent,career_pf_percent,career_c_percent,career_on_court_plus_minus_per_100_poss,career_net_plus_minus_per_100_poss,career_bad_pass_turnover,career_lost_ball_turnover,career_shooting_foul_committed,career_offensive_foul_committed,career_shooting_foul_drawn,career_offensive_foul_drawn,career_points_generated_by_assists,career_and1,career_fga_blocked,career_avg_dist_fga,career_percent_fga_from_x0_3_range,career_percent_fga_from_x3_10_range,career_percent_fga_from_x10_16_range,career_percent_fga_from_x16_3p_range,career_percent_fga_from_x3p_range,career_fg_percent_from_x0_3_range,career_fg_percent_from_x3_10_range,career_fg_percent_from_x10_16_range,career_fg_percent_from_x16_3p_range,career_percent_assisted_x2p_fg,career_percent_assisted_x3p_fg,career_percent_dunks_of_fga,career_num_of_dunks,career_percent_corner_3s_of_3pa,career_corner_3_point_percent,career_num_heaves_attempted,career_num_heaves_made,career_CHMP_count,career_FMVP_count,career_all_star_count,career_all_defense_share_mean,career_all_nba_share_mean,career_all_rookie_share_mean,career_all_defense_1st_count,career_all_defense_2nd_count,career_all_defense_ORV_count,career_all_nba_1T_count,career_all_nba_2T_count,career_all_nba_3T_count,career_all_nba_ORV_count,career_all_rookie_1st_count,career_all_rookie_2nd_count,career_all_rookie_ORV_count,career_mvp_winner_count,career_mvp_share_mean,career_roy_winner_count,career_roy_share_sum,career_smoy_winner_count,career_smoy_share_mean,career_mip_winner_count,career_mip_share_mean,career_dpoy_winner_count,career_dpoy_share_mean,career_clutch_poy_winner_count,career_clutch_poy_share_mean,from,to,experience,career_percent_fga_from_x2p_range
Kareem Abdul-Jabbar,abdulka01,86,225.0,1947-04-16,UCLA,1970,1987,1969-10-18T00:00:00Z,True,18,NBA,"MIL, LAL",C,1406,635.0,38.01066856330014,10.699857752489331,19.022048364153626,0.5624976631146008,0.0007112375533428165,0.00995732574679943,0.07142857142857142,4.195590327169275,7.205547652916074,0.5822722337380318,0.562516358197794,4.5412517780938835,6.308677098150782,0.7198421645997746,1.9587482219061167,6.261024182076814,11.826458036984352,3.8769559032716927,0.7638691322901849,2.1422475106685632,1.6166429587482218,3.019203413940256,25.94167852062589,53443.0,15044,26745,1.0,14.0,5899.0,10131.0,6385,8870,2754.0,8803.0,16628.0,5451,1074.0,3012.0,2273.0,4245.0,36474,21.0,25.335304904290552,0.5961003686170312,0.0005947458039406471,0.33222530546563633,6.6347182600115815,18.984180948499603,14.941550811144582,15.131023707501448,1.1436242390445652,3.326972823405761,6.8644031959283724,12.60570140149318,175.5,89.8,265.1,0.2381442845648635,4.626392519605871,1.77421073798512,6.401045646491052,84.7,12.629511864065956,22.34947969032777,0.0,0.01286446812789061,6.898833701990751,11.851633822642267,5.316971646893223,7.247783028353105,3.189048361150211,10.155507239091092,13.352136537301426,4.72479640056304,1.2371631811783634,3.473801025537904,2.643318922179771,3.767846370400161,30.577141564448013,79.39302232053086,98.72911220591192,,,,,,,,,,,,,,,,,,,,,,,,,,,,,,,,,,,5,2,17,0.2081666666666667,0.5022777777777778,0.05555555555555555,5,11,0,10,15,,2,1,,1,6,0.33911111111111114,1,1.0,0,0.0,0,0.0,0,0.0,,,1970,1989,18,
Moses Malone,malonmo01,82,215.0,1955-03-23,,1975,1992,1974-10-18T00:00:00Z,True,18,"ABA,NBA","UTS, SSL, BUF, HOU, PHI, WSB, ATL, MIL",C,1372,948.0,35.4030612244898,7.397230320699708,14.89868804664723,0.4965021280759258,0.00510204081632653,0.05830903790087463,0.0875,6.285714285714286,12.680758017492712,0.49568915967352567,0.49667335257570566,6.473760932944606,8.51603498542274,0.7601848681958233,5.272594752186589,7.494169096209912,12.7667638483965,1.3768221574344024,0.8637026239067055,1.3564139941690962,3.0495626822157433,2.4810495626822155,21.27332361516035,48573.0,10149,20441,7.0,80.0,8624.0,17398.0,8882,11684,7234.0,10282.0,17516.0,1889,1185.0,1861.0,4184.0,3404.0,29187,0.0,22.09309698803862,0.5708421139316081,0.003999176497230972,0.5755407530932823,16.27097976241945,23.20431721326663,19.748386963951166,5.845521174314947,1.1780907088300085,2.1692586416321826,13.940129289934738,24.00018940563688,117.8,60.0,177.79999999999998,0.17556498466226095,3.176209005002779,-1.4991888497725074,1.6962448273732322,45.1,10.062042698618574,20.243843287423054,0.005169538632573653,0.07835422971609743,8.569859798653575,17.300481749119882,8.80941057789307,11.568511312869289,7.159745125892986,10.166215798900625,17.33348774010253,1.879729479340374,1.1780907088300085,1.839159615424207,4.128933769789801,3.363557943713586,28.89516192123196,107.80534453297099,104.49838387581578,,,,,,,,,,,,,,,,,,,,,,,,,,,,,,,,,,,1,1,13,0.021722222222222223,0.3191111111111111,0.0,1,2,0,4,8,0,4,1,0,1,3,0.15861111111111115,0,0.1,0,0.0011111111111111111,0,0.0,0,0.0013,,,1975,1995,18,
Robert Parish,parisro01,85,230.0,1953-08-30,Centenary (LA),1977,1994,1976-10-22T00:00:00Z,True,18,NBA,"GSW, BOS",C,1413,1097.0,30.33262561924982,6.556970983722576,12.142958244869073,0.5399813498076699,0.0,0.004246284501061571,0.0,5.656758669497523,10.302901627742392,0.5490451985162798,0.5399813498076699,2.805378627034678,3.886058032554848,0.7219085776725551,3.0955414012738856,6.793347487615003,9.88888888888889,1.4755838641188959,0.8244869072894551,1.5937721160651097,2.150743099787686,2.9660297239915074,15.91932059447983,42860.0,9265,17158,0.0,6.0,7993.0,14558.0,3964,5491,4374.0,9599.0,13973.0,2085,1165.0,2252.0,3039.0,4191.0,22494,2.0,19.717636490900606,0.5768962435837611,0.0003412039197386841,0.322129328044797,11.641122258516098,24.095097993467103,18.03074661689221,7.043777414839011,1.3001516565562297,2.95845076994867,13.336430237984136,21.17606859542697,73.7,69.3,143.0,0.16013737750816612,1.5132757816145588,0.2830634624358376,1.8076598226784881,41.1,10.383628091460569,19.189253383107793,0.0,0.0,9.020979934671022,16.40992533831078,4.436024265048996,6.1428348110126,4.908644423705086,10.75398040130658,15.635221651889877,2.3175221651889872,1.3001516565562297,2.5022281847876813,3.403936070928604,4.681565562295847,25.181003266448904,107.98695753616425,101.65072328511432,,,,,,,,,,,,,,,,,,,,,,,,,,,,,,,,,,,3,0,9,0.003111111111111111,0.03305555555555555,0.0,0,0,2,0,1,1,7,0,0,1,0,0.01588888888888889,0,0.0,0,0.0,0,0.0,0,0.0,,,1977,1997,18,
James Edwards,edwarja01,85,252.0,1955-11-22,Washington,1978,1995,1977-10-18T00:00:00Z,False,18,NBA,"LAL, IND, CLE, PHO, DET, LAC, LAL, POR",C,1140,763.0,24.633333333333333,5.053508771929825,10.187719298245614,0.4960392629584984,0.0008771929824561404,0.018421052631578946,0.047619047619047616,4.15,8.276315789473685,0.5014308426073132,0.49608231444807993,2.842982456140351,4.0701754385964914,0.6984913793103448,1.5692982456140352,3.662280701754386,5.231578947368421,1.305263157894737,0.3675438596491228,0.7535087719298246,1.6754385964912282,3.4921052631578946,12.950877192982457,28082.0,5761,11614,1.0,21.0,4731.0,9435.0,3241,4640,1789.0,4175.0,5964.0,1488,419.0,859.0,1910.0,3981.0,14764,0.0,14.86127412577452,0.5402227761555445,0.0019141086817178264,0.40109960116800797,6.886792251264156,16.407460294850793,11.604568762908626,7.865960401680792,0.7033865109322698,1.7204223345915535,12.23409301331814,22.599800584003987,32.50000000000001,27.3,60.0,0.10226308667473827,-1.000680150986397,-0.6434335161313297,-1.613307456733851,2.5,9.814101559717969,19.77842390143152,0.0,0.043234100135318,8.155829356883412,16.27176839256463,5.51847802863044,7.892771170144576,3.035531657289367,7.06690050566199,10.09054198418916,2.516049426679012,0.7033865109322698,1.4436400541271988,3.2528772879424537,6.79886048002279,25.120247845595046,106.69079837618403,106.71123851577524,,,,,,,,,,,,,,,,,,,,,,,,,,,,,,,,,,,2,0,0,0.0,0.0,0.0,0,0,0,0,0,0,0,0,0,0,0,0.0,0,0.0,0,0.0,0,0.0,0,0.0,,,1978,1996,18,
Tree Rollins,rollitr01,85,235.0,1955-06-16,Clemson,1978,1995,1977-10-22T00:00:00Z,False,18,NBA,"ATL, CLE, DET, HOU, ORL",C,1156,508.0,20.785467128027683,2.2422145328719725,4.2932525951557095,0.5222647592182148,0.0,0.006055363321799308,0.0,1.7664359861591696,3.3572664359861593,0.5261530533367689,0.5222647592182148,0.921280276816609,1.3166089965397925,0.6997371879106439,1.8581314878892734,3.980968858131488,5.839100346020762,0.5709342560553633,0.4429065743944637,2.198961937716263,0.9143598615916955,2.921280276816609,5.405709342560554,24028.0,2592,4963,0.0,7.0,2042.0,3881.0,1065,1522,2148.0,4602.0,6750.0,660,512.0,2542.0,1057.0,3377.0,6249,4.0,13.622153321125353,0.5558255368736473,0.00154332445480273,0.3141323039786915,9.797344764441483,21.190144831030462,15.468349425670052,3.7740594306642254,1.033411020476111,6.2478483435991325,16.01767937406359,11.558918761444978,21.699999999999996,42.1,63.699999999999996,0.12770600965540202,-1.4101173630764108,2.50565173963709,1.0977026802064258,18.9,5.268619943399367,10.052193274513069,0.0,0.009343266189445648,4.198326951889462,7.943607457965706,2.1651531546529053,3.0854211752954885,4.353695688363575,9.351947727651075,13.713804727817548,1.3334235059097719,1.033411020476111,5.154573830531046,2.1472490427834194,6.869864324954221,12.672132512069252,110.06492425503579,100.41984351589812,,,,,,,,,,,,,,,,,,,,,,,,,,,,,,,,,,,0,0,0,0.04711111111111111,0.0,0.0,1,2,0,0,0,0,0,0,0,1,0,0.0,0,0.0,0,0.0,0,0.0,0,0.011230769230769232,,,1978,1995,18,
Rick Mahorn,mahorri01,82,240.0,1958-09-21,Hampton,1981,1999,1980-10-10T00:00:00Z,False,18,NBA,"WSB, DET, PHI, NJN, DET, PHI",PF,1117,613.0,23.078782452999103,2.773500447627574,5.627573858549686,0.4928412344893414,0.004476275738585497,0.03401969561324977,0.13157894736842105,2.7690241718889883,5.593554162936437,0.4950384122919334,0.493238943684378,1.3983885407341092,1.9856759176365264,0.7042380522993688,1.6239928379588182,4.604297224709042,6.228290062667861,0.9686660698299016,0.5666965085049239,0.9015219337511191,1.3034914950760967,3.1324977618621306,6.949865711727843,25779.0,3098,6286,5.0,38.0,3093.0,6248.0,1562,2218,1814.0,5143.0,6957.0,1082,633.0,1007.0,1456.0,3499.0,7763,0.0,11.572341828620193,0.533898017766399,0.00600818495674774,0.3550498467745064,7.885565770588464,22.09979052717328,15.027246983979207,5.76997556150355,1.2077582528414603,2.292160285503704,16.891570658287755,14.233038519725355,10.399999999999999,41.2,51.599999999999994,0.09609593079638468,-2.5288607005702315,1.2407269482912449,-1.2914310097366075,4.5,5.907071647464992,11.969700143527678,0.0024438496450599327,0.06893983474921447,5.884025757399434,11.885938166724852,2.9832344156096053,4.22226230652857,3.468125218200861,9.800341363125025,13.24601031847628,2.0461189340160595,1.2077582528414603,1.9035028511579195,2.770704837270647,6.652026843554831,14.784720121028744,103.12199852593196,102.58993754606463,0.0,0.0,0.12072243346007605,12.80893536121673,87.0703422053232,3.0178707224334596,-0.47519011406844114,13.0,11.0,94.0,16.0,22.0,,48.0,4.0,24.0,9.207794676806083,0.36628707224334595,0.24659030418250952,0.2941292775665399,0.08905608365019012,0.003937262357414448,0.5132718631178708,0.39476425855513303,0.35189068441064636,0.3274058935361217,0.7190731939163498,0.0,0.026210076045627376,4.0,0.0,0.0,0.0,0.0,1,0,0,0.018500000000000003,0.00011111111111111112,0.0,0,1,1,0,0,0,1,0,0,0,0,0.0,0,0.0,0,0.0,0,0.0,0,0.0,,,1981,1999,18,0.9960627376425855
Danny Schayes,schayda01,83,235.0,1959-05-10,Syracuse,1982,1999,1981-10-30T00:00:00Z,False,18,NBA,"UTA, DEN, MIL, LAL, PHO, MIA, ORL",C,1138,427.0,19.31019332161687,2.630931458699473,5.472759226713532,0.48073217726396916,0.0035149384885764497,0.026362038664323375,0.13333333333333333,2.6274165202108963,5.446397188049209,0.48241368183284933,0.481053307642903,2.4499121265377855,3.0413005272407734,0.805547529615718,1.5984182776801406,3.3848857644991215,4.983304042179262,1.141476274165202,0.492091388400703,0.7381370826010545,1.3813708260105448,3.070298769771529,7.715289982425308,21975.0,2994,6228,4.0,30.0,2990.0,6198.0,2788,3461,1819.0,3852.0,5671.0,1299,560.0,840.0,1572.0,3494.0,8780,1.0,13.425228668941978,0.5622687599544938,0.004702343572241184,0.5598493287827077,8.71156313993174,19.517174061433447,13.955936291240043,7.7622116040955635,1.1997087599544938,2.2530557451649607,16.69516268486917,17.049988623435723,24.1,24.6,48.599999999999994,0.1065090329920364,-2.049783845278726,0.03395676905574515,-2.0102298065984074,5.551115123125783e-17,6.383581342434585,13.337333333333332,0.012473265073947668,0.05624118316268487,6.3711080773606374,13.273565415244597,5.89921274175199,7.337042093287827,3.882967007963595,8.198407281001138,12.080778156996589,2.758976109215017,1.1997087599544938,1.7787576791808877,3.3336700796359495,7.44839590443686,18.671831626848693,109.2549715585893,106.58698521046644,0.0,0.0,0.0,3.9565217391304346,96.04347826086956,-0.8100255754475703,0.9447570332480818,32.0,22.0,135.0,17.0,66.0,,131.0,9.0,42.0,13.116265984654731,0.29792480818414324,0.1004772378516624,0.1078849104859335,0.49143017902813296,0.0022097186700767266,0.5144117647058823,0.28355754475703326,0.3290537084398977,0.3960158567774936,0.7431667519181586,0.0,0.004161636828644502,2.0,0.0,0.0,0.0,0.0,0,0,0,0.0,0.0,0.0,0,0,0,0,0,0,0,0,0,0,0,0.0,0,0.0,0,0.0,0,0.0,0,0.0,,,1982,1999,18,0.9977902813299232
Herb Williams,willihe01,83,260.0,1958-02-16,Ohio State,1982,1999,1981-10-30T00:00:00Z,False,18,NBA,"IND, DAL, NYK, TOR, NYK",C,1102,607.0,25.8475499092559,4.570780399274047,9.783121597096189,0.4672108338744087,0.007259528130671506,0.07622504537205081,0.09523809523809523,4.563520871143376,9.706896551724139,0.4701318126577545,0.4675818569705964,1.6896551724137931,2.427404718693285,0.6960747663551402,1.4736842105263157,4.432849364791289,5.906533575317605,1.6842105263157894,0.5490018148820327,1.456442831215971,1.750453720508167,2.6098003629764066,10.838475499092558,28484.0,5037,10781,8.0,84.0,5029.0,10697.0,1862,2675,1624.0,4885.0,6509.0,1856,605.0,1605.0,1929.0,2876.0,11944,0.0,13.628331694986658,0.49571071478724893,0.007858587277067827,0.2449902050273838,6.253391377615505,18.862189299255725,12.5302906895099,9.681041988484763,1.0349599775312457,3.3738098581659877,13.783527594438983,20.35282965875579,-1.3999999999999997,37.099999999999994,36.1,0.06085995646678836,-1.601133969948041,0.6823023451762393,-0.9217736272995367,7.800000000000001,8.577920938070497,18.37611641623367,0.0020046341805926133,0.1372384496559472,8.567922342367645,18.249038056452743,3.1517027102934976,4.536687263024856,2.7776155034405283,8.343712259514113,11.110581379019802,3.1284545709872207,1.0349599775312457,2.7367013059963488,3.2653665215559613,4.962354304170763,20.32400645976689,98.03998736132566,105.06867013059963,0.0,0.0,0.0,7.570707070707071,92.42929292929293,-9.231313131313131,-13.261111111111113,2.0,4.0,35.0,2.0,4.0,,20.0,0.0,3.0,11.02979797979798,0.12316161616161615,0.3090808080808081,0.42237878787878785,0.13515656565656564,0.010222222222222223,0.6223131313131313,0.5608030303030302,0.1857878787878788,0.6480757575757575,0.8295808080808081,0.0,0.021126262626262625,1.0,0.0,0.0,0.0,0.0,0,0,0,0.0,0.0,0.0025,0,0,0,0,0,0,0,0,0,1,0,0.0,0,0.0,0,0.0,0,0.0,0,0.0,,,1982,1999,18,0.9897777777777778
Terry Cummings,cummite01,81,220.0,1961-03-15,DePaul,1983,2000,1982-11-05T00:00:00Z,False,18,NBA,"SDC, MIL, SAS, MIL, SEA, NYK, PHI, GSW",PF,1183,815.0,28.654268808114963,6.800507185122569,14.055790363482672,0.48382246812605245,0.037193575655114115,0.12595097210481826,0.2953020134228188,6.763313609467455,13.929839391377852,0.4855270344074276,0.4851455376473418,2.8114961961115807,3.9822485207100593,0.706007217151348,2.69061707523246,4.604395604395604,7.295012679628064,1.8512256973795436,1.0608622147083686,0.5494505494505495,1.8596787827557058,3.242603550295858,16.449704142011836,33898.0,8045,16628,44.0,149.0,8001.0,16479.0,3326,4711,3183.0,5447.0,8630.0,2190,1255.0,650.0,2200.0,3836.0,19460,1.0,18.301298011682103,0.5180754321788896,0.0089518555667001,0.28110239542155885,10.60780577025193,18.142908136173226,14.359487285385567,10.49590241312172,1.816528998760989,1.1802259720337482,10.552784825063423,25.63531771785946,45.70000000000001,45.39999999999999,91.3,0.12896822821405393,1.044849253643283,-0.4067585108265975,0.6288483096347868,22.499999999999996,11.60603280429524,24.035515369638325,0.06045489409404684,0.21262316360847247,11.551003009027083,23.81475308277774,4.791784176057584,6.784825063425571,4.612404861643754,7.9032951796566175,12.527626998642988,3.177715499439495,1.816528998760989,0.9344002596023364,3.2012154109386985,5.6109740987668895,28.075848132633194,107.6876511888607,104.68411115700042,0.0,0.0,0.760666277030976,63.79105786090006,35.44827586206897,-1.1475452951490355,-1.8464932787843369,75.0,40.0,213.0,25.0,145.0,,375.0,29.0,83.0,11.07416715371128,0.23483372296902397,0.20180654587960262,0.3221838106370543,0.23513734658094682,0.005154880187025132,0.5640087668030391,0.39280362361192284,0.39671858562244305,0.5034739918176505,0.6626399766218586,0.5374050263004091,0.011572180011689071,13.0,0.0,0.0,0.0,0.0,0,0,2,0.0,0.043888888888888894,0.05555555555555555,0,0,0,0,1,1,4,1,0,1,0,0.011277777777777779,1,0.811,0,0.0,0,0.0,0,0.0,,,1983,2000,18,0.9948451198129749
John Stockton,stockjo01,73,170.0,1962-03-26,Gonzaga,1985,2002,1984-10-26T00:00:00Z,True,18,NBA,UTA,PG,1422,1218.0,31.98945147679325,4.732770745428973,9.154711673699016,0.5169764940851129,0.5738396624472574,1.4929676511954992,0.3843617522373999,4.158931082981716,7.661744022503516,0.5428178063331803,0.5483177139345522,3.20042194092827,3.8741209563994374,0.8261027409693229,0.6434599156118144,2.0639943741209565,2.707454289732771,10.672995780590718,2.19971870604782,0.21026722925457103,2.8565400843881856,2.6427566807313645,13.239803094233475,45489.0,6730,13018,816.0,2123.0,5914.0,10895.0,4551,5509,915.0,2935.0,3850.0,15177,3128.0,299.0,4062.0,3758.0,18827,0.0,21.87832003341467,0.6097082811229089,0.16162944887775066,0.4247409483611422,2.4489393040075624,7.275912858053594,4.951003539317198,50.4408736177977,3.4769724548792014,0.44850843060959794,20.877346171601925,18.845868231880235,136.2,62.50000000000001,198.6,0.20972351557519403,4.954162544791048,1.9703840488909408,6.918982611180726,102.39999999999999,7.55510562993251,14.581951680626085,0.9145969355228738,2.3943744641561695,6.6031480138055345,12.171817362439272,5.087830024841171,6.151476181054762,1.012207346831102,3.282499065708193,4.300466046736574,16.913935237090286,3.4769724548792014,0.34660247532370464,4.5301171711842425,4.171584339070984,21.064217722965992,120.59631998944799,104.01094770164215,100.0,0.0,0.0,0.0,0.0,9.422730289844383,11.609329596577918,799.0,159.0,353.0,89.0,358.0,,8096.0,94.0,227.0,12.64818201932296,0.34598849472674975,0.08354561545836714,0.13686569806032892,0.26133793052585,0.1726526292499447,0.6432608599454237,0.35083368980013274,0.45575182535585224,0.5069129729331072,0.4370206504904491,0.6614537207758685,0.0,0.0,0.06471111438896673,0.4891121764141898,3.0,0.0,0,0,10,0.11016666666666665,0.3057777777777778,0.0025,0,5,12,2,8,10,15,0,0,1,0,0.009055555555555556,0,0.0,0,0.0,0,0.011058823529411765,0,0.0012777777777777779,,,1985,2003,18,0.8273473707500554
Kevin Willis,willike02,84,220.0,1962-09-06,Michigan State,1985,2003,1984-10-26T00:00:00Z,False,18,NBA,"ATL, MIA, GSW, HOU, TOR, DEN, HOU, SAS",PF,1342,886.0,28.019374068554395,5.204918032786885,10.669895678092399,0.48781339479013897,0.029806259314456036,0.13934426229508196,0.21390374331550802,5.1751117734724295,10.530551415797317,0.49143787149731105,0.4892101403729311,2.220566318926975,3.110283159463487,0.7139434595112601,3.0283159463487332,5.704172876304024,8.732488822652757,0.973919523099851,0.6907600596125186,0.5461997019374069,1.8412816691505216,3.0156482861400895,12.660208643815201,37602.0,6985,14319,40.0,187.0,6945.0,14132.0,2980,4174,4064.0,7655.0,11719.0,1307,927.0,733.0,2471.0,4047.0,16990,0.0,15.824589117600127,0.5250283761502048,0.012594356683155151,0.2925610339875539,11.990928674006703,22.98222434976863,17.453337588426148,5.5896601244614645,1.2409632466358171,1.2911440880804212,13.310959523429606,21.27287112387639,35.2,45.49999999999999,81.0,0.10313350353704591,-0.7191532365299718,-1.3325886920908463,-2.0412903568959098,-0.7000000000000002,9.37817935216212,19.26770384554013,0.05341737141641402,0.2433434391787671,9.33909898409659,19.013741290356894,4.0199324504015745,5.6175735333226955,5.4584277432051485,10.281735014094997,15.747915004521035,1.7663900856337427,1.2409632466358171,0.9864235944896548,3.311951491941918,5.454598159672359,22.848752725918832,105.44891229189936,105.36415616190628,0.0,0.0,0.15372642373191722,26.44607214795825,73.40020142830983,-2.9439846182017946,-5.411362387841055,164.0,161.0,392.0,147.0,497.0,,852.0,97.0,247.0,8.441073063541477,0.3206440212415308,0.3291155466031862,0.22653103827137888,0.11486485991576635,0.008690807544405786,0.6450277421717634,0.38851080388207293,0.34294488188976374,0.37456033693462737,0.6339303241164622,0.15372642373191722,0.06525068668741989,249.0,0.2554042299945065,0.21360666544588905,7.0,0.0,1,0,1,0.014722222222222223,0.013277777777777777,0.0025,0,0,4,0,0,1,4,0,0,1,0,5.555555555555556e-05,0,0.0,0,0.0,0,0.017176470588235293,0,0.0,,,1985,2007,18,0.9913091924555942
Hakeem Olajuwon,olajuha01,84,255.0,1963-01-21,Houston,1985,2002,1984-10-27T00:00:00Z,True,18,NBA,"HOU, TOR",C,1238,1186.0,35.7205169628433,8.682552504038773,16.955573505654282,0.5120766042589682,0.020193861066235864,0.10016155088852989,0.20161290322580644,8.662358642972537,16.855411954765753,0.5139215028513922,0.5126720975656234,4.380452342487883,6.155896607431341,0.7115864059834668,3.258481421647819,7.846526655896607,11.105008077544426,2.470113085621971,1.7463651050080775,3.0936995153473346,2.9620355411954766,3.5403877221324715,21.765751211631663,44222.0,10749,20991,25.0,124.0,10724.0,20867.0,5423,7621,4034.0,9714.0,13748.0,3058,2162.0,3830.0,3667.0,4383.0,26946,14.0,23.590728596626114,0.5516480032562978,0.005740875582289358,0.36142001718601596,10.302593731626791,23.807032698656773,17.25889602460314,12.084356202794988,2.424254895753245,5.391373072226494,13.149231151915334,27.084252182171767,68.3,94.4,162.6,0.17669605626158927,2.1638867531997645,2.4847655013341776,4.650067839536882,74.29999999999998,12.076776265207364,23.59375423997105,0.030670254624395103,0.15059020397087425,12.052430916738274,23.453244991180863,6.08485595405002,8.523063181222017,4.485918773461173,10.941497444710778,15.415892542173575,3.4612387499434663,2.424254895753245,4.2860182714486,4.1301365836009225,4.920537289132105,30.2677784812989,108.010356835964,97.91269051603274,0.0,0.0,0.0,0.0,100.0,2.85400839761742,2.534703642222439,326.0,221.0,524.0,46.0,541.0,,1616.0,123.0,236.0,9.424118738404452,0.2663404940923738,0.2742955766038473,0.30805878332194114,0.1428117371350454,0.008482960648374184,0.6514128503075872,0.4526923152035935,0.43500400351528173,0.4052036910457963,0.6800831950004882,0.4091397324480031,0.04012967483644175,145.0,0.10986270871985158,0.13924421443218435,2.0,0.0,2,2,12,0.33066666666666666,0.445,0.05555555555555555,5,9,12,6,9,9,14,1,0,1,1,0.145,0,0.263,0,0.0,0,0.0,2,0.10938888888888888,,,1985,2002,18,0.9915170393516258
Karl Malone,malonka01,81,250.0,1963-07-24,Louisiana Tech,1986,2003,1985-10-25T00:00:00Z,True,18,NBA,UTA,PF,1434,1429.0,37.293584379358435,9.299163179916318,17.99860529986053,0.5166602092212321,0.059274755927475595,0.21548117154811716,0.2750809061488673,9.239888423988843,17.783124128312412,0.5195874671581506,0.5183068578070515,6.707810320781032,9.039748953974895,0.7420350227570779,2.4414225941422596,7.7405857740585775,10.182008368200837,3.5460251046025104,1.419107391910739,0.7845188284518828,3.0829846582984657,3.111576011157601,25.365411436541144,53479.0,13335,25810,85.0,309.0,13250.0,25501.0,9619,12963,3501.0,11100.0,14601.0,5085,2035.0,1125.0,4421.0,4462.0,36374,3.0,24.05277585594345,0.5755594345444006,0.011805549841994056,0.5018861983208363,7.923631705903251,23.44845827334094,15.976633818882178,17.505039361244602,1.9496830531610536,1.4665775351072385,12.327274257185064,29.684674358159278,140.20000000000002,90.39999999999998,230.29999999999998,0.20666377456571744,4.320408010620992,0.8892350268329624,5.192292301651116,97.4,12.765975429607883,24.699300660072176,0.087565212513323,0.2963854971110155,12.673292320350043,24.39287944800763,9.247659829091793,12.425576394472596,3.3216140915125565,10.624970549187532,13.941298453598607,4.902292488640401,1.9496830531610536,1.0755698498476038,4.215836122590175,4.2458553824865835,34.83770451953103,112.78544849380131,101.05022532208905,0.0,0.0,7.6772029677812785,76.62475861368026,15.84779957312735,7.1648846427482455,10.575058440898465,950.0,197.0,598.0,255.0,1824.0,,4795.0,430.0,524.0,11.068182742148593,0.31925678422603926,0.10766424433377376,0.22030216485415183,0.3449378493749365,0.007687112511434089,0.6599559914625471,0.40930282549039537,0.3900109259071044,0.4591479825185487,0.7931977843276756,0.6432625266795405,0.027205102144526882,249.0,0.03189399329200122,0.1544872446386828,1.0,0.0,0,0,14,0.1411111111111111,0.6715555555555556,0.042944444444444445,3,4,12,11,13,13,17,1,0,1,2,0.2387222222222222,0,0.186,0,0.0,0,0.0019444444444444442,0,0.0005555555555555556,,,1986,2004,18,0.9923128874885659
Charles Oakley,oaklech01,81,225.0,1963-12-18,Virginia Union University,1986,2003,1985-10-25T00:00:00Z,False,18,NBA,"CHI, NYK, TOR, CHI, WAS",PF,1275,1159.0,31.572549019607845,3.7905882352941176,8.044705882352941,0.4711904065516233,0.05333333333333334,0.21098039215686273,0.2527881040892193,3.7372549019607844,7.833725490196079,0.47707248698438126,0.4745052159500829,2.0972549019607842,2.7576470588235296,0.7605233219567691,3.0776470588235294,6.490980392156863,9.568627450980392,2.5215686274509803,1.0596078431372549,0.30117647058823527,2.183529411764706,3.461176470588235,9.731764705882354,40255.0,4833,10257,68.0,269.0,4765.0,9988.0,2674,3516,3924.0,8276.0,12200.0,3215,1351.0,384.0,2784.0,4413.0,12408,3.0,13.36924605639051,0.5237859893180971,0.024799229909328036,0.34152942491615945,11.214090175133524,23.514005713575955,17.351352627002857,11.890525400571358,1.6958017637560554,0.6414010681902869,19.108066078747985,15.770930319215003,26.2,63.3,89.30000000000001,0.10667271146441434,-1.1479940380077012,0.685027946838902,-0.4573941125326046,15.400000000000002,6.12264811824618,13.017091044590732,0.08645137250031053,0.34301577443795805,6.03619674574587,12.671469382685382,3.3681679294497577,4.418507017761768,4.949978884610608,10.514281455719786,15.470488138119489,4.102824493851696,1.6958017637560554,0.4786486150788723,3.53149422431996,5.631394857781642,15.68883368525649,104.6715687492237,102.14293876537076,0.0,0.0,2.3670735960934777,78.32731077781654,19.55430763864667,0.8185629577956051,0.2896965469131496,571.0,79.0,825.0,46.0,213.0,,2786.0,43.0,100.0,15.31017788629229,0.16623899546564352,0.05283718172305545,0.12691147540983605,0.6188435995814441,0.035402720613882104,0.5293545866759679,0.2626650156958493,0.3396665504011162,0.4394336239972097,0.8515674223927451,0.5454623648412975,0.0013738402511335893,3.0,0.18870010463899548,0.3721485873735612,0.0,0.0,0,0,1,0.09555555555555556,0.0055000000000000005,0.03283333333333333,1,2,9,0,0,0,4,1,0,1,0,0.0,0,0.038,0,0.0,0,0.0,0,0.0016666666666666666,,,1986,2004,18,0.9645972793861181
Reggie Miller,millere01,79,185.0,1965-08-24,UCLA,1988,2005,1987-11-06T00:00:00Z,True,18,NBA,IND,SG,1389,1304.0,34.2829373650108,5.93304535637149,12.59827213822894,0.470941196639808,1.8430525557955364,4.669546436285097,0.3946962688868332,4.089992800575954,7.928725701943844,0.515844910560247,0.5440882336133493,4.490280777537797,5.058315334773218,0.8877028181041845,0.6357091432685386,2.375089992800576,3.0107991360691146,2.9812814974802015,1.0835133189344852,0.21526277897768178,1.7343412526997841,1.9654427645788337,18.199424046076313,47619.0,8241,17499,2560.0,6486.0,5681.0,11013.0,6237,7026,883.0,3299.0,4182.0,4141,1505.0,299.0,2409.0,2730.0,25279,1.0,18.36808206808207,0.6123955353955354,0.37501453201453205,0.3975756105756105,2.2011109011109014,7.755883155883156,5.072855372855373,14.40710640710641,1.6374094374094372,0.43076503076503075,10.384802284802284,21.619070119070116,140.4,34.0,174.5,0.17585058485058488,3.7480774480774484,-0.25670425670425673,3.4962493962493966,66.0,8.942905142905143,19.05179445179445,2.8066465066465067,7.111879711879712,6.147697347697349,11.941050841050838,6.775064575064576,7.625874125874126,0.9463071463071463,3.5921228921228927,4.545378945378945,4.491408891408891,1.6374094374094372,0.3303597303597304,2.6036456036456035,2.9634872634872638,27.48867048867049,121.4079674079674,108.75516075516076,8.310255188250077,85.44053550539405,6.322386378406481,0.0,0.0,4.428109700619558,2.9122438369221437,497.0,188.0,316.0,154.0,806.0,,3937.0,154.0,213.0,18.341826610632122,0.11312386811663272,0.05692608639140419,0.1156664789220571,0.28038984446081194,0.43364100342272865,0.7089864823881115,0.43616294787920795,0.404303539707985,0.4511721762488627,0.6919196308652138,0.879448507430354,0.004481738226246697,37.0,0.2644824747627919,0.4198564620250422,19.0,0.0,0,0,5,0.001888888888888889,0.061833333333333323,0.02272222222222222,0,0,2,0,0,3,13,0,0,1,0,0.00016666666666666666,0,0.0,0,0.0,0,0.018111111111111113,0,0.0,,,1988,2005,18,0.5663589965772713
Clifford Robinson,robincl02,82,225.0,1966-12-16,UConn,1990,2007,1989-11-03T00:00:00Z,False,18,NBA,"POR, PHO, DET, GSW, NJN",PF,1380,844.0,30.841304347826085,5.354347826086957,12.228260869565217,0.4378666666666667,0.9079710144927536,2.5471014492753623,0.3564722617354196,4.446376811594203,9.681159420289855,0.4592814371257485,0.4749925925925926,2.579710144927536,3.7427536231884058,0.6892545982575025,1.3420289855072465,3.227536231884058,4.569565217391304,2.2420289855072464,1.0159420289855072,1.0072463768115942,1.8130434782608695,3.0253623188405796,14.196376811594202,42561.0,7389,16875,1253.0,3515.0,6136.0,13360.0,3560,5165,1852.0,4454.0,6306.0,3094,1402.0,1390.0,2502.0,4175.0,19591,0.0,14.492495477079958,0.5093786800122178,0.22087241841122152,0.2982031672188154,4.864279504710886,11.971734686684993,8.396186649749772,12.133819694086135,1.6840370292051405,2.284772444256479,11.63208101313409,22.260163060078476,33.800000000000004,56.1,89.6,0.10118293743098139,-0.0563379619839759,0.5372524141819977,0.4818495806019595,26.6,8.876887291182069,20.29153450341862,1.545388971123799,4.324423768238528,7.33057963863631,15.978132562674748,4.267653485585395,6.174676346890345,2.2138342614130306,5.355055097389629,7.566575033481356,3.7502243838255676,1.6840370292051405,1.662496181950612,3.0219849157679564,5.02616009962172,23.5576067291652,103.04490026080214,103.48417565376754,0.0,0.1774874995154851,28.385596340943447,56.42741966742897,15.46858405364549,1.3791891158572043,-2.2630140703128028,722.0,338.0,1164.0,130.0,1023.0,25.0,4456.0,229.0,432.0,14.125303306329704,0.1811244621884569,0.20054831582619478,0.1522836156440172,0.19050401178340245,0.27560176751036863,0.6022943137330904,0.4176515368812745,0.36199779061203924,0.4183669909686422,0.6890101166711888,0.9713924570719796,0.024563859064304815,216.0,0.189731695026939,0.35529008876313034,7.0,1.0,0,0,1,0.05477777777777778,0.002,0.01922222222222222,0,2,10,0,0,0,6,0,0,1,0,0.0,0,0.0,1,0.050833333333333335,0,0.005555555555555556,0,0.0013333333333333333,,,1990,2007,18,0.7243982324896314
Dikembe Mutombo,mutomdi01,86,245.0,1966-06-25,Georgetown,1992,2009,1991-11-01T00:00:00Z,True,18,NBA,"DEN, ATL, PHI, NJN, NYK, HOU",C,1196,997.0,30.76170568561873,3.4857859531772575,6.726588628762542,0.5182100683654444,0.0,0.0016722408026755853,0.0,3.4857859531772575,6.724916387959866,0.5183389282605992,0.5182100683654444,2.8352842809364547,4.147157190635451,0.6836693548387097,3.1839464882943145,7.1496655518394645,10.33361204013378,1.0367892976588629,0.41304347826086957,2.75,1.8168896321070234,2.8285953177257523,9.80685618729097,36791.0,4169,8045,0.0,2.0,4169.0,8043.0,3391,4960,3808.0,8551.0,12359.0,1240,494.0,3289.0,2173.0,3383.0,11729,10.0,17.209287597510265,0.5755229811638718,0.000302573999075861,0.6242253812073605,11.863325269767063,26.18811665896551,19.090470495501616,5.273526134108885,0.6979505857410779,6.277285205620939,17.46287679051942,14.992144818026148,48.4,68.4,117.0,0.15260291919219374,-0.10022288059579786,1.7658014188252562,1.656777472751488,33.8,5.921711831697969,11.419983148052514,0.0,0.0,5.921711831697969,11.419983148052514,4.832950993449484,7.066774482889838,5.424269522437554,12.187469761626483,17.620464243972712,1.7274985730205756,0.6979505857410779,4.681329673017857,3.0923486722296216,4.82144546220543,16.676904677774456,111.64407056073496,99.20948057948955,0.0,0.0,0.0,0.027658623771224307,99.97234137622877,4.573422698838248,7.959669347631815,182.0,299.0,1010.0,275.0,1066.0,21.0,1334.0,210.0,360.0,5.288529937444148,0.4793443699731904,0.38010415549597854,0.12635478105451298,0.014212243074173368,0.0,0.6515567917783736,0.43272913315460226,0.30739709562109024,0.18204615728328863,0.47550250223413765,0.0,0.14559776586237713,632.0,0.0,0.0,0.0,0.0,0,0,8,0.25955555555555554,0.04977777777777778,0.05555555555555555,3,6,12,0,1,3,8,1,1,1,0,0.00016666666666666666,0,0.036,0,0.0,0,0.0,4,0.11922222222222222,,,1992,2009,18,1.0
Shaquille O'Neal,onealsh01,85,325.0,1972-03-06,LSU,1993,2010,1992-11-06T00:00:00Z,True,18,NBA,"ORL, LAL, MIA, PHO, CLE",C,1170,1161.0,35.184615384615384,9.569230769230769,16.458119658119656,0.5814291649356045,0.0008547008547008547,0.018803418803418803,0.045454545454545456,9.568376068376068,16.439316239316238,0.5820422169075595,0.5814551308683008,5.01025641025641,9.505128205128205,0.5271108713245212,3.556410256410256,7.487179487179487,11.043589743589743,2.5641025641025643,0.617948717948718,2.299145299145299,2.781196581196581,3.4410256410256412,24.14957264957265,41166.0,11196,19256,1.0,22.0,11195.0,19234.0,5862,11121,4161.0,8760.0,12921.0,3000,723.0,2690.0,3254.0,4026.0,28255,2.0,26.595068746052565,0.585368167905553,0.0010867463440703494,0.5817590487295341,11.757715104698052,23.66557838993344,17.850597580527623,14.085934994898706,0.9067944420152553,4.606060826895981,12.104671330709808,29.64507846280911,114.4,64.9,178.9,0.2086706748287422,4.54910362920857,0.6912694942428218,5.2335568187339065,74.99999999999999,14.035701792741582,24.141424962347568,0.0,0.016542778020696692,14.035701792741582,24.11742214448817,7.349431569742021,13.94710683573823,5.22690084049944,10.9840135062916,16.18971724238449,3.7725574503230823,0.9067944420152553,3.364781615896614,4.075018218918524,5.056106981489579,35.422166350872075,112.61509498129524,101.26538891318079,0.0,0.0,0.0,0.0,100.0,7.648083461102594,8.50965268982068,757.0,461.0,1741.0,468.0,3515.0,28.0,5240.0,1074.0,533.0,4.254459702686487,0.5101317245516966,0.4158601759882674,0.07098200119992,0.0022107859476034933,0.0007569495366975535,0.7471671555229651,0.4330555296313579,0.2874593360442637,0.1306059262715819,0.6162709486034263,0.0,0.20056629558029462,2583.0,0.0,0.0,5.0,0.0,4,3,15,0.10016666666666667,0.5331666666666668,0.05555555555555555,0,3,12,8,10,14,17,1,1,1,1,0.24333333333333332,1,0.98,0,0.0,0,0.0016666666666666668,0,0.013777777777777776,,,1993,2011,18,0.9992430504633023
Grant Hill,hillgr01,80,225.0,1972-10-05,Duke,1995,2013,1994-11-04T00:00:00Z,True,18,NBA,"DET, ORL, PHO, LAC",SF,1026,972.0,33.89473684210526,6.184210526315789,12.793372319688109,0.48339174158159376,0.2134502923976608,0.6793372319688109,0.31420373027259685,5.970760233918129,12.114035087719298,0.4928795558773835,0.49173396312661893,4.120857699805068,5.358674463937622,0.7690069116042197,1.1461988304093567,4.866471734892787,6.012670565302145,4.144249512670565,1.2163742690058479,0.5614035087719298,2.3966861598440548,2.3167641325536064,16.702729044834307,34776.0,6345,13126,219.0,697.0,6126.0,12429.0,4228,5498,1176.0,4993.0,6169.0,4252,1248.0,576.0,2459.0,2377.0,17137,29.0,19.02307913503566,0.5513884288014722,0.057235018403496665,0.4122158960202439,4.04790085116172,16.63500690131125,10.453137221072005,21.878045203588684,1.8961582700713135,1.2336065102369451,13.552872670807453,23.740674603174604,61.6,38.8,99.9,0.13789599148838277,2.2271077754773407,0.7488152749022315,2.9671353807223375,43.4,9.594812514377733,19.829940188635838,0.3259518058431102,1.0229382332643202,9.257789855072465,18.794435817805386,6.412712790430181,8.353002070393375,1.7719059121233036,7.582470669427191,9.354376581550495,6.484265010351967,1.8961582700713135,0.8699361628709454,3.7209397285484243,3.574295491143317,25.901552795031055,109.7455429031516,105.70908097538532,0.0,8.77904154240932,81.95401900270477,9.197829253068868,0.0,3.001702614605729,2.819290519453499,900.0,533.0,897.0,260.0,1870.0,176.0,7673.0,450.0,596.0,11.005385255565574,0.31976673139607464,0.12320601289964629,0.23190092932935708,0.26069349469450026,0.06432467577501907,0.658477494971912,0.39602618073375406,0.41020327345863095,0.4282897565711908,0.4617189818988834,0.881563978084472,0.03733955198002636,385.0,0.4042367709272488,0.2298931964768708,11.0,1.0,0,0,7,0.056833333333333326,0.15777777777777777,0.0545,0,0,8,1,5,5,7,1,1,1,0,0.02938888888888889,1,0.41,0,0.0,0,0.0015555555555555557,0,0.003055555555555556,,,1995,2013,18,0.9356753242249811
Jason Kidd,kiddja01,76,205.0,1973-03-23,California,1995,2012,1994-11-05T00:00:00Z,True,18,NBA,"DAL, PHO, NJN, DAL",PG,1315,1302.0,36.55361216730038,4.613688212927757,11.51939163498099,0.400514919461315,1.4250950570342205,4.088212927756654,0.34858630952380953,3.1885931558935363,7.431178707224334,0.4290830945558739,0.4623712701346712,2.329277566539924,2.970342205323194,0.7841781874039938,1.3064638783269962,5.082889733840304,6.389353612167301,9.00532319391635,1.9460076045627377,0.3231939163498099,2.9863117870722435,1.8608365019011406,12.981749049429657,48068.0,6067,15148,1874.0,5376.0,4193.0,9772.0,3063,3906,1718.0,6684.0,8402.0,11842,2559.0,425.0,3927.0,2447.0,17071,107.0,18.10314970458517,0.5090739993342764,0.3765375093617375,0.2486317924606807,4.010418573687276,16.033858284097526,10.009176583173836,39.35576683032372,2.786968461346426,0.6566759590580012,19.201651826579013,19.54091495381543,60.9,72.1,133.3,0.13301535324956312,2.353058167595906,1.4818569526504117,3.8447719896812846,70.7,6.600401514521096,16.47435716068902,2.047366231172506,5.85928268286594,4.55736248647749,10.609103769659647,3.314772821835733,4.244903054006824,1.862548889073812,7.292866355995673,9.147114504452027,12.884781975534661,2.786968461346426,0.4510505949904302,4.256902721145044,2.6669821918948156,18.558071898144295,107.08537904635101,102.05875010401931,84.24958693291791,15.415970353585422,0.4087475806070906,0.0,0.0,4.219215880659019,6.501949676627484,2454.0,564.0,948.0,126.0,996.0,85.0,22808.0,204.0,434.0,16.57880139734693,0.20574236415993957,0.0630806779020913,0.1043133880942265,0.2404658216494359,0.38640893641127316,0.5463452768729642,0.3229271585705519,0.3422487607987537,0.3904360808195251,0.3745749421706085,0.8549561440777982,0.0038297219468441676,42.0,0.16922813104848228,0.3391533305008733,52.0,3.0,1,0,10,0.25855555555555554,0.27238888888888885,0.05555555555555555,4,9,15,5,6,6,16,1,1,1,0,0.051888888888888894,1,0.41,0,0.0,0,0.0,0,0.0008888888888888889,,,1995,2013,18,0.6135910635887267
Juwan Howard,howarju01,81,240.0,1973-02-07,Michigan,1995,2012,1994-11-19T00:00:00Z,False,18,NBA,"WSB, WAS, DAL, DEN, ORL, HOU, DAL, CHA, DEN, POR, MIA",PF,1201,898.0,30.477102414654453,5.439633638634471,11.599500416319733,0.4689541310745819,0.004995836802664446,0.041631973355537054,0.12,5.434637801831807,11.557868442964196,0.47021107989337946,0.4691694781422726,2.552872606161532,3.341382181515404,0.7640169449289809,1.95503746877602,4.223147377185678,6.178184845961699,2.2123230641132388,0.6810990840965861,0.2597835137385512,2.0524562864279767,2.900915903413822,13.437135720233139,36603.0,6533,13931,6.0,50.0,6527.0,13881.0,3066,4013,2348.0,5072.0,7420.0,2657,818.0,312.0,2465.0,3484.0,16138,0.0,14.574950140698853,0.5130658415976832,0.003494631587574789,0.2843412835013523,7.405928475807994,16.16500560063383,11.76578149332022,12.733041007567683,1.1784662459361255,0.6283200830533017,13.608206977570145,22.44116602464279,27.7,31.6,59.4,0.07769529819960112,-0.670756495369232,-0.8897412780373193,-1.5695352839931151,4.0,9.362647870393136,19.94887031117668,0.008999262355544628,0.0651968417889244,9.346190202988826,19.88562959320274,4.381848482364833,5.736827582438599,3.365699532825178,7.270740103270224,10.653121328852826,3.7941890009015657,1.1784662459361255,0.4457749364806164,3.529410157637352,5.006343742316204,23.10061470371281,102.54241455618391,106.77449935797613,0.0,0.21472174671360744,15.133942702109104,68.6866057297891,15.525629017150608,-2.927983592261232,-3.839614353541553,762.0,448.0,1148.0,434.0,1388.0,54.0,4750.0,297.0,833.0,9.600926972643002,0.235342366202642,0.2662300313297374,0.2967746196828268,0.19918626659345628,0.002567229740641452,0.5927228448693517,0.4110405348664449,0.4264564452052582,0.4455262749911179,0.6547980362391395,0.04408772326475243,0.0377098284939117,397.0,0.1051836826975873,0.0,5.0,0.0,1,0,1,0.0,0.0067777777777777775,0.04061111111111111,0,0,0,0,0,1,2,0,1,1,0,0.0,0,0.01,0,0.0,0,0.0005,0,0.0,,,1995,2013,18,0.9974327702593585
Kevin Garnett,garneke01,83,240.0,1976-05-19,,1996,2013,1995-11-03T00:00:00Z,True,18,NBA,"MIN, BOS",PF,1323,1286.0,36.130763416477706,7.672713529856387,15.393046107331822,0.49845322857844343,0.1307634164777022,0.46938775510204084,0.2785829307568438,7.541950113378685,14.923658352229781,0.505368719611021,0.5027007120058925,3.6273620559334847,4.593348450491308,0.7896988645713345,2.3325774754346185,8.130763416477702,10.46334089191232,3.948601662887377,1.3167044595616024,1.4890400604686318,2.303854875283447,2.4633408919123205,19.10355253212396,47801.0,10151,20365,173.0,621.0,9978.0,19744.0,4799,6077,3086.0,10757.0,13843.0,5224,1742.0,1970.0,3048.0,3259.0,25274,16.0,23.1392795129809,0.5485831258760278,0.029806510324051794,0.2968195853643229,7.668760067781008,25.732723164787352,16.929626995251144,19.62592832785925,1.9245350515679587,3.072439907114914,11.662588648773038,25.128396895462437,99.89999999999999,87.39999999999999,187.3,0.188001882805799,3.8098784544256397,2.1010878433505575,5.91885943808707,95.60000000000001,11.209746658019709,22.510202715424363,0.18489780548524093,0.6752097236459489,11.036038995000103,21.810700612957888,5.301462312503922,6.721742222966046,3.4163657664065603,11.913811426539194,15.303943432145772,5.762419196251123,1.9245350515679587,2.1698332670864624,3.363810380535972,3.5917491265873096,27.933972092634047,110.40557728917805,99.03336750277191,0.0,0.0,8.88202074360552,67.15823591456447,24.066383932495384,5.511804517886964,11.73867671618177,1139.0,627.0,1280.0,463.0,2384.0,67.0,11105.0,503.0,632.0,11.317087105563857,0.22903014854531076,0.2040476839237057,0.2259247385075152,0.3114834754328909,0.02939366704755207,0.6891831985584953,0.44594745978729006,0.4507871583018371,0.45258963259207174,0.6829729058627054,0.7304513052650082,0.07191383932495386,1327.0,0.058748439834754335,0.16968188010899182,26.0,0.0,1,0,15,0.3995,0.3735,0.034722222222222224,9,12,16,4,7,9,17,0,1,1,1,0.15294444444444444,0,0.009,0,0.0,0,0.0022222222222222222,1,0.091,,,1996,2016,18,0.9706063329524478
Jerry Stackhouse,stackje01,78,218.0,1974-11-05,UNC,1996,2013,1995-11-03T00:00:00Z,False,18,NBA,"PHI, DET, WAS, DAL, MIL, MIA, ATL, BRK",SG,970,564.0,31.156701030927834,5.552577319587629,13.589690721649484,0.4085874677590654,1.0185567010309278,3.3010309278350514,0.30855715178013743,4.534020618556701,10.288659793814434,0.4406813627254509,0.44606281292671823,4.792783505154639,5.834020618556701,0.8215232373210815,0.954639175257732,2.207216494845361,3.1618556701030927,3.3402061855670104,0.8958762886597939,0.4505154639175258,2.722680412371134,1.865979381443299,16.916494845360823,30222.0,5386,13182,988.0,3202.0,4398.0,9980.0,4649,5659,926.0,2141.0,3067.0,3240,869.0,437.0,2641.0,1810.0,16409,1.0,16.475617100125735,0.5229799483819734,0.24575640262060747,0.4257088544768712,3.4727747998147045,8.181523393554365,5.831175964529152,19.43486532989213,1.5050228310502285,1.0593574217457482,14.45005294156575,27.369932499503673,32.3,19.900000000000002,52.4,0.0832291708027265,1.565240553239362,-1.2896201442657669,0.26484349149626096,17.4,9.336003573555688,22.84326649460658,1.7060419561908544,5.554648931242142,7.614936139236318,17.2968632122295,8.04710806697108,9.790182648401828,1.5943153993779364,3.7138276752034938,5.324594666137251,5.633515319965588,1.5050228310502285,0.7693865396069088,4.575468201972073,3.1312553768777707,28.422338031897294,102.97084905036067,108.32416782476342,1.4050361542095127,58.558736964499836,39.150539587951016,0.6083354529268559,0.0,-0.4452200138076377,-2.1693906471421824,1016.0,762.0,556.0,261.0,1734.0,34.0,6652.0,290.0,747.0,14.093157952109298,0.27129355764688784,0.07837520438937538,0.16818004432978453,0.23851455252352746,0.24357334399186076,0.5780887322408342,0.33412041713600515,0.34498274045274513,0.3848563642309509,0.4951869118127975,0.8574595763235348,0.05556829330329566,628.0,0.32711612950110824,0.3571772464663348,14.0,0.0,0,0,2,0.0,0.011111111111111112,0.051611111111111115,0,0,0,0,0,0,3,1,1,1,0,0.00022222222222222223,0,0.018,0,0.042722222222222224,0,0.011833333333333333,0,0.0,,,1996,2013,18,0.7564266560081393
Kurt Thomas,thomaku01,81,230.0,1972-10-04,TCU,1996,2013,1995-11-04T00:00:00Z,False,18,NBA,"MIA, DAL, NYK, PHO, SEA, SAS, MIL, CHI, POR, NYK",PF,1110,650.0,24.46846846846847,3.4558558558558556,7.1117117117117115,0.4859386876108437,0.008108108108108109,0.02882882882882883,0.28125,3.447747747747748,7.082882882882883,0.48677181378784024,0.48650874081580947,1.163963963963964,1.5324324324324323,0.7595532039976485,1.7315315315315316,4.870270270270271,6.601801801801802,1.0846846846846847,0.6522522522522523,0.7576576576576577,1.118018018018018,3.2243243243243245,8.083783783783783,27160.0,3836,7894,9.0,32.0,3827.0,7862.0,1292,1701,1922.0,5406.0,7328.0,1204,724.0,841.0,1241.0,3579.0,8973,0.0,13.879834315169367,0.5192172312223859,0.004135935198821796,0.21294418262150222,8.333862297496317,22.976093519882177,15.71341678939617,7.411513254786451,1.42489322533137,2.3383873343151698,12.65939617083947,16.889142120765833,22.400000000000002,41.8,64.4,0.11340036818851253,-1.737662002945508,1.0000957290132548,-0.7530670103092785,8.6,7.497360088365244,15.448394698085421,0.0014432989690721652,0.0687481590574374,7.473810751104565,15.384959499263624,2.531782032400589,3.3418961708394694,3.769377761413844,10.55618556701031,14.301174521354937,2.3535198821796763,1.42489322533137,1.633276877761414,2.4344955817378495,7.005121502209131,17.57228645066274,104.93442562592047,101.09204712812961,0.0,0.0,0.6359929425602823,51.13883552244658,48.04850029405999,1.0618114095275435,0.8893707116251715,439.0,228.0,1681.0,310.0,640.0,126.0,2665.0,124.0,418.0,10.689907861203684,0.24554279553028818,0.18288613997255437,0.25765971378161145,0.3099022544599099,0.0041447559302097625,0.6146434032542638,0.4446270143109194,0.440426975102921,0.42560890021564396,0.7929224465791022,0.5437757302489707,0.010260576357576946,71.0,0.17315079396196822,0.13928641442854342,0.0,0.0,0,0,0,0.0105,0.0,0.013888888888888888,0,0,5,0,0,0,0,0,0,1,0,0.0,0,0.0,0,0.0,0,0.0,0,0.0,,,1996,2013,18,0.9958552440697901
Ray Allen,allenra02,77,205.0,1975-07-20,UConn,1997,2014,1996-11-01T00:00:00Z,True,18,NBA,"MIL, SEA, BOS, MIA",SG,1300,1149.0,35.64923076923077,6.59,14.580769230769231,0.4519651806911105,2.286923076923077,5.714615384615384,0.4001884506663077,4.303076923076923,8.866153846153846,0.4853374978309908,0.5303877604853601,3.383076923076923,3.7846153846153845,0.8939024390243903,0.9461538461538461,3.109230769230769,4.055384615384615,3.3546153846153848,1.116153846153846,0.18769230769230769,2.083846153846154,2.1984615384615385,18.85,46344.0,8567,18955,2973.0,7429.0,5594.0,11526.0,4398,4920,1230.0,4042.0,5272.0,4361,1451.0,244.0,2709.0,2858.0,24505,3.0,18.55970783704471,0.5819432504747108,0.3965939711721042,0.25773966424995687,3.2387105126877263,10.28644268945279,6.812689884343174,16.497138788192647,1.66778007940618,0.4154173139996548,11.391973070947696,23.79570602451234,111.60000000000001,33.4,145.2,0.15025759537372693,3.634321595028483,-0.7069264629725531,2.918561194545141,57.5,9.797792594510616,21.693267736923875,3.4087346797859492,8.497304936992922,6.387786984291387,13.184938719143792,5.0280295183842565,5.629069566718453,1.4044860176074572,4.623785171759019,6.038969445882962,4.988220697393406,1.66778007940618,0.2821336095287416,3.11940704298291,3.287359744519247,28.044937856033144,114.08874935266701,108.2623640600725,1.9212195753495598,85.25640859658208,12.830959779043674,0.0,0.0,3.8237290695667183,4.9090281374072156,1302.0,859.0,1420.0,294.0,1660.0,81.0,9688.0,368.0,780.0,16.12446702917314,0.1898559684101502,0.0952743828758847,0.14585094079060934,0.1724741282582427,0.3965939711721042,0.6191970697393405,0.40974918004488176,0.4386078025202831,0.4333205377179354,0.4475153202140515,0.8433645347833594,0.019342849128258243,343.0,0.26575668910754363,0.4316304375971,65.0,3.0,2,0,10,0.0,0.033555555555555554,0.03077777777777778,0,0,0,0,1,2,13,0,1,1,0,0.002111111111111111,0,0.0,0,0.0,0,0.0,0,0.0,,,1997,2014,18,0.6034060288278957
Derek Fisher,fishede01,73,200.0,1974-08-09,Little Rock,1997,2014,1996-11-01T00:00:00Z,False,18,NBA,"LAL, GSW, UTA, LAL, OKC, DAL, OKC",PG,1287,731.0,25.422688422688424,2.8904428904428903,7.248640248640249,0.39875656554829025,0.9696969696969697,2.595959595959596,0.3735408560311284,1.9207459207459208,4.652680652680653,0.41282565130260523,0.4656447636402615,1.5734265734265733,1.9261849261849262,0.8168616377571601,0.32167832167832167,1.7435897435897436,2.0652680652680653,2.9557109557109555,1.0505050505050506,0.07614607614607614,1.1445221445221445,2.0854700854700856,8.324009324009324,32719.0,3720,9329,1248.0,3341.0,2472.0,5988.0,2025,2479,414.0,2244.0,2658.0,3804,1352.0,98.0,1473.0,2684.0,10713,0.0,11.681417524985482,0.5125424065527675,0.3555498945566796,0.2653706103487271,1.4306549711176995,7.630902533696018,4.570616461383294,17.428148782053245,2.1402365597970596,0.22366514869036344,12.41866193954583,16.201176686329042,32.1,29.999999999999996,62.3,0.09137397230966716,-1.3852715547541186,0.4620954185641371,-0.9314801797120938,8.8,5.869583422476237,14.725382805097954,1.9704850392738165,5.277166172560285,3.910006418289067,9.459729820593537,3.19644243405972,3.9134478437605065,0.6466120602707908,3.5606436627036278,4.19365811913567,6.017048198294568,2.1402365597970596,0.15075338488340112,2.316070173293805,4.248522265350408,16.9086708028974,107.07228216021272,106.59855130046762,86.73834774901434,13.050123781289159,0.3491549252727773,0.0,0.0,6.17813197224854,3.5883523335065255,955.0,283.0,897.0,147.0,773.0,358.0,8337.0,151.0,380.0,17.379586784437176,0.15936309178153363,0.07361737828173233,0.07746633454567683,0.3340944711024175,0.3555498945566796,0.4573152296830588,0.32526513646505084,0.3629266481249427,0.4212853387939729,0.4943068553439898,0.8634576851370763,0.00195452183746447,13.0,0.30154858033558485,0.3954903878480394,12.0,0.0,5,0,0,0.0074444444444444445,0.0,0.004944444444444444,0,0,3,0,0,0,0,0,0,1,0,0.0,0,0.0,0,0.0002777777777777778,0,0.0,0,0.0,,,1997,2014,18,0.6444501054433204
Steve Nash,nashst01,75,195.0,1974-02-07,Santa Clara,1997,2014,1996-11-01T00:00:00Z,True,18,NBA,"PHO, DAL, PHO, LAL",PG,1217,1053.0,31.281018898931798,5.19391947411668,10.593262119967132,0.49030406453614644,1.3845521774856204,3.236647493837305,0.42777354658542777,3.80936729663106,7.3566146261298275,0.5178152574556015,0.5556546695625194,2.514379622021364,2.780608052588332,0.9042553191489362,0.5283483976992605,2.4642563681183236,2.992604765817584,8.492193919474117,0.7387017255546425,0.0838126540673788,2.85784716516023,1.628594905505341,14.286770747740345,38069.0,6321,12892,1685.0,3939.0,4636.0,8953.0,3060,3384,643.0,2999.0,3642.0,10335,899.0,102.0,3478.0,1982.0,17387,3.0,19.961603929706584,0.6028900417662665,0.3072104336862014,0.2610425543092805,1.9196564133546983,8.641330216186399,5.3579395308518745,41.481507263127476,1.2048963723764745,0.189939320707137,19.57030129501694,20.986393128267093,113.5,15.9,130.0,0.16362880558985002,4.35073419317555,-1.3420998712863488,3.009903070739972,48.199999999999996,8.449764900575271,17.24064199217211,2.2473245948146787,5.267451207018834,6.196627176968137,11.985439596522104,4.0874202106701,4.523386482439781,0.8613333683574563,3.99607554703302,4.861362263258819,13.778531088287059,1.2048963723764745,0.1369907273634716,4.650996874097034,2.654705928708398,23.239105308781422,117.70897580708713,110.55688355354751,90.9537681578187,9.099477264966245,0.017967375029551605,0.0,0.0,6.315894822559037,6.96358454385458,2540.0,629.0,750.0,129.0,738.0,258.0,23134.0,173.0,439.0,15.171885260973493,0.19132010297092125,0.1079796159604928,0.1610150516168011,0.23254503664398854,0.3072104336862014,0.6384932096981797,0.4453510467834721,0.46721243006120466,0.48622246447240536,0.16958879928550788,0.5367406813943103,7.045102314218918e-05,0.0,0.08663361265071318,0.44490472562977756,10.0,0.0,0,0,8,0.0,0.24916666666666668,0.0,0,0,0,3,5,7,11,0,0,0,2,0.1348888888888889,0,0.0,0,0.0,0,0.009444444444444443,0,0.0,,,1997,2014,18,0.6927895663137987
Kobe Bryant,bryanko01,78,212.0,1978-08-23,,1997,2014,1996-11-03T00:00:00Z,True,18,NBA,LAL,SG,1245,1097.0,36.6,8.879518072289157,19.577510040160643,0.4535570690079593,1.3172690763052208,3.931726907630522,0.3350357507660878,7.562248995983936,15.64578313253012,0.4833410339339802,0.4871994748502503,6.385542168674699,7.621686746987952,0.8378122036041733,1.1502008032128515,4.151807228915662,5.302008032128514,4.759036144578313,1.4738955823293172,0.4979919678714859,3.014457831325301,2.54859437751004,25.461847389558233,45567.0,11055,24374,1640.0,4895.0,9415.0,19479.0,7950,9489,1432.0,5169.0,6601.0,5925,1835.0,620.0,3753.0,3173.0,31700,19.0,23.37836592270722,0.5548794302894638,0.2002738385234929,0.3916586564838589,3.594847148155463,12.604882919656768,8.14779774837053,24.271725151974014,2.095327759123927,0.9820220773805606,11.734968288454365,31.746459060284852,123.6,49.5,172.8,0.182177233524261,4.834327473829745,0.06735795641582723,4.9195997103166755,79.2,12.594649636798561,27.740926547720935,1.8619088375359363,5.564077073320605,10.720179076963593,22.16915969890491,9.056788904250883,10.805539096275812,1.6293655496302148,5.873728794961266,7.500065837118969,6.73760177321307,2.095327759123927,0.6996708144051615,4.256301709570523,3.6208155024469466,36.06838721004236,111.20571905106766,105.00794434568877,1.108982377597823,82.26718897447715,16.37560076371058,0.18715298351877455,0.0,5.405345974060175,5.5506463010511995,1652.0,1170.0,1070.0,450.0,3618.0,84.0,13449.0,814.0,1094.0,13.7799021221498,0.23169673228432858,0.12777512234731275,0.1713007439594443,0.26898275067483046,0.2002738385234929,0.6414933175324248,0.44131026839598836,0.4285952114468804,0.40196337261614756,0.35923495073188927,0.6725529659622095,0.0448348146685101,989.0,0.09297239230144622,0.33265222639190645,52.0,1.0,5,2,16,0.39755555555555555,0.6695555555555555,0.014888888888888889,9,12,14,11,13,15,16,0,1,1,1,0.23344444444444445,0,0.0,0,0.014833333333333334,0,0.002,0,0.014555555555555556,,,1997,2016,18,0.799726161476507
Jermaine O'Neal,onealje01,83,226.0,1978-10-13,,1997,2014,1996-12-05T00:00:00Z,False,18,NBA,"POR, IND, TOR, MIA, BOS, PHO, GSW",C/PF,1011,697.0,27.066271018793273,5.088031651829872,10.905044510385757,0.4665759637188209,0.013847675568743818,0.09396636993076163,0.14736842105263157,5.074183976261128,10.811078140454995,0.4693504117108875,0.4672108843537415,2.974282888229476,4.162215628090999,0.7145912547528517,1.9693372898120673,5.212660731948565,7.181998021760633,1.3541048466864491,0.4648862512363996,1.8001978239366963,1.8516320474777448,2.864490603363007,13.164193867457962,27364.0,5144,11025,14.0,95.0,5130.0,10930.0,3007,4208,1991.0,5270.0,7261.0,1369,470.0,1820.0,1872.0,2896.0,13309,1.0,17.898940213419092,0.5168645300394679,0.008141865224382401,0.38235795205379325,8.50361423768455,21.910356673001022,15.270351556789942,9.449488378891976,0.9209033766993129,4.981420844905716,12.894105393948253,24.784826779710567,19.799999999999997,46.099999999999994,66.10000000000001,0.11569872825610293,-0.519145592749598,0.7598450518929981,0.2612629732495249,15.699999999999998,9.964924718608389,21.330664376553134,0.01705160064318082,0.18957754714223068,9.927218242946937,21.149565122058178,5.808650051162112,8.155529162403157,3.843063879549773,10.19378745797398,14.036562637041369,2.6453296301710276,0.9209033766993129,3.5157433123812303,3.6226209618476823,5.610828095307704,25.75927130536471,101.70859523461482,99.95029966379184,0.0,0.0,0.18750913609121472,45.06782634117819,54.85601520245578,1.4579410904838472,1.0568045607367342,420.0,551.0,1615.0,419.0,1889.0,237.0,3102.0,400.0,1079.0,8.14654655752083,0.30628690980850753,0.32244883788919754,0.23656592603420554,0.1266744627978366,0.008141865224382401,0.641682100570092,0.41218590118403736,0.37528877357111534,0.37339208449057154,0.621302587341032,0.3455485309165327,0.09918356234468646,944.0,0.16132930127174389,0.06827042829995615,7.0,0.0,0,0,6,0.020888888888888887,0.06122222222222221,0.0,0,0,5,0,1,3,7,0,0,0,0,0.02361111111111111,0,0.0,0,0.0,1,0.02338888888888889,0,0.0009444444444444445,,,1997,2014,18,0.9918581347756176
Tim Duncan,duncati01,83,250.0,1976-04-25,Wake Forest,1998,2015,1997-10-31T00:00:00Z,True,18,NBA,SAS,C/PF,1331,1329.0,34.43425995492111,7.565740045078888,14.945905334335086,0.5062082139446036,0.022539444027047332,0.1247182569496619,0.18072289156626506,7.543200601051841,14.821187077385424,0.508947128301313,0.5069622480269441,4.360631104432757,6.263711495116453,0.6961736835792252,2.8129226145755073,8.189331329827198,11.002253944402705,3.051840721262209,0.734785875281743,2.210368144252442,2.4725770097670923,2.3884297520661155,19.51465063861758,45832.0,10070,19893,30.0,166.0,10040.0,19727.0,5804,8337,3744.0,10900.0,14644.0,4062,978.0,2942.0,3291.0,3179.0,25974,4.0,24.461851981148538,0.5513458282422761,0.008370243497992669,0.41814941525571653,9.760944318380169,26.63874585442485,18.4710617036132,16.454311398149763,1.12433234421365,4.60079638680398,12.266985948682143,27.30966355384884,98.4,102.8,201.1,0.21076365857915869,3.3987170535870135,2.301985512305813,5.715388811310874,89.2,11.676669139465876,23.050163641124108,0.018672543201256768,0.2043201256763833,11.638724035608309,22.874615988828765,6.729959417001222,9.677323703962298,4.331794379472857,12.636976348402861,16.977995723511953,4.699829813230931,1.12433234421365,3.4127945540233893,3.8160259207540586,3.705070692965614,30.132071478443013,109.69708936987257,95.54193576540409,0.0,0.0,0.5592599057427126,37.49430528888113,61.94643480537616,9.530557252574619,8.108758072962122,1305.0,1046.0,1779.0,423.0,3783.0,61.0,9073.0,829.0,1445.0,8.024277797172282,0.31020668964915343,0.339425663292023,0.19950962209809747,0.14224906179088848,0.008370243497992669,0.6887007767498692,0.44621107523127945,0.40178495374410894,0.41046757723861066,0.5496375894571479,0.5369686027229883,0.062115857915866636,1141.0,0.14536640338628032,0.4147102461162507,16.0,0.0,5,3,15,0.46044444444444443,0.6166666666666667,0.05555555555555555,8,15,18,10,13,15,18,1,1,1,2,0.2376666666666667,1,0.974,0,0.0,0,0.0,0,0.056944444444444436,,,1998,2016,18,0.9916297565020075
Vince Carter,cartevi01,78,220.0,1977-01-26,UNC,1999,2016,1999-02-05T00:00:00Z,True,18,NBA,"TOR, NJN, ORL, PHO, DAL, MEM",SG,1274,954.0,32.445839874411305,6.815541601255887,15.536891679748823,0.4386682833181772,1.5204081632653061,4.072998430141287,0.37328965118519947,5.295133437990581,11.463893249607535,0.46189661074974325,0.48759725169243207,3.662480376766091,4.580062794348509,0.7996572407883462,1.2205651491365777,3.4207221350078494,4.641287284144427,3.43563579277865,1.0682888540031397,0.6075353218210361,1.901883830455259,2.7511773940345368,18.81397174254317,41336.0,8683,19794,1937.0,5189.0,6746.0,14605.0,4666,5835,1555.0,4358.0,5913.0,4377,1361.0,774.0,2423.0,3505.0,23969,5.0,19.590226437004063,0.5351446197019547,0.27240003870718016,0.29152191794077803,4.283709115540932,12.268543158505903,8.254269885813818,20.502866750532224,1.7307576930520614,1.429548093671376,9.795272885620284,27.60763741048964,77.80000000000001,40.5,118.49999999999999,0.1375019595509967,3.4217969808399458,0.0022184052641765115,3.4216808592993995,56.4,11.11707470485775,25.316203793303657,2.4581599574221022,6.584652603057868,8.634318753628799,18.711653280433524,5.974850009676795,7.466397329204567,1.9845026127346626,5.56061060576737,7.549886297658216,5.597048577511129,1.7307576930520614,1.0022329204567446,3.1114524869363267,4.469440681246372,30.65082494677763,108.49494387458874,105.90240952196632,0.35833172053415907,59.64633733307529,38.620113218502034,1.3180036771821173,0.0,2.33660005806077,8.559821946971162,1148.0,604.0,1758.0,376.0,2167.0,148.0,9931.0,443.0,733.0,14.198272692084382,0.2408283820398684,0.12601877298238826,0.12171772788852331,0.2388719760015483,0.27240003870718016,0.583862033094639,0.4085468356880201,0.3846560141281208,0.400544271337333,0.40674063770079355,0.8149385281594735,0.048807818850396756,904.0,0.17047484033288174,0.40803152215986055,45.0,2.0,0,0,8,0.003777777777777778,0.057444444444444444,0.05555555555555555,0,0,3,0,1,2,9,1,1,1,0,0.0028333333333333335,1,0.958,0,0.0011666666666666665,0,0.0005555555555555556,0,0.0,,,1999,2020,18,0.7275999612928198
Nazr Mohammed,mohamna01,82,221.0,1977-09-05,Kentucky,1999,2016,1999-02-05T00:00:00Z,False,18,NBA,"PHI, ATL, NYK, SAS, DET, CHA, OKC, CHI, OKC",C,1005,354.0,15.811940298507462,2.3900497512437813,4.9144278606965175,0.4863332658432881,0.0,0.007960199004975124,0.0,2.3900497512437813,4.906467661691543,0.48712228756844456,0.4863332658432881,1.017910447761194,1.591044776119403,0.6397748592870544,1.7990049751243782,2.8855721393034828,4.684577114427861,0.373134328358209,0.4298507462686567,0.6358208955223881,0.9144278606965174,2.145273631840796,5.7980099502487565,15891.0,2402,4939,0.0,8.0,2402.0,4931.0,1023,1599,1808.0,2900.0,4708.0,375,432.0,639.0,919.0,2156.0,5827,0.0,14.944465420678373,0.5144780693474295,0.001661632370524196,0.32171549933924865,13.309797998867282,21.02284941161664,17.189094455981376,4.049153608961047,1.427462085457177,3.041501478824492,14.072487571581398,19.004631552451077,11.200000000000001,23.099999999999998,34.300000000000004,0.10359643823547919,-2.0555157007110942,-0.47968661506513127,-2.5572777043609594,-2.3000000000000003,8.00285696306085,16.484437732049585,0.0,0.018815681832483794,8.00285696306085,16.45345793216286,3.4194638474608268,5.318928953495691,6.0453590082436595,9.693864451576365,15.713057705619534,1.252646151909886,1.427462085457177,2.1338556415581147,3.078944056384117,7.205323768170662,19.446686803851236,102.98426782455478,102.05160153546032,0.0,0.0,0.0,17.649235416273363,82.35076458372664,-2.618406645270908,-3.3109055440186275,245.0,290.0,1247.0,186.0,753.0,26.0,815.0,169.0,513.0,5.898282046441381,0.47799144169655783,0.24953854382984078,0.19665961865206721,0.07364099175634005,0.001661632370524196,0.6062609653262854,0.38114045686237497,0.38795060096910206,0.3015098483418287,0.6192108111509659,0.0,0.10302139575860549,427.0,0.0805487382795293,0.0,2.0,0.0,1,0,0,0.0,0.0,0.0,0,0,0,0,0,0,0,0,0,0,0,0.0,0,0.0,0,0.0,0,0.0,0,0.0,,,1999,2016,18,0.9983383676294759
Dirk Nowitzki,nowitdi01,84,245.0,1978-06-19,,1999,2016,1999-02-05T00:00:00Z,True,18,NBA,DAL,PF,1340,1309.0,35.26044776119403,7.755223880597015,16.359701492537315,0.4740443390201624,1.269402985074627,3.3276119402985076,0.3814756671899529,6.485820895522388,13.032089552238807,0.49768081085724103,0.5128409816622571,5.228358208955224,5.947014925373134,0.879156732337809,1.0582089552238807,6.807462686567164,7.865671641791045,2.547761194029851,0.8417910447761194,0.8805970149253731,1.7716417910447761,2.437313432835821,22.008208955223882,47249.0,10392,21922,1701.0,4459.0,8691.0,17463.0,7006,7969,1418.0,9122.0,10540.0,3414,1128.0,1180.0,2374.0,3266.0,29491,2.0,23.047059197020044,0.5792219094584012,0.20700586255793768,0.3633999026434422,3.453645579800631,21.584348875108468,12.634597557620266,12.881919194057017,1.2394696184046223,1.8743274989946874,8.582046180871552,26.845181908611828,141.0,57.699999999999996,198.8,0.2019727189993439,4.50575250269847,0.38247370314715656,4.8713200279371,82.30000000000001,11.46317805667845,24.172081948824317,1.872376134944655,4.899921691464369,9.58910876420665,19.273976168807806,7.73696162881754,8.803650870917902,1.558752566191877,10.050278312768524,11.630081059916611,3.7685072699951316,1.2394696184046223,1.3064911426696864,2.626906389553218,3.5986687548942835,32.53061652098457,116.20345404135537,103.95502550318525,0.0,0.0,0.7887574340197676,72.62449998941777,26.622087239941585,6.352705877373067,9.857766301932315,1144.0,719.0,1990.0,285.0,2980.0,130.0,7838.0,647.0,741.0,14.917077610108153,0.14924544434802853,0.08681923426950836,0.24557019196173463,0.3114284958411818,0.20700586255793768,0.6583912463755847,0.4003855531333997,0.4644373637537302,0.4765855362018244,0.5652885775360325,0.9349507714448984,0.019301678342398782,392.0,0.10772784609198077,0.39522548625367737,20.0,0.0,1,1,13,0.0009444444444444445,0.37577777777777777,0.003944444444444444,0,0,1,4,9,12,16,0,0,1,1,0.10049999999999999,0,0.0,0,0.0,0,0.014166666666666668,0,0.0,,,1999,2019,18,0.7929941374420622
Paul Pierce,piercpa01,79,235.0,1977-10-13,Kansas,1999,2016,1999-02-05T00:00:00Z,True,18,NBA,"BOS, BRK, WAS, LAC",SF,1318,1278.0,34.60015174506829,6.555386949924127,14.715477996965099,0.44547563805104406,1.614567526555387,4.380121396054628,0.3686125064957561,4.94081942336874,10.33535660091047,0.47805021289091176,0.5003351379221449,5.241274658573596,6.498482549317147,0.8065382370110916,0.8277693474962063,4.846737481031867,5.674506828528073,3.564491654021244,1.3262518968133536,0.5614567526555387,2.6676783004552354,2.7336874051593325,19.96661608497724,45603.0,8640,19395,2128.0,5773.0,6512.0,13622.0,6908,8565,1091.0,6388.0,7479.0,4698,1748.0,740.0,3516.0,3603.0,26316,9.0,19.82370458083898,0.5693934828848979,0.303912790825165,0.43777760235072255,2.781437624717672,16.22875468719163,9.583233559195667,18.807486349582263,1.9948687586343004,1.2515097690941386,13.180474968752055,26.92454005218955,87.10000000000001,62.99999999999999,150.1,0.15782990154156523,3.172835120496458,0.5583645812775476,3.7226739468894596,65.8,9.876115606429403,22.183777383066904,2.433302633598667,6.605688222266081,7.454143367760893,15.576345854439401,7.904883450650177,9.795905971098392,1.254027147336798,7.304515053834177,8.550437471218999,5.371727737210271,1.9948687586343004,0.8608139815363024,4.025143082691928,4.137212464092275,30.094963050676487,109.09433589895401,102.70909808565226,0.06841655154266167,24.920224546630703,68.71694844637415,6.2358836041488495,0.06490801043790978,3.5012784246650437,6.554731048395939,1531.0,1093.0,1767.0,477.0,3407.0,173.0,10634.0,726.0,1139.0,14.280992478565006,0.26159930267745546,0.08268249895840186,0.1396967743350218,0.21215058219853955,0.303912790825165,0.6071734973576299,0.33234831041817425,0.4113618183014275,0.4191246628511282,0.44972192618906653,0.870199986842971,0.02663815977019056,483.0,0.13477865491305396,0.38250128281034146,25.0,1.0,1,1,10,0.002777777777777778,0.09622222222222222,0.05555555555555555,0,0,2,0,1,4,13,1,1,1,0,0.0022222222222222227,0,0.017,0,0.0,0,0.00011111111111111112,0,0.0,,,1999,2017,18,0.696087209174835
Jason Terry,terryja01,74,185.0,1977-09-15,Arizona,2000,2017,1999-11-02T00:00:00Z,False,18,NBA,"ATL, DAL, BOS, BRK, HOU, MIL",SG,1359,675.0,30.33112582781457,5.044150110375276,11.35467255334805,0.4442356295768259,1.6497424576894775,4.337748344370861,0.3803223070398643,3.3944076526857985,7.016924208977189,0.48374580536912754,0.5168816019700603,2.033112582781457,2.4054451802796173,0.8452126032425819,0.365710080941869,2.008094186902134,2.373804267844003,3.9411331861662986,1.1486387049300957,0.1927888153053716,1.7586460632818248,1.8579838116261957,13.771155261221486,41220.0,6855,15431,2242.0,5895.0,4613.0,9536.0,2763,3269,497.0,2729.0,3226.0,5356,1561.0,262.0,2390.0,2525.0,18715,1.0,16.36321931101407,0.5559953178068898,0.3969923823386705,0.20758372149442014,1.403563803978651,7.465174672489083,4.4969213973799125,22.31508005822416,1.984813197476953,0.4811329451722465,12.493828238719068,21.376608442503642,70.39999999999999,30.999999999999996,101.29999999999998,0.11791477438136827,1.9085638039786512,-0.3030131004366812,1.5989762251334305,37.4,8.73672003881611,19.652799611838915,2.8417806889859296,7.495567685589518,5.883146530810286,12.173464337700144,3.514502668607472,4.172671033478893,0.6355822416302765,3.453825812712276,4.109645803008248,6.820776322173702,1.984813197476953,0.32780203784570594,3.033566229985444,3.2037942746239687,23.84717855409995,110.6331392527899,107.90810286268801,50.986851043182924,46.68808830664726,2.433551673944687,0.0,0.0,1.5695900048520137,2.539301310043668,1421.0,570.0,1009.0,157.0,1126.0,93.0,11858.0,216.0,623.0,16.760434255215916,0.14056904415332364,0.09319995147986415,0.14104907811741874,0.2284091945657448,0.3969923823386705,0.5956369480834547,0.4242448326055313,0.4426081513828238,0.4651866084425037,0.39927290150412426,0.8223560892770498,0.006595123726346434,104.0,0.2763401504124211,0.40463672974284326,24.0,2.0,1,0,0,0.0009444444444444445,0.00016666666666666666,0.014888888888888889,0,0,1,0,0,0,1,0,1,1,0,0.0,0,0.0,1,0.1076111111111111,0,0.0017777777777777779,0,0.0,,,2000,2018,18,0.6030076176613294
Jamal Crawford,crawfja01,77,185.0,1980-03-20,Michigan,2001,2018,2000-10-31T00:00:00Z,False,18,NBA,"CHI, NYK, GSW, ATL, POR, LAC, MIN",SG,1262,433.0,29.934231378763865,5.210776545166403,12.69809825673534,0.4103588143525741,1.7060221870047543,4.893026941362916,0.34866396761133606,3.504754358161648,7.805071315372425,0.4490355329949239,0.47753510140405614,2.853407290015848,3.3090332805071316,0.8623084291187739,0.3629160063391442,1.9057052297939778,2.268621236133122,3.414421553090333,0.9080824088748018,0.205229793977813,1.8835182250396196,1.5309033280507132,14.980982567353408,37777.0,6576,16025,2153.0,6175.0,4423.0,9850.0,3601,4176,458.0,2405.0,2863.0,4309,1146.0,259.0,2377.0,1932.0,18906,0.0,15.214614712655848,0.5282195780501363,0.3837723217830955,0.26092169838790796,1.3857797072292664,7.334669243190301,4.3373137093999,19.40447626862906,1.573012679672817,0.5343621780448421,11.88093548984832,24.166241363792782,41.9,18.4,60.5,0.07702281811684358,1.3949307779866056,-1.4089816555046721,-0.016790639807290154,19.099999999999998,9.009720200121766,21.950271329115598,2.945840061413029,8.467302856235277,6.066897847896869,13.496251687534745,4.930537099293221,5.719660110649337,0.6233528337348121,3.301315615321492,3.922473992111602,5.905725706117479,1.573012679672817,0.35998358789739787,3.2680122826058184,2.6620403949493077,25.899666463721314,105.47330386213834,110.73851814596183,23.083648781004314,61.22124573152977,15.315350610159621,0.3420335124546682,0.0,-2.1445800354713187,-1.8664187203854197,1255.0,603.0,834.0,202.0,1511.0,98.0,9497.0,342.0,529.0,17.042020276888056,0.1352637848426291,0.10867837573126507,0.11174685655292904,0.26088506233951875,0.3837723217830955,0.558474415649734,0.4096872435608968,0.4146511898774387,0.4219496783757312,0.2897819572755909,0.7553145300050295,0.00683876432750086,95.0,0.2560348889535961,0.3887062233634222,74.0,6.0,0,0,0,0.0,0.0,0.001,0,0,0,0,0,0,0,0,0,1,0,0.0,0,0.0,3,0.17072222222222222,0,0.0,0,0.0,,,2001,2020,18,0.6162276782169045
Joe Johnson,johnsjo02,79,240.0,1981-06-29,Arkansas,2002,2022,2001-10-30T00:00:00Z,False,18,NBA,"BOS, PHO, ATL, BRK, MIA, UTA, HOU, BOS",SG,1277,1091.0,34.64056382145654,6.126076742364917,13.876272513703993,0.4414785553047404,1.5489428347689898,4.174628034455756,0.3710373288313637,4.577133907595928,9.701644479248237,0.47178949067721365,0.49729119638826186,2.1793265465935785,2.7157400156617073,0.802479815455594,0.8355520751761942,3.126076742364918,3.961628817541112,3.9162098668754894,0.8386844166014096,0.20360219263899765,1.9193422083007048,1.7635082223962413,15.980422866092404,44236.0,7823,17720,1978.0,5331.0,5845.0,12389.0,2783,3468,1067.0,3992.0,5059.0,5001,1071.0,260.0,2451.0,2252.0,20407,2.0,15.452870964825028,0.5284307351478434,0.3035433357446424,0.19051351840130212,2.775099466497875,10.408658106519578,6.602115923682069,19.5583823130482,1.2551406094583597,0.44852608734967,11.303144497694186,22.46964463333032,56.60000000000001,26.400000000000002,83.0,0.08998691111312053,1.4585654218283748,-1.074048286463514,0.38035536666968084,26.599999999999998,9.283484040148295,21.055233294149563,2.3394090785785333,6.33340491907044,6.941441359978298,14.714766253729994,3.310988787412967,4.140351749706121,1.2621100461162853,4.724941224342165,5.979706573831268,5.94125825119812,1.2551406094583597,0.3040645627995298,2.9020503662175603,2.6656320643819513,24.25137444615245,107.090582331133,109.90329143683877,3.2329776652500226,52.73130481960394,40.06811194502215,3.9018672574373814,0.0,0.6584388281038068,2.6854756307080208,1128.0,779.0,909.0,247.0,1220.0,65.0,11485.0,259.0,633.0,14.793833077131747,0.1536974183922597,0.1936886020435844,0.13068417126322454,0.21849283389094853,0.3035433357446424,0.5949486165114386,0.49715485125237363,0.4291591916086445,0.38798019712451404,0.30998139524369295,0.8651090288452845,0.00866434578171625,138.0,0.37627721765078215,0.40080891129396873,51.0,3.0,0,0,7,0.011055555555555556,0.017,0.0,0,0,6,0,0,1,7,0,1,1,0,0.00011111111111111112,0,0.0,0,0.00011111111111111112,0,0.002388888888888889,0,0.0,,,2002,2022,18,0.6964566642553576
Tony Parker,parketo01,74,185.0,1982-05-17,,2002,2019,2001-10-30T00:00:00Z,True,18,NBA,"SAS, CHO",PG,1254,1151.0,30.525518341307816,6.201754385964913,12.623604465709729,0.491282375236892,0.4138755980861244,1.2783094098883572,0.3237679351216469,5.787878787878788,11.34529505582137,0.510156744218739,0.5076753000631712,2.7113237639553427,3.6084529505582137,0.7513812154696132,0.35167464114832536,2.3564593301435406,2.708133971291866,5.610845295055821,0.8397129186602871,0.07814992025518341,2.284688995215311,1.641945773524721,15.528708133971293,38279.0,7777,15830,519.0,1603.0,7258.0,14227.0,3400,4525,441.0,2955.0,3396.0,7036,1053.0,98.0,2865.0,2059.0,19473,1.0,18.24273883852765,0.5442189712374931,0.1085130228062384,0.28351647117218315,1.3594007157971735,8.724702839677109,5.134575093393244,32.20318973849892,1.466004859061104,0.1900467619321299,13.97828835654014,25.072141383003736,65.69999999999999,45.699999999999996,111.2,0.13965098356801378,1.4698842707489743,-0.3636092896888633,1.1051908357062619,30.3,10.667825700775884,21.748136053710912,0.7051281381436296,2.194817001489067,9.967870111549415,19.54280676088717,4.6716267405104634,6.230413542673529,0.6016196870346665,4.073063559654118,4.667355469056141,9.655858303508452,1.466004859061104,0.13448104704929595,3.9317589278716785,2.8290733822722642,26.758619608662713,108.43930092217666,104.97473810705608,96.27312625721675,3.7683325060738264,0.0,0.0,0.0,7.664434807596857,2.111160166148541,1367.0,874.0,794.0,241.0,1802.0,105.0,16293.0,414.0,1023.0,10.473622612920924,0.3472567203949946,0.1836388359152538,0.09247127667911909,0.26832116826458374,0.1085130228062384,0.6403083413882286,0.4454058360981217,0.38718281564304186,0.4093319313461689,0.2671869171085974,0.875665639123279,0.0006164737845816244,8.0,0.4510307218056898,0.3701193604848611,8.0,0.0,4,1,6,0.011944444444444445,0.10544444444444444,0.04761111111111111,0,0,5,0,3,4,13,1,1,1,0,0.021055555555555557,0,0.0,0,0.0,0,0.016388888888888887,0,0.0,,,2002,2019,18,0.8914869771937615
Tyson Chandler,chandty01,84,235.0,1982-10-02,,2002,2019,2001-10-31T00:00:00Z,False,18,NBA,"CHI, NOK, NOH, CHA, DAL, NYK, DAL, PHO, LAL",C,1134,881.0,27.687830687830687,3.125220458553792,5.243386243386244,0.5960309451732257,0.0,0.009700176366843033,0.0,3.125220458553792,5.2336860670194,0.5971356360572873,0.5960309451732257,2.1049382716049383,3.263668430335097,0.6449608213996217,3.0899470899470898,6.082010582010582,9.171957671957673,0.8474426807760141,0.5502645502645502,1.1701940035273368,1.4532627865961198,2.853615520282187,8.355379188712522,31398.0,3544,5946,0.0,11.0,3544.0,5935.0,2387,3701,3504.0,6897.0,10401.0,961,624.0,1327.0,1648.0,3236.0,9475,0.0,16.158312631377797,0.6273487164787566,0.002092267023377285,0.62932575323269,12.610879673864579,25.182237722147907,18.833951207083256,4.686948213261992,1.026195936046882,3.343792598254666,18.02226574941079,13.281486081916045,56.0,45.3,101.60000000000001,0.15519354735970445,-0.3114593286196574,0.4619498057201096,0.13267405567233578,16.900000000000002,5.855710554812409,9.83180138862348,0.0,0.0052774062042168285,5.855710554812409,9.809255366583857,3.944904134021275,6.120256067265432,5.782769603159437,11.326046244983758,17.114688833683672,1.5757054589464297,1.026195936046882,2.1847346964774834,2.7109401872730747,5.328485890821071,15.638518376966685,118.83097649531817,103.18077584559526,0.0,0.0,0.1133830180266259,11.247213198292885,88.8209121600102,0.5415918211351042,2.0124976113128223,456.0,381.0,1543.0,485.0,1635.0,127.0,2165.0,357.0,408.0,2.7724345499713356,0.7550374546149436,0.15369972609720367,0.04505866615708007,0.04430240779667495,0.002092267023377285,0.6771015988279508,0.3484937894133385,0.33367284540416586,0.22513918083954393,0.653294955092681,0.0,0.31827307471813493,1724.0,0.03282056181922415,0.0,4.0,0.0,1,0,1,0.08883333333333333,0.00977777777777778,0.005944444444444444,1,3,6,0,0,1,6,0,0,1,0,0.0,0,0.0,0,0.0002777777777777778,0,0.007333333333333334,1,0.03838888888888889,,,2002,2020,18,0.9979077329766227
Pau Gasol,gasolpa01,84,250.0,1980-07-06,,2002,2019,2001-11-01T00:00:00Z,True,18,NBA,"MEM, LAL, CHI, SAS, MIL",C,1226,1150.0,33.44290375203915,6.508972267536705,12.82952691680261,0.507343124165554,0.14600326264274063,0.3964110929853181,0.3683127572016461,6.362969004893964,12.433115823817293,0.5117758971331102,0.513033250683451,3.8784665579119086,5.14763458401305,0.753446363492315,2.5163132137030995,6.704730831973899,9.221044045676999,3.201468189233279,0.49429037520391517,1.5831973898858076,2.1517128874388254,2.1468189233278956,17.042414355628058,41001.0,7980,15729,179.0,486.0,7801.0,15243.0,4755,6311,3085.0,8220.0,11305.0,3925,606.0,1941.0,2638.0,2632.0,20894,10.0,21.37174703056023,0.5652496768371502,0.031668130045608645,0.4028656862027756,8.577459086363746,22.200360966805686,15.475244506231554,16.684978415160607,0.7600643886734471,3.527574937196654,12.455020609253435,23.327652984073563,89.9,54.2,143.89999999999998,0.16870281212653349,2.8028609058315648,0.7796712275310358,3.5534743055047437,57.599999999999994,10.088002731640692,19.885985707665668,0.22159947318358092,0.6091729470012925,9.868605643764784,19.296304968171505,6.02992609936343,8.014831345576937,3.904060876563986,10.37223482354089,14.26910563156996,4.95760103412112,0.7600643886734471,2.4569790980707786,3.345159874149411,3.3338162483841853,26.438374673788445,113.36484475988391,103.82402868222727,0.0,0.0,0.0,31.440647789078316,68.78298090290481,2.216870320236092,3.2665715470354386,1191.0,983.0,1483.0,211.0,2576.0,135.0,9076.0,600.0,1211.0,7.774329894392818,0.35695234262578956,0.3026126435940587,0.15057037633228457,0.1585204263310651,0.031668130045608645,0.6556524718909295,0.43367393478207844,0.4060360235116217,0.4233149191483134,0.6007903465769127,0.9190821687275921,0.09446615936196678,1374.0,0.3843251140216092,0.33077976146923244,4.0,0.0,2,0,6,0.0035,0.0795,0.05555555555555555,0,0,4,0,2,4,13,1,1,1,0,0.0,1,0.929,0,0.0,0,0.0006666666666666666,0,0.0,,,2002,2019,18,0.9683318699543915
Udonis Haslem,hasleud01,80,235.0,1980-06-09,Florida,2004,2021,2003-10-28T00:00:00Z,False,18,NBA,MIA,PF,859,500.0,25.10477299185099,3.079161816065192,6.288707799767171,0.48963346908552385,0.005820721769499418,0.06752037252619325,0.08620689655172414,3.0733410942956927,6.221187427240978,0.4940119760479042,0.49009626064420586,1.4342258440046565,1.8987194412107102,0.7553648068669528,1.870779976717113,4.828870779976717,6.69965075669383,0.8486612339930152,0.4912689173457509,0.28987194412107103,0.9359720605355064,2.3783469150174623,7.59837019790454,21565.0,2645,5402,5.0,58.0,2640.0,5344.0,1232,1631,1607.0,4148.0,5755.0,729,422.0,249.0,804.0,2043.0,6527,0.0,12.979411082773012,0.5332855089265013,0.010455831207975887,0.30137004405286344,9.017231625318804,22.366422443774635,15.818400185485741,5.39522837931834,1.037454208207744,0.9194713656387666,11.699703222814748,15.079833062833293,23.299999999999997,27.7,50.8,0.11305546023649432,-1.4192255970322283,-0.5278553211221887,-1.9595270113610015,0.20000000000000015,6.505518200788313,13.293443079063296,0.011606770229538604,0.13678645954092278,6.493911430558775,13.158465105495015,3.0404915372130765,4.015743102249014,3.950544864363552,10.197922559703223,14.168305124043586,1.7951866450266638,1.037454208207744,0.6213957801993972,1.9756410850915838,5.033897519128217,16.083037329005332,109.49380941340135,104.39276605610944,0.0,0.0,10.602318571759795,78.84159517737073,10.66909343844192,1.8885648040806864,0.36974263853466277,303.0,246.0,1012.0,140.0,660.0,200.0,1672.0,141.0,356.0,9.870317644331092,0.3533800602828657,0.09699336888476699,0.21045035937862272,0.32891463018780426,0.010455831207975887,0.6533465801066544,0.3644157662879666,0.397449942035706,0.40937890099698593,0.774956642708092,0.06357523765360538,0.06933503361929051,321.0,0.08573164850452122,0.012353164850452122,5.0,0.0,3,0,0,0.005555555555555556,0.0,0.020833333333333332,0,0,3,0,0,0,0,0,1,1,0,0.0,0,0.0,0,0.00044444444444444447,0,0.0014444444444444444,0,0.00044444444444444447,,,2004,2023,18,0.9895441687920241
Carmelo Anthony,anthoca01,79,238.0,1984-05-29,Syracuse,2004,2021,2003-10-29T00:00:00Z,True,18,NBA,"DEN, NYK, OKC, HOU, POR",SF,1191,1117.0,35.03022670025189,8.228379513014273,18.404701931150292,0.4470802919708029,1.3282955499580185,3.7581863979848866,0.35344057193923145,6.900083963056256,14.646515533165408,0.471107544141252,0.4831660583941606,5.1956339210747275,6.385390428211587,0.8136752136752137,1.6129303106633082,4.701091519731318,6.314021830394626,2.8161209068010074,0.9874055415617129,0.49706129303106633,2.5130142737195635,2.8354324097397146,22.980688497061294,41721.0,9800,21920,1582.0,4476.0,8218.0,17444.0,6188,7605,1921.0,5599.0,7520.0,3354,1176.0,592.0,2993.0,3377.0,27370,2.0,19.68228470075022,0.5402975479974114,0.2076215574890343,0.3435338318832243,5.225641763140865,15.175139617938209,10.178257951631075,14.816409002660532,1.4247980633254238,1.1439371060137582,10.506471561084346,30.060463555523594,68.60000000000001,36.29999999999999,104.99999999999999,0.12075058124206035,2.6205795642482204,-1.2082788044390116,1.4199348050142613,36.00000000000001,11.913494403298099,26.677718654874045,1.9212938328419737,5.450284029625368,9.995925313391337,21.234028426931285,7.558287193499676,9.257649624889146,2.3400565662376263,6.7944632199611705,9.138275688502194,4.078370604731431,1.4247980633254238,0.7258431005968218,3.642192181395461,4.102190743270776,33.31918458330337,107.6339972675631,108.47743342681144,0.0,2.8404880036432494,64.82653819419477,30.344454830900506,2.249179070492078,1.7262841255003476,1.8005656623762616,984.0,791.0,1277.0,659.0,3080.0,147.0,7704.0,641.0,1378.0,13.027609597085402,0.293517101699384,0.08071695309316651,0.14850950360729612,0.2700538338007239,0.2076215574890343,0.5802031111430694,0.34448256273818945,0.39484801418949683,0.41263466839241636,0.42195587354090264,0.8200073344358957,0.04962656695668848,1013.0,0.124447808058292,0.3550557273315596,45.0,0.0,0,0,10,0.0,0.13427777777777777,0.05555555555555555,0,0,0,0,2,6,13,1,1,1,0,0.025166666666666667,0,0.729,0,0.0008888888888888889,0,0.002111111111111111,0,0.0,,,2004,2022,18,0.7923784425109658
LeBron James,jamesle01,81,250.0,1984-12-30,,2004,2021,2003-10-29T00:00:00Z,False,18,NBA,"CLE, MIA, CLE, LAL",SF,1310,1309.0,38.20992366412214,9.849618320610688,19.54503816793893,0.5039446961412279,1.5106870229007634,4.3801526717557255,0.34489369118159635,8.338931297709923,15.164885496183206,0.5498842243028289,0.5425910014060303,5.787786259541985,7.8908396946564885,0.7334816677952984,1.1740458015267174,6.269465648854962,7.4435114503816795,7.401526717557252,1.5748091603053436,0.749618320610687,3.5053435114503815,1.8282442748091603,26.99770992366412,50055.0,12903,25604,1979.0,5738.0,10924.0,19866.0,7582,10337,1538.0,8213.0,9751.0,9696,2063.0,982.0,4592.0,2395.0,35367,99.0,27.38993307361902,0.5865176505843571,0.22237271001897913,0.40383849765258223,3.6285845569873136,18.65158525621816,11.24526620717211,36.625803616022374,2.1464608930176805,1.5635381080811106,13.234891619218862,31.553433223454203,168.7,73.39999999999999,242.20000000000002,0.23210592348416745,7.0764079512536195,1.8393467186095296,8.896435920487464,137.5,13.354236340025972,26.51326141244631,2.0319808210967936,5.905827589651382,11.31097592648087,20.60108081110778,7.894286285086406,10.727483767855361,1.6094356208171012,8.46093896713615,10.064449105983417,9.986420936969333,2.1464608930176805,1.0074637898311856,4.728650484467086,2.4806832484267303,36.609311757067225,115.99636399960043,103.52034761762062,5.703965637798421,7.235061432424334,58.093577065228246,27.136549795225253,1.8766357007291978,7.176711617221057,11.277326940365597,2546.0,1103.0,881.0,499.0,4603.0,174.0,22677.0,1309.0,960.0,11.978893217460794,0.358309099990011,0.12198955149335729,0.09904950554390173,0.19822453301368495,0.22237271001897913,0.7331518729397662,0.422049885126361,0.3676064728798321,0.3819934072520228,0.3465976825491959,0.48951097792428333,0.07939996004395165,1949.0,0.13780251723104583,0.39227969233842774,34.0,2.0,4,4,17,0.2791666666666667,0.8331111111111111,0.05555555555555555,5,6,13,13,16,17,18,1,1,1,4,0.48983333333333334,1,0.861,0,0.0,0,0.006222222222222222,0,0.04922222222222222,,,2004,2025,18,0.7776272899810208
Trevor Ariza,arizatr01,80,215.0,1985-06-30,UCLA,2005,2022,2004-11-03T00:00:00Z,False,18,NBA,"NYK, ORL, LAL, HOU, NOH, WAS, HOU, PHO, WAS, POR, SAC, MIA, LAL",SF,1118,769.0,29.47495527728086,3.6985688729874777,8.76923076923077,0.42176662586699304,1.4355992844364938,4.095706618962433,0.35051321249181044,2.262969588550984,4.673524150268336,0.4842105263157895,0.5036209710322317,1.5366726296958855,2.1019677996422184,0.731063829787234,0.9669051878354203,3.823792486583184,4.790697674418604,2.127906976744186,1.4561717352415027,0.31753130590339895,1.3175313059033988,1.9722719141323792,10.369409660107335,32953.0,4135,9804,1605.0,4579.0,2530.0,5225.0,1718,2350,1081.0,4275.0,5356.0,2379,1628.0,355.0,1473.0,2205.0,11593,1.0,13.074457560768368,0.536075289048038,0.4658991897551057,0.24346496525354294,3.7790125330015476,14.813306830941038,9.257645737869087,10.974387764391711,2.4960822990319547,0.8844323733802689,11.849027402664401,16.61195035353382,24.9,39.3,64.3,0.09362913846994203,-0.340014566200346,0.9587746183958971,0.6179407034260919,21.900000000000002,6.353154492762418,15.059800321670258,2.4342730555639847,6.938560980790823,3.9301095499651018,8.126143294995902,2.6615148848359786,3.6469153036142385,1.6850939216459806,6.559909568172852,8.243574181409887,3.647379601250265,2.4960822990319547,0.5429035292689588,2.2741996176372408,3.389466816374837,17.811476952022577,107.07477316177587,106.26115983370255,0.0,4.733984766182139,79.6837010287379,15.494856310502838,0.14032106333262526,1.534537067945255,0.9504931265742118,700.0,347.0,836.0,188.0,1050.0,156.0,5526.0,225.0,484.0,14.793257063089854,0.30954316754165023,0.07707140472794588,0.03850059175188905,0.10890419688647467,0.4658991897551057,0.6251870542894425,0.27481009316298977,0.20053400297393256,0.3112207386277425,0.5918267532546353,0.8749298394683337,0.06684656935635602,613.0,0.3939557248201984,0.36354110399660117,24.0,1.0,1,0,0,0.010611111111111111,0.00011111111111111112,0.0009444444444444445,0,0,6,0,0,0,1,0,0,1,0,0.0,0,0.0,0,0.00011111111111111112,0,0.0,0,0.001111111111111111,,,2005,2022,18,0.5341008102448942
Dwight Howard,howardw01,82,265.0,1985-12-08,,2005,2022,2004-11-03T00:00:00Z,True,18,NBA,"ORL, LAL, HOU, ATL, CHO, WAS, LAL, PHI, LAL",C,1242,1078.0,31.76892109500805,5.677133655394525,9.674718196457327,0.586800932090546,0.017713365539452495,0.08293075684380032,0.21359223300970873,5.659420289855072,9.591787439613526,0.590027700831025,0.58771637816245,4.316425120772947,7.612721417069243,0.5670015864621893,3.3421900161030598,8.434782608695652,11.776972624798711,1.3494363929146538,0.8703703703703703,1.7938808373590982,2.6586151368760063,3.1497584541062804,15.68840579710145,39457.0,7051,12016,22.0,103.0,7029.0,11913.0,5361,9455,4151.0,10476.0,14627.0,1676,1081.0,2228.0,3302.0,3912.0,19485,1.0,21.272367387282358,0.6034443824923335,0.009285728768025954,0.7835163595813164,12.185624857439743,29.64289226246293,21.069450287654913,7.267007121676763,1.3989482221152139,4.382925716602884,17.006042020427298,22.24138936056973,65.7,76.19999999999999,142.0,0.1724805737891882,0.8697670882226222,1.0291862027016752,1.9234128291557897,39.1,9.141328534860735,15.578062194287455,0.019215855234812583,0.1091492003953671,9.118802747294524,15.461256557771753,6.979210279544821,12.289930810756013,5.349550143193857,13.547793800846492,18.906500747649343,2.1588032541754316,1.3989482221152139,2.9034594621993564,4.287350786932611,5.044889373241758,25.283308411688672,111.07975771092582,99.95866386192564,0.0,0.0,0.0,11.956230833565654,88.04376916643434,3.646574752261955,3.8524216235395494,647.0,976.0,1806.0,824.0,4015.0,67.0,4001.0,895.0,1019.0,3.5880959018678555,0.6002502217603974,0.3305303494943863,0.0409012595990572,0.019226094229160863,0.009285728768025954,0.7178380768938338,0.41154145018627875,0.2600353042552653,0.3254052259421649,0.5808472260942291,0.37862546569683453,0.268350837620701,2950.0,0.1278172440885014,0.09955820260029906,27.0,0.0,1,0,8,0.23994444444444443,0.3068888888888889,0.05555555555555555,4,5,10,5,6,8,11,1,1,1,0,0.06944444444444445,0,0.256,0,0.00011111111111111112,0,0.0012777777777777779,3,0.1801111111111111,,,2005,2022,18,0.9907142712319742
Andre Iguodala,iguodan01,78,215.0,1984-01-28,Arizona,2005,2022,2004-11-03T00:00:00Z,False,18,NBA,"PHI, DEN, GSW, MIA, GSW",SF,1223,784.0,32.210956663941126,4.1054783319705646,8.875715453802126,0.46255181943804696,0.8830744071954211,2.6729354047424367,0.3303762618537779,3.222403924775143,6.202780049059689,0.5195096229897179,0.5122984799631506,2.313164349959117,3.2632869991823386,0.7088449010273115,0.9116925592804579,4.01880621422731,4.930498773507768,4.192968111201963,1.4399018806214228,0.5151267375306623,1.8242027800490597,1.7735077677841373,11.407195421095667,39394.0,5021,10855,1080.0,3269.0,3941.0,7586.0,2829,3991,1115.0,4915.0,6030.0,5128,1761.0,630.0,2231.0,2169.0,13951,9.0,15.372554196070467,0.5555770929583185,0.3199960400060923,0.3533965578514495,3.2627430573183736,14.083814794131085,8.71663451286998,19.50596537543788,2.273061887597096,1.300373153272072,15.183959486216176,16.9464766208052,51.199999999999996,49.6,100.39999999999999,0.1221023506117683,0.7834924100116769,1.379798954155455,2.1502411534751484,41.2,6.561329136416714,14.17333096410621,1.385172868964817,4.237685942021629,5.148842463319287,9.951776920343201,3.7252271919581665,5.26132659795908,1.4438061633751331,6.376912727826573,7.817253896532466,6.651370767121897,2.273061887597096,0.8042899934000102,2.909826369497893,2.804358531756105,18.23683048179926,111.44844392547088,105.47121389044017,0.5352591765243438,31.31563182210489,64.31951566228359,3.9751484997715387,0.01530689952784688,3.8934152408996296,4.0462024673808195,1173.0,554.0,1159.0,179.0,1671.0,214.0,11467.0,299.0,336.0,13.705368837894097,0.3234493323856425,0.07278451033152256,0.08490562014519977,0.19875270345737928,0.3199960400060923,0.7170585114484439,0.32792998933847795,0.32500989998476926,0.38191057013758445,0.5541187744326548,0.8446515713052749,0.1507267604203686,1502.0,0.3286779966492359,0.34093341625628265,62.0,2.0,4,1,1,0.10477777777777779,0.00044444444444444447,0.05366666666666667,1,2,14,0,0,0,4,1,1,1,0,0.0,0,0.022,0,0.06961111111111112,0,0.0016666666666666666,0,0.014722222222222223,,,2005,2023,18,0.6800039599939076
Chris Paul,paulch01,72,175.0,1985-05-06,Wake Forest,2006,2023,2005-11-01T00:00:00Z,False,18,NBA,"NOK, NOH, LAC, HOU, OKC, PHO",PG,1214,1214.0,34.419275123558485,6.336079077429983,13.42833607907743,0.47184394552815606,1.3525535420098846,3.6639209225700164,0.3691546762589928,4.983525535420099,9.764415156507413,0.5103762443057196,0.5222058643111275,3.8953871499176276,4.476935749588138,0.870101195952162,0.6103789126853377,3.884678747940692,4.4950576606260295,9.473640856672159,2.095551894563427,0.15980230642504117,2.3789126853377267,2.4102141680395386,17.92009884678748,41785.0,7692,16302,1642.0,4448.0,6050.0,11854.0,4729,5435,741.0,4716.0,5457.0,11501,2544.0,194.0,2888.0,2926.0,21755,18.0,24.34145028120139,0.5812772765346416,0.2709325834629652,0.33609058274500414,2.051118822543975,12.87473973914084,7.47404571018308,44.98132344142635,3.1449419648199113,0.3848677755175302,13.419045111882255,23.435388297235853,148.5,56.6,205.20000000000002,0.23556324039727172,4.960993179370588,2.155376331219337,7.118963742969965,96.0,9.480600694028958,20.0638386980974,1.9877659447170037,5.409134857006103,7.466827809022377,14.65321526863707,5.8537896374297,6.732832356108652,0.922599018786646,5.772808424075626,6.703044154600934,14.157901160703602,3.1449419648199113,0.23679550077779107,3.5410218978102184,3.607414143831518,26.771918152447046,122.51271987555343,105.40485820270432,97.3119540504966,2.823620916596865,0.0,0.0,0.0,6.901318655019743,9.658870408041164,1706.0,713.0,888.0,284.0,1255.0,277.0,26484.0,326.0,491.0,14.939748713653225,0.1499325116668661,0.15094354433409116,0.20726480794543495,0.22063070479837263,0.2709325834629652,0.6382964221610626,0.4901103745363169,0.4789384468110566,0.47386753619719996,0.11261632164652387,0.4783243269115711,0.002758884767260979,42.0,0.09907292090463084,0.3855925092736628,39.0,1.0,0,0,12,0.322,0.393,0.05555555555555555,7,9,18,4,9,11,16,1,1,1,0,0.10038888888888889,1,0.997,0,0.0,0,0.003666666666666667,0,0.010777777777777778,0,0.0,2006,2025,18,0.7290674165370349
Kyle Lowry,lowryky01,72,196.0,1986-03-25,Villanova,2007,2024,2006-11-01T00:00:00Z,False,18,NBA,"MEM, HOU, TOR, MIA, PHI",PG,1138,886.0,31.652899824253076,4.577328646748682,10.793497363796133,0.4240820646421884,1.9121265377855887,5.19244288224956,0.36825181925875783,2.665202108963093,5.601054481546573,0.4758393473486037,0.5126597736709273,3.1845342706502637,3.90597539543058,0.8152980877390327,0.7741652021089631,3.5263620386643235,4.300527240773286,6.15377855887522,1.2882249560632688,0.29876977152899825,2.290861159929701,2.7231985940246046,14.251318101933217,36021.0,5209,12283,2176.0,5909.0,3033.0,6374.0,3624,4445,881.0,4013.0,4894.0,7003,1466.0,340.0,2607.0,3099.0,16218,21.0,17.454829127453433,0.5687251603231448,0.4787805446822687,0.364203020460287,2.770642125426834,12.664209766525085,7.71390577718553,29.89941423058771,2.0773021293134564,0.7997529219066655,15.661766747175255,20.868118597484802,72.9,38.7,111.5,0.14871169595513728,2.1584103717276033,0.5836734127314623,2.749182421365315,43.199999999999996,7.329346769939758,17.25600621859471,3.04939063324172,8.258346520085507,4.277440937231059,9.000291496626968,5.104586213597624,6.261075483745593,1.2495960689597734,5.630157408178563,6.860328697148885,9.81188195774687,2.0773021293134564,0.4780988867605008,3.650545515116182,4.357860692373893,22.785716665278585,114.95710835346048,108.4131201243719,93.8450070792038,6.154992920796202,0.0,0.0,0.0,3.7984869936981203,3.6505538435912386,1579.0,539.0,1245.0,242.0,1703.0,607.0,16127.0,347.0,716.0,16.393675911273977,0.22365161988839846,0.11837533660920017,0.0684225313011854,0.11088517809055828,0.4787805446822687,0.6188663279753478,0.3863649537769634,0.37652155686960387,0.38491429999167154,0.26845354098997803,0.6815453207850977,0.00030029704894367175,2.0,0.1539157435940146,0.39796032869714887,50.0,2.0,1,0,6,0.024111111111111114,0.01933333333333333,0.0,0,0,7,0,0,1,6,0,0,0,0,0.0002777777777777778,0,0.0,0,0.00011111111111111112,0,0.008944444444444444,0,0.00022222222222222223,0,0.0,2007,2025,18,0.5212194553177314
Al Horford,horfoal01,81,240.0,1986-06-03,Florida,2008,2025,2007-11-02T00:00:00Z,False,18,NBA,"ATL, BOS, PHI, OKC, BOS",C,1138,1078.0,31.56239015817223,5.3268892794376095,10.45694200351494,0.5094117647058823,0.8576449912126538,2.275043936731107,0.37697952877558905,4.469244288224956,8.181898066783832,0.5462356352701107,0.5504201680672269,1.4103690685413006,1.8488576449912126,0.7628326996197718,1.90597539543058,5.952548330404218,7.8585237258347975,3.188927943760984,0.7609841827768014,1.1423550087873462,1.3787346221441126,2.1230228471001755,12.921792618629174,35918.0,6062,11900,976.0,2589.0,5086.0,9311.0,1605,2104,2169.0,6774.0,8943.0,3629,866.0,1300.0,1569.0,2416.0,14705,2.0,17.851066317723703,0.5753442563617127,0.2306760398685896,0.18050038977671362,6.908221504538115,21.024160588006012,14.04145275349407,15.927571134250236,1.2238988807840083,2.970855838298346,10.885778718191437,18.02488167492622,64.5,52.7,117.4,0.15673993540843034,1.6046383428921434,1.2764658388551702,2.859026115039813,44.4,8.566584999164764,16.80690183195055,1.3357954229077342,3.554190099671474,7.2398546689682055,13.252589231026224,2.3008909182025725,3.0102149340163704,3.0950414833788074,9.601467230914862,12.689729383595969,5.089192048555042,1.2238988807840083,1.8427306642908847,2.2303580377526586,3.42467008185311,20.78591235592182,117.34659502199455,105.5860292889359,0.0,0.0,0.0,20.870733337045493,79.1292666629545,4.770672086419066,3.4003118213709005,656.0,372.0,1391.0,272.0,973.0,49.0,8730.0,272.0,455.0,12.177303858789466,0.25991282922211706,0.216001475583273,0.11284606603931177,0.18036839467676377,0.2306760398685896,0.7322227295506432,0.45618489336822765,0.44222982905506986,0.4170981123670583,0.6924605768695361,0.7787169107411325,0.07298610724427865,825.0,0.3541799376357258,0.43547090595244725,3.0,0.0,1,0,5,0.034444444444444444,0.02611111111111111,0.05555555555555555,0,1,7,0,0,1,7,1,1,1,0,0.0,0,0.624,0,0.0,0,0.0,0,0.0045000000000000005,0,0.0,2008,2025,18,0.7693239601314105
Mike Conley,conlemi01,72,175.0,1987-10-11,Ohio State,2008,2025,2007-11-07T00:00:00Z,False,18,NBA,"MEM, UTA, MIN",PG,1172,1128.0,31.226109215017065,4.935153583617748,11.266211604095563,0.4380490760375644,1.6467576791808873,4.236348122866894,0.38872104733131924,3.28839590443686,7.029863481228669,0.4677752154387668,0.5111329900030294,2.535836177474403,3.073378839590444,0.8250971682398668,0.4761092150170648,2.47098976109215,2.9470989761092152,5.652730375426621,1.3677474402730376,0.20648464163822525,1.8600682593856654,1.9368600682593857,14.052901023890785,36597.0,5784,13204,1930.0,4965.0,3854.0,8239.0,2972,3602,558.0,2896.0,3454.0,6625,1603.0,242.0,2180.0,2270.0,16470,0.0,17.11421701232342,0.5561752602672348,0.3780053283055988,0.2671545481870099,1.7523676804109627,9.083135229663633,5.396671858349044,28.49949449408421,2.2529141732928926,0.570672459491215,13.051244637538597,20.774910511790583,67.4,38.3,105.6,0.13857652266579226,1.9432303194250893,0.45884088859742606,2.4049812826187935,40.699999999999996,8.102844495450444,18.463628166243137,2.6857310708528024,6.871418422275051,5.421900702243354,11.588523649479468,4.165833265021722,5.0466349700795154,0.771011285078012,4.048823674071645,4.833087411536465,9.244771429352133,2.2529141732928926,0.3416646173183594,3.0559690685028826,3.1817990545673145,23.03493182501298,114.75000683116103,108.94270022132962,100.0,0.07019701068393584,0.0,0.0,0.0,3.320542667431756,5.095360275432413,1376.0,576.0,999.0,101.0,1341.0,406.0,15023.0,306.0,626.0,14.703358198759462,0.22790846244227667,0.16463458753449736,0.09333071016750007,0.13576110063666422,0.3780053283055988,0.5819289832499931,0.4019616361996885,0.3915047681503948,0.38871710795966885,0.25816853840478726,0.7591946061152554,0.0012367953657403611,15.0,0.19445252343088232,0.4423022925376397,43.0,1.0,0,0,1,0.02788888888888889,0.0010555555555555555,0.007666666666666667,0,1,8,0,0,0,4,0,0,1,0,5.555555555555556e-05,0,0.002,0,0.0,0,0.0027222222222222222,0,0.0002777777777777778,0,0.0,2008,2025,18,0.621994671694401
