player,player_id,ht_in_in,wt,birth_date,colleges,from_season,to_season,debut,hof,n_seasons,lg,teams,pos,career_g,career_gs,mp_per_game,fg_per_game,fga_per_game,fg_percent,x3p_per_game,x3pa_per_game,x3p_percent,x2p_per_game,x2pa_per_game,x2p_percent,e_fg_percent,ft_per_game,fta_per_game,ft_percent,orb_per_game,drb_per_game,trb_per_game,ast_per_game,stl_per_game,blk_per_game,tov_per_game,pf_per_game,pts_per_game,career_mp,career_fg,career_fga,career_x3p,career_x3pa,career_x2p,career_x2pa,career_ft,career_fta,career_orb,career_drb,career_trb,career_ast,career_stl,career_blk,career_tov,career_pf,career_pts,career_trp_dbl,career_per,career_ts_percent,career_x3p_ar,career_f_tr,career_orb_percent,career_drb_percent,career_trb_percent,career_ast_percent,career_stl_percent,career_blk_percent,career_tov_percent,career_usg_percent,career_ows,career_dws,career_ws,career_ws_48,career_obpm,career_dbpm,career_bpm,career_vorp,career_fg_per_100_poss,career_fga_per_100_poss,career_x3p_per_100_poss,career_x3pa_per_100_poss,career_x2p_per_100_poss,career_x2pa_per_100_poss,career_ft_per_100_poss,career_fta_per_100_poss,career_orb_per_100_poss,career_drb_per_100_poss,career_trb_per_100_poss,career_ast_per_100_poss,career_stl_per_100_poss,career_blk_per_100_poss,career_tov_per_100_poss,career_pf_per_100_poss,career_pts_per_100_poss,career_o_rtg,career_d_rtg,career_pg_percent,career_sg_percent,career_sf_percent,career_pf_percent,career_c_percent,career_on_court_plus_minus_per_100_poss,career_net_plus_minus_per_100_poss,career_bad_pass_turnover,career_lost_ball_turnover,career_shooting_foul_committed,career_offensive_foul_committed,career_shooting_foul_drawn,career_offensive_foul_drawn,career_points_generated_by_assists,career_and1,career_fga_blocked,career_avg_dist_fga,career_percent_fga_from_x0_3_range,career_percent_fga_from_x3_10_range,career_percent_fga_from_x10_16_range,career_percent_fga_from_x16_3p_range,career_percent_fga_from_x3p_range,career_fg_percent_from_x0_3_range,career_fg_percent_from_x3_10_range,career_fg_percent_from_x10_16_range,career_fg_percent_from_x16_3p_range,career_percent_assisted_x2p_fg,career_percent_assisted_x3p_fg,career_percent_dunks_of_fga,career_num_of_dunks,career_percent_corner_3s_of_3pa,career_corner_3_point_percent,career_num_heaves_attempted,career_num_heaves_made,career_CHMP_count,career_FMVP_count,career_all_star_count,career_all_defense_share_mean,career_all_nba_share_mean,career_all_rookie_share_mean,career_all_defense_1st_count,career_all_defense_2nd_count,career_all_defense_ORV_count,career_all_nba_1T_count,career_all_nba_2T_count,career_all_nba_3T_count,career_all_nba_ORV_count,career_all_rookie_1st_count,career_all_rookie_2nd_count,career_all_rookie_ORV_count,career_mvp_winner_count,career_mvp_share_mean,career_roy_winner_count,career_roy_share_sum,career_smoy_winner_count,career_smoy_share_mean,career_mip_winner_count,career_mip_share_mean,career_dpoy_winner_count,career_dpoy_share_mean,career_clutch_poy_winner_count,career_clutch_poy_share_mean,from,to,experience,career_percent_fga_from_x2p_range
John Havlicek,havlijo01,77,203.0,1940-04-08,Ohio State,1963,1978,1962-10-20T00:00:00Z,True,16,NBA,BOS,SF,1270,0.0,36.59133858267717,8.277952755905511,18.84251968503937,0.4393230254910155,0.0,0.0,,0.0,0.0,,0.4393230254910155,4.22755905511811,5.188188976377953,0.8148429200182121,0.48031496062992124,1.0937007874015747,6.304724409448819,4.814173228346457,0.37480314960629924,0.09212598425196851,0.16062992125984252,2.583464566929134,20.783464566929133,46471.0,10513,23930,0.0,0.0,0.0,0.0,5369,6589,610.0,1389.0,8007.0,6114,476.0,117.0,204.0,3281.0,26395,31.0,17.535861074648707,0.49346142755697103,0.0,0.2750475135030449,2.822096684571217,6.256028894239675,5.362277621048996,19.501021974858457,1.1972566767236563,0.2795239859233191,1.0708762738211757,1.7150123783752662,57.6,73.9,131.7,0.13607544490112114,0.9987750326887344,0.11960635881907647,1.159699951827128,11.499999999999998,9.101383249604293,20.11631683985961,0.0,0.0,0.0,0.0,4.257532172596518,5.055598375886038,1.86545316908678,4.277448214162824,6.164173147064896,5.777682196682954,1.4746748331154085,0.37599614617025673,0.6352006056018168,3.1516069093661825,22.436721491982652,19.440988232055606,98.5068474296332,,,,,,,,,,,,,,,,,,,,,,,,,,,,,,,,,,,8,1,13,0.38839999999999997,0.38323076923076915,0.0,5,8,,4,11,,,1,,1,0,0.018375000000000002,0,0.0,,,,,,,,,1963,1978,16,
Paul Silas,silaspa01,79,220.0,1943-07-12,Creighton,1965,1980,1964-10-17T00:00:00Z,False,16,NBA,"STL, ATL, PHO, BOS, DEN, SEA",PF,1254,0.0,27.901913875598087,3.423444976076555,7.933811802232855,0.43150065333199317,0.0,0.0,,0.09011164274322168,0.23843700159489634,0.3779264214046823,0.43150065333199317,2.5486443381180224,3.7862838915470496,0.6731255265374895,1.6228070175438596,2.562200956937799,9.854066985645932,2.05103668261563,0.28548644338118023,0.11004784688995216,0.26555023923444976,2.4760765550239237,9.395534290271133,34989.0,4293,9949,0.0,0.0,113.0,299.0,3196,4748,2035.0,3213.0,12357.0,2572,358.0,138.0,333.0,3105.0,11782,1.0,13.89419531852868,0.48579444968418645,0.0,0.4751892309011404,9.635850739263084,15.064487209575217,12.748144982589428,9.430026579782217,0.877440597047687,0.330574982398498,3.4826685660018994,2.1139854384298826,28.200000000000003,51.6,80.0,0.10954454257052217,-0.4524895866709388,-0.10654918295418134,-0.5756936879205383,5.500000000000001,4.703876962512015,11.499724447292534,0.0,0.0,0.337295738545338,0.8994553027875682,3.515809035565524,5.12519705222685,5.876475488625442,9.275405318808074,15.137962191605256,3.082838833707145,1.0246459468119191,0.39797500801025315,0.9893623838513297,3.911624479333547,12.980044857417495,36.10567125921179,96.95879525793015,,,,,,,,,,,,,,,,,,,,,,,,,,,,,,,,,,,3,0,2,0.16666666666666666,0.0,0.0,2,5,,0,0,,,0,,0,0,0.001375,0,0.0,,,,,,,,,1965,1980,16,
Elvin Hayes,hayesel01,81,235.0,1945-11-17,Houston,1969,1984,1968-10-17T00:00:00Z,True,16,NBA,"SDR, HOU, BAL, CAP, WSB, HOU",PF,1303,129.0,38.37298541826554,8.423637759017652,18.627782041442824,0.45220830586684246,0.003837298541826554,0.026093630084420567,0.14705882352941177,1.8733691481197237,4.081350729086723,0.45900714554343736,0.4523113052076467,4.110514198004605,6.1389102072141215,0.6695836979622453,2.1320030698388335,5.351496546431313,12.493476592478896,1.8403683806600153,0.6630851880276285,1.3591711435149654,1.0422102839600922,3.217958557175748,20.961627014581733,50000.0,10976,24272,5.0,34.0,2441.0,5318.0,5356,7999,2778.0,6973.0,16279.0,2398,864.0,1771.0,1358.0,4193.0,27313,3.0,17.736193999999998,0.49255987999999995,0.001565,0.33154762000000004,7.245363652677724,18.268692798728434,13.296073999999999,7.005338,1.1193777077589602,2.3589791575870995,4.767755999999999,8.5101,37.1,83.8,120.8,0.11596532,0.2697661418056462,0.39935091151899127,0.6267182210627659,21.4,9.466349886642444,20.601214323426195,0.0,0.057629118916736555,3.5750116463244197,7.816736544613188,4.739650299698749,7.016866983446691,3.977145252958166,9.930603434889282,13.908062362185161,2.1940557160160252,1.2357340290071124,2.529823907574769,1.9603838628528834,4.249895959501847,23.701437932855058,58.98208018882574,97.52262492623994,,,,,,,,,,,,,,,,,,,,,,,,,,,,,,,,,,,1,0,12,0.02025,0.179125,0.0580625,0,2,,3,6,,,1,,1,0,0.035750000000000004,0,0.321,0,0.0,,,0,0.0,,,1969,1984,16,
Kareem Abdul-Jabbar,abdulka01,86,225.0,1947-04-16,UCLA,1970,1985,1969-10-18T00:00:00Z,True,16,NBA,"MIL, LAL",C,1249,478.0,38.72938350680545,10.9919935948759,19.54683746997598,0.5623412795936757,0.0,0.007205764611689352,0.0,3.6709367493995195,6.2489991993594876,0.5874439461883408,0.5623412795936757,4.646917534027222,6.475580464371498,0.7176063303659743,1.9767814251401121,6.4747798238590875,12.511609287429945,3.977582065652522,0.767013610888711,2.2297838270616492,1.5084067253803042,3.00400320256205,26.63090472377902,48373.0,13729,24414,0.0,9.0,4585.0,7805.0,5804,8088,2469.0,8087.0,15627.0,4968,958.0,2785.0,1884.0,3752.0,33262,21.0,25.853730386786015,0.5956799867694789,0.0004513468257085564,0.33181030740289,6.629919857524489,19.47394527207528,15.347294978603765,15.278283339879684,1.1553834808259587,3.4328487882361434,6.24151902921051,11.366030636925558,163.4,83.6,246.8,0.24492927872986997,4.870409633001095,1.9505703750648156,6.81445526300628,77.6,12.69980699429625,22.4610906262603,0.0,0.007711586103589329,6.132159935472719,10.437601544045629,5.308627643025868,7.251512358126403,3.2691306101284785,10.670467246644005,13.948285994123406,4.761951950221812,1.263686120873423,3.6733623322002646,2.503595091317624,3.6544247277755373,30.702523477559485,74.0357204586046,97.59687734055424,,,,,,,,,,,,,,,,,,,,,,,,,,,,,,,,,,,4,2,15,0.23418750000000002,0.5218125,0.0625,5,11,,9,14,,,1,,1,6,0.3706875,1,1.0,0,0.0,,,0,0.0,,,1970,1989,16,
Julius Erving,ervinju01,79,210.0,1950-02-22,UMass,1972,1987,1971-10-15T00:00:00Z,True,16,"ABA,NBA","VIR, NYA, PHI",SF,1243,823.0,36.38535800482703,9.507642799678198,18.801287208366855,0.5056910569105691,0.10780370072405471,0.36122284794851167,0.2984409799554566,7.781979082864039,15.185840707964601,0.5124496715405806,0.5085579803166452,5.032984714400643,6.477876106194691,0.776949826130154,2.9678197908286403,5.499597747385358,8.467417538213999,4.164119066773934,1.827835880933226,1.5615446500402252,3.169750603378922,2.810941271118262,24.156074014481096,45227.0,11818,23370,134.0,449.0,9673.0,18876.0,6256,8052,3689.0,6836.0,10525.0,5176,2272.0,1941.0,3940.0,3494.0,30026,1.0,23.526397948128327,0.5573523780042895,0.019022685563933047,0.3444069471775709,8.574090698034361,15.001441616733366,11.854414398478784,17.730066110951423,2.515268255262022,2.3682556879739978,12.595679571937119,25.377015941804675,107.39999999999999,73.7,181.0,0.19203977712428416,4.639366235376152,1.5647581415769223,6.202804679631208,80.0,12.005211642261306,23.652488313834866,0.16253970713566282,0.4951266754474316,9.540492239353322,18.491340616203093,6.356969086542187,8.165331473877224,3.5378063583068617,6.433175796079648,9.969856150409338,5.44536814648382,2.50871878308928,2.1631517781049037,3.931995557965961,3.6311923762299525,30.510234756333773,103.01076934996513,99.63900725704399,,,,,,,,,,,,,,,,,,,,,,,,,,,,,,,,,,,1,0,16,0.0,0.258625,0.0,1,1,0,9,12,,0,1,,1,4,0.22187500000000002,0,0.35,0,0.0,0,0.0,0,0.0,,,1972,1987,16,
Artis Gilmore,gilmoar01,86,240.0,1949-09-21,"Gardner-Webb University, Jacksonville University",1972,1987,1971-10-16T00:00:00Z,True,16,"ABA,NBA","KEN, CHI, SAS",C,1258,777.0,36.75755166931638,7.395866454689984,12.700317965023848,0.5823371095950429,0.0023847376788553257,0.01589825119236884,0.15,5.782193958664547,9.774244833068362,0.5915744957709824,0.5824309945546723,4.821144674085851,6.885532591414944,0.7001847148464558,3.773449920508744,9.039745627980922,12.813195548489666,2.4077901430842608,0.5627980922098569,2.5023847376788555,3.0675675675675675,3.4825119236883944,19.615262321144673,46241.0,9304,15977,3.0,20.0,7274.0,12296.0,6065,8662,4747.0,11372.0,16119.0,3029,708.0,3148.0,3859.0,4381.0,24676,2.0,21.687937112086676,0.6265929586297875,0.001253281719685993,0.5530370450466038,10.780067472589261,25.06418762570014,18.05336173525659,9.481187690577627,0.778257193188491,3.709722973119093,16.30257563634004,19.116238835665317,114.2,74.6,188.9,0.19590995004433295,2.5142758426534946,0.8100964860645459,3.317213932894838,52.300000000000004,9.360374171422723,16.024024262278303,0.0,0.012364036546976173,6.8956696439996925,11.586182274204694,6.360010749110638,8.953817213932895,4.626289253448673,11.081286310239806,15.742103242648374,3.0115911243057862,0.7583830266424386,2.9565044915926597,3.859890461443964,4.543659304378982,25.0638804289407,107.2018529419292,101.16740460164309,,,,,,,,,,,,,,,,,,,,,,,,,,,,,,,,,,,0,0,11,0.0,0.0,0.0,4,5,0,5,5,,0,1,,1,1,0.0573125,1,0.633,0,0.0,0,0.0,0,0.0,,,1972,1988,16,
Caldwell Jones,jonesca01,83,217.0,1950-08-04,Albany State University,1974,1989,1973-10-10T00:00:00Z,False,16,"ABA,NBA","SDA, KEN, SDS, SSL, PHI, HOU, CHI, POR",C,1227,769.0,27.86960065199674,3.2787286063569683,6.91279543602282,0.47429851450129684,0.004889975550122249,0.042379788101059496,0.11538461538461539,2.7147514262428687,5.713121434392828,0.47517831669044225,0.4746522046687102,1.6430317848410758,2.169519152404238,0.7573253193087904,2.3186634066829668,6.202118989405053,8.52078239608802,1.4506927465362673,0.5419722901385493,1.850040749796251,1.6797066014669926,3.4963325183374083,8.205378973105134,34196.0,4023,8482,6.0,52.0,3331.0,7010.0,2016,2662,2845.0,7610.0,10455.0,1780,665.0,2270.0,2061.0,4290.0,10068,0.0,12.22623698678208,0.5233185752719617,0.0063483740788396305,0.3410476956369166,8.709811089016258,22.7596502514914,15.844932155807697,6.578187507310797,0.8869078254766638,3.518815066089601,18.342399695870863,12.831532927827816,14.8,50.2,64.9,0.09105614691776814,-1.8255936366826528,1.1286115335126916,-0.7189086442858813,10.8,5.3645631067961155,11.327468124926892,0.0,0.06924201661012984,4.457690958006784,9.392189144929231,2.706530003509182,3.574654930401217,3.809018598666511,10.194987717861737,13.983951339337937,2.4009006901391974,0.8869078254766638,3.022683939642064,2.767595625219324,5.756050415253246,13.452588021990875,95.25,101.61752836589075,,,,,,,,,,,,,,,,,,,,,,,,,,,,,,,,,,,0,0,1,0.0625,0.0,0.0,2,2,0,0,0,0,0,0,0,0,0,6.25e-05,0,0.359,0,0.0,0,0.0,0,0.0,,,1974,1990,16,
Moses Malone,malonmo01,82,215.0,1955-03-23,,1975,1990,1974-10-18T00:00:00Z,True,16,"ABA,NBA","UTS, SSL, BUF, HOU, PHI, WSB, ATL",C,1208,856.0,36.54801324503311,7.805463576158941,15.657284768211921,0.498519615099926,0.0033112582781456954,0.05380794701986755,0.06153846153846154,6.545529801324503,13.150662251655628,0.49773385370766715,0.4986253568785027,6.769039735099338,8.947019867549669,0.7565692079940785,5.499172185430464,7.832781456953643,13.331953642384105,1.4304635761589404,0.8948675496688742,1.4263245033112584,3.2259933774834435,2.5943708609271523,22.383278145695364,44150.0,9429,18914,4.0,65.0,7907.0,15886.0,8177,10808,6643.0,9462.0,16105.0,1728,1081.0,1723.0,3897.0,3134.0,27039,0.0,22.426237825594562,0.571722718006795,0.0033682672706681765,0.5753794790486977,16.455182332955832,23.372398640996604,19.938466591166478,5.891771234428085,1.1761562853907135,2.1959728199320496,14.024348810872027,24.33023103057758,108.4,56.0,164.39999999999998,0.17867293318233296,3.317313703284258,-1.456321630804077,1.8821426953567386,43.1,10.262097395243488,20.555768969422424,0.0,0.06616761041902605,8.626113250283126,17.337574178935448,8.900516421291055,11.74161268403171,7.214203850509626,10.263848244620613,17.486332955832392,1.88636013590034,1.1761562853907135,1.8671891279728199,4.22037825594564,3.3997191392978485,29.376849377123442,106.92751981879955,103.9905322763307,,,,,,,,,,,,,,,,,,,,,,,,,,,,,,,,,,,1,1,13,0.0244375,0.359,0.0,1,2,0,4,8,0,4,1,0,1,3,0.17843750000000003,0,0.1,0,0.0,0,0.0,0,0.001625,,,1975,1995,16,
Robert Parish,parisro01,85,230.0,1953-08-30,Centenary (LA),1977,1992,1976-10-22T00:00:00Z,True,16,NBA,"GSW, BOS",C,1260,944.0,30.735714285714284,6.7404761904761905,12.425396825396826,0.5424757281553398,0.0,0.004761904761904762,0.0,5.730952380952381,10.361904761904762,0.5530790441176471,0.5424757281553398,2.895238095238095,4.006349206349206,0.722662440570523,3.164285714285714,6.907936507936508,10.072222222222223,1.5412698412698413,0.846031746031746,1.6261904761904762,2.230952380952381,3.015873015873016,16.376190476190477,38727.0,8493,15656,0.0,6.0,7221.0,13056.0,3648,5048,3987.0,8704.0,12691.0,1942,1066.0,2049.0,2811.0,3800.0,20634,2.0,19.931933792960983,0.5799616030159837,0.0003776176827536344,0.3250471763885661,11.747098923231855,24.061941281276628,18.08430810545614,7.23952281354094,1.3104294161695975,2.9484752240039245,13.494448317711157,21.28023601105172,68.5,63.8,132.2,0.16393035866449765,1.6441939731969943,0.3397474630103029,1.9964701629354198,39.0,10.486960002065743,19.284155756965426,0.0,0.0,8.978888114235547,16.20821390760968,4.498770883363028,6.221700622304852,4.926395021561185,10.740653807421179,15.636721150618433,2.3795259121543113,1.3104294161695975,2.507596767113384,3.473519766571126,4.6744674258269425,25.448036253776436,107.86242156634906,101.35280295401141,,,,,,,,,,,,,,,,,,,,,,,,,,,,,,,,,,,3,0,9,0.0034999999999999996,0.0371875,0.0,0,0,2,0,1,1,7,0,0,1,0,0.017875000000000002,0,0.0,0,0.0,0,0.0,0,0.0,,,1977,1997,16,
James Edwards,edwarja01,85,252.0,1955-11-22,Washington,1978,1993,1977-10-18T00:00:00Z,False,16,NBA,"LAL, IND, CLE, PHO, DET, LAC, LAL",C,1067,761.0,25.62980318650422,5.296157450796626,10.649484536082474,0.4973158496875825,0.0009372071227741331,0.019681349578256794,0.047619047619047616,4.330834114339269,8.607310215557638,0.5031576655052264,0.4973598521517205,2.9765698219306467,4.258669165885661,0.698943661971831,1.6569821930646673,3.8313027179006562,5.488284910965323,1.366447985004686,0.38425492033739456,0.7947516401124649,1.7488284910965324,3.60543580131209,13.569821930646674,27347.0,5651,11363,1.0,21.0,4621.0,9184.0,3176,4544,1768.0,4088.0,5856.0,1458,410.0,848.0,1866.0,3847.0,14479,0.0,15.052108092295315,0.5418316451530333,0.001965553808461623,0.4018253921819578,6.9908472592971815,16.482506307821698,11.69932350897722,7.915497129484039,0.7057044648407504,1.7384027498445902,12.211332138808643,22.68731122243756,32.7,26.9,59.7,0.10451193915237503,-0.8761948294145612,-0.6291147109372144,-1.4736753574432295,3.4,9.873507148864592,19.845675942516547,0.0,0.04439609463560902,8.17066588656891,16.244772735583428,5.546900939774016,7.927030387245401,3.0780560939042676,7.096087322192563,10.160960982923172,2.527922624053827,0.7057044648407504,1.462705232749479,3.259161882473397,6.732559330091052,25.2694591728526,106.997074633415,106.6177277215051,,,,,,,,,,,,,,,,,,,,,,,,,,,,,,,,,,,2,0,0,0.0,0.0,0.0,0,0,0,0,0,0,0,0,0,0,0,0.0,0,0.0,0,0.0,0,0.0,0,0.0,,,1978,1996,16,
Tree Rollins,rollitr01,85,235.0,1955-06-16,Clemson,1978,1993,1977-10-22T00:00:00Z,False,16,NBA,"ATL, CLE, DET, HOU",C,1060,504.0,21.854716981132075,2.3990566037735848,4.592452830188679,0.522391125718981,0.0,0.006603773584905661,0.0,1.880188679245283,3.5716981132075474,0.5264131008980454,0.522391125718981,0.9679245283018868,1.3783018867924528,0.702258726899384,1.9660377358490566,4.221698113207547,6.187735849056604,0.6056603773584905,0.469811320754717,2.331132075471698,0.9632075471698113,3.0745283018867924,5.766037735849056,23166.0,2543,4868,0.0,7.0,1993.0,3786.0,1026,1461,2084.0,4475.0,6559.0,642,498.0,2471.0,1021.0,3259.0,6112,4.0,13.795627212293878,0.555685746352413,0.0016007511007511007,0.30121138737805403,9.842234308900975,21.369498402831734,15.576633859967194,3.8173055339722013,1.0425019425019424,6.28061383061383,15.739342139342138,11.69665457998791,21.299999999999997,41.0,62.3,0.1294706034706035,-1.338612621945955,2.5426314426314427,1.2062678062678063,18.9,5.358344125010792,10.219412069412071,0.0,0.009690926357593025,4.248225848225848,8.032366399033066,2.1605413105413107,3.067491150824484,4.376327376327376,9.422040922040923,13.80889665889666,1.3425148925148926,1.0425019425019424,5.191716308382975,2.149447466114133,6.8678969178969185,12.845843045843045,110.19485452818786,100.22472589139255,,,,,,,,,,,,,,,,,,,,,,,,,,,,,,,,,,,0,0,0,0.053,0.0,0.0,1,2,0,0,0,0,0,0,0,1,0,0.0,0,0.0,0,0.0,0,0.0,0,0.013272727272727275,,,1978,1995,16,
Rick Mahorn,mahorri01,82,240.0,1958-09-21,Hampton,1981,1997,1980-10-10T00:00:00Z,False,16,NBA,"WSB, DET, PHI, NJN, DET",PF,1042,613.0,23.93953934740883,2.9117082533589254,5.891554702495202,0.494217299234403,0.0047984644913627635,0.036468330134357005,0.13157894736842105,2.9069097888675626,5.855086372360844,0.49647598754302574,0.4946245316826845,1.4740882917466411,2.0882917466410746,0.7058823529411765,1.671785028790787,4.795585412667946,6.467370441458733,1.0220729366602688,0.5892514395393474,0.9587332053742802,1.356046065259117,3.218809980806142,7.302303262955854,24945.0,3034,6139,5.0,38.0,3029.0,6101.0,1536,2176,1742.0,4997.0,6739.0,1065,614.0,999.0,1413.0,3354.0,7609,0.0,11.730539186209661,0.5363228302264983,0.00620905993185007,0.35717755061134493,7.808202044497896,22.13876528362397,15.01138905592303,5.856628582882341,1.2062697935458009,2.3459009821607535,16.76714371617559,14.321731809981959,10.599999999999998,40.1,50.699999999999996,0.09756612547604732,-2.4471757867308077,1.2987051513329324,-1.1547123672078574,5.2,5.9663339346562445,12.050098216075366,0.0025255562236921225,0.07124473842453398,5.942517538584887,11.963535778713167,3.0253397474443777,4.272427340148327,3.4270916015233515,9.809957907396273,13.213842453397476,2.0759350571256765,1.2062697935458009,1.9509360593305274,2.770743635999198,6.557318099819603,14.942092603728202,103.48450591300862,102.60168370414912,0.0,0.0,0.0,0.0,100.0,0.8,-6.5,1.0,1.0,14.0,4.0,8.0,,13.0,2.0,6.0,11.099999999999998,0.37,0.185,0.278,0.148,0.018999999999999996,0.35,0.4,0.333,0.5,0.75,0.0,0.0,0.0,0.0,0.0,0.0,0.0,1,0,0,0.0208125,0.000125,0.0,0,1,1,0,0,0,1,0,0,0,0,0.0,0,0.0,0,0.0,0,0.0,0,0.0,,,1981,1999,16,0.981
Eddie Johnson,johnsed03,79,215.0,1959-05-01,Illinois,1982,1998,1981-10-30T00:00:00Z,False,16,NBA,"KCK, SAC, PHO, SEA, CHH, IND, HOU",SF,1196,479.0,27.245819397993312,6.455685618729097,13.668896321070234,0.47229018840225107,0.4698996655518395,1.4030100334448161,0.33492252681764006,5.985785953177258,12.265886287625419,0.4880027266530334,0.489478835331539,2.6638795986622075,3.17056856187291,0.8401898734177216,1.4933110367892977,2.5451505016722407,4.038461538461538,2.1312709030100336,0.6178929765886287,0.1505016722408027,1.734113712374582,2.4740802675585285,16.04515050167224,32586.0,7721,16348,562.0,1678.0,7159.0,14670.0,3186,3792,1786.0,3044.0,4830.0,2549,739.0,180.0,2074.0,2959.0,19190,1.0,15.913005585220645,0.5317380777020807,0.10786089118026146,0.2318790584913767,6.188691462591297,10.495623887559075,8.371015159884614,12.123755600564659,1.0966948996501569,0.3154544896581354,10.331133001902657,25.266881482845392,46.9,18.799999999999997,65.7,0.09670229546430983,1.1327379856380038,-1.7724114650463387,-0.6798655864481679,11.100000000000001,11.345961455839932,24.04100227091389,0.8435800650586142,2.5383968575461853,10.491849260418585,21.516237034309214,4.680635855889032,5.579196587491561,2.6038053151660225,4.481421469342662,7.100457251580433,3.7174338673049774,1.0966948996501569,0.25629104523414964,3.03847664641257,4.359605351991653,28.21807831584116,108.72681519671025,111.14714908242803,0.0,8.559300873907615,87.16104868913858,4.2796504369538075,0.0,-1.3224719101123599,-3.472326258843113,67.0,13.0,79.0,10.0,64.0,,309.0,13.0,45.0,16.886017478152308,0.1696595921764461,0.06684186433624636,0.1313404078235539,0.2689180191427383,0.3632401165210154,0.5846412817311694,0.4387569704535996,0.37032209737827715,0.45685726175613817,0.7421186017478153,0.9675226799833541,0.0,0.0,0.1586412817311694,0.3865717852684145,0.0,0.0,0,0,0,0.0,0.00025,0.0,0,0,0,0,0,0,2,0,0,0,0,0.0,0,0.0,1,0.03842857142857143,0,0.0,0,0.0,,,1982,1999,16,0.6367598834789846
Alton Lister,listeal01,84,240.0,1958-10-01,Arizona State,1982,1998,1981-10-30T00:00:00Z,False,16,NBA,"MIL, SEA, GSW, MIL, BOS, POR",C,953,582.0,19.900314795383,2.6379853095487933,5.14900314795383,0.5123293254534339,0.001049317943336831,0.00944386149003148,0.1111111111111111,2.6369359916054567,5.139559286463799,0.5130665577786852,0.5124312207051152,1.3315844700944386,2.230849947534103,0.59689557855127,1.9349422875131164,4.356768100734523,6.291710388247639,0.9590766002098636,0.3683105981112277,1.545645330535152,1.521511017838405,3.3357817418677858,6.6086044071353625,18965.0,2514,4907,1.0,9.0,2513.0,4898.0,1269,2126,1844.0,4152.0,5996.0,914,351.0,1473.0,1450.0,3179.0,6298,0.0,12.85859741629317,0.5365774321117848,0.001996625362509887,0.44191236488267865,10.90006327445294,24.44652254152386,17.699435802794625,6.429306617453203,0.8883944107566569,4.638560506195623,19.956388083311364,15.654674400210917,5.4,31.099999999999998,36.6,0.09269106248352228,-2.6621302399156344,1.2711310308462958,-1.357310835750066,3.0,6.35462694437121,12.422124967044555,0.0,0.025520696018982336,6.345072501977326,12.377395201687317,3.2065752702346426,5.378233588188769,4.686348536778276,10.542757711573953,15.222683891378857,2.303928288953335,0.8883944107566569,3.7289849723174266,3.677337200105458,8.076936461903507,15.929064065383603,101.65415238597416,102.3108357500659,0.0,0.0,0.0,0.0,100.0,-11.853571428571428,-5.060714285714286,17.0,1.0,54.0,9.0,11.0,,31.0,1.0,8.0,10.110000000000001,0.4760642857142857,0.2570571428571429,0.17536428571428572,0.09151428571428571,0.0,0.2598428571428571,0.6085071428571429,0.35475,0.6931642857142858,0.5154428571428572,0.0,0.023957142857142854,2.0,0.0,0.0,0.0,0.0,0,0,0,0.0,0.0,0.0,0,0,0,0,0,0,0,0,0,0,0,0.0004375,0,0.0,0,0.0,0,0.0,0,0.0,,,1982,1998,16,1.0
Danny Schayes,schayda01,83,235.0,1959-05-10,Syracuse,1982,1997,1981-10-30T00:00:00Z,False,16,NBA,"UTA, DEN, MIL, LAL, PHO, MIA, ORL",C,1045,393.0,19.67464114832536,2.70622009569378,5.577033492822967,0.4852436513383665,0.003827751196172249,0.028708133971291867,0.13333333333333333,2.7023923444976075,5.548325358851675,0.4870645050017247,0.48558682223747424,2.570334928229665,3.1904306220095693,0.8056388722255549,1.6449760765550239,3.536842105263158,5.181818181818182,1.1971291866028708,0.5023923444976076,0.7703349282296651,1.4382775119617226,3.1473684210526316,7.986602870813397,20560.0,2828,5828,4.0,30.0,2824.0,5798.0,2686,3334,1719.0,3696.0,5415.0,1251,525.0,805.0,1503.0,3289.0,8346,1.0,13.661619649805445,0.5683334143968871,0.005025972762645914,0.5766006322957198,8.749990272373541,19.949523346303504,14.183861867704278,7.893925097276265,1.1866926070038912,2.2829182879377434,16.92762159533074,17.051011673151752,23.7,23.1,46.599999999999994,0.1091929961089494,-1.9180544747081714,0.020515564202334618,-1.8915564202334632,0.6000000000000001,6.379192607003891,13.182670233463032,0.01333171206225681,0.06011186770428016,6.365860894941634,13.114513618677044,6.029372568093385,7.499421206225681,3.8827091439688717,8.343667315175097,12.225739299610895,2.820875486381323,1.1866926070038912,1.8089980544747082,3.3813813229571985,7.411750972762646,18.794285019455252,109.96916342412452,106.77198443579766,0.0,0.0,0.0,13.0,87.0,-1.6,-0.4,10.0,5.0,36.0,3.0,22.0,,30.0,3.0,11.0,13.0,0.367,0.108,0.092,0.425,0.008,0.432,0.154,0.364,0.431,0.702,0.0,0.008,1.0,0.0,0.0,0.0,0.0,0,0,0,0.0,0.0,0.0,0,0,0,0,0,0,0,0,0,0,0,0.0,0,0.0,0,0.0,0,0.0,0,0.0,,,1982,1999,16,0.9919999999999999
Buck Williams,willibu01,80,215.0,1960-03-08,Maryland,1982,1997,1981-10-30T00:00:00Z,False,16,NBA,"NJN, POR, NYK",PF,1266,1134.0,32.95892575039495,4.999210110584518,9.093206951026856,0.549774148714385,0.0039494470774091624,0.023696682464454975,0.16666666666666666,4.995260663507109,9.069510268562402,0.5507751262846194,0.5499913134120917,3.095576619273302,4.666666666666667,0.663337846987136,3.513428120063191,6.6240126382306475,10.137440758293838,1.283570300157978,0.839652448657188,0.8570300157977883,2.169036334913112,3.296998420221169,13.097946287519747,41726.0,6329,11512,5.0,30.0,6324.0,11482.0,3919,5908,4448.0,8386.0,12834.0,1625,1063.0,1085.0,2746.0,4174.0,16582,0.0,15.395252360638452,0.5875209941043954,0.0024968365048171405,0.5105266021185831,11.815366917509465,22.84089296841298,17.244715525092268,5.466848008435988,1.2288597037818145,1.5960000958634903,16.119745482433014,16.446783779897427,57.400000000000006,60.6,118.0,0.13567545415328572,0.034587547332598396,0.006911757657096286,0.046707089105114306,21.5,7.26060010544984,13.211031491156593,0.004007093898288837,0.03178833341321958,7.2565930115515505,13.156954896227772,4.501116809663039,6.765740785121986,5.113742031347361,9.607149019795811,14.727836361021906,1.8587571298470977,1.2288597037818145,1.2494439917557398,3.1432679863873845,4.814669510616882,19.015954081388106,113.08009394622059,104.08416814456214,0.0,0.0,4.0,87.0,8.0,6.7,4.0,21.0,13.0,87.0,19.0,83.0,,122.0,15.0,24.0,7.3,0.613,0.264,0.083,0.037,0.0030000000000000005,0.575,0.488,0.37,0.667,0.64,0.0,0.083,25.0,0.0,0.0,0.0,0.0,0,0,3,0.134875,0.028125,0.0568125,2,4,9,0,1,0,6,1,0,1,0,0.0039375,1,0.478,0,0.0,0,0.0,0,0.0028666666666666662,,,1982,1998,16,0.997
Herb Williams,willihe01,83,260.0,1958-02-16,Ohio State,1982,1997,1981-10-30T00:00:00Z,False,16,NBA,"IND, DAL, NYK, TOR, NYK",C,1069,607.0,26.44714686623012,4.691300280636108,10.037418147801684,0.467381174277726,0.007483629560336763,0.07857811038353602,0.09523809523809523,4.683816651075772,9.958840037418147,0.4703174901371407,0.4677539608574091,1.7390084190832553,2.4929840972871844,0.697560975609756,1.510757717492984,4.545369504209542,6.056127221702526,1.7324602432179608,0.5603367633302152,1.4911131898971002,1.7979420018709074,2.656688493919551,11.129092609915809,28272.0,5015,10730,8.0,84.0,5007.0,10646.0,1859,2665,1615.0,4859.0,6474.0,1852,599.0,1594.0,1922.0,2840.0,11897,0.0,13.677447651386531,0.49624497736276174,0.007917515563101302,0.24535558149405773,6.26211092246746,18.893385681946803,12.550042444821731,9.730970571590266,1.0313879456706283,3.369022354272779,13.803685625353708,20.401301641199773,-1.1999999999999997,36.8,35.8,0.060945140067911706,-1.570235568760611,0.6722516977928693,-0.9004385964912283,7.9,8.599798387096774,18.415800084889643,0.0020196661007357104,0.13826754385964912,8.58972481607244,18.2877688172043,3.169478636106395,4.551627051499716,2.7812181663837015,8.356313667232598,11.126075268817205,3.144358375778155,1.0313879456706283,2.735625353706848,3.276439586870402,4.930118138087153,20.385660724391624,98.12991652518393,105.11806734578381,0.0,0.0,0.0,6.0,94.0,-12.0,-17.0,2.0,1.0,12.0,0.0,1.0,,11.0,0.0,2.0,11.0,0.152,0.326,0.4129999999999999,0.087,0.022,0.42899999999999994,0.6,0.158,0.75,0.833,0.0,0.0,0.0,0.0,0.0,0.0,0.0,0,0,0,0.0,0.0,0.0028125,0,0,0,0,0,0,0,0,0,1,0,0.0,0,0.0,0,0.0,0,0.0,0,0.0,,,1982,1999,16,0.978
Tom Chambers,chambto01,82,220.0,1959-06-21,Utah,1982,1998,1981-10-31T00:00:00Z,False,16,NBA,"SDC, SEA, PHO, UTA, CHH, PHI",PF,1107,743.0,30.643179765130984,6.664859981933152,14.226738934056007,0.4684741888373865,0.2050587172538392,0.6684733514001807,0.30675675675675673,6.459801264679314,13.558265582655826,0.4764474648544207,0.4756809956187694,4.576332429990966,5.667570009033423,0.8074593560726809,1.7542908762420957,4.300813008130081,6.055103884372177,2.062330623306233,0.7994579945799458,0.5663956639566395,2.3026196928635954,3.3803071364046975,18.11111111111111,33922.0,7378,15749,227.0,740.0,7151.0,15009.0,5066,6274,1942.0,4761.0,6703.0,2283,885.0,627.0,2549.0,3742.0,20049,0.0,16.518327339189906,0.540955309238842,0.04522590059548376,0.3998830552443841,6.502210954542774,15.66914981427982,11.154472024055185,10.095071045339308,1.250734036908201,1.0984641235776194,12.123518660456341,25.43801957431755,46.7,32.3,79.0,0.11174264489122104,0.3124226165910029,-0.8917133423736807,-0.5983255704262721,12.0,10.411367254289253,22.22818524851129,0.31592476858675783,1.0389923943163728,10.093355344614116,21.196105772065327,7.157352160839573,8.837733624196686,2.737141088379223,6.733341194505041,9.473058781911444,3.2236070986380523,1.250734036908201,0.8760332527563234,3.595802134308119,5.3075408289605575,28.300495253817587,108.24450209303697,108.07708861505807,0.0,0.0,0.0,62.236559139784944,37.763440860215056,-29.137634408602153,-32.75268817204301,1.0,4.0,8.0,3.0,2.0,,8.0,0.0,5.0,11.866666666666665,0.5722903225806452,0.058010752688172046,0.11512903225806452,0.16889247311827957,0.08656989247311828,0.2565698924731183,0.0,0.22311827956989247,0.33064516129032256,0.821505376344086,0.8924731182795699,0.0,0.0,0.0,0.0,0.0,0.0,0,0,4,0.0,0.057749999999999996,0.0284375,0,0,0,0,2,2,3,0,0,1,0,0.0023125,0,0.0,0,0.0007142857142857143,0,0.0,0,0.0,,,1982,1998,16,0.9134301075268817
Terry Cummings,cummite01,81,220.0,1961-03-15,DePaul,1983,1998,1982-11-05T00:00:00Z,False,16,NBA,"SDC, MIL, SAS, MIL, SEA, NYK, PHI",PF,1111,815.0,29.243024302430243,7.005400540054006,14.425742574257425,0.4856180195919386,0.0387038703870387,0.1332133213321332,0.2905405405405405,6.966696669666967,14.292529252925293,0.48743623653882484,0.4869595058339053,2.891989198919892,4.102610261026102,0.7049144361562089,2.738973897389739,4.702970297029703,7.441944194419442,1.9000900090009,1.0765076507650766,0.5688568856885688,1.9036903690369036,3.234923492349235,16.941494149414943,32489.0,7783,16027,43.0,148.0,7740.0,15879.0,3213,4558,3043.0,5225.0,8268.0,2111,1196.0,632.0,2115.0,3594.0,18822,1.0,18.41937886669334,0.5198313275262397,0.009277847886977131,0.28222752316168553,10.625688694635107,18.17823878851304,14.389411800917232,10.501089599556774,1.7979131398319432,1.1924774539074765,10.521801225030009,25.73226014958909,44.400000000000006,43.599999999999994,88.3,0.1301647018991043,1.146344916741051,-0.4358182769552772,0.7008833759118471,22.2,11.68369602019145,24.097109791006186,0.05996491120071408,0.21873249407491765,11.626279663886239,23.869885191911106,4.816787220289944,6.829225276247345,4.583908399766074,7.885992181969282,12.482344793622458,3.1859860260395827,1.7979131398319432,0.9471144079534611,3.2019298839607253,5.459096925113116,28.251851395857056,108.00218535504325,104.8326202714765,0.0,0.0,0.0,56.73621460506706,43.26378539493294,1.3460506706408348,-2.866467958271237,42.0,19.0,123.0,10.0,84.0,,199.0,22.0,47.0,10.646795827123697,0.2696944858420268,0.20465275707898659,0.3139016393442623,0.2029925484351714,0.0077585692995529075,0.5654828614008942,0.3917138599105812,0.4187019374068554,0.5282563338301044,0.6899359165424739,0.4113263785394933,0.013645305514157975,9.0,0.0,0.0,0.0,0.0,0,0,2,0.0,0.049375,0.0625,0,0,0,0,1,1,4,1,0,1,0,0.0126875,1,0.811,0,0.0,0,0.0,0,0.0,,,1983,2000,16,0.9922414307004471
Ricky Pierce,piercri01,76,205.0,1959-08-19,"Walla Walla Community College, Rice University",1983,1998,1982-11-05T00:00:00Z,False,16,NBA,"DET, SDC, MIL, SEA, GSW, IND, CHH, DEN, MIL",SG,969,269.0,24.422084623323013,5.563467492260062,11.27450980392157,0.4934553775743707,0.30546955624355004,0.9494324045407637,0.3217391304347826,5.257997936016512,10.325077399380804,0.5092453773113443,0.5070022883295194,3.4974200206398347,3.99484004127967,0.8754843709635753,0.891640866873065,1.4778121775025799,2.369453044375645,1.8844169246646028,0.7925696594427245,0.15170278637770898,1.499484004127967,2.283797729618163,14.929824561403509,23665.0,5391,10925,296.0,920.0,5095.0,10005.0,3389,3871,864.0,1432.0,2296.0,1826,768.0,147.0,1453.0,2213.0,14467,0.0,17.74549334460173,0.5719970420452145,0.0837381364884851,0.35546008873864354,4.168168180857807,7.000718360447919,5.596568772448763,12.411358546376505,1.6090386646946966,0.4036129304880625,10.352355799704204,25.046114515106698,54.8,17.5,72.1,0.14631772660046483,1.9276357489964082,-0.8305598985844074,1.1260215508134375,18.5,11.259370378195648,22.860654975702516,0.6405366575110923,1.941115571519121,10.636915275723643,20.907470948658357,7.097633636171562,8.094663004436931,1.7887344179167548,3.0020367631523346,4.790124656665962,3.8431185294739065,1.6090386646946966,0.30955841960701463,3.0426706106063803,4.606646946968096,30.244783435453197,115.4728924572153,110.21614198182971,5.48581560283688,91.51418439716312,2.5224586288416075,0.0,0.0,-4.438416075650118,-3.051891252955083,37.0,20.0,54.0,11.0,82.0,,248.0,15.0,49.0,13.934278959810873,0.21081205673758865,0.12371040189125294,0.25139243498817965,0.2494692671394799,0.16487706855791961,0.4566607565011821,0.4895260047281324,0.47702364066193853,0.43270567375886526,0.5348699763593381,0.9822695035460993,0.0,0.0,0.19718439716312056,0.5738770685579196,0.0,0.0,0,0,1,0.0,0.000625,0.0,0,0,0,0,0,0,3,0,0,0,0,0.0,0,0.0,2,0.10726666666666666,0,0.0,0,0.0,,,1983,1998,16,0.8351229314420805
Dale Ellis,ellisda01,79,205.0,1960-08-06,Tennessee,1984,1999,1983-10-29T00:00:00Z,False,16,NBA,"DAL, SEA, MIL, SAS, DEN, SEA",SF,1167,584.0,29.31790916880891,6.218508997429306,12.952870608397602,0.48008732468907117,1.4413024850042846,3.5698371893744643,0.40374459913586175,4.777206512425021,9.383033419023135,0.5091324200913242,0.5357237364382111,2.253641816623822,2.8723221936589547,0.7846062052505967,1.3024850042844902,2.2493573264781492,3.551842330762639,1.484147386461011,0.8234790059982862,0.15681233933161953,1.5004284490145672,2.0865467009425878,16.13196229648672,34214.0,7257,15116,1682.0,4166.0,5575.0,10950.0,2630,3352,1520.0,2625.0,4145.0,1732,961.0,183.0,1751.0,2435.0,18826,0.0,16.144204126965572,0.5671777050330273,0.28961387151458473,0.2157566493248378,5.041976968492429,8.78616063599696,6.920468229379786,8.145443385748525,1.4110598000818377,0.3309522417723739,9.395455076869117,22.69095107266031,65.7,18.4,84.1,0.11805950780382302,2.1467381773542993,-1.4673087040392823,0.6874115859005087,23.099999999999998,10.57664114105337,22.08635061670661,2.4924621499970776,6.1593645875957215,8.091041678844919,15.906301514000116,3.824267843572806,4.837937686327235,2.192266323727129,3.866417256093997,6.045384930145554,2.5413251885193193,1.4110598000818377,0.25206348278482493,2.5395773659905303,3.5619132518851933,27.500447185362717,114.08709884842462,111.50023382241187,0.0,23.143184421534936,75.33791523482245,1.3172966781214204,0.0,-1.141122565864833,-2.0321878579610533,114.0,42.0,128.0,28.0,158.0,,651.0,23.0,81.0,18.530355097365405,0.12546048109965635,0.039473081328751436,0.06701832760595647,0.31184536082474223,0.4555681557846506,0.6127640320733104,0.5452096219931272,0.34593699885452456,0.44384879725085913,0.8142680412371134,0.9557571592210767,0.0027124856815578468,6.0,0.2052176403207331,0.4202577319587629,0.0,0.0,0,0,1,0.0,0.015,0.0,0,0,0,0,0,1,3,0,0,0,0,0.0,0,0.0,0,0.0113125,1,0.030214285714285714,0,0.0,,,1984,2000,16,0.5444318442153494
Derek Harper,harpede01,76,185.0,1961-10-13,Illinois,1984,1999,1983-10-29T00:00:00Z,False,16,NBA,"DAL, NYK, DAL, ORL, LAL",PG,1199,883.0,31.514595496246873,5.163469557964971,11.162635529608007,0.46256724447101016,0.8924103419516264,2.523769808173478,0.3536021150033047,4.271059216013344,8.638865721434529,0.4944004634099247,0.502540346682606,2.1301084236864054,2.8573811509591325,0.7454757734967893,0.5804837364470392,1.8248540450375312,2.4053377814845707,5.485404503753128,1.6321934945788157,0.2535446205170976,1.9466221851542953,2.2977481234361967,13.349457881567973,37786.0,6191,13384,1070.0,3026.0,5121.0,10358.0,2554,3426,696.0,2188.0,2884.0,6577,1957.0,304.0,2334.0,2755.0,16006,0.0,15.97364103106971,0.536529270100037,0.22879624728735512,0.2504153125496215,2.065394590589107,6.526051976922671,4.291232202403006,26.79532631133224,2.601151220028582,0.5021357116392314,13.773945376594506,19.696919493992485,53.3,33.4,86.8,0.11029997882813741,1.2481342296088498,0.511430159318266,1.7640819351082413,35.7,8.254075583549463,17.87665272852379,1.4559334144921399,4.087871169216111,6.822002858201451,13.789297623458424,3.39905785211454,4.556573863335627,0.9232096543693432,2.9322421002487693,3.833099560683851,8.763608214682687,2.601151220028582,0.40392208754565184,3.1128301487323347,3.6826920023289054,21.355544381516964,110.27687503308104,108.74972211930344,74.70280887841288,24.95128658416814,0.34590453741897464,0.0,0.0,-3.3258691809074836,-0.24578668238067164,191.0,30.0,116.0,19.0,70.0,,1609.0,14.0,27.0,16.73675112944412,0.21338518955018662,0.02977902180318209,0.09967157729326262,0.3508367707719505,0.3065474366529169,0.5892225495973286,0.36141347475937935,0.3222581025338833,0.42249970536240433,0.49296346493812615,0.7578901983893145,0.0024282066391671576,4.0,0.17170163032802988,0.36615065802396385,0.0,0.0,0,0,0,0.0721875,0.0005,0.0,0,2,7,0,0,0,3,0,0,0,0,0.0,0,0.0,0,0.0,0,0.0007142857142857143,0,0.0028125,,,1984,1999,16,0.6934525633470832
Mark West,westma01,82,230.0,1960-11-05,Old Dominion,1984,1999,1983-10-29T00:00:00Z,False,16,NBA,"DAL, MIL, CLE, PHO, DET, CLE, IND, ATL",C,1068,546.0,18.807116104868914,2.3623595505617976,4.067415730337078,0.5808011049723757,0.0,0.003745318352059925,0.0,2.3623595505617976,4.063670411985019,0.5813364055299539,0.5808011049723757,1.1217228464419475,1.9747191011235956,0.5680417259364627,1.6657303370786516,3.311797752808989,4.977528089887641,0.398876404494382,0.30337078651685395,1.3099250936329587,1.1254681647940075,2.9147940074906367,5.846441947565543,20086.0,2523,4344,0.0,4.0,2523.0,4340.0,1198,2109,1779.0,3537.0,5316.0,426,324.0,1399.0,1202.0,3113.0,6244,0.0,12.03760828437718,0.5914844170068705,0.0007617743702081052,0.49170785621826146,10.190580503833516,19.18744399083939,14.794130239968139,2.91138604002788,0.7926515981280494,4.23664243751867,18.587339440406254,13.536577715821963,14.1,27.7,41.7,0.09980986756945137,-2.6053519864582295,0.8693916160509809,-1.7402519167579407,1.1000000000000005,6.1174151150054765,10.568809120780642,0.0,0.01105745295230509,6.1174151150054765,10.557751667828338,2.9060937966743006,5.106561784327392,4.330518769292044,8.566314846161506,12.887812406651397,1.0339141690729863,0.7926515981280494,3.4044259683361546,2.923543761824156,7.596355670616349,15.13560191177935,107.93483023001096,104.78034451857015,0.0,0.0,0.0,7.5962891874600125,92.47088931541907,0.04056301983365358,-3.844593730006398,13.0,12.0,135.0,17.0,46.0,,75.0,7.0,32.0,6.36973768394114,0.511551503518874,0.44553678822776716,0.031259117082533594,0.012333333333333333,0.0,0.5769136276391554,0.4072258477287268,0.36813819577735124,0.38643634037108127,0.5864811260396673,0.0,0.1403736404350608,36.0,0.0,0.0,0.0,0.0,0,0,0,0.0,0.0,0.0,0,0,0,0,0,0,0,0,0,0,0,0.0,0,0.0,0,0.0,0,0.0007857142857142856,0,0.0,,,1984,2000,16,1.0
Charles Barkley,barklch01,78,252.0,1963-02-20,Auburn,1985,2000,1984-10-26T00:00:00Z,True,16,NBA,"PHI, PHO, HOU",PF,1073,1012.0,36.654240447343895,7.861136999068034,14.543336439888163,0.5405318808074335,0.5013979496738118,1.8825722273998136,0.26633663366336635,7.359739049394221,12.66076421248835,0.5813029076186971,0.5577699455302788,5.917054986020503,8.054986020503263,0.7345828994562074,3.9701770736253494,7.7222739981360675,11.692451071761417,3.928238583410997,1.5358807082945014,0.8275862068965517,3.146318732525629,3.0633737185461323,22.140726933830383,39330.0,8435,15605,538.0,2020.0,7897.0,13585.0,6349,8643,4260.0,8286.0,12546.0,4215,1648.0,888.0,3376.0,3287.0,23757,20.0,24.63824052885838,0.6115220188151538,0.12611688278667682,0.5586798372743452,12.523714721586575,23.70561912026443,18.19667937960844,17.4959649122807,2.086086956521739,1.3966259852529874,14.952766336130182,24.760737350622936,123.39999999999999,54.0,177.1,0.21625113145181793,5.364975845410628,0.7622578184591914,6.122484108822781,80.60000000000001,10.699150775489448,19.823882532418004,0.6919679633867276,2.5743300279684718,10.030444952962116,17.251769641495045,8.074202898550725,10.989488939740655,5.418749046529367,10.541477243834223,15.982079837274345,5.358077803203662,2.086086956521739,1.1210017798118486,4.2773201118738875,4.16584032545131,30.170348334604622,119.13760488176965,104.38471904398678,0.0,0.0,11.708346358236948,85.83760550171928,2.692560175054705,4.452485151609878,6.117802438261958,231.0,74.0,176.0,42.0,519.0,,1709.0,114.0,175.0,10.761753673022822,0.410757424195061,0.18098186933416693,0.1613508909034073,0.09112222569552986,0.15582416380118785,0.6635953422944671,0.4137794623319787,0.34625851828696463,0.45392810253204124,0.37303610503282275,0.5378166614567053,0.06398968427633636,130.0,0.2791301969365427,0.30035542356986555,7.0,1.0,0,0,11,0.0034999999999999996,0.4784375,0.0483125,0,0,2,5,10,8,14,1,0,1,1,0.15231250000000002,0,0.0,0,0.0,0,0.016666666666666666,0,0.0,,,1985,2000,16,0.8441758361988122
Antoine Carr,carran01,81,225.0,1961-07-23,Wichita State,1985,2000,1984-10-26T00:00:00Z,False,16,NBA,"ATL, SAC, SAS, UTA, HOU, VAN",PF,987,168.0,20.040526849037487,3.711246200607903,7.381965552178318,0.5027449903925336,0.0060790273556231,0.04660587639311044,0.13043478260869565,3.7051671732522795,7.335359675785208,0.5051104972375691,0.5031567389514137,1.8682877406281662,2.3951367781155017,0.7800338409475466,1.166160081053698,2.2624113475177303,3.4285714285714284,1.1003039513677813,0.3657548125633232,0.9371833839918946,1.2026342451874368,3.103343465045593,9.296859169199594,19780.0,3663,7286,6.0,46.0,3657.0,7240.0,1844,2364,1151.0,2233.0,3384.0,1086,361.0,925.0,1187.0,3063.0,9176,0.0,14.147901921132457,0.5502314964610718,0.006369868554095046,0.3235501516683519,6.742350859453994,12.761673407482306,9.79196157735086,8.708003033367037,0.9294691607684531,3.1106976744186046,12.530080889787664,20.94082406471183,21.8,20.3,42.099999999999994,0.1019999494438827,-1.3296612740141556,0.13372598584428713,-1.180060667340748,4.0,9.400010111223459,18.71041456016178,0.009555106167846309,0.1051567239635996,9.381976744186046,18.59261880687563,4.725374115267947,6.058351870576339,2.9550101112234577,5.720642062689586,8.64464105156724,2.7825581395348835,0.9294691607684531,2.366526794742164,3.0226390293225482,7.855252780586451,23.53028816986855,107.99732052578362,107.63124368048534,0.0,0.0,26.053785542994177,63.9571771154505,9.936964713943132,-1.963549160671463,-10.228982528263105,54.0,30.0,229.0,25.0,103.0,,299.0,25.0,51.0,11.220178143199725,0.21957279890373416,0.24024665981500512,0.23746454265159297,0.29917368961973273,0.003990407673860911,0.5706084275436795,0.43444946899623155,0.37989448441247003,0.48575779376498807,0.7150849606029462,0.0,0.04627475162726961,41.0,0.05207262761219596,0.0,0.0,0.0,0,0,0,0.0,0.0,0.0,0,0,0,0,0,0,0,0,0,0,0,0.0,0,0.0,0,0.0025,0,0.0,0,0.0,,,1985,2000,16,0.9960095923261391
John Stockton,stockjo01,73,170.0,1962-03-26,Gonzaga,1985,2000,1984-10-26T00:00:00Z,True,16,NBA,UTA,PG,1258,1054.0,32.21462639109698,4.77027027027027,9.21462639109698,0.5176846100759144,0.5802861685214626,1.5206677265500794,0.3815995818086775,4.1899841017488075,7.6939586645469,0.5445810517615456,0.5491718426501035,3.2186009538950717,3.90302066772655,0.824643584521385,0.6375198728139905,2.0333863275039747,2.670906200317965,10.961844197138316,2.260731319554849,0.20190779014308427,2.9022257551669317,2.666931637519873,13.339427662957075,40526.0,6001,11592,730.0,1913.0,5271.0,9679.0,4049,4910,802.0,2558.0,3360.0,13790,2844.0,254.0,3651.0,3355.0,16781,0.0,21.852006119528205,0.6102424122785373,0.16302139367319743,0.42528742042145773,2.400032078172038,7.038612248926615,4.815789863297637,50.80603069634308,3.528635937422889,0.4177096185165079,21.032448304791984,18.788168089621475,120.0,57.300000000000004,177.1,0.20996794650347925,4.975961111385283,2.058397078418793,7.034444554113409,92.3,7.523029659971376,14.4906800572472,0.9121378867887283,2.4147658293441245,6.563041010709174,12.064556087450033,5.048349207915906,6.113875043182155,0.9892093964368552,3.1878818536248335,4.1772244978532305,17.158409416177268,3.528635937422889,0.32781671026007997,4.5464689335241575,4.155857967724423,20.952196121008733,120.66934807284213,104.00811824507723,100.0,0.0,0.0,0.0,0.0,10.35658445788739,11.093648208469055,497.0,90.0,207.0,59.0,207.0,,5177.0,58.0,139.0,13.318962308050256,0.3371444858073523,0.09180246626337832,0.13448231735691016,0.2513282922289437,0.18557933922754768,0.6524329920893439,0.3763024662633783,0.4613697068403909,0.5145293159609121,0.451902745463006,0.6089683573755236,0.0,0.0,0.04176803164262448,0.42315193113075844,1.0,0.0,0,0,10,0.12181249999999999,0.33968750000000003,0.0028125,0,5,10,2,8,10,13,0,0,1,0,0.010125,0,0.0,0,0.0,0,0.012533333333333334,0,0.0014375,,,1985,2003,16,0.8144206607724523
Kevin Willis,willike02,84,220.0,1962-09-06,Michigan State,1985,2001,1984-10-26T00:00:00Z,False,16,NBA,"ATL, MIA, GSW, HOU, TOR, DEN",PF,1219,875.0,29.447908121410993,5.526661197703035,11.302707136997538,0.4889679198722601,0.03281378178835111,0.1509433962264151,0.21739130434782608,5.493847415914684,11.151763740771123,0.492643813447109,0.4904195093627522,2.349466776045939,3.284659557013946,0.7152847152847153,3.1796554552912224,6.003281378178835,9.182936833470057,1.041017227235439,0.7235438884331419,0.5660377358490566,1.9442165709598032,3.14109926168991,13.43560295324036,35897.0,6737,13778,40.0,184.0,6697.0,13594.0,2864,4004,3876.0,7318.0,11194.0,1269,882.0,690.0,2370.0,3829.0,16378,0.0,15.895748948380087,0.5263418112934228,0.012908961751678414,0.29152491851686774,11.949533387191131,23.009780761623535,17.440159344792043,5.670610357411483,1.2309301612948156,1.2693149845390979,13.273092458979859,21.3570771930802,34.2,43.3,77.7,0.10358932501323231,-0.6422152268991838,-1.3481070841574505,-1.9793743209738976,-0.10000000000000012,9.45072847313146,19.37010613700309,0.055954536590801456,0.25015182327213975,9.409791904615984,19.108830821517117,4.037189737303953,5.627837980889768,5.43462684904031,10.263164052706356,15.708251385909685,1.7935008496531741,1.2309301612948156,0.9691199821712121,3.317686714767251,5.386433406691367,23.014619606095216,105.65813299161489,105.54595091511825,0.0,0.0,0.18216339372897905,30.88249972876207,68.93533687750895,-2.193414343061734,-4.739437995009222,140.0,136.0,319.0,115.0,420.0,,757.0,85.0,213.0,8.831007920147554,0.2999895844634914,0.3398280351524357,0.23432483454486275,0.11648139307800802,0.009193989367473147,0.6404825865248996,0.40151350764890964,0.34800737767169354,0.4020660735597266,0.6370258218509277,0.18216339372897905,0.06357090159487903,209.0,0.25708202235000543,0.25312053813605295,7.0,0.0,0,0,1,0.0165625,0.0149375,0.0028125,0,0,4,0,0,1,4,0,0,1,0,6.25e-05,0,0.0,0,0.0,0,0.019466666666666667,0,0.0,,,1985,2007,16,0.9908060106325268
Jerome Kersey,kerseje01,79,215.0,1962-06-26,Longwood University,1985,2000,1984-10-27T00:00:00Z,False,16,NBA,"POR, GSW, LAL, SEA, SAS",SF,1131,569.0,24.64367816091954,4.147656940760389,8.927497789566756,0.464593443597108,0.05128205128205128,0.2537577365163572,0.20209059233449478,4.096374889478338,8.673740053050398,0.4722731906218145,0.4674655838367832,2.0450928381962865,2.9602122015915118,0.6908602150537635,2.053050397877984,3.5119363395225465,5.56498673740053,1.8735632183908046,1.259946949602122,0.6993810786914235,1.394341290893015,3.0229885057471266,10.391688770999115,27872.0,4691,10097,58.0,287.0,4633.0,9810.0,2313,3348,2322.0,3972.0,6294.0,2119,1425.0,791.0,1577.0,3419.0,11753,1.0,14.901984070034443,0.5030729405855339,0.031040004305396093,0.32594521383467273,9.185512342135477,15.86103257749713,12.50947545924225,10.842989380022962,2.480690298507463,1.7861509758897818,12.021153846153846,19.225523823191736,26.1,42.9,69.1,0.11889455367393799,-0.5372022101033296,1.272000574052813,0.7264207807118255,19.2,8.090513777267509,17.460795780711827,0.08792695177956371,0.50976607347876,7.975800086107922,16.942027841561423,3.9557871699196325,5.73349239380023,4.015061710677382,6.890187284730195,10.90362012055109,3.6548794489092993,2.480690298507463,1.3615779276693454,2.73310490815155,5.94003659586682,20.19970938576349,106.56328932261768,103.15323622273249,0.0,0.6264470169189671,86.05899376669635,13.606188780053428,0.0,6.15006678539626,-0.8442341941228851,103.0,30.0,263.0,17.0,98.0,,538.0,20.0,49.0,14.401335707925199,0.2176912288512912,0.09930587711487088,0.11970614425645593,0.48140360641139807,0.08205276046304542,0.4712531166518255,0.3498352626892253,0.36675934995547643,0.43891696349065,0.7694748441674086,0.661979519145147,0.019710596616206586,22.0,0.15939692787177204,0.09757836153161176,2.0,0.0,1,0,0,0.0058125,0.000125,0.0,0,0,2,0,0,0,1,0,0,0,0,0.0,0,0.0,0,0.0,0,0.0042,0,0.0,,,1985,2001,16,0.9179472395369546
Hakeem Olajuwon,olajuha01,84,255.0,1963-01-21,Houston,1985,2000,1984-10-27T00:00:00Z,True,16,NBA,HOU,C,1119,1094.0,36.90705987488829,9.179624664879357,17.87756925826631,0.513471632091977,0.022341376228775692,0.10813226094727435,0.2066115702479339,9.15728328865058,17.769436997319033,0.5153389660028164,0.5140964758810297,4.694369973190349,6.558534405719392,0.7157650906117999,3.4066130473637175,8.167113494191241,11.57372654155496,2.609472743521001,1.8033958891867738,3.2636282394995533,3.117068811438785,3.6595174262734584,23.075960679177836,41299.0,10272,20005,25.0,121.0,10247.0,19884.0,5253,7339,3812.0,9139.0,12951.0,2920,2018.0,3652.0,3488.0,4095.0,25822,14.0,24.005532821617958,0.5550648683987506,0.005905542507082496,0.36723729388120774,10.412784813191601,23.883261095910306,17.367611806581273,12.362209738734594,2.40928836049299,5.459819850359573,13.077791229811858,27.571294704472262,66.69999999999999,88.9,155.5,0.18093430833676363,2.358495363083852,2.524434005665997,4.887781786483934,71.79999999999998,12.31506574009056,23.986931886970627,0.03284098888592944,0.15791181384537156,12.28899731228359,23.83981452335408,6.2983389428315455,8.761798106491682,4.515760672171239,10.969004092108769,15.472829850601707,3.5259352526695555,2.40928836049299,4.360354972275357,4.190912612896196,4.895702075110777,30.952841473159154,108.65313930119373,97.97324390421076,0.0,0.0,0.0,0.0,100.0,3.3645941514074886,3.266384257993987,250.0,166.0,367.0,33.0,430.0,,1307.0,99.0,178.0,9.560426345996174,0.26043386171085,0.3071951352828642,0.28674132276578296,0.134896419786827,0.010507515714676141,0.644325362120798,0.4809856518174365,0.42919691172451485,0.4215303361574201,0.7020221371959551,0.5725608089641979,0.045048783820716046,125.0,0.1537447389997267,0.1948619841486745,2.0,0.0,2,2,12,0.372,0.500625,0.0625,5,9,12,6,9,9,14,1,0,1,1,0.163125,0,0.263,0,0.0,0,0.0,2,0.12306249999999999,,,1985,2002,16,0.9894924842853239
Sam Perkins,perkisa01,81,235.0,1961-06-14,UNC,1985,2000,1984-10-27T00:00:00Z,False,16,NBA,"DAL, LAL, SEA, IND",PF,1222,716.0,29.131751227495908,4.428805237315876,9.621931260229132,0.46028236094573904,0.6636661211129297,1.8314238952536825,0.3623771224307417,3.765139116202946,7.79050736497545,0.4832983193277311,0.4947695186256166,2.820785597381342,3.4811783960720133,0.810296191819464,1.8756137479541735,4.260229132569558,6.1358428805237315,1.5826513911620295,0.8772504091653028,0.7487725040916531,1.2823240589198035,2.5499181669394435,12.342062193126022,35599.0,5412,11758,811.0,2238.0,4601.0,9520.0,3447,4254,2292.0,5206.0,7498.0,1934,1072.0,915.0,1567.0,3116.0,15082,1.0,15.658105564763055,0.5533522009045198,0.19561847242900082,0.35990398606702434,7.386881653979044,16.434366133880165,11.983586617601617,7.991173909379478,1.5181859040984298,1.6266805247338407,10.299646057473524,18.424584960251693,61.50000000000001,41.900000000000006,103.30000000000001,0.1393453467794039,1.0493131829545774,0.1112081800050563,1.1445995674035787,28.299999999999997,7.644169780050003,16.61338801651732,1.1664316413382398,3.235947638978623,6.469310935700441,13.389749712070564,4.871962695581336,6.016239220202815,3.231349195202112,7.335840894407146,10.574752099778083,2.724767549650271,1.5181859040984298,1.2905053512739122,2.201648922722548,4.404345627686171,21.317253293631843,114.91314362762999,106.19860108430012,0.0,0.0,0.801980198019802,44.31237623762376,54.885643564356435,9.54947194719472,3.134174917491749,110.0,55.0,244.0,25.0,217.0,,731.0,35.0,63.0,16.51970297029703,0.1552201320132013,0.18462359735973596,0.07061782178217821,0.11588465346534653,0.4731100660066007,0.5308800330033003,0.4146173267326732,0.39614785478547854,0.4067424092409241,0.5289082508250825,0.9554026402640263,0.006658415841584158,10.0,0.14430511551155117,0.4847894389438943,3.0,0.0,0,0,0,0.028437499999999998,0.0,0.042625,0,0,7,0,0,0,0,1,0,1,0,0.0,0,0.0,0,0.0021875,0,0.0,0,0.0008125,,,1985,2001,16,0.5268899339933995
Otis Thorpe,thorpot01,82,248.0,1962-08-05,Providence,1985,2000,1984-10-27T00:00:00Z,False,16,NBA,"KCK, SAC, HOU, POR, DET, SAC, VAN, WAS, MIA",PF,1208,985.0,32.4296357615894,5.639900662251655,10.316225165562914,0.5467019740009629,0.0024834437086092716,0.052980132450331126,0.046875,5.637417218543046,10.263245033112582,0.549282142281013,0.5468223399133365,3.1730132450331126,4.625827814569536,0.6859341445955619,2.8112582781456954,5.6531456953642385,8.464403973509933,2.2359271523178808,0.6854304635761589,0.40894039735099336,2.269867549668874,3.3427152317880795,14.455298013245033,39175.0,6813,12462,3.0,64.0,6810.0,12398.0,3833,5588,3396.0,6829.0,10225.0,2701,828.0,494.0,2742.0,4038.0,17462,3.0,16.117158902361197,0.5841112188895979,0.005080255264837269,0.44487754945756225,9.900403318442883,19.257569878749205,14.637536694320357,10.621238034460752,1.0617179323548183,0.7894243777919592,15.570790044671348,19.292604977664325,61.5,43.9,105.6,0.12933192086790046,0.2739987236758137,-0.2849010848755584,-0.02833950223356732,19.5,8.663221442246329,15.8743178047224,0.0,0.06990172303765156,8.663221442246329,15.797649010848753,4.843481812380344,7.069100191448628,4.327400127632418,8.717493299298022,13.033345245692406,3.4341416719846842,1.0617179323548183,0.6435277600510529,3.4954971282705802,5.180048500319081,22.200234843650286,112.09603063178048,106.58437779195916,0.0,0.0,0.8601895734597157,53.88235294117647,45.47198215779203,-2.198689712851966,-4.199930303875105,195.0,72.0,399.0,95.0,302.0,,1069.0,76.0,127.0,8.353470867019793,0.4199172010036242,0.2640610538054084,0.16653052690270423,0.14392709785335936,0.005935043211597436,0.6739788123780319,0.41270936715918594,0.36465235572902144,0.4476830220239755,0.6882857541120715,0.0,0.1027025369389462,202.0,0.0,0.0,5.0,0.0,1,0,1,0.005875,0.004562500000000001,0.02275,0,0,4,0,0,0,4,0,0,1,0,0.0,0,0.0,0,0.0,0,0.004266666666666667,0,0.0,,,1985,2001,16,0.9940649567884027
Karl Malone,malonka01,81,250.0,1963-07-24,Louisiana Tech,1986,2001,1985-10-25T00:00:00Z,True,16,NBA,UTA,PF,1273,1268.0,37.31578947368421,9.509033778476041,18.163393558523172,0.5235273765245221,0.05734485467399843,0.21209740769835037,0.27037037037037037,9.451688923802042,17.951296150824824,0.5265184666549974,0.5251059596920682,6.783974862529458,9.19324430479183,0.7379304451849953,2.5498821681068344,7.887666928515318,10.437549096622153,3.4289080911233305,1.3723487824037706,0.8130400628436764,3.101335428122545,3.1649646504320503,25.859387274155537,47503.0,12105,23122,73.0,270.0,12032.0,22852.0,8636,11703,3246.0,10041.0,13287.0,4365,1747.0,1035.0,3948.0,4029.0,32919,3.0,24.387158705765952,0.5809157105866998,0.011458918384102058,0.5059878323474307,8.265395869734542,23.742586783992593,16.3127044607709,16.804025008946805,1.8676525693114117,1.5056375386817675,12.284813590720587,29.857775298402203,127.80000000000001,81.79999999999998,209.39999999999998,0.21149443193061493,4.48055701745153,0.888099698966381,5.34912321327074,88.4,12.987920762899185,24.779999157947916,0.07960128833968382,0.2895311875039471,12.896158137380796,24.485569332463214,9.303757657411111,12.567395743426731,3.4496979138159696,10.772675409974108,14.216422120708165,4.708572090183778,1.8676525693114117,1.1097993810917206,4.216952613519146,4.295326610950887,35.332202176704634,113.3896596004463,101.11835041997348,0.0,0.0,11.025543716245803,75.85622536855934,13.333309005984528,9.231484454824113,14.784702963071085,638.0,124.0,411.0,192.0,1342.0,,3307.0,339.0,374.0,10.858422128156475,0.34479572325207997,0.10603306086702671,0.2269077506933294,0.3171343599474529,0.00468916946431178,0.6723916216610715,0.40678769522697417,0.39648190045248877,0.4823431615822508,0.7900775069332944,0.5369289154867902,0.030982776237045682,201.0,0.03692964530725442,0.0,1.0,0.0,0,0,13,0.1544375,0.7480625000000001,0.0483125,3,4,11,11,13,13,15,1,0,1,2,0.2685625,0,0.186,0,0.0,0,0.0021874999999999998,0,0.000625,,,1986,2004,16,0.9953108305356883
Charles Oakley,oaklech01,81,225.0,1963-12-18,Virginia Union University,1986,2001,1985-10-25T00:00:00Z,False,16,NBA,"CHI, NYK, TOR",PF,1176,1122.0,32.61734693877551,4.00765306122449,8.451530612244898,0.4741925747057048,0.05697278911564626,0.22363945578231292,0.25475285171102663,3.9506802721088436,8.227891156462585,0.4801570897064903,0.47756313512425796,2.232142857142857,2.937074829931973,0.759988419224088,3.244047619047619,6.747448979591836,9.991496598639456,2.602891156462585,1.0960884353741496,0.3120748299319728,2.2755102040816326,3.5272108843537415,10.304421768707483,38358.0,4713,9939,67.0,263.0,4646.0,9676.0,2625,3454,3815.0,7935.0,11750.0,3061,1289.0,367.0,2676.0,4148.0,12118,3.0,13.681239897804891,0.5284676729756504,0.025196412743104437,0.34631672662808277,11.44205902288962,23.612518900881174,17.52184681161687,11.856681787371604,1.6924031492778562,0.6394285416340789,18.87819490067261,16.002056937275142,27.5,61.5,88.9,0.11134589916054016,-0.9546196360602743,0.6888184994003859,-0.25995359507794985,16.6,6.259880598571353,13.218976484696801,0.09072683664424631,0.35276865321445333,6.169153761927108,12.863473069503103,3.4656968559361805,4.549124041920851,5.041566296470098,10.560133479326346,15.611841076177068,4.09080765420512,1.6924031492778562,0.4798581782157569,3.5576828823192033,5.541026643724908,16.060949475989364,105.48970227853381,102.0016424213984,0.0,0.0,2.06094227367744,77.8251326579836,20.400546711689984,2.3046711689982313,0.7658626788872809,486.0,69.0,684.0,36.0,195.0,,2455.0,43.0,94.0,15.17071876507477,0.17535689017526934,0.05774015114970252,0.12908731307284127,0.5998818137964304,0.03824481427882296,0.5240467920887603,0.3027257597684515,0.3342194082649944,0.44898134748351826,0.8476834700112559,0.6286543656536421,0.0015833735327223028,3.0,0.18045320791123973,0.3733116256632899,0.0,0.0,0,0,1,0.10750000000000001,0.0061875,0.0369375,1,2,9,0,0,0,4,1,0,1,0,0.0,0,0.038,0,0.0,0,0.0,0,0.001875,,,1986,2004,16,0.9617551857211771
Terry Porter,portete01,75,195.0,1963-04-08,University of Wisconsin-Stevens Point,1986,2001,1985-10-25T00:00:00Z,False,16,NBA,"POR, MIN, MIA, SAS",PG,1202,732.0,28.336106489184694,4.402662229617304,9.495008319467553,0.46368176640672915,1.0299500831946755,2.67720465890183,0.38471100062150404,3.372712146422629,6.8178036605657235,0.4946918852959121,0.5179181634977658,2.7995008319467556,3.3477537437603995,0.8362326043737575,0.5848585690515807,2.5,3.0848585690515806,5.786189683860233,1.2795341098169717,0.13727121464226288,2.1472545757071546,1.7587354409317804,12.63477537437604,34060.0,5292,11413,1238.0,3218.0,4054.0,8195.0,3365,4024,703.0,3005.0,3708.0,6955,1538.0,165.0,2581.0,2114.0,15187,7.0,17.316115678214917,0.5762810041103935,0.28352774515560775,0.35490631238990017,2.3016705813270697,9.84192601291838,6.064817968291251,29.129045801526715,2.186579565472695,0.3332442748091603,16.514219025249556,19.225334703464476,70.2,36.4,106.89999999999999,0.15065446271285965,2.4987786259541984,0.42236641221374044,2.919310041103934,42.1,7.577988843217851,16.360666470933648,1.8206283029947152,4.705992366412214,5.762897827363476,11.649078097475044,4.810199647680563,5.758529066353494,1.0083617146212567,4.330780974750441,5.336559013505579,9.885255431591311,2.186579565472695,0.2492337052260717,3.691338813857898,3.0367968291250733,21.75692601291838,115.46470933646506,106.5165883734586,50.79812734082397,49.00049937578027,0.3971285892634207,0.0,0.0,7.208913857677903,4.131872659176031,361.0,76.0,175.0,29.0,242.0,,2489.0,33.0,94.0,17.131098626716604,0.20073358302122343,0.05715705368289638,0.09796579275905119,0.21418027465667916,0.4297538077403246,0.5888444444444444,0.44442047440699134,0.36724107365792763,0.4462433208489388,0.39388926342072417,0.734028963795256,0.0,0.0,0.26405443196004996,0.4379558052434457,5.0,0.0,0,0,2,0.0185,0.0059375,0.0028125,0,0,2,0,0,0,3,0,0,1,0,0.001625,0,0.0,0,0.0010625,0,0.002375,0,0.0,,,1986,2002,16,0.5702461922596753
Patrick Ewing,ewingpa01,84,240.0,1962-08-05,Georgetown,1986,2001,1985-10-26T00:00:00Z,True,16,NBA,"NYK, SEA",C,1118,1118.0,35.50357781753131,8.54561717352415,16.912343470483005,0.505288766659615,0.01699463327370304,0.11091234347048301,0.1532258064516129,8.528622540250447,16.801431127012524,0.5076128620102215,0.5057911994922784,4.738819320214669,6.399821109123435,0.740461215932914,2.407871198568873,7.738819320214669,10.146690518783542,1.9499105545617172,0.9964221824686941,2.5483005366726297,3.105545617173524,3.492844364937388,21.847048300536674,39693.0,9554,18908,19.0,124.0,9535.0,18784.0,5298,7155,2692.0,8652.0,11344.0,2180,1114.0,2849.0,3472.0,3905.0,24425,1.0,21.162089033330815,0.5519164840148137,0.0064778928274506825,0.3788378555412793,7.87293477439347,24.682291587937417,16.423565868037183,9.84680926107878,1.4297810697100246,4.761169475726198,13.66027259214471,28.128201446098807,44.9,80.19999999999999,125.10000000000001,0.15123097271559216,1.352825435215277,1.682221046532134,3.016607462272945,50.400000000000006,12.216602423601138,24.241546368377296,0.021855238959010405,0.1651248330939964,12.201758496460334,24.10031743632378,6.807895598720177,9.172834000957348,3.4393217947748975,11.158997808177764,14.598065150026454,2.794001461214824,1.4297810697100246,3.6339757639886123,4.438011740105308,4.991159650316177,31.262494646411206,105.55692439472955,98.79286020205073,0.0,0.0,0.0,0.0,100.0,2.6163779012749266,1.2001743489157677,240.0,222.0,384.0,106.0,666.0,,874.0,136.0,231.0,8.61721695543206,0.29645483273400897,0.334086629617522,0.2766146888961534,0.08817848970251715,0.004584831644328212,0.5958695652173913,0.4338768660782391,0.3925656532635938,0.42006973956630705,0.6176601285823253,0.31459082488830775,0.04152021357742181,159.0,0.3766340852130326,0.0,1.0,0.0,0,0,11,0.105625,0.25775000000000003,0.0596875,0,3,8,1,7,6,11,1,0,1,0,0.0889375,1,0.462,0,0.0,0,0.00075,0,0.006562500000000001,,,1986,2002,16,0.9954151683556719
A.C. Green,greenac01,81,220.0,1963-10-04,Oregon State,1986,2001,1985-10-26T00:00:00Z,False,16,NBA,"LAL, PHO, DAL, LAL, MIA",PF,1278,832.0,28.600938967136152,3.5555555555555554,7.200312989045384,0.49380569441425776,0.09702660406885759,0.3826291079812207,0.25357873210633947,3.458528951486698,6.817683881064163,0.507287960518765,0.5005433601391002,2.440532081377152,3.325508607198748,0.7338823529411764,2.624413145539906,4.787949921752738,7.412363067292644,1.0954616588419406,0.8082942097026604,0.4272300469483568,1.1220657276995305,1.9061032863849765,9.64866979655712,36552.0,4544,9202,124.0,489.0,4420.0,8713.0,3119,4250,3354.0,6119.0,9473.0,1400,1033.0,546.0,1434.0,2436.0,12331,0.0,14.433308710877656,0.553514554607135,0.05387724337929525,0.4588900196979645,10.619840227620925,18.678400634712187,14.707756073539064,5.433820310790107,1.4251614138761217,0.9180291092142702,11.488643576274896,14.752930072225869,58.2,41.199999999999996,99.4,0.13062852921864743,0.28275060188224993,-0.48347833223900194,-0.19902604508645222,16.7,6.2494719851170935,12.698087655942219,0.16234679360910484,0.6706199387174437,6.0719851170934565,12.010158130882033,4.283576822061721,5.839371306631648,4.6205132414094985,8.445409279929962,13.07781243160429,1.949132742394397,1.4251614138761217,0.7388049901510179,1.975574523965857,3.3411742175530756,16.949108119938717,115.90774786605384,106.15566863646312,0.0,0.09824561403508772,9.967676767676767,76.41052631578947,13.621796916533759,-2.877894736842104,-1.677830940988836,106.0,69.0,236.0,27.0,244.0,,763.0,55.0,145.0,12.09384370015949,0.3204046783625731,0.10801477937267412,0.18219489633173844,0.3680015948963318,0.02078234981392876,0.5696599681020734,0.36990930356193513,0.33458394471026054,0.46481552365762896,0.7305971291866028,0.205103668261563,0.024127060074428493,43.0,0.10185933014354068,0.0,7.0,1.0,3,0,1,0.027625,0.0,0.0,0,1,6,0,0,0,0,0,0,0,0,0.0,0,0.0,0,0.0,0,0.0,0,0.0,,,1986,2001,16,0.9792176501860712
Detlef Schrempf,schrede01,82,235.0,1963-01-21,Washington,1986,2001,1985-10-26T00:00:00Z,False,16,NBA,"DAL, IND, SEA, POR",SF,1136,524.0,29.574823943661972,4.753521126760563,9.678697183098592,0.49113233287858116,0.41813380281690143,1.0880281690140845,0.3843042071197411,4.335387323943662,8.590669014084508,0.5046623629470233,0.5127330604820373,3.948943661971831,4.91637323943662,0.8032229185317815,1.6470070422535212,4.535211267605634,6.182218309859155,3.374119718309859,0.7535211267605634,0.2746478873239437,1.9964788732394365,2.9577464788732395,13.87411971830986,33597.0,5400,10995,475.0,1236.0,4925.0,9759.0,4486,5585,1871.0,5152.0,7023.0,3833,856.0,312.0,2268.0,3360.0,15761,7.0,17.21909396672322,0.5846655951424234,0.11225913027948925,0.507594785248683,6.532883888442421,17.154689406792272,12.005604667083372,17.248063815221595,1.2899425543947376,0.6172515403160996,14.459288031669495,20.268354317349765,76.5,33.0,109.5,0.15645539780337533,1.9083519361847785,-0.09901776944370032,1.818129594904307,32.3,8.093972676131798,16.50923594368545,0.7182992529094859,1.8808197160460756,7.367711402803822,14.60184540286335,6.71624549810995,8.357624192636246,2.7995326963717,7.717575974045302,10.515176950322946,5.761916242521654,1.2899425543947376,0.4661398339137423,3.4059707711998093,5.0106408310265795,23.62713039854749,116.7426853588118,107.44816501473346,0.0,0.04532998401461521,59.86149805891756,39.187257364695135,0.5810687371546015,8.761749257821421,6.75126741265129,322.0,110.0,347.0,42.0,379.0,,2334.0,62.0,114.0,12.576638501941082,0.2637824845855218,0.19150079926923955,0.16150422470883763,0.21836241150947705,0.16512959579812744,0.6347830554921216,0.4205163279287508,0.3930401918246175,0.4536332496003654,0.656010733044074,0.9739914364010048,0.026184402831696735,64.0,0.1134717972139758,0.38809054578670926,2.0,0.0,0,0,3,0.00575,0.017875000000000002,0.0,0,0,4,0,0,1,6,0,0,0,0,6.25e-05,0,0.0,2,0.06537499999999999,0,0.0006875,0,0.0,,,1986,2001,16,0.8348704042018725
Chris Mullin,mullich01,79,215.0,1963-07-30,St. John's,1986,2001,1985-11-06T00:00:00Z,True,16,NBA,"GSW, IND, GSW",SF,986,822.0,32.61967545638945,6.835699797160244,13.431034482758621,0.508948123536963,0.8265720081135902,2.150101419878296,0.38443396226415094,6.009127789046653,11.280933062880324,0.5326800323653691,0.5397190968813713,3.667342799188641,4.237322515212981,0.8654858784107229,1.0405679513184585,3.050709939148073,4.0912778904665315,3.4989858012170387,1.5517241379310345,0.5567951318458418,2.347870182555781,2.079107505070994,18.16531440162272,32163.0,6740,13243,815.0,2120.0,5925.0,11123.0,3616,4178,1026.0,3008.0,4034.0,3450,1530.0,549.0,2315.0,2050.0,17911,5.0,18.783042626620652,0.5947994900973168,0.1762231446071573,0.3108589061965613,3.529269657681186,10.240272984485276,6.920178465939123,16.537400118148184,2.282287100083947,1.060557161956285,13.483064390759568,22.22062307620558,69.30000000000001,23.700000000000003,93.1,0.13877586046077792,2.9157354724372726,0.18878835929484192,3.131455399061033,41.6,10.018163728507911,19.71676149612909,1.2695986070951093,3.267220097627709,8.75359263750272,16.443382147187762,5.3470540683393954,6.171604017038211,1.5283244722196312,4.521748593103877,6.041286571526289,5.177281348132949,2.282287100083947,0.8242483599166744,3.454708826912912,3.122003544445481,26.652153095171467,115.21527842552001,109.63610359730124,0.4956706884315117,17.18552164655784,81.62555003548616,1.163804116394606,0.0,2.2800851667849535,3.4650816181689135,244.0,91.0,231.0,43.0,190.0,,1420.0,40.0,103.0,16.29653655074521,0.19624797728885734,0.05631738821859474,0.10226628814762241,0.29165251951738824,0.3528188786373314,0.7239388218594748,0.3491849538679915,0.4076897090134847,0.4815848119233499,0.6758611781405252,0.9282386089425124,0.0022486870120652946,5.0,0.2191048970901348,0.4710431511710433,0.0,0.0,0,0,5,0.0,0.09675,0.011375,0,0,0,1,3,4,5,0,0,1,0,0.0055000000000000005,0,0.0,0,0.0,0,0.0088125,0,0.0,,,1986,2001,16,0.6471811213626685
Tyrone Corbin,corbity01,78,210.0,1962-12-31,DePaul,1986,2001,1985-11-14T00:00:00Z,False,16,NBA,"SAS, CLE, PHO, MIN, UTA, ATL, MIA, SAC, ATL, SAC, TOR",SF,1065,458.0,25.96901408450704,3.6788732394366197,8.060093896713616,0.456430568499534,0.18591549295774648,0.6225352112676056,0.2986425339366516,3.492957746478873,7.437558685446009,0.46963767201110973,0.4679636533084809,1.6262910798122066,2.0572769953051644,0.7905066179826563,1.6206572769953052,3.1173708920187795,4.738028169014084,1.7784037558685446,1.1530516431924882,0.2535211267605634,1.2300469483568075,2.466666666666667,9.169953051643192,27657.0,3918,8584,198.0,663.0,3720.0,7921.0,1732,2191,1726.0,3320.0,5046.0,1894,1228.0,270.0,1310.0,2627.0,9766,1.0,13.12908486097552,0.5120084969447156,0.08450699642043606,0.2547302672017934,7.138055465162526,13.846566872762773,10.468568535994505,10.467585059840186,2.281292258741006,0.6495173012257295,12.01024333803377,17.14871461112919,23.9,33.0,56.5,0.09790722059514771,-0.8706331127743427,0.5893336225910258,-0.2817189138373649,12.0,7.283957045232672,16.00651914524352,0.37922768196116713,1.3189174530860182,6.8997071265863985,14.704602813031057,3.193701413746972,4.054210507285679,3.181194634269805,6.154177965795278,9.342188234443359,3.519282640922732,2.281292258741006,0.5084680189463788,2.4220233575586647,4.860444010557905,18.173569078352678,107.04385869761724,105.89094984994757,0.0,13.700757575757576,85.95314253647587,0.6530583613916947,0.0,7.365319865319864,6.391007295173963,127.0,43.0,238.0,34.0,119.0,,898.0,24.0,91.0,16.46693322109989,0.19184834455667787,0.05347081930415263,0.12017087542087541,0.3717384960718294,0.26253058361391696,0.54709455667789,0.3571546015712682,0.3067706228956229,0.45015502244668903,0.8315380190796857,0.9835858585858586,0.003778198653198653,6.0,0.05957239057239057,0.20305457351290684,0.0,0.0,0,0,0,0.0011875,0.0,0.0,0,0,1,0,0,0,0,0,0,0,0,0.0,0,0.0,0,0.000625,0,0.0,0,0.0,,,1986,2001,16,0.737469416386083
Dell Curry,curryde01,76,190.0,1964-06-25,Virginia Tech,1987,2002,1986-10-31T00:00:00Z,False,16,NBA,"UTA, CLE, CHH, MIL, TOR",SG,1083,99.0,21.744228993536474,4.6999076638965835,10.291782086795937,0.45666606854476943,1.149584487534626,2.860572483841182,0.40187217559715943,3.5503231763619576,7.431209602954755,0.47775844930417494,0.5125157006998026,1.149584487534626,1.3628808864265929,0.8434959349593496,0.5530932594644506,1.863342566943675,2.4164358264081254,1.76269621421976,0.9095106186518929,0.21975992613111728,1.1994459833795015,1.657433056325023,11.698984302862419,23549.0,5090,11146,1245.0,3098.0,3845.0,8048.0,1245,1476,599.0,2018.0,2617.0,1909,985.0,238.0,1299.0,1795.0,12670,0.0,15.967799057284811,0.5384676207057625,0.2901243364898722,0.13357531105354792,2.9253429020340564,9.772003057454668,6.334349653913118,13.489324387447448,2.10786020637819,0.662087562104548,9.941470975412969,24.175234617181196,24.1,17.5,41.400000000000006,0.08466537857233854,1.3803388678924795,-0.5043483799736719,0.8756677565926365,17.2,10.886080088326468,23.84385324217589,2.704798505244384,6.75891969935029,8.164873243025182,17.115423160219116,2.66076266508132,3.163314790436961,1.2705167947683553,4.316697099664529,5.590092997579515,4.075166673744108,2.10786020637819,0.5139878551106205,2.784232876130621,3.829423754724192,27.157284810395346,105.87761688394411,109.11270117627076,14.203795620437957,81.9356204379562,4.022189781021898,0.0,0.0,0.36541605839416064,-2.775897810218978,154.0,74.0,196.0,24.0,97.0,,967.0,19.0,82.0,18.219883211678834,0.13902029197080293,0.03847518248175182,0.08992773722627737,0.3362268613138686,0.39634992700729926,0.531367591240876,0.3840129927007299,0.3851738686131387,0.5070448175182481,0.7283737226277371,0.9074293430656933,0.005010948905109489,13.0,0.2833468613138686,0.43720379562043793,1.0,0.0,0,0,0,0.0,0.0,0.0,0,0,0,0,0,0,0,0,0,0,0,0.0,0,0.0,1,0.044750000000000005,0,0.0,0,0.0,,,1987,2002,16,0.6036500729927007
Johnny Newman,newmajo01,79,190.0,1963-11-28,Richmond,1987,2002,1986-11-02T00:00:00Z,False,16,NBA,"CLE, NYK, CHH, NJN, MIL, DEN, CLE, NJN, DAL",SF,1159,512.0,24.534081104400347,3.844693701466782,8.344262295081966,0.4607589701168442,0.5176876617773943,1.540983606557377,0.335946248600224,3.3270060396893872,6.80327868852459,0.4890298034242232,0.49177954709957605,2.785159620362381,3.4374460742018984,0.8102409638554217,0.819672131147541,1.368421052631579,2.1880931837791198,1.456427955133736,0.9180327868852459,0.21225194132873165,1.4288179465056083,2.7601380500431407,10.992234685073338,28435.0,4456,9671,600.0,1786.0,3856.0,7885.0,3228,3984,950.0,1586.0,2536.0,1688,1064.0,246.0,1656.0,3199.0,12740,0.0,12.917942676279232,0.5585873395463338,0.19244997362405486,0.40924891858624934,3.752481097239318,6.471183400738526,5.101937752769474,9.22124142781783,1.8857499560400912,0.5658027079303675,12.67436258132583,19.769048707578683,36.1,14.1,50.099999999999994,0.08481480569720415,-0.9983471074380166,-0.6151925443995077,-1.6207842447687708,3.0,7.855938104448743,17.083049059257956,1.0710743801652893,3.1843748901002287,6.783794619307192,13.906126252857396,5.71135924037278,7.037967293828028,1.6621909618427992,2.8167997186565854,4.497235800949534,2.9741164058378757,1.8857499560400912,0.4382627044135749,2.9213926499032885,5.690891506945666,22.496550026375946,109.31971162299982,111.05050114295763,0.1489558687377842,31.3927579467133,66.2124267050715,2.131570826046703,0.0,-4.351733360765353,0.9826663923464668,178.0,137.0,368.0,93.0,548.0,,1060.0,98.0,277.0,13.606501388746016,0.3236181462812468,0.09562339265507665,0.11245087953914207,0.2395649624524226,0.2282949285052978,0.5838006377944657,0.2994937763604567,0.32147783149881703,0.4284440901141858,0.5536371772451393,0.9127515687686453,0.03409937249254192,95.0,0.2661289990741693,0.3804016047731715,3.0,0.0,0,0,0,0.0,0.0,0.0,0,0,0,0,0,0,0,0,0,0,0,0.0,0,0.0,0,0.000625,0,0.0,0,0.0,,,1987,2002,16,0.7717050714947021
Chris Dudley,dudlech02,83,235.0,1965-02-22,Yale,1988,2003,1987-11-06T00:00:00Z,False,16,NBA,"CLE, NJN, POR, NYK, PHO, POR",C,886,331.0,18.42099322799097,1.569977426636569,3.81489841986456,0.4115384615384615,0.0,0.0056433408577878106,0.0,1.569977426636569,3.809255079006772,0.41214814814814815,0.4115384615384615,0.7799097065462754,1.7020316027088036,0.4582228116710875,2.5214446952595937,3.6376975169300225,6.159142212189616,0.42325056433408575,0.37697516930022573,1.1591422121896162,0.835214446952596,2.6275395033860045,3.919864559819413,16321.0,1391,3380,0.0,5.0,1391.0,3375.0,691,1508,2234.0,3223.0,5457.0,375,334.0,1027.0,740.0,2328.0,3473,0.0,10.647650266527785,0.42907536302922616,0.0016301697199926476,0.44493885178604253,15.127320629863366,22.439752466147905,18.749206543716685,3.211886526560873,1.036609276392378,4.230580234054286,15.700594326328043,12.509025182280498,-1.8000000000000003,27.5,26.200000000000003,0.07691605906500829,-3.453336192635255,0.46954230745665093,-3.042491268917346,-4.199999999999999,4.320874946388089,10.481116353164634,0.0,0.009343790208933276,4.320874946388089,10.458017278353042,2.146192022547638,4.671202744929845,6.943673794497887,10.089614606948102,17.007830402548866,1.166913792047056,1.036609276392378,3.1915078732920774,2.2949145272961218,7.293180564916366,10.790650082715521,97.75013785919981,101.73708718828503,0.0,0.0,0.0,6.3551011892343,93.74066346755686,2.464156060922178,-1.837596494888379,39.0,37.0,330.0,41.0,122.0,,239.0,23.0,61.0,6.676507406634675,0.431976423951596,0.4857665345295223,0.06832756102649697,0.011618193198414355,0.00272897976215314,0.5633010640517422,0.3009025662424369,0.2735046943459212,0.22699770498643856,0.5321443772167745,0.0,0.10333173377842687,70.0,0.0,0.0,1.0,0.0,0,0,0,0.0,0.0,0.0,0,0,0,0,0,0,0,0,0,0,0,0.0,0,0.0,0,0.0,0,0.0,0,0.0,,,1988,2003,16,0.9972710202378469
Mark Jackson,jacksma01,75,192.0,1965-04-01,St. John's,1988,2003,1987-11-06T00:00:00Z,False,16,NBA,"NYK, LAC, IND, DEN, IND, TOR, NYK, UTA",PG,1254,1089.0,30.736842105263158,3.795055821371611,8.477671451355661,0.44765309001975356,0.5797448165869219,1.7320574162679425,0.3347145488029466,3.215311004784689,6.745614035087719,0.4766520865350514,0.48184554604458657,1.7073365231259967,2.216108452950558,0.7704210147535084,1.0135566188197767,2.8883572567783093,3.901913875598086,8.145933014354068,1.2687400318979267,0.09250398724082935,2.473684210526316,1.7456140350877194,9.87719298245614,38544.0,4759,10631,727.0,2172.0,4032.0,8459.0,2141,2779,1271.0,3622.0,4893.0,10215,1591.0,116.0,3102.0,2189.0,12386,18.0,16.07002905770029,0.5217500778331258,0.21166119240348694,0.2603781392694064,3.8009599418846,10.718734433374843,7.31986301369863,39.51042185554172,2.1007679535076798,0.20251919883769198,21.020405251141554,16.89837588210876,55.0,36.6,91.1,0.11388802407638024,1.9728725612287255,-0.08756486093814861,1.8831932337069324,37.8,6.2620874844333745,14.028899439601496,0.963247198007472,2.9021144665836447,5.302158572021585,11.127713781652137,2.824647156496472,3.6780536529680363,1.6725404732254048,4.834088314653383,6.496064238273142,13.61336913657119,2.1007679535076798,0.14903227480282275,4.107617268576172,2.907798879202989,16.337572644250727,110.07461602324616,107.17696658364467,98.11260591164866,2.0290408123666,0.0,0.0,0.0,1.4674600607981374,0.020768384968630715,880.0,186.0,281.0,80.0,248.0,,9465.0,58.0,235.0,13.234085764180843,0.23187814501002518,0.2644207360455339,0.10770318866826209,0.09077608175409094,0.30460597632753383,0.5732977815147791,0.404711467563547,0.3689901688118492,0.38349647500161693,0.3031969471573636,0.8752236595304314,0.0,0.0,0.09915626414850268,0.3126502813530819,22.0,3.0,0,0,1,0.0,0.0040625,0.0625,0,0,0,0,0,0,6,1,0,1,0,0.00025,1,0.963,0,0.0,0,0.0,0,0.0,,,1988,2004,16,0.6953940236724662
Reggie Miller,millere01,79,185.0,1965-08-24,UCLA,1988,2003,1987-11-06T00:00:00Z,True,16,NBA,IND,SG,1243,1158.0,34.802896218825424,6.168141592920354,13.021721641190668,0.47368095885333006,1.8744971842316975,4.709573612228479,0.3980184489238128,4.293644408688657,8.312148028962188,0.5165505226480837,0.5456567403929322,4.699115044247788,5.304102976669348,0.8859396329440316,0.6814159292035398,2.406275140788415,3.087691069991955,3.0136765888978276,1.1182622687047465,0.22767497988736926,1.821399839098954,2.0313757039420755,18.909895414320193,43260.0,7667,16186,2330.0,5854.0,5337.0,10332.0,5841,6593,847.0,2991.0,3838.0,3746,1390.0,283.0,2264.0,2525.0,23505,1.0,18.57229079981507,0.614520411465557,0.36337491909385117,0.40500175681923245,2.3273485899214057,7.693779472954231,5.114602404068423,14.21646093388812,1.655776699029126,0.44359685621821543,10.537903374942209,21.982961165048543,129.3,29.6,159.0,0.1763746648173833,3.888435043920481,-0.3148659269533056,3.5785922330097093,60.900000000000006,9.116759130836801,19.301211280628753,2.7958622283865004,7.026911696717521,6.328277854831254,12.28076051779935,6.9538811835413785,7.845249653259362,0.9964886731391586,3.565277392510403,4.564204808136847,4.441239019879797,1.655776699029126,0.34315071659731855,2.6801017105871474,3.0011465557096626,28.00167591308368,121.49084604715672,109.1473185390661,10.24511270163444,86.37891250934729,3.4661895096677706,0.0,0.0,3.5966777053733585,1.4097745967311184,403.0,165.0,262.0,133.0,703.0,,3080.0,137.0,193.0,18.02242281807499,0.12329366520670866,0.06024906527080441,0.11837971370580068,0.2773781647259908,0.42039579104796493,0.704054160880248,0.4066834205747249,0.3833509774596731,0.4558031193248584,0.6932511483815832,0.869748264074351,0.004497382758252323,31.0,0.25825173592564893,0.4163575472705907,17.0,0.0,0,0,5,0.002125,0.06937499999999999,0.0255625,0,0,2,0,0,3,12,0,0,1,0,0.0001875,0,0.0,0,0.0,0,0.020375,0,0.0,,,1988,2005,16,0.579604208952035
Horace Grant,grantho01,82,215.0,1965-07-04,Clemson,1988,2003,1987-11-07T00:00:00Z,False,16,NBA,"CHI, ORL, SEA, LAL, ORL",PF,1110,1027.0,33.7972972972973,4.817117117117117,9.433333333333334,0.5106484576449241,0.0036036036036036037,0.055855855855855854,0.06451612903225806,4.813513513513514,9.377477477477477,0.5133057930636948,0.5108394613694967,1.8693693693693694,2.701801801801802,0.6918972990996999,3.052252252252252,5.245045045045045,8.297297297297296,2.255855855855856,1.008108108108108,1.0045045045045045,1.1477477477477478,2.488288288288288,11.507207207207207,37515.0,5347,10471,4.0,62.0,5343.0,10409.0,2075,2999,3388.0,5822.0,9210.0,2504,1119.0,1115.0,1274.0,2762.0,12773,0.0,16.122369718779154,0.5402147407703586,0.005886125549780088,0.28476993202718914,10.464168999067041,17.872794882047177,14.175460482473682,9.853618552578968,1.5439504198320673,2.0019272291083565,9.649065707050513,15.307975476476075,68.3,48.0,116.0,0.14870297214447553,1.0267946154871386,0.4348447287751566,1.4622764227642275,32.6,7.3497134479541515,14.427413034786086,0.0,0.0789230974276956,7.34239637478342,14.346821271491404,2.8524803411968547,4.11834199653472,4.667255764360922,8.013184059709449,12.67375449820072,3.442905504464881,1.5439504198320673,1.5265333866453417,1.7591816606690656,3.7896361455417837,17.571254165000667,117.24848727175797,104.37305077968813,0.0,0.0,0.5358638012838404,73.27414178063076,26.189994418085405,2.4274281328495677,4.21418504046888,225.0,69.0,495.0,31.0,321.0,,1940.0,81.0,129.0,12.700502372313704,0.2470028607312308,0.09141110801004744,0.14793741278258443,0.507956949483673,0.005741975997767234,0.6544801144292492,0.36233205414457154,0.3470643315657271,0.4491554563215183,0.8018363103544516,0.1741557354172481,0.027196762489533913,97.0,0.07597209042701647,0.1741557354172481,2.0,0.0,4,0,1,0.109375,0.008,0.02275,0,4,10,0,0,0,6,0,0,1,0,0.0,0,0.0,0,0.0,0,0.0,0,0.0023125,,,1988,2004,16,0.9942580240022326
Scottie Pippen,pippesc01,80,210.0,1965-09-25,University of Central Arkansas,1988,2003,1987-11-07T00:00:00Z,True,16,NBA,"CHI, HOU, POR",SF,1155,1047.0,35.2008658008658,6.378354978354978,13.471861471861471,0.47345758354755785,0.8354978354978355,2.5575757575757576,0.32667569397427215,5.542857142857143,10.914285714285715,0.5078534031413613,0.5044665809768637,2.688311688311688,3.8181818181818183,0.7040816326530612,1.7731601731601732,4.656277056277056,6.429437229437229,5.268398268398268,1.9792207792207792,0.8121212121212121,2.794805194805195,2.8493506493506495,16.28051948051948,40657.0,7367,15560,965.0,2954.0,6402.0,12606.0,3105,4410,2048.0,5378.0,7426.0,6085,2286.0,938.0,3228.0,3291.0,18804,17.0,18.69748382812308,0.5357302555525494,0.19397218191209384,0.2823763681530856,5.932560198735765,15.272017118823328,10.66683473940527,23.152534618884815,2.932250289003124,1.5605406203113854,15.831426322650465,22.548345918292053,58.0,66.69999999999999,124.80000000000001,0.14735073911011634,2.347885972895196,1.7843446392995057,4.150094694640529,63.10000000000001,9.42009985980274,19.904011609316967,1.2569299259660083,3.835216567872691,8.169855129497995,16.08950734190914,3.9651105590673192,5.632269965811545,2.617527117101606,6.888535799493322,9.499990161595788,7.795238212361955,2.932250289003124,1.1940010330324422,4.145205007747744,4.202737535971666,24.052778119389032,107.89982044912315,101.3494355215584,0.0,4.357946870778928,88.12047340322891,7.911751463304817,0.10625844214317876,7.369910593683669,2.6558242747797003,681.0,246.0,426.0,113.0,527.0,,5138.0,125.0,235.0,14.330025085225444,0.283996076413456,0.09931517334533993,0.10847417508200938,0.20972644240046312,0.29831928989515666,0.6313676593555027,0.36197414292146396,0.3804038078085804,0.4314002701485817,0.5677890268218949,0.7704220749983919,0.045943333118929695,234.0,0.1824286357496623,0.36845539332347077,9.0,0.0,6,0,7,0.42612500000000003,0.29293749999999996,0.019875,8,10,13,3,5,7,10,0,0,1,0,0.044687500000000005,0,0.0,0,0.0,0,0.0020625,0,0.0314375,,,1988,2004,16,0.7016807101048433
Rod Strickland,stricro02,75,175.0,1966-07-11,DePaul,1989,2004,1988-11-04T00:00:00Z,False,16,NBA,"NYK, SAS, POR, WSB, WAS, POR, MIA, MIN, ORL, TOR",PG,1078,738.0,31.018552875695732,5.017625231910946,11.02504638218924,0.45511148506520827,0.17996289424860853,0.6391465677179963,0.28156748911465895,4.837662337662338,10.385899814471243,0.46579135405501965,0.4632730332351704,3.175324675324675,4.405380333951762,0.7207833228048011,1.0844155844155845,2.679035250463822,3.7634508348794062,7.3729128014842304,1.4962894248608534,0.19758812615955473,2.640074211502783,1.885899814471243,13.390538033395176,33438.0,5409,11885,194.0,689.0,5215.0,11196.0,3423,4749,1169.0,2888.0,4057.0,7948,1613.0,213.0,2846.0,2033.0,14435,6.0,18.073694598959268,0.5152816556014116,0.05614576230635804,0.39682857826425033,3.9018452060529936,9.86344278964053,6.843740654345355,37.2953585740774,2.451285962079072,0.43388360547879656,16.92554877684072,21.794572043782523,49.5,36.5,86.0,0.12341964232310544,2.0506968120102878,0.3051199234403972,2.3507596148094985,36.6,8.231410371433698,18.101013816615826,0.29217357497457985,1.0555146838925773,7.920276332316527,17.0359441354148,5.210715353789103,7.203543872241163,1.7616544051677734,4.415267061427119,6.164561277588373,12.103645552963695,2.451285962079072,0.3194658771457623,4.332283629403673,3.0926610443208324,21.943555236557213,107.78470602308751,105.54103116215084,93.16806132226125,6.685404024273395,0.14653465346534653,0.0,0.0,-0.9332673267326732,1.5763845416799744,757.0,298.0,363.0,96.0,809.0,,7864.0,185.0,289.0,11.036039603960397,0.3215639731715107,0.1487074417119131,0.2208984988821463,0.25713075694666243,0.05173375918236985,0.5879325455126158,0.3550722452890451,0.3730984350047908,0.42285883104439487,0.2677768763973171,0.6207982114340467,0.0003828808687320345,2.0,0.0755061002874481,0.16617917598211432,7.0,1.0,0,0,0,0.0010625,0.0266875,0.0234375,0,0,1,0,1,1,6,0,1,1,0,6.25e-05,0,0.0,0,0.0,0,0.0018124999999999999,0,0.0,,,1989,2005,16,0.9482662408176301
Avery Johnson,johnsav01,70,175.0,1965-03-25,"Cameron University, Southern University and A&M College",1989,2004,1988-11-05T00:00:00Z,False,16,NBA,"SEA, DEN, SAS, HOU, SAS, GSW, SAS, DEN, DAL, GSW",PG,1054,637.0,25.251423149905122,3.4364326375711576,7.176470588235294,0.4788471708090957,0.025616698292220113,0.17647058823529413,0.14516129032258066,3.4108159392789372,7.0,0.48725941989699106,0.48063194077207827,1.4667931688804554,2.0777988614800758,0.7059360730593607,0.35958254269449713,1.301707779886148,1.6612903225806452,5.546489563567363,0.9554079696394687,0.1461100569259962,1.6584440227703985,1.5740037950664136,8.36527514231499,26615.0,3622,7564,27.0,186.0,3595.0,7378.0,1546,2190,379.0,1372.0,1751.0,5846,1007.0,154.0,1748.0,1659.0,8817,0.0,14.488442607552134,0.5164058237835807,0.024903024610182227,0.28901608115724214,1.6380800300582379,5.67977832049596,3.7151906819462712,33.9303250046966,1.9533082848018035,0.4039150854781138,17.070708247229007,17.23986098065001,33.5,23.200000000000003,56.6,0.10200450873567539,0.26668044335900803,-0.22721021980086417,0.02822844260755207,13.799999999999999,7.051966935938381,14.721382678940449,0.04581626902122864,0.3638474544429833,6.988423821153485,14.387890287431897,3.0008303588202145,4.254713507420627,0.7309111403343977,2.6696374225061055,3.4035957167011084,11.387909073830546,1.9533082848018035,0.3210332519256059,3.398519631786587,3.2226488822092807,17.185714822468533,108.53274469284239,107.48431335712944,99.85409986257444,0.14590013742556115,0.0,0.0,0.0,1.6230798595205373,-1.4254237288135592,486.0,155.0,258.0,37.0,358.0,,5800.0,86.0,257.0,9.559016643762407,0.4244124293785311,0.17769018170713086,0.1057394258665445,0.27088028706672773,0.020893571537639332,0.5722205680256528,0.3941060467246908,0.3711690334402199,0.4213345548938769,0.37933272255306155,0.7168269964880134,0.0003850206138341732,2.0,0.22013986868224156,0.07056222324018933,11.0,0.0,1,0,0,0.0,0.0005625000000000001,0.0,0,0,0,0,0,0,3,0,0,0,0,0.0,0,0.0,0,0.0,0,0.002375,0,0.0,,,1989,2004,16,0.9791064284623607
Vlade Divac,divacvl01,85,243.0,1968-02-03,,1990,2005,1989-11-03T00:00:00Z,True,16,NBA,"LAL, CHH, SAC, LAL",C,1134,979.0,29.839506172839506,4.58994708994709,9.268077601410935,0.49524262607040914,0.08818342151675485,0.37566137566137564,0.2347417840375587,4.5017636684303355,8.892416225749558,0.5062475208250694,0.5,2.54673721340388,3.6825396825396823,0.6915708812260536,2.5405643738977073,5.6834215167548505,8.223985890652557,3.122574955908289,1.1358024691358024,1.4382716049382716,2.178130511463845,3.1825396825396823,11.814814814814815,33838.0,5205,10510,100.0,426.0,5105.0,10084.0,2888,4176,2881.0,6445.0,9326.0,3541,1288.0,1631.0,2470.0,3609.0,13398,8.0,17.71387493350671,0.5421938648856316,0.03992514332998404,0.3976709616407589,9.66235888645901,21.0389709793723,15.42110053785685,16.04133518529464,1.9354542230628289,3.198971570423784,16.669209173118976,19.17228559607542,43.6,52.8,96.3,0.1367566936580176,0.5277528222708198,1.7356729121106447,2.2448962704651576,36.2,7.817285300549678,15.835770435604942,0.1512116555351971,0.6475116732667415,7.688604527454341,15.181242981263667,4.336157574324724,6.278246350257108,4.334585377386371,9.703215320054378,14.019764761510729,5.333143211773745,1.9354542230628289,2.4637774100124123,3.7234174596607366,5.436432413263195,20.16024292215852,107.76662332289142,101.35734972516106,0.0,0.0,0.0,0.0,100.0,5.977453796542193,4.503842610156631,677.0,327.0,974.0,141.0,919.0,,4881.0,198.0,494.0,8.144572109912742,0.43360565822990627,0.2662261666034361,0.08380152837244594,0.18123787328600074,0.03488146983903311,0.6234731992845917,0.41138913880006506,0.3335267465178039,0.40013798710097015,0.6032842664354235,0.9059960977724785,0.051537911224323885,272.0,0.13295702129965853,0.1825053384640399,8.0,0.0,0,0,1,0.0,0.010437499999999999,0.0480625,0,0,0,0,0,0,5,1,1,1,0,0.0,0,0.0,0,0.0,0,0.000625,0,0.0,,,1990,2005,16,0.9651185301609669
Clifford Robinson,robincl02,82,225.0,1966-12-16,UConn,1990,2005,1989-11-03T00:00:00Z,False,16,NBA,"POR, PHO, DET, GSW, NJN",PF/SF,1250,830.0,31.7944,5.6712,12.9152,0.43911050545094155,0.9344,2.6192,0.3567501527183873,4.7368,10.296,0.46006216006216005,0.47528493557978196,2.7936,4.04,0.6914851485148514,1.4128,3.3208,4.7336,2.3632,1.0768,1.0616,1.928,3.0968,15.0704,39743.0,7089,16144,1168.0,3274.0,5921.0,12870.0,3492,5050,1766.0,4151.0,5917.0,2954,1346.0,1327.0,2410.0,3871.0,18838,0.0,14.928309387816723,0.511535867951589,0.21326782074830788,0.3081636514606346,4.956090380695972,11.918639760460962,8.417542711924114,12.41274941499132,1.7256850262939385,2.321430188964094,11.704788264600056,22.806660292378535,34.1,52.6,86.5,0.10462302795460834,0.1599476637395265,0.5473391540648668,0.7036006340739249,27.0,9.102855848828725,20.75288478474197,1.5416350049065246,4.310162795964069,7.560237022871952,16.4545253252145,4.478313162066276,6.456621291799813,2.2549555896635884,5.328666683441109,7.581143849231312,3.8269758196411945,1.7256850262939385,1.6975744156203607,3.1110333895277154,4.976214679314596,24.218199431346402,103.52394132300027,103.39835945952747,0.0,0.19925155563291413,31.866324354901874,55.72503372351073,12.724772638266394,2.030564379269832,-1.7228144989339018,674.0,314.0,974.0,123.0,989.0,,4128.0,226.0,412.0,13.858839911231017,0.18798550976893957,0.21026186850006523,0.15636634611200556,0.1762529480875506,0.2691615682520343,0.6081318915625952,0.4113741786693355,0.3647224663852748,0.4181695313519864,0.6663287933510291,0.9692626517557983,0.026278882555154256,208.0,0.17116356990557416,0.3485472781863278,6.0,1.0,0,0,1,0.061625,0.0022500000000000003,0.021625,0,2,10,0,0,0,6,0,0,1,0,0.0,0,0.0,1,0.05675,0,0.00625,0,0.0015,,,1990,2007,16,0.7308384317479658
Gary Payton,paytoga01,76,180.0,1968-07-23,Oregon State,1991,2006,1990-11-03T00:00:00Z,True,16,NBA,"SEA, MIL, LAL, BOS, MIA",PG,1267,1205.0,36.00157853196527,6.759273875295975,14.468823993685872,0.46716124809077025,0.8681925808997633,2.7205998421468034,0.3191180736872643,5.891081294396211,11.748224151539068,0.501444407121263,0.4971634300676413,2.546961325966851,3.4909234411996843,0.7295952973095184,1.0844514601420678,2.9700078926598263,4.054459352801894,6.91791633780584,1.8958168902920285,0.22257300710339384,2.339384372533544,2.44672454617206,16.933701657458563,45614.0,8564,18332,1100.0,3447.0,7464.0,14885.0,3227,4423,1374.0,3763.0,5137.0,8765,2402.0,282.0,2964.0,3100.0,21455,15.0,19.201881001446925,0.5270269434822642,0.18451023808479852,0.23968649975884596,3.5421690708992855,9.576893059148508,6.559637392028763,32.30334107949314,2.7244398649537422,0.45322488709606695,13.140388915683781,22.789680799754464,96.4,47.8,144.20000000000002,0.151707699390538,2.934544218880168,0.5394812996009998,3.4674398211075546,62.9,9.757394659534354,20.916530012715395,1.271188670145131,3.957306967159205,8.514203972464594,16.95963958433814,3.696540535800412,5.04892138378568,1.5602139693953612,4.303553733502872,5.852253694041302,9.977908098390845,2.7244398649537422,0.3012452317271013,3.375029596176612,3.508756083658526,24.48949664576665,111.34349103345464,105.4868461437278,85.6378914940955,14.362108505904501,0.0,0.0,0.0,3.9581790176279306,4.007294198185863,932.0,452.0,548.0,201.0,1031.0,14.0,12617.0,276.0,613.0,11.749905870272121,0.32877206914256374,0.17340393633407497,0.11922597980489476,0.1455697758001027,0.2328442238576074,0.6528208454561013,0.3817816874893034,0.36375950710251587,0.39758904672257406,0.3440601061098751,0.7972647270237891,0.0008339209310285812,11.0,0.24090176279308576,0.34352086257059733,9.0,0.0,1,0,9,0.48350000000000004,0.340875,0.0264375,9,9,14,2,7,9,11,0,1,1,0,0.0515,0,0.0,0,0.0,0,0.009250000000000001,1,0.0770625,,,1991,2007,16,0.7671557761423927
Dikembe Mutombo,mutomdi01,86,245.0,1966-06-25,Georgetown,1992,2007,1991-11-01T00:00:00Z,True,16,NBA,"DEN, ATL, PHI, NJN, NYK, HOU",C,1148,970.0,31.425087108013937,3.5897212543554007,6.926829268292683,0.5182344064386318,0.0,0.0017421602787456446,0.0,3.5897212543554007,6.925087108013937,0.5183647798742138,0.5182344064386318,2.9207317073170733,4.2735191637630665,0.6834488381573584,3.2473867595818815,7.316202090592334,10.563588850174217,1.0757839721254356,0.42073170731707316,2.813588850174216,1.872822299651568,2.8893728222996518,10.100174216027874,36076.0,4121,7952,0.0,2.0,4121.0,7950.0,3353,4906,3728.0,8399.0,12127.0,1235,483.0,3230.0,2150.0,3317.0,11595,10.0,17.272829581993573,0.5755329027608383,0.00030857079498835795,0.6250955482869498,11.841806186938685,26.238732121077724,19.10504490520013,5.3574537088369,0.6963410577669364,6.281807850094245,17.489014857523006,15.112179842554607,47.5,66.8,114.5,0.15233906198026387,-0.07070905865395274,1.7549756070517797,1.6752910522230844,33.3,5.968139483313006,11.508767601729684,0.0,0.0,5.968139483313006,11.508767601729684,4.873627896662601,7.126610488967736,5.4144278744871945,12.205976272314004,17.627586206896552,1.7548730457922166,0.6963410577669364,4.687529105222308,3.119117973167757,4.820126954207783,16.81044738884577,111.4763554717818,99.24794877480873,0.0,0.0,0.0,0.0,100.0,4.578642972536349,8.259884606508194,180.0,288.0,965.0,271.0,1041.0,15.0,1321.0,207.0,344.0,5.36060466189707,0.4714152319409186,0.3876804523424879,0.12766766674359567,0.013252711747057467,0.0,0.6535897530579275,0.43288045234248784,0.31039912300946226,0.18091128548349872,0.47059376875144243,0.0,0.14291880913916455,613.0,0.0,0.0,0.0,0.0,0,0,8,0.29093749999999996,0.056,0.0625,3,6,11,0,1,3,8,1,1,1,0,0.0001875,0,0.036,0,0.0,0,0.0,4,0.134125,,,1992,2009,16,1.0
Dale Davis,davisda01,83,230.0,1969-03-25,Clemson,1992,2007,1991-11-18T00:00:00Z,False,16,NBA,"IND, POR, GSW, IND, DET",C,1094,863.0,27.062157221206583,3.283363802559415,6.196526508226691,0.5298716624870925,0.0,0.007312614259597806,0.0,3.283363802559415,6.189213893967093,0.5304977108255797,0.5298716624870925,1.3912248628884827,2.4753199268738575,0.5620384047267356,3.019195612431444,4.8464351005484465,7.865630712979891,0.8939670932358318,0.6316270566727605,1.1608775137111518,0.9963436928702011,2.6307129798903106,7.957952468007313,29606.0,3592,6779,0.0,8.0,3592.0,6771.0,1522,2708,3303.0,5302.0,8605.0,978,691.0,1270.0,1090.0,2878.0,8706,0.0,15.241974599743294,0.5449567655205025,0.0013258123353374316,0.40090724853070325,13.38390191177464,20.607758562453558,17.07064446396001,5.156062960210769,1.244214010673512,3.0914274133621564,11.972167803823549,13.950222927784909,45.6,41.5,86.7,0.14096656083226372,0.2845943389853408,0.1969060325609674,0.4795345538066609,18.3,6.437502533270283,12.144730797811254,0.0,0.009106262244139702,6.437502533270283,12.127281632101601,2.7271465243531714,4.8450280348577985,5.9303452002972366,9.497899074511922,15.421924609876374,1.7582415726541918,1.244214010673512,2.2728534756468286,1.9423292575829223,5.144828750928866,15.585887995676549,114.64750388434777,102.73339863541175,0.0,0.0,0.0,31.856861492600874,68.14313850739913,3.6654476737996378,0.5337325668050676,153.0,173.0,829.0,104.0,663.0,1.0,1478.0,130.0,343.0,5.816283402533802,0.5243857659959544,0.22098190141594803,0.20103656978601087,0.052236931757691896,0.0013186415415735121,0.6539720536569785,0.31900441818375386,0.3861368572341105,0.3472565740445012,0.6170729798786331,0.0,0.17829527307569465,720.0,0.009475141062493347,0.0,1.0,0.0,0,0,1,0.02525,0.000375,0.009625,0,0,8,0,0,0,1,0,0,1,0,0.0,0,0.0,0,0.0,0,0.00125,0,0.0,,,1992,2007,16,0.9986813584584264
Robert Horry,horryro01,82,240.0,1970-08-25,Alabama,1993,2008,1992-11-06T00:00:00Z,False,16,NBA,"HOU, PHO, LAL, SAS",PF,1107,480.0,24.45257452574526,2.5474254742547426,6.000903342366757,0.4245069998494656,0.7181571815718157,2.1038843721770553,0.34134821811936455,1.829268292682927,3.897018970189702,0.4694019471488178,0.4843444227005871,1.156278229448961,1.5916892502258355,0.7264472190692395,1.4850948509485096,3.274616079494128,4.759710930442638,2.116531165311653,1.046070460704607,0.9349593495934959,1.2448057813911473,2.4209575429087624,6.969286359530262,27069.0,2820,6643,795.0,2329.0,2025.0,4314.0,1280,1762,1644.0,3625.0,5269.0,2343,1158.0,1035.0,1378.0,2680.0,7715,0.0,13.363851638405555,0.5194496287265877,0.3552158557759799,0.26972027042003766,7.041944659943108,14.83010085337471,11.025405445343383,12.761498392995678,2.2175440540840072,2.6825852451143373,15.667449850382354,14.627703276811111,23.3,43.1,66.6,0.11767738002881525,-0.10706712475525508,1.9876279138497914,1.8452288595810706,26.5,5.416114374376593,12.739026192323323,1.5338172817614246,4.483700912482914,3.8682588939377145,8.26757545531789,2.449850382356201,3.3871328826332707,3.1715209279988175,6.9706638590269305,10.141117145073702,4.4946876500794275,2.2175440540840072,1.9917359340943517,2.630802763308582,5.175883852377258,14.792807270309208,106.89175809967121,101.05751967194946,0.0,0.0,7.592888284921578,88.79650076439613,3.7060189117264026,7.776762357737387,2.6983296529075367,473.0,161.0,893.0,94.0,390.0,26.0,3163.0,85.0,150.0,14.886642885453824,0.2636341656757828,0.10571790951814732,0.10044374610724194,0.14941334012796562,0.3805824132268841,0.6248960987486553,0.32776552856576635,0.3934071683370137,0.28852471547477493,0.6485965687107185,0.9136402808447993,0.07866621369118397,272.0,0.24744357624143593,0.3824259668195459,5.0,0.0,7,0,0,0.005375,0.0,0.033625,0,0,2,0,0,0,0,0,1,1,0,0.0,0,0.0,0,0.0005,0,0.0,0,0.0,,,1993,2008,16,0.6194175867731159
Shaquille O'Neal,onealsh01,85,325.0,1972-03-06,LSU,1993,2008,1992-11-06T00:00:00Z,True,16,NBA,"ORL, LAL, MIA, PHO",C,1042,1033.0,36.15547024952016,10.001919385796546,17.228406909788866,0.580548128342246,0.0009596928982725527,0.019193857965451054,0.05,10.000959692898272,17.209213051823415,0.5811398616997546,0.5805759803921569,5.221689059500959,9.957773512476008,0.5243831919814957,3.724568138195777,7.727447216890595,11.452015355086372,2.6813819577735125,0.6324376199616123,2.418426103646833,2.8608445297504796,3.4587332053742803,25.226487523992322,37674.0,10422,17952,1.0,20.0,10421.0,17932.0,5441,10376,3881.0,8052.0,11933.0,2794,659.0,2520.0,2981.0,3604.0,26286,2.0,27.13799968147794,0.5837890853108244,0.0010618729096989966,0.5827384668471625,11.93440834527791,23.736200031852206,17.9653049848702,14.487625418060201,0.9053432075171206,4.695415936720284,11.896950151297975,30.12015979189892,107.9,60.6,168.0,0.21417277167277168,4.890099272707968,0.7469448425970165,5.623618410574933,72.3,14.28987896161809,24.616167648776344,0.0,0.018076126771778944,14.28987896161809,24.589940011679143,7.463500026543506,14.236465466900249,5.331958379784466,11.044993894993894,16.353790412486063,3.842955353824919,0.9053432075171206,3.4476243563200084,4.0867388649997345,4.95303126824866,36.04739873652917,112.6365397887137,100.77886606147476,0.0,0.0,0.0,0.0,100.0,8.266261788004527,9.777404752923426,671.0,409.0,1474.0,408.0,3149.0,20.0,4766.0,977.0,468.0,4.36701244813278,0.5011278762731045,0.4233500188608072,0.07255654470011316,0.002221350433798567,0.0006781591852131272,0.7512032063372313,0.43267627310448886,0.27306416446623916,0.1478098453413806,0.6205610335722369,0.0,0.1989133911731422,2327.0,0.0,0.0,4.0,0.0,4,3,14,0.1126875,0.592875,0.0625,0,3,12,8,10,13,16,1,1,1,1,0.27375,1,0.98,0,0.0,0,0.0018750000000000001,0,0.015499999999999998,,,1993,2011,16,0.9993218408147868
Lindsey Hunter,hunteli01,74,170.0,1970-12-03,"Alcorn State, Jackson State University",1994,2009,1993-11-05T00:00:00Z,False,16,NBA,"DET, MIL, LAL, TOR, DET, CHI",PG,924,438.0,25.033549783549784,3.2088744588744587,8.26082251082251,0.38844491025808986,1.1623376623376624,3.215367965367965,0.3614944463143723,2.0465367965367967,5.045454545454546,0.40561990561990563,0.45879732739420936,1.0162337662337662,1.3625541125541125,0.7458300238284352,0.47294372294372294,1.699134199134199,2.1720779220779223,2.7023809523809526,1.2110389610389611,0.17857142857142858,1.25,1.9967532467532467,8.596320346320347,23131.0,2965,7633,1074.0,2971.0,1891.0,4662.0,939,1259,437.0,1570.0,2007.0,2497,1119.0,165.0,1155.0,1845.0,7943,0.0,12.125014050408543,0.4852178029484242,0.3902562794518179,0.16450525269119362,2.2364532445635725,7.9286109549954595,5.108093035320565,17.416397907569927,2.587419480351044,0.5358220569798106,12.315459772599542,18.6413557563443,10.1,22.9,33.1,0.06886520254204315,-0.905369417664606,0.5972936751545544,-0.32511348406899837,9.7,6.84989840473823,17.63712334097099,2.4759629933855,6.874549306125977,4.3641606502096755,10.770948078336431,2.1708789070943753,2.9143487095240155,1.0063637542691626,3.628649863819117,4.652228610954995,5.742868877264277,2.587419480351044,0.3911504042194458,2.6547533612900436,4.270995633565345,18.355103540702952,101.1592667848342,105.5824218581125,93.5451697712144,6.3168876209654865,0.13794260782010404,0.0,0.0,2.308301169099961,-2.5663310398836487,445.0,194.0,505.0,63.0,315.0,18.0,3832.0,67.0,210.0,17.19535156905521,0.17937556637019636,0.05784203166079322,0.12185691111484027,0.2370296470324999,0.4037967220450859,0.5018765452816468,0.29557330648319075,0.3488632880237177,0.4054091849862952,0.4114734575152431,0.892047211500811,0.00685417016277899,36.0,0.248686916149242,0.39935128936622477,4.0,0.0,2,0,0,0.0,0.0,0.018,0,0,0,0,0,0,0,0,1,1,0,0.0,0,0.0,0,0.0,0,0.0026875,0,0.0,,,1994,2010,16,0.5962032779549141
Grant Hill,hillgr01,80,225.0,1972-10-05,Duke,1995,2011,1994-11-04T00:00:00Z,True,16,NBA,"DET, ORL, PHO",SF,948,926.0,34.76898734177215,6.440928270042194,13.266877637130802,0.4854893853860221,0.21308016877637131,0.6677215189873418,0.31911532385466035,6.227848101265823,12.59915611814346,0.4943067649028801,0.4935199173093743,4.3575949367088604,5.659282700421941,0.7699906803355079,1.2035864978902953,5.071729957805907,6.275316455696203,4.344936708860759,1.261603375527426,0.569620253164557,2.4989451476793247,2.3734177215189876,17.45253164556962,32961.0,6106,12577,202.0,633.0,5904.0,11944.0,4131,5365,1141.0,4808.0,5949.0,4119,1196.0,540.0,2369.0,2250.0,16545,29.0,19.492721701404694,0.5551727192742938,0.05396853857589272,0.4215490731470526,4.147923303297836,16.91776645126058,10.647261915597221,22.466854767755834,1.9206243742604896,1.221589150814599,13.570455993446801,24.084733472892207,61.5,37.5,98.4,0.14337547404508358,2.4785413063924033,0.7731227814690089,3.24239252449865,43.4,9.744431297594128,20.05471314583902,0.31769363793574223,0.9784169169624708,9.419237887200024,19.063038135978886,6.613688905069627,8.60310366797124,1.814207700009102,7.7094809016716725,9.523688601680774,6.632993537817421,1.9206243742604896,0.8612451078547374,3.785722520554595,3.5708382634022025,26.39336185188556,110.50756955189466,105.63799642001153,0.0,9.352514524664175,81.52562631832143,9.031935758428006,0.0,3.024834400325649,2.782929356474115,862.0,506.0,840.0,251.0,1810.0,162.0,7376.0,442.0,562.0,10.874403286089628,0.3277374458794361,0.12166384191244496,0.23351119416793104,0.2561716685786182,0.060816600673500344,0.6573489990008512,0.4029200680901455,0.4119542611849166,0.42830103985493834,0.44737519890463684,0.8736092217740444,0.03974547607593531,384.0,0.3758344373311623,0.22490578396181035,10.0,1.0,0,0,7,0.05875,0.1775,0.0613125,0,0,7,1,5,5,7,1,1,1,0,0.0330625,1,0.41,0,0.0,0,0.00175,0,0.0032500000000000003,,,1995,2013,16,0.9391833993264996
Jason Kidd,kiddja01,76,205.0,1973-03-23,California,1995,2010,1994-11-05T00:00:00Z,True,16,NBA,"DAL, PHO, NJN, DAL",PG,1187,1174.0,37.09856781802864,4.846672283066554,12.029486099410278,0.4028993627004692,1.4001684919966302,4.011794439764111,0.3490130197396052,3.446503791069924,8.017691659646166,0.4298623515813807,0.46109671545626446,2.5054759898904804,3.202190395956192,0.7824256774533017,1.405223251895535,5.2106149957877,6.615838247683235,9.202190395956192,1.9738837405223253,0.3251895534962089,3.080876158382477,1.8913226621735468,13.598989048020218,44036.0,5753,14279,1662.0,4762.0,4091.0,9517.0,2974,3801,1668.0,6185.0,7853.0,10923,2343.0,386.0,3657.0,2245.0,16142,105.0,18.482925333817786,0.5091532609682987,0.3459077572894904,0.26039965028612955,4.243646107730039,16.231176764465438,10.20808202379871,39.937169588518486,2.7824053047506587,0.6498160595876101,18.8705127622854,20.07088518484876,57.5,66.1,123.9,0.13494908711054593,2.5393382686892543,1.4218889090743934,3.978011172676901,66.2,6.826687255881551,16.94618948133345,1.9842401671359797,5.665691706785357,4.85319511308929,11.273980379689345,3.514905986011445,4.508756471977473,1.972125079480425,7.361853937687346,9.32804977745481,12.96504677990735,2.7824053047506587,0.443675629030793,4.3262058315923335,2.666375238441275,19.147204559905532,107.15821146334817,101.97495231174494,85.99744352272134,13.632936818490114,0.4517399697396567,0.0,0.0,4.3513251943444455,7.452178222987428,2238.0,520.0,848.0,124.0,979.0,69.0,20746.0,202.0,414.0,16.055945113998018,0.22073347420044867,0.06457812907601608,0.11123550894767047,0.25116784055929464,0.3522614389314969,0.54851899097407,0.3173120467470131,0.3448894714874524,0.3928213074555225,0.3771582928992539,0.8551690144519225,0.004232535086346324,42.0,0.17255381645536602,0.34355929462096313,48.0,2.0,0,0,10,0.290875,0.3063125,0.0625,4,9,15,5,6,6,15,1,1,1,0,0.058375,1,0.41,0,0.0,0,0.0,0,0.001,,,1995,2013,16,0.6477385610685031
Juwan Howard,howarju01,81,240.0,1973-02-07,Michigan,1995,2010,1994-11-19T00:00:00Z,False,16,NBA,"WSB, WAS, DAL, DEN, ORL, HOU, DAL, CHA, DEN, POR",PF,1116,898.0,32.09767025089606,5.789426523297491,12.32168458781362,0.46985673769180425,0.005376344086021506,0.044802867383512544,0.12,5.784050179211469,12.276881720430108,0.4711334939055543,0.4700749036433714,2.71415770609319,3.5555555555555554,0.7633568548387096,2.0555555555555554,4.441756272401434,6.497311827956989,2.3512544802867383,0.7204301075268817,0.27508960573476704,2.1684587813620073,3.0510752688172045,14.298387096774194,35821.0,6461,13751,6.0,50.0,6455.0,13701.0,3029,3968,2294.0,4957.0,7251.0,2624,804.0,307.0,2420.0,3405.0,15957,0.0,14.735213980625893,0.5142081181429887,0.003570922084810586,0.28495586387873034,7.377761648195192,16.15516317244075,11.742511376008487,12.873786326456546,1.1834845481700678,0.6316518243488457,13.522068060634822,22.611674715948748,28.1,30.5,58.8,0.07857159208285643,-0.5904274029200748,-0.8990871276625443,-1.4987493369811005,4.5,9.461131738365761,20.120300940788923,0.009195723179140728,0.06662013902459452,9.444314787415204,20.055679629267747,4.422869266631305,5.795982803383491,3.3597694090058905,7.2597777839814635,10.636593059936908,3.8274615449038274,1.1834845481700678,0.4473046536947601,3.540928505625192,4.999871583707882,23.338460679489685,102.70807626811089,106.82915049831105,0.0,0.2202856290798237,15.448358129825376,68.16919049670301,15.705391166042613,-2.9718976771927497,-3.6684681400974193,750.0,435.0,1112.0,422.0,1369.0,52.0,4667.0,295.0,814.0,9.55868981742271,0.2371412240299546,0.26577785877597,0.3004131680970211,0.19414341098114582,0.0026337519467179164,0.5937178832963319,0.4114376221876138,0.42985413698267,0.44594774512077934,0.6541857583087578,0.04523012690944034,0.03853003744325524,397.0,0.10790920838994003,0.0,5.0,0.0,0,0,1,0.0,0.007625,0.0456875,0,0,0,0,0,1,2,0,1,1,0,0.0,0,0.01,0,0.0,0,0.0005625,0,0.0,,,1995,2013,16,0.9973662480532821
Kevin Garnett,garneke01,83,240.0,1976-05-19,,1996,2011,1995-11-03T00:00:00Z,True,16,NBA,"MIN, BOS",PF,1195,1158.0,36.7489539748954,7.8142259414225945,15.680334728033472,0.4983456078556943,0.14058577405857742,0.49874476987447697,0.28187919463087246,7.673640167364017,15.181589958158996,0.5054569507220814,0.5028284768918775,3.7481171548117156,4.758995815899581,0.7875857218216986,2.4644351464435146,8.262761506276151,10.727196652719666,4.092050209205021,1.3456066945606695,1.5456066945606695,2.3690376569037657,2.4803347280334727,19.517154811715482,43915.0,9338,18738,168.0,596.0,9170.0,18142.0,4479,5687,2945.0,9874.0,12819.0,4890,1608.0,1847.0,2831.0,2964.0,23323,16.0,23.436928156666287,0.5491484003187976,0.03105988842081293,0.301904337925538,7.953405442331777,25.726769896390756,17.051888876238188,19.939806444267333,1.9348354776272345,3.1276989639075494,11.739997722873733,25.167024934532616,95.5,79.3,174.8,0.19095889787088693,4.029169987475806,2.102623249459183,6.140384834339064,90.4,11.228666742570876,22.551105544802457,0.19241033815325062,0.7038073551178414,11.039587840145735,21.816611636115223,5.386555846521689,6.8479107366503476,3.5505476488671293,11.906904246840488,15.428896732323807,5.8713241489240575,1.9348354776272345,2.216012751907093,3.405212342024365,3.5556233633154957,28.062661960605716,110.88750996242742,99.24854833200502,0.0,0.0,9.711282494834462,72.60331074912305,17.802003748017874,5.569078852529912,12.050542982076786,1045.0,585.0,1166.0,417.0,2231.0,52.0,10345.0,479.0,589.0,11.211123924847435,0.23350761616452842,0.20564235260198932,0.2275231127768968,0.3024730671279612,0.030677550333957995,0.6874104319830859,0.44757529671808177,0.45041809619912554,0.45058764595646533,0.6752173610110037,0.7201982124837827,0.07487523425111721,1266.0,0.0642334342415069,0.18552407380712124,24.0,0.0,1,0,14,0.42237500000000006,0.4170625,0.0390625,9,11,15,4,7,9,15,0,1,1,1,0.172,0,0.009,0,0.0,0,0.0025,1,0.0978125,,,1996,2016,16,0.9693224496660421
Theo Ratliff,ratlith01,82,225.0,1973-04-17,Wyoming,1996,2011,1995-11-03T00:00:00Z,False,16,NBA,"DET, PHI, ATL, POR, BOS, DET, MIN, PHI, CHA, SAS, LAL",C,810,533.0,25.308641975308642,2.724691358024691,5.495061728395061,0.4958436306447989,0.0,0.0024691358024691358,0.0,2.724691358024691,5.492592592592593,0.49606653180489996,0.4958436306447989,1.7222222222222223,2.425925925925926,0.7099236641221374,1.9049382716049383,3.769135802469136,5.674074074074074,0.5740740740740741,0.48518518518518516,2.4296296296296296,1.2358024691358025,2.8246913580246913,7.171604938271605,20500.0,2207,4451,0.0,2.0,2207.0,4449.0,1395,1965,1543.0,3053.0,4596.0,465,393.0,1968.0,1001.0,2288.0,5809,0.0,14.304726829268294,0.5447454634146341,0.0005104390243902438,0.4423066829268293,8.855878048780488,17.095473170731708,13.00379024390244,3.680463414634146,1.0409317073170732,7.219458536585366,15.92808292682927,14.143009756097559,17.7,30.2,47.9,0.11197902439024389,-1.871390243902439,1.8744585365853657,0.00266829268292682,10.299999999999999,5.784726829268292,11.636263414634145,0.0,0.0021317073170731707,5.784726829268292,11.634131707317072,3.649,5.130234146341463,4.0191024390243895,7.97850243902439,12.01272682926829,1.1876878048780488,1.0409317073170732,5.14360487804878,2.609926829268293,6.007560975609757,15.186770731707316,105.93731707317073,101.13146341463414,0.0,0.0,0.0,13.88585569158635,86.21219067465486,0.36085438916384505,2.6470487106017195,198.0,276.0,901.0,233.0,791.0,34.0,994.0,123.0,302.0,6.903365459755143,0.3771555092471998,0.30770351654076583,0.23735743683250846,0.07749846314144308,0.00027319614482938266,0.677320916905444,0.38244100026048444,0.40205600416775206,0.3335893201354519,0.6491291482156811,0.0,0.15819874967439435,616.0,0.0,0.0,0.0,0.0,0,0,1,0.0743125,0.0008125,0.0,0,2,6,0,0,0,3,0,0,0,0,0.0,0,0.0,0,0.0,0,0.0048125,0,0.014062499999999999,,,1996,2011,16,0.9997268038551707
Joe Smith,smithjo02,82,225.0,1975-07-26,Maryland,1996,2011,1995-11-03T00:00:00Z,False,16,NBA,"GSW, PHI, MIN, DET, MIN, MIL, DEN, PHI, CHI, CLE, OKC, ATL, LAL, NJN",PF,1030,619.0,26.23495145631068,4.199029126213592,9.23495145631068,0.4546888141295206,0.02912621359223301,0.12233009708737864,0.23809523809523808,4.169902912621359,9.1126213592233,0.45759642020029834,0.45626576955424725,2.454368932038835,3.1067961165048543,0.79,2.384466019417476,3.999029126213592,6.383495145631068,0.9805825242718447,0.5883495145631068,0.8427184466019417,1.2524271844660195,2.887378640776699,10.881553398058253,27022.0,4325,9512,30.0,126.0,4295.0,9386.0,2528,3200,2456.0,4119.0,6575.0,1010,606.0,868.0,1290.0,2974.0,11208,0.0,15.353297313300276,0.515504366812227,0.012606727851380357,0.3394045592480201,10.314314262452816,17.655732366220118,13.959651395159497,6.249248760269411,1.1718414625120273,2.348841684553327,10.494907852860633,20.161013248464215,34.099999999999994,26.200000000000003,60.2,0.10695407445784916,-0.7589482643771742,-0.7888609281326326,-1.5558137813633335,3.1000000000000005,8.349370882984235,18.38577455406706,0.057101620901487675,0.23910147287395456,8.29540004440826,18.137632299607727,4.889971134631041,6.182173784323885,4.747627858781733,7.970279772037599,12.723369846791503,1.948952705203168,1.1718414625120273,1.678561912515728,2.4886203833913108,5.756972096810006,21.677022426171266,107.74206202353638,106.03889423432759,0.0,0.0,4.719226478244701,70.39485971654064,25.039213255650594,-0.5992273046568325,2.4043758522375107,418.0,357.0,1538.0,161.0,1169.0,128.0,2050.0,225.0,617.0,10.376930705342756,0.28208602950291317,0.1939311598694269,0.19900615677038144,0.31401694144870046,0.010928969877277797,0.5918620304946077,0.3830978058757903,0.4028432709392174,0.4265485310524359,0.7032959795049791,0.3594835750588819,0.058078095946448506,433.0,0.24456039006652616,0.06112392049915294,3.0,0.0,0,0,0,0.0,0.0,0.06025,0,0,0,0,0,0,0,1,1,1,0,0.0,0,0.133,0,0.0,0,0.00425,0,0.0,,,1996,2011,16,0.9890710301227222
Jerry Stackhouse,stackje01,78,218.0,1974-11-05,UNC,1996,2011,1995-11-03T00:00:00Z,False,16,NBA,"PHI, DET, WAS, DAL, MIL, MIA",SG,903,564.0,32.563676633444075,5.850498338870432,14.296788482834994,0.4092176607281177,1.0465116279069768,3.4053156146179404,0.3073170731707317,4.803986710963455,10.891472868217054,0.44107778342653786,0.44581719597211467,5.102990033222591,6.21594684385382,0.8209513629075361,1.0132890365448506,2.3211517165005535,3.334440753045404,3.5337763012181616,0.9435215946843853,0.47619047619047616,2.883720930232558,1.956810631229236,17.85049833887043,29405.0,5283,12910,945.0,3075.0,4338.0,9835.0,4608,5613,915.0,2096.0,3011.0,3191,852.0,430.0,2604.0,1767.0,16119,1.0,16.669362353341267,0.5237112735929264,0.23949199115796632,0.4329225301819418,3.5247746981805816,8.229144703281754,5.881098452644109,19.705390239755143,1.516248937255569,1.0702635606189423,14.538524060533925,27.609811256589015,32.099999999999994,19.400000000000002,51.7,0.0843000850195545,1.6494711783710252,-1.2940010202346541,0.3453222241115456,17.599999999999998,9.406451283795274,22.980557728277507,1.6747321884033328,5.4774766196225135,7.716276143513008,17.511555857847306,8.195626594116646,9.977867709573202,1.6182213909199115,3.734575752423057,5.369705832341439,5.7002210508416935,1.516248937255569,0.777792892365244,4.634983846284645,3.139551096752253,28.682213909199117,103.04424417616052,108.29631015133481,1.437799580587178,59.768124625524266,37.96277711204314,0.5352381665668065,0.0,-0.45176003594967035,-2.1358373277411626,999.0,747.0,534.0,259.0,1726.0,32.0,6534.0,289.0,735.0,13.97267450569203,0.27657197423606944,0.0788559017375674,0.16832957609346913,0.23958916267225883,0.2366085230677052,0.5790131815458358,0.3301086354104254,0.34266413271420015,0.3863705811863392,0.4929132339724386,0.8545580437387658,0.056615001497902946,622.0,0.3163491611743559,0.3571340248651887,14.0,0.0,0,0,2,0.0,0.0125,0.0580625,0,0,0,0,0,0,3,1,1,1,0,0.00025,0,0.018,0,0.0480625,0,0.0133125,0,0.0,,,1996,2013,16,0.7633914769322948
Rasheed Wallace,wallara01,83,225.0,1974-09-17,UNC,1996,2013,1995-11-03T00:00:00Z,False,16,NBA,"WSB, POR, ATL, DET, BOS, NYK",PF,1109,956.0,32.68079350766456,5.69882777276826,12.199278629395852,0.46714465222854606,0.9792605951307484,2.9107303877366997,0.33643122676579923,4.719567177637511,9.288548241659152,0.5081060091253277,0.5072806563678025,2.055906221821461,2.8512173128944998,0.7210626185958254,1.4229035166816952,5.2533814247069435,6.676284941388638,1.7980162308385934,0.9828674481514879,1.3165013525698828,1.526600541027953,2.93868349864743,14.432822362488729,36243.0,6320,13529,1086.0,3228.0,5234.0,10301.0,2280,3162,1578.0,5826.0,7404.0,1994,1090.0,1460.0,1693.0,3259.0,16006,0.0,17.002345280467953,0.5363969318213173,0.23484970890930662,0.2356518224208813,5.23242281268107,18.851968656016332,12.088273597660239,9.639477968159369,1.606583340231217,3.044198879783682,10.204787131308114,21.288408796181333,47.9,57.3,105.1,0.13907645614325526,1.0215296746958034,1.1575780150649781,2.1872830615567143,38.400000000000006,9.412788676434069,20.177548768037965,1.6372292580636263,4.818265596115112,7.783296084761195,15.333672709212815,3.3904064233093285,4.693504952680518,2.359738432248986,8.694732775984328,11.052788124603373,2.9888778522749218,1.606583340231217,2.1757994647242227,2.514623513506056,4.844805893551859,23.87353144055404,107.35857958778247,100.93698093424938,0.0,0.0,4.123755623276738,63.15063125816282,32.80499201857495,6.713072123059062,6.956493977652011,787.0,428.0,1782.0,178.0,1307.0,42.0,4178.0,275.0,380.0,13.51438688143956,0.21009139457263093,0.18575829342620806,0.1888725293861559,0.17580049339718473,0.2395123494413003,0.6718286170367146,0.4547299666231316,0.4493660716877086,0.4213503990712524,0.6497338847772456,0.9514982440864895,0.0941768103323175,1050.0,0.14545650848933392,0.2724092294296909,18.0,1.0,1,0,4,0.051375000000000004,0.012062499999999999,0.01675,0,0,9,0,0,0,8,0,1,1,0,0.000125,0,0.0,0,0.0085,0,0.0070625,0,0.001375,,,1996,2013,16,0.7604876505586997
Kurt Thomas,thomaku01,81,230.0,1972-10-04,TCU,1996,2011,1995-11-04T00:00:00Z,False,16,NBA,"MIA, DAL, NYK, PHO, SEA, SAS, MIL, CHI",PF,1018,630.0,25.505893909626717,3.6522593320235757,7.518664047151277,0.4857590802194931,0.007858546168958742,0.030451866404715127,0.25806451612903225,3.644400785854617,7.488212180746562,0.4866850321395776,0.48628168278024564,1.2495088408644401,1.6385068762278978,0.762589928057554,1.8261296660117878,5.100196463654224,6.926326129666012,1.1168958742632613,0.6777996070726916,0.7799607072691552,1.180746561886051,3.343811394891945,8.56188605108055,25965.0,3718,7654,8.0,31.0,3710.0,7623.0,1272,1668,1859.0,5192.0,7051.0,1137,690.0,794.0,1202.0,3404.0,8716,0.0,14.024040053918737,0.5199178509532063,0.004145118428653957,0.21644671673406513,8.44315039476218,23.046608896591565,15.81212016175621,7.358251492393607,1.4198536491430773,2.3003889851723476,12.628083959175814,17.146447140381284,21.6,40.4,62.2,0.11450926246870788,-1.6667552474484884,0.9570229154631233,-0.7274561910263817,8.4,7.601875601771616,15.670244559984596,0.0,0.07040246485653764,7.578752166377816,15.605399576352783,2.6083920662430193,3.428322742152898,3.8126285384171,10.604575389948007,14.396295012516852,2.3252763335259004,1.4198536491430773,1.6133795493934142,2.4680801078374732,6.969828615443867,17.857015212786443,104.9056036972848,100.95821297901021,0.0,0.0,0.5382558617852735,52.58605512134924,46.69033319621555,1.203241464417935,1.068070752776635,424.0,225.0,1587.0,293.0,626.0,116.0,2507.0,123.0,403.0,10.502538050185109,0.251476100370218,0.18816240230357878,0.2608002468120115,0.29554858083093377,0.004154997943233237,0.6199141505553271,0.44425030851501435,0.43756355409296577,0.4225721513780338,0.7886443438914027,0.5543809132044426,0.01076495269436446,71.0,0.18166232003290828,0.14613327848621965,0.0,0.0,0,0,0,0.0118125,0.0,0.015625,0,0,5,0,0,0,0,0,0,1,0,0.0,0,0.0,0,0.0,0,0.0,0,0.0,,,1996,2013,16,0.9958450020567668
Ray Allen,allenra02,77,205.0,1975-07-20,UConn,1997,2012,1996-11-01T00:00:00Z,True,16,NBA,"MIL, SEA, BOS",SG,1148,1140.0,36.9102787456446,6.9991289198606275,15.471254355400697,0.4523956984404031,2.367595818815331,5.912891986062718,0.4004124926340601,4.631533101045296,9.55836236933798,0.48455299371183813,0.5289116603794831,3.617595818815331,4.047038327526132,0.8938872148084374,1.0165505226480835,3.2081881533101044,4.224738675958188,3.5566202090592336,1.1585365853658536,0.19250871080139373,2.196864111498258,2.2770034843205575,19.983449477351915,42373.0,8035,17761,2718.0,6788.0,5317.0,10973.0,4153,4646,1167.0,3683.0,4850.0,4083,1330.0,221.0,2522.0,2614.0,22941,3.0,19.00823165695136,0.5807559766832653,0.38327040804285745,0.26044599155122367,3.3442569560805224,10.244518915347037,6.828053241450925,17.0461567507611,1.6738984730842754,0.40725697968045693,11.292702900431877,24.331246312510324,105.7,30.0,135.7,0.15367314091520545,3.89924008212777,-0.6936350978217262,3.1959431713591204,55.5,10.054017888749911,22.23841833242867,3.4090859745592716,8.496818728907558,6.638972930875794,13.729542397281286,5.1938404172468315,5.813487362235385,1.4606683501286197,4.612307365539376,6.080107615698676,5.109414013640762,1.6738984730842754,0.28022561536827695,3.1769877044344277,3.2905104665706935,28.719927784202206,114.33018667547731,108.28928798999362,2.005215585396361,87.19342505840983,10.810752129894036,0.0,0.0,3.782028650319779,5.927607202699832,1204.0,805.0,1289.0,275.0,1587.0,70.0,9026.0,350.0,750.0,15.992391381304131,0.19074691430863994,0.09733847025228332,0.15054973686073678,0.17801142236801737,0.38327040804285745,0.620615297477167,0.40439324569891205,0.43729849196422255,0.43566750053099845,0.4420097467727091,0.8330513298562765,0.02036483137847214,334.0,0.2521931890590707,0.4304268284048805,62.0,2.0,1,0,10,0.0,0.03775,0.034625,0,0,0,0,1,2,13,0,1,1,0,0.002375,0,0.0,0,0.0,0,0.0,0,0.0,,,1997,2014,16,0.6167295919571425
Marcus Camby,cambyma01,83,220.0,1974-03-22,UMass,1997,2012,1996-11-01T00:00:00Z,False,16,NBA,"TOR, NYK, DEN, LAC, POR, HOU",C,949,782.0,29.962065331928347,3.951527924130664,8.455216016859852,0.4673479561316052,0.018967334035827187,0.09272918861959958,0.20454545454545456,3.9325605900948366,8.362486828240252,0.47026209677419356,0.46846959122632104,1.7934668071654374,2.668071654373024,0.6721958925750395,2.7260273972602738,7.21390937829294,9.939936775553214,1.9209694415173868,1.01159114857745,2.4415173867228663,1.4193888303477344,2.801896733403583,9.715489989462592,28434.0,3750,8024,18.0,88.0,3732.0,7936.0,1702,2532,2587.0,6846.0,9433.0,1823,960.0,2317.0,1347.0,2659.0,9220,4.0,17.886625167053527,0.5035194133783498,0.011079060279946543,0.31206122951396215,10.502208623478934,27.866431033270032,19.171787296898078,10.127136526693395,1.7573187029612438,6.0731624111978615,12.990441021312513,16.619272701695156,27.0,54.400000000000006,81.5,0.13784254765421677,0.03442357740732926,2.3326264331434197,2.3867623267918687,31.5,6.877959485123444,14.701385665048884,0.02545895758598861,0.15467398185271156,6.847056341000211,14.548129000492368,3.1167405219103888,4.650657663360765,4.762383062530772,12.491956812267004,17.247288457480483,3.3006576633607656,1.7573187029612438,4.216272772033481,2.451554477034536,4.895188858408947,16.907554336357883,106.6776042765703,98.43908700851094,0.0,0.0,0.5595765632693255,25.488781036786946,74.1774635999156,0.4830730815221213,2.5469332489273406,728.0,276.0,1575.0,127.0,1126.0,123.0,3881.0,247.0,369.0,8.182323978335795,0.4657344024759091,0.1533850671731026,0.13890099880424844,0.2307588802138285,0.011079060279946543,0.6019819933881972,0.35512885981571357,0.34783692058802845,0.36383101216853064,0.6850347823028768,0.49092635577125976,0.11088221847084476,842.0,0.22929612435816277,0.14779538580572554,9.0,1.0,0,0,0,0.126125,0.013625,0.0546875,2,4,7,0,0,0,6,1,1,1,0,6.25e-05,0,0.0,0,0.0005,0,0.000125,1,0.08318749999999998,,,1997,2013,16,0.9889209397200535
Derek Fisher,fishede01,73,200.0,1974-08-09,Little Rock,1997,2012,1996-11-01T00:00:00Z,False,16,NBA,"LAL, GSW, UTA, LAL, OKC",PG,1173,722.0,26.185848252344417,3.0042625745950553,7.508098891730605,0.4001362552515045,0.9633418584825234,2.584825234441603,0.37269129287598945,2.040920716112532,4.923273657289003,0.41454545454545455,0.4642897695015329,1.649616368286445,2.020460358056266,0.8164556962025317,0.3410059676044331,1.7894288150042625,2.130434782608696,3.103154305200341,1.0767263427109974,0.0784313725490196,1.1884057971014492,2.1074168797953963,8.621483375959079,30716.0,3524,8807,1130.0,3032.0,2394.0,5775.0,1935,2370,400.0,2099.0,2499.0,3640,1263.0,92.0,1394.0,2472.0,10113,0.0,11.829469983070712,0.5115574619091028,0.33995670009115775,0.2690990037765334,1.4699700481833573,7.6190942831097805,4.578122151321786,17.806332204714156,2.1317521812736033,0.22146438338325306,12.442876676650606,16.313735512436512,30.7,27.9,58.8,0.09190750748795416,-1.333891131657768,0.44205625732517256,-0.9006804271389504,8.5,5.928161218908712,14.825634848287537,1.9043169683552545,5.111808178148196,4.035463602031514,9.72796262534184,3.258519989581976,3.988771324391197,0.6664376871988541,3.553490037765334,4.205443417111603,6.140187524417242,2.1317521812736033,0.15031905195989065,2.3375244172418284,4.178144940747493,17.021903893736166,107.12472327125928,106.60014324781872,89.92687849980466,10.238442505534575,0.0,0.0,0.0,6.06706276858966,3.680101575726006,904.0,265.0,833.0,141.0,729.0,307.0,7978.0,144.0,368.0,17.20418348743326,0.16526351087381166,0.07351878499804662,0.07805339236879803,0.34330472717801797,0.33995670009115775,0.4562658874853497,0.33144615184268783,0.3622247362937882,0.42260180362026306,0.4878428831879152,0.8691774645136086,0.002081976819898424,13.0,0.3015442114858706,0.4012672222945696,12.0,0.0,5,0,0,0.008375,0.0,0.0055625,0,0,3,0,0,0,0,0,0,1,0,0.0,0,0.0,0,0.0003125,0,0.0,0,0.0,,,1997,2014,16,0.6600432999088423
Steve Nash,nashst01,75,195.0,1974-02-07,Santa Clara,1997,2012,1996-11-01T00:00:00Z,True,16,NBA,"PHO, DAL, PHO",PG,1152,993.0,31.361979166666668,5.250868055555555,10.69704861111111,0.4908707295301469,1.40625,3.2855902777777777,0.42800528401585203,3.8446180555555554,7.411458333333333,0.51873975169829,0.5566014769130894,2.5442708333333335,2.8159722222222223,0.9035141800246609,0.5321180555555556,2.4809027777777777,3.0130208333333335,8.60763888888889,0.7482638888888888,0.08246527777777778,2.8828125,1.6440972222222223,14.452256944444445,36129.0,6049,12323,1620.0,3785.0,4429.0,8538.0,2931,3244,613.0,2858.0,3471.0,9916,862.0,95.0,3321.0,1894.0,16649,3.0,20.207249024329485,0.6037903623128235,0.30915832156992995,0.2618623820199839,1.9295469013811621,8.68494561155858,5.387032577707658,41.88269810955188,1.219535553156744,0.1868000775000692,19.553627280024358,21.147961471394172,109.7,15.3,125.6,0.16654861745412275,4.51455617371087,-1.3311937778515874,3.1846992720529217,47.3,8.521727697971158,17.373428547704062,2.2765423897699906,5.333604583575521,6.239060034875031,12.048227185917131,4.128835561460323,4.572102742948878,0.866359434249495,4.014744388164632,4.885269451133438,13.93395610174652,1.219535553156744,0.13274101137590305,4.683525699576518,2.6739239945749955,23.45305710094384,117.89432311993136,110.50709955991032,91.7672783636414,8.288826150737634,0.01893215976085693,0.0,0.0,6.695770710509563,7.422560823715021,2424.0,597.0,717.0,127.0,707.0,247.0,22187.0,170.0,424.0,15.170547205845718,0.19404990450884332,0.10583605967505329,0.157615322870824,0.2334144039414321,0.30915832156992995,0.6381686733648869,0.445388773561405,0.4676016773229262,0.48610667330952984,0.16840460571839794,0.5203357690497937,7.423399485178112e-05,0.0,0.08781798555177281,0.4507813114118852,9.0,0.0,0,0,8,0.0,0.2803125,0.0,0,0,0,3,5,7,11,0,0,0,2,0.15175,0,0.0,0,0.0,0,0.010624999999999999,0,0.0,,,1997,2014,16,0.69084167843007
Ben Wallace,wallabe01,81,240.0,1974-09-10,"Cuyahoga Community College, Virginia Union University",1997,2012,1996-11-01T00:00:00Z,True,16,NBA,"WSB, WAS, ORL, DET, CHI, CLE, DET",C,1088,912.0,29.48988970588235,2.3612132352941178,4.982536764705882,0.47389780483305666,0.006433823529411764,0.046875,0.13725490196078433,2.354779411764706,4.935661764705882,0.4770949720670391,0.47454344216934147,1.0193014705882353,2.4623161764705883,0.4139604329973871,3.1654411764705883,6.46875,9.634191176470589,1.3207720588235294,1.2582720588235294,1.9641544117647058,0.9751838235294118,1.9099264705882353,5.748161764705882,32085.0,2569,5421,7.0,51.0,2562.0,5370.0,1109,2679,3444.0,7038.0,10482.0,1437,1369.0,2137.0,1061.0,2078.0,6254,2.0,15.508505532180147,0.47428539816113446,0.00972853358267103,0.5008233130746456,12.313688639551193,25.62437587657784,18.921736013713573,6.8402805049088355,2.2851675237649993,4.981901199937665,14.206541997818295,10.965716066697833,22.9,70.6,93.5,0.13975770609318997,-0.14761726663549943,2.603886551347982,2.4433286582515192,36.2,4.259890914757675,9.024606513947328,0.0030543867851020724,0.09322424809100827,4.256836527972573,8.937537790244663,1.8504129655602306,4.470743338008415,5.718687860370889,11.693476702508962,17.415571139161607,2.3877138849929875,2.2851675237649993,3.555907745052205,1.7637275985663081,3.433476702508961,10.400292971793673,106.53470469066542,95.68567866604332,0.0,0.0,0.0,23.93299049400031,76.32719339255104,3.9315162848683185,4.787208976157082,478.0,297.0,1209.0,102.0,1056.0,188.0,3180.0,217.0,410.0,4.006532647654668,0.6827434626772635,0.1669430886707184,0.08320024933769675,0.0575860059217703,0.00972853358267103,0.5772926289543401,0.25702434159264453,0.240225151940159,0.27637148200093503,0.609917438055166,0.507059373539037,0.21613305282842452,1012.0,0.12700589060308556,0.030543867851020725,9.0,0.0,1,0,4,0.3118125,0.11737500000000001,0.0,5,6,7,0,3,5,6,0,0,0,0,0.0041875,0,0.0,0,0.0,0,0.0085625,4,0.2341875,,,1997,2012,16,0.990271466417329
Kobe Bryant,bryanko01,78,212.0,1978-08-23,,1997,2012,1996-11-03T00:00:00Z,True,16,NBA,LAL,SG,1161,1013.0,36.50043066322136,8.859603789836347,19.557278208440998,0.45300801550251035,1.2962962962962963,3.8518518518518516,0.33653846153846156,7.5633074935400515,15.705426356589147,0.4815728858177032,0.4861490354972254,6.37984496124031,7.615848406546081,0.8377064012666817,1.1748492678725238,4.11541774332472,5.290267011197244,4.666666666666667,1.483204134366925,0.5116279069767442,2.956072351421189,2.5762273901808785,25.3953488372093,42377.0,10286,22706,1505.0,4472.0,8781.0,18234.0,7407,8842,1364.0,4778.0,6142.0,5418,1722.0,594.0,3432.0,2991.0,29484,17.0,23.458222620761262,0.554012695565991,0.19630459919295842,0.3920673478537886,3.6826934421974182,12.561764636477331,8.166868820350661,23.842636335748164,2.117141373858461,1.0116147910423106,11.550746867404488,31.748266748472048,115.69999999999999,46.8,162.3,0.1839246997191873,4.87701819383156,0.08830969629751986,4.984173018382613,74.3,12.618481723576469,27.832630908275714,1.8423059678599238,5.473955211553437,10.769778417537816,22.350407060433724,9.085298628973264,10.841060008967128,1.6717205087665479,5.847497463246572,7.515961488543314,6.639658305212733,2.117141373858461,0.7226467187389385,4.196578332586073,3.676746820209076,36.12866885338745,111.26287844821483,104.84128182740638,1.0796894541850532,83.46657384902187,15.257922929891215,0.13014135026075466,0.0,5.688809967671142,5.784854992094768,1474.0,1079.0,997.0,432.0,3380.0,71.0,12274.0,771.0,1018.0,13.731970172499231,0.23345102296056822,0.126428180380867,0.17249904429289473,0.27134853812209453,0.19630459919295842,0.6373779880595607,0.43936019538900817,0.4252819925903202,0.4024785378861174,0.36610689760955234,0.6762415697194233,0.04580505934823134,937.0,0.09034816055879369,0.3344435188899639,48.0,1.0,5,2,14,0.441,0.6984999999999999,0.01675,9,12,13,10,12,14,15,0,1,1,1,0.253125,0,0.0,0,0.0166875,0,0.00225,0,0.016375,,,1997,2016,16,0.8036954008070415
Erick Dampier,dampier01,83,265.0,1975-07-14,Mississippi State,1997,2012,1996-11-06T00:00:00Z,False,16,NBA,"IND, GSW, DAL, MIA, ATL",C,987,771.0,24.319148936170212,2.8206686930091185,5.668693009118541,0.4975871313672922,0.002026342451874367,0.016210739614994935,0.125,2.818642350557244,5.652482269503546,0.4986556730596881,0.49776586237712245,1.7619047619047619,2.8156028368794326,0.6257646635480388,2.7588652482269502,4.338399189463019,7.09726443768997,0.8277608915906788,0.3343465045592705,1.4164133738601823,1.4539007092198581,2.906788247213779,7.405268490374874,24003.0,2784,5595,2.0,16.0,2782.0,5579.0,1739,2779,2723.0,4282.0,7005.0,817,330.0,1398.0,1435.0,2869.0,7309,0.0,14.267429071366081,0.5511605632629254,0.003009207182435529,0.5045777611131942,12.817202016414617,20.09610048743907,16.4671082781319,5.384660250801983,0.7295379744198641,4.2063658709328,17.760521601466486,15.341890597008708,23.299999999999997,29.9,52.6,0.10539290921968088,-1.4790234554014081,0.14718576844561096,-1.3384743573719953,4.199999999999999,6.098521018206057,12.240294963129609,0.00438278548514769,0.03237928592259301,6.098521018206057,12.210527850685333,3.814610673665792,6.0943757030371195,5.997829437986919,9.413435820522436,15.377956922051409,1.778790151231096,0.7295379744198641,3.0482023080448277,3.1512185976752907,6.299554222388867,16.011723534558183,108.0578261050702,103.89059700870725,0.0,0.0,0.0,0.39420072490938635,99.60579927509062,0.3403574553180852,0.17512394284047827,358.0,405.0,1607.0,291.0,1228.0,26.0,1886.0,228.0,616.0,3.7370786984960214,0.5968610590342874,0.3053005041036537,0.07596058825980087,0.01868241469816273,0.003009207182435529,0.636119318418531,0.36048856392950884,0.29406482523017957,0.26921159855018123,0.5752940465775112,0.09715452235137274,0.17694125734283214,826.0,0.04007986501687289,0.05332666749989585,6.0,0.0,0,0,0,0.0,0.0004375,0.00225,0,0,0,0,0,0,1,0,0,1,0,0.0,0,0.0,0,0.000125,0,0.0005,0,0.0,,,1997,2012,16,0.9969907928175645
Jermaine O'Neal,onealje01,83,226.0,1978-10-13,,1997,2012,1996-12-05T00:00:00Z,False,16,NBA,"POR, IND, TOR, MIA, BOS",C/PF,912,680.0,27.907894736842106,5.307017543859649,11.410087719298245,0.46511627906976744,0.015350877192982455,0.10416666666666667,0.14736842105263157,5.291666666666667,11.305921052631579,0.46804383667927457,0.4657889679031328,3.0833333333333335,4.343201754385965,0.7099217369351174,2.0,5.375,7.375,1.4276315789473684,0.4791666666666667,1.8662280701754386,1.9155701754385965,2.925438596491228,13.712719298245615,25452.0,4840,10406,14.0,95.0,4826.0,10311.0,2812,3961,1824.0,4902.0,6726.0,1302,437.0,1702.0,1747.0,2668.0,12506,1.0,18.037576614804337,0.5141666273770233,0.008753496778249254,0.38009181989627533,8.411390067578187,21.931459217350305,15.242146000314316,9.738723872387238,0.9259429514380009,5.007233223322332,12.76133899104196,25.163994970925664,17.799999999999997,43.4,61.400000000000006,0.11560561056105612,-0.4258211535439258,0.7857300015715858,0.38201713028445705,15.399999999999999,10.107370737073706,21.699426371208546,0.018332547540468334,0.20381895332390385,10.066831683168315,21.504722615118652,5.856667452459533,8.277545968882603,3.7994774477447746,10.226292629262925,14.025459688826025,2.710580700927236,0.9259429514380009,3.542385667138142,3.648605217664623,5.5764026402640265,26.093167531038816,101.33404054691184,99.71546440358321,0.0,0.0,0.20159515951595158,47.27986012887003,52.63826025459689,1.7758918749017758,1.2622622976583373,390.0,510.0,1496.0,390.0,1772.0,223.0,2948.0,375.0,1013.0,8.254093980826655,0.30308859814552885,0.3164132484677039,0.24111166116611663,0.13075986170045578,0.008753496778249254,0.6386241159830268,0.41233946251768033,0.374944680182304,0.37684354864057834,0.6264147414741473,0.371506757818639,0.09956066320917806,889.0,0.1734486484362722,0.0733990256168474,7.0,0.0,0,0,6,0.023499999999999997,0.06887499999999999,0.0,0,0,5,0,1,3,7,0,0,0,0,0.0265625,0,0.0,0,0.0,1,0.0263125,0,0.0010625,,,1997,2014,16,0.9912465032217507
Chauncey Billups,billuch01,75,202.0,1976-09-25,Colorado,1998,2013,1997-10-31T00:00:00Z,True,16,NBA,"BOS, TOR, DEN, MIN, DET, DEN, NYK, LAC",PG,1024,930.0,31.9326171875,4.603515625,11.068359375,0.4159167107817187,1.7734375,4.5673828125,0.3882830874492196,2.830078125,6.5009765625,0.4353312302839117,0.49602964531498145,4.380859375,4.8994140625,0.894159856487941,0.46484375,2.4296875,2.89453125,5.462890625,1.0185546875,0.1630859375,2.0634765625,2.09375,15.361328125,32699.0,4714,11334,1816.0,4677.0,2898.0,6657.0,4486,5017,476.0,2488.0,2964.0,5594,1043.0,167.0,2113.0,2144.0,15730,2.0,18.94882106486437,0.5799928132358787,0.41270041897305726,0.44145417291048655,1.6880179822012906,8.890045567142725,5.290846814887305,28.21643475335637,1.7012049298143672,0.3762316890424784,13.513367381265482,21.996042692437076,92.69999999999999,28.3,121.0,0.17762959111899446,3.5540658735741153,-0.24708400868528088,3.3100125386097434,44.0,7.69630263922444,18.459741888131138,2.972106180617144,7.621700969448607,4.725129208844307,10.859417719196307,7.312379583473501,8.169812532493347,0.7723569528120126,4.069075506896236,4.833747209394783,9.128979479494786,1.7012049298143672,0.28900883819077033,3.428854093397352,3.4747056484907795,25.652353282975017,117.64445395883666,106.97403590323863,80.20278907611853,19.500810422337075,0.3675647573320285,0.0,0.0,4.167937857426833,2.5525000764549373,1174.0,538.0,815.0,257.0,1649.0,57.0,12261.0,258.0,631.0,16.844738371204013,0.20181473439554726,0.06126649133001009,0.10446931098810361,0.2197344261292394,0.41270041897305726,0.5125098626869322,0.3480444050276767,0.38855267745190986,0.4110478607908499,0.2861268234502584,0.6058202085690695,0.002265420960885654,24.0,0.15348873054221843,0.39350142206183675,16.0,0.0,1,1,5,0.0824375,0.066875,0.0,0,2,8,0,1,3,7,0,0,0,0,0.0234375,0,0.0,0,0.0,0,0.0044375,0,0.000125,,,1998,2014,16,0.5872995810269427
Tim Duncan,duncati01,83,250.0,1976-04-25,Wake Forest,1998,2013,1997-10-31T00:00:00Z,True,16,NBA,SAS,PF,1180,1178.0,35.12457627118644,7.802542372881356,15.396610169491526,0.506770145310436,0.023728813559322035,0.13050847457627118,0.18181818181818182,7.7788135593220336,15.266101694915255,0.5095481292328189,0.5075407309555262,4.527966101694915,6.533898305084746,0.6929961089494163,2.8949152542372882,8.307627118644067,11.202542372881355,3.0610169491525423,0.7389830508474576,2.247457627118644,2.5432203389830508,2.440677966101695,20.156779661016948,41447.0,9207,18168,28.0,154.0,9179.0,18014.0,5343,7710,3416.0,9803.0,13219.0,3612,872.0,2652.0,3001.0,2880.0,23785,3.0,24.726518203971338,0.5517318985692571,0.008459816150746736,0.42379959948850343,9.873023379255434,26.548958911380797,18.484618910898256,16.459391512051532,1.115993919945955,4.574015007117524,12.227379544961035,27.694055058267185,90.7,93.5,184.1,0.21340070451419887,3.5722320071416505,2.285743238352595,5.874215262865828,82.3,11.854722899124182,23.374861871788067,0.020648056554153502,0.20998383477694407,11.812763288054624,23.191321446666826,6.876039279079307,9.934378845272276,4.387890559027191,12.625767848095157,17.02385938668661,4.641539797814076,1.115993919945955,3.413981711583468,3.865913093830675,3.731473930561923,30.63404588993172,109.71211426641253,95.33560933240041,0.0,0.0,0.6184283542837841,41.46111901947065,57.92045262624557,9.819277631674186,9.090274326247979,1175.0,960.0,1612.0,382.0,3470.0,52.0,8075.0,765.0,1313.0,8.03388423770116,0.30723791830530556,0.34095731898569254,0.20742299804569694,0.1357637705985958,0.008459816150746736,0.6884762950273844,0.4455969551475378,0.40662511158829345,0.415449127801771,0.5332481241103096,0.5400474099452313,0.06322983569377759,1061.0,0.1453787005090839,0.4048543923565035,13.0,0.0,4,3,14,0.4910625,0.6712499999999999,0.0625,8,14,16,10,13,14,16,1,1,1,2,0.26625,1,0.974,0,0.0,0,0.0,0,0.06237500000000001,,,1998,2016,16,0.9915401838492534
Vince Carter,cartevi01,78,220.0,1977-01-26,UNC,1999,2014,1999-02-05T00:00:00Z,True,16,NBA,"TOR, NJN, ORL, PHO, DAL",SG,1148,950.0,34.181184668989545,7.330139372822299,16.5897212543554,0.44184825413494355,1.5757839721254356,4.170731707317073,0.37781954887218044,5.7543554006968645,12.418989547038327,0.4633513361857333,0.4893410343922289,3.9642857142857144,4.95993031358885,0.7992623814541623,1.3040069686411149,3.6036585365853657,4.907665505226481,3.6951219512195124,1.1149825783972125,0.6480836236933798,2.042682926829268,2.8763066202090593,20.200348432055748,39240.0,8415,19045,1809.0,4788.0,6606.0,14257.0,4551,5694,1497.0,4137.0,5634.0,4242,1280.0,744.0,2345.0,3302.0,23190,5.0,20.044457186544342,0.5380388124362895,0.2584480632008155,0.29692622324159024,4.347594291539246,12.266931702344547,8.287971457696228,21.06146534148828,1.7161569826707441,1.4369062181447503,9.85033893985729,28.055196228338428,77.30000000000001,38.300000000000004,115.69999999999999,0.14149969418960245,3.6732033639143733,0.006582568807339454,3.6773267074413862,56.0,11.356011722731905,25.678318042813455,2.420876656472987,6.40493374108053,8.909225280326197,19.252423547400614,6.140626911314985,7.6800152905198775,2.013381753312946,5.564724770642202,7.583134556574924,5.716088175331295,1.7161569826707441,1.015815494393476,3.1731625891946993,4.4387589194699295,31.259100407747198,108.9362385321101,105.92938328236494,0.30063710499490315,60.487155963302754,37.87036187563711,1.2815749235474005,0.0,2.525,9.152403160040775,1104.0,593.0,1645.0,359.0,2121.0,134.0,9635.0,437.0,704.0,14.001134046890927,0.24474836901121302,0.12831072884811418,0.12448679918450561,0.24380642201834862,0.2584480632008155,0.5882235983690112,0.4130943934760449,0.38466625891946993,0.40376057594291537,0.4089324413863405,0.8105385066258919,0.049749439347604486,883.0,0.1713386850152905,0.410564245667686,39.0,0.0,0,0,8,0.00425,0.064625,0.0625,0,0,3,0,1,2,9,1,1,1,0,0.0031875000000000002,1,0.958,0,0.0013124999999999999,0,0.000625,0,0.0,,,1999,2020,16,0.7415519367991845
Al Harrington,harrial01,81,230.0,1980-02-17,,1999,2014,1999-02-05T00:00:00Z,False,16,NBA,"IND, ATL, IND, GSW, NYK, DEN, ORL, WAS",PF,981,445.0,28.551478083588176,5.125382262996942,11.537206931702345,0.4442481003710903,0.9959225280326198,2.831804281345566,0.3516918646508279,4.129459734964322,8.70540265035678,0.4743559718969555,0.4874094362961654,2.2466870540265034,3.08868501529052,0.7273927392739274,1.5239551478083588,4.064220183486238,5.588175331294598,1.6809378185524975,0.8746177370030581,0.25076452599388377,1.873598369011213,3.128440366972477,13.493374108053008,28009.0,5028,11318,977.0,2778.0,4051.0,8540.0,2204,3030,1495.0,3987.0,5482.0,1649,858.0,246.0,1838.0,3069.0,13237,0.0,14.265921668035276,0.5211966510764398,0.2302449569781142,0.270576743189689,6.055717804991253,16.352997250883643,11.162622728408726,10.135556428290908,1.5818236995251527,0.6515977007390481,12.85830268842158,23.19104930558035,17.4,25.0,42.6,0.07276521832268198,-0.577675033025099,-0.8873326430790103,-1.4803991574136885,3.5,9.25978078474776,20.81756935270806,1.762158591881181,5.010071762647719,7.498532614516764,15.810692991538435,4.07803206112321,5.590495912028277,2.765593202185012,7.35397550787247,10.121275304366453,3.0401763718804675,1.5818236995251527,0.45166553607768933,3.3999571566282265,5.648584383590989,24.326616444714197,101.82020064979113,106.78314113320718,0.0,0.5079438751829769,30.134563890178157,58.40419150987183,11.273662037202328,-1.0014209718304832,-1.323960155664251,612.0,500.0,1263.0,386.0,1318.0,174.0,3769.0,282.0,749.0,11.932146809953943,0.3290454496768896,0.12953118640437003,0.14803852333178621,0.1632491699096719,0.2302449569781142,0.5945614623870898,0.3302252847299082,0.38112303188260915,0.4024110107465458,0.5020379520868292,0.8892690563747367,0.04922981898675426,512.0,0.288532328894284,0.32423970866507196,19.0,1.0,0,0,0,0.0,0.0,0.0,0,0,0,0,0,0,0,0,0,0,0,0.0,0,0.0,0,0.0339375,0,0.0,0,0.0,,,1999,2014,16,0.7697550430218858
Nazr Mohammed,mohamna01,82,221.0,1977-09-05,Kentucky,1999,2014,1999-02-05T00:00:00Z,False,16,NBA,"PHI, ATL, NYK, SAS, DET, CHA, OKC, CHI",C,977,354.0,16.11463664278403,2.442169907881269,5.019447287615148,0.4865415986949429,0.0,0.008188331627430911,0.0,2.442169907881269,5.011258955987717,0.48733660130718953,0.4865415986949429,1.0440122824974412,1.631525076765609,0.6398996235884568,1.8382804503582395,2.9375639713408392,4.7758444216990785,0.38075742067553736,0.43807574206755373,0.6489252814738997,0.9303991811668373,2.186284544524053,5.928352098259979,15744.0,2386,4904,0.0,8.0,2386.0,4896.0,1020,1594,1796.0,2870.0,4666.0,372,428.0,634.0,909.0,2136.0,5792,0.0,15.006027693089433,0.51495699949187,0.001677146849593496,0.32342358993902437,13.348659806910568,21.018165650406505,17.204814532520327,4.057691819105691,1.427782012195122,3.0471354166666664,14.014310213414634,19.04911712398374,11.3,22.9,34.2,0.10424936483739837,-2.0243711890243903,-0.48379700203252035,-2.5304496951219515,-2.2,8.025076219512194,16.52416793699187,0.0,0.018991361788617885,8.025076219512194,16.49289888211382,3.4418635670731708,5.352559705284554,6.062893800813008,9.68634400406504,15.72189405487805,1.2545858739837397,1.427782012195122,2.1375190548780485,3.0755144817073172,7.207082063008129,19.51441819105691,103.12868394308943,102.05055894308943,0.0,0.0,0.0,17.8140243902439,82.1859756097561,-2.6579776422764225,-3.321303353658537,241.0,288.0,1233.0,184.0,750.0,26.0,808.0,168.0,510.0,5.881935975609756,0.4787196392276423,0.25051073424796744,0.19662842987804877,0.07221982977642276,0.001677146849593496,0.6052919842479675,0.3814470909552846,0.38900832063008134,0.3029672891260162,0.6195904471544715,0.0,0.1037150025406504,426.0,0.08130081300813008,0.0,2.0,0.0,1,0,0,0.0,0.0,0.0,0,0,0,0,0,0,0,0,0,0,0,0.0,0,0.0,0,0.0,0,0.0,0,0.0,,,1999,2016,16,0.9983228531504066
Dirk Nowitzki,nowitdi01,84,245.0,1978-06-19,,1999,2014,1999-02-05T00:00:00Z,True,16,NBA,DAL,PF,1188,1157.0,35.861111111111114,7.918350168350169,16.622895622895623,0.47635203564917966,1.2382154882154883,3.234848484848485,0.3827738745771533,6.68013468013468,13.388047138047138,0.49896259038038354,0.5135963135507393,5.472222222222222,6.228956228956229,0.8785135135135135,1.112794612794613,6.962962962962963,8.075757575757576,2.6422558922558923,0.872895622895623,0.9217171717171717,1.8585858585858586,2.478956228956229,22.54713804713805,42603.0,9407,19748,1471.0,3843.0,7936.0,15905.0,6501,7400,1322.0,8272.0,9594.0,3139,1037.0,1095.0,2208.0,2945.0,26786,2.0,23.47769171185128,0.5815955683872028,0.19867032838063045,0.3744771494965143,3.5846184540994765,21.745837147618712,12.790660282139756,13.169227519188789,1.2653921085369575,1.9145717437739127,8.814649203107763,27.0240170879985,131.60000000000002,53.099999999999994,184.8,0.20819925826819707,4.719322582916695,0.445416989413891,5.145989719033871,77.2,11.541048752435275,24.223179118841397,1.8035466985893012,4.696913362908715,9.735624251813253,19.522730793606083,7.981102269793206,9.087972677980423,1.6141375020538462,10.1372626340868,11.774745909912447,3.8527005140483057,1.2653921085369575,1.3504354153463372,2.7170833039926765,3.609428913456799,32.861115414407436,116.71926859610825,103.67844987442199,0.0,0.0,0.8747740769429383,73.55925639039505,25.605168650095063,6.735168884820318,10.528488604088913,1056.0,665.0,1786.0,267.0,2805.0,113.0,7175.0,617.0,704.0,14.74426214116377,0.15782423772973733,0.08876440626246979,0.24270910499260612,0.31205321221510224,0.19867032838063045,0.6519115555242588,0.4062420721545431,0.46306929089500737,0.47753529094195246,0.5575849588057179,0.9297624815153863,0.020970377672933832,383.0,0.11167347369903528,0.40140518273361037,20.0,0.0,1,1,12,0.0010625,0.4218125,0.0044375,0,0,1,4,9,12,14,0,0,1,1,0.1130625,0,0.0,0,0.0,0,0.0159375,0,0.0,,,1999,2019,16,0.8013296716193694
Paul Pierce,piercpa01,79,235.0,1977-10-13,Kansas,1999,2014,1999-02-05T00:00:00Z,True,16,NBA,"BOS, BRK",SF,1177,1167.0,36.07306711979609,6.969413763806287,15.583687340696686,0.4472249482063025,1.6440101954120645,4.441801189464741,0.3701224177505738,5.325403568394223,11.141886151231946,0.47796248284276344,0.49997274015919746,5.683942225998301,7.042480883602379,0.8070937386898299,0.8785046728971962,5.067969413763806,5.946474086661002,3.808836023789295,1.4180118946474087,0.5938827527612575,2.8598130841121496,2.8156329651656753,21.26677994902294,42458.0,8203,18342,1935.0,5228.0,6268.0,13114.0,6690,8289,1034.0,5965.0,6999.0,4483,1669.0,699.0,3366.0,3314.0,25031,9.0,20.36915069009374,0.5712462197936784,0.28791174808045594,0.4509667436054454,2.8338593433510764,16.345529699938762,9.663154175891469,19.417723397239623,2.0508478967450183,1.2672405671487117,13.317504357247161,27.50575627679118,84.5,59.3,143.7,0.16234306844410948,3.440741438598144,0.5948984879174714,4.026482641669415,64.5,10.0849875170757,22.563903151349567,2.3794102407084647,6.442811719817231,7.713238965565972,16.123726977248104,8.228286777521316,10.190790899241604,1.2783244618210938,7.3376960761222865,8.607315464694523,5.509736680955297,2.0508478967450183,0.8772339723962503,4.141014649771538,4.096160911960054,30.785453860285454,109.42997786047388,102.58448348956615,0.07348438456827924,26.766145367186397,67.96516557539215,5.132342550284988,0.06971595459041877,3.5735385557492108,6.945986622073579,1450.0,1061.0,1612.0,459.0,3285.0,154.0,10158.0,709.0,1090.0,14.022236092138112,0.27012452305808093,0.0846879504451458,0.14153250270855905,0.21578833199868103,0.28791174808045594,0.6123989825239059,0.329489189316501,0.41060579867162844,0.4153909510575157,0.4429999528946253,0.861745018606623,0.027622756606528805,470.0,0.13290463516887277,0.38496843939893544,25.0,1.0,1,1,10,0.003125,0.10825,0.0625,0,0,2,0,1,4,13,1,1,1,0,0.0025000000000000005,0,0.017,0,0.0,0,0.000125,0,0.0,,,1999,2017,16,0.7120882519195441
Antawn Jamison,jamisan01,81,223.0,1976-06-12,UNC,1999,2014,1999-02-06T00:00:00Z,False,16,NBA,"GSW, DAL, WAS, CLE, LAL, LAC",PF,1083,864.0,34.75346260387812,7.090489381348107,15.719298245614034,0.4510690789473684,1.0738688827331486,3.1071098799630654,0.34561664190193164,6.016620498614959,12.612188365650969,0.47704810015374477,0.4852267387218045,3.2511542012927053,4.487534626038781,0.724485596707819,2.361034164358264,5.170821791320407,7.531855955678671,1.626038781163435,0.9676823638042474,0.38873499538319484,1.58264081255771,2.3822714681440442,18.506001846722068,37638.0,7679,17024,1163.0,3365.0,6516.0,13659.0,3521,4860,2557.0,5600.0,8157.0,1761,1048.0,421.0,1714.0,2580.0,20042,0.0,18.142515542802485,0.5242120729050428,0.19962590998459007,0.2859066900472927,7.336274509803922,17.202263669695522,12.140065890854986,8.521818375046497,1.4358520644029968,0.8294144215951963,8.174422126574207,24.400276316488654,65.1,23.0,87.9,0.11202112227004624,2.202765821775865,-1.6112652106913228,0.5768930336362187,24.4,10.545618789521228,23.390419257133747,1.5860832137733143,4.6339470747648654,8.946004038471756,18.76488389393698,4.821470322546363,6.680920877836229,3.515285084223391,7.7137865986503,11.224209575429088,2.4181943780222115,1.4358520644029968,0.5856846803762156,2.3613103778096605,3.545663956639567,27.543772251448004,109.3905627291567,108.9583931133429,0.0,0.7160848079069027,40.06934481109517,57.95156490780594,1.4844040597268717,-2.1984882299803394,3.2615813805196874,756.0,528.0,1420.0,246.0,1983.0,102.0,3964.0,484.0,820.0,11.959025452999628,0.24665287741112707,0.2531080025506137,0.1021979116849992,0.19838833094213296,0.19962590998459007,0.6717649450023911,0.4307982889632819,0.3500446623093682,0.36758504702694084,0.6711164514586322,0.9767961368829376,0.012261517615176153,199.0,0.2285147191667995,0.3418320580264626,9.0,0.0,0,0,2,0.0,0.003125,0.0234375,0,0,0,0,0,0,6,0,1,1,0,6.25e-05,0,0.0,1,0.0351875,0,0.000125,0,0.0,,,1999,2014,16,0.80037409001541
Rashard Lewis,lewisra02,82,215.0,1979-08-08,,1999,2014,1999-02-09T00:00:00Z,False,16,NBA,"SEA, ORL, WAS, MIA",SF,1049,842.0,31.974261201143946,5.380362249761678,11.896091515729266,0.4522798301145925,1.7035271687321258,4.408960915157293,0.38637837837837835,3.676835081029552,7.487130600571973,0.4910873440285205,0.5238801185992468,2.387035271687321,2.965681601525262,0.8048858887817422,1.351763584366063,3.8274547187797903,5.179218303145853,1.682554814108675,1.0629170638703527,0.5157292659675882,1.5033365109628218,2.3164918970448047,14.851286939942803,33541.0,5644,12479,1787.0,4625.0,3857.0,7854.0,2504,3111,1418.0,4015.0,5433.0,1765,1115.0,541.0,1577.0,2430.0,15579,0.0,16.770704510897108,0.5614079484809636,0.37411681225962257,0.24553817715631618,4.9659759697087145,13.89593333532095,9.468656271428996,8.924438746608628,1.7687904355862973,1.223162696401419,10.319030440356578,21.096783041650514,61.0,29.8,90.9,0.13005506693300736,2.16461345815569,-0.2777317313139144,1.916845055305447,33.0,8.883882412569692,19.653614978682803,2.808649116007275,7.249232282877672,6.075233296562417,12.382433439670852,3.9545600906353426,4.895360901583136,2.22678512864852,6.317691780209295,8.54275364479294,2.773882710712263,1.7687904355862973,0.8503711875018634,2.4871888136907065,3.82078650010435,24.529870904266417,111.64044005843594,106.80116871888137,0.0,0.8191467159595719,50.0905757133061,48.01201514564265,1.3659103783429236,2.423114993589935,2.300554545183507,650.0,440.0,1159.0,299.0,1167.0,45.0,4142.0,289.0,514.0,14.758391222682688,0.18543394651322262,0.17794344235413373,0.12547604424435768,0.13702429861959992,0.37411681225962257,0.659995796189738,0.4418786857875436,0.40516215974479,0.3967011717003071,0.526257744253302,0.9561308249604961,0.039700545600906356,471.0,0.3399088876300647,0.40752046748755255,25.0,0.0,1,0,2,0.0,0.0016250000000000001,0.0,0,0,0,0,0,0,3,0,0,0,0,0.0,0,0.0,0,0.0,0,0.000625,0,0.0,,,1999,2014,16,0.6258831877403774
Shawn Marion,mariosh01,79,220.0,1978-05-07,"Vincennes University, UNLV",2000,2015,1999-11-02T00:00:00Z,False,16,NBA,"PHO, MIA, TOR, DAL, CLE",SF,1163,1062.0,34.47721410146174,6.267411865864145,12.945829750644885,0.4841259298618491,0.6801375752364575,2.055030094582975,0.3309623430962343,5.587274290627687,10.890799656061908,0.5130270014211274,0.510394527098831,2.004299226139295,2.473774720550301,0.8102189781021898,2.349097162510748,6.336199484092863,8.68529664660361,1.88993981083405,1.5124677558039552,1.060189165950129,1.5047291487532244,2.179707652622528,15.219260533104041,40097.0,7289,15056,791.0,2390.0,6498.0,12666.0,2331,2877,2732.0,7369.0,10101.0,2198,1759.0,1233.0,1750.0,2535.0,17700,0.0,18.810763897548444,0.5414639998004839,0.15688540289797243,0.18826939671297105,7.85289423148864,20.529022121355712,14.286230890091527,9.03999052298177,2.2584582387709804,2.2277950968900413,9.804389355812155,20.363376312442327,63.8,61.3,125.0,0.14956862109384744,1.7200738209841135,0.9847220490310994,2.7142828640546677,47.6,9.354625034291843,19.343768860513254,1.0023792303663617,3.0692620395540815,8.335970272090181,16.273359602962813,2.9837718532558544,3.6827518268199615,3.5123824725041772,9.443260094271393,12.958336035114847,2.810838716113425,2.2584582387709804,1.5828116816719455,2.2408783699528643,3.2564007282340324,22.702209641619074,110.05030301518816,101.45724119011398,0.027458413347631994,2.7146170536449112,62.9236102451555,34.23759882285458,0.2630121954260917,2.7994463426191483,2.0471082624635257,823.0,559.0,1509.0,133.0,1213.0,62.0,5074.0,250.0,715.0,9.704129984786892,0.3409723670100008,0.22458994438486668,0.1715011098087139,0.10583066064792877,0.15688540289797243,0.6769057784871686,0.42391143975858536,0.39790173828465975,0.3380413746664339,0.6898224555453026,0.9756529914956231,0.10705496670573858,1482.0,0.5154667930269098,0.32549796742898474,15.0,0.0,1,0,4,0.061062500000000006,0.048125,0.0379375,0,0,9,0,0,2,7,0,1,1,0,0.000125,0,0.0,0,0.0,0,0.0035,0,0.021312499999999998,,,2000,2015,16,0.8431145971020276
Andre Miller,millean02,75,200.0,1976-03-19,Utah,2000,2015,1999-11-02T00:00:00Z,False,16,NBA,"CLE, LAC, DEN, PHI, POR, DEN, WAS, SAC",PG,1265,935.0,31.46798418972332,4.724110671936759,10.27509881422925,0.4597630404677643,0.1509881422924901,0.6956521739130435,0.21704545454545454,4.573122529644269,9.579446640316206,0.4773890080871431,0.46711032466533314,3.1549407114624506,3.907509881422925,0.8074044102771596,1.0758893280632411,2.674308300395257,3.750197628458498,6.6695652173913045,1.209486166007905,0.17944664031620552,2.4379446640316207,2.241897233201581,12.754150197628459,39807.0,5976,12998,191.0,880.0,5785.0,12118.0,3991,4943,1361.0,3383.0,4744.0,8437,1530.0,227.0,3084.0,2836.0,16134,9.0,17.46795538473133,0.5316630743336599,0.06872080287386642,0.3786328283970156,3.982304619790489,9.902642751274902,6.94668776848293,34.77967694124149,1.9998442484990073,0.44086215992162187,17.03988243273796,20.701431908960735,68.9,30.700000000000003,99.9,0.12036631748184992,1.5429773657899364,-0.2205265405581933,1.3051071419599567,33.3,7.842781420353203,17.088818549501344,0.25824352500816433,1.1625015700756147,7.598716306177305,15.914178410832264,5.244713241389705,6.499703569723918,1.78352551058859,4.43108498505288,6.221765016203181,11.051011128695958,1.9998442484990073,0.3012058180721984,4.050953349913332,3.7064184691134723,21.195096339839726,109.71304042002663,107.65684427362022,82.28030245936644,17.271736126811867,0.66425503052227,0.0,0.0,0.8481422865325194,3.9586906825432715,1769.0,730.0,951.0,284.0,1909.0,197.0,18286.0,392.0,1076.0,10.024302258396766,0.3408785891928555,0.1732740723993267,0.21821802698017936,0.19885158389228025,0.06872080287386642,0.6062518401286205,0.40429929409400356,0.4052108925565855,0.4009548571859221,0.29965702012208906,0.6911386690783028,0.0016750571507523804,18.0,0.10963745069962569,0.24052804783078355,120.0,3.0,0,0,0,0.0105625,0.004,0.0546875,0,0,7,0,0,0,3,1,1,1,0,0.0,0,0.017,0,0.000875,0,0.0015,0,0.0,,,2000,2016,16,0.9312791971261335
Jason Terry,terryja01,74,185.0,1977-09-15,Arizona,2000,2015,1999-11-02T00:00:00Z,False,16,NBA,"ATL, DAL, BOS, BRK, HOU",SG,1213,668.0,31.819455894476505,5.440230832646331,12.211046990931575,0.44551714825816907,1.7114591920857378,4.503709810387469,0.3800109829763866,3.7287716405605935,7.707337180544106,0.4837950582950048,0.5155954631379962,2.2357790601813683,2.643858202802968,0.8456501403180543,0.38582028029678483,2.12118713932399,2.507007419620775,4.249793899422919,1.210222588623248,0.19208573784006594,1.900247320692498,1.9282769991755977,14.82769991755977,38597.0,6599,14812,2076.0,5463.0,4523.0,9349.0,2712,3207,468.0,2573.0,3041.0,5155,1468.0,233.0,2305.0,2339.0,17986,1.0,16.820965360002074,0.5549604114309402,0.3764544912817058,0.21461414099541415,1.413861180920797,7.5144026737829375,4.529305386428996,23.07730911728891,2.0009093971034018,0.4482990906028966,12.54611239215483,21.993854444645958,68.1,29.7,97.69999999999999,0.1214178822188253,2.1105940876233906,-0.31195429696608545,1.7916185195740604,36.9,9.000230587869524,20.190968209964506,2.822082027100552,7.4461668005285375,6.1655543176930845,12.75860040935824,3.6856620980905253,4.374966966344534,0.6412596833950825,3.486817628313082,4.149967614063269,7.0266186491178075,2.0009093971034018,0.31228592895820917,3.1318211259942483,3.180405212840376,24.52684664611239,110.52916029743244,107.63002305878695,50.44506049692981,47.07187087079307,2.5663393527994405,0.0,0.0,1.5594838977122576,2.5401067440474647,1359.0,559.0,929.0,151.0,1104.0,90.0,11376.0,210.0,611.0,16.560388113065784,0.1437081897556805,0.09388548332771977,0.1465549654118196,0.2396314480400031,0.3764544912817058,0.5954872917584269,0.4186403088322927,0.4476450760421794,0.4716262144726274,0.3924603725678162,0.8158500401585614,0.007043319428971163,104.0,0.26310586314998574,0.40598163069668625,23.0,2.0,1,0,0,0.0010625,0.0001875,0.01675,0,0,1,0,0,0,1,0,1,1,0,0.0,0,0.0,1,0.12106249999999999,0,0.002,0,0.0,,,2000,2018,16,0.6235455087182941
Metta World Peace,artesro01,79,260.0,1979-11-13,St. John's,2000,2016,1999-11-03T00:00:00Z,False,16,NBA,"CHI, IND, SAC, HOU, LAL, NYK, LAL",SF,966,838.0,32.38095238095238,4.8105590062111805,11.592132505175984,0.41498481871762816,1.1853002070393375,3.4824016563147,0.34036860879904873,3.6252587991718426,8.109730848861284,0.4470257850395711,0.46611001964636545,2.652173913043478,3.7060041407867494,0.7156424581005587,1.194616977225673,3.389233954451346,4.583850931677019,2.712215320910973,1.7712215320910973,0.5383022774327122,1.8467908902691512,2.658385093167702,13.458592132505176,31280.0,4647,11198,1145.0,3364.0,3502.0,7834.0,2562,3580,1154.0,3274.0,4428.0,2620,1711.0,520.0,1784.0,2568.0,13001,0.0,14.86783567774936,0.506740888746803,0.3081524936061381,0.31411099744245524,4.276723145780052,11.998462276214834,8.162186700767263,14.48440537084399,2.8875159846547316,1.246390664961637,12.18525895140665,21.25750959079284,20.0,41.2,61.3,0.09414562020460358,-0.02557225063938621,1.2500543478260868,1.2342423273657288,25.5,7.7993158567774925,18.79348145780051,1.912842071611253,5.637336956521739,5.8821483375959085,13.17241368286445,4.309712276214833,6.030664961636829,1.9363586956521737,5.481780690537084,7.4390313299232735,4.401297953964193,2.8875159846547316,0.8554603580562661,3.0088682864450127,4.318027493606138,21.823494245524294,102.09219948849105,103.31777493606138,0.0,6.084718670076726,82.70626598465473,11.150479539641944,0.16317135549872122,3.1853996163682865,6.9996259590792835,624.0,477.0,833.0,352.0,1536.0,90.0,5865.0,327.0,791.0,13.528168158567775,0.30949709079283894,0.106283631713555,0.08255975063938618,0.19351288363171357,0.3081524936061381,0.5645020780051151,0.30586358695652177,0.3685970907928388,0.36528315217391305,0.45121496163682867,0.8168054347826087,0.024611157289002556,242.0,0.2739648976982097,0.32346723145780054,10.0,0.0,1,0,1,0.1905625,0.009125,0.03125,2,4,11,0,0,1,1,0,1,1,0,0.0,0,0.0,0,0.0,0,0.0015,1,0.0801875,,,2000,2017,16,0.6918475063938618
Elton Brand,brandel01,81,275.0,1979-03-11,Duke,2000,2015,1999-11-03T00:00:00Z,False,16,NBA,"CHI, LAC, PHI, DAL, ATL",PF,1041,867.0,33.318924111431315,6.309317963496638,12.596541786743515,0.5008769922977199,0.0019212295869356388,0.01921229586935639,0.1,6.307396733909703,12.57732949087416,0.5014893454517682,0.5009532524975215,3.4764649375600385,4.726224783861672,0.7355691056910569,3.165225744476465,5.45821325648415,8.623439000960614,2.080691642651297,0.8943323727185398,1.7483189241114314,1.968299711815562,2.9615754082612873,16.09702209414025,34685.0,6568,13113,2.0,20.0,6566.0,13093.0,3619,4920,3295.0,5682.0,8977.0,2166,931.0,1820.0,2049.0,3083.0,16757,1.0,20.559273461150354,0.547255730142713,0.0016625342367017444,0.37068424390947097,11.038296093412137,18.92588150497333,14.998711258469081,11.66980539137956,1.418143289606458,3.938399884676373,11.788182211330545,22.884987746864642,65.9,43.599999999999994,109.5,0.15148335015136224,1.940614098313392,0.34022488107250975,2.280761135937725,37.3,10.038832348277355,20.004840709240305,0.0,0.02306472538561338,10.029897650281102,19.965867089519964,5.52166642640911,7.507190428138964,5.029358512325213,8.65581086925184,13.673908029407524,3.2979212916246214,1.418143289606458,2.7759925039642503,3.128839556004036,4.678512325212628,25.55974917111143,110.17131324780165,103.36906443707655,0.0,0.0,1.405160732305031,67.70448320599682,30.97742540002883,-1.849257604151651,2.8041026380279654,510.0,764.0,1555.0,322.0,2206.0,52.0,4911.0,604.0,811.0,8.40477439815482,0.2971043967132766,0.26711987891019173,0.3136500504540868,0.1206623035894479,0.0016625342367017444,0.6481549661236845,0.4620349718898659,0.43500680409398873,0.3809793859016866,0.6332210465619144,0.17805967997693528,0.0458622170967277,581.0,0.24015663831627507,0.0,1.0,0.0,0,0,2,0.004125,0.035562500000000004,0.0625,0,0,2,0,1,1,6,1,1,1,0,0.0025625,1,0.479,0,0.0,0,0.0011250000000000001,0,0.0003125,,,2000,2016,16,0.9983374657632982
Jamal Crawford,crawfja01,77,185.0,1980-03-20,Michigan,2001,2016,2000-10-31T00:00:00Z,False,16,NBA,"CHI, NYK, GSW, ATL, POR, LAC",SG,1100,432.0,30.87909090909091,5.371818181818182,13.102727272727273,0.4099771040033303,1.7572727272727273,5.035454545454545,0.3489799602816393,3.6145454545454547,8.067272727272726,0.44805048456164076,0.47703462152223686,3.022727272727273,3.5090909090909093,0.8613989637305699,0.38181818181818183,2.0136363636363637,2.3954545454545455,3.5545454545454547,0.95,0.21454545454545454,1.9527272727272726,1.5745454545454545,15.523636363636363,33967.0,5909,14413,1933.0,5539.0,3976.0,8874.0,3325,3860,420.0,2215.0,2635.0,3910,1045.0,236.0,2148.0,1732.0,17076,0.0,15.526525745576588,0.5288726999735037,0.38273789266052344,0.2679954661877705,1.4159360555833602,7.527759295787087,4.443933818117585,19.79335237141932,1.602152088792063,0.5382165042541289,11.911793799864576,24.28204139311685,40.5,16.7,57.300000000000004,0.08113106838990786,1.5973327052727646,-1.3628080195483852,0.22661112256013188,19.2,9.040662996437717,22.039532487414252,2.953949421497336,8.478473224011543,6.090069773603791,13.575832425589544,5.078711690758678,5.897297376865781,0.6386728295109959,3.3897135455000442,4.02594577089528,5.978119939941708,1.602152088792063,0.36671180852003415,3.2965908087261164,2.6626490417169606,26.107050961227074,105.765566579327,110.40236111520005,25.512055818883034,62.008714340389204,12.296052050519622,0.1898901875349604,0.0,-2.0099361144640384,-0.5921894780227869,1120.0,542.0,746.0,188.0,1393.0,78.0,8598.0,310.0,494.0,16.91468484116937,0.14170768687255278,0.10928086083551683,0.11064544999558394,0.2558863602908706,0.38273789266052344,0.5530095092295464,0.4155709070568493,0.40926899637883835,0.4190555833603203,0.2977576176877557,0.7655986692966703,0.0074788471163187795,93.0,0.26396711514116644,0.3882904878264198,66.0,4.0,0,0,0,0.0,0.0,0.001125,0,0,0,0,0,0,0,0,0,1,0,0.0,0,0.0,3,0.1895625,0,0.0,0,0.0,,,2001,2020,16,0.6172621073394766
Mike Miller,millemi01,80,218.0,1980-02-19,Florida,2001,2016,2000-10-31T00:00:00Z,False,16,NBA,"ORL, MEM, MIN, WAS, MIA, MEM, CLE, DEN",SF,1012,570.0,27.33300395256917,3.9594861660079053,8.620553359683795,0.4593076570380559,1.5632411067193677,3.843873517786561,0.40668380462724935,2.3962450592885376,4.776679841897233,0.501654944145635,0.5499770747363595,1.33300395256917,1.7341897233201582,0.7686609686609687,0.6225296442687747,3.66403162055336,4.286561264822135,2.6126482213438735,0.5642292490118577,0.22628458498023715,1.5296442687747036,2.0098814229249014,10.815217391304348,27661.0,4007,8724,1582.0,3890.0,2425.0,4834.0,1349,1755,630.0,3708.0,4338.0,2644,571.0,229.0,1548.0,2034.0,10945,1.0,14.358125158164926,0.576589891905571,0.4592476049311305,0.19578666714869314,2.6530530349589676,15.641553089186942,9.11217237265464,15.80636997939337,1.0836448429196341,0.6394165069954088,14.309319981200968,18.205440873431908,39.2,21.6,60.599999999999994,0.10534557680488775,1.251509345287589,-0.40993456491088537,0.8412927949098008,19.7,7.582849499295037,16.513741368714076,3.003871877372474,7.365605003434438,4.584284733017606,9.156371786992516,2.540858971114566,3.3341455478833013,1.1852861429449404,7.026864538519937,8.199114276418062,5.011073352373377,1.0836448429196341,0.42713929359025343,2.9207873901883517,3.859365171179639,20.719066555800584,109.95383391779039,107.89989515924948,0.11836159213332852,31.25953508549944,63.842232746466145,4.807888362676692,0.013484689635226492,-0.4843859585698276,-0.1164780738223492,773.0,359.0,940.0,257.0,660.0,82.0,5952.0,192.0,371.0,16.78222406999024,0.2233131484761939,0.05489107407541304,0.04526513864285456,0.21763699793933694,0.4592476049311305,0.6526783558078161,0.36462365785763345,0.3052455804200861,0.41759845992552685,0.5426303098224937,0.9142718629116807,0.017791511514406565,151.0,0.17378847474783993,0.4145201908824699,1.0,0.0,2,0,0,0.0,0.0,0.0625,0,0,0,0,0,0,0,1,1,1,0,0.0,1,0.605,1,0.0509375,0,0.0,0,0.0,,,2001,2017,16,0.5407523950688695
Richard Jefferson,jefferi01,79,233.0,1980-06-21,Arizona,2002,2017,2001-10-30T00:00:00Z,False,16,NBA,"NJN, MIL, SAS, GSW, UTA, DAL, CLE",SF,1161,809.0,29.397071490094746,4.425495262704565,9.539190353143841,0.46392776523702034,0.8957795004306632,2.378983634797588,0.3765387400434468,3.5297157622739017,7.160206718346253,0.49296282930350055,0.5108803611738149,3.0645994832041343,3.9896640826873386,0.7681347150259067,0.7881136950904393,3.2627045650301465,4.050818260120586,2.0645994832041343,0.6761412575366064,0.2980189491817399,1.5185185185185186,2.2618432385874248,12.811369509043928,34130.0,5138,11075,1040.0,2762.0,4098.0,8313.0,3558,4632,915.0,3788.0,4703.0,2397,785.0,346.0,1763.0,2626.0,14874,1.0,14.462754175212423,0.568125959566364,0.2698358335774978,0.4065501025490771,3.099531204219162,12.853984764137122,7.9680134778787,12.049232346908877,1.1996308233225899,0.7596454731907413,11.751549956050397,19.984646938177555,49.6,33.2,83.1,0.11663149721652506,0.40325813067682387,-0.1400351596835629,0.2641576325813068,19.4,7.893237620861411,17.02260474655728,1.5814561968942282,4.220445355991796,6.31568414884266,12.808869030178727,5.478092587166715,7.110767653091123,1.404148842660416,5.82111046000586,7.2170260767653085,3.6968795780837973,1.1996308233225899,0.5157515382361558,2.708244945795488,4.017447992968063,22.863744506299444,110.27421623205392,106.76261353647817,0.0,4.122238499853501,84.43170231467917,11.378200996191035,0.016642250219748023,1.2138675651919133,1.0833225900966892,728.0,503.0,1189.0,301.0,2013.0,139.0,5438.0,381.0,656.0,12.90604746557281,0.32207090536185173,0.09515505420451216,0.07547752710225607,0.23735388221506007,0.2698358335774978,0.6495915323762086,0.3439109288016408,0.36451084090243185,0.3908489012598887,0.6587908291825374,0.9349397304424261,0.0908729563433929,877.0,0.39284526809258713,0.3842959859361266,7.0,0.0,1,0,0,0.0031875000000000002,0.0,0.0390625,0,0,3,0,0,0,0,0,1,1,0,0.0,0,0.024,0,0.0,0,0.002875,0,0.0,,,2002,2018,16,0.7301641664225021
Joe Johnson,johnsjo02,79,240.0,1981-06-29,Arkansas,2002,2017,2001-10-30T00:00:00Z,False,16,NBA,"BOS, PHO, ATL, BRK, MIA, UTA",SG,1221,1087.0,35.24078624078624,6.2866502866502865,14.217035217035217,0.4421913704706492,1.5872235872235871,4.247338247338248,0.37369841881989974,4.6994266994266995,9.969696969696969,0.47137106711574794,0.49801255832709257,2.2465192465192465,2.8034398034398036,0.801343850423605,0.8624078624078624,3.14004914004914,4.002457002457002,4.027846027846028,0.8624078624078624,0.2072072072072072,1.9672399672399672,1.7895167895167896,16.407043407043407,43029.0,7676,17359,1938.0,5186.0,5738.0,12173.0,2743,3423,1053.0,3834.0,4887.0,4918,1053.0,253.0,2402.0,2185.0,20033,2.0,15.657702944525782,0.5294850449696716,0.30077222338422926,0.1923570382765112,2.816537683887611,10.288965581352112,6.56047549327198,19.821366985056592,1.2707453113016802,0.44710544051686074,11.300957493783264,22.653645216017104,56.900000000000006,25.1,82.0,0.09137537474726347,1.574528806153989,-1.098705524181366,0.47154012410234963,26.9,9.374714727276952,21.22743266169328,2.3574240628413397,6.343036091937996,7.011782751167817,14.877136349903555,3.356257407794743,4.2032838318343435,1.2807106834925281,4.675451439726696,5.948611401612865,6.01270073671245,1.2707453113016802,0.3041925213228288,2.927446605777499,2.6619930744381697,24.498068744335214,107.34083989867298,109.92825768667643,3.323665434939227,54.07044086546283,39.619163819749474,2.919147551651212,0.0,0.7835343605475377,3.100230077389668,1110.0,757.0,877.0,246.0,1205.0,61.0,11275.0,256.0,630.0,14.754300587975553,0.15708461735108878,0.1922886657835413,0.12905714750517094,0.22090669083641265,0.30077222338422926,0.5929585163494386,0.49645418206325964,0.4280074136047782,0.38688702967765926,0.3123476492598016,0.8620718120337447,0.008823374933184596,138.0,0.3760224267354575,0.4030625392177369,50.0,3.0,0,0,7,0.0124375,0.019125,0.0,0,0,6,0,0,1,7,0,1,1,0,0.000125,0,0.0,0,0.000125,0,0.0026875000000000002,0,0.0,,,2002,2022,16,0.6992277766157707
Tony Parker,parketo01,74,185.0,1982-05-17,,2002,2017,2001-10-30T00:00:00Z,True,16,NBA,SAS,PG,1143,1130.0,31.675415573053368,6.4619422572178475,13.10498687664042,0.4930903264570399,0.4339457567804024,1.3254593175853018,0.32739273927392737,6.027996500437445,11.779527559055119,0.5117349970291146,0.5096468389078043,2.846894138232721,3.7821522309711284,0.7527180198935924,0.3674540682414698,2.447944006999125,2.8153980752405947,5.804024496937883,0.8783902012248469,0.07874015748031496,2.3814523184601923,1.709536307961505,16.20472440944882,36205.0,7386,14979,496.0,1515.0,6890.0,13464.0,3254,4323,420.0,2798.0,3218.0,6634,1004.0,90.0,2722.0,1954.0,18522,1.0,18.488225383234358,0.5464787736500483,0.10887156470100814,0.2863872945725728,1.375011738710123,8.741800856235328,5.159094047783455,32.291224968926954,1.4838254384753486,0.18135340422593565,14.016017124706533,25.195539290153295,64.8,44.3,108.89999999999999,0.14450912857340148,1.6304350227869078,-0.29409750034525617,1.3381494268747411,30.700000000000003,10.745101505316946,21.832078442204118,0.7141085485430189,2.200999861897528,10.036461814666483,19.617193757768263,4.740433641762189,6.311650324540809,0.6078165999171385,4.09072503797818,4.690794089214197,9.659809418588594,1.4838254384753486,0.1338737743405607,3.9625963264742436,2.845153984256318,26.990835519955805,108.66778069327441,104.52252451318878,97.88523684573954,2.158596878884132,0.0,0.0,0.0,8.152652948487779,2.370051097914653,1287.0,842.0,755.0,234.0,1718.0,100.0,15328.0,392.0,961.0,10.45290705703632,0.3487012014915067,0.18457978179809417,0.09032896008838558,0.26776061317497585,0.10887156470100814,0.6423469410302445,0.4481031625466096,0.3810196657920176,0.4108572572849054,0.2700153846153846,0.8715013119734842,0.0006517884270128435,8.0,0.45012531418312385,0.3724725314183123,5.0,0.0,4,1,6,0.013437500000000002,0.118625,0.0535625,0,0,5,0,3,4,13,1,1,1,0,0.0236875,0,0.0,0,0.0,0,0.0184375,0,0.0,,,2002,2019,16,0.8911284352989919
Zach Randolph,randoza01,81,250.0,1981-07-16,Michigan State,2002,2017,2001-10-30T00:00:00Z,False,16,NBA,"POR, NYK, LAC, MEM",PF,1057,825.0,31.322611163670768,6.693472090823084,14.201513718070009,0.4713210312437546,0.1400189214758751,0.5506149479659413,0.2542955326460481,6.553453169347209,13.650898770104067,0.48007484926190314,0.476250749450403,3.23841059602649,4.24314096499527,0.7632107023411371,3.010406811731315,6.271523178807947,9.281929990539263,1.8183538315988648,0.7492904446546831,0.2753074739829707,2.056764427625355,2.3746452223273415,16.765373699148533,33108.0,7075,15011,148.0,582.0,6927.0,14429.0,3423,4485,3182.0,6629.0,9811.0,1922,792.0,291.0,2174.0,2510.0,17721,1.0,19.43866135073094,0.5221350428899361,0.037174429140993115,0.29936166485441584,11.19210764769844,23.776268575570857,17.401854536667873,10.738667391566993,1.2684758970641539,0.6917693608795457,11.333686722242357,26.50977105231364,43.8,35.9,79.80000000000001,0.11546426845475415,1.5719463573758607,-1.3488824453304338,0.2234293826265556,18.6,11.349465386009422,24.0906306632838,0.23146973541138094,0.934191132052676,11.104518545366677,23.161761507792683,5.499915428295276,7.198326688413677,5.104581974145222,10.63301618944062,15.718240304458137,3.080835447625951,1.2684758970641539,0.4691373686118158,3.490364866497523,4.02005255527365,28.41250151020901,106.39833272924973,106.0731545245862,0.0,0.0,0.05394466594176634,75.4959224356651,24.571251661229915,-0.7023287422979341,2.6874894285369093,726.0,682.0,945.0,398.0,1959.0,68.0,4411.0,494.0,1280.0,8.212404856832185,0.3675864141597197,0.27806946961459467,0.12244312552857314,0.19468043977286456,0.037174429140993115,0.592582608433007,0.43258426966292135,0.3800556361000363,0.3918424549957714,0.4989478675848738,0.8245254017155974,0.010328470460311708,134.0,0.1655440981031775,0.2086381539205026,37.0,5.0,0,0,2,0.00025,0.01675,0.0,0,0,1,0,0,1,6,0,0,0,0,0.0,0,0.0,0,0.0060625,1,0.03925,0,0.0,,,2002,2018,16,0.9628255708590069
Tyson Chandler,chandty01,84,235.0,1982-10-02,,2002,2017,2001-10-31T00:00:00Z,False,16,NBA,"CHI, NOK, NOH, CHA, DAL, NYK, DAL, PHO",C,1033,829.0,28.433688286544047,3.25459825750242,5.4791868344627295,0.5939929328621908,0.0,0.00968054211035818,0.0,3.25459825750242,5.469506292352372,0.5950442477876107,0.5939929328621908,2.2052274927395934,3.4085188770571153,0.64697529111048,3.1732817037754115,6.193610842207163,9.366892545982575,0.8431752178121975,0.5682478218780251,1.2362052274927395,1.4975798644724105,2.9235237173281705,8.714424007744434,29372.0,3362,5660,0.0,10.0,3362.0,5650.0,2278,3521,3278.0,6398.0,9676.0,871,587.0,1277.0,1547.0,3020.0,9002,0.0,16.382762494893097,0.6260686027509192,0.0019386830995505922,0.6270733351491217,12.671990330927414,25.115334332016886,18.827676017976305,4.593718507422035,1.0367799264605748,3.4344443687865995,17.761047936810566,13.529007217758409,53.2,43.3,96.80000000000001,0.15815252621544326,-0.21520155249897874,0.4934938036224977,0.25924690181124876,16.700000000000003,5.96537859185619,10.04642516682555,0.0,0.0026623995642108132,5.96537859185619,10.025303009669072,4.042530300966908,6.252550047664443,5.816229742612011,11.302291297834673,17.124799128421625,1.5386013890780337,1.0367799264605748,2.2565776930409918,2.734427345771483,5.347844886286259,15.953312678741657,118.63277951790822,102.73079803894866,0.0,0.0,0.12120386762903446,11.905454174043307,88.16737028462481,1.0369773934359254,2.1505140950565163,422.0,368.0,1438.0,442.0,1563.0,121.0,1963.0,351.0,396.0,2.876818058014435,0.7457097235462345,0.15802417268146537,0.047970754460029956,0.04662930682282446,0.0019386830995505922,0.6777216056107858,0.3519145104180853,0.31750170230151165,0.22107517363475418,0.6521222933405965,0.0,0.3114505651641019,1622.0,0.03508443415497753,0.0,4.0,0.0,1,0,1,0.0999375,0.011000000000000001,0.0066875,1,3,6,0,0,1,6,0,0,1,0,0.0,0,0.0,0,0.0003125,0,0.00825,1,0.043187500000000004,,,2002,2020,16,0.9980613169004494
Pau Gasol,gasolpa01,84,250.0,1980-07-06,,2002,2017,2001-11-01T00:00:00Z,True,16,NBA,"MEM, LAL, CHI, SAS",C/PF,1119,1081.0,34.69973190348526,6.837354781054513,13.411974977658623,0.5097947761194029,0.1161751563896336,0.3154602323503128,0.36827195467422097,6.721179624664879,13.09651474530831,0.5132036847492324,0.5141257995735607,4.083109919571045,5.41733690795353,0.7537116463213461,2.6219839142091153,6.805183199285076,9.42716711349419,3.2484361036639857,0.515638963360143,1.6505808757819482,2.246648793565684,2.2180518319928506,17.873994638069703,38829.0,7651,15008,130.0,353.0,7521.0,14655.0,4569,6062,2934.0,7615.0,10549.0,3635,577.0,1847.0,2514.0,2482.0,20001,9.0,21.53040768497772,0.5668107342450229,0.023246877333951428,0.40591156094671504,8.631146823250663,21.715794895567747,15.263243967137964,16.503221818743725,0.7634242447655103,3.5244507970846533,12.424504880372918,23.535921604985965,86.7,50.400000000000006,136.79999999999998,0.16940317803703417,2.880375492544232,0.7151484715032579,3.5648407118390897,54.599999999999994,10.226124803626156,20.063954776069433,0.17057869118442404,0.4725617450874346,10.05787169383708,19.616642200417214,6.126663061114116,8.142432202735069,3.9266321563779645,10.169399160421333,14.088439053284915,4.862020654665328,0.7634242447655103,2.4732081691519223,3.371884416286796,3.325478379561668,26.761868706379254,113.4041051791187,103.8889747353782,0.0,0.0,0.0,33.19936130211955,67.03677663601947,2.3265677715109843,3.669986350408201,1118.0,951.0,1376.0,202.0,2474.0,132.0,8428.0,581.0,1169.0,7.5763398490818705,0.35904996265677713,0.30828733678436226,0.15183352648793427,0.15801766720749955,0.023246877333951428,0.6560638440340982,0.4382342321460764,0.40815995776352726,0.42549123078111717,0.596666743928507,0.9145558216796724,0.09718898246156223,1344.0,0.3885151304437405,0.33374294985706554,4.0,0.0,2,0,6,0.0039375,0.0894375,0.0625,0,0,4,0,2,4,13,1,1,1,0,0.0,1,0.929,0,0.0,0,0.00075,0,0.0,,,2002,2019,16,0.9767531226660486
Manu Ginóbili,ginobma01,78,205.0,1977-07-28,,2003,2018,2002-10-29T00:00:00Z,True,16,NBA,SAS,SG,1057,349.0,25.410596026490065,4.336802270577105,9.708609271523178,0.44669655038004286,1.4143803216650899,3.8363292336802273,0.3686806411837238,2.922421948912015,5.872280037842952,0.49766392782342517,0.5195381017345546,3.197729422894986,3.8684957426679283,0.82660797260944,0.6480605487228004,2.8495742667928097,3.4976348155156103,3.7852412488174076,1.316934720908231,0.30179754020813626,2.0018921475875118,2.0927152317880795,13.285714285714286,26859.0,4584,10262,1495.0,4055.0,3089.0,6207.0,3380,4089,685.0,3012.0,3697.0,4001,1392.0,319.0,2116.0,2212.0,14043,0.0,20.2199411742805,0.5803527681596485,0.3941561860084143,0.3983993074946945,3.0297888975762315,12.714728768755354,7.976324509475408,24.525939163781228,2.7231095722104324,0.8750884247365873,15.032972188093376,24.492144160244237,58.900000000000006,47.599999999999994,106.5,0.19012241706690494,2.954886630179828,2.0375665512491157,4.9979075914963325,47.5,8.992430842548123,20.091503778994003,2.9261625525894486,7.934986410514166,6.067832011616217,12.183137868126142,6.641714136788414,8.0467627238542,1.3487955620090102,5.904627871476973,7.253832979634387,7.803842287501397,2.7231095722104324,0.6305111880561449,4.132659443761868,4.344867642131129,27.535306601139286,112.22208570683942,100.42801295655087,1.4378048326445512,74.47983916005808,23.67437358055028,0.43039577050523103,0.0,10.236393760005958,6.50690271417402,1319.0,495.0,805.0,160.0,1476.0,314.0,9022.0,332.0,538.0,13.851848542388028,0.2927832011616218,0.1383219777355821,0.07720685803641238,0.09749957183811758,0.3941561860084143,0.6211487769462749,0.40523362746193076,0.3874130459064001,0.3288932573811385,0.3994884396291746,0.8110751331024982,0.018039353661714882,159.0,0.21001280762500465,0.3881858594884396,33.0,0.0,4,0,2,0.027375000000000003,0.026625,0.0424375,0,0,8,0,0,2,7,0,1,1,0,0.0016250000000000001,0,0.009,1,0.1416875,0,0.0003125,0,0.0001875,,,2003,2018,16,0.6058438139915857
Nenê,hilarne01,83,250.0,1982-09-13,,2003,2018,2002-10-30T00:00:00Z,False,16,NBA,"DEN, WAS, HOU",C,923,624.0,26.750812567713975,4.458288190682556,8.131094257854821,0.5483011325782812,0.007583965330444204,0.05417118093174431,0.14,4.450704225352113,8.076923076923077,0.5510395707578806,0.5487674883411059,2.7313109425785482,4.135427952329361,0.6604663348179198,1.7919826652221018,4.388949079089924,6.180931744312026,1.8342361863488623,1.1083423618634887,0.7648970747562297,1.8169014084507042,3.084507042253521,11.655471289274105,24691.0,4115,7505,7.0,50.0,4108.0,7455.0,2521,3817,1654.0,4051.0,5705.0,1693,1023.0,706.0,1677.0,2847.0,10758,0.0,17.17611275363493,0.5879685715442874,0.006460491677129318,0.5165512534931757,7.638163703373698,18.625883925316916,13.155105099023936,11.310858207444008,2.0936252075655095,2.2011502166781414,15.418630270138918,19.52087400267304,36.400000000000006,35.5,71.80000000000001,0.13971459236158926,-0.16263820825401967,1.1983192256287716,1.0283585111984122,18.800000000000004,8.445518610019846,15.420529747681343,0.004851970353570127,0.09832732574622333,8.434348548053947,15.317455753108419,5.1859665465149245,7.833206431493257,3.4103195496334697,8.319002875541695,11.708023166335911,3.4998501478271438,2.0936252075655095,1.452869466607266,3.4611396865254545,5.849325665222146,22.0979790206958,110.76027702401684,103.0735085658742,0.0,0.0,0.010773156210765055,27.915313272042443,72.10461301688875,4.171163581871937,5.863265967356527,557.0,478.0,1246.0,359.0,1758.0,179.0,3813.0,451.0,634.0,5.553663278117533,0.5702164756388968,0.17116179984609778,0.11239799927098944,0.14004673767769635,0.006460491677129318,0.6866136243975538,0.3810215463124215,0.3695054473289862,0.3559801952128306,0.699998460977684,0.3747114333157831,0.18127422947632743,1212.0,0.1718925114414159,0.0,6.0,0.0,0,0,0,0.00425,0.0017499999999999998,0.044625,0,0,4,0,0,0,2,1,1,1,0,0.0,0,0.003,0,0.0,0,0.006562500000000001,0,0.0,,,2003,2019,16,0.9935395083228707
Udonis Haslem,hasleud01,80,235.0,1980-06-09,Florida,2004,2019,2003-10-28T00:00:00Z,False,16,NBA,MIA,PF,854,499.0,25.19672131147541,3.0901639344262297,6.3103044496487115,0.4897012432733346,0.00468384074941452,0.06440281030444965,0.07272727272727272,3.085480093676815,6.245901639344262,0.4940007499062617,0.49007236964186307,1.4391100702576112,1.905152224824356,0.7553779963122311,1.8805620608899298,4.838407494145199,6.7189695550351285,0.8524590163934426,0.49414519906323184,0.29156908665105385,0.9402810304449649,2.3852459016393444,7.624121779859485,21518.0,2639,5389,4.0,55.0,2635.0,5334.0,1229,1627,1606.0,4132.0,5738.0,728,422.0,249.0,803.0,2037.0,6511,0.0,12.986857514638908,0.5333498466400223,0.009920438702481644,0.3012839947950553,9.031610744492983,22.335003253090434,15.808778696904916,5.400469374477182,1.0397202342225114,0.9214796914211358,11.710330885770054,15.080355981039128,23.299999999999997,27.599999999999998,50.8,0.11315233757784181,-1.413825634352635,-0.5267125197509062,-1.9530114322892462,0.30000000000000016,6.5061158100195176,13.29291755739381,0.009382842271586578,0.1303373919509248,6.496732967747931,13.164392601542895,3.0403847941258477,4.01551724137931,3.956924435356446,10.183939027790688,14.160744492982618,1.7968584440933173,1.0397202342225114,0.6227530439631936,1.9777070359698858,5.031192490008365,16.08174086811042,109.50673854447439,104.38242401710197,0.0,0.0,10.625476345385259,78.85430802119156,10.633469653313504,1.9234687238590948,0.4078724788549123,303.0,246.0,1010.0,140.0,660.0,197.0,1670.0,141.0,356.0,9.869411655358304,0.35333790315085045,0.09664699321498281,0.2108403197323171,0.32944697462589456,0.009920438702481644,0.6541230132911982,0.36384784831304023,0.39817864113765217,0.4102730737057348,0.7744650989868948,0.06166930012082907,0.06930039966539642,321.0,0.08591890510270472,0.012380146853796821,5.0,0.0,3,0,0,0.00625,0.0,0.0234375,0,0,3,0,0,0,0,0,1,1,0,0.0,0,0.0,0,0.0005,0,0.001625,0,0.0005,,,2004,2023,16,0.9900795612975183
Kyle Korver,korveky01,79,212.0,1981-03-17,Creighton,2004,2019,2003-10-28T00:00:00Z,False,16,NBA,"PHI, UTA, CHI, ATL, CLE, UTA",SG,1174,422.0,25.743611584327088,3.3875638841567293,7.652470187393527,0.44267586821015137,2.0025553662691653,4.666098807495741,0.42917123037604965,1.385008517887564,2.9863713798977853,0.4637763833428408,0.5735195903829029,1.0749574105621806,1.2248722316865417,0.8776077885952712,0.28109028960817717,2.7180579216354346,2.9991482112436114,1.7427597955706984,0.6626916524701874,0.3330494037478705,1.0579216354344123,2.081771720613288,9.852640545144805,30223.0,3977,8984,2351.0,5478.0,1626.0,3506.0,1262,1438,330.0,3191.0,3521.0,2046,778.0,391.0,1242.0,2444.0,11567,0.0,12.79758462098402,0.6050157495946795,0.6179154948218244,0.15792436224067763,1.284577970419879,11.987598848559045,6.68755583496013,10.451682493465242,1.3235780696820303,1.0402938159679715,11.541101148132215,16.244406577771894,41.800000000000004,28.9,71.0,0.11266859676405387,0.5714985276114218,0.08513714720577045,0.6342024286139695,20.3,6.752049763425206,15.249323363001688,3.9825629487476424,9.278258280117791,2.7717963140654467,5.983446381894584,2.1453065546107273,2.4415875326737915,0.569516593322966,5.4004698408496825,5.973725308539855,3.4545677133309067,1.3235780696820303,0.6462793236938755,2.1057737484697086,4.143119478542832,19.63584025411111,113.6014624623631,107.3895046818648,0.8475333355391589,48.23743506600933,43.15875326737915,7.523872547397677,0.0,3.4417761307613404,3.507676273037091,709.0,283.0,1378.0,131.0,264.0,173.0,4467.0,71.0,227.0,20.89388876021573,0.057702180458591136,0.022424842007742446,0.06947543261754294,0.2323827217681898,0.6179154948218244,0.6234628263243226,0.3693847731859842,0.43237679912649307,0.44495407471131254,0.8525248320815273,0.9656883499321709,0.0023384508486913942,20.0,0.2875088508751613,0.4774076696555603,3.0,0.0,0,0,1,0.0,0.0001875,0.001125,0,0,0,0,0,0,1,0,0,1,0,0.0,0,0.0,0,0.0060625,0,0.0009375,0,0.0,,,2004,2020,16,0.3820845051781756
Dwyane Wade,wadedw01,76,220.0,1982-01-17,Marquette,2004,2019,2003-10-28T00:00:00Z,True,16,NBA,"MIA, CHI, CLE, MIA",SG,1054,909.0,33.94022770398482,8.020872865275143,16.714421252371917,0.47987739115626954,0.5208728652751423,1.777988614800759,0.2929562433297759,7.5,14.936432637571157,0.5021279298735946,0.49545893171368566,5.415559772296016,7.080645161290323,0.7648398767251775,1.1935483870967742,3.4867172675521823,4.680265654648957,5.4089184060721065,1.537001897533207,0.8396584440227703,3.155597722960152,2.208728652751423,21.97817836812144,35773.0,8454,17617,549.0,1874.0,7905.0,15743.0,5708,7463,1258.0,3675.0,4933.0,5701,1620.0,885.0,3326.0,2328.0,23165,5.0,23.481966846504346,0.5534380119084226,0.10357437173287116,0.42443960528890506,4.226290777961032,11.756288262097112,8.071772006820787,30.404237833002544,2.381796326838677,1.968842423056495,13.835431750202668,31.427299918933276,73.2,47.7,120.7,0.16208363849830879,4.166066586531742,0.8120509881754395,4.97757247085791,62.7,12.406504905934645,25.828515919827804,0.7985184356917229,2.745277164341822,11.615190227266375,23.083286277360017,8.384826545159756,10.978774494730661,1.860593184804182,5.384197579179828,7.233885891594219,8.362074749112459,2.381796326838677,1.3156346965588572,4.885477874374528,3.4075308193330165,34.01144438543036,108.54208481256813,104.57048612081738,13.649372431722249,81.52584351326419,4.774662454924105,0.0,0.0,4.023358398792386,5.064235596679059,1709.0,1032.0,1041.0,332.0,3319.0,109.0,13076.0,734.0,772.0,10.45486819668465,0.34915385905571245,0.15787152321583317,0.14360168283342187,0.24593428004360832,0.10357437173287116,0.6548886031364437,0.45751843569172285,0.3810502893243508,0.3815440136415732,0.32769345595840443,0.4630739104911525,0.0681339557767031,1098.0,0.18618860593184802,0.30368040142006547,42.0,4.0,3,1,13,0.09675,0.2964375,0.0625,0,3,11,2,5,8,11,1,1,1,0,0.049625,0,0.198,0,0.001375,0,0.0134375,0,0.01225,,,2004,2019,16,0.8964256282671289
Carmelo Anthony,anthoca01,79,238.0,1984-05-29,Syracuse,2004,2019,2003-10-29T00:00:00Z,True,16,NBA,"DEN, NYK, OKC, HOU",SF,1064,1056.0,35.83552631578947,8.587406015037594,19.13627819548872,0.4487500613918766,1.2800751879699248,3.68890977443609,0.3470063694267516,7.307330827067669,15.447368421052632,0.4730469700657094,0.4821963557782034,5.559210526315789,6.851503759398496,0.8113854595336076,1.7086466165413534,4.81203007518797,6.5206766917293235,2.9746240601503757,1.0159774436090225,0.49530075187969924,2.661654135338346,2.8778195488721803,24.014097744360903,38129.0,9137,20361,1362.0,3925.0,7775.0,16436.0,5915,7290,1818.0,5120.0,6938.0,3165,1081.0,527.0,2832.0,3062.0,25551,2.0,20.27081224264995,0.5407635657898188,0.1942374832804427,0.3568449998688662,5.434739961708936,15.278601589341447,10.331896981300323,15.485184505232237,1.4415431823546383,1.1031970416218626,10.67550945474573,30.810962784232473,66.5,34.599999999999994,101.1,0.12724432846389888,2.9483804977838393,-1.174696425293084,1.7820372944477954,36.400000000000006,12.200165228566183,27.220380812504917,1.8241207479870962,5.2627632510687405,10.380120118544939,21.964832542159513,7.923430984290173,9.735225156704871,2.4308243069579585,6.830496472501245,9.265430512208557,4.224855097170133,1.4415431823546383,0.7105484014791891,3.7808203729444787,4.087988145506046,34.15725300952031,107.6217577172231,107.77431875999895,0.0,3.1080804636890558,70.18537071520365,25.915838338272707,1.0759264601746703,1.9310105169293714,2.1091977235175325,933.0,758.0,1141.0,605.0,2932.0,135.0,7231.0,612.0,1313.0,12.72933724986231,0.3087928086233575,0.07953741246820006,0.14016756274751502,0.27767882713944764,0.1942374832804427,0.5862622675653703,0.3353283589918435,0.3912873665713761,0.41499989509297386,0.42993052532193343,0.8155566629074983,0.05217356867476199,988.0,0.11686466993626898,0.3410064255553516,44.0,0.0,0,0,10,0.0,0.1510625,0.0625,0,0,0,0,2,6,13,1,1,1,0,0.0283125,0,0.729,0,0.0,0,0.002375,0,0.0,,,2004,2022,16,0.8057625167195573
LeBron James,jamesle01,81,250.0,1984-12-30,,2004,2019,2003-10-29T00:00:00Z,False,16,NBA,"CLE, MIA, CLE, LAL",SF,1198,1197.0,38.59348914858097,9.881469115191987,19.597662771285474,0.5042167135190391,1.4415692821368948,4.196994991652755,0.34347653142402546,8.439899833055092,15.400667779632721,0.5480216802168022,0.5409958258795468,5.959933222036728,8.097662771285476,0.7360065972580146,1.2045075125208682,6.207846410684474,7.412353923205342,7.230383973288815,1.6168614357262103,0.7687813021702838,3.474958263772955,1.842237061769616,27.164440734557594,46235.0,11838,23478,1727.0,5028.0,10111.0,18450.0,7140,9701,1443.0,7437.0,8880.0,8662,1937.0,921.0,4163.0,2207.0,32543,81.0,27.588370282253706,0.5864907753866119,0.21316028982372662,0.41249321942251543,3.696524278144263,18.34793338380015,11.13359576078728,35.83263328647129,2.1916102519736134,1.573796907105007,13.077540824051045,31.544836163079918,159.5,67.2,226.8,0.2352413106953607,7.138540067048772,1.8263328647128798,8.947210987347248,127.6,13.350714826430195,26.496076565372555,1.9389899426841137,5.658704444684762,11.399513355682924,20.83550340651022,8.087355899210555,10.956344760462851,1.6430042175840813,8.354075916513462,9.99066508056667,9.74264301935763,2.1916102519736134,1.0296139288417865,4.673182653833675,2.4906023575213583,36.70174326808695,116.06112252622472,103.31547528928301,0.9453444360333081,5.133664972423489,62.542705742402944,29.37860927868498,2.031685952200714,7.039080782956635,11.368352979344651,2280.0,1016.0,821.0,461.0,4288.0,144.0,20240.0,1197.0,874.0,11.870260625067589,0.3592851735698064,0.12126724343030171,0.10019333838001515,0.20606737320211962,0.21316028982372662,0.7318710284416567,0.4210136692981507,0.3686063371904401,0.3845671028441657,0.3528754190548286,0.4893787823077755,0.08083756894127825,1822.0,0.14362757651130095,0.3848435168162648,33.0,2.0,3,3,15,0.311875,0.853,0.0625,5,6,12,12,14,15,16,1,1,1,4,0.504375,1,0.861,0,0.0,0,0.006999999999999999,0,0.055375,,,2004,2025,16,0.7868397101762734
Zaza Pachulia,pachuza01,83,270.0,1984-02-10,,2004,2019,2003-11-05T00:00:00Z,False,16,NBA,"ORL, MIL, ATL, MIL, DAL, GSW, DET",C,1098,516.0,20.255009107468123,2.3752276867030964,5.062841530054645,0.46914912754092464,0.0,0.028233151183970857,0.0,2.3752276867030964,5.034608378870674,0.4717800289435601,0.46914912754092464,2.0018214936247722,2.6657559198542806,0.7509395285275026,2.151183970856102,3.6001821493624773,5.751366120218579,1.3051001821493624,0.6994535519125683,0.3442622950819672,1.3151183970856102,2.493624772313297,6.752276867030965,22240.0,2608,5559,0.0,31.0,2608.0,5528.0,2198,2927,2362.0,3953.0,6315.0,1433,768.0,378.0,1444.0,2738.0,7414,0.0,14.556438848920864,0.5423525179856115,0.005791232014388489,0.5334006744604317,12.269392985611512,20.44181205035971,16.38771582733813,9.808988309352518,1.790539568345324,1.3222437050359712,17.42220323741007,16.967198741007195,26.2,26.7,52.6,0.11366524280575539,-1.4006744604316548,-0.07470773381294962,-1.4725539568345323,3.0000000000000004,6.104051258992806,12.990179856115107,0.0,0.06039118705035971,6.104051258992806,12.925062949640289,5.141452338129496,6.864204136690647,5.516969424460432,9.20740557553957,14.736690647482014,3.3260296762589925,1.790539568345324,0.8773156474820144,3.3695278776978412,6.405939748201438,17.347473021582736,109.08826438848921,105.23803956834533,0.0,0.0,0.0,0.16555755395683452,99.83444244604317,0.22706834532374134,1.3294919064748203,415.0,411.0,1164.0,376.0,1318.0,138.0,3218.0,232.0,648.0,5.543988309352518,0.5758480665467626,0.16441196043165468,0.1366071942446043,0.11693156474820143,0.005791232014388489,0.5550521133093526,0.3322165017985612,0.40054779676258995,0.34383597122302156,0.6570778776978418,0.0,0.032712320143884886,160.0,0.0,0.0,18.0,0.0,2,0,0,0.00025,0.0,0.0,0,0,1,0,0,0,0,0,0,0,0,0.0,0,0.0,0,0.0,0,0.0001875,0,0.0,,,2004,2019,16,0.9942087679856115
Trevor Ariza,arizatr01,80,215.0,1985-06-30,UCLA,2005,2020,2004-11-03T00:00:00Z,False,16,NBA,"NYK, ORL, LAL, HOU, NOH, WAS, HOU, PHO, WAS, POR, SAC",SF,1064,731.0,29.74624060150376,3.762218045112782,8.894736842105264,0.42297125950972103,1.4426691729323309,4.099624060150376,0.35190279688216414,2.319548872180451,4.795112781954887,0.48373186985495886,0.5040680473372781,1.5733082706766917,2.1503759398496243,0.7316433566433567,0.981203007518797,3.8402255639097747,4.821428571428571,2.1588345864661656,1.4887218045112782,0.31109022556390975,1.3543233082706767,2.0018796992481205,10.540413533834586,31650.0,4003,9464,1535.0,4362.0,2468.0,5102.0,1674,2288,1044.0,4086.0,5130.0,2297,1584.0,331.0,1441.0,2130.0,11215,1.0,13.194334913112165,0.5371889099526066,0.45841860979462873,0.24596884676145342,3.802701421800948,14.764862559241706,9.239696682464455,11.066938388625594,2.532037914691943,0.84486887835703,12.001797788309638,16.734044233807268,24.599999999999998,37.9,62.5,0.094773775671406,-0.27395576619273304,0.9985086887835702,0.7222401263823065,21.900000000000002,6.410960505529226,15.152126382306477,2.424120063191153,6.888612954186413,3.9958736176935226,8.268619273301738,2.7033459715639814,3.7002338072669825,1.697355450236967,6.537150078988941,8.23301737756714,3.671636650868878,2.532037914691943,0.5272669826224329,2.319883096366509,3.413323854660348,17.955036334913114,107.1175355450237,106.0222748815166,0.0,4.928878357030015,82.24221169036335,12.779020537124802,0.09033175355450238,1.5854060031595574,0.9110710900473934,685.0,340.0,800.0,184.0,1026.0,142.0,5321.0,221.0,472.0,14.692748815165876,0.31232246445497636,0.07653766192733019,0.03972707740916271,0.11293595576619272,0.45841860979462873,0.6247002843601895,0.2755392101105845,0.20878979462875197,0.3173904265402843,0.5843466982622433,0.8713751342812006,0.06836315955766192,603.0,0.3938723538704581,0.3658959557661927,23.0,1.0,1,0,0,0.0119375,0.000125,0.0010625,0,0,6,0,0,0,1,0,0,1,0,0.0,0,0.0,0,0.000125,0,0.0,0,0.0012499999999999998,,,2005,2022,16,0.5415813902053712
Dwight Howard,howardw01,82,265.0,1985-12-08,,2005,2020,2004-11-03T00:00:00Z,True,16,NBA,"ORL, LAL, HOU, ATL, CHO, WAS, LAL",C,1113,1045.0,33.504043126684635,6.054806828391734,10.327044025157234,0.586305898729772,0.008086253369272238,0.061096136567834684,0.1323529411764706,6.046720575022462,10.265947888589398,0.5890075266935061,0.5866974073429615,4.621743036837376,8.175202156334231,0.565336850203319,3.452830188679245,8.848158131177,12.300988319856245,1.4195867026055706,0.9137466307277629,1.9137466307277629,2.8238993710691824,3.2318059299191373,16.739442946990117,37290.0,6739,11494,9.0,68.0,6730.0,11426.0,5144,9099,3843.0,9848.0,13691.0,1580,1017.0,2130.0,3143.0,3597.0,18631,1.0,21.463738267632074,0.6018395816572807,0.0059378653794582995,0.7894534727809065,11.981745776347546,29.54849825690533,20.924521319388578,7.328187181550014,1.397489943684634,4.400954679538749,16.9157307589166,22.569983909895413,62.2,72.3,134.5,0.1728733708769107,0.9928720836685437,1.069750603378922,2.0885036202735314,38.6,9.26976669348351,15.81082327701797,0.003502279431482971,0.07160632877447036,9.262762134620543,15.731115580584609,7.105245374094931,12.544022526146419,5.262434969160633,13.526881201394476,18.796401179941004,2.159806918744972,1.397489943684634,2.945132743362832,4.332279431482972,4.929844462322339,25.651238938053098,110.57758112094395,99.65776347546259,0.0,0.0,0.0,12.618959506570127,87.38104049342988,4.090488066505765,4.564722445695897,612.0,944.0,1655.0,756.0,3849.0,62.0,3783.0,862.0,972.0,3.538310539018503,0.5972384821668008,0.3365311611692143,0.04157699115044248,0.01892040761598284,0.0059378653794582995,0.7191639849825691,0.40930589970501474,0.2594638508983642,0.32507144006436045,0.5781020112630731,0.35218557253955485,0.2677110217216412,2825.0,0.12697082327701797,0.06862429605792437,26.0,0.0,1,0,8,0.2699375,0.34525,0.0625,4,5,10,5,6,8,11,1,1,1,0,0.078125,0,0.256,0,0.000125,0,0.0014375,3,0.202625,,,2005,2022,16,0.9940621346205418
Andre Iguodala,iguodan01,78,215.0,1984-01-28,Arizona,2005,2020,2004-11-03T00:00:00Z,False,16,NBA,"PHI, DEN, GSW, MIA",SF,1129,779.0,33.17271922054916,4.322409211691762,9.287865367581931,0.4653824146481022,0.8883968113374667,2.6687333923826393,0.33289080650514435,3.434012400354296,6.619131975199291,0.5188010169945135,0.513208086973107,2.470327723649247,3.483613817537644,0.7091278921942538,0.9353410097431355,4.121346324180691,5.0566873339238265,4.315323294951284,1.4853852967227634,0.5075287865367581,1.8919397697077058,1.8113374667847653,12.00354295837024,37452.0,4880,10486,1003.0,3013.0,3877.0,7473.0,2789,3933,1056.0,4653.0,5709.0,4872,1677.0,573.0,2136.0,2045.0,13552,9.0,15.642707999572785,0.558133851329702,0.30049295097725087,0.3635945209868632,3.2511508063654815,14.03971750507316,8.686030118551747,19.60846416746769,2.280425611449322,1.2149177614012603,14.964114066004486,17.24122877282922,50.8,46.7,97.1,0.1242045017622557,0.917264765566592,1.3274190964434476,2.232567019117804,40.0,6.7168482324041445,14.421552921072307,1.3558020933461497,4.117702659404038,5.332316031186585,10.320818647869274,3.866893623838513,5.458327993164584,1.441247463419844,6.361414610701699,7.799017408950123,6.658651073373918,2.280425611449322,0.770535618925558,2.934297233792588,2.788318380860835,18.656784684396026,111.70941471750507,105.30078500480616,0.5469133824628858,31.87207625760974,64.55059809889993,3.199615507850048,0.0,3.9882783295952153,4.2688187546726475,1107.0,542.0,1086.0,174.0,1652.0,196.0,10843.0,297.0,332.0,13.39883851329702,0.3315612250347111,0.07297482110434689,0.08776164156787356,0.2071114226209548,0.30049295097725087,0.71880038449215,0.3178644932179857,0.3329245434155719,0.38336799102851654,0.5442510947345937,0.8399416319555698,0.1532616682687173,1468.0,0.32318928228132004,0.34076850368471645,54.0,2.0,3,1,1,0.11787500000000001,0.0005,0.060375,1,2,14,0,0,0,4,1,1,1,0,0.0,0,0.022,0,0.07831250000000001,0,0.001875,0,0.0165625,,,2005,2023,16,0.6995070490227491
J.R. Smith,smithjr01,78,225.0,1985-09-09,North Carolina A&T,2005,2020,2004-11-03T00:00:00Z,False,16,NBA,"NOH, NOK, DEN, NYK, CLE, LAL",SG,977,395.0,26.8935516888434,4.483111566018423,10.71136131013306,0.41853798375537504,1.9754350051177072,5.299897645854657,0.3727307840865199,2.5076765609007166,5.411463664278403,0.46340079440136184,0.5107501194457716,1.4923234390992834,2.036847492323439,0.7326633165829146,0.5056294779938587,2.63971340839304,3.145342886386899,2.1258955987717503,0.9969293756397134,0.20880245649948823,1.345957011258956,2.242579324462641,12.433981576253839,26275.0,4380,10465,1930.0,5178.0,2450.0,5287.0,1458,1990,494.0,2579.0,3073.0,2077,974.0,204.0,1315.0,2191.0,12148,0.0,13.928376784015223,0.5338956422454805,0.5052852140818268,0.1819488106565176,2.166081826831589,11.306211227402475,6.725815413891532,13.139977164605137,1.9033263558515696,0.6112578496669838,10.271280685061845,21.684635585156997,24.4,22.0,46.3,0.08457103710751665,0.5464395813510942,-0.35443958135109416,0.18353187440532823,14.5,8.564167459562322,20.486797335870598,3.758477640342531,10.089225499524263,4.793781160799239,10.40813320647003,2.865788772597526,3.8808258801141773,0.9714671741198858,5.048403425309229,6.010435775451951,4.070778306374881,1.9033263558515696,0.39928068506184583,2.5794367269267364,4.269621313035205,23.757830637488105,105.65156993339677,108.56133206470028,1.9638439581351095,66.29103710751664,30.9734728829686,1.0461655566127497,0.0,2.382489058039962,1.058070409134158,641.0,401.0,1071.0,165.0,815.0,135.0,4837.0,192.0,355.0,17.96731493815414,0.16438576593720267,0.07829937202664129,0.060224966698382496,0.19192449096098957,0.5052852140818268,0.6037221313035204,0.3481455375832541,0.3523756803044719,0.40890622264509985,0.36614386298763085,0.863941883920076,0.03744578496669838,346.0,0.18438165556612748,0.4207686013320647,57.0,0.0,2,0,0,0.0020625,0.0,0.0161875,0,0,1,0,0,0,0,0,0,1,0,0.0,0,0.002,1,0.0725625,0,0.0015625,0,0.0,,,2005,2020,16,0.4947147859181732
Chris Paul,paulch01,72,175.0,1985-05-06,Wake Forest,2006,2021,2005-11-01T00:00:00Z,False,16,NBA,"NOK, NOH, LAC, HOU, OKC, PHO",PG,1090,1090.0,34.63944954128441,6.454128440366972,13.66788990825688,0.4722110350382602,1.3587155963302753,3.6587155963302753,0.3713640922768305,5.095412844036697,10.009174311926605,0.5090742438130156,0.521915693381662,4.061467889908257,4.654128440366972,0.8726591760299626,0.634862385321101,3.881651376146789,4.51651376146789,9.426605504587156,2.1394495412844035,0.13944954128440368,2.404587155963303,2.4458715596330274,18.328440366972476,37757.0,7035,14898,1481.0,3988.0,5554.0,10910.0,4427,5073,692.0,4231.0,4923.0,10275,2332.0,152.0,2621.0,2666.0,19978,16.0,24.874354424345153,0.5826076489127844,0.2649783881134624,0.3444155785682125,2.127571046428477,12.852694864528432,7.498940593797177,45.32284874327939,3.2074184919352704,0.3305744630134809,13.296443043674023,23.858902984876977,139.0,50.5,189.60000000000002,0.24099202796832372,5.214561538257807,2.1949810631141244,7.412413592181582,89.5,9.647236274068385,20.39834732632359,1.9954366077813386,5.391053314617157,7.6286834229414415,15.005646635061048,6.0929046269565905,6.991048017586143,0.9576767221972085,5.764242392139206,6.730370527319438,14.092785443758775,3.2074184919352704,0.2093783934104934,3.5810816537330816,3.6572052864369513,27.34368196625791,122.45411446884022,104.98453266943878,97.02518738247213,3.124851021002728,0.0,0.0,0.0,6.969663903382154,10.38338056519321,1517.0,661.0,781.0,271.0,1195.0,259.0,23650.0,314.0,473.0,14.70391715443494,0.1627507217204757,0.1517416902825966,0.19466557194692374,0.22558624890748732,0.2649783881134624,0.6361841247980508,0.489270916651217,0.472230050056943,0.47284985565590487,0.11098029504462747,0.4783890669279869,0.003053208676536801,42.0,0.10145787536086023,0.3879335487459279,35.0,1.0,0,0,11,0.355375,0.427875,0.0625,7,9,16,4,9,10,15,1,1,1,0,0.1128125,1,0.997,0,0.0,0,0.004125,0,0.012125,,,2006,2025,16,0.7350216118865376
Lou Williams,willilo02,74,175.0,1986-10-27,,2006,2021,2005-11-02T00:00:00Z,False,16,NBA,"PHI, ATL, TOR, LAL, HOU, LAC, ATL",PG/SG,1067,122.0,24.65323336457357,4.612933458294283,10.98875351452671,0.4197867803837953,1.330834114339269,3.790065604498594,0.35113748763600394,3.282099343955014,7.1986879100281165,0.4559302174196068,0.4803411513859275,3.725398313027179,4.428303655107779,0.8412698412698413,0.3889409559512652,1.8575445173383318,2.246485473289597,3.452671040299906,0.865979381443299,0.17713214620431114,1.7366447985004687,1.3036551077788192,14.282099343955014,26305.0,4922,11725,1420.0,4044.0,3502.0,7681.0,3975,4725,415.0,1982.0,2397.0,3684,924.0,189.0,1853.0,1391.0,15239,1.0,18.136916935943734,0.551449952480517,0.3456377114616993,0.40381186086295384,1.7807641132864473,8.454943927010074,5.122455806880821,22.88865995057974,1.7835962744725338,0.5736856111005512,11.854540961794337,26.38884242539441,46.2,18.8,65.2,0.1190404485839194,2.4179091427485266,-0.9042919597034785,1.5176468352024328,23.4,9.438749287207754,22.487644934423113,2.717662041436989,7.735886713552556,6.714871697395933,14.751564341379964,7.625124501045429,9.072115567382626,0.8091275422923399,3.8116517772286636,4.619368941265919,7.051229804219729,1.7835962744725338,0.3788367230564531,3.5451245010454286,2.6926858011784836,29.225113096369512,110.51286827599316,110.39859342330355,65.68994487739974,31.247329405056075,3.1666603307356014,0.0,0.0,0.20313628587720967,0.41065196730659576,1143.0,438.0,579.0,118.0,1960.0,163.0,8298.0,367.0,720.0,14.706036875118798,0.22121969207375022,0.14051910283216118,0.12340897167838814,0.1691994677817905,0.3456377114616993,0.5921372362668693,0.39162387378825314,0.3829004751948299,0.3900814674016347,0.2873335867705759,0.6493849458277894,0.014733738832921497,147.0,0.22314449724387,0.38583333966926436,22.0,2.0,0,0,0,0.0,0.000125,0.0,0,0,0,0,0,0,1,0,0,0,0,0.0,0,0.0,3,0.22318749999999998,0,0.0018124999999999999,0,0.0,,,2006,2022,16,0.6543622885383007
C.J. Miles,milescj01,78,220.0,1987-03-18,,2006,2022,2005-11-14T00:00:00Z,False,16,NBA,"UTA, CLE, IND, TOR, MEM, WAS, BOS",SF,849,303.0,20.358068315665488,3.395759717314488,8.263839811542992,0.4109179019384265,1.4723203769140165,4.10718492343934,0.3584743332377402,1.923439340400471,4.156654888103652,0.46273731935392465,0.5,1.2862190812720848,1.5901060070671378,0.8088888888888889,0.4275618374558304,1.9411071849234394,2.3686690223792697,1.076560659599529,0.7078916372202592,0.29917550058892817,0.8527679623085983,2.110718492343934,9.550058892815077,17284.0,2883,7016,1250.0,3487.0,1633.0,3529.0,1092,1350,363.0,1648.0,2011.0,914,601.0,254.0,724.0,1792.0,8108,0.0,13.071788937745893,0.5330418884517474,0.49181069196945154,0.19162641749595,2.4397072436935896,10.93364961814395,6.67537028465633,8.496545938440175,1.794688729460773,1.2010356398981719,8.700798426290211,21.588914603101134,13.9,16.2,30.0,0.08374184216616523,-0.08607961120111086,-0.34301666280953486,-0.42783499190002305,6.800000000000001,8.522072436935895,20.742241379310347,3.6619127516778525,10.259176116639665,4.86765216385096,10.505982411478824,3.2558204119416807,3.987821106225411,1.053766489238602,4.873131219625087,5.942125665355242,2.71355010414256,1.794688729460773,0.7502950705855126,2.1353274704929412,5.3069833371904656,23.99759314973386,105.49606572552649,108.11079611201112,0.20782226336496182,45.34789400601713,51.36073825503356,3.0486577181208054,0.0,1.588602175422356,1.085148113862532,369.0,181.0,951.0,95.0,582.0,75.0,2009.0,131.0,289.0,17.108308261976394,0.18654321916223096,0.09822546864151818,0.06245047442721592,0.16073837074751215,0.49181069196945154,0.6282432885906041,0.34910622541078457,0.3765974311501967,0.370541541309882,0.5897192779449202,0.9342772506364269,0.04370157370978941,257.0,0.20724780143485305,0.3899570701226568,25.0,0.0,0,0,0,0.0,0.0,0.0,0,0,0,0,0,0,0,0,0,0,0,0.0,0,0.0,0,0.0,0,0.0,0,0.0,,,2006,2022,16,0.5080735940754455
Rudy Gay,gayru01,80,250.0,1986-08-17,UConn,2007,2022,2006-11-01T00:00:00Z,False,16,NBA,"MEM, TOR, SAC, SAS, UTA",SF,1064,779.0,31.715225563909776,6.166353383458647,13.612781954887218,0.45298260149130076,1.0836466165413534,3.100563909774436,0.3494998484389209,5.082706766917293,10.512218045112782,0.48350469378632094,0.49278514222590447,2.8890977443609023,3.617481203007519,0.7986489997401922,1.3289473684210527,4.422932330827067,5.7518796992481205,2.0892857142857144,1.1390977443609023,0.7330827067669173,2.075187969924812,2.308270676691729,16.30545112781955,33745.0,6561,14484,1153.0,3299.0,5408.0,11185.0,3074,3849,1414.0,4706.0,6120.0,2223,1212.0,780.0,2208.0,2456.0,17349,0.0,16.512555934212475,0.5361304193213808,0.22860047414431767,0.2652154689583642,4.780290413394578,15.91400800118536,10.339303600533412,11.171415024448066,1.836123870202993,1.8501052007704846,11.973071566157948,24.30449548081197,27.299999999999997,33.5,60.6,0.08640453400503778,0.8361505408208624,-0.16565120758630908,0.6798281226848422,22.9,9.899119869610313,21.866931397244038,1.7316165357830788,4.951071269817751,8.168905022966364,16.91593421247592,4.647793747221811,5.8113350125944585,2.1448985034819974,7.06043265668988,9.191423914654022,3.336224625870499,1.836123870202993,1.17623055267447,3.3369121351311306,3.6975611201659504,26.175460068158248,104.85263001926211,107.99641428359757,0.0,0.33557564083567937,64.11788413098236,33.92902652244777,1.6775225959401392,-0.5399733293821309,1.5291480219291744,901.0,818.0,1159.0,242.0,1678.0,114.0,5044.0,341.0,816.0,12.821129056156467,0.2434154096903245,0.1834583197510742,0.16035871981034228,0.18440992739665138,0.22860047414431767,0.636667743369388,0.4122430285968292,0.4445888872425544,0.39209186546154984,0.377025514891095,0.8336971995851238,0.0830967550748259,1039.0,0.21815062972292193,0.3711935101496518,46.0,1.0,0,0,0,0.0,0.0015000000000000002,0.042,0,0,0,0,0,0,3,1,1,1,0,0.0,0,0.145,0,0.0,0,0.0166875,0,0.0,,,2007,2023,16,0.7713995258556824
Kyle Lowry,lowryky01,72,196.0,1986-03-25,Villanova,2007,2022,2006-11-01T00:00:00Z,False,16,NBA,"MEM, HOU, TOR, MIA",PG,1023,787.0,31.879765395894427,4.740957966764419,11.164222873900293,0.42465633482181947,1.9266862170087977,5.228739002932551,0.36848008973639934,2.814271749755621,5.935483870967742,0.47414361001317523,0.5109447508974696,3.367546432062561,4.139784946236559,0.8134592680047226,0.7859237536656891,3.5884652981427174,4.374389051808406,6.323558162267839,1.3196480938416422,0.2913000977517107,2.364613880742913,2.7468230694037143,14.776148582600195,32613.0,4850,11421,1971.0,5349.0,2879.0,6072.0,3445,4235,804.0,3671.0,4475.0,6469,1350.0,298.0,2419.0,2810.0,15116,20.0,18.05024376782265,0.5676116579278202,0.4607942231625426,0.37730484776009565,2.798666176064759,12.748391745622913,7.782724680342195,30.749596786557507,2.1167295250360287,0.757927820194401,15.56950602520467,21.500594854812498,69.80000000000001,34.900000000000006,104.6,0.1540126943243492,2.5192929200012264,0.555885689755619,3.0777512035078036,41.9,7.546248428540767,17.741262686658697,3.0544660104866157,8.268938766749457,4.489004384754546,9.480412718854446,5.365624137613835,6.5958973415509154,1.2651427344923802,5.695750160978751,6.939438260816239,10.021776592156503,2.1167295250360287,0.46536043908870695,3.744436267745991,4.369174868917303,23.488084506178517,114.84984515377303,107.82930119890841,93.20182135958053,6.798178640419465,0.0,0.0,0.0,4.132122159874896,4.050440008585533,1452.0,509.0,1099.0,233.0,1620.0,548.0,14867.0,324.0,675.0,16.063974488700826,0.23374037960322572,0.12009425689142367,0.06752190844141906,0.11802916015086008,0.4607942231625426,0.6200190108239045,0.37744028454910616,0.37358915156532674,0.3735485235948855,0.25640631036703154,0.6711212706589398,0.000331677551896483,2.0,0.14782427252935948,0.3921552448410143,47.0,2.0,1,0,6,0.027125000000000003,0.02175,0.0,0,0,7,0,0,1,6,0,0,0,0,0.0003125,0,0.0,0,0.000125,0,0.0100625,0,0.00025,,,2007,2025,16,0.5392057768374575
Paul Millsap,millspa01,79,257.0,1985-02-10,Louisiana Tech,2007,2022,2006-11-01T00:00:00Z,False,16,NBA,"UTA, ATL, DEN, BRK, PHI",PF,1085,746.0,28.10967741935484,5.027649769585254,10.283870967741935,0.4888868972934218,0.4986175115207373,1.463594470046083,0.3406801007556675,4.529032258064516,8.820276497695852,0.5134796238244514,0.5131295931170461,2.8433179723502304,3.8617511520737327,0.7362768496420048,2.1594470046082948,4.912442396313364,7.071889400921659,2.1917050691244238,1.2230414746543778,0.9631336405529954,1.6857142857142857,2.9935483870967743,13.397235023041475,30499.0,5455,11158,541.0,1588.0,4914.0,9570.0,3085,4190,2343.0,5330.0,7673.0,2378,1327.0,1045.0,1829.0,3248.0,14536,1.0,18.722017115315257,0.5596026754975573,0.1361661038066822,0.37825161480704284,8.943591593166989,19.973425358208466,14.497980261647923,12.637050395094922,2.2211580707564185,2.8241811206924816,12.334096199875406,21.748968818649793,49.8,45.7,95.2,0.15013039771795797,0.8765172628610775,1.0245155578871439,1.9110987245483457,30.099999999999998,9.111613495524443,18.62277779599331,0.8929178005836257,2.601600052460737,8.222026951703334,16.032581396111347,5.1503229614085715,6.987429096035936,3.9122331879733765,8.904796878586184,12.816275943473556,3.95909046198236,2.2211580707564185,1.7402603364044724,3.051319715400505,5.428518967835011,24.255670677727142,111.5337552050887,103.66130037050395,0.0,0.0,3.3484048657333028,90.60992163677497,6.09747860585593,4.489330797731072,5.13276500868881,684.0,574.0,1757.0,317.0,1890.0,137.0,5557.0,413.0,847.0,9.028551755795272,0.39232489589822617,0.2179862946326109,0.1252378766516935,0.12825597560575758,0.1361661038066822,0.6502177776320535,0.40262887307780587,0.38762798780287877,0.36097747467130076,0.6154247680251812,0.7633309944588348,0.058578510770844944,545.0,0.1592092199744254,0.3123712908619955,11.0,2.0,0,0,4,0.038,0.0158125,0.0388125,0,1,5,0,0,0,6,0,1,1,0,0.0,0,0.03,0,0.0016875000000000002,0,0.008375,0,0.002,,,2007,2022,16,0.8638338961933179
Rajon Rondo,rondora01,73,180.0,1986-02-22,Kentucky,2007,2022,2006-11-01T00:00:00Z,False,16,NBA,"BOS, DAL, SAC, CHI, NOP, LAL, ATL, LAC, CLE, LAL",PG,957,733.0,29.853709508881924,4.0606060606060606,8.89864158829676,0.45631751996242365,0.46917450365726227,1.446185997910136,0.32442196531791906,3.5914315569487982,7.4524555903866245,0.4819125070106562,0.48267966181305777,1.1661442006269593,1.9080459770114941,0.6111719605695509,0.9508881922675027,3.593521421107628,4.544409613375131,7.924764890282131,1.5862068965517242,0.13061650992685475,2.7021943573667713,2.0867293625914316,9.756530825496343,28570.0,3886,8516,449.0,1384.0,3437.0,7132.0,1116,1826,910.0,3439.0,4349.0,7584,1518.0,125.0,2586.0,1997.0,9337,32.0,15.83846342317116,0.5006137206860343,0.1605885194259713,0.21760122506125307,3.775659782989149,13.472219110955548,8.716419320966049,40.585505775288766,2.7246587329366467,0.35268463423171154,21.71480924046202,18.850133006650335,20.0,41.9,61.7,0.10382415120756039,0.26527826391319564,0.9572243612180609,1.2391004550227513,23.5,6.945719285964299,15.18450472523626,0.7791844592229611,2.3834161708085406,6.164910745537277,12.794025201260062,2.0171088554427725,3.2996149807490376,1.642901645082254,6.110049002450122,7.744868743437171,13.504375218760938,2.7246587329366467,0.2192579628981449,4.59288414420721,3.5592299614980747,16.686940847042354,104.18722436121806,103.94077703885195,90.5786839341967,9.42131606580329,0.0,0.0,0.0,2.206853342667133,0.4789254462723134,1761.0,449.0,604.0,165.0,691.0,210.0,17209.0,155.0,604.0,10.068813440672034,0.40725981799089955,0.17472271613580678,0.0704823591179559,0.18676520826041304,0.1605885194259713,0.6011306615330767,0.35104665733286666,0.35716065803290165,0.3696177458872944,0.25964644732236614,0.6095609380469023,0.009989219460973048,76.0,0.2394635281764088,0.30342971648582434,16.0,0.0,2,0,4,0.15875,0.0270625,0.01075,2,4,7,0,0,1,5,0,1,1,0,0.000875,0,0.005,0,0.0,0,0.0119375,0,0.01125,,,2007,2022,16,0.8394114805740286
LaMarcus Aldridge,aldrila01,83,250.0,1985-07-19,Texas,2007,2022,2006-11-12T00:00:00Z,False,16,NBA,"POR, SAS, BRK",PF,1076,997.0,33.682156133829,7.723977695167286,15.680297397769516,0.49259127548601234,0.21096654275092938,0.6598513011152416,0.31971830985915495,7.5130111524163565,15.020446096654275,0.500185620591511,0.4993183973447131,3.447026022304833,4.2407063197026025,0.8128424282270436,2.579925650557621,5.5390334572490705,8.118959107806692,1.929368029739777,0.7044609665427509,1.1031598513011152,1.5269516728624535,2.4144981412639406,19.105947955390334,36242.0,8311,16872,227.0,710.0,8084.0,16162.0,3709,4563,2776.0,5960.0,8736.0,2076,758.0,1187.0,1643.0,2598.0,20558,0.0,20.704240935930688,0.5446375751890071,0.041370785276750734,0.26995474863418134,8.812573809392417,18.792872909883563,13.815749682688594,10.215026764527344,1.1055322553942941,2.6232106395894266,8.034338612659345,25.74853484907014,72.8,42.7,115.5,0.15325172451851443,1.9774460570608687,-0.3202444677446057,1.6570084432426466,33.5,11.897610507146405,24.17984934606258,0.31528337288229125,0.9879807957618233,11.59493405441201,23.20648970807351,5.307560289167265,6.53530710225705,4.006682854147122,8.507347828486289,12.517322443573756,2.9604740356492467,1.1055322553942941,1.6863390541360852,2.3419209756635944,3.7318608244578115,29.435820318966943,112.58528778764969,106.44136637050936,0.0,0.0,0.0,57.57734120633519,42.566276695546605,3.861351470669389,4.89691794051101,418.0,579.0,1499.0,363.0,2101.0,86.0,5081.0,495.0,554.0,11.006834611776393,0.24472901605871644,0.20169460846531645,0.20853611831576624,0.30382310578886373,0.041370785276750734,0.7021899729595495,0.449335080845428,0.41917609403454553,0.4280388223607969,0.5781336570829425,0.7667758953700127,0.06073351360300205,896.0,0.2767254842447988,0.2440064014127256,18.0,0.0,0,0,7,0.0011875,0.1255625,0.039875,0,0,3,0,2,5,10,1,1,1,0,0.002,0,0.028,0,0.0,0,0.0301875,0,0.000125,,,2007,2022,16,0.9586292147232492
Kevin Durant,duranke01,83,240.0,1988-09-29,Texas,2008,2024,2007-10-31T00:00:00Z,False,16,NBA,"SEA, OKC, GSW, BRK, PHO",SF,1061,1058.0,36.731385485391144,9.37794533459001,18.732327992459943,0.5006289308176101,1.9142318567389256,4.946277097078228,0.3870045731707317,7.463713477851084,13.786050895381715,0.5413960484036371,0.5517232704402516,6.590951932139491,7.455230914231857,0.8840707964601769,0.6757775683317625,6.349670122525919,7.025447690857681,4.3779453345900095,1.05937794533459,1.127238454288407,3.170593779453346,1.9161168708765315,27.261074458058435,38972.0,9950,19875,2031.0,5248.0,7919.0,14627.0,6993,7910,717.0,6737.0,7454.0,4645,1124.0,1196.0,3364.0,2033.0,28924,18.0,25.00770553217695,0.6186646310171404,0.2624851944986144,0.39877476136713536,2.1425356666324538,18.565098019090634,10.716422046597557,20.69303089397516,1.439069075233501,2.4217309863491736,12.576460022580312,30.174802422251872,121.0,49.1,170.3,0.20958175100071846,5.89154777789182,0.7038335215026172,6.589669506312224,84.8,12.72326028943857,25.449728009853228,2.5878374217386844,6.710181668890485,10.142037873344966,18.754654623832497,8.964577132300112,10.174040336651956,0.9326105922200554,8.620250436210613,9.548155085702554,5.911852098942831,1.439069075233501,1.5228035512675768,4.311010469054706,2.599789592527969,37.0296007389921,117.89402648055014,106.73306476444627,0.0,8.391768449142974,49.529893256697115,36.709124499640765,5.452299086523658,5.877311916247563,5.7908241814636146,1522.0,1215.0,1075.0,338.0,3114.0,113.0,10796.0,680.0,689.0,14.216365595812377,0.20070678948989018,0.12737298573334702,0.20644249717746077,0.20311362003489686,0.2624851944986144,0.750254156830545,0.4633192548496357,0.4670365133942318,0.4652831520065689,0.4922718875089808,0.7442499486811044,0.07705560402340142,1469.0,0.07581733039104999,0.4181515960176537,9.0,0.0,2,2,14,0.0186875,0.5449375000000001,0.0614375,0,0,10,6,11,11,14,1,1,1,1,0.2006875,1,0.872,0,0.0,0,0.019750000000000004,0,0.000875,0,0.0,2008,2025,16,0.7375148055013855
Jeff Green,greenje02,80,235.0,1986-08-28,Georgetown,2008,2024,2007-10-31T00:00:00Z,False,16,NBA,"SEA, OKC, BOS, MEM, LAC, ORL, CLE, WAS, HOU, UTA, BRK, DEN, HOU",PF,1185,657.0,27.730801687763712,4.339240506329114,9.649789029535865,0.4496720594665501,0.9890295358649789,2.9341772151898735,0.3370721886683923,3.350210970464135,6.7156118143459915,0.4988690625785373,0.5009182334936598,2.350210970464135,2.9232067510548525,0.8039838337182448,0.8371308016877637,3.2337552742616036,4.0708860759493675,1.4886075949367088,0.6354430379746835,0.49535864978902955,1.3274261603375528,2.0843881856540083,12.017721518987342,32861.0,5142,11435,1172.0,3477.0,3970.0,7958.0,2785,3464,992.0,3832.0,4824.0,1764,753.0,587.0,1573.0,2470.0,14241,0.0,13.056148626030858,0.5519946441069962,0.3066074982502054,0.305226864672408,3.4147956544231763,13.094090258969599,8.281987766653481,8.327263321262286,1.1436840023127721,1.4411703843461856,10.768902346246309,19.639417546635826,27.299999999999997,27.200000000000003,54.7,0.07969924834910685,-0.7547731353275919,-0.7109978393840722,-1.4778765101488087,4.4,7.873926539058457,17.536627004655976,1.7878305590213324,5.303061379751074,6.1005721067526855,12.233942971911992,4.2607163506892665,5.308858525303551,1.5205501962813062,5.864477648276071,7.388573080551413,2.6923313350171934,1.1436840023127721,0.90376434070783,2.4171784181856917,3.771081220900155,21.80147287057606,107.9428806183622,110.49587657101122,0.0,0.0,37.932868750190195,54.89501232464015,7.182130793341651,-2.678768144609111,-4.018203949971091,525.0,480.0,1310.0,290.0,1687.0,213.0,4125.0,372.0,609.0,12.646839718815619,0.29681774748181733,0.18093600316484584,0.08683509327165942,0.12836340951279632,0.3066074982502054,0.6717161681020054,0.39669833541279936,0.3674324883600621,0.33867660752868145,0.5597127902376678,0.9432672773196189,0.07229999087063693,723.0,0.3677486686345516,0.3826815373847418,65.0,0.0,1,0,0,0.0,0.0,0.0463125,0,0,0,0,0,0,0,1,1,1,0,0.0,0,0.0,0,0.0,0,0.000125,0,0.0,0,0.0,2008,2025,16,0.6933925017497946
Al Horford,horfoal01,81,240.0,1986-06-03,Florida,2008,2023,2007-11-02T00:00:00Z,False,16,NBA,"ATL, BOS, PHI, OKC, BOS",C,1013,1003.0,32.10167818361303,5.58045409674235,10.87857847976308,0.5129764065335753,0.7443237907206318,1.9911154985192498,0.3738225086762519,4.836130306021718,8.88746298124383,0.5441519493502166,0.5471869328493648,1.525172754195459,2.009871668311945,0.7588408644400786,1.9822309970384995,6.0740375123395856,8.056268509378086,3.290227048371175,0.7818361303060217,1.171767028627838,1.456071076011846,2.213228035538006,13.43040473840079,32519.0,5653,11020,754.0,2017.0,4899.0,9003.0,1545,2036,2008.0,6153.0,8161.0,3333,792.0,1187.0,1475.0,2242.0,13605,2.0,18.25620406531566,0.5719793966604139,0.1870845659460623,0.19133106799102062,7.081420092868785,21.203379562717178,14.206925182201175,16.40366862449645,1.2368492266059843,2.9726621359820413,11.03958301300778,18.5627940588579,59.0,47.6,106.8,0.1573386020480335,1.6762969341000646,1.2467542052338632,2.9040161136566316,40.6,8.834604385128694,17.217755773547772,1.136089670654079,3.050428979980934,7.7136289553799315,14.167191488053136,2.4529167563578214,3.220578738583597,3.173040376395338,9.653135090254928,12.818687536517114,5.165334112365079,1.2368492266059843,1.8625019219533194,2.3171499738614347,3.5210707586334142,21.27084781204834,116.21562778683231,105.02014207078939,0.0,0.0,0.0,17.26236969156493,82.73763030843507,4.042040038131554,3.4743872812817123,606.0,355.0,1282.0,254.0,948.0,48.0,7963.0,268.0,436.0,11.56048463974907,0.27116356591531104,0.22196943325440513,0.12259171561241121,0.19697512223623115,0.1870845659460623,0.7269811802330945,0.45205805836587837,0.4344629293643716,0.4326735139456933,0.6838022694424798,0.7560467726559856,0.07733977059565178,799.0,0.35443011777729944,0.4384044404809496,2.0,0.0,0,0,5,0.03875,0.029375,0.0625,0,1,7,0,0,1,7,1,1,1,0,0.0,0,0.624,0,0.0,0,0.0,0,0.0050625,0,0.0,2008,2025,16,0.8129154340539377
Mike Conley,conlemi01,72,175.0,1987-10-11,Ohio State,2008,2023,2007-11-07T00:00:00Z,False,16,NBA,"MEM, UTA, MIN",PG,1025,988.0,31.85170731707317,5.173658536585366,11.797073170731707,0.4385544161429044,1.584390243902439,4.146341463414634,0.3821176470588235,3.589268292682927,7.650731707317073,0.46914052537617956,0.5057062520674827,2.7209756097560978,3.317073170731707,0.8202941176470588,0.4770731707317073,2.502439024390244,2.979512195121951,5.714146341463414,1.4009756097560975,0.20585365853658535,1.9541463414634146,1.9814634146341463,14.652682926829268,32648.0,5303,12092,1624.0,4250.0,3679.0,7842.0,2789,3400,489.0,2565.0,3054.0,5857,1436.0,211.0,2003.0,2031.0,15019,0.0,17.407645185003677,0.5505129563832393,0.3458708649840725,0.27745408600833127,1.7170362656211713,9.077055256064689,5.366699338397451,28.72129380053908,2.2727487135506004,0.5550294045577064,13.076255819652046,21.438526096544965,59.400000000000006,32.8,92.19999999999999,0.13560993016417544,2.0493138936535162,0.35037980887037495,2.40295577064445,36.3,8.354545454545454,19.0183564077432,2.5482755452095076,6.623370497427102,5.811636241117374,12.390853957363392,4.391518622886547,5.354667973535898,0.7621263170791474,4.037254962019112,4.814236706689537,9.200490075961774,2.2727487135506004,0.33460855182553295,3.1581658907130605,3.2051274197500614,23.62252511639304,113.24151555991179,108.58628399901986,100.0,0.07868782161234991,0.0,0.0,0.0,3.025989340847831,5.773373560401862,1242.0,548.0,884.0,97.0,1275.0,355.0,13214.0,295.0,593.0,14.175569713305562,0.2456916809605489,0.1656658600833129,0.09421765498652292,0.1481506064690027,0.3458708649840725,0.577433319039451,0.3977133055623622,0.39614928938985544,0.41235959323695176,0.23514068243077677,0.7529682982112227,0.0013863942661112472,15.0,0.1884448051948052,0.4367208098505268,42.0,1.0,0,0,1,0.031375,0.0011875,0.008625,0,1,8,0,0,0,4,0,0,1,0,6.25e-05,0,0.002,0,0.0,0,0.0030625,0,0.0003125,0,0.0,2008,2025,16,0.6541291350159274
Thaddeus Young,youngth01,80,235.0,1988-06-21,Georgia Tech,2008,2023,2007-11-07T00:00:00Z,False,16,NBA,"PHI, MIN, BRK, IND, CHI, SAS, TOR",PF,1139,720.0,28.597892888498684,5.336259877085163,10.618086040386304,0.5025632545063667,0.45741878841088673,1.3924495171202809,0.32849936948297603,4.8788410886742755,9.225636523266022,0.5288351732013704,0.5241028609227716,1.2388059701492538,1.868305531167691,0.6630639097744361,1.9754170324846356,3.7410008779631254,5.7164179104477615,1.8244073748902545,1.395083406496927,0.3977172958735733,1.42756804214223,2.1395961369622474,12.368744512730466,32573.0,6078,12094,521.0,1586.0,5557.0,10508.0,1411,2128,2250.0,4261.0,6511.0,2078,1589.0,453.0,1626.0,2437.0,14088,0.0,16.37578669450158,0.542160746630645,0.13155260491818377,0.17414183526233384,7.710336781997359,14.945507015012433,11.291581985079668,10.238513492770085,2.4766770024253213,1.1517299603966475,11.124833451017714,20.048844134712798,33.0,37.7,70.7,0.10420277530470022,0.18025665428422313,0.29720934516317193,0.4783839376170448,20.200000000000003,9.486765112209499,18.878270346606083,0.7971909249992325,2.4310686765112206,8.701574924016823,16.436714456758665,2.2264912657722653,3.3394866914315537,3.5171768028735455,6.633248395910723,10.138992417032512,3.191348663003101,2.4766770024253213,0.7039879654928929,2.512332299757468,3.8039449851103675,21.979759309857855,108.00660055874498,106.98293064808277,0.0,0.25941730881404845,7.878273416633408,86.49912504221288,5.343351855831517,-0.02116169833911531,4.631034906210665,679.0,546.0,1188.0,180.0,1016.0,212.0,4780.0,252.0,775.0,8.208359684401191,0.41806038743744817,0.2703046388112854,0.0706933963712277,0.10965201240291039,0.13155260491818377,0.6516820065698585,0.44650253277254165,0.33181592116169834,0.3685240229638044,0.5982902710834127,0.9325432413348479,0.05940125257114788,655.0,0.3928764314002395,0.3305390967979615,16.0,0.0,0,0,0,0.000625,0.0,0.0248125,0,0,1,0,0,0,0,0,1,1,0,0.0,0,0.003,0,0.0094375,0,0.0020625,0,0.0,0,0.0,2008,2024,16,0.8684473950818161
Nicolas Batum,batumni01,80,230.0,1988-12-14,,2009,2024,2008-10-28T00:00:00Z,False,16,NBA,"POR, CHO, LAC, PHI",SF,1053,863.0,29.69420702754036,3.695156695156695,8.457739791073124,0.4368964742869975,1.5783475783475784,4.311490978157645,0.366079295154185,2.116809116809117,4.14624881291548,0.5105359596885021,0.530204356613519,1.4273504273504274,1.7160493827160495,0.831765356945213,0.99335232668566,3.996201329534663,4.989553656220323,3.2896486229819564,0.9268755935422602,0.627730294396961,1.5498575498575498,1.7454890788224122,10.396011396011396,31268.0,3891,8906,1662.0,4540.0,2229.0,4366.0,1503,1807,1046.0,4208.0,5254.0,3464,976.0,661.0,1632.0,1838.0,10947,9.0,14.18147307151081,0.5668546757067929,0.5273392925674811,0.19321347703722658,3.7671517206089287,15.069374440322374,9.406508251247281,16.640252014839454,1.5858449533068952,1.7139791480107458,14.17982921837022,16.25772674939235,38.1,32.1,70.5,0.10806252398618395,0.7971376487143406,0.7185940898042728,1.515683766150697,27.599999999999998,6.342225278239734,14.536782013560188,2.706760905718306,7.395349878470001,3.648787898170654,7.156517845720865,2.464644364845849,2.9586190354355892,1.722598183446335,6.824888064474862,8.547249584239479,5.6025649226045795,1.5858449533068952,1.1055424075732379,2.646558782141487,3.0215204042471533,17.864976973263403,112.86094409620058,108.55420877574517,0.0,11.088141230651145,61.04144812587949,24.35438787258539,3.457272610976078,2.5224830497633364,2.4914673148266604,1058.0,271.0,693.0,124.0,702.0,166.0,8012.0,172.0,283.0,17.436529359089164,0.19548209031597796,0.05560972879621338,0.07900764359728796,0.14241099526672638,0.5273392925674811,0.6880265766918255,0.41806150057566843,0.39463061276704614,0.359949309197902,0.5820131444288091,0.9055637712677497,0.047494307279007296,374.0,0.29622051298452096,0.38764574005372904,14.0,0.0,0,0,0,0.009125,0.0,0.0,0,0,6,0,0,0,0,0,0,0,0,0.0,0,0.002,0,0.0,0,0.0,0,0.0,0,0.0,2009,2025,16,0.4726607074325188
Eric Gordon,gordoer01,75,215.0,1988-12-25,Indiana,2009,2024,2008-10-29T00:00:00Z,False,16,NBA,"LAC, NOH, NOP, HOU, LAC, PHO",SG,886,652.0,31.732505643340858,5.343115124153499,12.426636568848759,0.42997275204359675,2.288939051918736,6.168171557562077,0.3710887465690759,3.054176072234763,6.258465011286682,0.4880072137060415,0.5220708446866485,2.6772009029345374,3.3024830699774266,0.810663021189337,0.3724604966139955,1.9604966139954854,2.3329571106094806,2.7573363431151243,0.8465011286681715,0.35327313769751695,1.8600451467268624,1.7810383747178329,15.65237020316027,28115.0,4734,11010,2028.0,5465.0,2706.0,5545.0,2372,2926,330.0,1737.0,2067.0,2443,750.0,313.0,1648.0,1578.0,13868,0.0,13.781323137115418,0.5657282589365108,0.49499569624755474,0.2650122354614974,1.3316912680064024,7.023062422194558,4.14488351413836,13.947547572470214,1.3399679886181752,0.9403841365818958,11.86227280810955,21.88653387871243,29.5,11.799999999999999,41.0,0.07012463097990397,0.601781966921572,-1.3417108305175172,-0.7405121821091943,8.9,8.450016005690912,19.643546149742132,3.60420771829984,9.65203983638627,4.869016539213942,9.996699270851856,4.263627956606793,5.271890449937756,0.5962333274052997,3.0911933131780187,3.6874266405833187,4.392829450471279,1.3399679886181752,0.5464236172861462,2.96309087675618,2.81172683620843,24.762525342343945,108.8107771652143,114.38719544727014,17.002062955717587,62.9638982749422,19.35824293081985,0.5885470389471812,0.0,-0.3828063311399613,2.4207789436244,756.0,541.0,802.0,137.0,1290.0,62.0,5643.0,316.0,667.0,16.143165569980436,0.24599320647341277,0.1359022230126267,0.03671292904143696,0.08586512537791215,0.49499569624755474,0.6155667437311044,0.3702716699270851,0.3301304641650364,0.33599640761159527,0.4400457051396052,0.850649333096212,0.014586768628845812,147.0,0.11906316912680064,0.4083947359060999,25.0,1.0,0,0,0,0.000625,0.00025,0.042,0,0,1,0,0,0,2,0,1,1,0,0.0,0,0.037,1,0.07518749999999999,0,0.0005625,0,0.0,0,0.0,2009,2025,16,0.5050043037524453
Brook Lopez,lopezbr01,85,282.0,1988-04-01,Stanford,2009,2024,2008-10-29T00:00:00Z,False,16,NBA,"NJN, BRK, LAL, MIL",C,1025,985.0,30.220487804878047,6.132682926829268,12.36390243902439,0.49601515031957705,0.9131707317073171,2.6165853658536586,0.348993288590604,5.219512195121951,9.747317073170732,0.5354819337403663,0.5329440542886451,2.895609756097561,3.63609756097561,0.7963509525087201,1.9980487804878049,4.183414634146342,6.1814634146341465,1.4360975609756097,0.568780487804878,1.8653658536585367,1.626341463414634,2.631219512195122,16.074146341463415,30976.0,6286,12673,936.0,2682.0,5350.0,9991.0,2968,3727,2048.0,4288.0,6336.0,1472,583.0,1912.0,1667.0,2697.0,16476,0.0,18.822255940082645,0.5778668969524793,0.2295677944214876,0.287361118285124,7.418307722107438,15.233048166322313,11.363019757231404,8.087826058884298,0.9446442407024794,5.033106275826446,10.347875774793389,22.838290934917357,50.2,35.3,85.60000000000001,0.13225939436983472,1.190363507231405,0.12872223657024798,1.3321280991735538,26.2,10.197540030991735,20.502327608471077,1.4151375258264465,4.079306559917355,8.775700542355372,16.423531120867768,4.857864152892563,6.106137009297521,3.370335098140496,6.92513236053719,10.288926911157024,2.3587616219008263,0.9446442407024794,3.053534994834711,2.7117671745867766,4.354254907024793,26.6636944731405,112.91309400826447,108.18946926652893,0.0,0.0,0.0,0.0,100.0,0.3646371384297522,3.530300878099174,493.0,476.0,1495.0,396.0,1859.0,64.0,3462.0,523.0,613.0,11.165227918388428,0.304716361053719,0.25335840650826447,0.11672175232438017,0.09593930785123966,0.2295677944214876,0.6954308174070248,0.46608877840909085,0.4372328899793388,0.3974887332128099,0.6345630810950414,0.622363087551653,0.08092852530991734,920.0,0.22007305655991735,0.19481246771694216,0.0,0.0,1,0,1,0.08031250000000001,0.015000000000000001,0.0528125,1,2,4,0,0,0,6,1,1,1,0,0.0,0,0.212,0,0.0,0,0.0020625,0,0.039125,0,0.0,2009,2025,16,0.7704322055785124
Robin Lopez,lopezro01,85,281.0,1988-04-01,Stanford,2009,2024,2008-10-29T00:00:00Z,False,16,NBA,"PHO, NOH, POR, NYK, CHI, MIL, WAS, ORL, CLE, MIL",C,992,607.0,21.105846774193548,3.5120967741935485,6.540322580645161,0.5369913686806412,0.057459677419354836,0.1935483870967742,0.296875,3.4546370967741935,6.346774193548387,0.5443138500635324,0.5413840937114673,1.311491935483871,1.7651209677419355,0.7430039977155911,2.1643145161290325,2.533266129032258,4.69758064516129,0.8256048387096774,0.22076612903225806,1.0534274193548387,1.0715725806451613,1.872983870967742,8.393145161290322,20937.0,3484,6488,57.0,192.0,3427.0,6296.0,1301,1751,2147.0,2513.0,4660.0,819,219.0,1045.0,1063.0,1858.0,8326,0.0,15.839633185270097,0.5749149830443712,0.029089984238429574,0.27900176720638104,11.326283612742992,13.087863590772315,12.214978268137747,6.194387925681807,0.5267803410230693,3.896518125805989,12.747986817595644,17.532717199216698,31.8,17.6,49.400000000000006,0.11376328986960883,-0.5136839088694656,-0.6269140755600134,-1.137488656445527,4.6,8.349448345035105,15.553799493719254,0.12892009361417586,0.41476811386540574,8.219100157615705,15.11886134594259,3.137417012943593,4.215150212542389,5.154329655633568,6.045493623728328,11.207646749773128,1.9480441323971918,0.5267803410230693,2.512518507904667,2.54658260495773,4.43507665854707,19.956283135119644,114.07021063189569,109.564407508239,0.0,0.0,0.0,0.0,100.0,-0.711792520418398,0.9621292448774895,238.0,300.0,1107.0,275.0,806.0,67.0,1937.0,199.0,377.0,6.1272770693031475,0.4260341500692553,0.36539184219324644,0.09510006209103501,0.08395166451736162,0.029089984238429574,0.663936285045613,0.4615075225677031,0.39868013564503035,0.4109501361226537,0.6188720447055452,0.2942876247790992,0.08680641925777333,502.0,0.24373362945980798,0.07136781773893108,2.0,0.0,0,0,0,0.0,0.0,0.002125,0,0,0,0,0,0,0,0,0,1,0,0.0,0,0.005,0,0.0,0,0.0009375,0,0.0,0,0.0,2009,2024,16,0.9709100157615704
Kevin Love,loveke01,80,251.0,1988-09-07,UCLA,2009,2024,2008-10-29T00:00:00Z,False,16,NBA,"MIN, CLE, MIA",PF,929,684.0,29.33692142088267,5.417653390742734,12.345532831001076,0.4388351207603104,1.776103336921421,4.817007534983854,0.3687150837988827,3.6415500538213132,7.528525296017222,0.48370031455533313,0.5107681576423402,3.8568353067814853,4.653390742734123,0.8288225769141799,2.361679224973089,7.759956942949408,10.121636167922498,2.3153928955866525,0.604951560818084,0.39181916038751347,1.7922497308934338,1.9590958019375673,16.468245425188375,27254.0,5033,11469,1650.0,4475.0,3383.0,6994.0,3583,4323,2194.0,7209.0,9403.0,2151,562.0,364.0,1665.0,1820.0,15299,3.0,20.78559844426506,0.5713116239818008,0.3868737066118735,0.37519534747193073,8.939458428120643,29.904623174579882,19.368980700080726,12.885444338445732,1.0344646657371395,1.0719747559991193,11.160170984075732,24.261154325970498,62.5,31.9,94.6,0.16643083584061055,3.8067402950025686,-0.5544947530637705,3.2421295956556837,36.0,9.302406986130476,21.174634915975638,3.0469765905922066,8.227434505026785,6.24527775739341,12.937620165847214,6.626891465472958,7.988643868789902,4.061249724811037,13.307209950832906,17.377526234681145,3.95643208336391,1.0344646657371395,0.6789388713583326,3.0748000293534896,3.3687935715858224,28.209627944521902,115.36644162324797,107.15293167975344,0.0,0.0,0.0,69.6632420929038,30.4382842885448,0.7856167901959347,4.241542525867763,799.0,450.0,940.0,210.0,1662.0,188.0,4840.0,272.0,704.0,14.281415572026125,0.2568450135759888,0.1627550084391282,0.08510937843986205,0.10836435018712848,0.3868737066118735,0.6139837088133853,0.4111962280766126,0.38612798121376674,0.3992020620826301,0.5779933954648858,0.9112592280032289,0.0230100168782564,232.0,0.1788572686578117,0.41733697805826664,24.0,0.0,1,0,5,0.0,0.067,0.036625,0,0,0,0,2,2,5,0,1,1,0,0.00425,0,0.027,0,0.026875,1,0.0439375,0,0.0,0,0.0,2009,2025,16,0.6131262933881265
JaVale McGee,mcgeeja01,84,270.0,1988-01-19,Nevada,2009,2024,2008-10-29T00:00:00Z,False,16,NBA,"WAS, DEN, PHI, DAL, GSW, LAL, CLE, DEN, PHO, DAL, SAC",C,909,343.0,16.145214521452147,3.2508250825082508,5.621562156215622,0.5782778864970646,0.0165016501650165,0.0858085808580858,0.19230769230769232,3.2343234323432344,5.5357535753575355,0.5842607313195548,0.5797455968688845,1.0803080308030804,1.78987898789879,0.6035648432698217,1.7865786578657865,3.2486248624862486,5.035203520352035,0.42464246424642466,0.3795379537953795,1.3839383938393839,0.9856985698569857,2.1155115511551155,7.598459845984599,14676.0,2955,5110,15.0,78.0,2940.0,5032.0,982,1627,1624.0,2953.0,4577.0,386,345.0,1258.0,896.0,1923.0,6907,1.0,19.58008312891796,0.5921221041155629,0.014320455164895067,0.32222437994003816,12.357365767239031,22.288416462251295,17.324046061597166,4.175579176887435,1.1746320523303353,6.9382188607249935,13.242423003543198,19.988607249931864,21.200000000000003,22.700000000000003,43.8,0.1428534341782502,-0.6520168983374216,0.64030389751976,-0.025599618424638853,7.1,9.961597165440175,17.324257290814934,0.04373126192423003,0.2628509130553284,9.908101662578359,17.046852003270644,3.3374420823112563,5.550933496865631,5.499434450804034,9.985111747070047,15.47151131098392,1.286413191605342,1.1746320523303353,4.269671572635596,3.0326587626056147,6.513586808394659,23.349434450804033,112.31105205778141,104.21817934041974,0.0,0.0,0.0,0.4925047696920142,99.50749523030798,-2.775688198419188,-2.6937517034614338,288.0,228.0,1056.0,220.0,790.0,73.0,867.0,227.0,296.0,4.1210411556282365,0.602462932679204,0.28284839193240663,0.07227316707549741,0.02807134096484056,0.014320455164895067,0.7069824202780048,0.3991364813300627,0.3173495502861815,0.321680158081221,0.674905083128918,0.436202643772145,0.29769548923412376,1422.0,0.024163532297628784,0.011549468520032706,3.0,0.0,3,0,0,0.0,0.0,0.0,0,0,0,0,0,0,0,0,0,0,0,0.0,0,0.0,0,0.0,0,0.0,0,0.0005,0,0.0,2009,2024,16,0.9856795448351049
Russell Westbrook,westbru01,76,200.0,1988-11-12,UCLA,2009,2024,2008-10-29T00:00:00Z,False,16,NBA,"OKC, HOU, WAS, LAL, LAC",PG,1162,1039.0,33.63253012048193,7.792598967297763,17.77882960413081,0.43830775933007404,1.0955249569707401,3.602409638554217,0.3041089345437172,6.6970740103270225,14.176419965576592,0.4724093971954107,0.46911757587492137,5.015490533562823,6.464716006884681,0.775825346112886,1.6110154905335627,5.537865748709122,7.148881239242685,8.14802065404475,1.5912220309810672,0.31755593803786575,3.9475043029259895,2.555077452667814,21.696213425129088,39081.0,9055,20659,1273.0,4186.0,7782.0,16473.0,5828,7512,1872.0,6435.0,8307.0,9468,1849.0,369.0,4587.0,2969.0,25211,199.0,21.978442209769455,0.5237635167984442,0.19769409687571968,0.36176328650751005,5.402126352959239,17.86075842481001,11.67062767073514,41.23694634221233,2.3316880325477856,0.7693559530206494,16.1395025715821,31.602707197871087,59.60000000000001,50.9,110.30000000000001,0.1357734704843786,3.3885494229932704,0.5005194339960595,3.88906885698933,58.0,11.443266548962411,26.115733988383102,1.5980246155420792,5.258493897290243,9.841869450628183,20.870561142243034,7.410790409661984,9.505724009109286,2.3703513216140837,8.043087433791356,10.433428008495177,11.95876768762314,2.3316880325477856,0.45417466287966013,5.799598270259206,3.74001944679,31.88493129653796,107.40912463857117,106.71080576239093,83.50139453954607,16.312172155267266,0.3859420178603413,0.0,0.0,3.6881067526419478,3.539254369130779,2639.0,1220.0,872.0,424.0,3321.0,145.0,21617.0,687.0,1259.0,11.258483662137612,0.34564824339192957,0.1433074383971751,0.1469100841841304,0.16663207185077145,0.19769409687571968,0.6009106215296436,0.33628410224917477,0.38981049614902386,0.3762498912515033,0.2006841687776669,0.5408581151966428,0.03910521736905402,652.0,0.12473304163148331,0.3000732325170799,15.0,0.0,0,0,9,0.0571875,0.31600000000000006,0.057125,0,0,12,2,7,9,11,1,1,1,1,0.1011875,0,0.122,0,0.000375,0,0.0120625,0,0.0004375,0,0.0,2009,2025,16,0.8023059031242803
DeAndre Jordan,jordade01,83,265.0,1988-07-21,Texas A&M,2009,2024,2008-11-01T00:00:00Z,False,16,NBA,"LAC, DAL, NYK, BRK, LAL, PHI, DEN",C,1055,786.0,25.759241706161138,3.5687203791469195,5.293838862559242,0.6741271262309758,0.0018957345971563982,0.012322274881516588,0.15384615384615385,3.566824644549763,5.281516587677725,0.6753409906676239,0.6743061772605192,1.6511848341232227,3.472985781990521,0.47543668122270744,2.9450236966824646,7.0085308056872035,9.953554502369668,0.9402843601895735,0.5260663507109005,1.4606635071090048,1.328909952606635,2.4739336492890995,8.790521327014218,27176.0,3765,5585,2.0,13.0,3763.0,5572.0,1742,3664,3107.0,7394.0,10501.0,992,555.0,1541.0,1402.0,2610.0,9274,0.0,18.399845451869297,0.6445555637327053,0.0023379084486311453,0.6649140785987637,13.026438769502501,29.829938180747725,21.573995437150426,5.402413894612894,1.0382175448925521,4.596478510450397,16.34318884309685,14.058371357079778,52.7,44.3,97.1,0.17137264498086546,0.46413747424197827,0.7372792169561379,1.2006881071533706,21.9,6.962496320282602,10.327605239917574,0.00215631439505446,0.01671695613776862,6.962496320282602,10.304272151898735,3.210770532823079,6.777343979982337,5.734103620841919,13.608853400058877,19.342276273182218,1.7986642625846334,1.0382175448925521,2.8541838386811893,2.5788342655284078,4.842824551074478,17.119152929055048,120.91941418899029,102.78057845157493,0.0,0.0,0.0,1.747240211951722,98.25275978804828,2.5384052104798354,3.3834854283191054,475.0,335.0,1441.0,310.0,1270.0,65.0,2302.0,314.0,325.0,1.7367382984986752,0.8322894833676773,0.15284777009125697,0.008142589049161025,0.003841661760376803,0.0023379084486311453,0.7274509493670887,0.4223139166911981,0.3257133868118928,0.06683345599057992,0.7122394392110687,0.021563143950544598,0.48830850750662347,2403.0,0.06616131881071534,0.0,0.0,0.0,1,0,1,0.1055,0.0565,0.0,2,2,5,1,1,3,4,0,0,0,0,0.0,0,0.0,0,0.0,0,0.0073125,0,0.04225,0,0.0,2009,2025,16,0.9976620915513689
Stephen Curry,curryst01,74,185.0,1988-03-14,Davidson,2010,2025,2009-10-28T00:00:00Z,False,16,NBA,GSW,PG,1026,1020.0,34.08869395711501,8.428849902534113,17.89083820662768,0.4711266071039442,3.9551656920077973,9.346003898635477,0.42319324225675253,4.473684210526316,8.544834307992202,0.5235542374814646,0.5816626716060144,3.9298245614035086,4.311890838206628,0.9113924050632911,0.652046783625731,4.044834307992203,4.696881091617934,6.374269005847953,1.51364522417154,0.25828460038986356,3.1062378167641325,2.2514619883040936,24.742690058479532,34975.0,8648,18356,4058.0,9589.0,4590.0,8767.0,4032,4424,669.0,4150.0,4819.0,6540,1553.0,265.0,3187.0,2310.0,25386,10.0,23.477160829163687,0.6218314224446033,0.5101816154395997,0.23817100786275908,2.162201572551823,12.658558970693353,7.515299499642601,30.8330550393138,2.1598970693352393,0.6332780557541101,13.763817012151536,29.043745532523232,103.8,39.2,143.3,0.19622690493209435,6.239476769120801,0.22984989278055754,6.451319513938527,74.9,12.024837741243745,25.520937812723375,5.62192994996426,13.30274767691208,6.406781987133667,12.221852751965692,5.607027877055039,6.153052180128664,0.9226132952108649,5.750456040028592,6.691339528234454,9.13584846318799,2.1598970693352393,0.3646576125804146,4.444437455325232,3.2312709077912793,35.27060185847034,117.95651179413868,108.65821300929235,94.83531093638312,5.1856182987848465,0.0,0.0,0.0,7.73472480343102,10.050061472480344,1964.0,719.0,1107.0,163.0,1561.0,252.0,14935.0,412.0,612.0,18.34575268048606,0.14925446747676913,0.11218973552537527,0.07293052180128663,0.15538993566833456,0.5101816154395997,0.6487529092208721,0.44523065046461757,0.46623313795568266,0.466638141529664,0.3520220157255182,0.6285178270192995,0.0017842458899213723,27.0,0.13130873481057898,0.49397927090779126,110.0,6.0,4,1,11,0.008812500000000001,0.4634375,0.0625,0,0,5,4,9,11,12,1,1,1,2,0.166625,0,0.636,0,0.0,0,0.009875,0,0.0,1,0.22866666666666668,2010,2025,16,0.48981838456040033
DeMar DeRozan,derozde01,78,220.0,1989-08-07,USC,2010,2025,2009-10-28T00:00:00Z,False,16,NBA,"TOR, SAS, CHI, SAC",SG,1187,1175.0,34.7329401853412,7.636057287278854,16.27211457455771,0.46927258607300026,0.5181128896377422,1.7245155855096883,0.3004396678065462,7.117944397641112,14.547598989048021,0.4892865415798008,0.4851928552938131,5.517270429654592,6.552653748946925,0.8419902288506043,0.7034540859309183,3.6840775063184497,4.387531592249368,4.101937657961247,0.9856781802864364,0.33108677337826453,2.004212299915754,2.240101095197978,21.30749789385004,41228.0,9064,19315,615.0,2047.0,8449.0,17268.0,6549,7778,835.0,4373.0,5208.0,4869,1170.0,393.0,2379.0,2659.0,25292,1.0,18.949476084214613,0.5550260502571068,0.10418067817987775,0.40141905986222953,2.3109949548850297,11.992053943921608,7.139427088386533,19.562316872028717,1.4206534394101096,0.8078199282041332,9.485075676724556,27.160759677888816,78.9,29.799999999999997,108.60000000000001,0.12643858542737946,1.5709857378480643,-0.7209469292713689,0.8439482875715534,29.400000000000006,11.050288638789173,23.597268846415055,0.7470942078199281,2.489737557000097,10.303924517318327,21.09369360628699,7.994314543514116,9.501457747162123,1.0265960027166003,5.34854467837392,6.342180071795868,5.886397593868246,1.4206534394101096,0.49927476472300386,2.9122295527311532,3.2520204715242067,30.845760162996022,112.81541670709227,112.27578344814204,0.14233045503056174,38.746313185213936,43.6704909284952,16.770908120694674,0.5322596293780926,0.16202338216745904,-1.5081352478897836,976.0,918.0,1263.0,229.0,3615.0,185.0,12028.0,822.0,1177.0,12.396946250121276,0.20397086931211797,0.17880792180071797,0.23090751431066264,0.2820202047152421,0.10418067817987775,0.6701871058503929,0.4658707189288832,0.44951144853012515,0.4062935626273407,0.36276753662559424,0.8524079994178713,0.03105903754729795,511.0,0.37691760454060347,0.34870658290482204,34.0,0.0,0,0,6,0.00025,0.060562500000000005,0.0010625,0,0,1,0,2,3,9,0,0,1,0,0.002125,0,0.0,0,0.0,0,0.004625,0,0.0,0,0.23633333333333337,2010,2025,16,0.8958193218201225
James Harden,hardeja01,77,220.0,1989-08-26,Arizona State,2010,2025,2009-10-28T00:00:00Z,False,16,NBA,"OKC, HOU, BRK, PHI, LAC",SG,1151,937.0,34.7619461337967,7.101650738488271,16.16854908774978,0.4392262224610424,2.7584708948740224,7.602085143353605,0.3628571428571429,4.343179843614249,8.566463944396178,0.5069979716024341,0.5245298226759807,7.092962641181582,8.234578627280625,0.8613631567841317,0.7567332754126846,4.867072111207645,5.62380538662033,7.225021720243267,1.4900086880973067,0.5690703735881842,3.7011294526498695,2.482189400521286,24.054735013032147,40011.0,8174,18610,3175.0,8750.0,4999.0,9860.0,8164,9478,871.0,5602.0,6473.0,8316,1715.0,655.0,4260.0,2857.0,27687,80.0,23.696785883881933,0.6066305016120566,0.4679757316737898,0.5081427357476693,2.468403688985529,15.39835545225063,9.018717352728,34.16799880032991,2.1207842843218114,1.3996400989727824,15.66842118417435,29.39782559796056,127.6,47.1,174.6,0.20954235085351527,5.518549898777836,0.8358226487715877,6.340706305765915,84.30000000000001,10.052475569218464,22.879295693684238,3.903861438104521,10.747739371672791,6.158453925170579,12.148161755517233,10.024390792532053,11.646099822548798,1.0689885281547575,6.888703106645673,7.964857164279824,10.204008897553173,2.1207842843218114,0.8001649546374747,5.22823723476044,3.539826547699383,34.03617005323537,118.41073704731198,108.06658169003524,31.631851240908752,59.00034990377646,9.203768963535028,0.13281347629401916,0.0,5.799230211691785,4.747846842118418,2372.0,1193.0,1138.0,467.0,3892.0,188.0,19603.0,711.0,1194.0,15.43539526630177,0.2464023893429307,0.1478075029366924,0.0666955837144785,0.07078076029092,0.4679757316737898,0.6406401739521632,0.3624132613531279,0.42265159581115186,0.4112201144685212,0.1889717077803604,0.446065506985579,0.02150186198795331,347.0,0.07836537452200644,0.3628544150358652,18.0,1.0,0,0,11,0.002875,0.4106875,0.0236875,0,0,4,6,6,8,12,0,1,1,1,0.22849999999999998,0,0.0,1,0.063375,0,0.006375,0,0.0,0,0.0,2010,2025,16,0.5320242683262104
Taj Gibson,gibsota01,81,232.0,1985-06-24,USC,2010,2025,2009-10-29T00:00:00Z,False,16,NBA,"CHI, OKC, MIN, NYK, WAS, DET, NYK, CHO",PF,1002,461.0,23.022954091816366,3.471057884231537,6.714570858283433,0.5169441141498217,0.054890219560878244,0.20658682634730538,0.26570048309178745,3.4161676646706587,6.507984031936128,0.5249194908756326,0.5210315101070154,1.3832335329341316,1.9431137724550898,0.711864406779661,2.12874251497006,3.586826347305389,5.7155688622754495,0.9441117764471058,0.5289421157684631,0.9620758483033932,1.0429141716566865,2.4201596806387227,8.380239520958083,23069.0,3478,6728,55.0,207.0,3423.0,6521.0,1386,1947,2133.0,3594.0,5727.0,946,530.0,964.0,1045.0,2425.0,8397,0.0,15.130127010273528,0.5572079413932116,0.03698370107070094,0.2892916467987342,10.282816767090035,17.18683081191209,13.746473622610429,6.4100741254497375,1.1615197884607047,3.3367679569985698,12.06920109237505,16.65912696692531,29.1,31.299999999999997,60.400000000000006,0.12537526550782435,-1.2319606398196714,0.35784819454679445,-0.8966145043131475,6.4,7.697204040053752,14.914200875633968,0.11501148727729853,0.44033551519354974,7.584520351987517,14.479292557111274,3.0570896007629287,4.335190081928129,4.72671117083532,7.958390047249555,12.673111101478174,2.0813342580952794,1.1615197884607047,2.141349863453119,2.319155576748017,5.371632927305042,18.59025532099354,112.98110017772768,105.58177640990073,0.0,0.0,6.004464866270753,74.86497030647189,19.266678226190994,2.2858598118687414,2.384186570722615,259.0,301.0,1235.0,258.0,895.0,73.0,2246.0,203.0,614.0,7.186427673501236,0.4672632970653257,0.20385456673457886,0.14686661753868827,0.14480012137500542,0.03698370107070094,0.6661145693354719,0.4110244483939485,0.41840578265204387,0.38119428670510214,0.681174823356019,0.4221536694265031,0.1240087129914604,759.0,0.38943001430491136,0.13353617408643637,9.0,1.0,0,0,0,0.0053125,0.0,0.0441875,0,0,1,0,0,0,0,1,1,1,0,0.0,0,0.003,0,0.043187500000000004,0,0.0003125,0,0.0,0,0.0,2010,2025,16,0.9630162989292991
Jrue Holiday,holidjr01,76,205.0,1990-06-12,UCLA,2010,2025,2009-10-30T00:00:00Z,False,16,NBA,"PHI, NOP, MIL, BOS",PG,1037,956.0,32.94021215043394,6.204435872709739,13.431051108968177,0.46194715680643306,1.5178399228543877,4.107039537126326,0.3695703216717539,4.686595949855352,9.32401157184185,0.5026372944461681,0.5184520390580126,1.9093539054966249,2.4233365477338475,0.7879029048945484,0.9623915139826422,3.222757955641273,4.185149469623915,6.210221793635487,1.420443587270974,0.5159112825458052,2.5776277724204437,2.1176470588235294,15.836065573770492,34159.0,6434,13928,1574.0,4259.0,4860.0,9669.0,1980,2513,998.0,3342.0,4340.0,6440,1473.0,535.0,2673.0,2196.0,16422,4.0,17.03036095904447,0.5463143534646798,0.30970780760560906,0.1769933253315378,3.2161685061038088,10.564767703972597,6.92828537135162,29.30736555519775,2.1405954506864955,1.298562604291695,15.128566410023712,22.71084340876489,39.0,35.599999999999994,74.5,0.10466743757135748,1.4056119909833427,0.18153927222693875,1.596908574606985,31.1,9.301976053163147,20.192883281126495,2.278983576802599,6.132298954887438,7.048930003805733,14.075578910389648,2.857302614245148,3.645900055622237,1.444453877455429,4.83503615445417,6.297095933721713,9.349948768992066,2.1405954506864955,0.7500687959249392,3.8862408150121492,3.214810152522029,23.759635820720746,109.26198073714102,109.43722005913521,59.88978014578881,30.57425568664188,9.610644339705495,0.06197488216868175,0.0,3.9490412482801016,6.119084282326766,1583.0,724.0,944.0,120.0,1063.0,189.0,15003.0,270.0,730.0,13.198574314236364,0.2600216048479171,0.19080666881348987,0.11969750285429902,0.11948953423695072,0.30970780760560906,0.6299336046137183,0.41901264674024413,0.45759360637020985,0.4017942855470008,0.2904530284844404,0.6003178957229428,0.0155437512807752,188.0,0.18172797798530405,0.3835802277584239,24.0,1.0,2,0,2,0.2195625,0.005125,0.0075625,3,6,11,0,0,0,3,0,0,1,0,0.0,0,0.0,0,0.000125,0,0.01225,0,0.004750000000000001,0,0.0,2010,2025,16,0.6902921923943909
James Johnson,johnsja01,79,240.0,1987-02-20,Wake Forest,2010,2025,2009-10-30T00:00:00Z,False,16,NBA,"CHI, TOR, SAC, MEM, TOR, MIA, MIN, DAL, NOP, BRK, IND",PF,786,243.0,19.797709923664122,2.940203562340967,6.209923664122138,0.47346855152632655,0.4847328244274809,1.6170483460559797,0.2997639653815893,2.455470737913486,4.592875318066158,0.5346260387811634,0.5124974390493752,1.0521628498727735,1.5521628498727735,0.6778688524590164,0.7697201017811705,2.6857506361323153,3.455470737913486,2.0483460559796436,0.7391857506361323,0.8333333333333334,1.3333333333333333,2.2251908396946565,7.417302798982188,15561.0,2311,4881,381.0,1271.0,1930.0,3610.0,827,1220,605.0,2111.0,2716.0,1610,581.0,655.0,1048.0,1749.0,5830,0.0,13.902191375875587,0.5369612492770388,0.25746655099286675,0.24961287834972046,4.403547329863119,15.253961827646037,9.83402737613264,15.92086626823469,1.8843840370156157,3.472122614227877,16.15250947882527,18.538866396761133,7.300000000000001,20.2,27.5,0.08447008547008547,-1.0886254096780414,1.448454469507101,0.38277745646166694,9.1,7.543512627723153,15.909793715056873,1.2226142278773857,4.112730544309492,6.313501702975387,11.809292461924043,2.7099929310455626,3.9817171132960607,1.9882334040228775,6.879898464108991,8.874770258980785,5.233699633699633,1.8843840370156157,2.144303065355697,3.4190540453698346,5.713957971852708,19.01294903926483,103.68009768009767,106.01047490521175,0.0,0.49707602339181284,36.074545337703235,59.18231476126213,4.491549386286229,-1.481832787095945,-1.8021592442645076,452.0,288.0,888.0,163.0,614.0,34.0,3834.0,172.0,298.0,10.606124285071653,0.4132629651050704,0.17454430949167793,0.05548544438018122,0.0996112717691665,0.25746655099286675,0.6565045948203844,0.4103794100636206,0.3621062271062271,0.34965195038879243,0.44820911252490203,0.9249075252233148,0.08867682025576763,383.0,0.3834582610372084,0.31561969025126924,19.0,0.0,0,0,0,0.0,0.0,0.0,0,0,0,0,0,0,0,0,0,0,0,0.0,0,0.0,0,0.003125,0,0.00425,0,0.0,0,0.0,2010,2025,16,0.7425334490071331
Patty Mills,millspa02,74,180.0,1988-08-11,Saint Mary's,2010,2025,2010-01-04T00:00:00Z,False,16,NBA,"POR, SAS, BRK, ATL, MIA, LAC, UTA",PG,921,112.0,19.887079261672095,3.0998914223669924,7.320304017372421,0.4234648472263423,1.6786102062975028,4.35613463626493,0.38534396809571286,1.4212812160694897,2.964169381107492,0.4794871794871795,0.538119252447345,0.8121606948968513,0.9478827361563518,0.856815578465063,0.2909880564603692,1.3279044516829532,1.6188925081433225,2.182410423452769,0.6308360477741585,0.08686210640608034,0.9348534201954397,1.263843648208469,8.690553745928339,18316.0,2855,6742,1546.0,4012.0,1309.0,2730.0,748,873,268.0,1223.0,1491.0,2010,581.0,80.0,861.0,1164.0,8004,0.0,13.288294387420834,0.5610899759772876,0.6014604717187159,0.12900218388294388,1.6657239571958942,7.3143590303559725,4.541537453592487,16.237562786634633,1.599115527407731,0.3529154837300721,10.750480454247652,19.42744048918978,20.0,15.8,36.0,0.09418006114872243,0.3047171871587683,-0.47569338283468005,-0.16350731600786197,8.600000000000001,7.785968552085609,18.392241755841887,4.2105481546189125,10.889457305088447,3.5805525223848,7.490041493775934,2.0287562786634634,2.3685520856082114,0.7257534396156367,3.3396156366018777,4.072843415592925,5.509494431098493,1.60086809347019,0.2377047390259882,2.34513540074252,3.1842924219261843,21.826151998252897,110.20741428259446,110.996341996069,89.49759772876173,8.837300720681371,1.537016815898668,0.0,0.0,4.514211618257261,2.046292858702773,520.0,211.0,429.0,58.0,252.0,282.0,4635.0,63.0,192.0,19.6020583096746,0.12057632670888839,0.05040740336317973,0.04575098274732474,0.1818788490936886,0.6014604717187159,0.6545069884254204,0.37080656256824635,0.3959702445948897,0.4158630705394191,0.49387322559510805,0.8221262830312295,0.0,0.0,0.23975513212491814,0.43726785324306616,16.0,0.0,1,0,0,0.0,0.0,0.0,0,0,0,0,0,0,0,0,0,0,0,0.0,0,0.0,0,0.001875,0,0.001375,0,0.0,0,0.0,2010,2025,16,0.3985395282812841
