player,player_id,ht_in_in,wt,birth_date,colleges,from_season,to_season,debut,hof,n_seasons,lg,teams,pos,career_g,career_gs,mp_per_game,fg_per_game,fga_per_game,fg_percent,x3p_per_game,x3pa_per_game,x3p_percent,x2p_per_game,x2pa_per_game,x2p_percent,e_fg_percent,ft_per_game,fta_per_game,ft_percent,orb_per_game,drb_per_game,trb_per_game,ast_per_game,stl_per_game,blk_per_game,tov_per_game,pf_per_game,pts_per_game,career_mp,career_fg,career_fga,career_x3p,career_x3pa,career_x2p,career_x2pa,career_ft,career_fta,career_orb,career_drb,career_trb,career_ast,career_stl,career_blk,career_tov,career_pf,career_pts,career_trp_dbl,career_per,career_ts_percent,career_x3p_ar,career_f_tr,career_orb_percent,career_drb_percent,career_trb_percent,career_ast_percent,career_stl_percent,career_blk_percent,career_tov_percent,career_usg_percent,career_ows,career_dws,career_ws,career_ws_48,career_obpm,career_dbpm,career_bpm,career_vorp,career_fg_per_100_poss,career_fga_per_100_poss,career_x3p_per_100_poss,career_x3pa_per_100_poss,career_x2p_per_100_poss,career_x2pa_per_100_poss,career_ft_per_100_poss,career_fta_per_100_poss,career_orb_per_100_poss,career_drb_per_100_poss,career_trb_per_100_poss,career_ast_per_100_poss,career_stl_per_100_poss,career_blk_per_100_poss,career_tov_per_100_poss,career_pf_per_100_poss,career_pts_per_100_poss,career_o_rtg,career_d_rtg,career_pg_percent,career_sg_percent,career_sf_percent,career_pf_percent,career_c_percent,career_on_court_plus_minus_per_100_poss,career_net_plus_minus_per_100_poss,career_bad_pass_turnover,career_lost_ball_turnover,career_shooting_foul_committed,career_offensive_foul_committed,career_shooting_foul_drawn,career_offensive_foul_drawn,career_points_generated_by_assists,career_and1,career_fga_blocked,career_avg_dist_fga,career_percent_fga_from_x0_3_range,career_percent_fga_from_x3_10_range,career_percent_fga_from_x10_16_range,career_percent_fga_from_x16_3p_range,career_percent_fga_from_x3p_range,career_fg_percent_from_x0_3_range,career_fg_percent_from_x3_10_range,career_fg_percent_from_x10_16_range,career_fg_percent_from_x16_3p_range,career_percent_assisted_x2p_fg,career_percent_assisted_x3p_fg,career_percent_dunks_of_fga,career_num_of_dunks,career_percent_corner_3s_of_3pa,career_corner_3_point_percent,career_num_heaves_attempted,career_num_heaves_made,career_CHMP_count,career_FMVP_count,career_all_star_count,career_all_defense_share_mean,career_all_nba_share_mean,career_all_rookie_share_mean,career_all_defense_1st_count,career_all_defense_2nd_count,career_all_defense_ORV_count,career_all_nba_1T_count,career_all_nba_2T_count,career_all_nba_3T_count,career_all_nba_ORV_count,career_all_rookie_1st_count,career_all_rookie_2nd_count,career_all_rookie_ORV_count,career_mvp_winner_count,career_mvp_share_mean,career_roy_winner_count,career_roy_share_sum,career_smoy_winner_count,career_smoy_share_mean,career_mip_winner_count,career_mip_share_mean,career_dpoy_winner_count,career_dpoy_share_mean,career_clutch_poy_winner_count,career_clutch_poy_share_mean,from,to,experience,career_percent_fga_from_x2p_range
Dolph Schayes,schaydo01,80,220.0,1928-05-19,NYU,1950,1964,1949-11-03T00:00:00Z,True,15,NBA,"SYR, PHI",PF,996,,29.919678714859437,5.886546184738956,15.488955823293173,0.3800479678485772,,,,,,,,6.738955823293173,7.93574297188755,0.8491902834008097,,,11.301204819277109,3.0843373493975905,,,,3.4457831325301207,18.512048192771083,29800.0,5863,15427,,,,,6712,7904,,,11256.0,3072,,,,3432.0,18438,3.0,22.095526845637583,0.48932399328859066,,0.5068340604026846,,,,,,,,,86.10000000000001,56.0,142.30000000000004,0.19226996644295308,,,,,,,,,,,,,,,,,,,,,,,,,,,,,,,,,,,,,,,,,,,,,,,,,,,,,,,,,,1,,12,,,,,,,6,12,,,0,,0,0,0.08111111111111112,0,0.0,,,,,,,,,1950,1964,15,
Hal Greer,greerha01,74,175.0,1936-06-26,Marshall,1959,1973,1958-10-19T00:00:00Z,True,15,NBA,"SYR, PHI",SG,1122,138.0,35.46167557932264,7.579322638146167,16.76559714795009,0.4520759130296103,0.0,0.0,,0.0,0.0,,0.4520759130296103,4.080213903743315,5.095365418894831,0.8007696344236488,0.0,0.0,5.049019607843137,4.046345811051693,0.0,0.0,0.0,3.435828877005348,19.23885918003565,39788.0,8504,18811,0.0,0.0,0.0,0.0,4578,5717,0.0,0.0,5665.0,4540,0.0,0.0,0.0,3855.0,21586,1.0,15.666469789886396,0.5049568965517243,0.0,0.30146566804061525,0.0,0.0,2.089582809751194,16.252138157894738,0.0,0.0,0.0,0.0,64.89999999999999,37.800000000000004,102.69999999999999,0.1239314114808485,,,,,,,,,,,,,,,,,,,,,,,,,,,,,,,,,,,,,,,,,,,,,,,,,,,,,,,,,,1,0,10,0.0,0.16637500000000002,0.0,0,0,,0,7,,,0,,0,0,0.0004,0,0.0,,,,,,,,,1959,1973,15,
Lenny Wilkens,wilkele01,73,180.0,1937-10-28,Providence,1961,1975,1960-10-22T00:00:00Z,True,15,NBA,"STL, SEA, CLE, POR",PG,1077,0.0,35.34261838440111,5.7465181058495824,13.302692664809657,0.43198157325329795,0.0,0.0,,0.0,0.0,,0.43198157325329795,5.008356545961003,6.474466109563602,0.7735551412591424,0.1095636025998143,0.2590529247910863,4.670380687093779,6.695450324976787,0.1615598885793872,0.02414113277623027,0.0,3.050139275766017,16.501392757660167,38064.0,6189,14327,0.0,0.0,0.0,0.0,5394,6973,118.0,279.0,5030.0,7211,174.0,26.0,0.0,3285.0,17772,13.0,16.77463745271122,0.5102220470786045,0.0,0.49072047078604464,1.2364043306266919,3.081084738704976,3.12427471057608,28.255547829542067,1.2018135106543752,0.1517384967728503,0.0,0.0,60.30000000000001,35.49999999999999,95.6,0.12045150273224046,1.8946487376509331,-0.18581229418221734,1.7088364434687158,3.4,7.548600439077936,16.429061470911087,0.0,0.0,0.0,0.0,5.591163556531285,7.050466520307355,1.5,3.54069703622393,4.9725576289791436,9.572557628979144,2.1823271130625685,0.331860592755214,0.0,3.3230241492864985,20.620225027442373,0.0,100.04418221734358,,,,,,,,,,,,,,,,,,,,,,,,,,,,,,,,,,,0,0,9,0.0,0.0,0.0,0,0,,0,0,,,0,,0,0,0.020933333333333335,0,0.0,,,,,,,,,1961,1975,15,
John Havlicek,havlijo01,77,203.0,1940-04-08,Ohio State,1963,1977,1962-10-20T00:00:00Z,True,15,NBA,BOS,SF,1188,0.0,36.76262626262626,8.38973063973064,19.11868686868687,0.4388235812089992,0.0,0.0,,0.0,0.0,,0.4388235812089992,4.325757575757576,5.31986531986532,0.8131329113924051,0.4351851851851852,0.968013468013468,6.46043771043771,4.87037037037037,0.32491582491582494,0.07996632996632996,0.0,2.606060606060606,21.105218855218855,43674.0,9967,22713,0.0,0.0,0.0,0.0,5139,6320,517.0,1150.0,7675.0,5786,386.0,95.0,0.0,3096.0,25073,31.0,17.743094289508633,0.49336289325456795,0.0,0.27850886110729506,2.7212351720836216,5.922160753231554,5.306433737202968,19.673718723480857,1.1411827031322428,0.26159902122453316,0.0,0.0,54.699999999999996,71.8,126.60000000000001,0.13921836790767964,1.1891767513209477,0.24346343957729677,1.4838077381966934,10.200000000000001,9.173223112323162,20.21555309357423,0.0,0.0,0.0,0.0,4.39042952104994,5.211871484574741,1.9525651951593657,4.3674194648031355,6.346326913243566,5.891545934890063,1.4686381455599113,0.37027441622635077,0.0,3.1877450144878132,22.68384182716891,0.0,97.43582750980057,,,,,,,,,,,,,,,,,,,,,,,,,,,,,,,,,,,8,1,12,0.43155555555555547,0.4151666666666667,0.0,5,8,,4,11,,,1,,1,0,0.019600000000000003,0,0.0,,,,,,,,,1963,1978,15,
John Havlicek,havlijo01,77,203.0,1940-04-08,Ohio State,1964,1978,1962-10-20T00:00:00Z,True,15,NBA,BOS,SF,1190,0.0,37.20252100840336,8.428571428571429,19.19747899159664,0.43904574305099586,0.0,0.0,,0.0,0.0,,0.43904574305099586,4.3655462184873945,5.336134453781512,0.8181102362204724,0.5126050420168067,1.1672268907563026,6.279831932773109,4.987394957983193,0.4,0.09831932773109243,0.17142857142857143,2.5983193277310925,21.222689075630253,44271.0,10030,22845,0.0,0.0,0.0,0.0,5195,6350,610.0,1389.0,7473.0,5935,476.0,117.0,204.0,3092.0,25255,31.0,17.642000406586703,0.49418007273384384,0.0,0.27778304081678756,2.822096684571217,6.256028894239675,5.362277621048996,19.501021974858457,1.1972566767236563,0.2795239859233191,1.0708762738211757,1.7150123783752662,55.99999999999999,69.1,125.3,0.13593011226310678,0.9987750326887344,0.11960635881907647,1.159699951827128,11.500000000000002,9.101383249604293,20.11631683985961,0.0,0.0,0.0,0.0,4.257532172596518,5.055598375886038,1.86545316908678,4.277448214162824,6.164173147064896,5.777682196682954,1.4746748331154085,0.37599614617025673,0.6352006056018168,3.1516069093661825,22.436721491982652,19.440988232055606,98.5068474296332,,,,,,,,,,,,,,,,,,,,,,,,,,,,,,,,,,,7,1,13,0.38839999999999997,0.38323076923076926,0.0,5,8,,4,11,,,0,,0,0,0.019200000000000002,0,0.0,,,,,,,,,1963,1978,16,
Paul Silas,silaspa01,79,220.0,1943-07-12,Creighton,1965,1979,1964-10-17T00:00:00Z,False,15,NBA,"STL, ATL, PHO, BOS, DEN, SEA",PF,1172,0.0,28.493174061433447,3.5665529010238908,8.233788395904437,0.43316062176165804,0.0,0.0,,0.0,0.0,,0.43316062176165804,2.651023890784983,3.9351535836177476,0.6736773633998265,1.5622866894197953,2.5435153583617747,10.171501706484642,2.138225255972696,0.2841296928327645,0.11348122866894197,0.21331058020477817,2.5469283276450514,9.784129692832764,33394.0,4180,9650,0.0,0.0,0.0,0.0,3107,4612,1831.0,2981.0,11921.0,2506,333.0,133.0,250.0,2985.0,11467,1.0,14.166167575013475,0.4880294963167036,0.0,0.47615353057435456,9.331243023845763,15.037336377473364,12.660306717786298,9.641618254776306,0.894461149867693,0.3411415525114155,2.6681613602267045,1.6467844640773461,28.0,49.599999999999994,77.8,0.11162436365814216,-0.276309778729479,-0.01621698786581012,-0.3110778015703069,5.9,4.863704496788008,11.807080656673802,0.0,0.0,0.0,0.0,3.620071377587437,5.2532976445396145,5.86241256245539,9.545838686652392,15.392748037116347,3.206117059243397,1.0616059957173447,0.4318986438258387,0.8173804425410421,3.958486795146324,13.399007851534618,28.94532476802284,96.15717344753747,,,,,,,,,,,,,,,,,,,,,,,,,,,,,,,,,,,3,0,2,0.18181818181818182,0.0,0.0,2,5,,0,0,,,0,,0,0,0.0014666666666666667,0,0.0,,,,,,,,,1965,1980,15,
Paul Silas,silaspa01,79,220.0,1943-07-12,Creighton,1966,1980,1964-10-17T00:00:00Z,False,15,NBA,"STL, ATL, PHO, BOS, DEN, SEA",PF,1175,0.0,28.72,3.5344680851063828,8.148085106382979,0.4337789847503656,0.0,0.0,,0.09617021276595744,0.25446808510638297,0.3779264214046823,0.4337789847503656,2.6493617021276594,3.901276595744681,0.6791012216404887,1.7319148936170212,2.734468085106383,10.026382978723404,2.148085106382979,0.3046808510638298,0.1174468085106383,0.2834042553191489,2.505531914893617,9.718297872340425,33746.0,4153,9574,0.0,0.0,113.0,299.0,3113,4584,2035.0,3213.0,11781.0,2524,358.0,138.0,333.0,2944.0,11419,1.0,13.95291590114384,0.48873359805606603,0.0,0.4765958928465595,9.635850739263084,15.064487209575217,12.748144982589428,9.585835358264683,0.877440597047687,0.330574982398498,3.4826685660018994,2.1139854384298826,29.099999999999998,49.49999999999999,78.80000000000001,0.11188514194274876,-0.4524895866709388,-0.10654918295418134,-0.5756936879205383,5.5,4.703876962512015,11.499724447292534,0.0,0.0,0.337295738545338,0.8994553027875682,3.515809035565524,5.12519705222685,5.876475488625442,9.275405318808074,15.137962191605256,3.082838833707145,1.0246459468119191,0.39797500801025315,0.9893623838513297,3.911624479333547,12.980044857417495,36.10567125921179,96.95879525793015,,,,,,,,,,,,,,,,,,,,,,,,,,,,,,,,,,,3,0,2,0.16666666666666666,0.0,0.0,2,5,,0,0,,,0,,0,0,0.0014666666666666667,0,0.0,,,,,,,,,1965,1980,16,
Elvin Hayes,hayesel01,81,235.0,1945-11-17,Houston,1969,1983,1968-10-17T00:00:00Z,True,15,NBA,"SDR, HOU, BAL, CAP, WSB, HOU",PF,1222,125.0,40.10310965630114,8.852700490998364,19.54418985270049,0.4529581710840347,0.004091653027823241,0.02618657937806874,0.15625,1.8682487725040917,4.03518821603928,0.46298925167308863,0.4530628480509149,4.312602291325695,6.437806873977086,0.6698868692004576,2.202127659574468,5.564648117839607,13.108837970540097,1.9042553191489362,0.6939443535188216,1.4263502454991817,1.044189852700491,3.330605564648118,22.022094926350245,49006.0,10818,23883,5.0,32.0,2283.0,4931.0,5270,7867,2691.0,6800.0,16019.0,2327,848.0,1743.0,1276.0,4070.0,26911,2.0,17.887024037872912,0.49342313186140463,0.0014953271028037382,0.33139646165775627,7.1864072817194105,18.25741456870018,13.279767783536709,6.962851487572951,1.1314424635332252,2.3814405598084867,4.550071419826144,8.256764477819043,37.900000000000006,82.80000000000001,120.6,0.118114639023793,0.3834770068899215,0.44392565294023395,0.7868386476526198,21.999999999999996,9.535356513379268,20.68725845217113,0.0,0.056279442397051765,3.4563563531485335,7.498730972600545,4.763211023874379,7.046072744752443,3.97641724082679,9.992100624899855,13.9688415318058,2.1588271110398973,1.2527992308924853,2.5689985579234094,1.9017849703573144,4.203704534529723,23.86712385835603,57.89847780804358,97.18887998718154,,,,,,,,,,,,,,,,,,,,,,,,,,,,,,,,,,,1,0,12,0.0216,0.19106666666666666,0.06193333333333333,0,2,,3,6,,,1,,1,0,0.03813333333333334,0,0.321,,,,,0,0.0,,,1969,1984,15,
Elvin Hayes,hayesel01,81,235.0,1945-11-17,Houston,1970,1984,1968-10-17T00:00:00Z,True,15,NBA,"SDR, HOU, BAL, CAP, WSB, HOU",PF,1221,129.0,37.923832923832926,8.227682227682228,18.173628173628174,0.45272645335736816,0.004095004095004095,0.027846027846027847,0.14705882352941177,1.9991809991809992,4.355446355446356,0.45900714554343736,0.45283911671924293,4.004095004095004,5.94021294021294,0.6740659037639597,2.2751842751842752,5.710892710892711,12.180999180999182,1.8714168714168715,0.7076167076167076,1.4504504504504505,1.1122031122031122,3.2162162162162162,20.463554463554463,46305.0,10046,22190,5.0,34.0,2441.0,5318.0,4889,7253,2778.0,6973.0,14873.0,2285,864.0,1771.0,1358.0,3927.0,24986,3.0,17.643325774754345,0.4933227297268113,0.0016898823021272002,0.32943679948169746,7.245363652677724,18.268692798728434,14.357060792570996,7.205256451787063,1.1193777077589602,2.3589791575870995,5.148208616780045,9.189180434078395,33.50000000000001,77.8,111.2,0.11532417665478889,0.2697661418056462,0.39935091151899127,0.6267182210627659,21.399999999999995,9.466349886642444,20.601214323426195,0.0,0.057629118916736555,3.5750116463244197,7.816736544613188,4.739650299698749,7.016866983446691,3.977145252958166,9.930603434889282,13.908062362185161,2.1940557160160252,1.2357340290071124,2.529823907574769,1.9603838628528834,4.249895959501847,23.701437932855058,58.98208018882574,97.52262492623994,,,,,,,,,,,,,,,,,,,,,,,,,,,,,,,,,,,1,0,11,0.0216,0.19106666666666666,0.0,0,2,,3,6,,,0,,0,0,0.03813333333333334,0,0.0,0,0.0,,,0,0.0,,,1969,1984,16,
Kareem Abdul-Jabbar,abdulka01,86,225.0,1947-04-16,UCLA,1970,1984,1969-10-18T00:00:00Z,True,15,NBA,"MIL, LAL",C,1170,399.0,39.0965811965812,11.116239316239316,19.835042735042734,0.5604343517042272,0.0,0.006837606837606838,0.0,3.3008547008547007,5.640170940170941,0.5852401879072586,0.5604343517042272,4.713675213675214,6.575213675213675,0.7168854803067723,1.971794871794872,6.518803418803419,12.824786324786325,4.033333333333333,0.7649572649572649,2.241880341880342,1.4418803418803419,3.0034188034188034,26.946153846153845,45743.0,13006,23207,0.0,8.0,3862.0,6599.0,5515,7693,2307.0,7627.0,15005.0,4719,895.0,2623.0,1687.0,3514.0,31527,21.0,26.02355551669108,0.5938217432175413,0.0004198019369083794,0.332086876680585,6.557611572158989,19.560029290100456,15.453505454386463,15.403524036464596,1.1595053483502178,3.441825749595334,5.881686815469034,10.62239031108585,155.8,80.0,235.60000000000002,0.2472825131714142,4.949956364543074,2.0120963720234384,6.954993142999626,72.8,12.691593940905125,22.556267921705526,0.0,0.008343722727839422,5.585581598304451,9.5471855130283,5.3257293354943265,7.272129410297967,3.2993891036030423,10.881174417154968,14.189963844907117,4.79162199227029,1.2771038523874831,3.7367566388230893,2.4219174666500436,3.6097026555292357,30.7027303328762,70.26792170552301,96.99002618127416,,,,,,,,,,,,,,,,,,,,,,,,,,,,,,,,,,,3,1,14,0.2498,0.5108666666666667,0.06666666666666667,5,11,,9,13,,,1,,1,6,0.3777999999999999,1,1.0,0,0.0,,,0,0.0,,,1970,1989,15,
Kareem Abdul-Jabbar,abdulka01,86,225.0,1947-04-16,UCLA,1971,1985,1969-10-18T00:00:00Z,True,15,NBA,"MIL, LAL",C,1167,478.0,38.42245072836332,10.96058269065981,19.369323050556982,0.5658732967616351,0.0,0.007712082262210797,0.0,3.9288774635818338,6.68808911739503,0.5874439461883408,0.5658732967616351,4.557840616966581,6.293916023993145,0.7241660993873383,2.115681233933162,6.929734361610969,12.371036846615253,3.968294772922022,0.8209083119108826,2.3864610111396742,1.6143958868894601,2.972579263067695,26.479005998286205,44839.0,12791,22604,0.0,9.0,4585.0,7805.0,5319,7345,2469.0,8087.0,14437.0,4631,958.0,2785.0,1884.0,3469.0,30901,21.0,26.118055710430657,0.5991226387742813,0.0004869198688641584,0.32564776199290796,6.629919857524489,19.47394527207528,16.556896897789873,15.449965431878496,1.1553834808259587,3.4328487882361434,6.733446330203617,12.261847944869421,154.1,79.1,233.00000000000003,0.24949499319788576,4.870409633001095,1.9505703750648156,6.81445526300628,77.6,12.69980699429625,22.4610906262603,0.0,0.007711586103589329,6.132159935472719,10.437601544045629,5.308627643025868,7.251512358126403,3.2691306101284785,10.670467246644005,13.948285994123406,4.761951950221812,1.263686120873423,3.6733623322002646,2.503595091317624,3.6544247277755373,30.702523477559485,74.0357204586046,97.59687734055424,,,,,,,,,,,,,,,,,,,,,,,,,,,,,,,,,,,4,2,14,0.2236,0.5085333333333334,0.0,5,10,,9,13,,,0,,0,6,0.3666,0,0.0,0,0.0,,,0,0.0,,,1970,1989,16,
Kareem Abdul-Jabbar,abdulka01,86,225.0,1947-04-16,UCLA,1972,1986,1969-10-18T00:00:00Z,True,15,NBA,"MIL, LAL",C,1164,557.0,37.955326460481096,10.724226804123711,18.985395189003437,0.5648671885605684,0.0,0.009450171821305841,0.0,4.587628865979381,7.853092783505154,0.5841811617984903,0.5648671885605684,4.45446735395189,6.102233676975945,0.7299732507391243,2.2353951890034365,7.243986254295533,11.687285223367697,3.9853951890034365,0.8805841924398625,2.504295532646048,1.7929553264604812,2.966494845360825,25.902920962199314,44180.0,12483,22099,0.0,11.0,5340.0,9141.0,5185,7103,2602.0,8432.0,13604.0,4639,1025.0,2915.0,2087.0,3453.0,30151,20.0,25.70017655047533,0.5988415346310547,0.000553689452240833,0.32248691715708466,6.592435491172477,19.160110909913985,16.010190131281124,15.70671570846537,1.1582727787767568,3.3892394748755086,7.530110909913988,14.027623358985966,144.7,77.0,221.5,0.2406774784970575,4.837292129716412,1.8836488766301585,6.714875612564604,82.5,12.749101571914416,22.555351739281793,0.0,0.0071686795383338235,6.643826152157031,11.37129314731007,5.35730123450178,7.290126663631737,3.2079425862946205,10.348699890207,13.56471895669871,4.778710869507003,1.2592025279168788,3.5766756821894328,2.580783547117264,3.7069142811236375,30.85018879040248,77.13086790027582,98.18846905711914,,,,,,,,,,,,,,,,,,,,,,,,,,,,,,,,,,,3,1,14,0.18833333333333335,0.48526666666666673,0.0,5,9,0,9,13,,1,0,,0,5,0.3184666666666666,0,0.0,0,0.0,0,0.0,0,0.0,,,1970,1989,17,
Kareem Abdul-Jabbar,abdulka01,86,225.0,1947-04-16,UCLA,1973,1987,1969-10-18T00:00:00Z,True,15,NBA,"MIL, LAL",C,1161,635.0,37.06976744186046,10.236003445305771,18.150732127476314,0.5639443838086651,0.0008613264427217916,0.012058570198105082,0.07142857142857142,5.080964685615848,8.72609819121447,0.5822722337380318,0.56396811085275,4.242894056847545,5.782945736434108,0.7336907953529938,2.372093023255814,7.582256675279931,11.008613264427218,3.8518518518518516,0.9250645994832042,2.594315245478036,1.9577950043066321,2.9827734711455642,24.71576227390181,43038.0,11884,21073,1.0,14.0,5899.0,10131.0,4926,6714,2754.0,8803.0,12781.0,4472,1074.0,3012.0,2273.0,3463.0,28695,19.0,24.908127701101353,0.5983908871230076,0.0007385333890980064,0.3203910032994099,7.187071889957713,20.564652167851666,15.603090292299827,15.441052093498769,1.1436242390445652,3.6039499976764717,8.523962544727915,15.653294762767787,130.9,72.89999999999999,203.6,0.2271522607927878,4.626392519605871,1.77421073798512,6.401045646491052,84.7,12.629511864065956,22.34947969032777,0.0,0.01286446812789061,6.898833701990751,11.851633822642267,5.316971646893223,7.247783028353105,3.189048361150211,10.155507239091092,13.352136537301426,4.72479640056304,1.2371631811783634,3.473801025537904,2.643318922179771,3.767846370400161,30.577141564448013,79.39302232053086,98.72911220591192,,,,,,,,,,,,,,,,,,,,,,,,,,,,,,,,,,,4,1,14,0.18833333333333335,0.4296,0.0,5,9,0,8,12,,2,0,,0,4,0.27540000000000003,0,0.0,0,0.0,0,0.0,0,0.0,,,1970,1989,18,
Kareem Abdul-Jabbar,abdulka01,86,225.0,1947-04-16,UCLA,1974,1988,1969-10-18T00:00:00Z,True,15,NBA,"MIL, LAL",C,1165,715.0,36.130472103004294,9.769957081545064,17.342489270386267,0.5633537913284498,0.0008583690987124463,0.012875536480686695,0.06666666666666667,5.475536480686695,9.47038626609442,0.5781745672074685,0.5633785389031875,4.12274678111588,5.599141630901287,0.7363176452552507,2.465236051502146,7.865236051502146,10.330472103004292,3.629184549356223,0.9630901287553648,2.6643776824034333,2.0875536480686696,2.979399141630901,23.66351931330472,42092.0,11382,20204,1.0,15.0,6379.0,11033.0,4803,6523,2872.0,9163.0,12035.0,4228,1122.0,3104.0,2432.0,3471.0,27568,17.0,24.131032025087904,0.5982558918559346,0.000809963888624917,0.32383189204599455,7.683075168678135,21.95349947733536,15.188316069561912,14.864881687731636,1.2241589850803005,3.8055782571510024,9.455770692768223,17.17850660458044,119.1,68.10000000000001,187.0,0.2134509883113181,4.367233678608762,1.6824099591371284,6.050061769457379,85.9,12.490812981089045,22.165820108334124,0.0,0.012159080110234725,7.074360923690962,12.238111755202889,5.261208780765941,7.157431340872373,3.151266273876271,10.01538297063575,13.168331274351418,4.619255440463745,1.2241589850803005,3.3875059393709015,2.679326237764896,3.8079920174855078,30.238434856979943,81.01644017865628,99.18262377648959,,,,,,,,,,,,,,,,,,,,,,,,,,,,,,,,,,,5,1,14,0.18833333333333335,0.3871333333333334,0.0,5,9,0,7,11,,2,0,,0,4,0.24960000000000004,0,0.0,0,0.0,0,0.0,0,0.0,,,1970,1989,19,
Kareem Abdul-Jabbar,abdulka01,86,225.0,1947-04-16,UCLA,1975,1989,1969-10-18T00:00:00Z,True,15,NBA,"MIL, LAL",C,1158,789.0,34.748704663212436,9.280656303972366,16.497409326424872,0.5625523450586265,0.0008635578583765112,0.015544041450777202,0.05555555555555555,5.7789291882556135,10.094127806563039,0.5725040636495851,0.5625785175879398,3.998272884283247,5.412780656303973,0.7386726228462029,2.321243523316062,7.342832469775475,9.664075993091537,3.381692573402418,0.9050086355785838,2.5094991364421415,2.1822107081174438,2.961139896373057,22.560449050086355,40239.0,10747,19104,1.0,18.0,6692.0,11689.0,4630,6268,2688.0,8503.0,11191.0,3916,1048.0,2906.0,2527.0,3429.0,26125,14.0,23.63422798777306,0.5976008350108104,0.0010578791719476131,0.3282017445761575,7.568455975546112,21.455267278013867,14.860965729764656,14.38677154004821,1.2034245383831608,3.7502895201173,10.37562563682,18.816252888988295,109.39999999999999,62.20000000000001,171.50000000000003,0.20469119510922243,4.047444021968737,1.531027112999826,5.578908521583538,77.30000000000001,12.365197942294788,21.97733293570914,0.0,0.016931335271751283,7.775031685678074,13.585168617510375,5.315860235095306,7.208874475011804,3.0922985163647208,9.745217326474316,12.839275329903824,4.479564601506001,1.2034245383831608,3.3271726434553535,2.916441760481125,3.941690896891076,30.0462586048361,89.12805984244142,100.40975173339298,,,,,,,,,,,,,,,,,,,,,,,,,,,,,,,,,,,5,1,14,0.14126666666666668,0.33013333333333333,0.0,4,8,0,6,10,0,2,0,0,0,3,0.21073333333333336,0,0.0,0,0.0,0,0.0,0,0.0,,,1970,1989,20,
Dan Issel,isselda01,81,235.0,1948-10-25,Kentucky,1971,1985,1970-10-15T00:00:00Z,True,15,"ABA,NBA","KEN, DNA, DEN",C,1218,318.0,34.30541871921182,8.564039408866995,17.16256157635468,0.4989954075774971,0.023809523809523808,0.11658456486042693,0.20422535211267606,7.0205254515599345,14.091133004926109,0.4982229214006875,0.49968905472636815,5.411330049261084,6.8267651888341545,0.7926638604930848,3.0344827586206895,6.105911330049261,9.14039408866995,2.3866995073891624,0.8530377668308703,0.4696223316912972,2.044334975369458,2.876847290640394,22.563218390804597,41784.0,10431,20904,29.0,142.0,8551.0,17163.0,6591,8315,3696.0,7437.0,11133.0,2907,1039.0,572.0,2490.0,3504.0,27482,0.0,21.467250622247743,0.5591423990044035,0.006615594485927628,0.3989480901780587,8.60097117631784,17.485268761360686,13.180643308443424,10.06750191460846,1.3439610761305096,0.7698545832251364,9.225921405322614,23.182921692513876,110.9,46.8,158.0,0.18113861765269004,3.0238657709573697,-0.7668661848514756,2.282266229424687,33.900000000000006,10.787376229743067,21.55734980419625,0.03157375274602821,0.14329969117132033,8.151376993855264,16.365029131777515,6.929466076602248,8.745592027762743,3.686478397911426,7.911967907287719,11.602696679295743,3.2839154382501827,1.3489031806170206,0.7460345760769208,2.5832563914801496,3.7857111019134644,28.5791174504123,106.02543856856315,104.34970868222484,,,,,,,,,,,,,,,,,,,,,,,,,,,,,,,,,,,0,0,7,0.0,0.0,0.0,0,0,,1,5,,,1,,1,0,0.0384,1,0.0,0,0.032,,,0,0.0,,,1971,1985,15,
Billy Paultz,paultbi01,83,235.0,1948-07-30,"Cameron University, St. John's",1971,1985,1970-10-15T00:00:00Z,False,15,"ABA,NBA","NYA, SAA, SAS, HOU, SAS, ATL, UTA",C,1124,89.0,27.03914590747331,4.834519572953736,9.726868327402135,0.49702734839476814,0.0,0.015124555160142349,0.0,3.5551601423487544,7.185943060498221,0.49473814535099664,0.49702734839476814,1.9848754448398576,2.8745551601423487,0.6904982977406375,2.1209964412811386,5.849644128113879,7.970640569395018,1.9626334519572954,0.40480427046263345,1.2962633451957295,1.6548042704626333,2.645017793594306,11.65391459074733,30392.0,5434,10933,0.0,17.0,3996.0,8077.0,2231,3231,2384.0,6575.0,8959.0,2206,455.0,1457.0,1860.0,2973.0,13099,0.0,16.239151750460646,0.5270436299026059,0.0016032179520926561,0.295599532771782,8.1457298979518,21.374252732141564,15.049802579626219,9.725575809423534,0.829528415961306,2.7598501845552583,13.124197157146616,16.718623321926824,36.9,33.6,70.59999999999998,0.11123045538299553,0.2149114039073149,0.5650340754202635,0.7452248977737391,15.500000000000002,7.980159018627896,16.240254429804633,0.0,0.007537482962289868,5.1374784189005,10.624357110404361,3.1464379827351205,4.634493412085415,3.32338482507951,8.98492503407542,12.280699681962744,3.5412903225806445,0.9350567923671058,2.5405770104497956,2.541908223534757,4.422971376646978,19.113934575193095,91.9658791458428,101.43630168105406,,,,,,,,,,,,,,,,,,,,,,,,,,,,,,,,,,,0,0,4,0.0,0.0,0.0,0,0,,0,0,,,0,,0,0,0.0,0,0.0,0,0.0,,,0,0.0,,,1971,1985,15,
Julius Erving,ervinju01,79,210.0,1950-02-22,UMass,1972,1986,1971-10-15T00:00:00Z,True,15,"ABA,NBA","VIR, NYA, PHI",SF,1183,763.0,36.6094674556213,9.651732882502113,19.036348267117496,0.5070159857904085,0.1014370245139476,0.33474218089602703,0.30303030303030304,7.850380388841927,15.282333051563821,0.5136899164776813,0.5096802841918295,5.126796280642434,6.607776838546069,0.7758730970960727,3.0211327134404056,5.65257819103973,8.673710904480135,4.213863060016906,1.8562975486052409,1.5612848689771768,3.1969568892645817,2.837700760777684,24.53169907016061,43309.0,11418,22520,120.0,396.0,9287.0,18079.0,6065,7817,3574.0,6687.0,10261.0,4985,2196.0,1847.0,3782.0,3357.0,29021,1.0,23.815428663788126,0.5586965757694706,0.01711937472580757,0.3474364450806991,8.639372878616454,15.280509824747748,12.029541203906808,17.815541804243924,2.540102020303548,2.3447066429610475,12.524629984529774,25.424713108129946,105.69999999999999,71.9,177.50000000000003,0.1966473250363666,4.792552237589327,1.646306007662419,6.43746977148602,78.19999999999999,12.094079287014646,23.743819797299132,0.1501643887726544,0.4479689155775344,9.521756378556095,18.386658696301932,6.432899491889248,8.2781784093688,3.5658343069858436,6.570404586582616,10.135054207537427,5.473790180148358,2.535230823574165,2.150808358014292,3.9232399532646793,3.6380295084639838,30.755710132326172,102.85498464799065,99.15115615574817,,,,,,,,,,,,,,,,,,,,,,,,,,,,,,,,,,,1,0,15,0.0,0.27586666666666665,0.0,1,1,0,9,12,,0,1,,1,4,0.23666666666666666,0,0.35,0,0.0,0,0.0,0,0.0,,,1972,1987,15,
Julius Erving,ervinju01,79,210.0,1950-02-22,UMass,1973,1987,1971-10-15T00:00:00Z,True,15,"ABA,NBA","VIR, NYA, PHI",SF,1159,823.0,35.99137187230371,9.411561691113029,18.58843830888697,0.506312662458225,0.11302847282139776,0.37359792924935287,0.302540415704388,7.563416738567731,14.724762726488352,0.5136528770655103,0.5093529520980319,4.9948231233822264,6.406384814495254,0.7796632996632996,2.7722174288179464,5.1708369283865405,7.9430543572044865,4.176876617773943,1.9603106125970664,1.6747195858498707,3.1044003451251077,2.7868852459016393,23.93097497842968,41714.0,10908,21544,131.0,433.0,8766.0,17066.0,5789,7425,3213.0,5993.0,9206.0,4841,2272.0,1941.0,3598.0,3230.0,27736,1.0,23.494934554346262,0.5583926499496572,0.019866759361365487,0.34452543510571987,8.293994821882341,14.496265042911253,11.471601860286713,18.077885122500838,2.515268255262022,2.567701491106104,12.477412858992185,25.40876684086877,100.0,67.9,167.7,0.19296950664045642,4.639366235376152,1.5647581415769223,6.202804679631208,79.99999999999999,12.005211642261306,23.652488313834866,0.16253970713566282,0.4951266754474316,9.540492239353322,18.491340616203093,6.356969086542187,8.165331473877224,3.5378063583068617,6.433175796079648,9.969856150409338,5.44536814648382,2.50871878308928,2.1631517781049037,3.931995557965961,3.6311923762299525,30.510234756333773,103.01076934996513,99.63900725704399,,,,,,,,,,,,,,,,,,,,,,,,,,,,,,,,,,,1,0,15,0.0,0.27586666666666665,0.0,1,1,0,9,11,,0,0,,0,4,0.23666666666666666,0,0.0,0,0.0,0,0.0,0,0.0,,,1972,1987,16,
Artis Gilmore,gilmoar01,86,240.0,1949-09-21,"Gardner-Webb University, Jacksonville University",1972,1986,1971-10-16T00:00:00Z,True,15,"ABA,NBA","KEN, CHI, SAS",C,1176,703.0,37.275510204081634,7.61734693877551,13.092687074829932,0.581801649672014,0.002551020408163265,0.017006802721088437,0.15,5.891156462585034,9.962585034013605,0.5913280983270741,0.5818990712476456,4.951530612244898,7.062925170068027,0.7010594750782567,3.879251700680272,9.335034013605442,13.214285714285714,2.44812925170068,0.5688775510204082,2.5960884353741496,3.1301020408163267,3.5255102040816326,20.18877551020408,43836.0,8958,15397,3.0,20.0,6928.0,11716.0,5823,8306,4562.0,10978.0,15540.0,2879,669.0,3053.0,3681.0,4146.0,23742,2.0,22.098752167168538,0.6261865818049093,0.0013220412446391097,0.5496923989415092,10.927105575326216,25.407863399945253,18.31414818870335,9.545991878821061,0.7769554393826238,3.787065425677525,16.12715348115704,19.325611369650517,111.19999999999999,72.80000000000001,183.99999999999997,0.20133650424308788,2.731654303479873,0.8763472237373187,3.6003736227773535,51.7,9.528305334351481,16.3273071888295,0.0,0.013174975455437984,6.901944474746372,11.598393694774735,6.462329551652667,9.081965201265408,4.693602050834515,11.303059888731317,16.02689538562234,3.0189102214464922,0.7556534307843352,3.0257990618522963,3.883495145631068,4.539964001309043,25.50751336315043,106.82156103414421,100.52249918184793,,,,,,,,,,,,,,,,,,,,,,,,,,,,,,,,,,,0,0,11,0.0,0.0,0.0,4,5,0,5,5,,0,1,,1,1,0.06113333333333334,1,0.633,0,0.0,0,0.0,0,0.0,,,1972,1988,15,
Artis Gilmore,gilmoar01,86,240.0,1949-09-21,"Gardner-Webb University, Jacksonville University",1973,1987,1971-10-16T00:00:00Z,True,15,"ABA,NBA","KEN, CHI, SAS",C,1174,777.0,36.2649063032368,7.238500851788756,12.460817717206133,0.5809009501674756,0.002555366269165247,0.017035775127768313,0.15,5.509369676320272,9.325383304940376,0.5907928388746803,0.5810034862259895,4.833049403747871,6.862862010221465,0.7042323445451161,3.684838160136286,8.775127768313459,12.459965928449744,2.3841567291311754,0.6030664395229983,2.3219761499148213,3.0017035775127767,3.4931856899488927,19.31260647359455,42575.0,8498,14629,3.0,20.0,6468.0,10948.0,5674,8057,4326.0,10302.0,14628.0,2799,708.0,2726.0,3524.0,4101.0,22673,2.0,21.264974750440402,0.6271606576629478,0.0013611978860833824,0.561995349383441,10.743908396946566,25.0180504991192,17.98907105108632,9.548453317674694,0.778257193188491,3.5039036993540815,16.225301233118024,18.997087492660015,101.6,67.39999999999999,169.1,0.19047746330005869,2.5142758426534946,0.8100964860645459,3.317213932894838,52.300000000000004,9.360374171422723,16.024024262278303,0.0,0.012364036546976173,6.8956696439996925,11.586182274204694,6.360010749110638,8.953817213932895,4.626289253448673,11.081286310239806,15.742103242648374,3.0115911243057862,0.7583830266424386,2.9565044915926597,3.859890461443964,4.543659304378982,25.0638804289407,107.2018529419292,101.16740460164309,,,,,,,,,,,,,,,,,,,,,,,,,,,,,,,,,,,0,0,10,0.0,0.0,0.0,4,5,0,4,4,,0,0,,0,0,0.014600000000000002,0,0.0,0,0.0,0,0.0,0,0.0,,,1972,1988,16,
Artis Gilmore,gilmoar01,86,240.0,1949-09-21,"Gardner-Webb University, Jacksonville University",1974,1988,1971-10-16T00:00:00Z,True,15,"ABA,NBA","KEN, CHI, SAS, BOS, CHI",C,1161,804.0,34.423772609819125,6.813092161929371,11.698535745047373,0.5823884553084966,0.0017226528854435831,0.015503875968992248,0.1111111111111111,5.065460809646856,8.529715762273902,0.5938604463293952,0.5824620821675748,4.627906976744186,6.557278208440999,0.7057664521213713,3.3987941429801896,8.11111111111111,11.5099052540913,2.1748492678725238,0.5581395348837209,2.1507321274763136,2.846683893195521,3.3996554694229113,18.25581395348837,39966.0,7910,13582,2.0,18.0,5881.0,9903.0,5373,7613,3946.0,9417.0,13363.0,2525,648.0,2497.0,3305.0,3947.0,21195,2.0,20.694052444577892,0.6289591402692291,0.0012748085872992044,0.573646874843617,10.599522093779711,24.569191312615725,17.712735825451634,9.239893909823351,0.7593129159785819,3.418067857679027,16.35654806585598,18.837246659660714,92.79999999999998,58.599999999999994,151.49999999999997,0.18181544312665762,2.357548916579092,0.774120502427063,3.124670970324776,51.6,9.274118000300257,15.889423509983487,0.0,0.012087774608417156,6.864484812090277,11.550740629535104,6.300575489165791,8.912395536205775,4.607826652654755,11.010203673122152,15.651786518540758,2.9711129460041033,0.7593129159785819,2.9284291647900718,3.8563178701896614,4.62535655307011,24.832309963468948,106.99624680978832,101.32007206125206,,,,,,,,,,,,,,,,,,,,,,,,,,,,,,,,,,,0,0,9,0.0,0.0,0.0,3,4,0,3,3,,0,0,,0,0,0.013466666666666667,0,0.0,0,0.0,0,0.0,0,0.0,,,1972,1988,17,
Caldwell Jones,jonesca01,83,217.0,1950-08-04,Albany State University,1974,1988,1973-10-10T00:00:00Z,False,15,"ABA,NBA","SDA, KEN, SDS, SSL, PHI, HOU, CHI, POR",C,1155,729.0,28.4995670995671,3.4164502164502166,7.185281385281385,0.47547897337028555,0.005194805194805195,0.04415584415584416,0.11764705882352941,2.8173160173160174,5.911688311688311,0.47656707674282367,0.47584046270635016,1.7038961038961038,2.251948051948052,0.7566320645905421,2.387012987012987,6.405194805194805,8.792207792207792,1.49004329004329,0.554978354978355,1.8917748917748918,1.7125541125541126,3.5705627705627707,8.541991341991341,32917.0,3946,8299,6.0,51.0,3254.0,6828.0,1968,2601,2757.0,7398.0,10155.0,1721,641.0,2185.0,1978.0,4124.0,9866,0.0,12.437075067594252,0.524962876325303,0.006400765561867728,0.3413603912871768,8.768475255946775,22.921274721268645,15.967129446790413,6.627851869854482,0.8863991250721512,3.504004010085974,17.955494121578514,12.98817936020901,15.399999999999999,48.7,64.1,0.09338964668712214,-1.7255642980830574,1.1219521827627061,-0.6263906188291763,11.1,5.46420998268372,11.511155330072606,0.0,0.0719324361272291,4.522101042014764,9.50068049943798,2.745639031503478,3.6280675638727713,3.8326822006865755,10.291931220949662,14.107664732509035,2.4125922775465565,0.8863991250721512,3.0196798007108794,2.758565482881186,5.746571680286782,13.69164869216514,95.45399033933833,101.40839080110581,,,,,,,,,,,,,,,,,,,,,,,,,,,,,,,,,,,0,0,1,0.06666666666666667,0.0,0.0,2,2,0,0,0,,0,0,,0,0,6.666666666666667e-05,0,0.359,0,0.0,0,0.0,0,0.0,,,1974,1990,15,
Caldwell Jones,jonesca01,83,217.0,1950-08-04,Albany State University,1975,1989,1973-10-10T00:00:00Z,False,15,"ABA,NBA","SDA, KEN, SDS, SSL, PHI, HOU, CHI, POR",C,1148,769.0,27.236062717770036,3.062717770034843,6.438153310104529,0.4757137058584765,0.003484320557491289,0.03832752613240418,0.09090909090909091,2.461672473867596,5.162891986062718,0.4768010798042855,0.47598430523609797,1.6071428571428572,2.1184668989547037,0.7586348684210527,2.197735191637631,5.955574912891986,8.153310104529616,1.4250871080139373,0.5235191637630662,1.7020905923344947,1.6602787456445993,3.4590592334494774,7.736062717770035,31267.0,3516,7391,4.0,44.0,2826.0,5927.0,1845,2432,2523.0,6837.0,9360.0,1636,601.0,1954.0,1906.0,3971.0,8881,0.0,11.713471071736976,0.5256903444526179,0.006287331691559791,0.35323017878274215,8.617053123101034,22.577884031087088,15.73672881952218,6.6136149934435675,0.8763136853551667,3.36132663830876,18.983375443758593,12.45041097642882,11.500000000000002,45.900000000000006,57.300000000000004,0.08787638724533851,-1.9778744363066494,1.0844532574279593,-0.9174017334569995,8.299999999999999,5.155153996226053,10.852288355134807,0.0,0.06636069977932005,4.163328749160456,8.754453577253974,2.716509418876131,3.5910160872485375,3.716186394601338,10.063370326542362,13.757623053059133,2.4197204720631973,0.8763136853551667,2.8655579364825536,2.811398599162056,5.845610387948955,13.045335337576358,94.33664886301852,101.86273067451306,,,,,,,,,,,,,,,,,,,,,,,,,,,,,,,,,,,0,0,1,0.06666666666666667,0.0,0.0,2,2,0,0,0,0,0,0,0,0,0,6.666666666666667e-05,0,0.0,0,0.0,0,0.0,0,0.0,,,1974,1990,16,
Caldwell Jones,jonesca01,83,217.0,1950-08-04,Albany State University,1976,1990,1973-10-10T00:00:00Z,False,15,"ABA,NBA","KEN, SDS, SSL, PHI, HOU, CHI, POR, SAS",C,1144,771.0,25.47902097902098,2.602272727272727,5.5026223776223775,0.47291501191421764,0.0017482517482517483,0.033216783216783216,0.05263157894736842,2.000874125874126,4.228146853146853,0.4732272069464544,0.47307386814932484,1.4152097902097902,1.8802447552447552,0.7526731752673175,2.0,5.444055944055944,7.444055944055944,1.305944055944056,0.49038461538461536,1.5166083916083917,1.5402097902097902,3.3636363636363638,6.621503496503497,29148.0,2977,6295,2.0,38.0,2289.0,4837.0,1619,2151,2288.0,6228.0,8516.0,1494,561.0,1735.0,1762.0,3848.0,7575,0.0,10.80486825854261,0.5246427885275148,0.006879545766433375,0.36246888294222585,8.52682173734047,22.232969672018665,15.541104020859065,6.430122135309456,0.8806641965143406,3.240829559489503,19.780135858377935,11.580372581309181,6.999999999999999,43.6,50.5,0.08305307396733909,-2.3643886372993,1.1166357897625911,-1.2704405104981475,5.1000000000000005,4.69410937285577,9.943557019349528,0.003036228900782215,0.05968162481130781,3.6374502538767666,7.707753533690133,2.5655139289145055,3.417555235350625,3.6294840126252232,9.857537395361604,13.4634932070811,2.3713771099217786,0.8806641965143406,2.7380986688623574,2.7958487717853715,6.090925620968848,11.973596816248111,93.07009057225196,101.81041580897488,,,,,,,,,,,,,,,,,,,,,,,,,,,,,,,,,,,0,0,0,0.06666666666666667,0.0,0.0,2,2,0,0,0,0,0,0,0,0,0,6.666666666666667e-05,0,0.0,0,0.0,0,0.0,0,0.0,,,1974,1990,17,
Moses Malone,malonmo01,82,215.0,1955-03-23,,1975,1989,1974-10-18T00:00:00Z,True,15,"ABA,NBA","UTS, SSL, BUF, HOU, PHI, WSB, ATL",C,1127,775.0,36.74800354924579,7.907719609582964,15.826974267968057,0.4996355889443292,0.0026619343389529724,0.049689440993788817,0.05357142857142857,6.558118899733807,13.14818101153505,0.4987852611688487,0.49971968380333015,6.81810115350488,9.030168589174801,0.7550358651862041,5.571428571428571,7.998225377107365,13.569653948535937,1.4179236912156168,0.9174800354924578,1.4543034605146405,3.251996450754215,2.6406388642413487,22.63620230700976,41415.0,8912,17837,3.0,56.0,7391.0,14818.0,7684,10177,6279.0,9014.0,15293.0,1598,1034.0,1639.0,3665.0,2976.0,25511,0.0,22.57325606664252,0.5722327176143909,0.0030623928528311,0.5746781117952433,16.55128093685862,23.63473137752022,20.125915731015336,5.8185850537244965,1.1943933357479173,2.2155185319328745,13.986333454062537,24.33222745382108,102.4,54.3,156.7,0.18162308342388023,3.3646842931305088,-1.3940021731256793,1.986625618737172,41.5,10.312425449716287,20.612282989255103,0.0,0.05732946999879271,8.57500664010624,17.188166123385248,8.893946637691657,11.750964626343112,7.248161294217071,10.400142460461185,17.657131474103586,1.8524399372208133,1.1943933357479173,1.8914378848243392,4.221724013038754,3.4327200289750093,29.467774960763006,106.46046118556079,103.4615960400821,,,,,,,,,,,,,,,,,,,,,,,,,,,,,,,,,,,1,1,13,0.02606666666666667,0.3829333333333333,0.0,1,2,0,4,8,0,4,1,0,1,3,0.19033333333333333,0,0.1,0,0.0,0,0.0,0,0.0018571428571428571,,,1975,1995,15,
Moses Malone,malonmo01,82,215.0,1955-03-23,,1976,1990,1974-10-18T00:00:00Z,True,15,"ABA,NBA","SSL, BUF, HOU, PHI, WSB, ATL",C,1125,856.0,36.39555555555555,7.856,15.892444444444445,0.49432294871077803,0.0035555555555555557,0.05688888888888889,0.0625,6.503111111111111,13.201777777777778,0.49259359008887693,0.4944348117903686,6.9351111111111114,9.081777777777777,0.7636292453753548,5.500444444444445,7.740444444444444,13.24088888888889,1.463111111111111,0.8853333333333333,1.4177777777777778,3.1795555555555555,2.529777777777778,22.650666666666666,40945.0,8838,17879,4.0,64.0,7316.0,14852.0,7802,10217,6188.0,8708.0,14896.0,1646,996.0,1595.0,3577.0,2846.0,25482,0.0,22.64746367077787,0.5694310172182195,0.003553645133715961,0.5757222859934058,16.52994993283673,23.35458297716449,19.957132739040176,6.047678593234828,1.1664623275125168,2.195657589449261,13.572255464647698,24.598734888264744,103.3,50.9,154.2,0.18068250091586271,3.4595652704847972,-1.5546611307851999,1.9198827695689338,40.4,10.360888997435584,20.928030284528027,0.0,0.07134692880693613,8.596846989864453,17.457928929051167,9.151039198925387,11.956214433996825,7.230970814507265,10.167087556478203,17.406987422151662,1.9322579069483454,1.1664623275125168,1.8567932592502139,4.167180363902797,3.321421418976676,29.813381365246055,106.84357064354622,104.30289412626695,,,,,,,,,,,,,,,,,,,,,,,,,,,,,,,,,,,1,1,12,0.02606666666666667,0.3829333333333333,0.0,1,2,0,4,8,0,4,0,0,0,3,0.19033333333333333,0,0.0,0,0.0,0,0.0,0,0.001625,,,1975,1995,16,
Moses Malone,malonmo01,82,215.0,1955-03-23,,1977,1991,1974-10-18T00:00:00Z,True,15,NBA,"BUF, HOU, PHI, WSB, ATL",C,1164,871.0,35.815292096219935,7.617697594501718,15.45274914089347,0.4929671429365653,0.003436426116838488,0.059278350515463915,0.057971014492753624,6.310137457044673,12.847938144329897,0.49114008692744904,0.49307833435258797,6.871993127147766,8.939862542955327,0.7686911397270806,5.380584192439863,7.634879725085911,13.015463917525773,1.422680412371134,0.8599656357388317,1.4097938144329898,3.070446735395189,2.4630584192439864,22.11082474226804,41689.0,8867,17987,4.0,69.0,7345.0,14955.0,7999,10406,6263.0,8887.0,15150.0,1656,1001.0,1641.0,3574.0,2867.0,25737,0.0,22.607316078581878,0.5703377149847682,0.003928518314183598,0.583524406917892,16.46902540238432,23.506685216723834,19.997869941711244,5.977533641967906,1.1543188850775985,2.2255367123221954,13.475228477536042,24.399491472570702,106.3,51.599999999999994,157.89999999999998,0.1817215332581736,3.4444553719206503,-1.5376430233394902,1.9215236633164623,41.10000000000001,10.227047902324355,20.716539135023627,0.0,0.07644462568063518,8.494487754563554,17.301995730288567,9.226772050181104,11.979620523399458,7.205452277579217,10.2135191537336,17.424939432464196,1.9113027417304322,1.1543188850775985,1.8799779318285401,4.102041305860058,3.294806783564009,29.62529444217899,107.45525198493607,104.49878864928398,,,,,,,,,,,,,,,,,,,,,,,,,,,,,,,,,,,1,1,12,0.02606666666666667,0.3829333333333333,0.0,1,2,0,4,8,0,4,0,0,0,3,0.19033333333333333,0,0.0,0,0.00125,0,0.0,0,0.0014444444444444444,,,1975,1995,17,
Moses Malone,malonmo01,82,215.0,1955-03-23,,1978,1992,1974-10-18T00:00:00Z,True,15,NBA,"HOU, PHI, WSB, ATL, MIL",C,1164,948.0,35.81958762886598,7.661512027491409,15.554982817869416,0.4925439080967635,0.006013745704467354,0.0661512027491409,0.09090909090909091,6.685567010309279,13.639175257731958,0.49017384731670444,0.4927372141831437,6.950171821305842,8.994845360824742,0.772683858643744,5.280068728522337,7.453608247422681,12.733676975945016,1.4261168384879725,0.865979381443299,1.309278350515464,3.1993127147766325,2.343642611683849,22.27920962199313,41694.0,8918,18106,7.0,77.0,7782.0,15876.0,8090,10470,6146.0,8676.0,14822.0,1660,1008.0,1524.0,3724.0,2728.0,25933,0.0,22.570844725859835,0.5712976687293136,0.0044700676356310256,0.5835195471770519,16.120122799443564,23.10958651124862,19.606818726915144,6.025572024751764,1.1663812538974432,2.0872211829040155,14.166194176620136,25.703436945363844,106.49999999999999,50.49999999999999,157.0,0.18057550247037943,3.432285220895093,-1.6338777761788268,1.813116995251115,39.9,10.311023168801267,20.91463040245599,0.006022449273276731,0.08848035688588286,9.017422171055788,18.408051518204058,9.352832541852544,12.087583345325465,7.091157001007339,10.002947666330888,17.100071952798963,1.923322300570825,1.1663812538974432,1.7536887801602152,4.2822228618026585,3.144474025039574,29.931345037655298,114.4886314577637,105.2808077900897,,,,,,,,,,,,,,,,,,,,,,,,,,,,,,,,,,,1,1,12,0.02606666666666667,0.3829333333333333,0.0,1,2,0,4,8,0,4,0,0,0,3,0.18873333333333336,0,0.0,0,0.0011111111111111111,0,0.0,0,0.0013,,,1975,1995,18,
Moses Malone,malonmo01,82,215.0,1955-03-23,,1979,1993,1974-10-18T00:00:00Z,True,15,NBA,"HOU, PHI, WSB, ATL, MIL",C,1116,948.0,35.56541218637993,7.632616487455197,15.519713261648745,0.4918013856812933,0.0062724014336917565,0.06899641577060932,0.09090909090909091,6.984767025089606,14.263440860215054,0.4896971981404699,0.49200346420323327,6.985663082437276,9.012544802867383,0.7751043945118313,5.186379928315413,7.342293906810036,12.528673835125447,1.4659498207885304,0.8611111111111112,1.3046594982078854,3.1487455197132617,2.289426523297491,22.25716845878136,39691.0,8518,17320,7.0,77.0,7795.0,15918.0,7796,10058,5788.0,8194.0,13982.0,1636,961.0,1456.0,3514.0,2555.0,24839,0.0,22.633473583432014,0.5716300420750295,0.004695648887657151,0.5864999874026857,16.009649542717494,22.955463455191353,19.47955455896803,6.243327202640397,1.1681590284951247,2.10479201834169,13.981310624574842,25.82406590914817,102.1,48.9,151.0,0.18249018669219721,3.477828726915422,-1.5864326925499486,1.9068479000277136,38.900000000000006,10.353921543926834,21.03563024363206,0.006326371217656396,0.09294550401854326,9.488730442669624,19.389939784837875,9.47805043964627,12.20577208939054,7.02556247008138,9.932707666725454,16.96453856037893,1.9921317175178248,1.1681590284951247,1.7619006827744323,4.250784812677937,3.098417777329874,30.1404247814366,114.90390768688115,105.40638935778892,,,,,,,,,,,,,,,,,,,,,,,,,,,,,,,,,,,1,1,11,0.02606666666666667,0.3829333333333333,0.0,1,2,0,4,8,0,4,0,0,0,3,0.18873333333333336,0,0.0,0,0.001,0,0.0,0,0.0011818181818181817,,,1975,1995,19,
Moses Malone,malonmo01,82,215.0,1955-03-23,,1980,1994,1974-10-18T00:00:00Z,True,15,NBA,"HOU, PHI, WSB, ATL, MIL, PHI",C,1089,866.0,33.90174471992654,7.258034894398531,14.900826446280991,0.4870894188697849,0.006427915518824609,0.07162534435261708,0.08974358974358974,7.251606978879706,14.829201101928374,0.489008607344108,0.4873051087693351,6.691460055096419,8.598714416896236,0.778193079880393,4.873278236914601,6.847566574839302,11.720844811753903,1.398530762167126,0.820018365472911,1.2433425160697889,2.9816345270890725,2.189164370982553,21.213957759412306,36919.0,7904,16227,7.0,78.0,7897.0,16149.0,7287,9364,5307.0,7457.0,12764.0,1523,893.0,1354.0,3247.0,2384.0,23102,0.0,22.452959180909556,0.5677767545166446,0.005115171050136785,0.5827775129337198,15.76341179338552,22.548863728703378,19.148319293588667,6.319323383623608,1.1699287629675776,2.126002871150357,13.831463474091931,26.017790297678705,92.09999999999998,45.9,137.90000000000003,0.1791332918009697,3.332449416289715,-1.5912971640618654,1.7577642948075516,34.8,10.37040277363959,21.267764565670795,0.006801375985265041,0.10159809312278233,10.340112137381837,21.160500013543164,9.558945258538964,12.262014139061188,6.9624421029822035,9.766534846555972,16.73571602697798,2.004932419621333,1.1699287629675776,1.7707088491020884,4.2462769847504,3.125894525853897,30.260050380562856,114.52891465099272,105.59568243993607,,,,,,,,,,,,,,,,,,,,,,,,,,,,,,,,,,,1,1,10,0.02606666666666667,0.32233333333333325,0.0,1,1,0,3,7,0,4,0,0,0,2,0.15526666666666664,0,0.0,0,0.0009090909090909091,0,0.0,0,0.0010833333333333333,,,1975,1995,20,
Moses Malone,malonmo01,82,215.0,1955-03-23,,1981,1995,1974-10-18T00:00:00Z,True,15,NBA,"HOU, PHI, WSB, ATL, MIL, PHI, SAS",C,1024,784.0,33.1328125,6.9716796875,14.3681640625,0.4852171548970298,0.0078125,0.072265625,0.10810810810810811,6.9638671875,14.2958984375,0.4871234373932646,0.48548902331271665,6.587890625,8.4111328125,0.7832346453036109,4.642578125,6.705078125,11.34765625,1.349609375,0.7958984375,1.220703125,2.888671875,2.1376953125,20.5390625,33928.0,7139,14713,8.0,74.0,7131.0,14639.0,6746,8613,4754.0,6866.0,11620.0,1382,815.0,1250.0,2958.0,2189.0,21032,0.0,22.25506071681207,0.5681944411695354,0.00544623909455317,0.5914303525112002,15.409378684272578,22.55543209148785,18.97896427729309,6.243474416411224,1.1650819382221174,2.1437308417825993,13.863254539023815,25.83482963923603,83.29999999999998,43.10000000000001,126.3,0.17837520631926432,3.203171421834473,-1.5173691346380571,1.7038788021692997,31.6,10.211875147370904,21.02928849327989,0.008718462626738976,0.1043739684036784,10.177596675312428,20.91874852629097,9.647907333176137,12.298791558594669,6.800919594435274,9.805906625795801,16.614159396368784,1.9868574628625322,1.1650819382221174,1.7831230841782597,4.220396132987503,3.127705729780712,30.039468875265268,114.53162579580288,105.56003890591842,,,,,,,,,,,,,,,,,,,,,,,,,,,,,,,,,,,1,1,9,0.02606666666666667,0.2985999999999999,0.0,1,1,0,3,6,0,4,0,0,0,2,0.1549333333333333,0,0.0,0,0.0008333333333333334,0,0.0,0,0.001,,,1975,1995,21,
Adrian Dantley,dantlad01,77,208.0,1955-02-28,Notre Dame,1977,1991,1976-10-21T00:00:00Z,True,15,NBA,"BUF, IND, LAL, UTA, DET, DAL, MIL",SF,955,569.0,35.76020942408377,8.553926701570681,15.833507853403141,0.540242047483632,0.007329842931937173,0.04293193717277487,0.17073170731707318,6.980104712041885,12.746596858638743,0.5476053561159944,0.5404735136565042,7.153926701570681,8.744502617801047,0.818105616093881,2.310994764397906,3.4010471204188484,5.712041884816754,2.9633507853403143,0.9884816753926702,0.15706806282722513,2.6209424083769632,2.670157068062827,24.26910994764398,34151.0,8169,15121,7.0,41.0,6666.0,12173.0,6832,8351,2207.0,3248.0,5455.0,2830,944.0,150.0,2503.0,2550.0,23177,1.0,21.50552838862698,0.6146000409944071,0.0026211238323914383,0.5544603671927616,7.086934496793652,10.062279289039854,8.600752540189157,12.991842112968873,1.300614916107874,0.2349155222394659,11.479537934467512,23.96801557787473,111.39999999999999,22.7,134.39999999999998,0.1886420016983397,4.130476413575005,-1.0464378788322448,3.0768440162806363,43.599999999999994,11.26662176803022,20.845866885303508,0.0014757986588972505,0.05105853415712571,9.274650815495887,16.96051360135867,9.414705279494012,11.490664987848085,3.019399139117449,4.471441539047174,7.499262100670551,3.8902813973236516,1.300614916107874,0.22039178940587392,3.4646569646569647,3.5257766976076836,31.939864132821874,109.29255365875085,108.78551140522971,,,,,,,,,,,,,,,,,,,,,,,,,,,,,,,,,,,0,0,6,0.0,0.043666666666666666,0.0606,0,0,0,0,2,0,1,1,0,1,0,0.010133333333333334,1,0.667,0,0.0,0,0.0,0,0.0,,,1977,1991,15,
Alex English,englial01,80,190.0,1954-01-05,South Carolina,1977,1991,1976-10-21T00:00:00Z,True,15,NBA,"MIL, IND, DEN, DAL",SF,1193,837.0,31.905280804694048,8.934618608549874,17.632858340318524,0.5067027952082145,0.015088013411567477,0.06957250628667226,0.21686746987951808,8.049455155071248,15.876781223805532,0.5069954067895043,0.5071306332002282,3.585079631181894,4.3093042749371335,0.831939311418012,2.3285834031852475,3.151718357082984,5.480301760268231,3.647108130762783,0.8943839061190276,0.6982397317686505,2.364626990779547,2.5373009220452643,21.46940486169321,38063.0,10659,21036,18.0,83.0,9603.0,18941.0,4277,5141,2778.0,3760.0,6538.0,4351,1067.0,833.0,2821.0,3027.0,25613,5.0,19.871878201928382,0.5486857052780916,0.0037336783753251185,0.24320219110422192,7.449207892178757,10.568475947770802,8.979657410083282,17.10770039145627,1.2697790505215039,1.1434516459553894,10.92985051099493,26.02662690802091,77.49999999999999,23.0,100.69999999999997,0.12694574783910886,3.249820035204792,-1.274468644090061,1.977103749047631,38.1,12.51584741087145,24.738415258912852,0.00810498384257678,0.09849985550271918,11.276218374799674,22.265215563670754,5.012999500827574,6.03039960066206,3.280490239865486,4.420938969603026,7.685739431994326,5.108727635761762,1.2697790505215039,0.9651131019625355,3.3143761658303332,3.576031841946247,30.102937235635654,109.05990069095972,110.10085910201508,,,,,,,,,,,,,,,,,,,,,,,,,,,,,,,,,,,0,0,8,0.0,0.07626666666666668,0.0,0,0,0,0,3,0,4,0,0,0,0,0.011133333333333334,0,0.0,0,0.0,0,0.0,0,0.0,,,1977,1991,15,
Robert Parish,parisro01,85,230.0,1953-08-30,Centenary (LA),1977,1991,1976-10-22T00:00:00Z,True,15,NBA,"GSW, BOS",C,1181,865.0,30.856900931414057,6.795088907705335,12.516511430990686,0.5428900013529969,0.0,0.005080440304826418,0.0,5.718035563082133,10.314987298899238,0.5543424725004105,0.5428900013529969,2.9373412362404743,4.077900084674005,0.7203073089700996,3.1905165114309906,6.958509737510584,10.149026248941574,1.5850973751058426,0.8450465707027942,1.6528365791701947,2.2692633361558,3.071972904318374,16.527519051651144,36442.0,8025,14782,0.0,6.0,6753.0,12182.0,3469,4816,3768.0,8218.0,11986.0,1872,998.0,1952.0,2680.0,3628.0,19519,2.0,19.996638494045328,0.5805235168212504,0.0004012952088249821,0.32881227704297245,11.787673563470719,24.166148949014875,18.152296800395153,7.4175676417320675,1.2985428900718952,2.9765956862960317,13.600694253882883,21.310347950167387,64.69999999999999,60.199999999999996,124.80000000000001,0.1644903133746776,1.6720459908896328,0.3485099610339718,2.033870259590582,37.0,10.498682838483068,19.28943252291312,0.0,0.0,8.896051259535701,16.02062180999945,4.536315240656386,6.2920339169090616,4.934320289775533,10.743202897755337,15.645293891663464,2.4346742769332095,1.2985428900718952,2.5331540530157515,3.50948081883541,4.729298611492235,25.50748037978157,107.54028318972614,101.18681740848471,,,,,,,,,,,,,,,,,,,,,,,,,,,,,,,,,,,3,0,9,0.0024666666666666665,0.039266666666666665,0.0,0,0,1,0,1,1,6,0,0,1,0,0.01906666666666667,0,0.0,0,0.0,0,0.0,0,0.0,,,1977,1997,15,
Robert Parish,parisro01,85,230.0,1953-08-30,Centenary (LA),1978,1992,1976-10-22T00:00:00Z,True,15,NBA,"GSW, BOS",C,1183,944.0,31.566356720202872,6.935756551141167,12.749788672865597,0.543989922429225,0.0,0.00507185122569738,0.0,6.1039729501267965,11.036348267117498,0.5530790441176471,0.543989922429225,2.981403212172443,4.122569737954353,0.7231904859544802,3.2003381234150465,7.068469991546914,10.268808114961962,1.5790363482671175,0.8546069315300084,1.6525781910397295,2.376162299239222,3.0228233305156382,16.852916314454777,37343.0,8205,15083,0.0,6.0,7221.0,13056.0,3527,4877,3786.0,8362.0,12148.0,1868,1011.0,1955.0,2811.0,3576.0,19937,2.0,19.95535441715984,0.5815167769059798,0.00039161288594917384,0.32604959430147556,11.6413651822296,24.023468923225238,18.020721420346522,7.237281418204216,1.292285033339582,2.92803470529952,13.994577296949899,22.06892054735827,66.0,61.5,127.40000000000002,0.1638165921323943,1.6791875317998017,0.34122057681493184,2.0334011729105854,37.900000000000006,10.530950914495353,19.31692418927242,0.0,0.0,9.311662158905284,16.80892001178266,4.520962429370966,6.248448169670354,4.868074337894652,10.731041962349034,15.56766462255309,2.378767104946041,1.292285033339582,2.489347401119353,3.602254773317623,4.580866561336796,25.561002061966096,111.86000053557561,101.58824947111908,,,,,,,,,,,,,,,,,,,,,,,,,,,,,,,,,,,3,0,9,0.003733333333333333,0.03966666666666666,0.0,0,0,2,0,1,1,7,0,0,0,0,0.01906666666666667,0,0.0,0,0.0,0,0.0,0,0.0,,,1977,1997,16,
Robert Parish,parisro01,85,230.0,1953-08-30,Centenary (LA),1979,1993,1976-10-22T00:00:00Z,True,15,NBA,"GSW, BOS",C,1180,1023.0,31.796610169491526,6.941525423728813,12.66864406779661,0.5479296273998261,0.0,0.005084745762711864,0.0,6.472033898305085,11.722881355932204,0.5520855924239139,0.5479296273998261,2.986440677966102,4.1084745762711865,0.726897689768977,3.238135593220339,7.107627118644068,10.345762711864406,1.5542372881355933,0.838135593220339,1.6432203389830509,2.3135593220338984,2.954237288135593,16.86949152542373,37520.0,8191,14949,0.0,6.0,7637.0,13833.0,3524,4848,3821.0,8387.0,12208.0,1834,989.0,1939.0,2730.0,3486.0,19906,2.0,20.05674840085288,0.5849024520255863,0.0003897654584221748,0.32656588486140725,11.774195095948826,24.089576226012795,18.132657249466952,7.0760127931769725,1.266082089552239,2.913102345415778,13.754261727078893,21.834445628997866,69.0,61.300000000000004,130.20000000000002,0.16659469616204692,1.8133715351812365,0.307180170575693,2.133483475479744,39.00000000000001,10.522254797441365,19.170434434968016,0.0,0.0,9.828256929637528,17.776313965884864,4.517561300639659,6.213430170575694,4.919701492537313,10.777124200426439,15.670770255863541,2.3321668443496804,1.266082089552239,2.473654051172708,3.504008528784648,4.476471215351813,25.5403118336887,112.86247334754798,102.01473880597015,,,,,,,,,,,,,,,,,,,,,,,,,,,,,,,,,,,3,0,9,0.003733333333333333,0.03966666666666666,0.0,0,0,2,0,1,1,7,0,0,0,0,0.01906666666666667,0,0.0,0,0.0,0,0.0,0,0.0,,,1977,1997,17,
Robert Parish,parisro01,85,230.0,1953-08-30,Centenary (LA),1980,1994,1976-10-22T00:00:00Z,True,15,NBA,"GSW, BOS",C,1178,1097.0,31.490662139219015,6.7852292020373515,12.363327674023768,0.5488190057676463,0.0,0.0050933786078098476,0.0,6.7852292020373515,12.35823429541596,0.5490451985162798,0.5488190057676463,2.955857385398981,4.0534804753820035,0.7292146596858639,3.1383701188455007,6.907470288624788,10.045840407470289,1.528862478777589,0.7903225806451613,1.5432937181663837,2.211375212224109,2.863327674023769,16.526315789473685,37096.0,7993,14564,0.0,6.0,7993.0,14558.0,3482,4775,3697.0,8137.0,11834.0,1801,931.0,1818.0,2605.0,3373.0,19468,1.0,19.796503666163463,0.5855949698080656,0.00039422040112141465,0.32922789519085616,11.576857343109769,23.693713607936168,17.83892333405219,7.045886348932501,1.2159855510028037,2.788621414707785,13.504768708216522,21.567155488462365,68.99999999999999,58.0,127.1,0.16435831356480482,1.7771053482855295,0.1776337071382359,1.9613192797067067,37.0,10.422665516497736,18.965904679749837,0.0,0.0,10.422665516497736,18.959709941772697,4.5311192581410396,6.210871792106966,4.830795773129178,10.61588041837395,15.426822298900152,2.3283211127884407,1.2159855510028037,2.35750754798361,3.3962098339443605,4.401280461505284,25.354442527496225,113.27730752641794,102.74911041621738,,,,,,,,,,,,,,,,,,,,,,,,,,,,,,,,,,,3,0,9,0.003733333333333333,0.03966666666666666,0.0,0,0,2,0,1,1,7,0,0,0,0,0.01906666666666667,0,0.0,0,0.0,0,0.0,0,0.0,,,1977,1997,18,
Robert Parish,parisro01,85,230.0,1953-08-30,Centenary (LA),1981,1995,1976-10-22T00:00:00Z,True,15,NBA,"BOS, CHH",C,1187,1101.0,30.605728727885424,6.438079191238416,11.735467565290648,0.548600143575018,0.0,0.004212299915754001,0.0,6.438079191238416,11.731255265374894,0.5487971274685817,0.548600143575018,2.822240943555181,3.868576242628475,0.7295296167247387,2.984835720303286,6.620050547598989,9.604886267902275,1.451558550968829,0.7582139848357203,1.4650379106992417,2.0606571187868576,2.7438921651221566,15.698399326032014,36329.0,7642,13930,0.0,5.0,7642.0,13925.0,3350,4592,3543.0,7858.0,11401.0,1723,900.0,1739.0,2446.0,3257.0,18634,1.0,19.423774395111337,0.5837825428720855,0.00034421536513529134,0.3298528448347051,11.40850560158551,23.31423380770184,17.595053538495417,6.861600924880951,1.2067686971840677,2.73155605714443,13.331495499463243,21.09668859588758,66.89999999999999,56.9,123.9,0.16366021635607922,1.6435409727765697,0.19143934597704315,1.8416994687439787,35.099999999999994,10.20267830108178,18.581901511189407,0.0,0.0,10.20267830108178,18.57557598612679,4.462677200033031,6.1138401827740925,4.740124969033004,10.50639434060943,15.232079055300176,2.2832585537724683,1.2067686971840677,2.307729362217512,3.2671997577692755,4.357364639819428,24.84183985245947,113.31322084285281,102.83935698753062,,,,,,,,,,,,,,,,,,,,,,,,,,,,,,,,,,,3,0,9,0.003733333333333333,0.03966666666666666,0.0,0,0,2,0,1,1,7,0,0,0,0,0.01906666666666667,0,0.0,0,0.0,0,0.0,0,0.0,,,1977,1997,19,
Robert Parish,parisro01,85,230.0,1953-08-30,Centenary (LA),1982,1996,1976-10-22T00:00:00Z,True,15,NBA,"BOS, CHH",C,1179,1053.0,29.785411365564038,6.044953350296861,11.030534351145038,0.5480199923106498,0.0,0.0033927056827820186,0.0,6.044953350296861,11.027141645462256,0.5481886008768556,0.5480199923106498,2.6446140797285835,3.618320610687023,0.7308954524144398,2.872773536895674,6.395250212044105,9.268023748939779,1.3638676844783715,0.712468193384224,1.3392705682782018,1.9550466497031382,2.5674300254452924,14.734520780322306,35117.0,7127,13005,0.0,4.0,7127.0,13001.0,3118,4266,3387.0,7540.0,10927.0,1608,840.0,1579.0,2305.0,3027.0,17372,1.0,18.847131019164504,0.5825250448500725,0.00029065694677791386,0.3281110003701911,11.271156419967538,23.217865990830656,17.461989919412254,6.5677335763305535,1.1680980721587833,2.606518210553293,13.452968647663528,20.465819973232335,61.59999999999999,53.0,114.7,0.15667716490588604,1.4533929435885753,0.0575333883873907,1.5178773813252842,30.999999999999996,9.870384713956204,17.99834553065467,0.0,0.0,9.870384713956204,17.99834553065467,4.311376256513938,5.8933992083606235,4.702964376228038,10.467710795341286,15.155736537859159,2.2090412051143313,1.1680980721587833,2.1798530626192445,3.1924281686932257,4.209553777372783,24.025047697696273,113.10755474556483,103.44650738958339,,,,,,,,,,,,,,,,,,,,,,,,,,,,,,,,,,,2,0,8,0.003733333333333333,0.03966666666666666,0.0,0,0,2,0,1,1,7,0,0,0,0,0.013933333333333334,0,0.0,0,0.0,0,0.0,0,0.0,,,1977,1997,20,
Robert Parish,parisro01,85,230.0,1953-08-30,Centenary (LA),1983,1997,1976-10-22T00:00:00Z,True,15,NBA,"BOS, CHH, CHI",C,1142,978.0,28.887040280210158,5.716287215411558,10.43169877408056,0.5479728028204482,0.0,0.0035026269702276708,0.0,5.716287215411558,10.428196147110333,0.5481568561592073,0.5479728028204482,2.5280210157618215,3.4518388791593697,0.7323693556570269,2.7504378283712785,6.137478108581436,8.887915936952714,1.3047285464098073,0.681260945709282,1.2311733800350262,1.8493870402802102,2.4518388791593697,13.96059544658494,32989.0,6528,11913,0.0,4.0,6528.0,11909.0,2887,3942,3141.0,7009.0,10150.0,1490,778.0,1406.0,2112.0,2800.0,15943,1.0,18.502897935675524,0.5825669768710783,0.0003094061656915942,0.32990142168601666,11.16145988056625,22.99239746582194,17.296914122889447,6.447079329473462,1.1534359938161205,2.502794871017612,13.45549425566098,20.077086301494436,56.89999999999999,48.5,105.60000000000002,0.15343229561368943,1.3228166964745822,-0.03954651550516838,1.2906696171451093,27.2,9.660144290521083,17.61633574827973,0.0,0.0,9.660144290521083,17.61633574827973,4.262924004971353,5.817051138258208,4.659231865167177,10.38966322107369,15.03299281578708,2.18751401982479,1.1534359938161205,2.074706720421959,3.128961168874473,4.162257116008366,23.554366607050834,113.0805419988481,103.79487101761192,0.0,0.0,0.0,0.0,100.0,16.3,5.200000000000001,7.0,12.0,27.0,3.0,14.0,,48.0,3.0,9.0,8.2,0.371,0.329,0.28,0.020999999999999998,0.0,0.585,0.511,0.375,0.0,0.629,0.0,0.049,7.0,0.0,0.0,0.0,0.0,3,0,7,0.003733333333333333,0.023266666666666668,0.0,0,0,2,0,0,1,7,0,0,0,0,0.0012666666666666668,0,0.0,0,0.0,0,0.0,0,0.0,,,1977,1997,21,1.0
Walter Davis,daviswa03,78,193.0,1954-09-09,UNC,1978,1992,1977-10-18T00:00:00Z,True,15,NBA,"PHO, DEN, POR, DEN",SG,1033,373.0,27.937076476282673,7.858664085188771,15.363988383349467,0.5114989603679667,0.15198451113262343,0.558567279767667,0.2720970537261698,6.206195546950629,12.040658276863505,0.5154365653642065,0.5164450885262428,3.028073572120039,3.558567279767667,0.8509249183895539,0.8606001936108422,2.09486931268151,2.9554695062923524,3.7541142303969024,1.239109390125847,0.1287512100677638,2.4598257502420133,2.3756050338818975,18.897386253630202,28859.0,8118,15871,157.0,577.0,6411.0,12438.0,3128,3676,889.0,2164.0,3053.0,3878,1280.0,133.0,2541.0,2454.0,19521,0.0,19.05693890987214,0.5584610693371218,0.03611913094701826,0.23185117294431548,3.330593575660972,8.21227693267265,5.76515818288922,21.139096988807648,2.027568522817839,0.266970442496275,12.675782251637274,27.393825149866597,49.5,27.299999999999997,76.89999999999999,0.127999237672823,2.0880938355452368,-0.6204130427249731,1.470594961710385,25.2,12.909345438164872,25.219394296406666,0.25470390519422015,0.9341973041338922,10.300710350323987,19.9787518625039,4.9591357981912045,5.817069198516929,1.3980283447104893,3.400273744759001,4.823857375515438,6.198367926816592,2.0327073010152814,0.21766173464084,4.042423507398039,3.885540039502408,31.001763747877607,108.4282199660418,106.96676946533144,,,,,,,,,,,,,,,,,,,,,,,,,,,,,,,,,,,0,0,6,0.0,0.0012666666666666666,0.06666666666666667,0,0,0,0,2,0,2,1,0,1,0,0.002,1,0.747,0,0.0,0,0.0,0,0.0,,,1978,1992,15,
James Edwards,edwarja01,85,252.0,1955-11-22,Washington,1978,1992,1977-10-18T00:00:00Z,False,15,NBA,"LAL, IND, CLE, PHO, DET, LAC",C,1015,761.0,26.334975369458128,5.447290640394089,10.929064039408868,0.49842242855855046,0.0009852216748768472,0.020689655172413793,0.047619047619047616,4.432512315270936,8.782266009852217,0.5047116894772269,0.49846750202830614,3.046305418719212,4.3605911330049265,0.6985991866244916,1.7123152709359606,3.9586206896551723,5.670935960591133,1.3960591133004927,0.39408866995073893,0.8285714285714286,1.7881773399014778,3.6699507389162562,13.941871921182265,26730.0,5529,11093,1.0,21.0,4499.0,8914.0,3092,4426,1738.0,4018.0,5756.0,1417,400.0,841.0,1815.0,3725.0,14151,0.0,15.141025065469512,0.5425894874672653,0.0020109240553685,0.40101346801346793,7.025260007482229,16.560583613916947,11.757014590347923,7.858148148148147,0.7035278713056492,1.7623718668163115,12.176969696969696,22.61546202768425,32.7,26.499999999999996,59.29999999999999,0.10623187429854096,-0.8110138421249533,-0.6136288814066592,-1.3922783389450055,3.8999999999999986,9.872895622895623,19.800564908342682,0.0,0.04542087542087542,8.130748222970444,16.116543209876543,5.517976056864946,7.890722035166481,3.0937074448185564,7.128312757201646,10.208533482977929,2.51010101010101,0.7035278713056492,1.4826187803965585,3.2397530864197535,6.65944631500187,25.24105499438833,107.1816685372241,106.49349046015713,,,,,,,,,,,,,,,,,,,,,,,,,,,,,,,,,,,2,0,0,0.0,0.0,0.0,0,0,0,0,0,0,0,0,0,0,0,0.0,0,0.0,0,0.0,0,0.0,0,0.0,,,1978,1996,15,
James Edwards,edwarja01,85,252.0,1955-11-22,Washington,1979,1993,1977-10-18T00:00:00Z,False,15,NBA,"IND, CLE, PHO, DET, LAC, LAL",C,984,709.0,25.347560975609756,5.239837398373984,10.4369918699187,0.5020447906523856,0.0010162601626016261,0.021341463414634148,0.047619047619047616,4.696138211382114,9.333333333333334,0.5031576655052264,0.502093476144109,2.951219512195122,4.190040650406504,0.7043414989085617,1.5965447154471544,3.7296747967479673,5.326219512195122,1.3953252032520325,0.3628048780487805,0.782520325203252,1.7245934959349594,3.582317073170732,13.43191056910569,24942.0,5156,10270,1.0,21.0,4621.0,9184.0,2904,4123,1571.0,3670.0,5241.0,1373,357.0,770.0,1697.0,3525.0,13217,0.0,15.086059658407509,0.5464437494988373,0.0021550797851014355,0.40344775880041694,6.893541015155161,16.40368053885013,11.612476946515917,8.186977788469248,0.6773273995669954,1.7421056851896402,12.26063667709085,22.666802982920377,30.600000000000005,24.599999999999994,55.199999999999996,0.10600765776601714,-0.8642570764172882,-0.5740678373827279,-1.4036404458343357,3.499999999999999,9.938449202148986,19.80186833453612,0.0,0.048676930478710606,8.958511747253628,17.811153876994627,5.5996351535562505,7.939279127575976,3.018085959425868,7.028213455216102,10.041488252746372,2.6173963595541654,0.6773273995669954,1.4687515034880922,3.2745088605564914,6.803195413358991,25.449719348889424,107.76818218266378,107.15940983080748,,,,,,,,,,,,,,,,,,,,,,,,,,,,,,,,,,,2,0,0,0.0,0.0,0.0,0,0,0,0,0,0,0,0,0,0,0,0.0,0,0.0,0,0.0,0,0.0,0,0.0,,,1978,1996,16,
James Edwards,edwarja01,85,252.0,1955-11-22,Washington,1980,1994,1977-10-18T00:00:00Z,False,15,NBA,"IND, CLE, PHO, DET, LAC, LAL",C,947,629.0,24.14466737064414,4.963041182682154,9.897571277719113,0.50144030726555,0.0010559662090813093,0.022175290390707498,0.047619047619047616,4.961985216473073,9.875395987328405,0.5024593669803251,0.5014936519790889,2.808870116156283,3.9714889123548045,0.7072587077904813,1.4815205913410772,3.3896515311510034,4.87117212249208,1.3759239704329462,0.31784582893347413,0.7011615628299894,1.6525871172122493,3.434002111932418,12.736008447729672,22865.0,4700,9373,1.0,21.0,4699.0,9352.0,2660,3761,1403.0,3210.0,4613.0,1303,301.0,664.0,1565.0,3252.0,12061,0.0,14.761294554996722,0.546355127924776,0.0023508418980975293,0.40363787448064736,6.767246883883665,15.844338508637655,11.262274218237481,8.4952285151979,0.624574677454625,1.6635906407172534,12.369582331073696,22.727080691012464,26.800000000000004,21.5,48.39999999999999,0.10140201180844084,-1.0078154384430353,-0.6540520446096655,-1.624032363874918,1.899999999999999,9.944579050951235,19.843061447627374,0.0,0.05309862234856767,9.944579050951235,19.798285589328668,5.637109118740433,7.955154165755521,2.960537940083097,6.761193964574678,9.716483708725125,2.7262234856767984,0.624574677454625,1.3856243166411548,3.3146818281215835,6.896374371309861,25.506101027771702,107.69438005685545,107.833194839274,,,,,,,,,,,,,,,,,,,,,,,,,,,,,,,,,,,2,0,0,0.0,0.0,0.0,0,0,0,0,0,0,0,0,0,0,0,0.0,0,0.0,0,0.0,0,0.0,0,0.0,,,1978,1996,17,
James Edwards,edwarja01,85,252.0,1955-11-22,Washington,1981,1995,1977-10-18T00:00:00Z,False,15,NBA,"IND, CLE, PHO, DET, LAC, LAL, POR",C,893,547.0,23.31131019036954,4.7077267637178055,9.433370660694289,0.4990503323836657,0.0011198208286674132,0.022396416573348264,0.05,4.706606942889138,9.41097424412094,0.5001189909566873,0.49910968660968663,2.732362821948488,3.851063829787234,0.7095085780750218,1.3818589025755879,3.184770436730123,4.566629339305711,1.3258678611422172,0.2810750279955207,0.6360582306830908,1.6215005599104144,3.328107502799552,12.148936170212766,20817.0,4204,8424,1.0,20.0,4203.0,8404.0,2440,3439,1234.0,2844.0,4078.0,1184,251.0,568.0,1448.0,2972.0,10849,0.0,14.32612768410434,0.5448145265888458,0.0024709612336071486,0.40950751789402906,6.618364798001634,15.545630974684151,11.052596435605514,8.496670990056202,0.5765239948119325,1.588586251621271,12.64614978142864,22.729610414565016,22.1,19.400000000000002,41.699999999999996,0.0958413316039775,-1.2199212182350965,-0.6393092184272471,-1.8176730556756497,0.7000000000000004,9.834990632656002,19.72093000912715,0.0,0.058322524859489834,9.834990632656002,19.67174905125618,5.70719604169669,8.035192390834412,2.8759043089782397,6.628712110294471,9.500129701686122,2.735701590046596,0.5765239948119325,1.307676418311957,3.386270836335687,6.972042080991496,25.353749339482153,106.95133784887352,108.13748378728924,,,,,,,,,,,,,,,,,,,,,,,,,,,,,,,,,,,2,0,0,0.0,0.0,0.0,0,0,0,0,0,0,0,0,0,0,0,0.0,0,0.0,0,0.0,0,0.0,0,0.0,,,1978,1996,18,
James Edwards,edwarja01,85,252.0,1955-11-22,Washington,1982,1996,1977-10-18T00:00:00Z,False,15,NBA,"CLE, PHO, DET, LAC, LAL, POR, CHI",C,840,467.0,22.28095238095238,4.445238095238095,8.964285714285714,0.49588313413014606,0.0011904761904761906,0.02023809523809524,0.058823529411764705,4.444047619047619,8.94404761904762,0.4968720883801411,0.4959495351925631,2.6333333333333333,3.711904761904762,0.7094291212315587,1.2595238095238095,2.9630952380952382,4.222619047619047,1.1702380952380953,0.2619047619047619,0.5333333333333333,1.5535714285714286,3.248809523809524,11.525,18716.0,3734,7530,1.0,17.0,3733.0,7513.0,2212,3118,1058.0,2489.0,3547.0,983,220.0,448.0,1305.0,2729.0,9681,0.0,13.67605257533661,0.5424610493695236,0.002367653344731781,0.41502628766830524,6.376394528745458,15.161776020517207,10.755417824321436,7.849129087411839,0.5680326992947211,1.4057437486642443,12.707453515708483,22.786621072878813,17.200000000000003,17.2,34.49999999999999,0.08829782004701858,-1.6584686898910024,-0.753045522547553,-2.3652917290019237,-2.0,9.760344090617654,19.69448065826031,0.0,0.05217995298140628,9.760344090617654,19.652468476170117,5.771457576405215,8.134809788416327,2.758992306048301,6.4786866851891425,9.232688608677066,2.5405802521906384,0.5680326992947211,1.1465003205813211,3.406203248557384,7.151918144902757,25.26462385125027,106.1015708484719,108.50432784783074,,,,,,,,,,,,,,,,,,,,,,,,,,,,,,,,,,,3,0,0,0.0,0.0,0.0,0,0,0,0,0,0,0,0,0,0,0,0.0,0,0.0,0,0.0,0,0.0,0,0.0,,,1978,1996,19,
Brad Davis,davisbr01,75,180.0,1955-12-17,Maryland,1978,1992,1977-10-21T00:00:00Z,False,15,NBA,"LAL, IND, UTA, DAL",PG,961,396.0,23.207075962539022,3.0905306971904265,6.056191467221644,0.5103092783505154,0.2809573361082206,0.8751300728407908,0.3210463733650416,2.7460978147762747,5.048907388137357,0.5438994229183842,0.5335051546391752,1.7232049947970864,2.0822060353798126,0.8275862068965517,0.31321540062434966,1.4953173777315296,1.8085327783558793,4.900104058272633,0.7866805411030177,0.15192507804370448,1.4328824141519252,2.225806451612903,8.18522372528616,22302.0,2970,5820,270.0,841.0,2639.0,4852.0,1656,2001,301.0,1437.0,1738.0,4709,756.0,146.0,1377.0,2139.0,7866,0.0,14.645130481571158,0.5866224105461393,0.1427241503004215,0.3453955250650166,1.4987534750246614,7.231037575105372,4.352986279257466,28.435615639852927,1.6397363465160073,0.3799121155053359,17.061164917944577,15.055627298000179,42.09999999999999,11.5,53.400000000000006,0.11552614115325979,0.5065330463635548,-0.3768182225809345,0.12887185005829066,12.1,6.467029862792575,12.675396825396826,0.5985696350103129,1.853210474396915,5.751354138642274,10.583701013362031,3.5783472334319795,4.338610886915972,0.6487714106358174,3.139852927988522,3.7894538606403017,10.22697964308134,1.6409380324634562,0.3160165007622635,2.9992018653035606,4.678557976863062,17.123280423280423,117.55510716527665,111.31526320509371,,,,,,,,,,,,,,,,,,,,,,,,,,,,,,,,,,,0,0,0,0.0,0.0,0.0,0,0,0,0,0,0,0,0,0,0,0,0.0,0,0.0,0,0.0,0,0.0,0,0.0,,,1978,1992,15,
Tree Rollins,rollitr01,85,235.0,1955-06-16,Clemson,1978,1992,1977-10-22T00:00:00Z,False,15,NBA,"ATL, CLE, DET, HOU",C,1018,504.0,22.51375245579568,2.487229862475442,4.741650294695481,0.5245494095711623,0.0,0.004911591355599214,0.0,1.9469548133595285,3.680746561886051,0.5289564985321591,0.5245494095711623,0.9990176817288802,1.4233791748526523,0.7018633540372671,2.0353634577603144,4.3487229862475445,6.384086444007859,0.6208251473477406,0.48330058939096265,2.412573673870334,0.9941060903732809,3.1591355599214146,5.9734774066797645,22919.0,2532,4827,0.0,5.0,1982.0,3747.0,1017,1449,2072.0,4427.0,6499.0,632,492.0,2456.0,1012.0,3216.0,6081,4.0,13.888263013220474,0.5580640952921158,0.001089925389414896,0.301299882193813,9.884720101226057,21.375635935250227,15.595780793228327,3.802404118853354,1.0408045726253325,6.30734761551551,15.733299882193815,11.71601727824076,21.6,40.599999999999994,62.10000000000001,0.1305426065709673,-1.2819102055063485,2.5538679698067104,1.274230987390375,19.099999999999998,5.391304158122082,10.239020027051788,0.0,0.00548453248396527,4.269222042846547,8.032715214450892,2.163349186264671,3.073607050918452,4.396548715039923,9.416889916663031,13.824080457262532,1.334351411492648,1.0408045726253325,5.214258911819888,2.1521357825385055,6.845996771237838,12.915310441118722,110.50948994284218,100.20559361228675,,,,,,,,,,,,,,,,,,,,,,,,,,,,,,,,,,,0,0,0,0.05653333333333333,0.0,0.0,1,2,0,0,0,0,0,0,0,1,0,0.0,0,0.0,0,0.0,0,0.0,0,0.014600000000000002,,,1978,1995,15,
Tree Rollins,rollitr01,85,235.0,1955-06-16,Clemson,1979,1993,1977-10-22T00:00:00Z,False,15,NBA,"ATL, CLE, DET, HOU",C,980,504.0,21.807142857142857,2.336734693877551,4.436734693877551,0.5266789328426863,0.0,0.007142857142857143,0.0,2.033673469387755,3.863265306122449,0.5264131008980454,0.5266789328426863,0.9408163265306122,1.339795918367347,0.7022086824067022,1.9438775510204083,4.185714285714286,6.1295918367346935,0.5744897959183674,0.45,2.298979591836735,0.9183673469387755,2.992857142857143,5.614285714285714,21371.0,2290,4348,0.0,7.0,1993.0,3786.0,922,1313,1905.0,4102.0,6007.0,563,441.0,2253.0,900.0,2933.0,5502,4.0,13.64407374479435,0.5585990828693089,0.0017352019091291936,0.3025730195124234,9.786987038510128,21.198951850638714,15.482279724860792,3.608778250900754,1.0040756164896356,6.203392447709513,15.625057320668194,11.352005053577276,19.8,37.49999999999999,57.30000000000001,0.12917416124654904,-1.341855785878059,2.5378129240559635,1.1983950212905339,17.4,5.254054559917646,9.943867858312665,0.0,0.01050488980393992,4.605044218801179,8.707023536568247,2.1152309204061575,3.0059660287305228,4.357540592391558,9.398694492536615,13.767647746946796,1.2872911889944318,1.0040756164896356,5.157423611436059,2.069608347760985,6.739212016283748,12.597716531748631,110.96715174769548,100.74755509803003,,,,,,,,,,,,,,,,,,,,,,,,,,,,,,,,,,,0,0,0,0.05653333333333333,0.0,0.0,1,2,0,0,0,0,0,0,0,0,0,0.0,0,0.0,0,0.0,0,0.0,0,0.013272727272727275,,,1978,1995,16,
Tree Rollins,rollitr01,85,235.0,1955-06-16,Clemson,1980,1994,1977-10-22T00:00:00Z,False,15,NBA,"ATL, CLE, DET, HOU, ORL",C,944,460.0,21.032838983050848,2.141949152542373,4.0741525423728815,0.5257410296411856,0.0,0.007415254237288136,0.0,2.141949152542373,4.066737288135593,0.5266996613701485,0.5257410296411856,0.9014830508474576,1.2733050847457628,0.7079866888519135,1.8209745762711864,4.021186440677966,5.842161016949152,0.5540254237288136,0.4258474576271186,2.1546610169491527,0.875,2.8177966101694913,5.185381355932203,19855.0,2022,3846,0.0,7.0,2022.0,3839.0,851,1202,1719.0,3796.0,5515.0,523,402.0,2034.0,826.0,2660.0,4895,3.0,13.250823470158648,0.5594327373457567,0.0018676907579954671,0.3123158902039789,9.573533115084361,21.073865525056657,15.337083857970285,3.597844371694787,0.9928834046839587,6.050440695039033,15.948662805338703,10.991835809619744,17.099999999999998,34.699999999999996,51.80000000000001,0.12562442709644925,-1.4926617980357595,2.538665323596071,1.0486275497355828,15.400000000000002,5.0301485771845895,9.527494333920925,0.0,0.011306975572903551,5.0301485771845895,9.507217325610679,2.1126265424326363,2.975980861244019,4.256670863762277,9.40602870813397,13.674983631327121,1.2939561823218333,0.9928834046839587,5.037305464618484,2.0595517501888696,6.617904809871569,12.145343742130445,110.86995718962478,101.07338201964241,,,,,,,,,,,,,,,,,,,,,,,,,,,,,,,,,,,0,0,0,0.05653333333333333,0.0,0.0,1,2,0,0,0,0,0,0,0,0,0,0.0,0,0.0,0,0.0,0,0.0,0,0.012166666666666668,,,1978,1995,17,
Tree Rollins,rollitr01,85,235.0,1955-06-16,Clemson,1981,1995,1977-10-22T00:00:00Z,False,15,NBA,"ATL, CLE, DET, HOU, ORL",C,913,463.0,19.94523548740416,1.9222343921139102,3.695509309967141,0.520154119739182,0.0,0.007667031763417305,0.0,1.9222343921139102,3.687842278203724,0.5212355212355212,0.520154119739182,0.7831325301204819,1.1095290251916758,0.7058242843040474,1.606790799561884,3.6900328587075575,5.2968236582694415,0.4994523548740416,0.3888280394304491,2.0,0.8214676889375685,2.629791894852136,4.627601314348302,18210.0,1755,3374,0.0,7.0,1755.0,3367.0,715,1013,1467.0,3369.0,4836.0,456,355.0,1826.0,750.0,2401.0,4225,3.0,12.428138385502471,0.5546362987369577,0.0020364085667215815,0.31000285557386054,8.984980779791321,20.454080175727622,14.736749038989567,3.3769906644700716,0.9610488742449202,5.938105436573312,16.535343218012077,10.573948380010984,12.600000000000001,30.599999999999994,43.10000000000001,0.11414063701263043,-1.8723997803404724,2.473058758923668,0.6035200439319056,12.100000000000001,4.770214168039539,9.127962657880284,0.0,0.012328390993959364,4.770214168039539,9.105853926414058,1.941515650741351,2.748517298187809,3.970021965952773,9.128473366282263,13.109264140582095,1.23890170236134,0.9610488742449202,4.939225700164744,2.040455793520044,6.528879736408567,11.463531026908294,109.3773750686436,101.82042833607908,,,,,,,,,,,,,,,,,,,,,,,,,,,,,,,,,,,0,0,0,0.05653333333333333,0.0,0.0,1,2,0,0,0,0,0,0,0,0,0,0.0,0,0.0,0,0.0,0,0.0,0,0.011230769230769232,,,1978,1995,18,
Maurice Cheeks,cheekma01,73,180.0,1956-09-08,West Texas A&M University,1979,1993,1978-10-13T00:00:00Z,True,15,NBA,"PHI, SAS, NYK, ATL, NJN",PG,1101,978.0,31.64850136239782,4.455949137148047,8.514078110808356,0.5233624919991465,0.047229791099000905,0.18528610354223432,0.2549019607843137,4.143505903723887,7.809264305177112,0.5305885089555711,0.5261361211862599,2.11716621253406,2.6684831970935514,0.7933968686181075,0.6475930971843779,2.1571298819255222,2.8047229791099,6.713896457765667,2.0980926430517712,0.2670299727520436,2.0599455040871937,2.05086285195277,11.076294277929156,34845.0,4906,9374,52.0,204.0,4562.0,8598.0,2331,2938,713.0,2375.0,3088.0,7392,2310.0,294.0,2268.0,2258.0,12195,1.0,16.5048357009614,0.5709152245659348,0.02181598507676855,0.3114441957239202,2.3385622040464917,7.370010044482708,4.9065920505094,29.14819055818625,3.1714564499928257,0.4889654182809585,17.576025254699385,15.221845314966277,60.8,42.6,103.39999999999999,0.14250612713445254,1.2182264313387863,1.592486726933563,2.8075993686325154,42.2,6.77246089826374,12.926428468933851,0.0851112067728512,0.2897087100014349,6.314791218252259,11.907622327450136,3.227211938585163,4.046835987946621,0.9817793083656193,3.2847811737695514,4.237738556464342,10.179242359018511,3.1714564499928257,0.4008006887645286,3.105349404505668,3.0762175347969576,16.81657626632228,115.60410388864973,105.37905007892094,,,,,,,,,,,,,,,,,,,,,,,,,,,,,,,,,,,1,0,4,0.17226666666666668,0.0128,0.0,4,5,3,0,0,0,2,0,0,1,0,0.0,0,0.0,0,0.0,0,0.0,0,0.024909090909090912,,,1979,1993,15,
Bill Cartwright,cartwbi01,85,245.0,1957-07-30,San Francisco,1980,1995,1979-10-12T00:00:00Z,False,15,NBA,"NYK, CHI, SEA",C,963,758.0,28.5472481827622,4.834890965732087,9.208722741433021,0.5250338294993234,0.0,0.0020768431983385254,0.0,4.834890965732087,9.206645898234683,0.525152267087751,0.5250338294993234,3.5316718587746627,4.581516095534787,0.7708522212148685,1.881619937694704,4.458982346832814,6.3406022845275185,1.4434060228452752,0.47767393561786087,0.6936656282450675,1.964693665628245,2.941848390446521,13.201453790238837,27491.0,4656,8868,0.0,2.0,4656.0,8866.0,3401,4412,1812.0,4294.0,6106.0,1390,460.0,668.0,1892.0,2833.0,12713,0.0,15.144298133934743,0.5814479284129351,0.00019686442835837185,0.4931269142628497,7.590731512131244,18.141537230366303,12.83612091229857,7.094103524789931,0.815277727256193,1.4495289367429338,14.924378887635955,19.20495434869594,43.4,29.499999999999996,72.8,0.12701720563093374,-0.07989887599578044,-0.5461132734349424,-0.614422902040668,9.799999999999999,8.208351824233386,15.687126696009605,0.0,0.0,8.208351824233386,15.676486850241899,5.988010621657997,7.76753482958059,3.2112509548579533,7.585624386162745,10.82898766869157,2.477829107707977,0.815277727256193,1.1553271979920703,3.34319959259394,5.047204539667528,22.42732530646393,111.76912444072606,106.52708159033865,,,,,,,,,,,,,,,,,,,,,,,,,,,,,,,,,,,3,0,1,0.0,0.0,0.06666666666666667,0,0,0,0,0,0,0,1,0,1,0,0.0,0,0.0,0,0.0,0,0.0,0,0.0,,,1980,1995,15,
Rick Mahorn,mahorri01,82,240.0,1958-09-21,Hampton,1981,1996,1980-10-10T00:00:00Z,False,15,NBA,"WSB, DET, PHI, NJN",PF,1020,606.0,24.242156862745098,2.954901960784314,5.965686274509804,0.49531635168447,0.004901960784313725,0.03627450980392157,0.13513513513513514,2.95,5.929411764705883,0.4975198412698413,0.4957271980279376,1.4901960784313726,2.111764705882353,0.7056638811513464,1.6892156862745098,4.8656862745098035,6.5549019607843135,1.0382352941176471,0.5980392156862745,0.9764705882352941,1.3754901960784314,3.2549019607843137,7.404901960784314,24727.0,3014,6085,5.0,37.0,3009.0,6048.0,1520,2154,1723.0,4963.0,6686.0,1059,610.0,996.0,1403.0,3320.0,7553,0.0,11.756375621789944,0.5371720386621911,0.006096291503215109,0.35673830226068665,7.779180652727786,22.166437497472398,15.010607837586443,5.869470619161242,1.2080883245035792,2.3568851862336717,16.795066122052816,14.300764346665588,10.600000000000001,39.80000000000001,50.4,0.09794140008897156,-2.4273142718485863,1.3163262830104743,-1.1172847494641487,5.4,5.9730901443765925,12.032025720871923,0.0025478222186274112,0.06922796942613338,5.94906377643871,11.947345007481701,3.01498362114288,4.2598414688397295,3.4141060379342423,9.817980345371456,13.20867472803009,2.0801310308569576,1.2080883245035792,1.9610830266510295,2.7722489586282197,6.536664374974723,14.945108585756461,103.5504913657136,102.5893557649533,,,,,,,,,,,,,,,,,,,,,,,,,,,,,,,,,,,1,0,0,0.0222,0.00013333333333333334,0.0,0,1,1,0,0,0,1,0,0,0,0,0.0,0,0.0,0,0.0,0,0.0,0,0.0,,,1981,1999,15,
Rick Mahorn,mahorri01,82,240.0,1958-09-21,Hampton,1982,1997,1980-10-10T00:00:00Z,False,15,NBA,"WSB, DET, PHI, NJN, DET",PF,990,613.0,24.493939393939392,2.9525252525252523,5.97979797979798,0.49375,0.005050505050505051,0.03838383838383838,0.13157894736842105,2.9474747474747476,5.941414141414142,0.49608976538592314,0.4941722972972973,1.5242424242424242,2.1575757575757577,0.7064606741573034,1.6919191919191918,4.897979797979798,6.58989898989899,1.0505050505050506,0.598989898989899,0.9646464646464646,1.3888888888888888,3.2525252525252526,7.434343434343434,24249.0,2923,5920,5.0,38.0,2918.0,5882.0,1509,2136,1675.0,4849.0,6524.0,1040,593.0,955.0,1375.0,3220.0,7360,0.0,11.67688152088746,0.5366191183141573,0.00638727370200833,0.36217683203431067,7.745292589385127,22.12839704730092,14.97727328962019,5.884085941688319,1.2007093076003135,2.3156460060208666,16.852307311641717,14.279302239267599,10.200000000000001,38.80000000000001,48.89999999999999,0.0968361169532764,-2.439919171924615,1.2757062146892657,-1.1706338405707453,5.0,5.9223143222400925,11.97116994515238,0.002598045280217741,0.07328962019052333,5.897814342859501,11.882122974143265,3.0605097117406905,4.317559486989153,3.3962967545053404,9.804503278485711,13.17692688358283,2.0867252257825064,1.2007093076003135,1.9208256010557139,2.7756443564683075,6.4872077199059754,14.888766547074104,103.46971009113778,102.73376221699864,0.0,0.0,0.0,0.0,100.0,0.8,-6.5,1.0,1.0,14.0,4.0,8.0,,13.0,2.0,6.0,11.099999999999998,0.37,0.185,0.278,0.148,0.018999999999999996,0.35,0.4,0.333,0.5,0.75,0.0,0.0,0.0,0.0,0.0,0.0,0.0,1,0,0,0.0222,0.00013333333333333334,0.0,0,1,1,0,0,0,1,0,0,0,0,0.0,0,0.0,0,0.0,0,0.0,0,0.0,,,1981,1999,16,0.981
Rick Mahorn,mahorri01,82,240.0,1958-09-21,Hampton,1983,1998,1980-10-10T00:00:00Z,False,15,NBA,"WSB, DET, PHI, NJN, DET",PF,969,533.0,23.00515995872033,2.65015479876161,5.400412796697626,0.49073189375119436,0.005159958720330237,0.03611971104231166,0.14285714285714285,2.6449948400412797,5.364293085655315,0.49307425933051174,0.4912096311866998,1.4282765737874097,1.9979360165118678,0.7148760330578512,1.6418988648090815,4.565531475748194,6.207430340557275,0.9339525283797729,0.5675954592363261,0.8503611971104231,1.2899896800825594,3.0897832817337463,6.733746130030959,22292.0,2568,5233,5.0,35.0,2563.0,5198.0,1384,1936,1591.0,4424.0,6015.0,905,550.0,824.0,1250.0,2994.0,6525,0.0,11.359954243674862,0.5358120850529339,0.006469989233805849,0.36804710209940783,8.030015252108377,22.09186703750224,15.091382558765476,5.549268795980621,1.2215009869011304,2.194572043782523,17.18618338417369,13.878705365153417,9.4,34.60000000000001,43.89999999999999,0.09458007356899334,-2.5817288713439797,1.1177103893773552,-1.4558810335546384,2.9999999999999996,5.688664094742509,11.567423290866678,0.002826125964471559,0.06777319217656559,5.6620132783061194,11.482509420419882,3.0636147496859865,4.277135295173156,3.530369639332496,9.775390274537951,13.279790956396916,1.9853131168132065,1.2215009869011304,1.8065494347748074,2.7615557150547283,6.6051318858783405,14.42630540104073,103.55966265924995,103.06890364256236,0.0,0.0,0.0,6.878918918918919,93.12108108108109,5.615243243243243,2.1368648648648647,10.0,9.0,82.0,16.0,20.0,,44.0,4.0,22.0,9.112756756756756,0.4013372972972973,0.22703783783783782,0.2963437837837838,0.07080324324324323,0.0044778378378378374,0.5150940540540541,0.39006378378378376,0.37274486486486486,0.3723578378378379,0.7079621621621621,0.0,0.02980864864864865,4.0,0.0,0.0,0.0,0.0,1,0,0,0.0222,0.00013333333333333334,0.0,0,1,1,0,0,0,1,0,0,0,0,0.0,0,0.0,0,0.0,0,0.0,0,0.0,,,1981,1999,17,0.995522162162162
Rick Mahorn,mahorri01,82,240.0,1958-09-21,Hampton,1984,1999,1980-10-10T00:00:00Z,False,15,NBA,"WSB, DET, PHI, NJN, DET, PHI",PF,903,451.0,21.47951273532669,2.433001107419712,4.964562569213732,0.4900736114209235,0.005537098560354375,0.035437430786267994,0.15625,2.4274640088593578,4.929125138427464,0.4924736014378791,0.4906312737006469,1.3743078626799556,1.8715393133997784,0.7343195266272189,1.5802879291251384,4.243632336655592,5.823920265780731,0.8770764119601329,0.5193798449612403,0.7497231450719822,1.2026578073089702,2.9689922480620154,6.245847176079734,19396.0,2197,4483,5.0,32.0,2192.0,4451.0,1241,1690,1427.0,3832.0,5259.0,792,469.0,677.0,1086.0,2681.0,5640,0.0,11.25798102701588,0.5383041348731697,0.006812590224788616,0.3743184677253042,8.303908022272632,21.981820994019383,15.184661785935242,5.552567539698908,1.1994328727572696,2.0897710868220254,17.370096927201484,13.770751701381728,9.200000000000001,28.6,37.699999999999996,0.09318024334914414,-2.6117395339245197,0.9423644050319655,-1.6600226850897093,1.5999999999999999,5.616642606723035,11.427923283151163,0.003248092390183543,0.07789234893792535,5.586012579913384,11.34591668385234,3.1710816663229524,4.2989997937719115,3.6563157352031346,9.767658280057747,13.394127655186637,2.007089090534131,1.1994328727572696,1.704846360074242,2.7700917714992785,6.826845741389976,14.387543823468755,104.3361002268509,104.13745102082903,0.0,0.0,0.12072243346007605,12.80893536121673,87.0703422053232,3.0178707224334596,-0.47519011406844114,13.0,11.0,94.0,16.0,22.0,,48.0,4.0,24.0,9.207794676806083,0.36628707224334595,0.24659030418250952,0.2941292775665399,0.08905608365019012,0.003937262357414448,0.5132718631178708,0.39476425855513303,0.35189068441064636,0.3274058935361217,0.7190731939163498,0.0,0.026210076045627376,4.0,0.0,0.0,0.0,0.0,1,0,0,0.0222,0.00013333333333333334,0.0,0,1,1,0,0,0,1,0,0,0,0,0.0,0,0.0,0,0.0,0,0.0,0,0.0,,,1981,1999,18,0.9960627376425855
Eddie Johnson,johnsed03,79,215.0,1959-05-01,Illinois,1982,1997,1981-10-30T00:00:00Z,False,15,NBA,"KCK, SAC, PHO, SEA, CHH, IND, HOU",SF,1121,478.0,27.739518287243534,6.685102586975915,14.098126672613738,0.4741837509491268,0.4424620874219447,1.320249776984835,0.33513513513513515,6.2426404995539695,12.777876895628903,0.48855068416643394,0.48987598076436345,2.7413024085637825,3.2613737734165924,0.8405361050328227,1.5486173059768065,2.623550401427297,4.172167707404103,2.1953612845673507,0.6306868867082962,0.15789473684210525,1.7948260481712757,2.56021409455843,16.553969669937555,31096.0,7494,15804,496.0,1480.0,6998.0,14324.0,3073,3656,1736.0,2941.0,4677.0,2461,707.0,177.0,2012.0,2870.0,18557,1.0,16.04779392847955,0.5321088564445587,0.09558769616670955,0.23101077308978651,6.293565088757397,10.610412914844352,8.479833419089273,12.225517751479293,1.0965365320298428,0.32577823514278365,10.380540905582711,25.504875225109334,44.89999999999999,18.7,63.5,0.09798176614355546,1.1726395677900696,-1.751923076923077,-0.616609853357345,11.100000000000001,11.506286982248522,24.26817275533831,0.7737940571134552,2.324614098276306,10.721456135837407,21.95784345253408,4.713249292513507,5.616532673012607,2.642320555698482,4.523655775662465,7.181936583483407,3.747018909184461,1.0965365320298428,0.26377990738358625,3.078653202984307,4.415169153588886,28.49685811679959,108.76164136866478,111.05836763570878,0.0,16.0,76.0,8.0,0.0,3.7,0.0,27.0,6.0,37.0,6.0,23.0,,108.0,6.0,12.0,16.7,0.174,0.047,0.127,0.29,0.362,0.571,0.471,0.348,0.48599999999999993,0.757,0.939,0.0,0.0,0.145,0.474,0.0,0.0,0,0,0,0.0,0.0002666666666666667,0.0,0,0,0,0,0,0,2,0,0,0,0,0.0,0,0.0,1,0.04138461538461539,0,0.0,0,0.0,,,1982,1999,15,0.638
Eddie Johnson,johnsed03,79,215.0,1959-05-01,Illinois,1983,1998,1981-10-30T00:00:00Z,False,15,NBA,"KCK, SAC, PHO, SEA, CHH, IND, HOU",SF,1122,452.0,27.690730837789662,6.618538324420677,13.997326203208557,0.4728430436166826,0.5,1.485739750445633,0.33653269346130776,6.118538324420677,12.511586452762923,0.4890297763214133,0.4907035975803884,2.751336898395722,3.2468805704099823,0.8473785341751304,1.4777183600713013,2.5401069518716577,4.017825311942959,2.1746880570409983,0.6140819964349377,0.14795008912655971,1.7620320855614973,2.450089126559715,16.488413547237077,31069.0,7426,15705,561.0,1667.0,6865.0,14038.0,3087,3643,1658.0,2850.0,4508.0,2440,689.0,166.0,1977.0,2749.0,18500,1.0,16.050355659982625,0.5339224950915703,0.11229733818275453,0.2318731533039364,6.041658888280923,10.285454955099938,8.198706105764588,12.222569120345039,1.0721201197334966,0.3064437220380443,10.249647558659756,25.441040908944604,46.59999999999999,17.4,63.9,0.09868965850204386,1.2564034890083362,-1.8150085294022982,-0.5958769191155171,11.200000000000001,11.450741897067818,24.238311500209214,0.8847693842737134,2.647690624094757,10.559808812642828,21.609800766036884,4.7578132543693075,5.627007628182434,2.5356335897518427,4.407274131771219,6.958881843638355,3.7329331487978368,1.0721201197334966,0.2492741961440664,3.0403553381183817,4.255096720203418,28.550983295246066,109.15291769931443,111.3008143165213,0.0,8.559300873907615,87.16104868913858,4.2796504369538075,0.0,-1.3224719101123599,-3.472326258843113,67.0,13.0,79.0,10.0,64.0,,309.0,13.0,45.0,16.886017478152308,0.1696595921764461,0.06684186433624636,0.1313404078235539,0.2689180191427383,0.3632401165210154,0.5846412817311694,0.4387569704535996,0.37032209737827715,0.45685726175613817,0.7421186017478153,0.9675226799833541,0.0,0.0,0.1586412817311694,0.3865717852684145,0.0,0.0,0,0,0,0.0,0.0002666666666666667,0.0,0,0,0,0,0,0,2,0,0,0,0,0.0,0,0.0,1,0.03842857142857143,0,0.0,0,0.0,,,1982,1999,16,0.6367598834789846
Eddie Johnson,johnsed03,79,215.0,1959-05-01,Illinois,1984,1999,1981-10-30T00:00:00Z,False,15,NBA,"KCK, SAC, PHO, SEA, CHH, IND, HOU",SF,1043,370.0,26.993288590604028,6.476510067114094,13.75647171620326,0.470797323668804,0.5186960690316395,1.5311601150527325,0.33876017532874136,5.957813998082455,12.225311601150528,0.48733432671947297,0.48965012545302483,2.722914669223394,3.188878235858102,0.8538785327720986,1.4065196548418024,2.4372003835091083,3.8437200383509107,2.1332694151486096,0.5934803451581975,0.13998082454458294,1.7238734419942474,2.3902205177372964,16.19463087248322,28154.0,6755,14348,541.0,1597.0,6214.0,12751.0,2840,3326,1467.0,2542.0,4009.0,2225,619.0,146.0,1798.0,2493.0,16891,1.0,16.06227889465085,0.5335559067983235,0.11855636854443417,0.23181586985863467,5.937959082190807,10.170569013284078,8.093308233288342,12.413639269730767,1.0685302266107837,0.2965013852383321,10.204681395183634,25.787479576614334,41.19999999999999,15.299999999999999,56.39999999999999,0.0962166654827023,1.2142430915678057,-1.8716558925907512,-0.6880620870924203,9.4,11.564392271080486,24.585106911984088,0.9451232506926192,2.8091496767777224,10.61246714498828,21.78670526390566,4.854553527029907,5.699147545641827,2.496053846700291,4.36737941322725,6.881061305675926,3.7775662428074157,1.0685302266107837,0.24383036158272356,3.0672870640051144,4.284705548057114,28.936094338282306,109.04603253534134,111.74675001775947,0.0,8.495662949194548,86.84758364312268,4.656753407682776,0.0,-1.4873605947955393,-3.6427922346137964,69.0,13.0,81.0,10.0,64.0,,311.0,13.0,46.0,16.856381660470877,0.1701156546881454,0.06691738950846758,0.13208137133415945,0.26978108219743907,0.3611119372160264,0.5877294506402313,0.43549483684427914,0.36756877323420073,0.45792152003304415,0.7440359355638166,0.9603292028087567,0.0,0.0,0.16489673688558448,0.38369764560099134,0.0,0.0,0,0,0,0.0,0.0002666666666666667,0.0,0,0,0,0,0,0,2,0,0,0,0,0.0,0,0.0,1,0.03586666666666667,0,0.0,0,0.0,,,1982,1999,17,0.6388880627839736
Alton Lister,listeal01,84,240.0,1958-10-01,Arizona State,1982,1997,1981-10-30T00:00:00Z,False,15,NBA,"MIL, SEA, GSW, MIL, BOS",C,946,582.0,20.00105708245243,2.6543340380549685,5.178646934460888,0.5125535823637477,0.0010570824524312897,0.009513742071881607,0.1111111111111111,2.653276955602537,5.1691331923890065,0.5132924335378323,0.5126556440089814,1.3414376321353065,2.2473572938689217,0.59689557855127,1.9471458773784356,4.379492600422833,6.326638477801269,0.9651162790697675,0.3699788583509514,1.5560253699788584,1.5306553911205074,3.3477801268498943,6.651162790697675,18921.0,2511,4899,1.0,9.0,2510.0,4890.0,1269,2126,1842.0,4143.0,5985.0,913,350.0,1472.0,1448.0,3167.0,6292,0.0,12.882918450399028,0.5369531737223192,0.0020012684319010623,0.4429400137413456,10.912620897415572,24.4498863696422,17.70687595793034,6.436351144231277,0.8876697848950901,4.645394006659267,19.95628666560964,15.6671264732308,5.5,31.0,36.599999999999994,0.0928577770730934,-2.647624332751969,1.2696686221658473,-1.344188996353258,3.1000000000000005,6.361032714972782,12.428455155647164,0.0,0.025580043338089956,6.351456054119761,12.383621373077531,3.2140320279055015,5.390740447122245,4.691665345383436,10.541926959463032,15.227155012948572,2.306495428360023,0.8876697848950901,3.73486602188045,3.680307594736008,8.061999894297342,15.949130595634477,101.71381005232281,102.316209502669,0.0,0.0,0.0,0.0,100.0,-12.6,-5.1,16.0,1.0,50.0,8.0,11.0,,29.0,1.0,7.0,10.0,0.506,0.247,0.169,0.078,0.0,0.282,0.632,0.385,0.667,0.531,0.0,0.026,2.0,0.0,0.0,0.0,0.0,0,0,0,0.0,0.0,0.0,0,0,0,0,0,0,0,0,0,0,0,0.00046666666666666666,0,0.0,0,0.0,0,0.0,0,0.0,,,1982,1998,15,1.0
Alton Lister,listeal01,84,240.0,1958-10-01,Arizona State,1983,1998,1981-10-30T00:00:00Z,False,15,NBA,"MIL, SEA, GSW, MIL, BOS, POR",C,873,559.0,20.365406643757158,2.709049255441008,5.292096219931271,0.5119047619047619,0.001145475372279496,0.010309278350515464,0.1111111111111111,2.7079037800687287,5.281786941580756,0.5126870527000651,0.512012987012987,1.3802978235967927,2.2943871706758303,0.6015976035946081,1.988545246277205,4.436426116838488,6.424971363115693,0.9507445589919816,0.38144329896907214,1.552119129438717,1.5131729667812142,3.3676975945017182,6.799541809851088,17779.0,2365,4620,1.0,9.0,2364.0,4611.0,1205,2003,1736.0,3873.0,5609.0,830,333.0,1355.0,1321.0,2940.0,5936,0.0,12.949226615670174,0.5369494909724957,0.0021298160751448336,0.44277372180662583,10.900067495359695,24.342893301085553,17.632690252545135,6.24447944203836,0.9009618088756398,4.56108330052309,19.45984026098206,15.611626075707298,6.300000000000001,28.500000000000004,34.89999999999999,0.09413802801057428,-2.5528713650936496,1.1758141627763088,-1.3411215478935823,2.9,6.378283368018448,12.476967208504414,0.0,0.02722312840992182,6.368091568704651,12.42925361381405,3.2470386410934253,5.403464761797626,4.705450250295292,10.492243658248496,15.190843129534844,2.230811631700321,0.9009618088756398,3.6575397941391534,3.575763541256539,7.968665279262052,16.017723156532988,102.36486866527926,102.66511052365149,0.0,0.0,0.0,0.0,100.0,-11.853571428571428,-5.060714285714286,17.0,1.0,54.0,9.0,11.0,,31.0,1.0,8.0,10.110000000000001,0.4760642857142857,0.2570571428571429,0.17536428571428572,0.09151428571428571,0.0,0.2598428571428571,0.6085071428571429,0.35475,0.6931642857142858,0.5154428571428572,0.0,0.023957142857142854,2.0,0.0,0.0,0.0,0.0,0,0,0,0.0,0.0,0.0,0,0,0,0,0,0,0,0,0,0,0,0.00046666666666666666,0,0.0,0,0.0,0,0.0,0,0.0,,,1982,1998,16,1.0
Danny Schayes,schayda01,83,235.0,1959-05-10,Syracuse,1982,1996,1981-10-30T00:00:00Z,False,15,NBA,"UTA, DEN, MIL, LAL, PHO, MIA",C,1000,387.0,20.02,2.781,5.708,0.48721093202522775,0.004,0.029,0.13793103448275862,2.777,5.679,0.48899454129248104,0.4875613174491941,2.647,3.282,0.8065204143814747,1.678,3.612,5.29,1.237,0.51,0.789,1.476,3.215,8.213,20020.0,2781,5708,4.0,29.0,2777.0,5679.0,2647,3282,1678.0,3612.0,5290.0,1237,510.0,789.0,1476.0,3215.0,8213,1.0,13.779265734265735,0.5711206293706295,0.004945754245754246,0.5804739760239761,8.75133866133866,19.98322677322677,14.19961038961039,7.996258741258742,1.1782417582417581,2.2824575424575424,16.95533966033966,17.11982017982018,23.8,22.4,45.999999999999986,0.11065474525474528,-1.843016983016983,0.018371628371628354,-1.8185014985014982,1.0000000000000002,6.424485514485515,13.211873126873124,0.013691308691308692,0.05903596403596404,6.410794205794206,13.144575424575423,6.086808191808192,7.561443556443557,3.8768481518481517,8.33945054945055,12.215644355644356,2.8592007992007997,1.1782417582417581,1.8146353646353643,3.3997602397602398,7.412067932067931,18.939785214785214,110.34595404595404,106.84675324675325,,,,,,,,,,,,,,,,,,,,,,,,,,,,,,,,,,,0,0,0,0.0,0.0,0.0,0,0,0,0,0,0,0,0,0,0,0,0.0,0,0.0,0,0.0,0,0.0,0,0.0,,,1982,1999,15,
Danny Schayes,schayda01,83,235.0,1959-05-10,Syracuse,1983,1997,1981-10-30T00:00:00Z,False,15,NBA,"UTA, DEN, MIL, LAL, PHO, MIA, ORL",C,963,373.0,19.66458982346833,2.6749740394600208,5.507788161993769,0.4856711915535445,0.004153686396677051,0.030114226375908618,0.13793103448275862,2.670820353063344,5.477673935617861,0.4875829383886256,0.48604826546003016,2.643821391484943,3.2699896157840085,0.8085106382978723,1.6490134994807892,3.530633437175493,5.179646936656282,1.1474558670820354,0.4974039460020768,0.7611630321910696,1.4039460020768433,3.1121495327102804,7.9979231568016615,18937.0,2576,5304,4.0,29.0,2572.0,5275.0,2546,3149,1588.0,3400.0,4988.0,1105,479.0,733.0,1352.0,2997.0,7702,1.0,13.701182869514708,0.5714473781485979,0.005285314463748217,0.5957643766172045,8.771415746950414,19.94519723293024,14.191049268627555,7.5762950836985805,1.1769815704705076,2.2728837725088455,16.664302687859745,16.909684744151665,23.299999999999997,21.8,44.89999999999999,0.11426614564080896,-1.8767492211015468,0.013703332101177582,-1.8565506680044357,0.6999999999999998,6.308845118022918,13.0354860854412,0.014474309552727466,0.06526376934044463,6.294370808470191,12.961488092094841,6.2033004171727315,7.687923113481545,3.8983682737498015,8.338839309288696,12.227945292284945,2.7026772984105194,1.1769815704705076,1.7840576648888418,3.302650895073137,7.335623382795585,18.836647832286,110.73786766647304,106.58103184242488,0.0,0.0,0.0,13.0,87.0,-1.6,-0.4,10.0,5.0,36.0,3.0,22.0,,30.0,3.0,11.0,13.0,0.367,0.108,0.092,0.425,0.008,0.432,0.154,0.364,0.431,0.702,0.0,0.008,1.0,0.0,0.0,0.0,0.0,0,0,0,0.0,0.0,0.0,0,0,0,0,0,0,0,0,0,0,0,0.0,0,0.0,0,0.0,0,0.0,0,0.0,,,1982,1999,16,0.9919999999999999
Danny Schayes,schayda01,83,235.0,1959-05-10,Syracuse,1984,1998,1981-10-30T00:00:00Z,False,15,NBA,"DEN, MIL, LAL, PHO, MIA, ORL",C,955,356.0,18.769633507853403,2.501570680628272,5.158115183246073,0.48497766950872917,0.004188481675392671,0.02931937172774869,0.14285714285714285,2.4973821989528795,5.128795811518325,0.48693344222131485,0.4853836784409257,2.5277486910994766,3.113089005235602,0.811974436596031,1.5549738219895288,3.256544502617801,4.81151832460733,0.9884816753926702,0.4806282722513089,0.6994764397905759,1.2146596858638743,2.98848167539267,7.535078534031413,17925.0,2389,4926,4.0,28.0,2385.0,4898.0,2414,2973,1485.0,3110.0,4595.0,944,459.0,668.0,1160.0,2854.0,7196,0.0,13.706426778242678,0.5715699302649931,0.00545629009762901,0.601975230125523,8.731576011157602,19.622460251046025,13.990398884239891,6.938995815899583,1.2224546722454672,2.255709902370991,15.645048814504884,16.672485355648536,24.3,20.899999999999995,44.9,0.12088624825662482,-1.8941366806136681,0.07399163179916317,-1.8132831241283123,0.9000000000000002,6.299503486750348,13.06634309623431,0.015291492329149234,0.06894839609483962,6.2842119944212,12.988167364016736,6.290917712691772,7.764675034867503,3.9195648535564853,8.186365411436544,12.096145048814504,2.4804128312412836,1.2224546722454672,1.7420306834030683,3.0492552301255227,7.507631799163179,18.906465829846585,112.05216178521619,106.59933054393305,0.0,0.0,0.0,3.8741721854304636,96.12582781456953,-1.5999999999999999,0.37218543046357616,31.0,19.0,124.0,13.0,65.0,,121.0,9.0,40.0,13.07019867549669,0.3024172185430464,0.10027814569536424,0.11095364238410596,0.48396688741721855,0.0023841059602649007,0.5211523178807947,0.2796556291390728,0.31556291390728475,0.39941059602649004,0.7300794701986755,0.0,0.004490066225165563,2.0,0.0,0.0,0.0,0.0,0,0,0,0.0,0.0,0.0,0,0,0,0,0,0,0,0,0,0,0,0.0,0,0.0,0,0.0,0,0.0,0,0.0,,,1982,1999,17,0.997615894039735
Danny Schayes,schayda01,83,235.0,1959-05-10,Syracuse,1985,1999,1981-10-30T00:00:00Z,False,15,NBA,"DEN, MIL, LAL, PHO, MIA, ORL",C,892,342.0,18.663677130044842,2.4854260089686098,5.139013452914798,0.4836387434554974,0.004484304932735426,0.02914798206278027,0.15384615384615385,2.4809417040358746,5.109865470852018,0.4855199648968846,0.48407504363001747,2.4719730941704037,3.036995515695067,0.813953488372093,1.5056053811659194,3.1760089686098656,4.681614349775785,0.9607623318385651,0.4798206278026906,0.6838565022421524,1.1760089686098654,2.8800448430493275,7.447309417040358,16648.0,2217,4584,4.0,26.0,2213.0,4558.0,2205,2709,1343.0,2833.0,4176.0,857,428.0,610.0,1049.0,2569.0,6643,0.0,13.673798654493032,0.5686198942815954,0.005448342143200385,0.5879993993272465,8.526351513695339,19.337812349831815,13.747777510812112,6.878724171071601,1.234364488226814,2.250534598750601,15.351069197501204,16.680382027871214,22.3,19.9,42.099999999999994,0.12198714560307544,-1.8624459394521864,0.12740869774147043,-1.7276489668428636,1.2000000000000004,6.341134070158578,13.19072561268621,0.016464440172993755,0.06570759250360404,6.324669629985584,13.115082892839983,6.230273906775588,7.678087457952906,3.8543668909178286,8.099783757808746,11.935085295530994,2.444732099951947,1.234364488226814,1.7289944738106682,3.001856078808265,7.356463238827487,18.92949303219606,111.86659058145122,106.27835175396444,0.0,0.0,0.0,3.9565217391304346,96.04347826086956,-0.8100255754475703,0.9447570332480818,32.0,22.0,135.0,17.0,66.0,,131.0,9.0,42.0,13.116265984654731,0.29792480818414324,0.1004772378516624,0.1078849104859335,0.49143017902813296,0.0022097186700767266,0.5144117647058823,0.28355754475703326,0.3290537084398977,0.3960158567774936,0.7431667519181586,0.0,0.004161636828644502,2.0,0.0,0.0,0.0,0.0,0,0,0,0.0,0.0,0.0,0,0,0,0,0,0,0,0,0,0,0,0.0,0,0.0,0,0.0,0,0.0,0,0.0,,,1982,1999,18,0.9977902813299232
Buck Williams,willibu01,80,215.0,1960-03-08,Maryland,1982,1996,1981-10-30T00:00:00Z,False,15,NBA,"NJN, POR",PF,1192,1130.0,33.75,5.162751677852349,9.384228187919463,0.5501519756838906,0.0041946308724832215,0.024328859060402684,0.1724137931034483,5.158557046979865,9.359899328859061,0.5511338173344089,0.5503754693366708,3.1912751677852347,4.806208053691275,0.6639902251701868,3.5922818791946307,6.841442953020135,10.433724832214764,1.3187919463087248,0.8582214765100671,0.8783557046979866,2.2374161073825505,3.3305369127516777,13.520973154362416,40230.0,6154,11186,5.0,29.0,6149.0,11157.0,3804,5729,4282.0,8155.0,12437.0,1572,1023.0,1047.0,2667.0,3970.0,16117,0.0,15.450855083271188,0.588023788217748,0.0024781257767834955,0.5090959234402187,11.741565995525727,23.024625901068855,17.294720357941834,5.454459358687546,1.2224956500124287,1.5772582649763855,16.11304250559284,16.504302759134973,55.3,57.8,113.2,0.13495684812329106,0.07305990554312698,-0.03373601789709169,0.04472532935620181,20.7,7.30003977131494,13.270939597315436,0.004156102411135968,0.03297042008451405,7.295883668903803,13.218570718369376,4.516032811334825,6.7830599055431255,5.084504101416853,9.659475515784242,14.751183196619438,1.8572234650758142,1.2224956500124287,1.24756400695998,3.156032811334825,4.725968182948049,19.109512801391993,113.08307233407905,104.23604275416356,,,,,,,,,,,,,,,,,,,,,,,,,,,,,,,,,,,0,0,3,0.14386666666666667,0.030000000000000002,0.0606,2,4,9,0,1,0,6,1,0,1,0,0.0042,1,0.478,0,0.0,0,0.0,0,0.0030714285714285717,,,1982,1998,15,
Buck Williams,willibu01,80,215.0,1960-03-08,Maryland,1983,1997,1981-10-30T00:00:00Z,False,15,NBA,"NJN, POR, NYK",PF,1184,1052.0,32.85557432432432,4.912162162162162,8.978885135135135,0.5470792963973286,0.004222972972972973,0.024493243243243243,0.1724137931034483,4.9079391891891895,8.954391891891891,0.5481041312959819,0.5473144577179946,3.105574324324324,4.662162162162162,0.6661231884057971,3.4636824324324325,6.527027027027027,9.99070945945946,1.2820945945945945,0.8268581081081081,0.8454391891891891,2.120777027027027,3.2846283783783785,12.934121621621621,38901.0,5816,10631,5.0,29.0,5811.0,10602.0,3677,5520,4101.0,7728.0,11829.0,1518,979.0,1001.0,2511.0,3889.0,15314,0.0,15.264191151898407,0.5863969049638827,0.0026055371327215245,0.515648260970155,11.678504408627028,22.567905709364805,17.037364078044266,5.471702526927328,1.2164314542042622,1.5884475977481296,15.961414873653636,16.319464795249484,53.8,55.3,109.1,0.13448996169764274,-0.013734865427623961,0.007413691164751534,-0.0007351996092645739,19.599999999999998,7.1705945862574225,13.117426287241972,0.004298090023392715,0.034096809850646524,7.166296496234031,13.059422636950204,4.537508033212514,6.792300969126759,5.071167836302408,9.520523893987301,14.591879386134032,1.8630240867844015,1.2164314542042622,1.2385105781342383,3.0883139250919003,4.822996838127555,18.87913421248811,113.30377111128249,104.3807614200149,0.0,0.0,4.0,87.0,8.0,6.7,4.0,21.0,13.0,87.0,19.0,83.0,,122.0,15.0,24.0,7.3,0.613,0.264,0.083,0.037,0.0030000000000000005,0.575,0.488,0.37,0.667,0.64,0.0,0.083,25.0,0.0,0.0,0.0,0.0,0,0,2,0.14386666666666667,0.029999999999999995,0.0,2,4,9,0,1,0,6,0,0,0,0,0.0041333333333333335,0,0.0,0,0.0,0,0.0,0,0.002866666666666667,,,1982,1998,16,0.997
Buck Williams,willibu01,80,215.0,1960-03-08,Maryland,1984,1998,1981-10-30T00:00:00Z,False,15,NBA,"NJN, POR, NYK",PF,1143,976.0,32.08923884514436,4.68503937007874,8.6334208223972,0.5426631536278881,0.004374453193350831,0.021872265966754154,0.2,4.680664916885389,8.611548556430446,0.5435334755663923,0.5429164977705715,2.979002624671916,4.433945756780402,0.6718626677190213,3.336832895888014,6.273840769903762,9.610673665791776,1.237095363079615,0.7917760279965005,0.7926509186351706,2.014873140857393,3.247594050743657,12.353455818022747,36678.0,5355,9868,5.0,25.0,5350.0,9843.0,3405,5068,3814.0,7171.0,10985.0,1414,905.0,906.0,2303.0,3712.0,14120,0.0,14.93525001363215,0.5838795735863461,0.0024405365614264683,0.5102406347129069,11.501559517967172,22.263555810022357,16.787477506952396,5.419586673210098,1.2032935274551504,1.5393096679208242,15.850005452860024,16.102821855062977,49.199999999999996,50.6,99.8,0.13042256938764382,-0.1779404547685261,-0.014368286166094073,-0.18638420851736734,16.8,7.037731064943563,12.987425704782158,0.004558590980969519,0.028090408419215878,7.033172473962594,12.92590653797917,4.47725884726539,6.646619226784448,5.03506734282131,9.420966246796445,14.456232619008672,1.852734609302579,1.2032935274551504,1.1984677463329518,3.0250586182452697,4.915082610829381,18.56326953487104,113.34254866677573,104.88846174818693,0.0,0.0,3.008952551477171,80.0626678603402,16.25872873769024,5.411638316920323,2.711638316920322,32.0,22.0,130.0,26.0,115.0,,169.0,20.0,35.0,7.200895255147716,0.5921880035810206,0.26994628469113696,0.10216025067144135,0.0336965085049239,0.0020089525514771713,0.5905264100268576,0.4367958818263205,0.3736338406445837,0.6118316920322292,0.6224914950760967,0.0,0.06450044762757386,29.0,0.0,0.0,0.0,0.0,0,0,1,0.14386666666666667,0.01046666666666667,0.0,2,4,9,0,0,0,6,0,0,0,0,0.0006000000000000001,0,0.0,0,0.0,0,0.0,0,0.002866666666666667,,,1982,1998,17,0.9979910474485227
Herb Williams,willihe01,83,260.0,1958-02-16,Ohio State,1982,1996,1981-10-30T00:00:00Z,False,15,NBA,"IND, DAL, NYK, TOR",C,1048,605.0,26.801526717557252,4.768129770992366,10.194656488549619,0.4677087233245975,0.007633587786259542,0.07919847328244274,0.0963855421686747,4.760496183206107,10.115458015267176,0.4706159796245637,0.4680831149382254,1.7709923664122138,2.53912213740458,0.6974821495678316,1.532442748091603,4.615458015267175,6.147900763358779,1.7624045801526718,0.5677480916030534,1.5162213740458015,1.8291984732824427,2.6927480916030535,11.314885496183207,28088.0,4997,10684,8.0,83.0,4989.0,10601.0,1856,2661,1606.0,4837.0,6443.0,1847,595.0,1589.0,1917.0,2822.0,11858,0.0,13.721190544004553,0.49682305610937055,0.007825263457704358,0.2463929436058103,6.2631728852178865,18.926096553688406,12.56609228140131,9.766547992025064,1.030283395044147,3.376680432925093,13.831878382227288,20.44847621760182,-1.0999999999999996,36.5,35.6,0.061010289091426945,-1.553663486186272,0.6727250071204784,-0.883409285103959,8.000000000000002,8.622069923098833,18.44931287382512,0.002032896610652236,0.13720806038165767,8.611930361720308,18.3224081458274,3.184345628026203,4.573583024779265,2.7824052976360005,8.369784249501567,11.140657932213044,3.155785388778126,1.030283395044147,2.744374821988038,3.2887318427798347,4.92835018513244,20.44583452007975,98.17662346909712,105.13849330675022,,,,,,,,,,,,,,,,,,,,,,,,,,,,,,,,,,,0,0,0,0.0,0.0,0.003,0,0,0,0,0,0,0,0,0,1,0,0.0,0,0.0,0,0.0,0,0.0,0,0.0,,,1982,1999,15,
Herb Williams,willihe01,83,260.0,1958-02-16,Ohio State,1983,1997,1981-10-30T00:00:00Z,False,15,NBA,"IND, DAL, NYK, TOR, NYK",C,987,532.0,26.337386018237083,4.668693009118541,10.006079027355623,0.4665856622114216,0.0060790273556231,0.07801418439716312,0.07792207792207792,4.6626139817629175,9.92806484295846,0.4696397591590979,0.46688942891859053,1.7558257345491388,2.5096251266464034,0.6996366572466693,1.458966565349544,4.487335359675785,5.946301925025329,1.7355623100303952,0.5531914893617021,1.4346504559270516,1.8085106382978724,2.674772036474164,11.099290780141844,25995.0,4608,9876,6.0,77.0,4602.0,9799.0,1733,2477,1440.0,4429.0,5869.0,1713,546.0,1416.0,1785.0,2640.0,10955,0.0,13.465247162915942,0.4956532794768225,0.007910290440469321,0.24757657241777264,6.092363916137717,18.717618772840932,12.38799769186382,9.77748028467013,1.0253779572994806,3.2699557607232164,13.891602231198307,20.462731294479706,-2.0,32.99999999999999,31.2,0.057786959030582806,-1.6639815349105602,0.6172648586266589,-1.0493864204654741,6.300000000000001,8.591021350259664,18.434702827466825,0.002196576264666282,0.1416195422196576,8.588824773994999,18.304216195422196,3.210602038853626,4.599946143489132,2.700738603577611,8.282412002308137,10.970690517407192,3.1570032698595885,1.0253779572994806,2.64239276783997,3.309413348720907,4.985312560107713,20.410682823619926,97.87851509905751,105.47878438161185,0.0,0.0,0.0,6.0,94.0,-12.0,-17.0,2.0,1.0,12.0,0.0,1.0,,11.0,0.0,2.0,11.0,0.152,0.326,0.4129999999999999,0.087,0.022,0.42899999999999994,0.6,0.158,0.75,0.833,0.0,0.0,0.0,0.0,0.0,0.0,0.0,0,0,0,0.0,0.0,0.0,0,0,0,0,0,0,0,0,0,0,0,0.0,0,0.0,0,0.0,0,0.0,0,0.0,,,1982,1999,16,0.978
Herb Williams,willihe01,83,260.0,1958-02-16,Ohio State,1984,1998,1981-10-30T00:00:00Z,False,15,NBA,"IND, DAL, NYK, TOR, NYK",C,936,458.0,25.27777777777778,4.322649572649572,9.354700854700855,0.4620831429876656,0.00641025641025641,0.07478632478632478,0.08571428571428572,4.316239316239316,9.27991452991453,0.46511627906976744,0.4624257651895843,1.686965811965812,2.4198717948717947,0.6971302428256071,1.3835470085470085,4.294871794871795,5.678418803418803,1.5544871794871795,0.532051282051282,1.3397435897435896,1.6677350427350428,2.611111111111111,10.338675213675213,23660.0,4046,8756,6.0,70.0,4040.0,8686.0,1579,2265,1295.0,4020.0,5315.0,1455,498.0,1254.0,1561.0,2444.0,9677,0.0,12.991914623837696,0.49212024513947583,0.00805367709213863,0.25333491124260354,6.065190194420963,18.611065088757396,12.356631445477603,9.197548605240911,1.0339010989010988,3.2183981403212174,13.699856297548605,20.109746407438713,-3.9000000000000004,31.5,27.900000000000002,0.056682121724429414,-1.942333051563821,0.6765004226542688,-1.2695181741335588,4.4,8.34376584953508,18.079615384615387,0.0024133558748943365,0.1449746407438715,8.341352493660185,17.957493660185968,3.2323161453930673,4.647117497886729,2.683419273034658,8.313381234150466,10.983863060016906,2.9677726120033814,1.0339010989010988,2.5949746407438714,3.2012087912087908,5.109459002535925,19.939666103127642,97.43503803888419,105.26094674556214,0.0,0.0,0.0,4.524861878453039,95.47513812154696,-10.229834254143645,-14.393922651933703,2.0,3.0,34.0,1.0,3.0,,20.0,0.0,3.0,11.098342541436464,0.12298895027624308,0.302889502762431,0.4385690607734807,0.12437016574585635,0.01118232044198895,0.5868397790055248,0.5508287292817678,0.20323756906077348,0.6619834254143646,0.86053591160221,0.0,0.02311049723756906,1.0,0.0,0.0,0.0,0.0,0,0,0,0.0,0.0,0.0,0,0,0,0,0,0,0,0,0,0,0,0.0,0,0.0,0,0.0,0,0.0,0,0.0,,,1982,1999,17,0.988817679558011
Herb Williams,willihe01,83,260.0,1958-02-16,Ohio State,1985,1999,1981-10-30T00:00:00Z,False,15,NBA,"IND, DAL, NYK, TOR, NYK",C,873,405.0,24.53035509736541,4.168384879725086,9.053837342497136,0.4603997975708502,0.006872852233676976,0.07560137457044673,0.09090909090909091,4.161512027491409,8.97823596792669,0.4635110997703496,0.4607793522267207,1.5738831615120275,2.258877434135166,0.6967545638945233,1.3104238258877434,4.150057273768614,5.4604810996563575,1.420389461626575,0.5017182130584192,1.3150057273768614,1.5532646048109966,2.5807560137457046,9.917525773195877,21415.0,3639,7904,6.0,66.0,3633.0,7838.0,1374,1972,1144.0,3623.0,4767.0,1240,438.0,1148.0,1356.0,2253.0,8658,0.0,12.798239551716087,0.48926579500350215,0.008365865047863649,0.24378739201494282,5.920014008872285,18.52407658183516,12.242488909642772,8.70379173476535,1.0145832360494982,3.2757599813215035,13.324188652813445,19.933032920849868,-3.6,28.4,25.200000000000003,0.05649469997665187,-2.061769787532104,0.7032640672425869,-1.3624188652813447,3.5,8.324212000933924,18.11194956805977,0.0026663553583936494,0.14953070277842634,8.32154564557553,17.977025449451318,3.1187999066075176,4.490361895867382,2.6319635769320575,8.320028017744573,10.937697875321037,2.810642073313098,1.0145832360494982,2.6381274807378,3.0844314732664024,5.224655615222975,19.799761849171144,97.3821620359561,105.28195190287182,0.0,0.0,0.0,7.570707070707071,92.42929292929293,-9.231313131313131,-13.261111111111113,2.0,4.0,35.0,2.0,4.0,,20.0,0.0,3.0,11.02979797979798,0.12316161616161615,0.3090808080808081,0.42237878787878785,0.13515656565656564,0.010222222222222223,0.6223131313131313,0.5608030303030302,0.1857878787878788,0.6480757575757575,0.8295808080808081,0.0,0.021126262626262625,1.0,0.0,0.0,0.0,0.0,0,0,0,0.0,0.0,0.0,0,0,0,0,0,0,0,0,0,0,0,0.0,0,0.0,0,0.0,0,0.0,0,0.0,,,1982,1999,18,0.9897777777777778
Tom Chambers,chambto01,82,220.0,1959-06-21,Utah,1982,1997,1981-10-31T00:00:00Z,False,15,NBA,"SDC, SEA, PHO, UTA, CHH",PF,1106,743.0,30.661844484629295,6.669077757685352,14.237793851717903,0.4684066806375818,0.20524412296564196,0.6690777576853526,0.30675675675675673,6.463833634719711,13.568716094032549,0.4763776904111415,0.4756144027433797,4.578661844484629,5.670886075949367,0.8073979591836735,1.755877034358047,4.302893309222423,6.05877034358047,2.0641952983725136,0.798372513562387,0.5669077757685352,2.3037974683544302,3.3815551537070525,18.122061482820975,33912.0,7376,15747,227.0,740.0,7149.0,15007.0,5064,6272,1942.0,4759.0,6701.0,2283,883.0,627.0,2548.0,3740.0,20043,0.0,16.51390953054966,0.5408075607454589,0.04523923684831328,0.3997060922387356,6.50412833215381,15.666929110639305,11.154370134465674,10.098047888652983,1.2479771172446332,1.098788039631989,12.119485727765984,25.440389832507666,46.699999999999996,32.3,78.89999999999999,0.11166678461901391,0.3115711252653929,-0.8947186836518047,-0.6021880160415192,12.0,10.411311630101437,22.23161417787214,0.3160179287567823,1.0392987732955885,10.093205944798303,21.199230360934184,7.156336989856099,8.837213965557915,2.7379482189195565,6.732200990799718,9.472726468506723,3.224557678697806,1.2479771172446332,0.8762915782024063,3.5952995989620193,5.305980184005662,28.299463316820002,108.23454824251003,108.08389360698278,0.0,0.0,0.0,66.0,34.0,-31.6,-36.0,1.0,4.0,7.0,3.0,2.0,,8.0,0.0,5.0,12.2,0.581,0.065,0.129,0.129,0.097,0.167,0.0,0.25,0.25,0.8,1.0,0.0,0.0,0.0,0.0,0.0,0.0,0,0,4,0.0,0.061599999999999995,0.030333333333333334,0,0,0,0,2,2,3,0,0,1,0,0.0024666666666666665,0,0.0,0,0.0007692307692307692,0,0.0,0,0.0,,,1982,1998,15,0.903
Tom Chambers,chambto01,82,220.0,1959-06-21,Utah,1983,1998,1981-10-31T00:00:00Z,False,15,NBA,"SDC, SEA, PHO, UTA, CHH, PHI",PF,1026,685.0,30.448343079922026,6.651072124756335,14.32066276803119,0.46443884843122574,0.2212475633528265,0.7192982456140351,0.3075880758807588,6.4298245614035086,13.601364522417153,0.47273378717305625,0.4721636153270265,4.6608187134502925,5.668615984405458,0.8222145804676754,1.6871345029239766,4.299220272904483,5.98635477582846,2.0828460038986356,0.8060428849902534,0.5662768031189084,2.269980506822612,3.314814814814815,18.18421052631579,31240.0,6824,14693,227.0,738.0,6597.0,13955.0,4782,5816,1731.0,4411.0,6142.0,2137,827.0,581.0,2329.0,3401.0,18657,0.0,16.648677976952627,0.5399212548015365,0.04893690781049936,0.3969540653008964,6.279186939820742,15.640745838668373,11.03895646606914,10.283521126760562,1.272259923175416,1.1069174135723434,11.885153649167735,25.698838028169014,43.800000000000004,31.900000000000002,75.69999999999999,0.11627067861715748,0.356414852752881,-0.7965653008962869,-0.46081946222791303,12.1,10.463854033290652,22.539670294494236,0.34304737516005124,1.1281914212548014,10.11854033290653,21.418985275288094,7.342564020486556,8.90106914212548,2.6544782330345713,6.779129321382843,9.436405249679897,3.277144686299616,1.272259923175416,0.882560819462228,3.569686299615877,5.24809218950064,28.618188220230472,108.43719590268886,107.56859795134443,0.0,0.0,0.0,62.236559139784944,37.763440860215056,-29.137634408602153,-32.75268817204301,1.0,4.0,8.0,3.0,2.0,,8.0,0.0,5.0,11.866666666666665,0.5722903225806452,0.058010752688172046,0.11512903225806452,0.16889247311827957,0.08656989247311828,0.2565698924731183,0.0,0.22311827956989247,0.33064516129032256,0.821505376344086,0.8924731182795699,0.0,0.0,0.0,0.0,0.0,0.0,0,0,4,0.0,0.061599999999999995,0.0,0,0,0,0,2,2,3,0,0,0,0,0.0024666666666666665,0,0.0,0,0.0007142857142857143,0,0.0,0,0.0,,,1982,1998,16,0.9134301075268817
Dominique Wilkins,wilkido01,80,215.0,1960-01-12,Georgia,1983,1999,1982-10-29T00:00:00Z,True,15,NBA,"ATL, LAC, BOS, SAS, ORL",SF,1074,995.0,35.48696461824954,9.276536312849162,20.10148975791434,0.46148501551716153,0.6620111731843575,2.0772811918063314,0.31869116987897805,8.614525139664805,18.02420856610801,0.47794193615042874,0.477951734679698,5.615456238361267,6.925512104283054,0.8108362463027695,2.7467411545623834,3.9283054003724396,6.6750465549348235,2.492551210428305,1.2830540037243947,0.5977653631284916,2.485102420856611,1.9189944134078212,24.83054003724395,38113.0,9963,21589,711.0,2231.0,9252.0,19358.0,6031,7438,2950.0,4219.0,7169.0,2677,1378.0,642.0,2669.0,2061.0,26668,0.0,21.566035211082834,0.5357263138561646,0.10460832261957864,0.34300634953952724,8.50297273896046,12.459717156875609,10.435352766772493,12.056770655681788,1.7729068821661902,1.0194238186445568,9.775451945530394,30.260509537428174,82.29999999999998,35.29999999999999,117.70000000000002,0.14792309710597434,4.316923359483641,-1.0641014876813688,3.261514443890536,50.6,12.941455671293259,28.04404796263743,0.9247002335161231,2.944995146013171,11.993999422769136,25.1259675176449,7.828279064885997,9.6770681919555,3.8477947157137984,5.486812898486081,9.330905465326792,3.469435625639545,1.7729068821661902,0.8301813029674916,3.4747566447144025,2.6847322435914256,34.656985805368244,111.27371238160208,108.4136646288668,0.0,2.6558944014565316,58.12926718252162,38.329540282203006,0.8852981338188439,-9.554756486117432,-3.52972234865726,70.0,28.0,36.0,18.0,167.0,,290.0,37.0,88.0,12.585298133818844,0.4207269003186163,0.11206144742831133,0.11653800637232589,0.11206144742831133,0.23872690031861626,0.5101324533454711,0.39873008648156577,0.34013245334547115,0.3960291306326809,0.5006413290851162,0.9238643604915794,0.050394173873463816,47.0,0.10264314974965863,0.4312680928538917,0.0,0.0,0,0,9,0.0,0.2435333333333333,0.06666666666666667,0,0,0,1,5,4,9,1,0,1,0,0.05633333333333334,0,0.0,0,0.0006428571428571428,0,0.006916666666666667,0,0.0,,,1983,1999,15,0.7612730996813837
Terry Cummings,cummite01,81,220.0,1961-03-15,DePaul,1983,1997,1982-11-05T00:00:00Z,False,15,NBA,"SDC, MIL, SAS, MIL, SEA",PF,1037,812.0,30.187078109932497,7.3124397299903565,15.042430086788814,0.4861209051862299,0.041465766634522665,0.14175506268081003,0.2925170068027211,7.270973963355834,14.900675024108004,0.48796272327206835,0.4874991986665812,3.033751205400193,4.300867888138862,0.7053811659192825,2.840887174541948,4.8592092574734815,7.700096432015429,1.9903567984570878,1.1166827386692382,0.5998071359691417,1.9903567984570878,3.29122468659595,17.700096432015428,31304.0,7583,15599,43.0,147.0,7540.0,15452.0,3146,4460,2946.0,5039.0,7985.0,2064,1158.0,622.0,2064.0,3413.0,18355,1.0,18.598029005877844,0.5207334525939177,0.009553347814975724,0.2842424290825453,10.668301175568617,18.162273191924356,14.404152823920267,10.622265525172503,1.8016196013289034,1.2149054433938156,10.549124712496804,25.94168157423972,43.49999999999999,42.00000000000001,85.69999999999997,0.1311930104778942,1.2730194224380271,-0.4371741630462561,0.8258369537439306,22.4,11.781500766675187,24.274916943521596,0.06223485816509073,0.22701252236135955,11.721910937899311,24.04287630973677,4.88556095067723,6.921182596473296,4.590870176335293,7.866534628162535,12.470320086889851,3.227095578839765,1.8016196013289034,0.9640397393304371,3.236072067467416,5.35534117045745,28.52258177868643,108.19154101712242,104.93984794275492,0.0,0.0,0.0,95.0,5.0,2.7000000000000006,-8.4,19.0,8.0,42.0,4.0,38.0,,94.0,10.0,22.0,11.0,0.285,0.197,0.288,0.213,0.016,0.549,0.46,0.424,0.5,0.697,1.0,0.016,4.0,0.0,0.0,0.0,0.0,0,0,2,0.0,0.05266666666666667,0.06666666666666667,0,0,0,0,1,1,4,1,0,1,0,0.013533333333333335,1,0.811,0,0.0,0,0.0,0,0.0,,,1983,2000,15,0.984
Terry Cummings,cummite01,81,220.0,1961-03-15,DePaul,1984,1998,1982-11-05T00:00:00Z,False,15,NBA,"SDC, MIL, SAS, MIL, SEA, NYK, PHI",PF,1041,746.0,28.778097982708935,6.81940441882805,14.138328530259367,0.4823345563255877,0.04130643611911623,0.14121037463976946,0.2925170068027211,6.778097982708934,13.997118155619596,0.4842495367510809,0.48379535262943335,2.8059558117195005,3.9827089337175794,0.7045344910757356,2.6320845341018253,4.595581171950048,7.227665706051873,1.8578290105667628,1.0249759846301634,0.547550432276657,1.8357348703170029,3.170028818443804,16.486071085494718,29958.0,7099,14718,43.0,147.0,7056.0,14571.0,2921,4146,2740.0,4784.0,7524.0,1934,1067.0,570.0,1911.0,3300.0,17162,1.0,18.049282328593364,0.5166911342546231,0.009977201415314775,0.27945874223913486,10.458889111422657,17.8891514787369,14.194201882635692,10.467387676079847,1.7470458642098936,1.1749449228920488,10.396915681954736,25.70964016289472,37.9,41.400000000000006,79.6,0.12730612858001203,0.9221510114159823,-0.40505040389879177,0.5066426330195608,19.0,11.60628212831297,24.0968656118566,0.06503104346084519,0.23721209693571,11.544014954269311,23.85044395487015,4.767514520328461,6.764106415648576,4.498063956205354,7.867911743107016,12.379471259763665,3.1763535616529808,1.7470458642098936,0.934197877027839,3.1514019627478462,5.464089725615862,28.053468188797652,107.57994525669271,104.73399425862874,0.0,0.0,0.0,56.73621460506706,43.26378539493294,1.3460506706408348,-2.866467958271237,42.0,19.0,123.0,10.0,84.0,,199.0,22.0,47.0,10.646795827123697,0.2696944858420268,0.20465275707898659,0.3139016393442623,0.2029925484351714,0.0077585692995529075,0.5654828614008942,0.3917138599105812,0.4187019374068554,0.5282563338301044,0.6899359165424739,0.4113263785394933,0.013645305514157975,9.0,0.0,0.0,0.0,0.0,0,0,2,0.0,0.05266666666666667,0.0,0,0,0,0,1,1,4,0,0,0,0,0.012666666666666666,0,0.0,0,0.0,0,0.0,0,0.0,,,1983,2000,16,0.9922414307004471
Terry Cummings,cummite01,81,220.0,1961-03-15,DePaul,1985,1999,1982-11-05T00:00:00Z,False,15,NBA,"MIL, SAS, MIL, SEA, NYK, PHI, GSW",PF,1010,666.0,27.784158415841585,6.483168316831684,13.515841584158416,0.4796718189143652,0.04356435643564356,0.14356435643564355,0.30344827586206896,6.43960396039604,13.372277227722773,0.48156374944469127,0.48128342245989303,2.596039603960396,3.6950495049504952,0.702572347266881,2.487128712871287,4.445544554455446,6.932673267326733,1.8346534653465347,1.010891089108911,0.5178217821782178,1.7336633663366336,3.1386138613861387,15.605940594059406,28062.0,6548,13651,44.0,145.0,6504.0,13506.0,2622,3732,2512.0,4490.0,7002.0,1853,1021.0,523.0,1751.0,3170.0,15762,1.0,17.80129712778847,0.5131257928871785,0.010516178461977051,0.2713600598674364,10.213349012900007,17.89787969496116,14.075358135556982,10.817846197705082,1.7997648064998928,1.1655976053025443,10.331847338037205,25.534195709500395,33.3,41.1,74.69999999999999,0.1275610434038914,0.7448471242249302,-0.23784833582780987,0.4958342242178037,17.599999999999998,11.504023234266983,24.025497113534318,0.07302758178319435,0.2568419927303827,11.437548998645857,23.758823319791883,4.602277100705581,6.54999643646212,4.436675931865157,7.93915615422992,12.390239469745563,3.2643860024232056,1.7997648064998928,0.922097498396408,3.1030788967286718,5.64991447509087,27.685517782054028,106.88500463259925,103.87830518138408,0.0,0.0,0.3343253968253968,62.842261904761905,36.823412698412696,-0.140376984126984,-2.1421626984126987,65.0,34.0,185.0,19.0,131.0,,325.0,26.0,76.0,10.96547619047619,0.2463938492063492,0.20309722222222223,0.3169434523809524,0.22673214285714288,0.005833333333333334,0.5572976190476191,0.38646031746031745,0.40576289682539685,0.5101170634920635,0.6615396825396825,0.6081349206349206,0.013095238095238096,13.0,0.0,0.0,0.0,0.0,0,0,2,0.0,0.05266666666666667,0.0,0,0,0,0,1,1,4,0,0,0,0,0.012666666666666666,0,0.0,0,0.0,0,0.0,0,0.0,,,1983,2000,17,0.9941666666666668
Terry Cummings,cummite01,81,220.0,1961-03-15,DePaul,1986,2000,1982-11-05T00:00:00Z,False,15,NBA,"MIL, SAS, MIL, SEA, NYK, PHI, GSW",PF,953,588.0,27.00734522560336,6.154249737670514,12.902413431269675,0.47698438516590763,0.046169989506820566,0.15110178384050368,0.3055555555555556,6.108079748163694,12.751311647429171,0.4790157998683344,0.47877358490566035,2.4249737670514167,3.471143756558237,0.6986094316807738,2.4270724029380903,4.281217208814271,6.708289611752361,1.727177334732424,0.9622245540398741,0.48688352570828963,1.6663168940188877,3.1269674711437565,14.779643231899266,25738.0,5865,12296,44.0,144.0,5821.0,12152.0,2311,3308,2313.0,4080.0,6393.0,1646,917.0,464.0,1588.0,2980.0,14085,1.0,17.28789338720957,0.5101016395990365,0.011359973579920739,0.26732543321159374,10.251169477037841,17.763046856787632,14.020254098997594,10.510715673323492,1.764923459476261,1.13385655451084,10.406406869220607,25.155808532131477,27.9,36.3,64.4,0.11984855078094647,0.39580775507032406,-0.3503652187427151,0.0332698733390318,13.200000000000003,11.274065583961459,23.675207863858887,0.07962157121765484,0.2800334136296526,11.20158909006139,23.384454891599965,4.434567565467403,6.349980573471133,4.47066594140959,7.898842178879477,12.374640609215943,3.1778615277022304,1.764923459476261,0.8939117258528246,3.0762685523350686,5.808365063330484,27.066228922216176,106.22212293107468,104.23098142823841,0.0,0.0,0.760666277030976,63.79105786090006,35.44827586206897,-1.1475452951490355,-1.8464932787843369,75.0,40.0,213.0,25.0,145.0,,375.0,29.0,83.0,11.07416715371128,0.23483372296902397,0.20180654587960262,0.3221838106370543,0.23513734658094682,0.005154880187025132,0.5640087668030391,0.39280362361192284,0.39671858562244305,0.5034739918176505,0.6626399766218586,0.5374050263004091,0.011572180011689071,13.0,0.0,0.0,0.0,0.0,0,0,1,0.0,0.021066666666666668,0.0,0,0,0,0,0,1,4,0,0,0,0,0.0008666666666666667,0,0.0,0,0.0,0,0.0,0,0.0,,,1983,2000,18,0.9948451198129749
Ricky Pierce,piercri01,76,205.0,1959-08-19,"Walla Walla Community College, Rice University",1983,1997,1982-11-05T00:00:00Z,False,15,NBA,"DET, SDC, MIL, SEA, GSW, IND, CHH, DEN",SG,930,269.0,24.970967741935485,5.740860215053764,11.593548387096774,0.49517714709701355,0.3139784946236559,0.975268817204301,0.3219404630650496,5.426881720430107,10.618279569892474,0.5110886075949367,0.5087182340938602,3.5978494623655912,4.106451612903226,0.8761455878502226,0.9086021505376344,1.5118279569892472,2.4204301075268817,1.9268817204301076,0.8161290322580645,0.15806451612903225,1.5397849462365591,2.3419354838709676,15.393548387096773,23223.0,5339,10782,292.0,907.0,5047.0,9875.0,3346,3819,845.0,1406.0,2251.0,1792,759.0,147.0,1432.0,2178.0,14316,0.0,17.896718770184727,0.5742238298238816,0.08359992249063429,0.3552975498428282,4.148529475089351,6.996925461826637,5.585083753175732,12.409671446410885,1.6187271239719245,0.4112948370150283,10.336222710244154,25.15547948154847,54.699999999999996,17.299999999999997,71.8,0.14847448650045214,1.9928734444300908,-0.8216251130344916,1.2007449511260389,18.599999999999998,11.353761357275113,22.968393403091763,0.643211471386126,1.947607974852517,10.7289755845498,21.006583990009904,7.133751022693019,8.12882056581837,1.7790035740429748,3.0001722430349225,4.778516987469319,3.8382293416009996,1.6187271239719245,0.3154502002325281,3.052999181845584,4.6143865994918825,30.4740300564096,115.78641863669638,110.22025578090685,0.0,97.0,2.0,0.0,0.0,-1.8,-0.1,26.0,15.0,39.0,10.0,60.0,,178.0,12.0,37.0,14.3,0.221,0.113,0.219,0.256,0.191,0.482,0.518,0.523,0.457,0.503,0.976,0.0,0.0,0.158,0.6,0.0,0.0,0,0,1,0.0,0.0006666666666666666,0.0,0,0,0,0,0,0,3,0,0,0,0,0.0,0,0.0,2,0.11492857142857142,0,0.0,0,0.0,,,1983,1998,15,0.809
Ricky Pierce,piercri01,76,205.0,1959-08-19,"Walla Walla Community College, Rice University",1984,1998,1982-11-05T00:00:00Z,False,15,NBA,"SDC, MIL, SEA, GSW, IND, CHH, DEN, MIL",SG,930,268.0,25.161290322580644,5.7612903225806456,11.65268817204301,0.49441727415336345,0.3172043010752688,0.9817204301075269,0.3231106243154436,5.444086021505377,10.670967741935485,0.5101773478436115,0.5080280520439237,3.6247311827956987,4.127956989247312,0.8780932534514196,0.9129032258064517,1.5182795698924731,2.4311827956989247,1.9483870967741936,0.8172043010752689,0.15376344086021507,1.543010752688172,2.3344086021505377,15.464516129032258,23400.0,5358,10837,295.0,913.0,5063.0,9924.0,3371,3839,849.0,1412.0,2261.0,1812,760.0,143.0,1435.0,2171.0,14382,0.0,17.880773504273503,0.5737636752136753,0.0837804700854701,0.3553633760683761,4.149688034188035,6.98940170940171,5.5818076923076925,12.476038461538462,1.611405982905983,0.3991239316239317,10.299722222222222,25.13157264957265,55.099999999999994,17.299999999999997,72.2,0.1482012393162393,2.006089743589744,-0.8286410256410255,1.2055897435897436,18.799999999999997,11.323461538461538,22.948542735042736,0.6455256410256411,1.949508547008547,10.695089743589746,20.986829059829063,7.142905982905981,8.12404700854701,1.7795470085470086,2.9975299145299146,4.776423076923077,3.859461538461538,1.611405982905983,0.3051367521367522,3.0420213675213676,4.577277777777777,30.423089743589745,115.80666666666667,110.24123931623932,5.48581560283688,91.51418439716312,2.5224586288416075,0.0,0.0,-4.438416075650118,-3.051891252955083,37.0,20.0,54.0,11.0,82.0,,248.0,15.0,49.0,13.934278959810873,0.21081205673758865,0.12371040189125294,0.25139243498817965,0.2494692671394799,0.16487706855791961,0.4566607565011821,0.4895260047281324,0.47702364066193853,0.43270567375886526,0.5348699763593381,0.9822695035460993,0.0,0.0,0.19718439716312056,0.5738770685579196,0.0,0.0,0,0,1,0.0,0.0006666666666666666,0.0,0,0,0,0,0,0,3,0,0,0,0,0.0,0,0.0,2,0.10726666666666666,0,0.0,0,0.0,,,1983,1998,16,0.8351229314420805
LaSalle Thompson,thompla01,82,245.0,1961-06-23,Texas,1983,1997,1982-11-20T00:00:00Z,False,15,NBA,"KCK, SAC, IND, PHI, DEN, IND",C,985,516.0,21.561421319796953,3.183756345177665,6.473096446700508,0.4918444165621079,0.0040609137055837565,0.026395939086294416,0.15384615384615385,3.1796954314720813,6.446700507614213,0.4932283464566929,0.4921580928481807,1.5532994923857868,2.1065989847715736,0.7373493975903614,2.155329949238579,4.6355329949238575,6.790862944162437,1.1563451776649747,0.7522842639593909,0.9868020304568528,1.6710659898477158,3.1908629441624368,7.9248730964467,21238.0,3136,6376,4.0,26.0,3132.0,6350.0,1530,2075,2123.0,4566.0,6689.0,1139,741.0,972.0,1646.0,3143.0,7806,0.0,13.605659666635276,0.5308103399566815,0.0041906017515773615,0.32175360203408987,11.351374894057821,23.89616253884546,17.69382239382239,7.398549769281476,1.6537432903286564,2.649293718805914,18.91597608061023,17.236599491477545,8.0,26.999999999999996,35.00000000000001,0.07918725868725869,-1.9412279875694507,0.4241924851680948,-1.4995385629531972,2.700000000000001,7.033331763819568,14.323448535643656,0.005918636406441285,0.050762783689612956,7.024168942461625,14.262675393163198,3.424206610791977,4.645023071852341,4.762294001318391,10.26589603540823,15.038718335059798,2.5668754119973634,1.6537432903286564,2.1879743855353606,3.705320651662115,7.096638101516152,17.483063376965813,101.98173085977965,105.694745267916,0.0,0.0,0.0,9.0,91.0,-16.8,-11.8,3.0,1.0,15.0,4.0,2.0,,6.0,0.0,2.0,12.2,0.211,0.158,0.421,0.211,0.0,0.25,0.333,0.125,0.0,0.667,0.0,0.0,0.0,0.0,0.0,0.0,0.0,0,0,0,0.0,0.0,0.0,0,0,0,0,0,0,0,0,0,0,0,0.0,0,0.0,0,0.0,0,0.0,0,0.0,,,1983,1997,15,1.0
Clyde Drexler,drexlcl01,79,210.0,1962-06-22,Houston,1984,1998,1983-10-28T00:00:00Z,True,15,NBA,"POR, HOU",SG,1086,950.0,34.564456721915285,7.6749539594843466,16.273480662983424,0.4716233802976291,0.7615101289134438,2.396869244935543,0.31771033422973494,6.913443830570903,13.876611418047883,0.4982083609820836,0.4950206529734623,4.3259668508287294,5.489871086556169,0.7879906071787991,2.4079189686924494,3.7403314917127073,6.148250460405157,5.639963167587477,2.032228360957643,0.6620626151012892,2.741252302025783,3.0248618784530388,20.437384898710867,37537.0,8335,17673,827.0,2603.0,7508.0,15070.0,4698,5962,2615.0,4062.0,6677.0,6125,2207.0,719.0,2977.0,3285.0,22195,25.0,21.07173455523883,0.5459555105629114,0.1528817433465647,0.33766307909529264,7.718698883768015,12.086631856568186,9.920614327197166,25.179060660148654,2.8083171271012604,1.1935636838319523,12.874427897807498,25.378000372965335,85.8,49.900000000000006,135.6,0.17339411780376693,4.1187761408743375,1.3139116072142152,5.417476090257612,70.39999999999999,10.655888856328422,22.648067240322877,1.1024722274022967,3.4695367237658843,9.56462423741908,19.18573940378826,6.018810773370275,7.65942137091403,3.3171031249167484,5.23220289314543,8.570309294829102,7.858214561632522,2.8083171271012604,0.9060633508271839,3.806193888696486,4.202589445080853,28.451706316434457,113.61294189732797,105.06100647361271,1.5638701517706577,95.43612984822934,2.521290050590219,0.0,0.0,4.6201306913996625,6.847870994940978,215.0,53.0,164.0,30.0,224.0,,1647.0,63.0,82.0,14.547870994940979,0.341701939291737,0.05899999999999999,0.10714966273187183,0.14938322091062395,0.34276517706576726,0.6185754637436762,0.2990400505902192,0.2994993676222597,0.39110581787521076,0.4595845278246206,0.8224361298482293,0.028914839797639123,56.0,0.13113806913996628,0.37923229342327147,2.0,0.0,1,0,10,0.013666666666666666,0.15186666666666665,0.0,0,0,4,1,3,4,11,0,0,0,0,0.051866666666666665,0,0.0,0,0.004266666666666667,0,0.0,0,0.0008666666666666666,,,1984,1998,15,0.6572348229342327
Dale Ellis,ellisda01,79,205.0,1960-08-06,Tennessee,1984,1998,1983-10-29T00:00:00Z,False,15,NBA,"DAL, SEA, MIL, SAS, DEN, SEA",SF,1119,579.0,29.474530831099194,6.329758713136729,13.15549597855228,0.48114937843896477,1.419124218051832,3.5290437890974085,0.40212712079007346,4.9106344950848975,9.62645218945487,0.5101188265874489,0.5350859316622512,2.3029490616621984,2.932975871313673,0.7851919561243145,1.3360142984807863,2.265415549597855,3.6014298480786415,1.513851653261841,0.8364611260053619,0.16085790884718498,1.5245755138516532,2.1072386058981234,16.381590705987488,32982.0,7083,14721,1588.0,3949.0,5495.0,10772.0,2577,3282,1495.0,2535.0,4030.0,1694,936.0,180.0,1706.0,2358.0,18331,0.0,16.25791643926991,0.5666613910617913,0.2799248377903099,0.2172043538900006,5.144399975744345,8.796849796858893,6.977263355769814,8.251731247347038,1.4226790370505122,0.3358437935843793,9.387814565520586,22.892323085319266,63.40000000000001,18.4,81.7,0.11903292705111879,2.1746316172457703,-1.4548814504881453,0.7280304408465224,22.6,10.687829725304713,22.26887393123522,2.4324146504153785,6.038314838396702,8.262534109514279,16.212837305196775,3.8812048996422286,4.906591474137408,2.2330665211327396,3.865162816081499,6.084433933660784,2.572751804014311,1.4226790370505122,0.2577436177308835,2.5597325814080407,3.5716966830392334,27.724586137893393,114.12770602146625,111.55627311867079,0.0,23.179340028694405,75.4232424677188,1.3974175035868006,0.0,-1.808034433285508,-3.4796269727403155,94.0,32.0,103.0,25.0,138.0,,568.0,22.0,69.0,18.260258249641318,0.13466714490674317,0.034794835007173605,0.07106312769010042,0.3267044476327116,0.43197560975609756,0.6086642754662841,0.562180774748924,0.34491104734576755,0.45492109038737444,0.8145882352941177,0.9526657101865136,0.0033974175035868005,6.0,0.17901147776183643,0.4132525107604017,0.0,0.0,0,0,1,0.0,0.016,0.0,0,0,0,0,0,1,3,0,0,0,0,0.0,0,0.0,0,0.012066666666666667,1,0.03253846153846154,0,0.0,,,1984,2000,15,0.5680243902439025
Dale Ellis,ellisda01,79,205.0,1960-08-06,Tennessee,1985,1999,1983-10-29T00:00:00Z,False,15,NBA,"DAL, SEA, MIL, SAS, DEN, SEA",SF,1100,582.0,30.14090909090909,6.392727272727273,13.293636363636363,0.48088627504616016,1.518181818181818,3.7609090909090908,0.4036741600193377,4.874545454545455,9.532727272727273,0.5113484646194927,0.5379881009368802,2.311818181818182,2.9372727272727275,0.7870628288455587,1.2854545454545454,2.2554545454545454,3.540909090909091,1.5236363636363637,0.8363636363636363,0.15818181818181817,1.520909090909091,2.1063636363636364,16.615454545454547,33155.0,7032,14623,1670.0,4137.0,5362.0,10486.0,2543,3231,1414.0,2481.0,3895.0,1676,920.0,174.0,1673.0,2317.0,18277,0.0,16.177556929573218,0.5692275976474138,0.2969798823706832,0.2148225908611069,4.832507917357864,8.562132408384858,6.7039239933645,8.162865329512893,1.395442618006334,0.32555270698235556,9.296293168451214,22.629974362841203,65.2,17.4,82.60000000000001,0.11972233448951894,2.2408595988538687,-1.4630704267832906,0.7860262403860655,23.2,10.585477303574121,22.069944201477906,2.556103151862464,6.314576986879807,8.036456039812998,15.737216106167999,3.818654803197104,4.816790830945559,2.1057789172070573,3.77910420751018,5.8743537927914335,2.539451063188056,1.395442618006334,0.24733825968933795,2.505706529935153,3.503203136781783,27.57711958980546,114.47317146735033,111.61203438395415,0.0,23.143184421534936,75.33791523482245,1.3172966781214204,0.0,-1.141122565864833,-2.0321878579610533,114.0,42.0,128.0,28.0,158.0,,651.0,23.0,81.0,18.530355097365405,0.12546048109965635,0.039473081328751436,0.06701832760595647,0.31184536082474223,0.4555681557846506,0.6127640320733104,0.5452096219931272,0.34593699885452456,0.44384879725085913,0.8142680412371134,0.9557571592210767,0.0027124856815578468,6.0,0.2052176403207331,0.4202577319587629,0.0,0.0,0,0,1,0.0,0.016,0.0,0,0,0,0,0,1,3,0,0,0,0,0.0,0,0.0,0,0.012066666666666667,1,0.030214285714285714,0,0.0,,,1984,2000,16,0.5444318442153494
Dale Ellis,ellisda01,79,205.0,1960-08-06,Tennessee,1986,2000,1983-10-29T00:00:00Z,False,15,NBA,"DAL, SEA, MIL, SAS, DEN, SEA, CHH, MIL",SF,1070,583.0,30.285046728971963,6.377570093457944,13.251401869158878,0.48127512518513293,1.5560747663551402,3.857943925233645,0.40334302325581395,4.821495327102804,9.393457943925233,0.5132822604715949,0.5399887157063262,2.3130841121495327,2.9345794392523366,0.7882165605095541,1.2401869158878505,2.229906542056075,3.4700934579439253,1.5271028037383179,0.8289719626168224,0.1560747663551402,1.52803738317757,2.0850467289719625,16.624299065420562,32405.0,6824,14179,1665.0,4128.0,5159.0,10051.0,2475,3140,1327.0,2386.0,3713.0,1634,887.0,167.0,1635.0,2231.0,17788,0.0,16.107326029933656,0.5709583397623825,0.3074615028544978,0.21424727665483723,4.646677981792933,8.41701897855269,6.540632618423082,8.166523684616571,1.3796914056472767,0.32092269711464283,9.36691868538806,22.49548526461966,64.2,16.5,80.7,0.11972553618268787,2.2614133621354733,-1.4790279277889216,0.790813146119426,22.7,10.525354112019752,21.928862829810214,2.6095602530473694,6.456910970529239,7.91898472457954,15.453380651134085,3.8074216941829966,4.7950717481870075,2.025369541737386,3.727646968060485,5.742243480944299,2.5356981947230364,1.3796914056472767,0.2408980095664249,2.509875019287147,3.461006017589878,27.49576917142417,114.57651596975775,111.63193951550687,0.0,23.553558052434457,74.97138576779027,1.205992509363296,0.0,-0.67292883895131,-1.5900973782771533,123.0,44.0,136.0,33.0,163.0,,683.0,26.0,84.0,18.705228464419474,0.12018292134831461,0.038250187265917605,0.06929812734082397,0.3014656179775281,0.47022217228464414,0.6370338576779027,0.5413896629213483,0.35050501872659173,0.4401438202247191,0.8154283146067416,0.9594954307116105,0.002483295880149813,6.0,0.21491610486891385,0.4190530337078652,0.0,0.0,0,0,1,0.0,0.016,0.0,0,0,0,0,0,1,3,0,0,0,0,0.0,0,0.0,0,0.012066666666666667,1,0.0282,0,0.0,,,1984,2000,17,0.5297778277153559
Derek Harper,harpede01,76,185.0,1961-10-13,Illinois,1984,1998,1983-10-29T00:00:00Z,False,15,NBA,"DAL, NYK, DAL, ORL",PG,1154,854.0,31.772963604852688,5.260831889081456,11.34575389948007,0.46368288398380814,0.889948006932409,2.520797227036395,0.35304228257133036,4.370883882149047,8.824956672443674,0.49528672427337,0.502902314213702,2.1906412478336224,2.9410745233968805,0.7448438420742487,0.5918544194107452,1.8492201039861351,2.4410745233968805,5.537261698440208,1.6577123050259965,0.25996533795493937,1.977469670710572,2.330155979202773,13.602253032928942,36666.0,6071,13093,1027.0,2909.0,5044.0,10184.0,2528,3394,683.0,2134.0,2817.0,6390,1913.0,300.0,2282.0,2689.0,15697,0.0,16.070583101510937,0.5374618174875907,0.2235055637375225,0.25470444008072873,2.085719740358915,6.557393770795832,4.31540118911253,26.83794796269023,2.6164593901707303,0.5083101510936563,13.748712703867342,19.858719249440895,51.7,33.0,84.80000000000001,0.1110422462226586,1.2679321442208042,0.5484345169912179,1.8210222004036432,35.19999999999999,8.335147002672775,18.00728740522555,1.4393143511700213,4.044736267932144,6.920422189494355,13.96308296514482,3.466230295096274,4.649939998909072,0.9330824196803577,2.945445371734031,3.855492827142312,8.765551191839853,2.6164593901707303,0.41015109365624824,3.1346042655321003,3.700490918016691,21.56495390825288,110.31587847051765,108.77262313860253,68.69604633593553,30.860488541928984,0.4434651221354822,0.0,0.0,-3.784437169478721,2.3643162931251576,154.0,25.0,104.0,17.0,64.0,,1209.0,13.0,21.0,16.408662805338707,0.2163142785192647,0.029434651221354823,0.10634802316796776,0.36827751196172254,0.27962553512969024,0.5881571392596323,0.36942734827499374,0.2977929992445228,0.44097355829765805,0.4963376983127676,0.7223215814656258,0.0031130697557290353,4.0,0.1696431629312516,0.3755006295643415,0.0,0.0,0,0,0,0.07700000000000001,0.0005333333333333334,0.0,0,2,7,0,0,0,3,0,0,0,0,0.0,0,0.0,0,0.0,0,0.0007692307692307692,0,0.003,,,1984,1999,15,0.7203744648703098
Derek Harper,harpede01,76,185.0,1961-10-13,Illinois,1985,1999,1983-10-29T00:00:00Z,False,15,NBA,"DAL, NYK, DAL, ORL, LAL",PG,1117,882.0,32.29543419874664,5.363473589973142,11.578334825425246,0.4632335884945488,0.955237242614145,2.6857654431512983,0.3556666666666667,4.408236347358997,8.892569382273948,0.49572133293063525,0.5044846516662801,2.227394807520143,2.9794091316025066,0.7475961538461539,0.5756490599820949,1.8522829006266786,2.4279319606087735,5.674127126230976,1.666965085049239,0.25335720680393914,1.9901521933751118,2.3384064458370637,13.909579230080572,36074.0,5991,12933,1067.0,3000.0,4924.0,9933.0,2488,3328,643.0,2069.0,2712.0,6338,1862.0,283.0,2223.0,2612.0,15537,0.0,16.23340910350945,0.5394493263846539,0.23690189610245604,0.2520011365526418,1.9925652824749127,6.451355546931308,4.21962909574763,27.22697233464545,2.5964600543327605,0.49274546764983096,13.559147862726617,19.934063314298385,53.6,31.9,85.50000000000001,0.11387356544879969,1.416521594500194,0.4882436103564893,1.9094971447579974,35.39999999999999,8.375286910240062,18.117580528912793,1.520283306536564,4.248652769307534,6.879996673504464,13.874214115429396,3.4702001441481394,4.639937351000722,0.895836336419582,2.9100432444419804,3.78246659644065,8.856797139213837,2.5964600543327605,0.3946166213893663,3.1134390419692854,3.6628873981260743,21.737844430892054,110.90696900814991,108.73784443089205,74.70280887841288,24.95128658416814,0.34590453741897464,0.0,0.0,-3.3258691809074836,-0.24578668238067164,191.0,30.0,116.0,19.0,70.0,,1609.0,14.0,27.0,16.73675112944412,0.21338518955018662,0.02977902180318209,0.09967157729326262,0.3508367707719505,0.3065474366529169,0.5892225495973286,0.36141347475937935,0.3222581025338833,0.42249970536240433,0.49296346493812615,0.7578901983893145,0.0024282066391671576,4.0,0.17170163032802988,0.36615065802396385,0.0,0.0,0,0,0,0.07700000000000001,0.0005333333333333334,0.0,0,2,7,0,0,0,3,0,0,0,0,0.0,0,0.0,0,0.0,0,0.0007142857142857143,0,0.003,,,1984,1999,16,0.6934525633470832
Mark West,westma01,82,230.0,1960-11-05,Old Dominion,1984,1998,1983-10-29T00:00:00Z,False,15,NBA,"DAL, MIL, CLE, PHO, DET, CLE, IND",C,1019,546.0,19.221786064769383,2.4543670264965654,4.205103042198234,0.5836639439906651,0.0,0.003925417075564278,0.0,2.4543670264965654,4.20117762512267,0.5842092968932492,0.5836639439906651,1.1599607458292445,2.0255152109911676,0.5726744186046512,1.6977428851815506,3.396467124631992,5.094210009813542,0.4052993130520118,0.3140333660451423,1.351324828263003,1.1629048086359175,2.9754661432777234,6.068694798822375,19587.0,2501,4285,0.0,4.0,2501.0,4281.0,1182,2064,1730.0,3461.0,5191.0,413,320.0,1377.0,1185.0,3032.0,6184,0.0,12.178684841987032,0.5968467350793895,0.0007811813958237606,0.4847963955684894,10.154674018481643,19.225338234543322,14.796528309593096,2.8734619900954717,0.8001072139684485,4.260504416194415,18.609945371930362,13.65215193750957,14.2,26.900000000000006,40.99999999999999,0.10064573441568388,-2.5519885638433655,0.8660642262725278,-1.6903252157042934,1.3,6.209572675754328,10.667371215602186,0.0,0.011339153520191965,6.209572675754328,10.656032062081994,2.9342727319140245,5.106728952876908,4.3007249706437936,8.565456680451318,12.85693061724613,1.0220401286567622,0.8001072139684485,3.4274671976310813,2.9496196456833617,7.558048705774238,15.347960381885942,108.3917394190024,104.97855720631031,0.0,0.0,0.0,9.282894736842104,90.8157894736842,2.9203947368421055,0.16776315789473684,8.0,10.0,86.0,13.0,30.0,,47.0,6.0,24.0,6.121052631578948,0.5526118421052632,0.4082697368421053,0.029973684210526316,0.010144736842105264,0.0,0.6036052631578948,0.4772105263157894,0.5407894736842105,0.09868421052631579,0.6270394736842105,0.0,0.1743157894736842,33.0,0.0,0.0,0.0,0.0,0,0,0,0.0,0.0,0.0,0,0,0,0,0,0,0,0,0,0,0,0.0,0,0.0,0,0.0,0,0.0008461538461538461,0,0.0,,,1984,2000,15,1.0
Mark West,westma01,82,230.0,1960-11-05,Old Dominion,1985,1999,1983-10-29T00:00:00Z,False,15,NBA,"MIL, CLE, PHO, DET, CLE, IND, ATL",C,1034,546.0,19.230174081237912,2.425531914893617,4.160541586073501,0.5829846582984658,0.0,0.0038684719535783366,0.0,2.425531914893617,4.156673114119923,0.5835272219637041,0.5829846582984658,1.1518375241779497,2.018375241779497,0.5706756109247724,1.702127659574468,3.3945841392649903,5.096711798839459,0.3994197292069632,0.31237911025145065,1.3384912959381043,1.1508704061895552,2.9574468085106385,6.002901353965184,19884.0,2508,4302,0.0,4.0,2508.0,4298.0,1191,2087,1760.0,3510.0,5270.0,413,323.0,1384.0,1190.0,3058.0,6207,0.0,12.118245825789579,0.5938563669281836,0.000769513176423255,0.49137980285656807,10.18337356668678,19.224904445785555,14.810324884329106,2.862738885536109,0.7986722993361497,4.237014685174009,18.585179038422854,13.5410128746731,14.4,27.500000000000004,41.8,0.10105748340374171,-2.5637547777107224,0.874160128746731,-1.6939297927982297,1.4,6.142989338161336,10.573571715952525,0.0,0.011169784751559043,6.142989338161336,10.562401931200965,2.9183464091732043,5.104596660631664,4.3277811305572325,8.58730637698652,12.906990545161937,1.0129249647958158,0.7986722993361497,3.4024391470529065,2.9237829410581373,7.53942868638101,15.198948903641117,108.18814121907062,104.73747736873868,0.0,0.0,0.0,7.5962891874600125,92.47088931541907,0.04056301983365358,-3.844593730006398,13.0,12.0,135.0,17.0,46.0,,75.0,7.0,32.0,6.36973768394114,0.511551503518874,0.44553678822776716,0.031259117082533594,0.012333333333333333,0.0,0.5769136276391554,0.4072258477287268,0.36813819577735124,0.38643634037108127,0.5864811260396673,0.0,0.1403736404350608,36.0,0.0,0.0,0.0,0.0,0,0,0,0.0,0.0,0.0,0,0,0,0,0,0,0,0,0,0,0,0.0,0,0.0,0,0.0,0,0.0007857142857142856,0,0.0,,,1984,2000,16,1.0
Mark West,westma01,82,230.0,1960-11-05,Old Dominion,1986,2000,1983-10-29T00:00:00Z,False,15,NBA,"CLE, PHO, DET, CLE, IND, ATL, PHO",C,990,523.0,19.316161616161615,2.4313131313131313,4.161616161616162,0.5842233009708738,0.0,0.0030303030303030303,0.0,2.4313131313131313,4.158585858585859,0.5846490162739859,0.5842233009708738,1.1646464646464647,2.0282828282828285,0.5742031872509961,1.692929292929293,3.408080808080808,5.101010101010101,0.40404040404040403,0.3151515151515151,1.3525252525252525,1.1484848484848484,2.9131313131313132,6.027272727272727,19123.0,2407,4120,0.0,3.0,2407.0,4117.0,1153,2008,1676.0,3374.0,5050.0,400,312.0,1339.0,1137.0,2884.0,5967,0.0,12.211122731788945,0.5952031062071852,0.000567954818804581,0.4945605292056687,10.11368509125137,19.22259582701459,14.779548188045808,2.888448465198975,0.803263086335826,4.276949223448204,18.56741097108194,13.516728546776132,14.2,26.700000000000003,40.9,0.10274444386341057,-2.491361188098102,0.900334675521623,-1.5955341735083404,1.8,6.140689222402343,10.54793180986247,0.0,0.006970663598807719,6.140689222402343,10.540961146263662,2.9409611462636613,5.115379386079589,4.293050253621294,8.601406683051822,12.886037755582281,1.0213983161637816,0.803263086335826,3.4277310045494955,2.9121215290487896,7.412979135072948,15.216749463996234,108.4210113475919,104.5876692987502,0.0,0.0,0.0,7.476331360946745,92.58579881656804,-0.1428402366863902,-4.194437869822486,16.0,12.0,149.0,20.0,50.0,,80.0,7.0,36.0,6.221715976331361,0.5169207100591716,0.4433923076923077,0.028910059171597637,0.011406508875739645,0.0,0.5872153846153846,0.3766236686390532,0.3404733727810651,0.357396449704142,0.6025266272189349,0.0,0.13606213017751478,37.0,0.0,0.0,0.0,0.0,0,0,0,0.0,0.0,0.0,0,0,0,0,0,0,0,0,0,0,0,0.0,0,0.0,0,0.0,0,0.0007333333333333333,0,0.0,,,1984,2000,17,1.0
Charles Jones,jonesch01,81,215.0,1957-04-03,Albany State University,1984,1998,1984-02-12T00:00:00Z,False,15,NBA,"PHI, CHI, WSB, DET, HOU",PF,726,408.0,19.414600550964188,0.9986225895316805,2.0798898071625342,0.48013245033112584,0.0,0.008264462809917356,0.0,0.9986225895316805,2.071625344352617,0.4820478723404255,0.48013245033112584,0.5179063360881543,0.837465564738292,0.618421052631579,1.5316804407713498,2.9490358126721765,4.480716253443526,0.8581267217630854,0.6088154269972452,1.56198347107438,0.6707988980716253,2.8636363636363638,2.515151515151515,14095.0,725,1510,0.0,6.0,725.0,1504.0,376,608,1112.0,2141.0,3253.0,623,442.0,1134.0,487.0,2079.0,1826,0.0,9.199950336998935,0.5105712664065272,0.004305001773678609,0.4246295849592054,8.516651294785385,16.84780418588152,12.622852075203973,5.501993614757005,1.5242071656615817,4.706136927988649,22.154189428875483,6.652373181979425,5.1000000000000005,19.6,24.6,0.08393316778999643,-3.413217452997516,2.54295849592054,-0.8956083717630364,4.199999999999999,2.4960340546293014,5.2075700603050725,0.0,0.006222064561901383,2.4960340546293014,5.190826534231997,1.3066406527137284,2.1013621851720465,3.8522312876906715,7.406136927988649,11.280709471443773,2.1561546647747427,1.5242071656615817,3.904412912380277,1.6612061014544168,7.198474636395885,6.303944661227385,107.2028378857751,104.82426392337709,0.0,0.0,13.95,52.08181818181818,33.96818181818182,-3.0945454545454547,-4.80409090909091,2.0,2.0,18.0,0.0,0.0,,18.0,0.0,1.0,5.006363636363637,0.6,0.25772727272727275,0.05772727272727273,0.08454545454545455,0.0,0.8592318181818183,0.1922318181818182,0.0,0.0,0.5052772727272727,0.0,0.1422727272727273,2.0,0.0,0.0,0.0,0.0,1,0,0,0.0012666666666666666,0.0,0.0,0,0,1,0,0,0,0,0,0,0,0,0.0,0,0.0,0,0.0,0,0.0,0,0.0,,,1984,1998,15,1.0
Charles Barkley,barklch01,78,252.0,1963-02-20,Auburn,1985,1999,1984-10-26T00:00:00Z,True,15,NBA,"PHI, PHO, HOU",PF,1053,994.0,36.761633428300094,7.9097815764482435,14.608736942070275,0.5414418513943964,0.5052231718898386,1.8936372269705604,0.2668004012036108,7.404558404558404,12.715099715099715,0.5823437149899171,0.5587336670350387,5.962013295346629,8.103513770180436,0.7357318645259581,3.9781576448243117,7.737891737891738,11.716049382716049,3.943019943019943,1.5517568850902184,0.8395061728395061,3.164292497625831,3.0759734093067426,22.286799620132953,38710.0,8329,15383,532.0,1994.0,7797.0,13389.0,6278,8533,4189.0,8148.0,12337.0,4152,1634.0,884.0,3332.0,3239.0,23468,20.0,24.71573236889693,0.6127636528028934,0.12626290364246964,0.5596997675019375,12.514484629294756,23.694497545853785,18.185414621544822,17.49910359080341,2.1002789976750194,1.4125884784293463,14.96802634978042,24.800149832084735,122.1,53.39999999999999,175.20000000000002,0.2173442779643502,5.409261172823561,0.7840764660294497,6.1885120123998965,80.00000000000001,10.731170240247998,19.849891500904164,0.6950426246447946,2.5819271506070782,10.059762335313872,17.27021699819168,8.110627744768793,11.021353655386207,5.412642727977268,10.52932833893051,15.962572978558514,5.360609661586154,2.1002789976750194,1.1341513820718163,4.288168431929734,4.170098165848619,30.272379230173083,119.28395763368638,104.39088090932576,0.0,0.0,10.818622360678436,86.46400138456214,2.9814814814814814,5.144859813084112,6.892298373139496,209.0,66.0,159.0,36.0,473.0,,1560.0,104.0,157.0,10.800571131879543,0.4142724125995154,0.1801214953271028,0.15977898926964348,0.08587746625129802,0.15999013499480788,0.6556114572516443,0.41987210107303563,0.3503637937002423,0.4645434406368986,0.36692367601246106,0.5239548286604362,0.065490827275874,120.0,0.28429473866389754,0.3146649359640014,7.0,1.0,0,0,11,0.003733333333333333,0.5103333333333333,0.051533333333333334,0,0,2,5,10,8,14,1,0,1,1,0.16246666666666665,0,0.0,0,0.0,0,0.017857142857142856,0,0.0,,,1985,2000,15,0.8400098650051921
Charles Barkley,barklch01,78,252.0,1963-02-20,Auburn,1986,2000,1984-10-26T00:00:00Z,True,15,NBA,"PHI, PHO, HOU",PF,991,952.0,37.31886982845611,8.080726538849646,14.956609485368315,0.5402779651868843,0.5418768920282543,2.032290615539859,0.2666335650446872,7.538849646821393,12.924318869828456,0.5833073079325422,0.5583929294292268,6.110998990918264,8.317860746720484,0.7346839742812084,4.030272452068617,7.920282542885974,11.950554994954592,4.096871846619576,1.567103935418769,0.8153380423814329,3.1957618567103934,3.0131180625630676,22.814328960645813,36983.0,8008,14822,537.0,2014.0,7471.0,12808.0,6056,8243,3994.0,7849.0,11843.0,4060,1553.0,808.0,3167.0,2986.0,22609,20.0,25.040475353540817,0.6123166860449396,0.13361276802855365,0.5617056755806722,12.499835059351593,23.890014330908798,18.278968715355703,17.997055403834196,2.097896330746559,1.3583349106346159,14.765730200362325,25.062861314658086,119.19999999999999,50.7,169.60000000000002,0.22020168726171485,5.622945677743829,0.7852472757753562,6.403141984154881,78.4,10.826020063272313,20.072898358705356,0.7358813508909499,2.7313549468674796,10.12122326474326,17.343901251926564,8.212181272476544,11.172860503474572,5.419938890841738,10.645648000432633,16.088827299029287,5.501379011978477,2.097896330746559,1.0906037909309683,4.282226969147987,4.043095476299922,30.60635156693616,119.46364545872427,104.34567233593813,0.0,0.0,11.708346358236948,85.83760550171928,2.692560175054705,4.452485151609878,6.117802438261958,231.0,74.0,176.0,42.0,519.0,,1709.0,114.0,175.0,10.761753673022822,0.410757424195061,0.18098186933416693,0.1613508909034073,0.09112222569552986,0.15582416380118785,0.6635953422944671,0.4137794623319787,0.34625851828696463,0.45392810253204124,0.37303610503282275,0.5378166614567053,0.06398968427633636,130.0,0.2791301969365427,0.30035542356986555,7.0,1.0,0,0,11,0.003733333333333333,0.5103333333333333,0.0,0,0,2,5,10,8,14,0,0,0,1,0.16246666666666665,0,0.0,0,0.0,0,0.016666666666666666,0,0.0,,,1985,2000,16,0.8441758361988122
Antoine Carr,carran01,81,225.0,1961-07-23,Wichita State,1985,1999,1984-10-26T00:00:00Z,False,15,NBA,"ATL, SAC, SAS, UTA, HOU",PF,966,168.0,20.247412008281575,3.7629399585921326,7.476190476190476,0.5033231791747438,0.006211180124223602,0.047619047619047616,0.13043478260869565,3.756728778467909,7.428571428571429,0.5057134894091416,0.5037385765715868,1.8975155279503106,2.432712215320911,0.78,1.1832298136645962,2.2867494824016563,3.4699792960662528,1.1169772256728778,0.37060041407867494,0.9513457556935818,1.2194616977225672,3.127329192546584,9.4296066252588,19559.0,3635,7222,6.0,46.0,3629.0,7176.0,1833,2350,1143.0,2209.0,3352.0,1079,358.0,919.0,1178.0,3021.0,9109,0.0,14.22301753668388,0.5510589498440617,0.00644184262999131,0.3247314791144742,6.7699473388210025,12.757850605859197,9.804299810828772,8.74651055779948,0.9320619663581983,3.124377524413313,12.542849838948822,20.993261414182726,21.799999999999997,20.200000000000003,42.0,0.10293777800501046,-1.2949690679482593,0.14427629224397975,-1.1357686998312797,4.200000000000001,9.430517920139067,18.748949332787973,0.009663070709136459,0.10634490515875045,9.412280791451506,18.62982258806688,4.7493890280689195,6.089518891558873,2.9669308246842885,5.72087530037323,8.656444603507337,2.794790122194386,0.9320619663581983,2.3774477222761896,3.0330640625798866,7.831018968249912,23.615373996625596,108.12158085791707,107.60447875658265,0.0,0.0,23.518902891030393,65.67383246849518,10.750926612305411,-0.7646404744255005,-10.067531504818385,51.0,28.0,210.0,22.0,100.0,,283.0,25.0,47.0,11.14810971089696,0.22731949592290585,0.24075833951074868,0.23258784284655298,0.2955018532246108,0.004317272053372869,0.5763921423276502,0.42088880652335064,0.3721860637509266,0.5031853224610823,0.7034603409933283,0.0,0.04875463306152705,40.0,0.056338028169014086,0.0,0.0,0.0,0,0,0,0.0,0.0,0.0,0,0,0,0,0,0,0,0,0,0,0,0.0,0,0.0,0,0.0026666666666666666,0,0.0,0,0.0,,,1985,2000,15,0.995682727946627
Antoine Carr,carran01,81,225.0,1961-07-23,Wichita State,1986,2000,1984-10-26T00:00:00Z,False,15,NBA,"ATL, SAC, SAS, UTA, HOU, VAN",PF,925,153.0,20.09189189189189,3.745945945945946,7.471351351351351,0.5013746201707423,0.004324324324324324,0.043243243243243246,0.1,3.7416216216216216,7.428108108108108,0.503711250181924,0.5016640138908985,1.8843243243243244,2.4172972972972975,0.7795169946332737,1.1589189189189189,2.2486486486486488,3.4075675675675674,1.0875675675675676,0.3589189189189189,0.9156756756756756,1.1664864864864866,3.0745945945945947,9.38054054054054,18585.0,3465,6911,4.0,40.0,3461.0,6871.0,1743,2236,1072.0,2080.0,3152.0,1006,332.0,847.0,1079.0,2844.0,8677,0.0,14.221711057304278,0.5484460048426152,0.005750659133709982,0.3224281409739037,6.706494484799571,12.694909873553943,9.740005380683346,8.657078288942696,0.9120742534301857,3.072806026365348,12.049771320957761,21.091337099811675,21.2,18.800000000000004,40.0,0.10315733118106,-1.2479795534032823,0.05873553941350553,-1.1723486682808717,3.7999999999999994,9.490029593758408,18.942561205273066,0.003739574926015604,0.09905838041431261,9.477266612859834,18.8300511164918,4.765585149313964,6.113543179983857,2.9392574656981436,5.689819747107883,8.602502017756253,2.755716976055959,0.9120742534301857,2.319365079365079,2.940505784234598,7.794506322302934,23.750852838310472,108.25434490180253,107.73613128867366,0.0,0.0,26.053785542994177,63.9571771154505,9.936964713943132,-1.963549160671463,-10.228982528263105,54.0,30.0,229.0,25.0,103.0,,299.0,25.0,51.0,11.220178143199725,0.21957279890373416,0.24024665981500512,0.23746454265159297,0.29917368961973273,0.003990407673860911,0.5706084275436795,0.43444946899623155,0.37989448441247003,0.48575779376498807,0.7150849606029462,0.0,0.04627475162726961,41.0,0.05207262761219596,0.0,0.0,0.0,0,0,0,0.0,0.0,0.0,0,0,0,0,0,0,0,0,0,0,0,0.0,0,0.0,0,0.0026666666666666666,0,0.0,0,0.0,,,1985,2000,16,0.9960095923261391
Michael Jordan,jordami01,78,198.0,1963-02-17,UNC,1985,2003,1984-10-26T00:00:00Z,True,15,NBA,"CHI, WAS",SG,1072,1039.0,38.25652985074627,11.373134328358208,22.88899253731343,0.4968822594449199,0.5419776119402985,1.6585820895522387,0.32677165354330706,10.83115671641791,21.230410447761194,0.510171800166967,0.5087215225985247,6.834888059701493,8.182835820895523,0.8352713178294574,1.5559701492537314,4.667910447761194,6.223880597014926,5.254664179104478,2.345149253731343,0.8330223880597015,2.7276119402985075,2.596082089552239,30.12313432835821,41011.0,12192,24537,581.0,1778.0,11611.0,22759.0,7327,8772,1668.0,5004.0,6672.0,5633,2514.0,893.0,2924.0,2783.0,32292,28.0,27.89634488308015,0.5679324571456439,0.07190083148423593,0.35725373680232136,4.722257443125016,14.087910560581305,9.405388798127332,24.935058886640167,3.1254931603716076,1.4050498646704541,9.350479139742998,33.26423886274414,149.9,64.2,213.9,0.250415498280949,7.168062227207334,2.055414401014362,9.209146326595304,116.1,15.243839457706468,30.73278632561996,0.7307332179171442,2.2324839677159787,14.496247348272414,28.500302357903976,9.110541074345909,10.92478359464534,2.0817414839920994,6.262495428055887,8.357584550486456,7.022006290995098,3.1254931603716076,1.1119821511301846,3.6452049450147523,3.472680500353564,40.34454170832216,117.82721708809831,102.84623637560655,2.754798001927964,54.63552712295154,40.63666637455087,2.0617824905792657,0.0,5.873902374901412,5.357619840504777,356.0,195.0,272.0,47.0,769.0,,2759.0,168.0,225.0,13.777714486022258,0.16963500131452108,0.09442572955919726,0.30088852861274207,0.35719551310139336,0.07831084041714136,0.5980489878187714,0.3844398387520813,0.4433462448514591,0.45824458855490313,0.49147349049163086,0.7849758128121987,0.027478748575935494,179.0,0.06513933923407239,0.4571878888791517,1.0,0.0,6,6,14,0.4904,0.7119333333333332,0.06666666666666667,9,9,11,10,11,8,13,1,0,1,5,0.5409999999999999,1,0.737,0,0.0,0,0.0,1,0.05300000000000001,,,1985,2003,15,0.9216891595828587
John Stockton,stockjo01,73,170.0,1962-03-26,Gonzaga,1985,1999,1984-10-26T00:00:00Z,True,15,NBA,UTA,PG,1176,972.0,32.392857142857146,4.79421768707483,9.240646258503402,0.518818441152112,0.5841836734693877,1.5238095238095237,0.3833705357142857,4.210034013605442,7.716836734693878,0.545564738292011,0.5504279009846323,3.2551020408163267,3.9566326530612246,0.8226950354609929,0.6437074829931972,2.0306122448979593,2.6743197278911564,11.128401360544217,2.296768707482993,0.2032312925170068,2.9523809523809526,2.689625850340136,13.427721088435375,38094.0,5638,10867,687.0,1792.0,4951.0,9075.0,3828,4653,757.0,2388.0,3145.0,13087,2701.0,239.0,3472.0,3163.0,15791,0.0,21.817021053184227,0.6114708878038537,0.1627673911902137,0.42983855725311076,2.406418333595842,6.958082637685725,4.77849267601197,50.97878931065259,3.5560009450307133,0.4124560298209692,21.25158292644511,18.75549167847955,111.80000000000001,54.2,165.9,0.2091997952433454,4.974426418858613,2.081277891531475,7.062180395862864,87.0,7.4925788838137235,14.394321940463067,0.9129127946658269,2.3965558880663624,6.53514464220087,11.985682784690503,5.057820129154198,6.140297684674753,0.9885205019163124,3.155187168582979,4.143849425106316,17.264285714285712,3.5560009450307133,0.3295925867590696,4.587740851577676,4.1530398487950855,20.898070562293277,120.64823856775345,104.13632068042212,100.0,0.0,0.0,0.0,0.0,10.41836469824789,9.710220635950682,370.0,70.0,148.0,40.0,161.0,,3689.0,49.0,98.0,13.010804672290721,0.3529834523036989,0.09606456846203765,0.1311216742375081,0.22739033095392602,0.19290979883192733,0.675093121349773,0.4111421155094095,0.4650665152498378,0.4942216093445814,0.4573880597014925,0.5833101881894874,0.0,0.0,0.03536372485399091,0.4208445814406229,1.0,0.0,0,0,9,0.12993333333333335,0.35679999999999995,0.003,0,5,10,2,8,10,12,0,0,1,0,0.010800000000000002,0,0.0,0,0.0,0,0.013428571428571429,0,0.0015333333333333334,,,1985,2003,15,0.8070902011680727
John Stockton,stockjo01,73,170.0,1962-03-26,Gonzaga,1986,2000,1984-10-26T00:00:00Z,True,15,NBA,UTA,PG,1176,1049.0,33.19387755102041,4.969387755102041,9.573979591836734,0.5190514255262457,0.6190476190476191,1.6173469387755102,0.38275499474237645,4.350340136054422,7.956632653061225,0.5467564390296035,0.5513811173283595,3.322278911564626,4.011054421768708,0.8282806868772525,0.6598639455782312,2.1079931972789114,2.767857142857143,11.373299319727892,2.3256802721088436,0.2066326530612245,2.9770408163265305,2.6802721088435373,13.880102040816327,39036.0,5844,11259,728.0,1902.0,5116.0,9357.0,3907,4717,776.0,2479.0,3255.0,13375,2735.0,243.0,3501.0,3152.0,16323,0.0,22.178435290501078,0.6126181985859208,0.16798429654677738,0.4193820575878676,2.4191182498206785,7.101157905523107,4.862196434060866,51.37499231478635,3.5373629470232606,0.4183855927861462,20.827569423096627,18.92894507633979,119.2,55.0,174.0,0.214165411415104,5.2307818424018855,2.07589404652116,7.30676554974895,91.6,7.626967414694129,14.654454862178502,0.9431371042114973,2.495486217850189,6.634153089455887,12.147176964852957,5.073096628752946,6.122038631007275,0.9964314991290091,3.217955220821805,4.214525053796495,17.328586433036172,3.5373629470232606,0.3288784711548314,4.544425658366636,4.077833282098576,21.21756071318783,121.30561532943949,104.008428117635,100.0,0.0,0.0,0.0,0.0,10.35658445788739,11.093648208469055,497.0,90.0,207.0,59.0,207.0,,5177.0,58.0,139.0,13.318962308050256,0.3371444858073523,0.09180246626337832,0.13448231735691016,0.2513282922289437,0.18557933922754768,0.6524329920893439,0.3763024662633783,0.4613697068403909,0.5145293159609121,0.451902745463006,0.6089683573755236,0.0,0.0,0.04176803164262448,0.42315193113075844,1.0,0.0,0,0,10,0.12993333333333335,0.36233333333333334,0.0,0,5,10,2,8,10,13,0,0,0,0,0.010800000000000002,0,0.0,0,0.0,0,0.012533333333333334,0,0.0015333333333333334,,,1985,2003,16,0.8144206607724523
John Stockton,stockjo01,73,170.0,1962-03-26,Gonzaga,1987,2001,1984-10-26T00:00:00Z,True,15,NBA,UTA,PG,1176,1093.0,33.58673469387755,5.054421768707483,9.731292517006803,0.5193988116043341,0.66921768707483,1.7168367346938775,0.38979692917285785,4.385204081632653,8.014455782312925,0.5471618037135279,0.5537836420831876,3.369047619047619,4.0731292517006805,0.8271398747390397,0.6777210884353742,2.130952380952381,2.808673469387755,11.460884353741497,2.304421768707483,0.21598639455782312,3.006802721088435,2.6522108843537415,14.147108843537415,39498.0,5944,11444,787.0,2019.0,5157.0,9425.0,3962,4790,797.0,2506.0,3303.0,13478,2710.0,254.0,3536.0,3119.0,16637,0.0,22.43950326598815,0.6147431262342397,0.17677112765203304,0.41883429540736233,2.473732847232771,7.155321788444986,4.9184262494303495,51.68173325231656,3.4858170033925764,0.441275507620639,20.70967137576586,19.108699174641753,124.50000000000001,54.70000000000001,178.9,0.21761615778014076,5.478879943288268,2.031356018026229,7.510324573396122,94.8,7.711324624031596,14.81431464884298,1.017066686920857,2.622692288217125,6.6561294242746465,12.179968606005367,5.122401134234645,6.186637298091043,1.018408527014026,3.245528887538609,4.264074130335713,17.375563319661754,3.4858170033925764,0.34557699124006275,4.568400931692744,4.021644133880197,21.510124563269027,121.63327257076308,103.99663274089828,100.0,0.0,0.0,0.0,0.0,10.758537250977895,12.708587282816337,646.0,125.0,272.0,73.0,265.0,,6678.0,73.0,175.0,13.009560629491496,0.34038369871736557,0.08857482034021649,0.13263276630583096,0.2495123260256527,0.18937787683071047,0.6444888565450742,0.35966487764941324,0.451258892022196,0.5085266078413536,0.4447283726007459,0.6477877740380243,0.0,0.0,0.05577367415628127,0.48657072682616204,2.0,0.0,0,0,10,0.13106666666666666,0.3658,0.0,0,5,11,2,8,10,14,0,0,0,0,0.010866666666666669,0,0.0,0,0.0,0,0.012533333333333334,0,0.0015333333333333334,,,1985,2003,17,0.8106221231692895
John Stockton,stockjo01,73,170.0,1962-03-26,Gonzaga,1988,2002,1984-10-26T00:00:00Z,True,15,NBA,UTA,PG,1176,1173.0,34.18877551020408,5.198979591836735,9.996598639455783,0.5200748553929908,0.6845238095238095,1.75,0.391156462585034,4.514455782312925,8.246598639455783,0.547432460301093,0.5543126913916298,3.4506802721088436,4.151360544217687,0.8312167144612863,0.7006802721088435,2.203231292517007,2.9039115646258504,11.464285714285714,2.2831632653061225,0.22448979591836735,3.04421768707483,2.639455782312925,14.533163265306122,40206.0,6114,11756,805.0,2058.0,5309.0,9698.0,4058,4882,824.0,2591.0,3415.0,13482,2685.0,264.0,3580.0,3104.0,17091,0.0,22.56401780828732,0.6157026314480426,0.1762224543600458,0.4150059941302293,2.52569019549321,7.332385713575087,5.033417897826195,51.52688902153906,3.4253295528030647,0.45969507038750435,20.485912550365615,19.3195841416704,129.10000000000002,54.00000000000001,182.89999999999998,0.2185074615728996,5.570128836492066,1.9075685221111276,7.471402278266925,96.19999999999999,7.8372208128140075,15.044908720091527,1.0218251007312344,2.6324105854847537,6.777938616126946,12.394667462567776,5.188026662687162,6.24188927025817,1.0400910311893747,3.317790876983535,4.3643983485051985,17.186728349002635,3.4253295528030647,0.3529174750037308,4.572916977565537,3.966470178580311,21.837837636173706,121.78935979704522,104.15293737253147,100.0,0.0,0.0,0.0,0.0,9.422730289844383,11.609329596577918,799.0,159.0,353.0,89.0,358.0,,8096.0,94.0,227.0,12.64818201932296,0.34598849472674975,0.08354561545836714,0.13686569806032892,0.26133793052585,0.1726526292499447,0.6432608599454237,0.35083368980013274,0.45575182535585224,0.5069129729331072,0.4370206504904491,0.6614537207758685,0.0,0.0,0.06471111438896673,0.4891121764141898,3.0,0.0,0,0,10,0.13219999999999998,0.3669333333333333,0.0,0,5,12,2,8,10,15,0,0,0,0,0.010866666666666669,0,0.0,0,0.0,0,0.012533333333333334,0,0.0015333333333333334,,,1985,2003,18,0.8273473707500554
John Stockton,stockjo01,73,170.0,1962-03-26,Gonzaga,1989,2003,1984-10-26T00:00:00Z,True,15,NBA,UTA,PG,1176,1176.0,33.70663265306123,5.075680272108843,9.868197278911564,0.5143472641102973,0.6887755102040817,1.7610544217687074,0.3911154031868663,4.386904761904762,8.107142857142858,0.5411160058737151,0.5492460146488582,3.420918367346939,4.119897959183674,0.8303405572755418,0.6981292517006803,2.175170068027211,2.873299319727891,11.039965986394558,2.193877551020408,0.22448979591836735,2.9761904761904763,2.5858843537414966,14.261054421768707,39639.0,5969,11605,810.0,2071.0,5159.0,9534.0,4023,4845,821.0,2558.0,3379.0,12983,2580.0,264.0,3500.0,3041.0,16771,0.0,22.428656121496505,0.6113808370544161,0.17982302782613085,0.4172585332626958,2.571954388354903,7.4059940967229245,5.092701632230884,50.99796917177527,3.371195035192613,0.4734579580715962,20.31072428668735,19.46468881656954,126.40000000000002,51.600000000000016,177.79999999999998,0.21547377582683722,5.500812331289891,1.7613865132823736,7.2558137188122815,92.59999999999998,7.823396150256061,15.180345114659806,1.0479376371755094,2.7002447084941603,6.737465627286259,12.469184389111733,5.261000529781277,6.3342818940942,1.0593127980019676,3.3510330734882308,4.416955523600495,16.939819369812557,3.371195035192613,0.35941370872120887,4.5696511011882235,3.976038749716188,21.915779913721337,121.28429072378214,104.24112616362673,100.0,0.0,0.0,0.0,0.0,8.887855248200076,10.832127068333964,929.0,192.0,412.0,104.0,421.0,,9409.0,110.0,263.0,12.61252368321334,0.3402430213464696,0.08145572817986611,0.13918384489074143,0.27364569912845776,0.16580598711633196,0.6351774030567133,0.3558863205759757,0.4606725401035746,0.4987358216496148,0.4460694076038903,0.6556414045724391,0.0,0.0,0.06805721864342554,0.4804753694581281,4.0,0.0,0,0,10,0.13219999999999998,0.3454,0.0,0,5,12,2,7,10,15,0,0,0,0,0.009600000000000001,0,0.0,0,0.0,0,0.0,0,0.0006666666666666666,,,1985,2003,19,0.8341940128836681
Kevin Willis,willike02,84,220.0,1962-09-06,Michigan State,1985,2000,1984-10-26T00:00:00Z,False,15,NBA,"ATL, MIA, GSW, HOU, TOR",PF,1141,853.0,29.857142857142858,5.638036809815951,11.470639789658195,0.49151894865525675,0.03418054338299737,0.15600350569675722,0.21910112359550563,5.603856266432953,11.314636283961438,0.49527498063516656,0.4930088630806846,2.411042944785276,3.3803680981595092,0.7132486388384754,3.2418930762489047,6.102541630148992,9.344434706397896,1.0683610867659947,0.7230499561787905,0.5591586327782647,2.0008764241893076,3.1665205959684486,13.721297107800176,34067.0,6433,13088,39.0,178.0,6394.0,12910.0,2751,3857,3699.0,6963.0,10662.0,1219,825.0,638.0,2283.0,3613.0,15656,0.0,15.965353567969,0.5289386209528283,0.013118942084715415,0.2957430944902692,12.027398949129656,23.074767370182283,17.517521354976953,5.72812105556697,1.2111045880177296,1.2300642850852732,13.432800070449407,21.403117386326947,33.1,41.30000000000001,74.60000000000001,0.1048027710100684,-0.5800217219009598,-1.3668065870196964,-1.9352922182757508,0.2999999999999996,9.491055860510171,19.352385006017553,0.058960284145947686,0.25284586256494557,9.45329204215223,19.087818123110342,4.082161622684709,5.7045381160654,5.452602225027152,10.271928846097397,15.735553468165673,1.8146388000117417,1.2111045880177296,0.9406023424428334,3.361610943141457,5.342730501658497,23.14432735491825,105.96207473508088,105.68271347638478,0.0,0.0,0.22729118722079328,38.53309868688236,61.239610125896846,-1.0026668471639368,-3.7582780560444027,120.0,104.0,241.0,94.0,353.0,,644.0,68.0,170.0,8.714823338297009,0.3009779342087451,0.3648064166779477,0.23539623663192094,0.08935007445512387,0.009242046839041559,0.6497682415053472,0.40932042777852984,0.34231135779071337,0.406293894679843,0.6288570461621769,0.22729118722079328,0.06891471503993503,180.0,0.2793982672262082,0.3158267226208204,4.0,0.0,0,0,1,0.017666666666666667,0.015933333333333334,0.003,0,0,4,0,0,1,4,0,0,1,0,6.666666666666667e-05,0,0.0,0,0.0,0,0.020857142857142855,0,0.0,,,1985,2007,15,0.9907579531609584
Kevin Willis,willike02,84,220.0,1962-09-06,Michigan State,1986,2001,1984-10-26T00:00:00Z,False,15,NBA,"ATL, MIA, GSW, HOU, TOR, DEN",PF,1137,856.0,30.001759014951627,5.642040457343888,11.51099384344767,0.4901436430317848,0.03342128408091469,0.15391380826737028,0.21714285714285714,5.608619173262973,11.3570800351803,0.49384341361418727,0.4915953545232274,2.4142480211081794,3.36235708003518,0.7180224954224431,3.253298153034301,6.132805628847845,9.386103781882145,1.0844327176781003,0.7484608619173263,0.5637642919964819,1.9929639401934915,3.1688654353562007,13.731750219876869,34112.0,6415,13088,38.0,175.0,6377.0,12913.0,2745,3823,3699.0,6973.0,10672.0,1233,851.0,641.0,2266.0,3603.0,15613,0.0,16.05250938086304,0.527877198639775,0.012904197936210131,0.29306988742964357,11.99922021575985,23.120180581613504,17.515519465290808,5.815589821763602,1.2534797138836775,1.2572437851782365,13.344943128517823,21.417624296435275,33.800000000000004,41.1,75.0,0.10524231941838649,-0.55546728424015,-1.3453916510318948,-1.8841053001876173,0.6999999999999992,9.490012312382738,19.410403963414634,0.05364974202626642,0.25277614915572233,9.45216639305816,19.151155018761727,4.0809978893058165,5.665924015009381,5.4678353658536585,10.313564141651034,15.792407363977482,1.8350228658536585,1.2534797138836775,0.9518058161350845,3.344776031894934,5.3490941604127595,23.14097091932458,105.90188203564728,105.52219160412758,0.0,0.0,0.18216339372897905,30.88249972876207,68.93533687750895,-2.193414343061734,-4.739437995009222,140.0,136.0,319.0,115.0,420.0,,757.0,85.0,213.0,8.831007920147554,0.2999895844634914,0.3398280351524357,0.23432483454486275,0.11648139307800802,0.009193989367473147,0.6404825865248996,0.40151350764890964,0.34800737767169354,0.4020660735597266,0.6370258218509277,0.18216339372897905,0.06357090159487903,209.0,0.25708202235000543,0.25312053813605295,7.0,0.0,0,0,1,0.017666666666666667,0.015933333333333334,0.0,0,0,4,0,0,1,4,0,0,0,0,6.666666666666667e-05,0,0.0,0,0.0,0,0.019466666666666667,0,0.0,,,1985,2007,16,0.9908060106325268
Kevin Willis,willike02,84,220.0,1962-09-06,Michigan State,1987,2002,1984-10-26T00:00:00Z,False,15,NBA,"ATL, MIA, GSW, HOU, TOR, DEN, HOU",PF,1107,802.0,29.51851851851852,5.529358626919603,11.346883468834688,0.48730196640394874,0.03432700993676603,0.15356820234869015,0.2235294117647059,5.495031616982836,11.193315266485998,0.4909208296344121,0.4888145848260489,2.3830171635049684,3.294489611562782,0.7233342473265698,3.21680216802168,6.057813911472448,9.274616079494129,1.085817524841915,0.7317073170731707,0.5600722673893406,1.924119241192412,3.077687443541102,13.47606142728094,32677.0,6121,12561,38.0,170.0,6083.0,12391.0,2638,3647,3561.0,6706.0,10267.0,1202,810.0,620.0,2130.0,3407.0,14918,0.0,16.191195642194817,0.5256428680723445,0.013084065244667502,0.2912351195030144,12.065302812375677,23.272610704777055,17.619316338709183,5.950665605777763,1.2523395660556353,1.2826789484958838,13.103932429537593,21.49479756403587,33.2,38.7,72.0,0.10543703522355173,-0.5307127337270863,-1.399302261529516,-1.9125256296477644,0.49999999999999917,9.503528475686263,19.547118768552803,0.056005753282125044,0.25948526486519574,9.46402056492334,19.280876457447135,4.115356366863543,5.67321051504116,5.523695565688404,10.413725250175965,15.948912078832205,1.8760840958472318,1.2523395660556353,0.9673164611194418,3.30005814487254,5.318765492548276,23.196186920463937,105.98540257673594,105.58903816139792,0.0,0.0,0.16653441777425115,28.23289029954374,71.600575282682,-2.6143820670501885,-4.49582424122198,153.0,147.0,353.0,125.0,460.0,,793.0,91.0,230.0,8.519480261852808,0.31594862130529655,0.3351239833366395,0.22657528268200752,0.11343721483832572,0.008748363419956356,0.6377814917675064,0.3956352906169411,0.3370247966673279,0.3861880579250149,0.6393401110890696,0.16653441777425115,0.06352192025391787,227.0,0.23502529260067448,0.23140368974409842,7.0,0.0,0,0,1,0.017666666666666667,0.015933333333333334,0.0,0,0,4,0,0,1,4,0,0,0,0,6.666666666666667e-05,0,0.0,0,0.0,0,0.0126,0,0.0,,,1985,2007,17,0.9912516365800436
Kevin Willis,willike02,84,220.0,1962-09-06,Michigan State,1988,2003,1984-10-26T00:00:00Z,False,15,NBA,"ATL, MIA, GSW, HOU, TOR, DEN, HOU, SAS",PF,1097,727.0,28.159525979945304,5.201458523245214,10.77028258887876,0.482945408379179,0.03372835004557885,0.15314494074749316,0.22023809523809523,5.167730173199636,10.617137648131267,0.4867347814887954,0.4845112145577656,2.244302643573382,3.1084776663628078,0.7219941348973608,3.0291704649042845,5.76207839562443,8.791248860528714,1.0610756608933456,0.6973564266180492,0.5278030993618961,1.8386508659981768,2.9298085688240656,12.680948040109389,30891.0,5706,11815,37.0,168.0,5669.0,11647.0,2462,3410,3323.0,6321.0,9644.0,1164,765.0,579.0,2017.0,3214.0,13911,0.0,15.9880644848014,0.5213379948852417,0.013718040853322972,0.28973862937425143,11.958567220225955,23.293176005956422,17.574549221456092,6.130423100579456,1.2580848790909973,1.2840536078469456,13.210210093554757,21.5166197274287,29.000000000000004,35.8,65.0,0.10074617202421418,-0.7136997831083488,-1.4540157327376906,-2.149214981709883,-1.4,9.40650027516105,19.522333365705222,0.059243792690427635,0.26870609562655795,9.364708167427407,19.24647955715257,4.0747693502962035,5.635282121006118,5.47712278657214,10.421672979184875,15.908232171182544,1.9233304198633905,1.2580848790909973,0.9650836813311321,3.32215855750866,5.331387782849373,22.968528050241172,105.1719594703959,105.54494836683824,0.0,0.0,0.15372642373191722,26.44607214795825,73.40020142830983,-2.9439846182017946,-5.411362387841055,164.0,161.0,392.0,147.0,497.0,,852.0,97.0,247.0,8.441073063541477,0.3206440212415308,0.3291155466031862,0.22653103827137888,0.11486485991576635,0.008690807544405786,0.6450277421717634,0.38851080388207293,0.34294488188976374,0.37456033693462737,0.6339303241164622,0.15372642373191722,0.06525068668741989,249.0,0.2554042299945065,0.21360666544588905,7.0,0.0,1,0,1,0.006066666666666666,0.015533333333333333,0.0,0,0,3,0,0,1,3,0,0,0,0,6.666666666666667e-05,0,0.0,0,0.0,0,0.008333333333333333,0,0.0,,,1985,2007,18,0.9913091924555942
Kevin Willis,willike02,84,220.0,1962-09-06,Michigan State,1990,2004,1984-10-26T00:00:00Z,False,15,NBA,"ATL, MIA, GSW, HOU, TOR, DEN, HOU, SAS",PF,1070,672.0,27.26448598130841,5.065420560747664,10.540186915887851,0.4805816634154992,0.03457943925233645,0.1560747663551402,0.2215568862275449,5.030841121495327,10.38411214953271,0.4844748447484475,0.4822220251817698,2.174766355140187,2.994392523364486,0.7262796504369539,2.9205607476635516,5.672897196261682,8.593457943925234,1.0719626168224299,0.6710280373831776,0.5112149532710281,1.785981308411215,2.836448598130841,12.34018691588785,29173.0,5420,11278,37.0,167.0,5383.0,11111.0,2327,3204,3125.0,6070.0,9195.0,1147,718.0,547.0,1911.0,3035.0,13204,0.0,16.116648956226648,0.5190390772289446,0.014400370205326845,0.28453738045452986,11.917228259006615,23.699348712850924,17.758166798066707,6.425581873650292,1.2558495869468345,1.296675007712611,13.133208788948684,21.75203784321119,27.200000000000003,34.3,61.7,0.10128913721591883,-0.7203578651492819,-1.4487882631200082,-2.1495560963904983,-1.3000000000000003,9.480341411579198,19.77269392931821,0.06273266376443971,0.28580879580433954,9.43608816371302,19.486484077743118,4.087114797929592,5.6230247146333925,5.466050800397627,10.61751962431015,16.093562540705445,2.006879648990505,1.2558495869468345,0.9668631954204231,3.34008501011209,5.34931614849347,23.140479210228637,104.88530490522058,105.2546875535598,0.0,0.0,0.14864984506418769,25.60575475874281,74.24559539619301,-2.919415670650731,-5.612430278884462,172.0,172.0,418.0,157.0,513.0,,876.0,98.0,254.0,8.44962372731297,0.3203915891987605,0.3259414785303231,0.22786746347941567,0.11701584772023019,0.008634971226206286,0.6483291722000885,0.38793253652058435,0.34235227976980964,0.37318787073926507,0.6313898185037627,0.14864984506418769,0.06573776007082781,261.0,0.24696989818503765,0.20655263390880924,7.0,0.0,1,0,1,0.006066666666666666,0.015533333333333333,0.0,0,0,3,0,0,1,3,0,0,0,0,6.666666666666667e-05,0,0.0,0,0.0,0,0.008333333333333333,0,0.0,,,1985,2007,19,0.9913650287737937
Kevin Willis,willike02,84,220.0,1962-09-06,Michigan State,1991,2005,1984-10-26T00:00:00Z,False,15,NBA,"ATL, MIA, GSW, HOU, TOR, DEN, HOU, SAS, ATL",PF,1018,626.0,26.762278978389,4.947937131630648,10.3762278978389,0.4768531667140017,0.0343811394891945,0.15913555992141454,0.21604938271604937,4.913555992141454,10.217092337917485,0.48091529660609555,0.4785098930228155,2.137524557956778,2.9282907662082516,0.7299563904729957,2.849705304518664,5.6237721021611,8.473477406679764,1.0795677799607073,0.6512770137524558,0.49803536345776034,1.7504911591355599,2.7789783889980355,12.06777996070727,27244.0,5037,10563,35.0,162.0,5002.0,10401.0,2176,2981,2901.0,5725.0,8626.0,1099,663.0,507.0,1782.0,2829.0,12285,0.0,16.048924533842314,0.5152987813830568,0.014946887388048741,0.282386397004845,11.835560123329905,23.88750183526648,17.810138012039346,6.623616209073557,1.2431177506974012,1.3002275730436061,13.092581852885038,21.854672588459845,24.099999999999998,32.699999999999996,57.0,0.10033511965937456,-0.8319703420936722,-1.4251835266480692,-2.243257230949934,-1.7999999999999998,9.450946997504039,19.868943620613717,0.06717442372632505,0.29314711496109236,9.403560416972544,19.567023931874903,4.10063500220232,5.614825282631037,5.441414623403319,10.742691968873881,16.194806195859638,2.0581926295698136,1.2431177506974012,0.9657796212009986,3.3386397004845105,5.3547900455146085,23.094692409337835,104.23770371457935,104.84789311408016,0.0,0.0,0.14425637941403902,25.203625741043044,74.65211787954291,-3.3237563364550224,-5.63866311538792,178.0,178.0,443.0,158.0,523.0,,898.0,99.0,259.0,8.397912191769052,0.3243996047770427,0.3231945184294183,0.22736893203883493,0.11586270298135579,0.009029985393934186,0.6450387490334221,0.3877276398316007,0.3369035999656328,0.37061096314116326,0.6279202680642667,0.14425637941403902,0.06610018042787182,268.0,0.23967050433886072,0.20044780479422633,8.0,0.0,1,0,1,0.006066666666666666,0.015533333333333333,0.0,0,0,3,0,0,1,3,0,0,0,0,6.666666666666667e-05,0,0.0,0,0.0,0,0.008333333333333333,0,0.0,,,1985,2007,20,0.9909700146060659
Kevin Willis,willike02,84,220.0,1962-09-06,Michigan State,1992,2007,1984-10-26T00:00:00Z,False,15,NBA,"ATL, MIA, GSW, HOU, TOR, DEN, HOU, SAS, ATL, DAL",PF,943,546.0,26.419936373276776,4.8759278897136795,10.28101802757158,0.47426508509541,0.032873806998939555,0.16118769883351008,0.20394736842105263,4.84305408271474,10.11983032873807,0.47857068007963954,0.47586384734399173,2.141039236479321,2.9109225874867444,0.7355191256830601,2.8038176033934255,5.605514316012726,8.409331919406151,1.061505832449629,0.6415694591728526,0.49628844114528103,1.7295864262990457,2.7624602332979853,11.92576882290562,24914.0,4598,9695,31.0,152.0,4567.0,9543.0,2019,2745,2644.0,5286.0,7930.0,1001,605.0,468.0,1631.0,2605.0,11246,0.0,16.103431805410615,0.5134690134061171,0.015297021754836637,0.2833445853736854,11.856931845548687,24.13055711648069,17.952091193706348,6.649221321345427,1.2493939150678333,1.3296861202536727,13.06245083085815,22.04234165529421,21.799999999999997,30.800000000000004,52.6,0.10132443606004654,-0.8965641807818898,-1.4149072810468013,-2.2962751866420485,-2.0000000000000004,9.47876294452918,20.031098980492896,0.06393192582483745,0.3015132054266677,9.436469454924943,19.7199927751465,4.174131010676727,5.677534719434855,5.449807337240106,10.893557838966045,16.355065425062215,2.0622541542907604,1.2493939150678333,0.9819739905274144,3.359922132134543,5.42203580316288,23.223087420727296,103.85478044472987,104.44404752348078,0.0,0.0,0.14372538948810135,25.28753638075672,74.56873822975518,-3.275449409347715,-5.612018489984591,179.0,178.0,447.0,159.0,524.0,0.0,900.0,99.0,259.0,8.396447526108544,0.3246226673514809,0.3228551617873652,0.22709887005649715,0.11628650915939052,0.008996747132340352,0.6448729669577127,0.3875261941448383,0.33566349940078755,0.370472521828454,0.6292898476288307,0.14372538948810135,0.06585687382297552,268.0,0.23878830679678137,0.1997099811676083,8.0,0.0,1,0,1,0.006066666666666666,0.015533333333333333,0.0,0,0,3,0,0,1,3,0,0,0,0,6.666666666666667e-05,0,0.0,0,0.0,0,0.008333333333333333,0,0.0,,,1985,2007,21,0.9910032528676598
Michael Cage,cagemi01,81,224.0,1962-01-28,San Diego State,1985,2000,1984-10-27T00:00:00Z,False,15,NBA,"LAC, SEA, CLE, PHI, NJN",C,1140,733.0,26.066666666666666,2.9096491228070174,5.6535087719298245,0.5146625290923196,0.0,0.021929824561403508,0.0,2.9096491228070174,5.631578947368421,0.5166666666666667,0.5146625290923196,1.4421052631578948,2.1719298245614036,0.6639741518578353,2.8307017543859647,4.753508771929824,7.58421052631579,0.9271929824561403,0.9210526315789473,0.6359649122807017,1.018421052631579,2.2640350877192983,7.26140350877193,29716.0,3317,6445,0.0,25.0,3317.0,6420.0,1644,2476,3227.0,5419.0,8646.0,1057,1050.0,725.0,1161.0,2581.0,8278,0.0,13.86241755283349,0.5463376632117379,0.003995187777628213,0.36192603311347427,12.214315520258447,21.708456723650556,16.83449656750572,4.971702113339615,1.77362700228833,1.6418326827298422,13.166937003634406,12.268851797011713,37.4,36.9,74.4,0.12016650962444474,-0.1619363305963118,-0.00998452012383905,-0.154018037420918,13.499999999999998,5.560842643693632,10.773058285098937,0.0,0.036155606407322655,5.560842643693632,10.733978328173375,2.708200969174855,4.0778738726611925,5.442398034728766,9.16640193834971,14.634567236505585,1.7792872526585006,1.77362700228833,1.24985193161933,1.9276214833759593,4.36549333692287,13.818458069726747,116.10519585408534,106.01611926235024,0.0,0.0,0.0,12.971003717472119,87.02899628252788,-5.254609665427508,-3.314089219330855,22.0,8.0,171.0,4.0,24.0,,194.0,2.0,10.0,8.677249070631971,0.5071297397769517,0.24288252788104087,0.1320182156133829,0.11314832713754645,0.005357620817843867,0.6253349442379181,0.38386617100371745,0.2343907063197026,0.27144237918215613,0.6107780669144982,0.0,0.09139739776951675,20.0,0.0,0.0,0.0,0.0,0,0,0,0.0,0.0,0.0,0,0,0,0,0,0,0,0,0,0,0,0.0,0,0.0,0,0.0,0,0.0018571428571428571,0,0.0,,,1985,2000,15,0.994642379182156
Jerome Kersey,kerseje01,79,215.0,1962-06-26,Longwood University,1985,1999,1984-10-27T00:00:00Z,False,15,NBA,"POR, GSW, LAL, SEA, SAS",SF,1059,551.0,25.08215297450425,4.291784702549575,9.200188857412654,0.4664887611618598,0.05476864966949953,0.26251180358829085,0.20863309352517986,4.237016052880075,8.937677053824363,0.4740623349181194,0.46946525710766707,2.156751652502361,3.1227573182247403,0.6906561838524342,2.137865911237016,3.5930122757318226,5.730878186968838,1.9357884796978282,1.2823418319169027,0.7025495750708215,1.440982058545798,3.076487252124646,10.79508970727101,26562.0,4545,9743,58.0,278.0,4487.0,9465.0,2284,3307,2264.0,3805.0,6069.0,2050,1358.0,744.0,1526.0,3258.0,11432,1.0,15.143742941043595,0.5066274753407123,0.031337888713199306,0.33629941269482727,9.377140275581658,15.957747910548905,12.643102928996308,10.968405993524584,2.4698742564565923,1.7509449589639334,12.01726526616972,19.438852496046987,26.600000000000005,40.3,67.0,0.12096073337851065,-0.4058768165047813,1.191709961599277,0.7770423913861909,18.599999999999998,8.198546796174986,17.616681725773663,0.09226338378134176,0.5151795798509148,8.07817558918756,17.09205632106016,4.091698667269031,5.932418492583389,4.099646110985618,6.8995670506738955,10.992572095474738,3.697040885475492,2.4698742564565923,1.3350237180935172,2.7643287403056997,5.91241999849409,20.554788796024397,107.33084858067916,103.50602364279798,0.0,0.8843494657448145,81.96637335009429,17.149277184160905,0.0,6.129509742300439,-0.36841609050911384,78.0,21.0,199.0,11.0,80.0,,389.0,17.0,37.0,14.360716530483971,0.2377369578881207,0.10396040226272785,0.1339943431803897,0.4189927718416091,0.10554085480829667,0.4458324952859837,0.4008170961659334,0.33948868636077945,0.4467049025769956,0.7507325581395349,0.9345103708359522,0.01753299811439346,14.0,0.17932149591451918,0.13775047140163418,1.0,0.0,1,0,0,0.0062,0.00013333333333333334,0.0,0,0,2,0,0,0,1,0,0,0,0,0.0,0,0.0,0,0.0,0,0.0045,0,0.0,,,1985,2001,15,0.8944591451917034
Jerome Kersey,kerseje01,79,215.0,1962-06-26,Longwood University,1986,2000,1984-10-27T00:00:00Z,False,15,NBA,"POR, GSW, LAL, SEA, SAS",SF,1054,569.0,25.535104364326376,4.281783681214422,9.226755218216319,0.4640616966580977,0.05502846299810247,0.269449715370019,0.20422535211267606,4.226755218216319,8.9573055028463,0.4718779790276454,0.46704370179948584,2.0834914611005693,3.004743833017078,0.6934006946637196,2.1129032258064515,3.663187855787476,5.776091081593928,1.950664136622391,1.3055028462998102,0.7229601518026565,1.4335863377609108,3.1043643263757117,10.702087286527513,26914.0,4513,9725,58.0,284.0,4455.0,9441.0,2196,3167,2227.0,3861.0,6088.0,2056,1376.0,762.0,1511.0,3272.0,11280,1.0,14.887816749647023,0.5023280448837036,0.03186010997993609,0.3202124916400386,9.117366426395185,15.966430110723044,12.52761016571301,10.915709296277031,2.4835624582001934,1.7892175076168537,11.99343092814149,19.148123653117338,25.100000000000005,41.699999999999996,66.89999999999998,0.11917555918852642,-0.5242884743999405,1.3101582819350523,0.7771940254142826,18.899999999999995,8.072378687671844,17.441602883257787,0.09105669911570186,0.5243516385524263,7.953581778999777,16.907928958906144,3.893702162443338,5.624340491937282,3.9942409155086573,6.943230289068886,10.935784350152339,3.678189789700528,2.4835624582001934,1.3602102994723937,2.716485843798766,5.898747863565432,20.103592925614922,106.51214981050754,103.05190607118972,0.0,0.6264470169189671,86.05899376669635,13.606188780053428,0.0,6.15006678539626,-0.8442341941228851,103.0,30.0,263.0,17.0,98.0,,538.0,20.0,49.0,14.401335707925199,0.2176912288512912,0.09930587711487088,0.11970614425645593,0.48140360641139807,0.08205276046304542,0.4712531166518255,0.3498352626892253,0.36675934995547643,0.43891696349065,0.7694748441674086,0.661979519145147,0.019710596616206586,22.0,0.15939692787177204,0.09757836153161176,2.0,0.0,1,0,0,0.0062,0.00013333333333333334,0.0,0,0,2,0,0,0,1,0,0,0,0,0.0,0,0.0,0,0.0,0,0.0042,0,0.0,,,1985,2001,16,0.9179472395369546
Jerome Kersey,kerseje01,79,215.0,1962-06-26,Longwood University,1987,2001,1984-10-27T00:00:00Z,False,15,NBA,"POR, GSW, LAL, SEA, SAS, MIL",SF,997,569.0,26.018054162487463,4.299899699097292,9.352056168505516,0.4597812097812098,0.058174523570712136,0.279839518555667,0.2078853046594982,4.24172517552658,9.07221664994985,0.46755113322277503,0.4628914628914629,2.054162487462387,2.962888665997994,0.6932972241029113,2.104312938816449,3.753259779338014,5.857572718154463,1.9939819458375125,1.3089267803410232,0.7402206619859579,1.4082246740220663,3.1093279839518555,10.712136409227684,25940.0,4287,9324,58.0,279.0,4229.0,9045.0,2048,2954,2098.0,3742.0,5840.0,1988,1305.0,738.0,1404.0,3100.0,10680,1.0,14.69972629144179,0.4979870084811103,0.032577640709329225,0.31156114109483424,8.899471858134154,16.041156515034693,12.458303777949112,10.95385505011565,2.4547879722436394,1.8085080956052428,11.73803392444102,18.96889360061681,23.3,40.4,63.800000000000004,0.11788754818812645,-0.5955435620663069,1.356503469545104,0.7519583654587509,18.099999999999998,7.9850346954510405,17.40473400154202,0.09447571318427139,0.5365304548959137,7.861777178103315,16.858531225905935,3.7790246723207406,5.463897455666924,3.9161796453353896,7.001137239784119,10.915566692367001,3.700836545875097,2.4547879722436394,1.3709097918272939,2.6289244410177326,5.821730917501928,19.811044718581343,106.25932922127987,102.9319198149576,0.0,1.1074973600844773,85.9533262935586,13.215839493136219,0.0,5.91142555438226,-0.9497360084477297,107.0,31.0,279.0,17.0,103.0,,572.0,20.0,50.0,14.47311510031679,0.2117026399155227,0.09492798310454065,0.13214065469904965,0.48271721224920805,0.07856029567053854,0.47637212249208033,0.3318817317845829,0.3766764519535375,0.4369197465681097,0.7717085533262935,0.6280067581837382,0.018699049630411826,22.0,0.1512166842661035,0.09257064413938754,3.0,0.0,1,0,0,0.0062,0.00013333333333333334,0.0,0,0,2,0,0,0,1,0,0,0,0,0.0,0,0.0,0,0.0,0,0.0042,0,0.0,,,1985,2001,17,0.9214397043294614
Hakeem Olajuwon,olajuha01,84,255.0,1963-01-21,Houston,1985,1999,1984-10-27T00:00:00Z,True,15,NBA,HOU,C,1075,1066.0,37.44186046511628,9.375813953488372,18.217674418604652,0.5146548202614379,0.023255813953488372,0.11069767441860465,0.21008403361344538,9.352558139534883,18.106976744186046,0.5165168250706396,0.5152930964052288,4.822325581395349,6.7227906976744185,0.7173100871731009,3.485581395348837,8.306976744186047,11.792558139534883,2.65953488372093,1.8390697674418606,3.332093023255814,3.1767441860465118,3.7274418604651163,23.59720930232558,40250.0,10079,19584,25.0,119.0,10054.0,19465.0,5184,7227,3747.0,8930.0,12677.0,2859,1977.0,3582.0,3415.0,4007.0,25367,14.0,24.19593043478261,0.5569169689440995,0.005929142857142856,0.369875751552795,10.49912298136646,23.934949068322982,17.439741614906836,12.418561490683231,2.4199552795031054,5.490047204968945,13.069393788819875,27.69825093167702,66.69999999999999,87.3,153.89999999999998,0.1837733664596273,2.443418633540373,2.556345341614907,5.004742857142857,71.19999999999997,12.391038509316772,24.077808695652173,0.033696894409937894,0.15942111801242237,12.364290683229815,23.92946335403727,6.373875776397515,8.849413664596273,4.550052173913042,10.989045962732922,15.52945838509317,3.5396422360248443,2.4199552795031054,4.385383850931676,4.208919254658384,4.911227329192547,31.183565217391298,108.98290683229814,97.92042236024845,0.0,0.0,0.0,0.0,100.0,4.329191258573935,4.097415855798372,221.0,148.0,313.0,30.0,386.0,,1162.0,87.0,160.0,9.637470090923593,0.26301643005263997,0.3033791673313128,0.28418806827245174,0.1375563885787207,0.01142909554952943,0.6335032700590205,0.49286377412665505,0.4337478066677301,0.4519060456213112,0.7058744616366246,0.6683681607911948,0.04455495294305312,106.0,0.17947104801403732,0.22746849577285053,1.0,0.0,2,2,12,0.39680000000000004,0.534,0.06666666666666667,5,9,12,6,9,9,14,1,0,1,1,0.17400000000000002,0,0.263,0,0.0,0,0.0,2,0.13126666666666664,,,1985,2002,15,0.9885709044504705
Hakeem Olajuwon,olajuha01,84,255.0,1963-01-21,Houston,1986,2000,1984-10-27T00:00:00Z,True,15,NBA,HOU,C,1037,1012.0,37.01542912246866,9.2526518804243,18.07810993249759,0.5118152237691364,0.024108003857280617,0.11668273866923819,0.2066115702479339,9.22854387656702,17.96142719382835,0.5137979168903684,0.5124819971195391,4.739633558341369,6.545805207328833,0.7240718915733647,3.2516875602700095,8.297974927675988,11.549662487945998,2.70877531340405,1.8505303760848602,3.309546769527483,3.137897782063645,3.617164898746384,23.26904532304725,38385.0,9595,18747,25.0,121.0,9570.0,18626.0,4915,6788,3372.0,8605.0,11977.0,2809,1919.0,3432.0,3254.0,3751.0,24130,14.0,24.22610655203856,0.5543865572489254,0.006353862185749641,0.3618653380226651,9.92030741174938,24.14769310928748,17.26646346228996,12.898337892405886,2.470725543832226,5.547867656636708,13.045739221049889,27.880367330988673,61.400000000000006,83.99999999999999,145.3,0.181916217272372,2.408485085319786,2.685710564022404,5.099416438713039,68.79999999999998,12.422490556206853,24.26682558290999,0.03533411488862837,0.1698997004038036,12.394443141852287,24.108539794190442,6.366536407450827,8.751306499934872,4.31957796014068,11.148847205939822,15.455584212583037,3.6569597499023057,2.470725543832226,4.425668881073336,4.220588771655594,4.849826755242934,31.23014719291389,108.39906213364596,97.5916373583431,0.0,0.0,0.0,0.0,100.0,3.3645941514074886,3.266384257993987,250.0,166.0,367.0,33.0,430.0,,1307.0,99.0,178.0,9.560426345996174,0.26043386171085,0.3071951352828642,0.28674132276578296,0.134896419786827,0.010507515714676141,0.644325362120798,0.4809856518174365,0.42919691172451485,0.4215303361574201,0.7020221371959551,0.5725608089641979,0.045048783820716046,125.0,0.1537447389997267,0.1948619841486745,2.0,0.0,2,2,11,0.3765333333333334,0.534,0.0,5,8,12,6,9,9,14,0,0,0,1,0.17300000000000001,0,0.0,0,0.0,0,0.0,2,0.13126666666666667,,,1985,2002,16,0.9894924842853239
Hakeem Olajuwon,olajuha01,84,255.0,1963-01-21,Houston,1987,2001,1984-10-27T00:00:00Z,True,15,NBA,HOU,C,1027,999.0,36.47809152872444,9.009737098344694,17.65043816942551,0.5104540188668837,0.024342745861733205,0.11879259980525804,0.20491803278688525,8.98539435248296,17.531645569620252,0.5125242988058872,0.5111435979478126,4.567672833495618,6.2784810126582276,0.7275124069478908,3.079844206426485,8.241480038948394,11.321324245374878,2.671859785783836,1.8062317429406036,3.2025316455696204,3.0574488802336903,3.525803310613437,22.61148977604674,37463.0,9253,18127,25.0,122.0,9228.0,18005.0,4691,6448,3163.0,8464.0,11627.0,2744,1855.0,3289.0,3140.0,3621.0,23222,13.0,24.08240664121934,0.5528462216053174,0.006592718148573258,0.3553333956170087,9.607978538824973,24.361919760830684,17.22931959533406,13.031262846008062,2.4658810025892213,5.5069401809785665,13.030235165363157,27.78389878012973,58.5,82.39999999999998,140.79999999999998,0.18053725008675225,2.3304033312868695,2.7346475188853,5.0769852921549266,66.89999999999999,12.35779035314844,24.199757093665752,0.036203721004724666,0.17408109334543417,12.329052665296423,24.037575741398186,6.26839815284414,8.582019592664762,4.188356511758268,11.307228465419215,15.478303926540852,3.6788484638176335,2.4658810025892213,4.375148813495982,4.19628433387609,4.831297546912955,31.000605931185437,107.99714384859729,97.31818060486347,0.0,0.0,0.0,0.0,100.0,3.126717815638046,2.540099289179736,277.0,190.0,445.0,43.0,499.0,,1468.0,113.0,204.0,9.427868667494076,0.268725600812366,0.28833453683854227,0.29236466207830303,0.1415386438000677,0.009024483809093988,0.6505441724021211,0.46041836849825124,0.4371813155816315,0.41394211892135846,0.6905131445334536,0.47275188987927336,0.0429484373237053,138.0,0.12694392417917183,0.16089360261762384,2.0,0.0,2,2,10,0.3533333333333334,0.49126666666666663,0.0,5,8,11,6,8,9,13,0,0,0,1,0.15653333333333336,0,0.0,0,0.0,0,0.0,2,0.13126666666666667,,,1985,2002,17,0.990975516190906
Hakeem Olajuwon,olajuha01,84,255.0,1963-01-21,Houston,1988,2002,1984-10-27T00:00:00Z,True,15,NBA,"HOU, TOR",C,1013,961.0,35.61796643632774,8.657453109575519,16.992102665350444,0.5094986347528031,0.023692003948667325,0.11747285291214216,0.20168067226890757,8.633761105626851,16.874629812438304,0.5116415116415116,0.510195782257596,4.2823297137216185,5.885488647581441,0.7276081851727608,2.908193484698914,8.08390918065153,10.992102665350444,2.556762092793682,1.7660414610069102,3.0848963474827245,2.9713721618953604,3.429417571569595,21.620927936821325,36081.0,8770,17213,24.0,119.0,8746.0,17094.0,4338,5962,2946.0,8189.0,11135.0,2590,1789.0,3125.0,3010.0,3474.0,21902,12.0,23.73422022671212,0.5498994484631803,0.006730218120340346,0.34388051883262655,9.30622488290236,24.547944901748842,17.16552756298329,12.872098888611735,2.487500346442726,5.499589811812312,13.24149275241817,27.496954075552235,52.800000000000004,79.3,131.99999999999997,0.1758210415454117,2.0794129874449157,2.7245170588398326,4.8125024250990815,62.099999999999994,12.21874948033591,23.978345943848563,0.03759042155150911,0.17691859981707825,12.188911061223358,23.81378287741471,6.041778221224467,8.279471189822898,4.0731908760843645,11.414642055375406,15.481358609794626,3.628377816579363,2.487500346442726,4.339824284249327,4.196164186136747,4.847739807655,30.500360300435133,107.11828940439567,97.13918682963333,0.0,0.0,0.0,0.0,100.0,2.85400839761742,2.534703642222439,326.0,221.0,524.0,46.0,541.0,,1616.0,123.0,236.0,9.424118738404452,0.2663404940923738,0.2742955766038473,0.30805878332194114,0.1428117371350454,0.008482960648374184,0.6514128503075872,0.4526923152035935,0.43500400351528173,0.4052036910457963,0.6800831950004882,0.4091397324480031,0.04012967483644175,145.0,0.10986270871985158,0.13924421443218435,2.0,0.0,2,2,9,0.31566666666666676,0.4357333333333333,0.0,4,7,10,5,7,9,12,0,0,0,1,0.15413333333333334,0,0.0,0,0.0,0,0.0,2,0.13126666666666667,,,1985,2002,18,0.9915170393516258
Sam Perkins,perkisa01,81,235.0,1961-06-14,UNC,1985,1999,1984-10-27T00:00:00Z,False,15,NBA,"DAL, LAL, SEA, IND",PF,1141,716.0,29.780017528483786,4.581945661700263,9.91849255039439,0.4619598833613148,0.6327782646801051,1.7703768624014022,0.3574257425742574,3.9491673970201577,8.14811568799299,0.4846724749919329,0.49385879650083947,2.950920245398773,3.6432953549517966,0.8099591051238875,1.9526730937773882,4.365468886941279,6.318141980718668,1.6354075372480281,0.9123575810692375,0.7730061349693251,1.3181419807186678,2.6117440841367223,12.747589833479404,33979.0,5228,11317,722.0,2020.0,4506.0,9297.0,3367,4157,2228.0,4981.0,7209.0,1866,1041.0,882.0,1504.0,2980.0,14545,1.0,15.827743606345097,0.55327363960093,0.1813926837164131,0.366574119308985,7.519750434091645,16.502751699579154,12.078157097030518,8.06703552194002,1.542891197504341,1.6422555107566434,10.242417375437771,18.57355425409812,59.6,40.30000000000001,99.8,0.1410781659260131,1.0707348656523143,0.11174254686718266,1.1705641719885813,27.2,7.727325701168368,16.73798522616911,1.0885488095588454,3.0612584243209042,6.634715559610346,13.689623002442683,4.985049589452309,6.155275317107625,3.2900556225904234,7.342317313634893,10.640295476617908,2.749786632920333,1.542891197504341,1.299587980811678,2.2112628388122078,4.409320462638688,21.518317195915124,115.24273816180582,106.25574619618,0.0,0.0,0.0,28.372297297297298,71.6277027027027,9.38509009009009,2.0155630630630625,78.0,43.0,186.0,13.0,179.0,,570.0,28.0,53.0,16.235,0.16478693693693694,0.18922950450450451,0.07996486486486486,0.10015337837837837,0.4654880630630631,0.507120045045045,0.4316263513513513,0.449472072072072,0.40920247747747746,0.5106315315315316,0.951536036036036,0.007263513513513514,8.0,0.10501103603603604,0.48909099099099096,3.0,0.0,0,0,0,0.03033333333333333,0.0,0.04546666666666667,0,0,7,0,0,0,0,1,0,1,0,0.0,0,0.0,0,0.0023333333333333335,0,0.0,0,0.0008666666666666666,,,1985,2001,15,0.534511936936937
Sam Perkins,perkisa01,81,235.0,1961-06-14,UNC,1986,2000,1984-10-27T00:00:00Z,False,15,NBA,"DAL, LAL, SEA, IND",PF,1140,674.0,29.194736842105264,4.442982456140351,9.66842105263158,0.4595354745055344,0.7035087719298245,1.931578947368421,0.3642143505903724,3.7394736842105263,7.7368421052631575,0.48333333333333334,0.4959172563962983,2.8482456140350876,3.517543859649123,0.8097256857855362,1.8447368421052632,4.201754385964913,6.046491228070176,1.5780701754385964,0.8850877192982456,0.7473684210526316,1.2850877192982457,2.526315789473684,12.437719298245614,33282.0,5065,11022,802.0,2202.0,4263.0,8820.0,3247,4010,2103.0,4790.0,6893.0,1799,1009.0,852.0,1465.0,2880.0,14179,1.0,15.703921038399137,0.5546298299381046,0.20582564148789134,0.361846583738958,7.267619133465537,16.123481160987925,11.78055405324199,8.004482903671652,1.5333753981130942,1.6285379484405984,10.264812811730064,18.516798870260203,58.300000000000004,39.300000000000004,97.50000000000001,0.14069211585842195,1.1154017186467158,0.12591190433267233,1.224283396430503,27.099999999999998,7.668129920076917,16.69786070548645,1.2337119163511807,3.4055315185385493,6.425404122348416,13.298533741962622,4.918742864010577,6.080025238867857,3.1778378703202934,7.2408719427919,10.426798269334775,2.719530076317529,1.5333753981130942,1.289844360314885,2.2087254371732468,4.3698395529114835,21.485535725016526,115.04633135027943,106.14280992728803,0.0,0.0,0.801980198019802,44.31237623762376,54.885643564356435,9.54947194719472,3.134174917491749,110.0,55.0,244.0,25.0,217.0,,731.0,35.0,63.0,16.51970297029703,0.1552201320132013,0.18462359735973596,0.07061782178217821,0.11588465346534653,0.4731100660066007,0.5308800330033003,0.4146173267326732,0.39614785478547854,0.4067424092409241,0.5289082508250825,0.9554026402640263,0.006658415841584158,10.0,0.14430511551155117,0.4847894389438943,3.0,0.0,0,0,0,0.030333333333333334,0.0,0.0,0,0,7,0,0,0,0,0,0,0,0,0.0,0,0.0,0,0.0023333333333333335,0,0.0,0,0.0008666666666666666,,,1985,2001,16,0.5268899339933995
Sam Perkins,perkisa01,81,235.0,1961-06-14,UNC,1987,2001,1984-10-27T00:00:00Z,False,15,NBA,"DAL, LAL, SEA, IND",PF,1124,636.0,28.162811387900355,4.175266903914591,9.197508896797153,0.4539562778100213,0.7375444839857651,2.0275800711743774,0.36375603334795964,3.4377224199288254,7.169928825622776,0.47946395334408737,0.4940510737086477,2.6441281138790034,3.2660142348754446,0.8095886679378916,1.7259786476868328,3.9466192170818504,5.672597864768683,1.5008896797153024,0.8603202846975089,0.6903914590747331,1.1912811387900355,2.4279359430604983,11.732206405693951,31655.0,4693,10338,829.0,2279.0,3864.0,8059.0,2972,3671,1940.0,4436.0,6376.0,1687,967.0,776.0,1339.0,2729.0,13187,1.0,15.40133312272943,0.5513502764176275,0.22878742694676985,0.35140249565629444,7.069385563102196,15.758145632601487,11.499576686147527,7.97712209761491,1.5611498973305953,1.5956499763070602,10.035596272310853,18.277362186068554,54.199999999999996,38.20000000000001,92.2,0.13998290949297104,1.0648870636550307,0.18882956878850105,1.235811088295688,26.0,7.527180540199019,16.585762122887378,1.3436487126836203,3.7169925762122884,6.174054651713788,12.875293002685199,4.76894329489812,5.899832569894172,3.1044732269783606,7.113397567524879,10.226374980255883,2.7047543831938086,1.5611498973305953,1.2466719317643342,2.13812036013268,4.38334860211657,21.16676670352235,114.79624072026536,105.77504343705576,0.0,0.0,3.51891202719932,48.79685507862303,47.68423289417765,8.22632100864145,2.7472304859045185,120.0,62.0,277.0,26.0,230.0,,822.0,40.0,75.0,16.757501062473438,0.1445748689616093,0.1822710015582944,0.06755843603909902,0.13019464513387166,0.47507578977192244,0.5344350474571469,0.3968397790055248,0.3915982433772489,0.4155531945034707,0.5514231477546395,0.9580345658025216,0.005716107097322567,10.0,0.17270774897294233,0.4794414222977758,3.0,0.0,0,0,0,0.030333333333333334,0.0,0.0,0,0,7,0,0,0,0,0,0,0,0,0.0,0,0.0,0,0.0023333333333333335,0,0.0,0,0.0008666666666666666,,,1985,2001,17,0.5249242102280777
Otis Thorpe,thorpot01,82,248.0,1962-08-05,Providence,1985,1999,1984-10-27T00:00:00Z,False,15,NBA,"KCK, SAC, HOU, POR, DET, SAC, VAN, WAS",PF,1157,984.0,33.18755401901469,5.780466724286949,10.560933448573898,0.5473442998608724,0.0025929127052722557,0.052722558340535866,0.04918032786885246,5.777873811581677,10.508210890233363,0.5498437242967593,0.5474670594975038,3.2878133102852205,4.788245462402766,0.6866425992779783,2.8867761452031115,5.807260155574762,8.694036300777874,2.305963699222126,0.693171996542783,0.4191875540190147,2.3189282627484875,3.372515125324114,14.851339671564391,38398.0,6688,12219,3.0,61.0,6685.0,12158.0,3804,5540,3340.0,6719.0,10059.0,2668,802.0,485.0,2683.0,3902.0,17183,3.0,16.218683264753373,0.5852466534715349,0.004940231262044898,0.4498732225636753,9.922670451586018,19.33158237408198,14.68281420907339,10.690468253554869,1.0467784780457314,0.7892103755403928,15.515563310589092,19.290431793322572,61.5,42.8,104.5,0.1305527631647482,0.3625084639824991,-0.29268972342309496,0.05202875149747385,19.9,8.664500755247671,15.857609771342258,0.0,0.06726912860044794,8.664500755247671,15.783436637324861,4.901020886504506,7.145369550497421,4.336048752539195,8.740106255534144,13.066396687327467,3.457091515183083,1.0467784780457314,0.6444085629459869,3.483264753372572,5.094655971665191,22.260945882598055,112.42174071566227,106.69738007187874,0.0,0.0,0.7217445677661404,55.08269501328748,44.4361419415351,-2.283554791308426,-3.677630139127716,178.0,62.0,351.0,73.0,287.0,,996.0,72.0,114.0,8.092746599968734,0.4369119899953103,0.2651616382679381,0.161250586212287,0.13189338752540256,0.005198374237924027,0.6719113647022043,0.404050179771768,0.35890136001250583,0.44642988901047365,0.6795751133343755,0.0,0.10813224949194934,190.0,0.0,0.0,4.0,0.0,1,0,1,0.006266666666666667,0.004866666666666668,0.024266666666666666,0,0,4,0,0,0,4,0,0,1,0,0.0,0,0.0,0,0.0,0,0.004571428571428572,0,0.0,,,1985,2001,15,0.994801625762076
Otis Thorpe,thorpot01,82,248.0,1962-08-05,Providence,1986,2000,1984-10-27T00:00:00Z,False,15,NBA,"SAC, HOU, POR, DET, SAC, VAN, WAS, MIA",PF,1126,962.0,33.08792184724689,5.685612788632326,10.459147424511546,0.5436019359769041,0.0026642984014209592,0.055062166962699825,0.04838709677419355,5.682948490230906,10.404085257548845,0.5462227912932138,0.543729302878492,3.1998223801065717,4.6332149200710475,0.6906267970097757,2.849911190053286,5.737122557726465,8.587033747779751,2.3001776198934283,0.7051509769094139,0.4058614564831261,2.269094138543517,3.358792184724689,14.573712255772646,37257.0,6402,11777,3.0,62.0,6399.0,11715.0,3603,5217,3209.0,6460.0,9669.0,2590,794.0,457.0,2555.0,3782.0,16410,3.0,16.092302117722845,0.5822636551520519,0.005187347344123252,0.4398776605738519,9.83349974501436,19.12668491827039,14.541656601444027,10.751032020828298,1.0751912392302119,0.7734358644013205,15.440585661754836,19.18926376251443,58.699999999999996,42.6,101.59999999999998,0.1308419357436187,0.2675121453686557,-0.23264353007488528,0.021681831602115068,19.0,8.599551762084978,15.847255549292749,0.0,0.073500281826234,8.599551762084978,15.766639826072952,4.809684086211987,6.974844995571301,4.318514641543871,8.713245832997826,13.019617789945512,3.471935475212712,1.0751912392302119,0.6303245027780014,3.4437850605255385,5.132689159084199,22.045806157232196,112.15245457229514,106.35706041817645,0.0,0.0,0.8601895734597157,53.88235294117647,45.47198215779203,-2.198689712851966,-4.199930303875105,195.0,72.0,399.0,95.0,302.0,,1069.0,76.0,127.0,8.353470867019793,0.4199172010036242,0.2640610538054084,0.16653052690270423,0.14392709785335936,0.005935043211597436,0.6739788123780319,0.41270936715918594,0.36465235572902144,0.4476830220239755,0.6882857541120715,0.0,0.1027025369389462,202.0,0.0,0.0,5.0,0.0,1,0,1,0.006266666666666667,0.004866666666666668,0.0,0,0,4,0,0,0,4,0,0,0,0,0.0,0,0.0,0,0.0,0,0.004266666666666667,0,0.0,,,1985,2001,16,0.9940649567884027
Otis Thorpe,thorpot01,82,248.0,1962-08-05,Providence,1987,2001,1984-10-27T00:00:00Z,False,15,NBA,"SAC, HOU, POR, DET, SAC, VAN, WAS, MIA, CHH",PF,1100,948.0,32.93545454545455,5.610909090909091,10.378181818181819,0.5406447091800981,0.0027272727272727275,0.056363636363636366,0.04838709677419355,5.608181818181818,10.321818181818182,0.543332746168751,0.5407761037140855,3.1445454545454545,4.539090909090909,0.6927698778289605,2.8381818181818184,5.701818181818182,8.54,2.3045454545454547,0.7009090909090909,0.39090909090909093,2.24,3.3245454545454547,14.36909090909091,36229.0,6172,11416,3.0,62.0,6169.0,11354.0,3459,4993,3122.0,6272.0,9394.0,2535,771.0,430.0,2464.0,3657.0,15806,3.0,16.01888266305998,0.5789563885285268,0.005334538629274891,0.432325567915206,9.841494382952881,19.08920478070054,14.526349057384968,10.86744872891882,1.0773247950536864,0.7541886334152198,15.421339258604986,19.146117750972984,56.5,41.9,98.8,0.1307830743327169,0.21354991857351846,-0.22821220569157305,-0.028223246570427032,18.0,8.556578983687102,15.853556543100835,0.0,0.07558585663418808,8.556578983687102,15.770653344006186,4.7638438819730045,6.884838113113803,4.333961743354771,8.731698363189713,13.057796240580752,3.5023517071958934,1.0773247950536864,0.6126914902426235,3.4279030610836623,5.138538187639736,21.90866156946093,111.88890115653206,106.1854315603522,0.0,0.0,0.7890295358649789,57.20112517580872,42.206623193964965,-2.091254315304948,-4.183390870732643,209.0,79.0,452.0,101.0,312.0,,1133.0,78.0,131.0,8.382137834036568,0.4167804628564122,0.2567761155862422,0.16599028257256107,0.15534931594425266,0.005444060861782381,0.6711678813450966,0.41091343817926096,0.35814576141158416,0.4374512210714742,0.6902475386779184,0.0,0.0985908451604654,208.0,0.0,0.0,5.0,0.0,1,0,1,0.006266666666666667,0.004866666666666668,0.0,0,0,4,0,0,0,4,0,0,0,0,0.0,0,0.0,0,0.0,0,0.004266666666666667,0,0.0,,,1985,2001,17,0.9945559391382177
Benoit Benjamin,benjabe01,84,250.0,1964-11-22,Creighton,1986,2000,1985-10-25T00:00:00Z,False,15,NBA,"LAC, SEA, LAL, NJN, MIL, VAN, TOR, PHI, CLE",C,807,614.0,27.151177199504335,4.446096654275093,8.951672862453531,0.49667774086378735,0.0012391573729863693,0.026022304832713755,0.047619047619047616,4.444857496902107,8.925650557620818,0.4979869498819936,0.4967469545957918,2.5353159851301115,3.51548946716233,0.7211843496651392,1.8079306071871128,5.705080545229244,7.5130111524163565,1.325898389095415,0.6468401486988847,1.9591078066914498,2.288723667905824,2.840148698884758,11.428748451053284,21911.0,3588,7224,1.0,21.0,3587.0,7203.0,2046,2837,1459.0,4604.0,6063.0,1070,522.0,1581.0,1847.0,2292.0,9223,1.0,14.840997672401992,0.5438704760166126,0.0030107252065172748,0.3945259458719365,7.297896033955548,23.809310392040523,15.409953904431564,7.309794167313223,1.1614440235498151,4.309839806489891,17.842485509561406,19.564844142211676,3.1999999999999997,29.5,32.599999999999994,0.07157902423440281,-1.9831408881383776,0.8719455981014101,-1.1411939208616675,4.700000000000001,7.994924923554377,16.10090365569805,0.0,0.04685774268632194,7.985395463465838,16.054045913011734,4.517233353110308,6.297138423622839,3.259545433800374,10.270850257861348,13.51895395007074,2.3606270822874356,1.1614440235498151,3.4842225366254387,4.102619688740814,5.1206425996075025,20.554360823330747,100.33699968052576,105.15435169549541,0.0,0.0,0.0,0.0,100.0,1.4070921985815605,4.029078014184397,3.0,4.0,19.0,9.0,17.0,,11.0,2.0,7.0,7.223404255319149,0.4536950354609929,0.34998226950354605,0.17901418439716313,0.01676595744680851,0.0,0.645404255319149,0.40075886524822696,0.4570035460992908,0.6985815602836879,0.6608297872340426,0.0,0.047180851063829785,3.0,0.0,0.0,0.0,0.0,0,0,0,0.0,0.0,0.024266666666666666,0,0,0,0,0,0,0,0,0,1,0,0.0,0,0.013,0,0.0,0,0.0,0,0.0,,,1986,2000,15,1.0
Joe Kleine,kleinjo01,83,255.0,1962-01-04,"Notre Dame, Arkansas",1986,2000,1985-10-25T00:00:00Z,False,15,NBA,"SAC, BOS, PHO, LAL, NJN, CHI, PHO, POR",C,965,204.0,15.24559585492228,1.9709844559585492,4.353367875647669,0.45274934539395384,0.013471502590673576,0.049740932642487044,0.2708333333333333,1.9575129533678757,4.303626943005181,0.4548519142788346,0.4542965960485599,0.8797927461139896,1.1077720207253885,0.794200187090739,1.3139896373056994,2.8217616580310882,4.135751295336788,0.644559585492228,0.2704663212435233,0.29533678756476683,0.805181347150259,2.0601036269430053,4.835233160621762,14712.0,1902,4201,13.0,48.0,1889.0,4153.0,849,1069,1268.0,2723.0,3991.0,622,261.0,285.0,777.0,1988.0,4666,0.0,10.51292142468733,0.49594106851549763,0.012328983143012508,0.2514302610114193,9.71378466557912,20.373572593800976,15.102780043501905,5.777243066884177,0.8740415986949429,1.14770935290919,14.163587547580205,15.484869494290376,5.499999999999999,13.600000000000001,19.1,0.06222172376291461,-2.9923327895595437,-0.9078031538879826,-3.8882408917890166,-6.8,6.328711256117456,13.979608482871125,0.0455410549211528,0.15746329526916802,6.287676726481783,13.825971995649807,2.7980356171832517,3.5385263730288203,4.229193855356172,9.074884448069602,13.310657966286024,2.0620377922784123,0.8740415986949429,0.9582041870581837,2.588145731375748,6.649055193039695,15.512839858618815,103.16020935290919,108.50904023926047,0.0,0.0,0.0,1.9296969696969697,98.07030303030302,-6.67460606060606,-9.077878787878788,40.0,17.0,127.0,6.0,24.0,,170.0,3.0,19.0,12.753151515151515,0.18405393939393938,0.1731248484848485,0.32931030303030306,0.29814,0.015370909090909091,0.45459696969696967,0.3794539393939394,0.3109406060606061,0.459730909090909,0.7850624242424242,0.5139393939393939,0.006167272727272727,2.0,0.0,0.0,0.0,0.0,1,0,0,0.0,0.0,0.0,0,0,0,0,0,0,0,0,0,0,0,0.0,0,0.0,0,0.0,0,0.0,0,0.0,,,1986,2000,15,0.9846290909090909
Karl Malone,malonka01,81,250.0,1963-07-24,Louisiana Tech,1986,2000,1985-10-25T00:00:00Z,True,15,NBA,UTA,PF,1192,1187.0,37.422818791946305,9.593120805369127,18.269295302013422,0.5250952840152454,0.05956375838926174,0.22231543624161074,0.2679245283018868,9.533557046979865,18.046979865771814,0.5282632949051692,0.526725444276071,6.795302013422819,9.250838926174497,0.7345606239230978,2.62751677852349,7.958053691275167,10.585570469798657,3.359060402684564,1.3875838926174497,0.8162751677852349,3.1073825503355703,3.1988255033557045,26.041107382550337,44608.0,11435,21777,71.0,265.0,11364.0,21512.0,8100,11027,3132.0,9486.0,12618.0,4004,1654.0,973.0,3704.0,3813.0,31041,3.0,24.366855720946916,0.5814943283715924,0.011942992288378765,0.5061817387015782,8.477315728120518,23.77131007890961,16.44332630918221,16.330525914634148,1.8785329985652797,1.4930236728837878,12.244888809182209,29.84854510401722,118.7,77.8,196.3,0.21113712786944053,4.414396520803443,0.8743476506456239,5.267942969870875,82.1,13.026076040172166,24.778701129842183,0.08476730631276902,0.30183151004304165,12.93484800932568,24.46516319942611,9.265062320659974,12.571769637733142,3.5372915172166426,10.803351416786228,14.334305505738882,4.5793310616929706,1.8785329985652797,1.1104353479196556,4.198583213773313,4.314492916068867,35.373231258966996,113.47984666427547,101.19092987804878,0.0,0.0,13.979087628389006,72.60312760247987,13.690478393633756,9.936411585083741,17.084389747385952,494.0,79.0,326.0,158.0,1079.0,,2531.0,272.0,288.0,11.061589710372907,0.34983075784213935,0.1038988618488017,0.2317049134820024,0.309133894697881,0.004873785509392061,0.671960766170075,0.41583880817988345,0.3920570000925327,0.4974364763579162,0.781526047931896,0.41288054039048766,0.03312121772924956,172.0,0.04682242990654206,0.0,1.0,0.0,0,0,12,0.15439999999999998,0.7767333333333334,0.051533333333333334,3,4,10,11,13,12,14,1,0,1,2,0.28533333333333327,0,0.186,0,0.0,0,0.002333333333333333,0,0.0006666666666666666,,,1986,2004,15,0.9951262144906079
Karl Malone,malonka01,81,250.0,1963-07-24,Louisiana Tech,1987,2001,1985-10-25T00:00:00Z,True,15,NBA,UTA,PF,1192,1192.0,37.7751677852349,9.73238255033557,18.54530201342282,0.5247896498688139,0.061241610738255035,0.22483221476510068,0.27238805970149255,9.671140939597315,18.32046979865772,0.5278871691546845,0.5264407853071564,7.081375838926174,9.478187919463087,0.7471233846698531,2.577181208053691,7.967281879194631,10.544463087248323,3.463926174496644,1.3775167785234899,0.8313758389261745,3.078020134228188,3.13255033557047,26.607382550335572,45028.0,11601,22106,73.0,268.0,11528.0,21838.0,8441,11298,3072.0,9497.0,12569.0,4129,1642.0,991.0,3669.0,3734.0,31716,3.0,24.974586923691923,0.5851434440792395,0.011978835391312073,0.5118685040419295,8.290976725592966,23.750424180509906,16.340885671137958,16.947157324331528,1.8603779870302923,1.5334303100293152,11.921204583814516,30.174256018477394,130.2,77.5,207.5,0.22114062361197478,4.858752331882384,0.9094319090343784,5.7475770631606995,88.3,13.179637114684196,25.092204850315362,0.08397663675934973,0.3054455005774185,13.082830683130496,24.78708803411211,9.611772674780138,12.840432619703297,3.457926179266235,10.804152971484411,14.255800835035979,4.725533001687839,1.8603779870302923,1.1268277516212133,4.162918628408989,4.229110775517456,36.03203784311983,114.56535933197122,101.06988984631785,0.0,0.0,11.025543716245803,75.85622536855934,13.333309005984528,9.231484454824113,14.784702963071085,638.0,124.0,411.0,192.0,1342.0,,3307.0,339.0,374.0,10.858422128156475,0.34479572325207997,0.10603306086702671,0.2269077506933294,0.3171343599474529,0.00468916946431178,0.6723916216610715,0.40678769522697417,0.39648190045248877,0.4823431615822508,0.7900775069332944,0.5369289154867902,0.030982776237045682,201.0,0.03692964530725442,0.0,1.0,0.0,0,0,13,0.16473333333333331,0.7979333333333334,0.0,3,4,11,11,13,13,15,0,0,0,2,0.2864666666666667,0,0.0,0,0.0,0,0.002333333333333333,0,0.0006666666666666666,,,1986,2004,16,0.9953108305356883
Karl Malone,malonka01,81,250.0,1963-07-24,Louisiana Tech,1988,2002,1985-10-25T00:00:00Z,True,15,NBA,UTA,PF,1190,1190.0,37.99243697478992,9.670588235294117,18.557142857142857,0.5211248471675044,0.06890756302521009,0.24033613445378152,0.2867132867132867,9.601680672268907,18.316806722689076,0.5242005780612011,0.5229814789657202,7.249579831932773,9.577310924369748,0.756953584276564,2.4672268907563026,7.952941176470588,10.420168067226891,3.623529411764706,1.4201680672268908,0.8319327731092437,3.1050420168067228,3.0588235294117645,26.659663865546218,45211.0,11508,22083,82.0,286.0,11426.0,21797.0,8627,11397,2936.0,9464.0,12400.0,4312,1690.0,990.0,3695.0,3640.0,31725,3.0,25.154800822808603,0.5846755656809182,0.012824710800468911,0.5165122425958284,8.002037114861428,23.773720997102473,16.203406250691206,17.7883037313928,1.9269691004401583,1.5522527703435007,11.990787640176062,30.326674924244102,133.9,76.69999999999999,210.4,0.22333741788502803,5.015124637809382,0.959543031563115,5.954143903032447,91.0,13.120665324810334,25.171958151777222,0.09708478025259341,0.32478600340625075,13.01752670810201,24.847094733582534,9.83638495056513,12.985454867178342,3.327663621684988,10.805193426378537,14.126604145008958,4.945546437813807,1.9269691004401583,1.1263143925150956,4.2089226073300745,4.1460330450554075,36.15822698015969,114.72431487912233,101.00641436818474,0.0,0.0,9.023533628001433,75.15601481304503,15.996475928801816,7.754975510691673,11.991159956994386,817.0,157.0,505.0,230.0,1584.0,,4017.0,381.0,463.0,10.974919364472584,0.33157752956636005,0.10602705769919962,0.22456397085175006,0.33054682833592164,0.007106140246087684,0.6592468044439136,0.40900519651176687,0.3943970254449887,0.4681176681400072,0.7904265918050413,0.5807024250388244,0.02917011109783777,229.0,0.03748715804563374,0.181579261736949,1.0,0.0,0,0,14,0.1693333333333333,0.8009999999999999,0.0,3,4,12,11,13,13,15,0,0,0,2,0.2862,0,0.0,0,0.0,0,0.0006,0,0.0006666666666666666,,,1986,2004,17,0.9928938597539122
Karl Malone,malonka01,81,250.0,1963-07-24,Louisiana Tech,1989,2003,1985-10-25T00:00:00Z,True,15,NBA,UTA,PF,1189,1189.0,37.8040370058873,9.457527333894028,18.269133725820016,0.5176779302090047,0.07148864592094197,0.248107653490328,0.288135593220339,9.386038687973087,18.02102607232969,0.5208381948009521,0.5196344719639076,7.190075693860387,9.444070647603027,0.7613322646718319,2.3313708999158957,7.796467619848612,10.127838519764508,3.777964676198486,1.4373423044575273,0.8166526492851135,3.010933557611438,2.9840201850294363,26.176619007569386,44949.0,11245,21722,85.0,295.0,11160.0,21427.0,8549,11229,2772.0,9270.0,12042.0,4492,1709.0,971.0,3580.0,3548.0,31124,3.0,25.246085563638786,0.5825519366393022,0.013404525128478945,0.5169979977307615,7.672079467841332,23.629164163830115,15.965948074484416,18.767171683463484,1.9805468419764622,1.549522792498165,11.835375647956575,30.206222607844445,136.79999999999998,74.89999999999999,211.4,0.2257127856014595,5.132425637945227,1.0446839751718613,6.15646621726846,92.69999999999999,13.005544061046965,25.12420298560591,0.10418251796480457,0.3391599368172818,12.895272419853613,24.78496518276269,9.878582393379165,12.973352021179561,3.192524861509711,10.735122027186367,13.921357538543685,5.21874346481568,1.9805468419764622,1.1222674586753876,4.140158846692919,4.098829784867294,35.97776591247858,114.89997552782042,100.94113328438897,0.0,0.0,7.6772029677812785,76.62475861368026,15.84779957312735,7.1648846427482455,10.575058440898465,950.0,197.0,598.0,255.0,1824.0,,4795.0,430.0,524.0,11.068182742148593,0.31925678422603926,0.10766424433377376,0.22030216485415183,0.3449378493749365,0.007687112511434089,0.6599559914625471,0.40930282549039537,0.3900109259071044,0.4591479825185487,0.7931977843276756,0.6432625266795405,0.027205102144526882,249.0,0.03189399329200122,0.1544872446386828,1.0,0.0,0,0,13,0.15486666666666665,0.7662666666666667,0.0,3,3,11,11,12,13,15,0,0,0,2,0.2832,0,0.0,0,0.0,0,0.0006,0,0.0006666666666666666,,,1986,2004,18,0.9923128874885659
Karl Malone,malonka01,81,250.0,1963-07-24,Louisiana Tech,1990,2004,1985-10-25T00:00:00Z,True,15,NBA,"UTA, LAL",PF,1151,1151.0,37.52910512597741,9.234578627280625,17.865334491746307,0.516899285123766,0.06950477845351868,0.24326672458731538,0.2857142857142857,9.165073848827108,17.622067767158992,0.520090716363457,0.5188445265768613,6.962641181581234,9.15377932232841,0.7606302201974183,2.2363162467419637,7.80364900086881,10.039965247610773,3.854039965247611,1.4031277150304085,0.8001737619461338,2.952215464813206,2.9348392701998263,25.501303214596003,43196.0,10629,20563,80.0,280.0,10549.0,20283.0,8014,10536,2574.0,8982.0,11556.0,4436,1615.0,921.0,3398.0,3378.0,29352,4.0,25.070638485044906,0.5809924530049078,0.013320191684415224,0.5132495601444578,7.418679970367626,23.98338966570979,16.001090378738773,19.209581905732016,1.9548685063431799,1.5532919714788407,11.940142605796833,29.85825539401797,130.29999999999998,70.5,200.50000000000003,0.22281065376423748,5.06449439762941,1.0542735438466524,6.104523566996944,88.5,12.846302898416521,24.86116770071303,0.10117371978886934,0.3312135382905824,12.738792943791092,24.519457820168533,9.68685989443467,12.727921566811741,3.0984836558940643,10.866469117510881,13.95840818594314,5.38155153254931,1.9548685063431799,1.1136355218075746,4.106484396703399,4.079370775071767,35.46389943513288,114.6416334845819,100.98812390036115,0.0,0.0,7.17647617690371,77.23623580827514,15.727281364305734,7.19978623343309,10.270139185786899,1021.0,212.0,656.0,262.0,1911.0,,5140.0,450.0,541.0,11.024602156667143,0.31930525865754594,0.10605557930739633,0.22015201178091304,0.3470942473041661,0.007381407059047076,0.6617850933447342,0.4102614127594889,0.39157555460548193,0.45294218801957153,0.7911629851313478,0.601307301315852,0.026735166975440598,256.0,0.02981378556838155,0.14441119186736973,1.0,0.0,0,0,12,0.15486666666666665,0.6996,0.0,3,3,11,10,11,12,14,0,0,0,2,0.2548,0,0.0,0,0.0,0,0.0006,0,0.0006666666666666666,,,1986,2004,19,0.992683815495701
Charles Oakley,oaklech01,81,225.0,1963-12-18,Virginia Union University,1986,2000,1985-10-25T00:00:00Z,False,15,NBA,"CHI, NYK, TOR",PF,1098,1045.0,32.4143897996357,4.014571948998179,8.336065573770492,0.4815907352780509,0.051001821493624776,0.19489981785063754,0.2616822429906542,3.963570127504554,8.141165755919854,0.486855352947757,0.484649841581995,2.275045537340619,3.0072859744990894,0.756511205330103,3.3451730418943533,6.681238615664845,10.026411657559198,2.54735883424408,1.104735883424408,0.290528233151184,2.3105646630236794,3.5428051001821492,10.3551912568306,35591.0,4408,9153,56.0,214.0,4352.0,8939.0,2498,3302,3673.0,7336.0,11009.0,2797,1213.0,319.0,2537.0,3890.0,11370,2.0,13.843044589924418,0.5354232811665871,0.022335140906408923,0.3582362394987497,11.896246242027479,23.50465005197943,17.71013177488691,11.643404231406816,1.7151358489505772,0.5958472647579444,19.257447107414794,16.002216852575085,27.300000000000004,57.99999999999999,85.2,0.11494903205866651,-0.8577983197999494,0.6801747632828523,-0.17132140147790176,16.2,6.29563372762777,13.0805119271726,0.08223146301031159,0.31022449495659016,6.213402264617459,12.767340057879798,3.5485487904245456,4.677334157511731,5.223609901379562,10.494838582787784,15.729378213593321,4.020123064819758,1.7151358489505772,0.4471945154673935,3.624362900733332,5.590862858587844,16.197853389901944,106.22747323761625,102.07951448399876,0.0,0.0,1.2200392927308448,73.48340399131423,25.379071450728983,1.5907248474821631,-1.1036397476993072,385.0,53.0,551.0,26.0,159.0,,1865.0,36.0,74.0,14.733171336986867,0.19520080653500155,0.0693964429738393,0.13941236687002376,0.5646560852031849,0.0314481439354772,0.5189101437286734,0.3452781511736118,0.3397183331609968,0.4647122324475235,0.8430150966807982,0.5484438010546996,0.0020363974769930723,3.0,0.19717743770034124,0.3370644193982008,0.0,0.0,0,0,1,0.11240000000000001,0.0066,0.0394,1,2,8,0,0,0,4,1,0,1,0,0.0,0,0.038,0,0.0,0,0.0,0,0.002,,,1986,2004,15,0.968551856064523
Charles Oakley,oaklech01,81,225.0,1963-12-18,Virginia Union University,1987,2001,1985-10-25T00:00:00Z,False,15,NBA,"CHI, NYK, TOR",PF,1099,1092.0,33.29026387625114,4.032757051865332,8.551410373066425,0.4715896999361566,0.060964513193812554,0.23657870791628755,0.25769230769230766,3.9717925386715196,8.314831665150136,0.47767564018384767,0.47515428814641414,2.226569608735214,2.8980891719745223,0.7682888540031397,3.2393084622383985,6.848043676069154,10.087352138307553,2.6642402183803457,1.111010009099181,0.30664240218380345,2.275705186533212,3.5468607825295724,10.353048225659691,36586.0,4432,9398,67.0,260.0,4365.0,9138.0,2447,3185,3560.0,7526.0,11086.0,2928,1221.0,337.0,2501.0,3898.0,11378,3.0,13.544716558246323,0.5268920078718636,0.02612616847974635,0.3390185590116438,11.235830645602142,23.443606844148032,17.34369977587055,11.922391078554638,1.6871918220084188,0.6219646859454436,18.77542775925217,15.847168315749194,25.8,59.89999999999999,85.60000000000001,0.11237976275077899,-1.025072432077844,0.7657710599682939,-0.2531706117093971,15.900000000000002,6.194973487126223,13.147244847755973,0.09512108456786748,0.36501120647242113,6.099852402558355,12.779366424315311,3.4010714480949,4.415888591264418,4.951555239709179,10.533985677581587,15.496173399661073,4.114579347291314,1.6871918220084188,0.46435248455693445,3.4975127097796976,5.480049745804405,15.865322801071446,105.46498660689882,101.71111900727054,0.0,0.0,2.06094227367744,77.8251326579836,20.400546711689984,2.3046711689982313,0.7658626788872809,486.0,69.0,684.0,36.0,195.0,,2455.0,43.0,94.0,15.17071876507477,0.17535689017526934,0.05774015114970252,0.12908731307284127,0.5998818137964304,0.03824481427882296,0.5240467920887603,0.3027257597684515,0.3342194082649944,0.44898134748351826,0.8476834700112559,0.6286543656536421,0.0015833735327223028,3.0,0.18045320791123973,0.3733116256632899,0.0,0.0,0,0,1,0.11466666666666668,0.0066,0.0,1,2,9,0,0,0,4,0,0,0,0,0.0,0,0.0,0,0.0,0,0.0,0,0.002,,,1986,2004,16,0.9617551857211771
Charles Oakley,oaklech01,81,225.0,1963-12-18,Virginia Union University,1988,2002,1985-10-25T00:00:00Z,False,15,NBA,"CHI, NYK, TOR, CHI",PF,1074,1047.0,32.57821229050279,3.781191806331471,8.01582867783985,0.47171564641654085,0.05307262569832402,0.21973929236499068,0.24152542372881355,3.728119180633147,7.79608938547486,0.4782037501492894,0.47502613543965616,2.069832402234637,2.659217877094972,0.7783613445378151,3.1033519553072626,6.538175046554935,9.641527001862197,2.5567970204841712,1.1033519553072626,0.2905027932960894,2.131284916201117,3.4990689013035383,9.685288640595903,34989.0,4061,8609,57.0,236.0,4004.0,8373.0,2223,2856,3333.0,7022.0,10355.0,2746,1185.0,312.0,2289.0,3758.0,10402,1.0,13.214404527137102,0.524446740404127,0.025757838177712992,0.3298096830432422,11.027974506273402,22.8789133727743,16.970993740889995,11.758532681699963,1.7200634485123898,0.6144502557946784,18.89467546943325,15.234639458115408,25.1,56.599999999999994,81.60000000000001,0.11210717654119866,-1.1484209322930063,0.8460373260167481,-0.29597302009202897,14.800000000000002,5.951138929377804,12.6390408414073,0.08242876332561662,0.3469919117436909,5.868710166052188,12.289050844551143,3.238732172968647,4.149904255623195,4.862385321100917,10.318660150332962,15.179693617994229,4.050450141473035,1.7200634485123898,0.4502557946783275,3.361739403812627,5.543605133041813,15.214141587356025,105.17939923976107,101.64617451198949,0.0,0.0,2.4551045510455105,79.34360755372259,18.45922870993416,0.7932204616163807,0.18890094783300768,556.0,79.0,783.0,41.0,203.0,,2696.0,43.0,98.0,15.373779031907967,0.16431401490485492,0.0534633528688228,0.1275775993054048,0.6182055567614501,0.03671934013457782,0.5304462774039505,0.2724334708052963,0.32749309022502,0.44197865566890965,0.8525182693003401,0.5657479921858042,0.0014249330728601406,3.0,0.19571782070761884,0.38598871282830477,0.0,0.0,0,0,1,0.11466666666666668,0.0066,0.0,1,2,9,0,0,0,4,0,0,0,0,0.0,0,0.0,0,0.0,0,0.0,0,0.002,,,1986,2004,17,0.9632806598654223
Charles Oakley,oaklech01,81,225.0,1963-12-18,Virginia Union University,1989,2003,1985-10-25T00:00:00Z,False,15,NBA,"NYK, TOR, CHI, WAS",PF,1034,966.0,31.61218568665377,3.5870406189555126,7.628626692456479,0.4702079107505071,0.05222437137330754,0.21663442940038685,0.24107142857142858,3.534816247582205,7.411992263056093,0.4769050104384134,0.473630831643002,1.9245647969052224,2.4477756286266925,0.7862504938759384,2.9439071566731143,6.143133462282399,9.087040618955513,2.4545454545454546,1.0928433268858802,0.2804642166344294,2.0009671179883948,3.458413926499033,9.150870406189554,32687.0,3709,7888,54.0,224.0,3655.0,7664.0,1990,2531,3044.0,6352.0,9396.0,2538,1130.0,290.0,2069.0,3576.0,9462,1.0,12.948835928656653,0.5229199681830696,0.02627959127481873,0.3228670419432802,10.783871263805183,22.16040321840487,16.490136751613793,11.736809740875577,1.7598341848441277,0.6201853948052742,18.822504359531315,14.897543365864108,23.6,52.39999999999999,75.80000000000001,0.11156502585125584,-1.242833542386882,0.9283874323125401,-0.3075840548230184,13.7,5.830782880044055,12.42286535931716,0.0796188087007067,0.35419891700064254,5.751164071343349,12.074072261143574,3.1090892403707895,3.947410285434577,4.76647596903968,10.02453574815676,14.78956465873283,4.022687918744455,1.7598341848441277,0.4483250221800716,3.2626395814849944,5.661265946706641,14.848936886223884,105.18450760241075,101.58228041729127,0.0,0.0,2.3670735960934777,78.32731077781654,19.55430763864667,0.8185629577956051,0.2896965469131496,571.0,79.0,825.0,46.0,213.0,,2786.0,43.0,100.0,15.31017788629229,0.16623899546564352,0.05283718172305545,0.12691147540983605,0.6188435995814441,0.035402720613882104,0.5293545866759679,0.2626650156958493,0.3396665504011162,0.4394336239972097,0.8515674223927451,0.5454623648412975,0.0013738402511335893,3.0,0.18870010463899548,0.3721485873735612,0.0,0.0,0,0,1,0.11466666666666668,0.0062,0.0,1,2,9,0,0,0,3,0,0,0,0,0.0,0,0.0,0,0.0,0,0.0,0,0.002,,,1986,2004,18,0.9645972793861181
Charles Oakley,oaklech01,81,225.0,1963-12-18,Virginia Union University,1990,2004,1985-10-25T00:00:00Z,False,15,NBA,"NYK, TOR, CHI, WAS, HOU",PF,959,884.0,31.395203336809175,3.4254431699687173,7.360792492179353,0.4653633659158521,0.043795620437956206,0.1835245046923879,0.23863636363636365,3.3816475495307614,7.177267987486966,0.4711608310329798,0.46833829154271145,1.8748696558915536,2.3795620437956204,0.7879053461875548,2.816475495307612,6.088633993743483,8.905109489051094,2.4535974973931176,1.0698644421272159,0.28779979144942647,1.8998957247132429,3.4556830031282586,8.769551616266945,30108.0,3285,7059,42.0,176.0,3243.0,6883.0,1798,2282,2701.0,5839.0,8540.0,2353,1026.0,276.0,1822.0,3314.0,8410,1.0,12.7847050617776,0.5197113723927196,0.023600803773083566,0.3249745914707055,10.470811744386875,22.11393317390727,16.321060847615254,11.948781054869139,1.7548990301580973,0.6473628271555733,18.653128736548428,14.649422080510163,21.099999999999998,49.099999999999994,70.2,0.11207576059519066,-1.3631725787166202,1.0524843895310216,-0.303238341968912,12.700000000000001,5.685226517869006,12.226481333864754,0.0691410920685532,0.3153480802444534,5.616085425800453,11.917002125680883,3.08174903680085,3.9072173508702006,4.647183472831142,10.105224525043177,14.75083698684735,4.085505513484789,1.7548990301580973,0.4694300518134715,3.1633884681812146,5.745585890793144,14.519891723130065,104.94499800717418,101.19888401753687,0.0,0.0,2.3629526462395543,78.25536211699165,19.629944289693594,0.822708913649025,0.2914554317548746,572.0,79.0,829.0,46.0,213.0,,2790.0,43.0,101.0,15.30267409470752,0.1665293175487465,0.05274519498607243,0.12698126740947074,0.6186366991643455,0.03534108635097493,0.5293034818941504,0.26220772980501394,0.34081615598885795,0.4386685933147632,0.851825835654596,0.5445127437325905,0.001371448467966574,3.0,0.18837158774373258,0.3715006963788301,0.0,0.0,0,0,1,0.11466666666666668,0.0054,0.0,1,2,9,0,0,0,2,0,0,0,0,0.0,0,0.0,0,0.0,0,0.0,0,0.002,,,1986,2004,19,0.9646589136490251
Terry Porter,portete01,75,195.0,1963-04-08,University of Wisconsin-Stevens Point,1986,2000,1985-10-25T00:00:00Z,False,15,NBA,"POR, MIN, MIA, SAS",PG,1122,690.0,28.86096256684492,4.540998217468806,9.779857397504456,0.4643215164494669,1.0258467023172906,2.6853832442067738,0.3820112844341188,3.515151515151515,7.094474153297683,0.49547738693467336,0.5167684316048483,2.9171122994652405,3.483065953654189,0.8375127942681678,0.6051693404634582,2.520499108734403,3.125668449197861,5.975044563279857,1.3244206773618539,0.13725490196078433,2.2076648841354722,1.8057040998217468,13.024955436720143,32382.0,5095,10973,1151.0,3013.0,3944.0,7960.0,3273,3908,679.0,2828.0,3507.0,6704,1486.0,154.0,2477.0,2026.0,14614,7.0,17.410224816255944,0.5759328330554012,0.27407223148662835,0.3596169785683404,2.3328484960780673,9.761188314495708,6.0267216354765,29.3689179173615,2.2117935890309433,0.32460317460317456,16.463136927922918,19.356194799580017,67.19999999999999,34.1,101.5,0.1504811006114508,2.5453523562472977,0.39243406830955474,2.935856339941943,40.10000000000001,7.644212834290653,16.477811747267,1.769878327465876,4.613028843184485,5.880158730158729,11.864078809214996,4.909184114631585,5.865199802359335,1.019158791921438,4.259829534926811,5.281452658884565,9.982947316410351,2.2117935890309433,0.24142115990365018,3.711617565314063,3.049067383114076,21.93606015687728,115.64424680377988,106.85427089123587,42.794535691724576,56.95072646873026,0.5023689197725837,0.0,0.0,5.859759949463045,3.663313329121921,278.0,59.0,144.0,27.0,202.0,,1950.0,24.0,73.0,17.165840176879342,0.20702305748578648,0.05189861023373342,0.1011367656348705,0.21979311433986104,0.4201484523057486,0.5850931775110548,0.4763322804801011,0.3808201200252685,0.4396827226784586,0.41400015792798495,0.7213164876816173,0.0,0.0,0.25770878079595705,0.41939387239418824,4.0,0.0,0,0,2,0.019733333333333332,0.006333333333333333,0.003,0,0,2,0,0,0,3,0,0,1,0,0.0017333333333333333,0,0.0,0,0.0011333333333333334,0,0.002533333333333333,0,0.0,,,1986,2002,15,0.5798515476942514
Terry Porter,portete01,75,195.0,1963-04-08,University of Wisconsin-Stevens Point,1987,2001,1985-10-25T00:00:00Z,False,15,NBA,"POR, MIN, MIA, SAS",PG,1123,729.0,29.248441674087267,4.52359750667854,9.764915405164738,0.46325004559547694,1.0908281389136243,2.8281389136242208,0.3857052896725441,3.4327693677649154,6.936776491540517,0.49486521181001286,0.5191045048331205,2.8851291184327694,3.4452359750667854,0.8374256913931248,0.5948352626892253,2.602849510240427,3.197684772929653,6.016918967052538,1.2974176313446126,0.1460373998219056,2.203918076580588,1.761353517364203,13.023152270703473,32846.0,5080,10966,1225.0,3176.0,3855.0,7790.0,3240,3869,668.0,2923.0,3591.0,6757,1457.0,164.0,2475.0,1978.0,14625,7.0,17.409112220666138,0.5774371612981793,0.29053275893563907,0.35519853254581985,2.26477196614504,9.921092370456067,6.085693843999269,29.385145832064786,2.152819216951836,0.34556110333069473,16.49256834926627,19.189310722766855,68.99999999999999,35.3,104.60000000000002,0.15278539243743533,2.6059185288924067,0.4121049747305608,3.0161206844060158,41.400000000000006,7.56239115874079,16.340732509285758,1.86943920112038,4.820790963892102,5.698693904889483,11.51413870790964,4.814272666382513,5.7533002496498815,0.9975826584667844,4.376271083236925,5.3711745722462405,9.973415332156122,2.152819216951836,0.258445472812519,3.679930585154965,2.9605400962065396,21.773814163063996,115.7775680448152,106.46176094501614,50.79812734082397,49.00049937578027,0.3971285892634207,0.0,0.0,7.208913857677903,4.131872659176031,361.0,76.0,175.0,29.0,242.0,,2489.0,33.0,94.0,17.131098626716604,0.20073358302122343,0.05715705368289638,0.09796579275905119,0.21418027465667916,0.4297538077403246,0.5888444444444444,0.44442047440699134,0.36724107365792763,0.4462433208489388,0.39388926342072417,0.734028963795256,0.0,0.0,0.26405443196004996,0.4379558052434457,5.0,0.0,0,0,2,0.019733333333333332,0.006333333333333333,0.0,0,0,2,0,0,0,3,0,0,0,0,0.0017333333333333333,0,0.0,0,0.0011333333333333334,0,0.002533333333333333,0,0.0,,,1986,2002,16,0.5702461922596753
Terry Porter,portete01,75,195.0,1963-04-08,University of Wisconsin-Stevens Point,1988,2002,1985-10-25T00:00:00Z,False,15,NBA,"POR, MIN, MIA, SAS",PG,1115,649.0,28.1847533632287,4.3408071748878925,9.432286995515694,0.4602072834458496,1.1399103139013453,2.9219730941704034,0.39011663597298957,3.200896860986547,6.510313901345292,0.491665518666483,0.5206332604354854,2.715695067264574,3.244843049327354,0.8369264787175235,0.547085201793722,2.5183856502242152,3.065470852017937,5.602690582959641,1.2044843049327354,0.15336322869955157,2.0672645739910314,1.6816143497757847,12.537219730941704,31426.0,4840,10517,1271.0,3258.0,3569.0,7259.0,3028,3618,610.0,2808.0,3418.0,6247,1343.0,171.0,2305.0,1875.0,13979,5.0,17.369041557945646,0.5772791001081907,0.31512426016674094,0.34443203080252016,2.153315725832113,9.976083497740726,6.065369439317763,28.848816266785466,2.095153694393178,0.3809616241328836,16.14569146566537,19.242942149812254,66.6,34.39999999999999,101.30000000000001,0.1547197543435372,2.619232482657672,0.4410742697129765,3.058317953287087,39.900000000000006,7.590609686247055,16.499920448036654,2.035461083179533,5.195198243492649,5.561150003182077,11.302774772481385,4.741201552854324,5.669639788709985,0.9596130592503023,4.444797301597403,5.401610131738052,9.733609113472918,2.095153694393178,0.281674409724432,3.6189715522179084,2.970308025202062,21.912998790810157,115.69719340673328,106.10402214726659,56.389402407566635,43.43723129836629,0.34189595872742906,0.0,0.0,8.236865864144454,5.1149075666380055,411.0,93.0,209.0,41.0,255.0,,2947.0,37.0,107.0,17.168497420464316,0.1949292777300086,0.05699613069647463,0.09866595012897679,0.2177712811693895,0.43145700773860707,0.5833028804815132,0.43671259673258817,0.3667903052450559,0.4384210017196904,0.37345990971625115,0.7309651762682716,0.0,0.0,0.26655030094582977,0.44658490971625103,5.0,0.0,0,0,2,0.019733333333333332,0.006333333333333333,0.0,0,0,2,0,0,0,3,0,0,0,0,0.0017333333333333333,0,0.0,0,0.0011333333333333334,0,0.0,0,0.0,,,1986,2002,17,0.5685429922613928
Patrick Ewing,ewingpa01,84,240.0,1962-08-05,Georgetown,1986,2000,1985-10-26T00:00:00Z,True,15,NBA,NYK,C,1039,1039.0,36.17516843118383,8.912415784408084,17.539942252165545,0.5081211589113257,0.01828681424446583,0.11742059672762271,0.1557377049180328,8.894128970163619,17.422521655437922,0.5104960777814607,0.5086424495171202,4.933589990375361,6.644850818094321,0.742468134414832,2.4716073147256976,7.88354186717998,10.355149181905679,2.009624639076035,1.0211742059672761,2.654475457170356,3.196342637151107,3.538017324350337,22.776708373435998,37586.0,9260,18224,19.0,122.0,9241.0,18102.0,5126,6904,2568.0,8191.0,10759.0,2088,1061.0,2758.0,3321.0,3676.0,23665,1.0,21.62524610227212,0.5560601021657,0.006672856914808704,0.37950146331080725,7.933081466503487,24.664481455861228,16.452915979354017,10.006395998510085,1.4370563507689031,4.854291491512797,13.529111903368275,28.567035598361095,45.4,77.7,123.09999999999998,0.15713002181663382,1.5912307774171235,1.7877347948704305,3.3650987069653597,50.99999999999999,12.492217847070718,24.647493747672005,0.023080402277443728,0.17438141861331347,12.476541797477784,24.4983477890704,6.948483477890703,9.339485446708881,3.4583435321662317,11.139881870909381,14.597956686000108,2.821694247858245,1.4370563507689031,3.708755919757357,4.473777470334699,4.951423402330656,31.95551269089555,106.26084180279891,98.61307401692119,0.0,0.0,0.0,0.0,100.0,4.5881895332390386,4.061216407355021,182.0,165.0,287.0,85.0,546.0,,664.0,113.0,159.0,9.00977369165488,0.29599434229137206,0.3290461103253182,0.286632531824611,0.08316534653465346,0.005057142857142856,0.6053673267326732,0.45142333804809054,0.40197284299858554,0.42515685997171143,0.6151746817538897,0.40834512022630837,0.048529702970297024,147.0,0.3398685997171146,0.0,1.0,0.0,0,0,11,0.11266666666666665,0.2749333333333333,0.06366666666666666,0,3,8,1,7,6,11,1,0,1,0,0.09486666666666667,1,0.462,0,0.0,0,0.0008,0,0.007000000000000001,,,1986,2002,15,0.9949428571428572
Patrick Ewing,ewingpa01,84,240.0,1962-08-05,Georgetown,1987,2001,1985-10-26T00:00:00Z,True,15,NBA,"NYK, SEA",C,1068,1068.0,35.50749063670412,8.584269662921349,16.94194756554307,0.5066872996573449,0.017790262172284643,0.11142322097378277,0.15966386554621848,8.566479400749063,16.830524344569287,0.5089847009735744,0.5072123355808555,4.749063670411985,6.412921348314606,0.7405460651189955,2.404494382022472,7.794943820224719,10.19943820224719,1.945692883895131,0.9925093632958801,2.5711610486891385,3.0898876404494384,3.4775280898876404,21.935393258426966,37922.0,9168,18094,19.0,119.0,9149.0,17975.0,5072,6849,2568.0,8325.0,10893.0,2078,1060.0,2746.0,3300.0,3714.0,23427,1.0,21.337782817361955,0.5531268129318074,0.006500210959337587,0.37897038658298615,7.885681134961236,24.812227730604924,16.518068667264384,9.858335530826432,1.4265017667844524,4.815397394652181,13.58369548019619,28.20424028268551,44.900000000000006,77.10000000000001,121.99999999999999,0.15437073466589313,1.4206740150835926,1.7047413111122833,3.1061151837983236,48.99999999999999,12.292099572807341,24.327548652497228,0.022875903169664046,0.16816623595801908,12.27656241759401,24.1890643953378,6.836285006065081,9.20892621697168,3.441158166763356,11.259825431148148,14.700717261747798,2.793721322715047,1.4265017667844524,3.6729233690206216,4.425776594061495,4.976736459047519,31.442877485364697,105.86314012973999,98.68978429407731,0.0,0.0,0.0,0.0,100.0,2.6163779012749266,1.2001743489157677,240.0,222.0,384.0,106.0,666.0,,874.0,136.0,231.0,8.61721695543206,0.29645483273400897,0.334086629617522,0.2766146888961534,0.08817848970251715,0.004584831644328212,0.5958695652173913,0.4338768660782391,0.3925656532635938,0.42006973956630705,0.6176601285823253,0.31459082488830775,0.04152021357742181,159.0,0.3766340852130326,0.0,1.0,0.0,0,0,10,0.11266666666666666,0.2749333333333333,0.0,0,3,8,1,7,6,11,0,0,0,0,0.09486666666666667,0,0.0,0,0.0,0,0.0008,0,0.007000000000000001,,,1986,2002,16,0.9954151683556719
Patrick Ewing,ewingpa01,84,240.0,1962-08-05,Georgetown,1988,2002,1985-10-26T00:00:00Z,True,15,NBA,"NYK, SEA, ORL",C,1070,1009.0,34.2214953271028,8.211214953271028,16.237383177570095,0.5056981696788304,0.017757009345794394,0.10560747663551402,0.168141592920354,8.193457943925234,16.13177570093458,0.5079080006952088,0.5062449637389203,4.5514018691588785,6.138317757009346,0.7414738124238733,2.3093457943925233,7.598130841121495,9.90747663551402,1.877570093457944,0.9280373831775701,2.4710280373831774,2.930841121495327,3.3598130841121496,20.99158878504673,36617.0,8786,17374,19.0,113.0,8767.0,17261.0,4870,6568,2471.0,8130.0,10601.0,2009,993.0,2644.0,3136.0,3595.0,22461,1.0,21.31393614987574,0.551994374197777,0.006383974656580276,0.3786315918835514,7.87286779364776,25.090045607231616,16.658379987437534,9.894783843569925,1.388838517628424,4.838178987901794,13.477387552229839,28.099180708414124,44.300000000000004,75.6,119.89999999999999,0.15715023076713003,1.4070759483300106,1.7293497555780104,3.116437720184614,47.4,12.234462135073874,24.264388125733944,0.023691181691564027,0.16457110085479423,12.21837124832728,24.12699292678264,6.821203266242455,9.172335254116941,3.436600486113007,11.41638856268946,14.852713220635222,2.803935330584155,1.388838517628424,3.675014337602753,4.36729934183576,5.004839282300571,31.310858344484807,105.85318294781112,98.3062238850807,0.0,0.0,0.0,0.0,100.0,2.248362770390951,0.7173844016669974,260.0,246.0,451.0,117.0,724.0,,958.0,149.0,253.0,8.553095852351658,0.2994538598928359,0.3286253224846199,0.273609446318714,0.09370549712244493,0.004443143480849375,0.6011559833300257,0.42557342726731495,0.3861674935503076,0.4164873982933121,0.6192103591982536,0.2864655685651915,0.04156310775947608,171.0,0.4323646556856519,0.0,1.0,0.0,0,0,10,0.11266666666666666,0.2749333333333333,0.0,0,3,8,1,7,6,11,0,0,0,0,0.09486666666666665,0,0.0,0,0.0,0,0.0008,0,0.007,,,1986,2002,17,0.9955568565191508
A.C. Green,greenac01,81,220.0,1963-10-04,Oregon State,1986,2000,1985-10-26T00:00:00Z,False,15,NBA,"LAL, PHO, DAL, LAL",PF,1196,831.0,29.382107023411372,3.678929765886288,7.423076923076923,0.4956071187204325,0.10367892976588629,0.40384615384615385,0.2567287784679089,3.5752508361204014,7.019230769230769,0.5093508040500297,0.5025906735751295,2.5418060200668897,3.460702341137124,0.7344769267939115,2.7148829431438126,4.943979933110368,7.65886287625418,1.1379598662207357,0.8386287625418061,0.4498327759197324,1.161371237458194,1.9372909698996656,10.003344481605351,35141.0,4400,8878,124.0,483.0,4276.0,8395.0,3040,4139,3247.0,5913.0,9160.0,1361,1003.0,538.0,1389.0,2317.0,11964,0.0,14.563134230670727,0.5559845195071283,0.0552776528840955,0.4635432970035003,10.684880908340684,18.73374690532426,14.768296292080473,5.4592697988105074,1.434202213938135,0.9388292877265872,11.516294357018866,14.767101106969069,57.10000000000001,39.1,96.20000000000002,0.1314568168236533,0.38243931589880753,-0.5028912096980735,-0.11868188156284677,16.8,6.27554992743519,12.698010870493157,0.16886542784781308,0.6895165191656472,6.090936512905155,11.994504994166357,4.331100424006147,5.901180956717224,4.6373979112717345,8.46329358868558,13.113058820181553,1.9671665575823116,1.434202213938135,0.7564241199738198,1.982624285023192,3.2906291795907916,17.055476508921203,116.38587405025469,106.44298682450699,0.0,0.11558669001751314,11.727045283962973,81.60170127595697,6.67125344008006,-4.021290968226168,-2.2563922942206656,93.0,50.0,195.0,21.0,200.0,,679.0,42.0,116.0,12.163360020015011,0.3278894170627971,0.1090764323242432,0.1854064298223668,0.3556463597698274,0.021096947710783086,0.5623631473605204,0.38701451088316235,0.3369816112084063,0.4684896172129097,0.7247012759569676,0.24130597948461346,0.026267575681761322,39.0,0.09036152114085565,0.0,6.0,1.0,3,0,1,0.029466666666666672,0.0,0.0,0,1,6,0,0,0,0,0,0,0,0,0.0,0,0.0,0,0.0,0,0.0,0,0.0,,,1986,2001,15,0.9789030522892169
A.C. Green,greenac01,81,220.0,1963-10-04,Oregon State,1987,2001,1985-10-26T00:00:00Z,False,15,NBA,"LAL, PHO, DAL, LAL, MIA",PF,1196,831.0,29.27257525083612,3.6245819397993313,7.369565217391305,0.4918311776718856,0.1028428093645485,0.40384615384615385,0.2546583850931677,3.5217391304347827,6.9657190635451505,0.5055815628375945,0.49880871341048333,2.5225752508361206,3.4138795986622075,0.7389174626500122,2.67056856187291,4.931438127090301,7.60200668896321,1.125418060200669,0.822742474916388,0.41555183946488294,1.1162207357859533,1.8453177257525084,9.87458193979933,35010.0,4335,8814,123.0,483.0,4212.0,8331.0,3017,4083,3194.0,5898.0,9092.0,1346,984.0,497.0,1335.0,2207.0,11810,0.0,14.549291630962582,0.5530527277920593,0.0555895744073122,0.460162467866324,10.54143387603542,18.818391888031993,14.73892887746358,5.488163381890889,1.4218651813767496,0.8835875464153099,11.21506712367895,14.755261353898886,56.800000000000004,39.2,96.10000000000002,0.13184541559554414,0.3656755212796343,-0.5091773778920309,-0.13732076549557268,16.5,6.247246500999714,12.73764353041988,0.16949728648957438,0.6913481862325052,6.061942302199372,12.028223364752927,4.335706940874037,5.871936589545842,4.612607826335333,8.522285061411026,13.147306483861755,1.9645101399600113,1.4218651813767496,0.7052784918594687,1.9304541559554411,3.1844273064838617,16.999720079977152,116.2560411311054,106.2065695515567,0.0,0.09824561403508772,9.967676767676767,76.41052631578947,13.621796916533759,-2.877894736842104,-1.677830940988836,106.0,69.0,236.0,27.0,244.0,,763.0,55.0,145.0,12.09384370015949,0.3204046783625731,0.10801477937267412,0.18219489633173844,0.3680015948963318,0.02078234981392876,0.5696599681020734,0.36990930356193513,0.33458394471026054,0.46481552365762896,0.7305971291866028,0.205103668261563,0.024127060074428493,43.0,0.10185933014354068,0.0,7.0,1.0,3,0,1,0.029466666666666665,0.0,0.0,0,1,6,0,0,0,0,0,0,0,0,0.0,0,0.0,0,0.0,0,0.0,0,0.0,,,1986,2001,16,0.9792176501860712
Detlef Schrempf,schrede01,82,235.0,1963-01-21,Washington,1986,2000,1985-10-26T00:00:00Z,False,15,NBA,"DAL, IND, SEA, POR",SF,1110,524.0,29.90990990990991,4.8297297297297295,9.81981981981982,0.4918348623853211,0.4252252252252252,1.1063063063063063,0.38436482084690554,4.404504504504504,8.713513513513513,0.505479735318445,0.5134862385321101,4.02072072072072,5.007207207207207,0.8029866858582224,1.6702702702702703,4.5864864864864865,6.256756756756757,3.4135135135135135,0.7648648648648648,0.27837837837837837,2.018018018018018,2.988288288288288,14.105405405405405,33200.0,5361,10900,472.0,1228.0,4889.0,9672.0,4463,5558,1854.0,5091.0,6945.0,3789,849.0,309.0,2240.0,3317.0,15657,7.0,17.307810240963853,0.5858334638554219,0.11259704819277108,0.5102684939759037,6.547626506024097,17.148168674698795,12.009259036144577,17.253421686746986,1.294605421686747,0.6174578313253012,14.383466867469878,20.321786144578315,76.40000000000002,32.6,109.00000000000001,0.1576446686746988,1.9646536144578315,-0.09661445783132529,1.8769397590361445,32.4,8.127382530120482,16.552394578313255,0.7221054216867471,1.8901566265060241,7.397219879518072,14.635349397590364,6.7594879518072295,8.413319277108434,2.805506024096385,7.710611445783132,10.51416265060241,5.759069277108434,1.294605421686747,0.46693072289156623,3.4012590361445785,5.001201807228916,23.74105421686747,116.97876506024096,107.50135542168675,0.0,0.0,60.614639397201294,38.43643104891759,0.6086592512857314,9.348714268628155,7.503922975720607,301.0,104.0,330.0,41.0,369.0,,2241.0,61.0,111.0,12.618263365626122,0.26681102738906826,0.1881058485827054,0.16219291950723597,0.214248654467169,0.1689818203564167,0.6399483315392895,0.41959119722521226,0.3947514651357493,0.45879141251046524,0.6607594785312761,0.9727564884583184,0.026430570505920348,62.0,0.11292441095562733,0.35903564166965674,2.0,0.0,0,0,3,0.0061333333333333335,0.01906666666666667,0.0,0,0,4,0,0,1,6,0,0,0,0,6.666666666666667e-05,0,0.0,2,0.06973333333333333,0,0.0007333333333333333,0,0.0,,,1986,2001,15,0.8310181796435833
Detlef Schrempf,schrede01,82,235.0,1963-01-21,Washington,1987,2001,1985-10-26T00:00:00Z,False,15,NBA,"DAL, IND, SEA, POR",SF,1072,512.0,30.436567164179106,4.904850746268656,9.962686567164178,0.49232209737827715,0.44029850746268656,1.146455223880597,0.3840520748576078,4.46455223880597,8.816231343283581,0.5064014390011639,0.5144194756554307,4.082089552238806,5.068097014925373,0.8054481870053377,1.680037313432836,4.686567164179104,6.36660447761194,3.4934701492537314,0.7770522388059702,0.28171641791044777,2.037313432835821,2.9794776119402986,14.332089552238806,32628.0,5258,10680,472.0,1229.0,4786.0,9451.0,4376,5433,1801.0,5024.0,6825.0,3745,833.0,302.0,2184.0,3194.0,15364,7.0,17.406761064116708,0.5865860610518574,0.11493968370724532,0.508325211474807,6.4863430182665205,17.242439009439742,12.02952985166115,17.40986269461812,1.2955835478729927,0.6177638837808017,14.354134485717784,20.288203383596912,76.2,32.5,108.70000000000002,0.1599139389481427,2.051152384455069,-0.07522986392055903,1.9849791590045363,32.699999999999996,8.129431776388378,16.54514833885007,0.7366617629030282,1.9277675616035308,7.3875413755057,14.592990682849088,6.758305749662867,8.386064116709575,2.7816997670712267,7.762645580483021,10.542356258428343,5.805332842956969,1.2955835478729927,0.46513424052960645,3.3853592006865267,4.921861591271301,23.758609170038007,117.21021821748192,107.31298271423317,0.0,0.04532998401461521,59.86149805891756,39.187257364695135,0.5810687371546015,8.761749257821421,6.75126741265129,322.0,110.0,347.0,42.0,379.0,,2334.0,62.0,114.0,12.576638501941082,0.2637824845855218,0.19150079926923955,0.16150422470883763,0.21836241150947705,0.16512959579812744,0.6347830554921216,0.4205163279287508,0.3930401918246175,0.4536332496003654,0.656010733044074,0.9739914364010048,0.026184402831696735,64.0,0.1134717972139758,0.38809054578670926,2.0,0.0,0,0,3,0.0061333333333333335,0.01906666666666667,0.0,0,0,4,0,0,1,6,0,0,0,0,6.666666666666667e-05,0,0.0,2,0.06973333333333334,0,0.0007333333333333333,0,0.0,,,1986,2001,16,0.8348704042018725
Chris Mullin,mullich01,79,215.0,1963-07-30,St. John's,1986,2000,1985-11-06T00:00:00Z,True,15,NBA,"GSW, IND",SF,966,814.0,32.90786749482402,6.9399585921325055,13.599378881987578,0.510314379234224,0.8240165631469979,2.1407867494824018,0.3849129593810445,6.115942028985507,11.458592132505176,0.5337428855361821,0.5406104894572581,3.718426501035197,4.296066252587992,0.8655421686746988,1.05175983436853,3.0817805383022776,4.133540372670807,3.55175983436853,1.5672877846790891,0.5579710144927537,2.3768115942028984,2.093167701863354,18.422360248447205,31789.0,6704,13137,796.0,2068.0,5908.0,11069.0,3592,4150,1016.0,2977.0,3993.0,3431,1514.0,539.0,2296.0,2022.0,17796,5.0,18.88637579036774,0.5960795243637736,0.1725197709899651,0.3114102047878197,3.540202585800119,10.24780584478908,6.93335745069049,16.639019786718677,2.2832552140677596,1.0506810531945012,13.479335619239361,22.299691717260693,69.2,23.5,92.79999999999998,0.14000855641888704,2.9723929661203563,0.19218597628110354,3.191827361665985,41.599999999999994,10.078379313599045,19.77813709144673,1.2539463336374217,3.222127150901255,8.829519645160275,16.54977822517223,5.371137814967442,6.199506118468654,1.5298342193840637,4.525533989744881,6.046478341564692,5.207603258988958,2.2832552140677596,0.8174745981314291,3.4647645411934955,3.1140268646387117,26.78100600836768,115.41781748403535,109.65535248041776,0.5234597511617448,17.19592265027732,81.5484934792385,1.2290511167740967,0.0,3.0021885774246737,3.721016339379403,231.0,88.0,218.0,41.0,185.0,,1378.0,40.0,97.0,16.15618348073752,0.20511992205066706,0.05420476690151401,0.10166451806325888,0.29320281816819066,0.34507195323040024,0.7364936291410582,0.36315514915305047,0.40716774096837055,0.4905877679508319,0.6774792384949783,0.9242154099835107,0.0023747564083345827,5.0,0.21092549842602307,0.47682011692399934,0.0,0.0,0,0,5,0.0,0.1032,0.012133333333333333,0,0,0,1,3,4,5,0,0,1,0,0.005866666666666668,0,0.0,0,0.0,0,0.009399999999999999,0,0.0,,,1986,2001,15,0.6549280467695997
Chris Mullin,mullich01,79,215.0,1963-07-30,St. John's,1987,2001,1985-11-06T00:00:00Z,True,15,NBA,"GSW, IND, GSW",SF,931,792.0,33.05263157894737,6.9312567132116,13.558539205155746,0.5112096965855977,0.8700322234156821,2.2481203007518795,0.3870043000477783,6.061224489795919,11.310418904403868,0.5358974358974359,0.5432939871662837,3.680988184747583,4.261009667024704,0.8638769851273003,1.0569280343716434,3.1525241675617615,4.209452201933405,3.592910848549946,1.5682062298603652,0.564983888292159,2.406015037593985,2.0622986036519872,18.413533834586467,30772.0,6453,12623,810.0,2093.0,5643.0,10530.0,3427,3967,984.0,2935.0,3919.0,3345,1460.0,526.0,2240.0,1920.0,17143,5.0,18.908845703886655,0.5973218185363316,0.18220008449239572,0.30954162875341223,3.544153776160145,10.436468217860394,7.029578837904588,16.810311321981022,2.28148641622254,1.0678148966593008,13.663112569868714,22.2215553100221,66.99999999999999,23.1,90.19999999999999,0.14052866242038217,3.033975692187703,0.20184258416742498,3.25944689977902,40.79999999999999,10.041586507214351,19.681356427921486,1.3179481346678799,3.374226569608735,8.728893149616535,16.300692187703106,5.30397764201222,6.1341576758091785,1.534125178733914,4.617658910698037,6.142600415962563,5.253100220980111,2.28148641622254,0.8253444689977901,3.497864942155206,3.0687540621344076,26.708754712075915,115.36062004419603,109.5292473677369,0.4956706884315117,17.18552164655784,81.62555003548616,1.163804116394606,0.0,2.2800851667849535,3.4650816181689135,244.0,91.0,231.0,43.0,190.0,,1420.0,40.0,103.0,16.29653655074521,0.19624797728885734,0.05631738821859474,0.10226628814762241,0.29165251951738824,0.3528188786373314,0.7239388218594748,0.3491849538679915,0.4076897090134847,0.4815848119233499,0.6758611781405252,0.9282386089425124,0.0022486870120652946,5.0,0.2191048970901348,0.4710431511710433,0.0,0.0,0,0,5,0.0,0.1032,0.0,0,0,0,1,3,4,5,0,0,0,0,0.005866666666666668,0,0.0,0,0.0,0,0.009399999999999999,0,0.0,,,1986,2001,16,0.6471811213626685
Tyrone Corbin,corbity01,78,210.0,1962-12-31,DePaul,1986,2000,1985-11-14T00:00:00Z,False,15,NBA,"SAS, CLE, PHO, MIN, UTA, ATL, MIA, SAC, ATL, SAC",SF,1050,457.0,26.228571428571428,3.722857142857143,8.139047619047618,0.45740697402293473,0.18857142857142858,0.6266666666666667,0.3009118541033435,3.5342857142857143,7.512380952380952,0.4704614604462475,0.4689913409782354,1.6476190476190475,2.0828571428571427,0.7910379515317787,1.640952380952381,3.1523809523809523,4.793333333333333,1.8,1.1676190476190476,0.2571428571428571,1.2447619047619047,2.4847619047619047,9.281904761904762,27540.0,3909,8546,198.0,658.0,3711.0,7888.0,1730,2187,1723.0,3310.0,5033.0,1890,1226.0,270.0,1307.0,2609.0,9746,1.0,13.19420842411039,0.5131131082062454,0.08430522875816993,0.2553663761801017,7.156485112563544,13.863333333333333,10.486278140885982,10.490813362381992,2.2871604938271606,0.6522766884531589,12.031528685548293,17.152320261437907,24.299999999999997,32.900000000000006,56.800000000000004,0.0988584604212055,-0.8326978939724037,0.6050072621641249,-0.2281118373275236,12.300000000000002,7.297483660130719,16.00187363834423,0.380838779956427,1.3147494553376908,6.911601307189542,14.703772694262891,3.203445896877269,4.0637872185911394,3.1887618010167023,6.161205519244735,9.356811909949165,3.526586782861293,2.2871604938271606,0.5106281771968046,2.426365286855483,4.846681190994917,18.212541757443717,107.2352214960058,105.88198983297022,0.0,13.478818998716303,86.25274568535158,0.5972043930965626,0.0,7.7619169875909275,6.824746826415633,126.0,41.0,231.0,34.0,117.0,,889.0,24.0,85.0,16.498088717729285,0.19109485094850948,0.053929254029382395,0.1199734702610184,0.3700319497931821,0.2647088860362288,0.550667379831693,0.3631148195692483,0.31189002995293114,0.4521101126800741,0.8305790900014263,1.0,0.00384124946512623,6.0,0.06056653829696191,0.20644316074739696,0.0,0.0,0,0,0,0.0012666666666666666,0.0,0.0,0,0,1,0,0,0,0,0,0,0,0,0.0,0,0.0,0,0.0006666666666666666,0,0.0,0,0.0,,,1986,2001,15,0.7352911139637712
Tyrone Corbin,corbity01,78,210.0,1962-12-31,DePaul,1987,2001,1985-11-14T00:00:00Z,False,15,NBA,"SAS, CLE, PHO, MIN, UTA, ATL, MIA, SAC, ATL, SAC, TOR",SF,1049,458.0,26.199237368922784,3.7092469018112486,8.122020972354623,0.4566901408450704,0.18875119161105816,0.6310772163965681,0.2990936555891239,3.5204957102001906,7.490943755958055,0.46996691270043267,0.46830985915492956,1.6415633937082936,2.075309818875119,0.7909967845659164,1.6348903717826502,3.1515729265967587,4.786463298379409,1.7950428979980935,1.1601525262154433,0.2554814108674929,1.2373689227836033,2.4842707340324117,9.24880838894185,27483.0,3891,8520,198.0,662.0,3693.0,7858.0,1722,2177,1715.0,3306.0,5021.0,1883,1217.0,268.0,1298.0,2606.0,9702,1.0,13.150795036931923,0.5123630971873522,0.08494072699486956,0.2549564821889896,7.1363970454462775,13.877884510424627,10.48293126660117,10.480675326565514,2.277375104610123,0.6498308044973254,11.993847105483388,17.13699377797184,23.999999999999996,32.800000000000004,56.400000000000006,0.09841945930211402,-0.8539861004984898,0.5949641596623367,-0.2588109012844304,12.100000000000001,7.284488592948367,16.00022923261653,0.3816286431612269,1.3253684095622749,6.897805916384674,14.691969581195648,3.196827129498235,4.056453080085872,3.1829749299567003,6.169715824327767,9.359549539715461,3.523203434850635,2.277375104610123,0.5085216315540515,2.4170978423025145,4.855761743623332,18.18099916311902,107.13277298693738,105.87759706000072,0.0,13.700757575757576,85.95314253647587,0.6530583613916947,0.0,7.365319865319864,6.391007295173963,127.0,43.0,238.0,34.0,119.0,,898.0,24.0,91.0,16.46693322109989,0.19184834455667787,0.05347081930415263,0.12017087542087541,0.3717384960718294,0.26253058361391696,0.54709455667789,0.3571546015712682,0.3067706228956229,0.45015502244668903,0.8315380190796857,0.9835858585858586,0.003778198653198653,6.0,0.05957239057239057,0.20305457351290684,0.0,0.0,0,0,0,0.0012666666666666666,0.0,0.0,0,0,1,0,0,0,0,0,0,0,0,0.0,0,0.0,0,0.0006666666666666666,0,0.0,0,0.0,,,1986,2001,16,0.737469416386083
Dell Curry,curryde01,76,190.0,1964-06-25,Virginia Tech,1987,2001,1986-10-31T00:00:00Z,False,15,NBA,"UTA, CLE, CHH, MIL, TOR",SG,1027,95.0,22.067185978578383,4.818889970788705,10.515092502434275,0.45828317436799704,1.1684518013631937,2.8889970788704966,0.4044489383215369,3.6504381694255112,7.626095423563778,0.47867722165474974,0.5138438744328179,1.1801363193768257,1.4011684518013632,0.8422515635858235,0.560856864654333,1.9084712755598832,2.469328140214216,1.7994157740993184,0.937682570593963,0.22590068159688412,1.2249269717624147,1.6991236611489775,11.98636806231743,22663.0,4949,10799,1200.0,2967.0,3749.0,7832.0,1212,1439,576.0,1960.0,2536.0,1848,963.0,232.0,1258.0,1745.0,12310,0.0,16.122918413272735,0.54016696818603,0.2866888761417288,0.13461426113047698,2.926333671623351,9.849097648148966,6.3786965538543,13.55145832414067,2.139443145214667,0.6684243039315184,9.935273353042405,24.307187927458852,23.5,16.9,40.2,0.0855123770021621,1.4343026077747871,-0.48497109826589596,0.9489961611437143,17.000000000000004,10.975453382164762,23.947213519834094,2.704986100692759,6.7104002117989685,8.25341746458986,17.268494903587342,2.6865948903499093,3.197065701804704,1.265454705908309,4.348625512950624,5.617071879274589,4.089833649560958,2.139443145214667,0.5184441600847196,2.7953448351939283,3.8579402550412567,27.35890658783038,106.06830516701231,109.19529629793055,15.422535211267606,81.77749832327297,2.9855801475519788,0.0,0.0,0.43455734406438634,-3.2625586854460096,126.0,65.0,174.0,20.0,91.0,,841.0,18.0,73.0,17.970288397048964,0.15328487592219986,0.041219818913480887,0.08739151576123406,0.31902783366867876,0.3990759557344064,0.5014134808853119,0.398573608316566,0.38222853789403083,0.51804476861167,0.736005700871898,0.9068988933601609,0.005755365526492287,13.0,0.28681522468142184,0.4497129443326627,1.0,0.0,0,0,0,0.0,0.0,0.0,0,0,0,0,0,0,0,0,0,0,0,0.0,0,0.0,1,0.047733333333333336,0,0.0,0,0.0,,,1987,2002,15,0.6009240442655935
Dell Curry,curryde01,76,190.0,1964-06-25,Virginia Tech,1988,2002,1986-10-31T00:00:00Z,False,15,NBA,"CLE, CHH, MIL, TOR",SG,1016,99.0,22.552165354330707,4.873031496062992,10.649606299212598,0.4575785582255083,1.2086614173228347,2.9901574803149606,0.40421329822251484,3.6643700787401574,7.659448818897638,0.4784117193523516,0.5143253234750462,1.1958661417322836,1.4153543307086613,0.844923504867872,0.5600393700787402,1.938976377952756,2.499015748031496,1.8218503937007875,0.9429133858267716,0.23031496062992127,1.235236220472441,1.6820866141732282,12.150590551181102,22913.0,4951,10820,1228.0,3038.0,3723.0,7782.0,1215,1438,569.0,1970.0,2539.0,1851,958.0,234.0,1255.0,1709.0,12345,0.0,16.097363941867062,0.540257059311308,0.29307004757124777,0.13403539475406973,2.8705320123947105,9.823964561602583,6.332527386199974,13.483476628987912,2.1108541002924106,0.6693623707065858,9.900986339632524,24.177322917121284,24.400000000000006,16.700000000000003,40.900000000000006,0.08604394884999782,1.5047003884257844,-0.5100205123728887,0.99434818661895,17.400000000000002,10.905123728887531,23.84507048400471,2.7465674507921265,6.824396630733646,8.144468205822022,17.04923405926766,2.67355213197748,3.173399380264479,1.244716972897482,4.339366298607778,5.587042290402828,4.071701654082835,2.1108541002924106,0.5199275520446908,2.772692358050015,3.7608475537904247,27.250473530310302,106.15179155937678,109.17134377864095,14.203795620437957,81.9356204379562,4.022189781021898,0.0,0.0,0.36541605839416064,-2.775897810218978,154.0,74.0,196.0,24.0,97.0,,967.0,19.0,82.0,18.219883211678834,0.13902029197080293,0.03847518248175182,0.08992773722627737,0.3362268613138686,0.39634992700729926,0.531367591240876,0.3840129927007299,0.3851738686131387,0.5070448175182481,0.7283737226277371,0.9074293430656933,0.005010948905109489,13.0,0.2833468613138686,0.43720379562043793,1.0,0.0,0,0,0,0.0,0.0,0.0,0,0,0,0,0,0,0,0,0,0,0,0.0,0,0.0,1,0.047733333333333336,0,0.0,0,0.0,,,1987,2002,16,0.6036500729927007
Ron Harper,harpero01,78,185.0,1964-01-20,Miami University,1987,2001,1986-11-01T00:00:00Z,False,15,NBA,"CLE, LAC, CHI, LAL",SG,1009,967.0,30.920713577799802,5.278493557978196,11.839444995044598,0.4458396115854679,0.5183349851337958,1.7948463825569871,0.2887907233572612,4.7601585728444,10.044598612487611,0.47390231869758265,0.4677297840281266,2.7106045589692767,3.765113974231913,0.7199262963937878,1.3102081268582755,2.960356788899901,4.270564915758176,3.881070366699703,1.7006937561942517,0.7224975222993062,2.230921704658077,2.303270564915758,13.785926660059465,31199.0,5326,11946,523.0,1811.0,4803.0,10135.0,2735,3799,1322.0,2987.0,4309.0,3916,1716.0,729.0,2251.0,2324.0,13910,4.0,15.590887528446428,0.5110091028558609,0.16558133273502354,0.3098800923106509,4.744866822654572,10.639241642360332,7.716362703932819,19.125273245937368,2.74229302221225,1.490185582871246,14.059258309561205,21.56035449854162,21.7,43.9,65.8,0.10108122055194076,0.4566300201929549,1.4022372511939485,1.8472739510881762,30.400000000000002,8.476178723677043,19.028715663963588,0.8453251706785473,2.9222154556235775,7.6307285489919545,16.107154075451138,4.332270265072598,6.030940094233789,2.1139074970351617,4.7971986281611585,6.9288566941248115,6.291329850315714,2.74229302221225,1.1670694573544027,3.5740087823327666,3.7275265232860026,22.139382672521556,104.57915317798647,103.72076028077824,64.97641963426372,28.283806544754572,6.876804619826756,0.0,0.0,7.384684793070261,4.016385948026949,212.0,87.0,264.0,35.0,252.0,,2020.0,51.0,145.0,12.82781520692974,0.3368842637151107,0.14581195861405197,0.1340555822906641,0.1366775745909528,0.24616265640038498,0.6101046679499519,0.3595951636188643,0.31407338787295475,0.3673938883541867,0.5916840712223292,0.943329042348412,0.020624278152069297,38.0,0.2677152309913378,0.3616689124157844,2.0,0.0,5,0,0,0.0011333333333333334,0.0016666666666666668,0.06666666666666667,0,0,1,0,0,0,3,1,0,1,0,0.0,0,0.128,0,0.0,0,0.0,0,0.0,,,1987,2001,15,0.753837343599615
Johnny Newman,newmajo01,79,190.0,1963-11-28,Richmond,1987,2001,1986-11-02T00:00:00Z,False,15,NBA,"CLE, NYK, CHH, NJN, MIL, DEN, CLE, NJN",SF,1112,495.0,24.919964028776977,3.9469424460431655,8.56384892086331,0.46088417515488816,0.5197841726618705,1.5548561151079137,0.3342972816657027,3.427158273381295,7.008992805755396,0.48896587118296125,0.4912317546991494,2.865107913669065,3.5305755395683454,0.8115129903209374,0.8462230215827338,1.3902877697841727,2.2365107913669067,1.5053956834532374,0.9307553956834532,0.21762589928057555,1.4703237410071943,2.797661870503597,11.278776978417266,27711.0,4389,9523,578.0,1729.0,3811.0,7794.0,3186,3926,941.0,1546.0,2487.0,1674,1035.0,242.0,1635.0,3111.0,12542,0.0,13.038594781855581,0.5582630363393599,0.18741925589116237,0.4096995777849952,3.8139439211865325,6.483493919382195,5.135953231568692,9.391620656057162,1.8801522860957744,0.5701346035870233,12.723333694200859,19.969416477211215,35.5,13.799999999999997,49.2,0.0854370105734185,-0.9460503049330591,-0.6417162859514273,-1.5952004619104325,3.1000000000000005,7.9357800151564355,17.25243044278445,1.0572552416008085,3.1604525278770166,6.877427736278012,14.099624697773448,5.782198404965536,7.114727003716936,1.6899426220634406,2.8146259608097863,4.523290390097795,3.025693767817834,1.8801522860957744,0.441875067662661,2.958529103965935,5.674977445779655,22.7159250839017,109.32806466746058,111.07794738551478,0.0,29.41258197176837,68.24130265644104,2.2226297654773814,0.0,-4.798488385017228,1.3997221295987554,172.0,131.0,346.0,89.0,525.0,,1029.0,96.0,268.0,13.486317661442705,0.32736956763365566,0.10058230521284874,0.11602789818828499,0.23985183950205624,0.2156846726686673,0.5816923418917418,0.2914059130821384,0.3232061798377237,0.42839935534066914,0.5481359342002889,0.9130534622651996,0.0346706680004446,92.0,0.26493231077025675,0.3707773702345226,3.0,0.0,0,0,0,0.0,0.0,0.0,0,0,0,0,0,0,0,0,0,0,0,0.0,0,0.0,0,0.0006666666666666666,0,0.0,0,0.0,,,1987,2002,15,0.7843153273313326
Johnny Newman,newmajo01,79,190.0,1963-11-28,Richmond,1988,2002,1986-11-02T00:00:00Z,False,15,NBA,"NYK, CHH, NJN, MIL, DEN, CLE, NJN, DAL",SF,1100,512.0,25.277272727272727,3.9481818181818182,8.541818181818181,0.4622179650915283,0.5445454545454546,1.6036363636363635,0.33956916099773243,3.403636363636364,6.9381818181818184,0.49056603773584906,0.49409323116219667,2.8745454545454545,3.5527272727272727,0.8091095189355169,0.8309090909090909,1.410909090909091,2.2418181818181817,1.51,0.9490909090909091,0.21727272727272728,1.4636363636363636,2.847272727272727,11.315454545454546,27805.0,4343,9396,599.0,1764.0,3744.0,7632.0,3162,3908,914.0,1552.0,2466.0,1661,1044.0,239.0,1610.0,3132.0,12447,0.0,12.988588383384284,0.5604812443805072,0.19499784211472757,0.41226804531559075,3.697025714799497,6.486390936881855,5.081589642150694,9.285164538752023,1.8944901996043881,0.565027872684769,12.666984355331774,19.707171372055388,36.300000000000004,13.599999999999998,49.8,0.08619273511958282,-0.9439309476712822,-0.6042078762812445,-1.5578133429239345,3.4000000000000012,7.841345081819817,17.00109692501349,1.0930767847509442,3.2180075525984533,6.747174968530839,13.790710303902177,5.7274770724689805,7.068282682970689,1.6386764970329077,2.82171192231613,4.479046934004676,2.9961877360187015,1.8944901996043881,0.436863873404064,2.908282682970689,5.706545585326381,22.507800755259847,109.5988491278547,111.07430318288078,0.1489558687377842,31.3927579467133,66.2124267050715,2.131570826046703,0.0,-4.351733360765353,0.9826663923464668,178.0,137.0,368.0,93.0,548.0,,1060.0,98.0,277.0,13.606501388746016,0.3236181462812468,0.09562339265507665,0.11245087953914207,0.2395649624524226,0.2282949285052978,0.5838006377944657,0.2994937763604567,0.32147783149881703,0.4284440901141858,0.5536371772451393,0.9127515687686453,0.03409937249254192,95.0,0.2661289990741693,0.3804016047731715,3.0,0.0,0,0,0,0.0,0.0,0.0,0,0,0,0,0,0,0,0,0,0,0,0.0,0,0.0,0,0.0006666666666666666,0,0.0,0,0.0,,,1987,2002,16,0.7717050714947021
David Wingate,wingada01,77,185.0,1963-12-15,Georgetown,1987,2001,1986-11-02T00:00:00Z,False,15,NBA,"PHI, SAS, WSB, CHH, SEA, NYK, SEA",SG,740,218.0,17.895945945945947,2.2837837837837838,5.132432432432433,0.444971037388099,0.10675675675675676,0.3918918918918919,0.27241379310344827,2.177027027027027,4.7405405405405405,0.45923603192702395,0.45537124802527645,0.9554054054054054,1.2945945945945947,0.7379958246346555,0.6013513513513513,1.3175675675675675,1.9189189189189189,1.8594594594594596,0.8067567567567567,0.16486486486486487,1.1527027027027028,1.6878378378378378,5.629729729729729,13243.0,1690,3798,79.0,290.0,1611.0,3508.0,707,958,445.0,975.0,1420.0,1376,597.0,122.0,853.0,1249.0,4166,0.0,9.970354149361926,0.49603700067960427,0.07707218908102394,0.24886317299705502,3.868519217699917,8.170618439930529,6.056369402703315,14.67271766216114,2.224752699539379,0.5759797628936042,16.94526919882202,16.322411840217473,-0.6,12.2,11.8,0.042318885448916425,-2.7274182587027105,0.3619648115985804,-2.353167711243676,-1.2000000000000002,6.348501094918069,14.261277656120217,0.30326965189156535,1.1085252586271994,6.0341236879861055,13.160129879936571,2.656271237634977,3.585252586271993,1.6526164766291627,3.668489013063505,5.331813033300612,5.1609303028014795,2.224752699539379,0.47136600468171863,3.2016990107981576,4.704855395303179,15.620818545646756,98.88922449596014,108.55070603337613,0.05721393034825871,50.478233830845774,48.88681592039801,0.5777363184079602,0.0,3.050497512437811,-7.00273631840796,51.0,12.0,46.0,9.0,29.0,,281.0,4.0,19.0,14.628544776119403,0.24878793532338309,0.09081716417910447,0.10699875621890548,0.3443650497512438,0.2087860696517413,0.6176125621890547,0.3513246268656716,0.39542910447761187,0.37382276119402985,0.8192667910447762,0.8042176616915423,0.018107587064676616,7.0,0.13810509950248756,0.602422263681592,0.0,0.0,0,0,0,0.0012666666666666666,0.0,0.012133333333333333,0,0,1,0,0,0,0,0,0,1,0,0.0,0,0.0,0,0.0,0,0.0,0,0.0,,,1987,2001,15,0.7912139303482587
Chris Dudley,dudlech02,83,235.0,1965-02-22,Yale,1988,2002,1987-11-06T00:00:00Z,False,15,NBA,"CLE, NJN, POR, NYK, PHO, POR",C,883,331.0,18.471121177802946,1.5753114382785958,3.826727066817667,0.41166025451316957,0.0,0.0056625141562853904,0.0,1.5753114382785958,3.821064552661382,0.41227030231179607,0.41166025451316957,0.782559456398641,1.707814269535674,0.4582228116710875,2.5277463193657983,3.6500566251415627,6.177802944507361,0.4246885617214043,0.3782559456398641,1.1630804077010193,0.8380520951302378,2.633069082672707,3.933182332955832,16310.0,1391,3379,0.0,5.0,1391.0,3374.0,691,1508,2232.0,3223.0,5455.0,375,334.0,1027.0,740.0,2325.0,3473,0.0,10.655977927651747,0.4293647455548743,0.001631269160024525,0.4452389331698344,15.1226854690374,22.45488657265481,18.75443286327407,3.2140527283874922,1.0373083997547516,4.23343347639485,15.711183323114652,12.5146290619252,-1.7999999999999998,27.499999999999996,26.2,0.07696793378295523,-3.4499325567136725,0.4726916002452483,-3.035977927651748,-4.2,4.323789086450031,10.484880441446963,0.0,0.00935009196811772,4.323789086450031,10.461765787860207,2.1476394849785407,4.674353157572042,6.941747394236665,10.096419374616799,17.01269160024525,1.1677007970570206,1.0373083997547516,3.1936603310852236,2.2964622930717353,7.288252605763335,10.797927651747393,97.75199264255058,101.7301655426119,0.0,0.0,0.0,6.312212463404434,93.78377248013383,2.597720618987871,-1.7070263488080302,39.0,37.0,328.0,41.0,122.0,,239.0,23.0,61.0,6.691865328314512,0.4306698034295273,0.4868839397741532,0.06848473442074446,0.011644918444165622,0.00273525721455458,0.5645968214136344,0.30159473023839395,0.2741338352153911,0.22751986616478462,0.5333684650773736,0.0,0.1035694270179841,70.0,0.0,0.0,1.0,0.0,0,0,0,0.0,0.0,0.0,0,0,0,0,0,0,0,0,0,0,0,0.0,0,0.0,0,0.0,0,0.0,0,0.0,,,1988,2003,15,0.9972647427854454
Chris Dudley,dudlech02,83,235.0,1965-02-22,Yale,1989,2003,1987-11-06T00:00:00Z,False,15,NBA,"CLE, NJN, POR, NYK, PHO, POR",C,831,330.0,19.022864019253912,1.595667870036101,3.9025270758122743,0.40888066604995377,0.0,0.006016847172081829,0.0,1.595667870036101,3.8965102286401927,0.4095120444718962,0.40888066604995377,0.7833935018050542,1.7292418772563176,0.453027139874739,2.5992779783393503,3.7942238267148016,6.393501805054152,0.42358604091456076,0.3862815884476534,1.2129963898916967,0.8531889290012034,2.696750902527076,3.9747292418772564,15808.0,1326,3243,0.0,5.0,1326.0,3238.0,651,1437,2160.0,3153.0,5313.0,352,321.0,1008.0,709.0,2241.0,3303,0.0,10.600518724696355,0.4266114625506073,0.0016830718623481783,0.44256787702429146,15.05032262145749,22.65847039473684,18.822197621457494,3.111671305668016,1.0313069331983806,4.296476467611336,15.703858805668014,12.376265182186234,-2.1,26.799999999999994,25.2,0.07639410425101215,-3.4875189777327935,0.5042510121457491,-3.040625,-4.1,4.259893724696357,10.392883350202426,0.0,0.009647014170040486,4.259893724696357,10.369034665991899,2.0925227732793523,4.602119180161943,6.938600708502025,10.199614119433196,17.111930668016196,1.133388157894737,1.0313069331983806,3.2366649797570846,2.272033147773279,7.257262145748986,10.611861082995953,97.48241396761134,101.59874746963563,0.0,0.0,0.0,6.3551011892343,93.74066346755686,2.464156060922178,-1.837596494888379,39.0,37.0,330.0,41.0,122.0,,239.0,23.0,61.0,6.676507406634675,0.431976423951596,0.4857665345295223,0.06832756102649697,0.011618193198414355,0.00272897976215314,0.5633010640517422,0.3009025662424369,0.2735046943459212,0.22699770498643856,0.5321443772167745,0.0,0.10333173377842687,70.0,0.0,0.0,1.0,0.0,0,0,0,0.0,0.0,0.0,0,0,0,0,0,0,0,0,0,0,0,0.0,0,0.0,0,0.0,0,0.0,0,0.0,,,1988,2003,16,0.9972710202378469
Mark Jackson,jacksma01,75,192.0,1965-04-01,St. John's,1988,2002,1987-11-06T00:00:00Z,False,15,NBA,"NYK, LAC, IND, DEN, IND, TOR, NYK",PG,1172,1089.0,31.63566552901024,3.9351535836177476,8.755972696245733,0.44942506334047944,0.5972696245733788,1.772184300341297,0.33702455464612424,3.3378839590443685,6.983788395904437,0.4779474648747709,0.4835314753459365,1.7747440273037542,2.3029010238907848,0.7706557984438681,1.0554607508532423,2.969283276450512,4.024744027303754,8.395904436860068,1.3165529010238908,0.09641638225255973,2.5170648464163823,1.7909556313993173,10.242320819112628,37077.0,4612,10262,700.0,2077.0,3912.0,8185.0,2080,2699,1237.0,3480.0,4717.0,9840,1543.0,113.0,2950.0,2099.0,12004,18.0,16.223151819187095,0.5236789384254389,0.20986730317986893,0.262094452086199,3.836607600399169,10.69573590096286,7.320648919815519,39.471267901933814,2.1126682309787737,0.20261887423470076,20.771944871483665,16.878528467783262,55.1,35.400000000000006,90.00000000000001,0.11693019931493916,2.0707149985166002,-0.04354990964749035,2.024966960649459,37.7,6.296197103325511,14.049826037705316,0.9617930253256737,2.87845834344742,5.3378536559052785,11.172333252420641,2.8493621382528254,3.708838363405885,1.6912371551096368,4.819610540227095,6.4998651455079965,13.609941473150473,2.1126682309787737,0.15097230088734256,4.048569193839847,2.8922809288777405,16.43006176335734,110.67106292310596,107.2631011138981,98.01957981992282,2.136915821066171,0.0,0.0,0.0,1.6003287123052736,0.5051664999285408,769.0,165.0,258.0,63.0,222.0,,8676.0,52.0,211.0,13.12234529083893,0.23406681434900667,0.2736899385450907,0.10389817064456196,0.07817293125625267,0.30959654137487497,0.5729096755752465,0.4117048735172216,0.35819158210661717,0.38606445619551233,0.28434807774760607,0.8854156781477774,0.0,0.0,0.10179341146205516,0.31544404744890664,15.0,2.0,0,0,1,0.0,0.004333333333333333,0.06666666666666667,0,0,0,0,0,0,6,1,0,1,0,0.0002666666666666667,1,0.963,0,0.0,0,0.0,0,0.0,,,1988,2004,15,0.690403458625125
Mark Jackson,jacksma01,75,192.0,1965-04-01,St. John's,1989,2003,1987-11-06T00:00:00Z,False,15,NBA,"NYK, LAC, IND, DEN, IND, TOR, NYK, UTA",PG,1172,1009.0,30.11518771331058,3.6868600682593855,8.206484641638225,0.4492618007901851,0.5930034129692833,1.7457337883959045,0.3396871945259042,3.0938566552901023,6.460750853242321,0.4788695192815637,0.48539197338323975,1.651023890784983,2.14419795221843,0.7699960206923995,0.9820819112627986,2.854948805460751,3.8370307167235493,7.975255972696246,1.18259385665529,0.09385665529010238,2.426621160409556,1.6595563139931742,9.617747440273037,35295.0,4321,9618,695.0,2046.0,3626.0,7572.0,1935,2513,1151.0,3346.0,4497.0,9347,1386.0,110.0,2844.0,1945.0,11272,16.0,16.104091231052557,0.5243966000849978,0.21973064173395668,0.2601367899135856,3.773432497520895,10.784895877603061,7.349307267318316,39.70469188270293,2.008785947017991,0.21195636775747273,21.243210086414507,16.86140529820088,51.5,32.4,83.5,0.11396976908910608,2.0071964867544976,-0.19688341124805211,1.8080039665675027,33.900000000000006,6.240186995325116,13.930301742456438,1.0058903527411815,2.994361807621476,5.228715115455447,10.936954242810598,2.7993001841620626,3.6484176228927607,1.6608074798130048,4.901663125088539,6.550933559994333,13.679036690749399,2.008785947017991,0.15354582802096617,4.13593426830996,2.84407989800255,16.313415497945886,110.17353732823346,107.28530953392831,98.11260591164866,2.0290408123666,0.0,0.0,0.0,1.4674600607981374,0.020768384968630715,880.0,186.0,281.0,80.0,248.0,,9465.0,58.0,235.0,13.234085764180843,0.23187814501002518,0.2644207360455339,0.10770318866826209,0.09077608175409094,0.30460597632753383,0.5732977815147791,0.404711467563547,0.3689901688118492,0.38349647500161693,0.3031969471573636,0.8752236595304314,0.0,0.0,0.09915626414850268,0.3126502813530819,22.0,3.0,0,0,1,0.0,0.0035333333333333328,0.0,0,0,0,0,0,0,5,0,0,0,0,6.666666666666667e-05,0,0.0,0,0.0,0,0.0,0,0.0,,,1988,2004,16,0.6953940236724662
Mark Jackson,jacksma01,75,192.0,1965-04-01,St. John's,1990,2004,1987-11-06T00:00:00Z,False,15,NBA,"NYK, LAC, IND, DEN, IND, TOR, NYK, UTA, HOU",PG,1142,940.0,29.242556917688265,3.394045534150613,7.612084063047285,0.4458759921776142,0.5437828371278459,1.617338003502627,0.33622089875473743,2.850262697022767,5.994746059544658,0.4754601226993865,0.4815943862878178,1.5612959719789843,2.008756567425569,0.7772449869224063,0.9238178633975481,2.776707530647986,3.7005253940455343,7.746935201401051,1.106830122591944,0.09106830122591944,2.3388791593695273,1.596322241681261,8.893169877408056,33395.0,3876,8693,621.0,1847.0,3255.0,6846.0,1783,2294,1055.0,3171.0,4226.0,8847,1264.0,104.0,2671.0,1823.0,10156,14.0,15.816742027249587,0.5221519089684086,0.22195972450965715,0.2629840994160803,3.6849378649498425,10.7995867644857,7.3207156759994,40.030777062434495,1.9578709387632875,0.21090881868543193,21.75791585566701,16.48447072915107,46.4,30.6,76.7,0.11065731396915704,1.813918251235215,-0.2132684533612816,1.5907920347357387,30.300000000000004,5.990372810300943,13.477721215750861,0.9639556819883217,2.898332085641563,5.022245845186405,10.573043868842642,2.7604461745770323,3.5638927983231024,1.6225033687677797,4.952666566851324,6.570393771522682,13.799556819883216,1.9578709387632875,0.15659230423716125,4.146111693367271,2.850759095673005,15.734583021410392,109.61533163647253,107.1237011528672,98.03660057363761,2.099950118468637,0.0,0.0,0.0,1.4326536974685125,-0.041139792991644795,923.0,193.0,293.0,82.0,259.0,,9742.0,59.0,240.0,13.276031924180073,0.23253011597456041,0.26174329716922307,0.10670650953984287,0.09002861952861953,0.30839774286070587,0.5728193665045517,0.40529748098266616,0.3737035166479611,0.37484412021449054,0.3042691732136177,0.8797127447312632,0.0,0.0,0.10260443945629129,0.3058991769547325,22.0,3.0,0,0,0,0.0,0.0026,0.0,0,0,0,0,0,0,4,0,0,0,0,6.666666666666667e-05,0,0.0,0,0.0,0,0.0,0,0.0,,,1988,2004,17,0.6916022571392941
Derrick McKey,mckeyde01,82,241.0,1966-10-10,Alabama,1988,2002,1987-11-06T00:00:00Z,False,15,NBA,"SEA, IND, PHI",SF,937,639.0,29.059765208110992,4.1707577374599785,8.589114194236926,0.4855864811133201,0.21664887940234792,0.6851654215581644,0.3161993769470405,3.954108858057631,7.903948772678762,0.5002700513097489,0.498198310139165,2.398078975453575,3.0789754535752403,0.7788561525129982,1.6168623265741728,3.065101387406617,4.68196371398079,2.405549626467449,1.144076840981857,0.6520811099252934,1.8281750266808965,2.8815368196371396,10.95624332977588,27229.0,3908,8048,203.0,642.0,3705.0,7406.0,2247,2885,1515.0,2872.0,4387.0,2254,1072.0,611.0,1713.0,2700.0,10266,1.0,13.870101729773403,0.5458688530610747,0.08358940835139006,0.3509379705461089,6.518094678467811,12.335318961401448,9.421510154614566,12.434187814462522,2.02542142568585,1.5309376032906092,15.75685482390099,17.472037166256566,31.200000000000006,30.5,61.699999999999996,0.10907862940247531,0.11517866980058022,0.8516765213559073,0.9578500863050424,20.300000000000004,7.310250100995262,15.089621359579859,0.38644827206287413,1.2050497631202026,6.923926695802269,13.87830621763561,4.186962429762386,5.3860185831282825,2.846758970215579,5.401689375298395,8.257203716625657,4.243159866318997,2.02542142568585,1.142733849939403,3.2157846413750044,5.090998567703551,19.197069301112784,109.27896727753497,106.504205075471,0.0,2.3047654229774657,57.947173993350575,39.60325083117843,0.14480975249353528,1.7745105282600664,-2.630513483561138,146.0,51.0,312.0,20.0,119.0,,856.0,22.0,71.0,11.256594015515331,0.2666605097894348,0.2281935722201699,0.1961815663095678,0.18839619504987068,0.12037827853712596,0.6156477650535648,0.3564778352419653,0.37847118581455486,0.40277188769855926,0.6180581824898412,0.9369998152936831,0.013857960842260809,18.0,0.3109405245659402,0.26403250831178426,0.0,0.0,0,0,0,0.0432,0.00013333333333333334,0.03333333333333333,0,2,4,0,0,0,1,1,0,1,0,0.0,0,0.0,0,0.0,0,0.0008,0,0.0012666666666666666,,,1988,2002,15,0.879621721462874
Reggie Miller,millere01,79,185.0,1965-08-24,UCLA,1988,2002,1987-11-06T00:00:00Z,True,15,NBA,IND,SG,1173,1088.0,35.07502131287298,6.296675191815857,13.255754475703325,0.4750144703839475,1.8900255754475703,4.719522591645354,0.40046965317919075,4.406649616368286,8.53623188405797,0.516228902426845,0.5463052286320663,4.80306905370844,5.42455242966752,0.8854314002828855,0.7041773231031543,2.421142369991475,3.125319693094629,3.0485933503836318,1.132139812446718,0.23785166240409208,1.8738277919863597,2.0767263427109977,19.286445012787723,41143.0,7386,15549,2217.0,5536.0,5169.0,10013.0,5634,6363,826.0,2840.0,3666.0,3576,1328.0,279.0,2198.0,2436.0,22623,1.0,18.70979267433099,0.6154219186738934,0.3563963736237027,0.4072658532435651,2.390501421870063,7.688313929465522,5.141081107357266,14.258471671973362,1.663792139610626,0.4612765233454049,10.65819945069635,22.229066912962107,123.7,27.799999999999997,151.60000000000002,0.17680558053617867,3.975312932941205,-0.3362127214836059,3.6443817903410056,58.599999999999994,9.22567629973507,19.481364995260435,2.7956493206620814,6.981987215322168,6.437787716014874,12.50617115912792,7.049272051138711,7.955632792941691,1.0220353401550688,3.558345283523322,4.577799382641032,4.453651897042024,1.663792139610626,0.355661959507085,2.7356780011180515,3.0423692973288285,28.32078117784313,121.46464769219551,109.36071749750869,10.148870822041554,86.29972899728998,3.6531165311653115,0.0,0.0,3.5962541403191817,1.5767600120445648,370.0,149.0,240.0,119.0,639.0,,2714.0,129.0,183.0,17.94878651008732,0.11899638663053295,0.06295814513700693,0.12505769346582354,0.28227106293285154,0.41037440529960856,0.6981964468533575,0.4177348389039446,0.38059090635350795,0.4569254441433303,0.6662549232158989,0.8598993074375189,0.005070761818729299,31.0,0.26070617283950615,0.4291523035230352,16.0,0.0,0,0,5,0.002266666666666667,0.07400000000000001,0.027266666666666665,0,0,2,0,0,3,12,0,0,1,0,0.0002,0,0.0,0,0.0,0,0.021733333333333334,0,0.0,,,1988,2005,15,0.5896255947003914
Reggie Miller,millere01,79,185.0,1965-08-24,UCLA,1989,2003,1987-11-06T00:00:00Z,True,15,NBA,IND,SG,1161,1157.0,35.67614125753661,6.340223944875108,13.401378122308355,0.47310238447200975,1.9543496985357451,4.89405684754522,0.39933122140091515,4.3858742463393625,8.507321274763136,0.5155411562215247,0.5460183816440646,4.902670111972437,5.518518518518518,0.8884033088809115,0.6477174849267873,2.4944013781223084,3.1421188630490957,3.1128337639965546,1.1515934539190353,0.22739018087855298,1.8630490956072352,2.0396210163652024,19.537467700258397,41420.0,7361,15559,2269.0,5682.0,5092.0,9877.0,5692,6407,752.0,2896.0,3648.0,3614,1337.0,264.0,2163.0,2368.0,22683,1.0,18.775405601158862,0.6160539111540319,0.3673452197006277,0.40979951714147755,2.1775253500724285,7.7867914051183,5.088597295992274,14.394884113954614,1.6671390632544667,0.43664896185417673,10.450741187831966,22.13324239497827,126.39999999999999,28.299999999999997,154.8,0.17932322549492996,4.012305649444712,-0.3110840173829068,3.706467889908257,59.59999999999999,9.161926605504588,19.416764847899564,2.848985997102849,7.13472235634959,6.320649444712698,12.288790439401255,7.085101400289716,7.971644133268952,0.9296982134234669,3.612600193143409,4.540403186866248,4.483051665861902,1.6671390632544667,0.3361830033800096,2.6792177691936256,2.9478899082568804,28.27273056494447,121.82361178174794,109.06501690004829,10.24511270163444,86.37891250934729,3.4661895096677706,0.0,0.0,3.5966777053733585,1.4097745967311184,403.0,165.0,262.0,133.0,703.0,,3080.0,137.0,193.0,18.02242281807499,0.12329366520670866,0.06024906527080441,0.11837971370580068,0.2773781647259908,0.42039579104796493,0.704054160880248,0.4066834205747249,0.3833509774596731,0.4558031193248584,0.6932511483815832,0.869748264074351,0.004497382758252323,31.0,0.25825173592564893,0.4163575472705907,17.0,0.0,0,0,5,0.002266666666666667,0.074,0.0,0,0,2,0,0,3,12,0,0,0,0,0.0002,0,0.0,0,0.0,0,0.021733333333333334,0,0.0,,,1988,2005,16,0.579604208952035
Reggie Miller,millere01,79,185.0,1965-08-24,UCLA,1990,2004,1987-11-06T00:00:00Z,True,15,NBA,IND,SG,1167,1167.0,35.251071122536416,6.189374464438732,13.129391602399314,0.47141365357003,1.9751499571550986,4.946015424164524,0.39934164934164934,4.2142245072836335,8.18337617823479,0.5149738219895288,0.5466322934342775,4.756640959725793,5.34018851756641,0.8907252888318357,0.5972579263067695,2.4395886889460154,3.036846615252785,3.115681233933162,1.1216795201371037,0.21079691516709512,1.7892030848329048,1.9657240788346186,19.110539845758353,41138.0,7223,15322,2305.0,5772.0,4918.0,9550.0,5551,6232,697.0,2847.0,3544.0,3636,1309.0,246.0,2088.0,2294.0,22302,1.0,18.818403908794792,0.6160406679955273,0.3825320385045457,0.4026273518401478,2.0321673391997668,7.7723102727405315,4.997420876075648,14.744836890466237,1.6552700666050852,0.4184063396373182,10.249032524673051,21.98829549321795,127.19999999999999,29.899999999999995,157.20000000000002,0.18326389226505907,4.05349555155817,-0.26390441927171954,3.800352472166853,60.199999999999996,9.101405026982352,19.36416451942243,2.932198940152657,7.337702367640625,6.182446886090719,12.027777237590549,6.991863970052021,7.8447542418202145,0.8716831153677864,3.603094462540717,4.478348485585103,4.5829306237541925,1.6552700666050852,0.3179371870290243,2.6242841168749087,2.8968496280810925,28.14792892216442,122.12377850162866,108.4421945646361,9.144212433257056,87.0903890160183,3.8459191456903126,0.0,0.0,4.370718916857362,2.3113558352402745,449.0,178.0,288.0,139.0,739.0,,3607.0,145.0,202.0,18.245671243325706,0.11885640732265444,0.058825371853546915,0.11232136727688787,0.2740063882532418,0.4356120327993898,0.7073794813119756,0.41671086003051105,0.3885786136536995,0.4509887490465293,0.6946210907704042,0.8725691742944317,0.004229023646071701,32.0,0.2610185450038139,0.42255158276125093,18.0,0.0,0,0,5,0.002266666666666667,0.074,0.0,0,0,2,0,0,3,12,0,0,0,0,0.0002,0,0.0,0,0.0,0,0.021733333333333334,0,0.0,,,1988,2005,17,0.5643879672006101
Reggie Miller,millere01,79,185.0,1965-08-24,UCLA,1991,2005,1987-11-06T00:00:00Z,True,15,NBA,IND,SG,1151,1151.0,34.79669852302346,5.973935708079931,12.818418766290183,0.4660431069540464,1.955690703735882,4.959165942658558,0.39435879467414153,4.018245004344049,7.859252823631625,0.5112757019677205,0.542327504405585,4.567332754126846,5.1025195482189405,0.8951132300357568,0.5386620330147698,2.419635099913119,2.9582971329278887,3.0156385751520416,1.0851433536055604,0.20243266724587317,1.6880973066898348,1.9357080799304953,18.47089487402259,40051.0,6876,14754,2251.0,5708.0,4625.0,9046.0,5257,5873,620.0,2785.0,3405.0,3471,1249.0,233.0,1943.0,2228.0,21260,1.0,18.543879054205892,0.6119435469776034,0.39227787071483855,0.3943458340615715,1.8449951312077104,7.8300616713690046,4.933936730668399,14.640593243614392,1.6330328830740808,0.41636413572694814,9.980422461361762,21.749571795960154,121.49999999999999,30.099999999999994,151.70000000000002,0.18166889715612597,3.8886145164914727,-0.21510574018126885,3.6793063843599407,57.39999999999999,8.96647274724726,19.291807944870293,2.959868667449003,7.500491872862101,6.020204239594516,11.792666849766547,6.853786422311552,7.6524955681506075,0.8020723577438763,3.643027639759307,4.44876782102819,4.52448128635989,1.6330328830740808,0.3079124116751142,2.5296496966367883,2.9127038026516185,27.765513969688648,121.75750917580085,108.10826196599336,8.310255188250077,85.44053550539405,6.322386378406481,0.0,0.0,4.428109700619558,2.9122438369221437,497.0,188.0,316.0,154.0,806.0,,3937.0,154.0,213.0,18.341826610632122,0.11312386811663272,0.05692608639140419,0.1156664789220571,0.28038984446081194,0.43364100342272865,0.7089864823881115,0.43616294787920795,0.404303539707985,0.4511721762488627,0.6919196308652138,0.879448507430354,0.004481738226246697,37.0,0.2644824747627919,0.4198564620250422,19.0,0.0,0,0,4,0.002266666666666667,0.0706,0.0,0,0,2,0,0,3,12,0,0,0,0,0.0002,0,0.0,0,0.0,0,0.0,0,0.0,,,1988,2005,18,0.5663589965772713
Olden Polynice,polynol01,84,250.0,1964-11-21,Virginia,1988,2004,1987-11-06T00:00:00Z,False,15,NBA,"SEA, LAC, DET, SAC, SEA, UTA, LAC",C,1058,658.0,23.519848771266542,3.3620037807183363,6.651228733459357,0.5054710814267444,0.004725897920604915,0.024574669187145556,0.19230769230769232,3.3572778827977316,6.626654064272212,0.5066324347454001,0.505826346454455,1.0831758034026464,2.0236294896030245,0.5352638953759925,2.5803402646502835,4.1398865784499055,6.720226843100189,0.7032136105860114,0.4877126654064272,0.6153119092627599,1.10586011342155,2.679584120982987,7.811909262759924,24884.0,3557,7037,5.0,26.0,3552.0,7011.0,1146,2141,2730.0,4380.0,7110.0,744,516.0,651.0,1170.0,2835.0,8265,0.0,13.187859668863522,0.518475526442694,0.003714193859508117,0.3102694904356213,12.489113486577722,20.376571290789265,16.414459090178426,4.741761774634302,1.0526241761774635,1.867850827841183,12.78886834914001,16.04614209934094,19.999999999999996,26.8,46.9,0.09013112843594279,-1.3348014788619196,-0.9426539141617103,-2.2873171515833466,-1.7,7.334954187429675,14.516066548786368,0.0,0.04080131811605851,7.327644269410064,14.486525478218937,2.3340098054975082,4.381823661790709,5.625353640893746,9.023468895675938,14.648822536569682,1.5402949686545573,1.0526241761774635,1.3536850988587041,2.4145917055135833,5.83830975727375,17.02120639768526,106.61891175052243,106.09126346246585,0.0,0.0,0.0,3.5565610859728505,96.44343891402715,-1.1764705882352942,-1.043956043956044,167.0,113.0,421.0,74.0,265.0,,880.0,55.0,185.0,7.664598146951088,0.33283527257056666,0.40562421891833655,0.19505494505494506,0.06155666882137469,0.003991596638655463,0.6268818142641672,0.4271760396466279,0.3520525748761043,0.4124299719887955,0.6440800474035768,0.19597069597069597,0.05031684981684982,120.0,0.2596282051282051,0.0,0.0,0.0,0,0,0,0.0,0.0,0.003,0,0,0,0,0,0,0,0,0,1,0,0.0,0,0.0,0,0.0,0,0.0006666666666666666,0,0.0,,,1988,2004,15,0.9947155785391079
Horace Grant,grantho01,82,215.0,1965-07-04,Clemson,1988,2002,1987-11-07T00:00:00Z,False,15,NBA,"CHI, ORL, SEA, LAL, ORL",PF,1105,1026.0,33.873303167420815,4.827149321266968,9.453393665158371,0.5106260769672601,0.0036199095022624436,0.056108597285067875,0.06451612903225806,4.823529411764706,9.397285067873304,0.5132896764252697,0.5108175378135171,1.8778280542986425,2.714027149321267,0.6918972990996999,3.0642533936651586,5.263348416289593,8.327601809954752,2.2597285067873303,1.0099547511312217,1.009049773755656,1.1520361990950225,2.495022624434389,11.535746606334842,37430.0,5334,10446,4.0,62.0,5330.0,10384.0,2075,2999,3386.0,5816.0,9202.0,2497,1116.0,1115.0,1273.0,2757.0,12747,0.0,16.129233235372695,0.5402606465402083,0.005899492385786803,0.28541661768634785,10.482027785199039,17.894533796419985,14.195388725621157,9.84442960192359,1.5433689553833825,2.006473417045151,9.66234838364948,15.311627037135986,68.2,48.00000000000001,115.8,0.14880903018968744,1.0288992786534865,0.43378840502270916,1.4633262089233234,32.5,7.348463799091638,14.42565856265028,0.0,0.0791023243387657,7.341130109537804,14.344883783061714,2.8589580550360676,4.127694362810579,4.675129575207054,8.023205984504408,12.691407961528187,3.4411862142666307,1.5433689553833825,1.53,1.7618140528987443,3.7914293347582158,17.57527651616351,117.25359337429869,104.36481432006411,0.0,0.0,0.5390608549168246,73.35333754474627,26.107601600336913,2.4896399241945675,4.288250157927985,225.0,69.0,492.0,31.0,321.0,,1923.0,81.0,128.0,12.68201024777146,0.24799922790762963,0.091479188601109,0.14834273882220816,0.50645321822138,0.00577623359303713,0.6524186846353618,0.36449378816592964,0.34316880746823897,0.44900722959219486,0.8006540324278796,0.175194777847968,0.027359022952200468,97.0,0.07642535270583281,0.175194777847968,2.0,0.0,4,0,1,0.11666666666666668,0.008533333333333334,0.024266666666666666,0,4,10,0,0,0,6,0,0,1,0,0.0,0,0.0,0,0.0,0,0.0,0,0.0024666666666666665,,,1988,2004,15,0.9942237664069628
Horace Grant,grantho01,82,215.0,1965-07-04,Clemson,1989,2003,1987-11-07T00:00:00Z,False,15,NBA,"CHI, ORL, SEA, LAL, ORL",PF,1029,1021.0,34.68221574344023,4.949465500485909,9.683187560738581,0.5111401043757527,0.003887269193391642,0.05830903790087463,0.06666666666666667,4.945578231292517,9.624878522837706,0.5138327948303716,0.5113408269771176,1.9057337220602526,2.737609329446064,0.69613063542776,3.141885325558795,5.374149659863946,8.51603498542274,2.3469387755102042,1.0379008746355685,1.032069970845481,1.154518950437318,2.4693877551020407,11.808551992225462,35688.0,5093,9964,4.0,60.0,5089.0,9904.0,1961,2817,3233.0,5530.0,8763.0,2415,1068.0,1062.0,1188.0,2541.0,12151,0.0,16.282215310468505,0.5407376709258014,0.005982683254875589,0.2809698217888366,10.498170253306434,17.856044048419637,14.184442950011208,10.015063887020847,1.5513197713517148,2.0173839946200403,9.487757789733243,15.282786931181349,66.69999999999999,45.400000000000006,111.8,0.15063312598072182,1.1715086303519389,0.45198666218336697,1.624164985429276,32.4,7.3676165657924235,14.4492938802959,0.0,0.07784409325263394,7.359924904729882,14.36969569603228,2.8398088993499218,4.073206680116565,4.686056937906299,8.013859000224164,12.692888365837256,3.4962956736157813,1.5513197713517148,1.527891728312038,1.726375812598072,3.671360121049092,17.59537939923784,117.67075767765076,104.34095494283793,0.0,0.0,0.5358638012838404,73.27414178063076,26.189994418085405,2.4274281328495677,4.21418504046888,225.0,69.0,495.0,31.0,321.0,,1940.0,81.0,129.0,12.700502372313704,0.2470028607312308,0.09141110801004744,0.14793741278258443,0.507956949483673,0.005741975997767234,0.6544801144292492,0.36233205414457154,0.3470643315657271,0.4491554563215183,0.8018363103544516,0.1741557354172481,0.027196762489533913,97.0,0.07597209042701647,0.1741557354172481,2.0,0.0,4,0,1,0.11666666666666667,0.008533333333333334,0.0,0,4,10,0,0,0,6,0,0,0,0,0.0,0,0.0,0,0.0,0,0.0,0,0.0024666666666666665,,,1988,2004,16,0.9942580240022326
Horace Grant,grantho01,82,215.0,1965-07-04,Clemson,1990,2004,1987-11-07T00:00:00Z,False,15,NBA,"CHI, ORL, SEA, LAL, ORL, LAL",PF,1005,952.0,33.81592039800995,4.756218905472637,9.360199004975124,0.508132241947486,0.003980099502487562,0.05572139303482587,0.07142857142857142,4.7522388059701495,9.304477611940298,0.5107475136349053,0.5083448495801,1.8507462686567164,2.6587064676616916,0.6961077844311377,3.056716417910448,5.216915422885572,8.27363184079602,2.3064676616915425,1.0009950248756219,1.0159203980099503,1.0835820895522388,2.3482587064676617,11.367164179104478,33985.0,4780,9407,4.0,56.0,4776.0,9351.0,1860,2672,3072.0,5243.0,8315.0,2318,1006.0,1021.0,1089.0,2360.0,11424,0.0,16.302459908783288,0.5372671178461086,0.005916727968221273,0.28181556569074595,10.441515374429894,17.816804472561426,14.125343533912021,10.145069883772253,1.5408739149624835,2.0565867294394584,9.246929527732823,15.156760335442106,64.2,43.50000000000001,107.39999999999999,0.15192075915845224,1.2242224510813593,0.4911666911872886,1.7045726055612769,31.599999999999998,7.2899043695748125,14.374435780491396,0.0,0.07347947623951744,7.281827276739738,14.29911431513903,2.8340562012652644,4.069386494041489,4.694141533029278,8.005049286449905,12.695065470060321,3.5309283507429745,1.5408739149624835,1.5460791525673092,1.6683419155509784,3.5990495806973666,17.438475798146236,117.69457113432397,104.07753420626747,0.0,0.0,0.49747376603186944,73.5410674957896,25.96145873817852,2.3394934577017747,3.6472017100660707,241.0,76.0,535.0,33.0,340.0,,2095.0,83.0,139.0,12.600168415597876,0.252017554087317,0.089375696333722,0.14822846223604091,0.5048078118927322,0.005617178390983287,0.6479263505635445,0.3721947791164658,0.33903588547739344,0.4424816686099235,0.7981226842855292,0.16167897396035755,0.025893120870579094,99.0,0.0705293431791683,0.16167897396035755,2.0,0.0,4,0,1,0.11666666666666667,0.008533333333333334,0.0,0,4,10,0,0,0,6,0,0,0,0,0.0,0,0.0,0,0.0,0,0.0,0,0.0024666666666666665,,,1988,2004,17,0.9943828216090167
Scottie Pippen,pippesc01,80,210.0,1965-09-25,University of Central Arkansas,1988,2002,1987-11-07T00:00:00Z,True,15,NBA,"CHI, HOU, POR",SF,1091,989.0,35.514207149404214,6.509624197983501,13.71494042163153,0.47463743901624006,0.84967919340055,2.5857011915673693,0.3286068769939738,5.659945004582951,11.129239230064162,0.5085653104925053,0.5056138474904766,2.7351054078826764,3.906507791017415,0.7001407789770061,1.8249312557286892,4.72685609532539,6.551787351054079,5.316223648029331,1.999083409715857,0.8368469294225481,2.8084326306141154,2.8799266727772688,16.60403299725023,38746.0,7102,14963,927.0,2821.0,6175.0,12142.0,2984,4262,1991.0,5157.0,7148.0,5800,2181.0,913.0,3064.0,3142.0,18115,17.0,18.86505187632272,0.5365060909513241,0.19254049450265834,0.2840718525783306,6.047604914055643,15.334754555308935,10.758909306767151,23.095940226087855,2.9289087905848348,1.5881871677076345,15.63075930418624,22.67403344861405,56.8,64.1,120.99999999999999,0.14993274144427815,2.463686574097972,1.7934367418572243,4.275868476745987,61.39999999999999,9.519733649925152,20.05710524957415,1.2646699014091778,3.8418856139988637,8.257146544159395,16.241885613998864,3.9929825014195015,5.702911268259949,2.667712796159603,6.922495225313581,9.583835750787177,7.785139111134052,2.9289087905848348,1.2183657667888297,4.122773963764002,4.20287255458628,24.282258813813037,108.28944923346926,101.3666701078821,0.0,4.5482546201232035,88.55778820768553,7.478952772073922,0.12114989733059549,7.267593135816956,1.6265840422411264,584.0,205.0,378.0,99.0,476.0,,4513.0,111.0,201.0,14.488391023760633,0.28553710765620416,0.09795790554414784,0.10741947785274274,0.19987804341449109,0.30887481666177763,0.6329607656204166,0.35230060134936936,0.36672631270167205,0.4373424024640657,0.5714031974185979,0.7751059694925198,0.04859812261660311,219.0,0.1711370636550308,0.3800110002933412,8.0,0.0,6,0,7,0.4453333333333333,0.31246666666666667,0.0212,8,10,12,3,5,7,10,0,0,1,0,0.04766666666666666,0,0.0,0,0.0,0,0.0022,0,0.03353333333333334,,,1988,2004,15,0.6911251833382223
Scottie Pippen,pippesc01,80,210.0,1965-09-25,University of Central Arkansas,1989,2003,1987-11-07T00:00:00Z,True,15,NBA,"CHI, HOU, POR",SF,1076,1047.0,36.25185873605948,6.604089219330855,13.936802973977695,0.4738596959189117,0.8931226765799256,2.723977695167286,0.32787444558171275,5.7109665427509295,11.212825278810408,0.5093244923331952,0.5059015737530008,2.7936802973977697,3.9386617100371746,0.7092968381311939,1.796468401486989,4.828066914498141,6.62453531598513,5.4981412639405205,2.0399628252788102,0.8234200743494424,2.8782527881040894,2.859665427509294,16.894981412639407,39007.0,7106,14996,961.0,2931.0,6145.0,12065.0,3006,4238,1933.0,5195.0,7128.0,5916,2195.0,886.0,3097.0,3077.0,18179,17.0,18.942717973697032,0.5377069500346091,0.20044292050144846,0.28141938626400387,5.840877278437203,15.385043710103316,10.678121875560796,23.518537698361836,2.9378444894506113,1.546181454610711,15.781995539262185,22.656141205424667,58.400000000000006,64.1,122.49999999999999,0.1507918835080883,2.52757197426103,1.804832465967647,4.3510241751480505,62.5,9.480170225856897,20.018391570743713,1.3058681775066014,3.9678365421590995,8.185500038454636,16.07214346143,4.005934832209603,5.650555028584613,2.5801984259235518,6.943040992642347,9.51690978542313,7.905017048222114,2.9378444894506113,1.1768272361371035,4.151347194093368,4.1055631040582465,24.266511139026328,108.31858384392545,101.27961647909349,0.0,4.357946870778928,88.12047340322891,7.911751463304817,0.10625844214317876,7.369910593683669,2.6558242747797003,681.0,246.0,426.0,113.0,527.0,,5138.0,125.0,235.0,14.330025085225444,0.283996076413456,0.09931517334533993,0.10847417508200938,0.20972644240046312,0.29831928989515666,0.6313676593555027,0.36197414292146396,0.3804038078085804,0.4314002701485817,0.5677890268218949,0.7704220749983919,0.045943333118929695,234.0,0.1824286357496623,0.36845539332347077,9.0,0.0,6,0,7,0.4545333333333334,0.31246666666666667,0.0,8,10,13,3,5,7,10,0,0,0,0,0.04766666666666667,0,0.0,0,0.0,0,0.0022,0,0.03353333333333333,,,1988,2004,16,0.7016807101048433
Scottie Pippen,pippesc01,80,210.0,1965-09-25,University of Central Arkansas,1990,2004,1987-11-07T00:00:00Z,True,15,NBA,"CHI, HOU, POR, CHI",SF,1026,997.0,36.0682261208577,6.57504873294347,13.907407407407407,0.4727731445791576,0.928849902534113,2.828460038986355,0.328394210889042,5.646198830409356,11.078947368421053,0.5096331485880179,0.5061672156423015,2.750487329434698,3.8635477582846005,0.7119071644803229,1.7690058479532165,4.810916179337232,6.579922027290448,5.565302144249513,2.0243664717348926,0.8128654970760234,2.8528265107212474,2.7816764132553606,16.82943469785575,37006.0,6746,14269,953.0,2902.0,5793.0,11367.0,2822,3964,1815.0,4936.0,6751.0,5710,2077.0,834.0,2927.0,2854.0,17267,16.0,19.133483759390373,0.5376019834621414,0.2092967626871318,0.27615875803923684,5.771201967248554,15.43035453710209,10.65801221423553,24.039434145814194,2.9376641625682316,1.5497919256336812,15.73108414851646,22.710544236069826,57.5,61.300000000000004,118.79999999999998,0.1541410311841323,2.6812597957088045,1.8461249527103716,4.553531859698427,61.099999999999994,9.513130303194078,20.13723180024861,1.3682105604496568,4.145970923634006,8.163243798302977,16.014016645949305,3.978581851591634,5.589671945089985,2.5649732475814733,6.975585040263741,9.533886396800519,8.063530238339728,2.9376641625682316,1.1679403339998917,4.1496703237312875,4.0288899097443664,24.36822947630114,108.54891098740745,101.04504674917581,0.0,4.322889905382543,88.11736324331099,7.939845855003447,0.1035152578482361,6.6039476157653985,2.145804874992167,703.0,253.0,440.0,113.0,534.0,,5248.0,126.0,242.0,14.360229337677799,0.2820083338555047,0.09840347139545084,0.10918478601416129,0.2107661507613259,0.2994727739833323,0.6301964408797543,0.3612261419888464,0.3787411491948117,0.43058963594210165,0.5660389748731124,0.770385362491384,0.0449379660379723,235.0,0.18148818848298764,0.36632671220001256,9.0,0.0,6,0,7,0.4545333333333334,0.31246666666666656,0.0,8,10,13,3,5,7,10,0,0,0,0,0.04766666666666667,0,0.0,0,0.0,0,0.0013999999999999998,0,0.03353333333333333,,,1988,2004,17,0.7005272260166677
Mark Bryant,bryanma01,81,245.0,1965-04-25,Seton Hall,1989,2003,1988-11-04T00:00:00Z,False,15,NBA,"POR, HOU, PHO, CHI, CLE, DAL, SAS, BOS, DEN, PHI",PF,797,198.0,16.912170639899625,2.181932245922208,4.36762860727729,0.49956908934214306,0.0012547051442910915,0.015056461731493099,0.08333333333333333,2.1806775407779173,4.352572145545797,0.5010089362928798,0.49971272622809537,1.0464240903387705,1.5006273525721456,0.697324414715719,1.4052697616060226,2.3488080301129233,3.754077791718946,0.616060225846926,0.41405269761606023,0.24466750313676286,0.8293601003764115,2.5319949811794227,5.411543287327478,13479.0,1739,3481,1.0,12.0,1738.0,3469.0,834,1196,1120.0,1872.0,2992.0,491,330.0,195.0,661.0,2018.0,4313,0.0,10.896416648119295,0.5371901476370651,0.003367905630981527,0.3431089101565398,9.210861339862007,15.748735069367163,12.45311966763113,5.4756510126864,1.2306773499517767,0.9897470138734328,14.341034201350247,14.847703835596114,11.700000000000001,14.7,26.2,0.09284086356554641,-2.8625120557904893,-0.2928703909785592,-3.1609244009199493,-4.1000000000000005,6.488122264262927,12.925261517916763,0.004881667779508866,0.03920172119593442,6.483240596483418,12.890941464500333,3.092514281474887,4.4536315750426585,4.173640477780251,6.942644113064766,11.097692707174124,1.840893241338378,1.2306773499517767,0.7223903850434009,2.4638993990652125,7.491527561391795,16.039995548631204,107.23636768306254,106.0997848505082,0.0,0.0,3.8161805173362686,67.43826820766832,28.745551274995414,-3.0235920014676205,-0.20273344340487998,79.0,60.0,272.0,72.0,165.0,,494.0,32.0,99.0,7.677765547605944,0.3003445239405614,0.4279856906989543,0.2111278664465235,0.05901008989176298,0.001477160154100165,0.6350869565217391,0.46059328563566315,0.4037629792698586,0.47189121262153744,0.6474953219592735,0.0,0.041679324894514765,48.0,0.0,0.0,1.0,0.0,0,0,0,0.0,0.0,0.0,0,0,0,0,0,0,0,0,0,0,0,0.0,0,0.0,0,0.0,0,0.0,0,0.0,,,1989,2003,15,0.9985228398458998
Rod Strickland,stricro02,75,175.0,1966-07-11,DePaul,1989,2003,1988-11-04T00:00:00Z,False,15,NBA,"NYK, SAS, POR, WSB, WAS, POR, MIA, MIN",PG,1017,728.0,31.70206489675516,5.171091445427729,11.339233038348082,0.4560353798126951,0.18092428711897737,0.6420845624385447,0.28177641653905056,4.9901671583087515,10.697148475909538,0.4664950822685909,0.46401318071453346,3.2949852507374633,4.573254670599804,0.7204902171576005,1.1160275319567354,2.720747295968535,3.8367748279252702,7.575221238938053,1.551622418879056,0.19862340216322516,2.7148475909537857,1.9242871189773845,13.818092428711898,32241.0,5259,11532,184.0,653.0,5075.0,10879.0,3351,4651,1135.0,2767.0,3902.0,7704,1578.0,202.0,2761.0,1957.0,14053,6.0,18.191523215781153,0.5165172916472814,0.054443348531373094,0.40124028411029444,3.9279023603486243,9.795257591265779,6.823088613876742,37.399140845507276,2.4828913495238982,0.42400359790329084,16.896796005086692,21.916888433981576,48.49999999999999,36.199999999999996,84.7,0.1260712136720325,2.134257622282187,0.3795632889798703,2.5085760367234267,36.6,8.288266492974781,18.190155392202474,0.2881703421109767,1.0352997735802236,7.984144412394156,17.1449458763686,5.285366458856735,7.307630036289198,1.7713687540709033,4.378707236127911,6.137256908904809,12.14833286808722,2.4828913495238982,0.31276325176018116,4.352045532086473,3.081250581557644,22.127092832108186,108.036599361062,105.41261127136255,92.68522617236133,7.156107345414304,0.15866648222437404,0.0,0.0,-0.5137847558445152,1.6075459952967215,706.0,271.0,327.0,92.0,772.0,,7333.0,183.0,277.0,10.889998616682803,0.32798561350117583,0.15307117166966386,0.22320825840365197,0.24820009683220365,0.047572139991700096,0.5875130031816295,0.35035910914372675,0.37600428828330335,0.4245029741319685,0.26154903859454975,0.5976826670355513,0.000414580163231429,2.0,0.06337764559413474,0.14889057960990454,6.0,1.0,0,0,0,0.0011333333333333334,0.028466666666666664,0.025,0,0,1,0,1,1,6,0,1,1,0,6.666666666666667e-05,0,0.0,0,0.0,0,0.0019333333333333331,0,0.0,,,1989,2005,15,0.9524278600082998
Rod Strickland,stricro02,75,175.0,1966-07-11,DePaul,1990,2004,1988-11-04T00:00:00Z,False,15,NBA,"NYK, SAS, POR, WSB, WAS, POR, MIA, MIN, ORL, TOR",PG,997,728.0,32.1765295887663,5.1594784353059175,11.352056168505516,0.45449726100017673,0.17552657973921765,0.6318956870611836,0.2777777777777778,4.9839518555667,10.720160481444333,0.4649139221556886,0.4622283088884962,3.2607823470411232,4.531594784353059,0.7195661797255423,1.1213640922768304,2.7873620862587765,3.908726178535607,7.651955867602808,1.5195586760280841,0.21063189568706117,2.7061183550651955,1.896690070210632,13.755265797392177,32080.0,5144,11318,175.0,630.0,4969.0,10688.0,3251,4518,1118.0,2779.0,3897.0,7629,1515.0,210.0,2698.0,1891.0,13714,6.0,18.07681421446384,0.5142776184538655,0.05412001246882792,0.3963980049875312,3.8934569825436407,9.89576059850374,6.858291770573566,37.52798628428928,2.4153584788029923,0.4480174563591022,16.87583229426434,21.730844763092268,47.29999999999999,34.99999999999999,82.30000000000001,0.12309875311720699,2.065542394014963,0.3011034912718205,2.3571415211970077,35.2,8.198874688279302,18.054491895261844,0.2791427680798005,1.0155330423940148,7.9042019950124685,17.028999376558602,5.185769950124687,7.178294887780548,1.7642643391521196,4.445545511221944,6.19692643391521,12.158831047381547,2.4153584788029923,0.32875623441396506,4.304018079800499,3.0203865336658353,21.83956982543641,107.6909289276808,105.47927057356608,93.16806132226125,6.685404024273395,0.14653465346534653,0.0,0.0,-0.9332673267326732,1.5763845416799744,757.0,298.0,363.0,96.0,809.0,,7864.0,185.0,289.0,11.036039603960397,0.3215639731715107,0.1487074417119131,0.2208984988821463,0.25713075694666243,0.05173375918236985,0.5879325455126158,0.3550722452890451,0.3730984350047908,0.42285883104439487,0.2677768763973171,0.6207982114340467,0.0003828808687320345,2.0,0.0755061002874481,0.16617917598211432,7.0,1.0,0,0,0,0.0011333333333333334,0.028466666666666664,0.0,0,0,1,0,1,1,6,0,0,0,0,6.666666666666667e-05,0,0.0,0,0.0,0,0.0019333333333333331,0,0.0,,,1989,2005,16,0.9482662408176301
Rod Strickland,stricro02,75,175.0,1966-07-11,DePaul,1991,2005,1988-11-04T00:00:00Z,False,15,NBA,"SAS, POR, WSB, WAS, POR, MIA, MIN, ORL, TOR, HOU",PG,931,706.0,32.369495166487646,5.166487647690655,11.390977443609023,0.4535596416784536,0.18045112781954886,0.6466165413533834,0.27906976744186046,4.9860365198711065,10.74436090225564,0.46406078176547033,0.46148043375766146,3.3147153598281416,4.564983888292159,0.7261176470588235,1.1074113856068744,2.82921589688507,3.936627282491944,7.733619763694952,1.4940923737916219,0.21267454350161116,2.7325456498388827,1.8754027926960257,13.828141783029,30136.0,4810,10605,168.0,602.0,4642.0,10003.0,3086,4250,1031.0,2634.0,3665.0,7200,1391.0,198.0,2544.0,1746.0,12874,6.0,18.157943987257767,0.5142914122644014,0.055076387045394214,0.39735187151579504,3.8154665516325985,10.013817361295462,6.869856649853996,37.926433501460046,2.3704373506769314,0.4537164852667904,16.977963233342184,21.782874303159012,45.19999999999999,32.6,77.80000000000001,0.12396177329439874,2.1288093973984603,0.2708189540748606,2.389510883992567,33.300000000000004,8.190134722590921,18.075142686487926,0.2848984603132466,1.035236925935758,7.8887045394212905,17.022202681178655,5.252505309264666,7.212188080700822,1.734151844969472,4.498297717016194,6.225836209185027,12.253587071940537,2.3704373506769314,0.33256238385983544,4.333332227236528,2.9862490045128753,21.89244093443058,107.66939872577647,105.43267188744359,93.25253927197022,6.6027379976026745,0.1447227304271024,0.0,0.0,-0.8289887073370765,1.5915147309318023,769.0,302.0,369.0,96.0,812.0,,7951.0,185.0,292.0,11.049195634344837,0.3204688663175825,0.1485997728849915,0.22190133114629992,0.25740117342754404,0.05167522553782096,0.5868452463566967,0.3527467036780014,0.37038924988959687,0.41763011797362953,0.26601141883792817,0.6254870986057662,0.0003781464891804933,2.0,0.0745724559964671,0.16412434546716295,7.0,1.0,0,0,0,0.0011333333333333334,0.028466666666666664,0.0,0,0,1,0,1,1,6,0,0,0,0,6.666666666666667e-05,0,0.0,0,0.0,0,0.0019333333333333331,0,0.0,,,1989,2005,17,0.9483247744621791
Avery Johnson,johnsav01,70,175.0,1965-03-25,"Cameron University, Southern University and A&M College",1989,2003,1988-11-05T00:00:00Z,False,15,NBA,"SEA, DEN, SAS, HOU, SAS, GSW, SAS, DEN, DAL",PG,1008,636.0,25.771825396825395,3.513888888888889,7.306547619047619,0.48092328581126953,0.026785714285714284,0.18154761904761904,0.14754098360655737,3.4871031746031744,7.125,0.4894179894179894,0.48275627970128987,1.4821428571428572,2.0952380952380953,0.7073863636363636,0.373015873015873,1.3313492063492063,1.7043650793650793,5.689484126984127,0.9732142857142857,0.1498015873015873,1.683531746031746,1.6121031746031746,8.53670634920635,25978.0,3542,7365,27.0,183.0,3515.0,7182.0,1494,2112,376.0,1342.0,1718.0,5735,981.0,151.0,1697.0,1625.0,8605,0.0,14.556817306952036,0.5179360612826237,0.025145854184309802,0.2864908384017245,1.66598660404958,5.689090769112326,3.7351797674955733,34.04876818846717,1.9472592193394411,0.4064631611363462,17.050373392870892,17.157467857417817,33.7,22.8,56.4,0.10411340364924168,0.32471321887751164,-0.2156170605897298,0.09757872045577022,13.9,7.060597428593426,14.67286550157826,0.04693971822311187,0.3654130418046039,6.99549618908307,14.33609977673416,2.966521672184155,4.19965740241743,0.7414774039571945,2.6737970590499653,3.4183963353606894,11.439106166756485,1.9472592193394411,0.32154900300254063,3.3764146585572403,3.23056047424744,17.170652090230192,108.91361921625992,107.52070983139579,100.0,0.0,0.0,0.0,0.0,1.9463124949843507,-1.2580290506379905,466.0,134.0,246.0,33.0,323.0,,5555.0,81.0,243.0,9.735839820239145,0.4214685819757643,0.17343142604927372,0.10654401733408234,0.27700850654040604,0.021194847925527643,0.5748389374849531,0.39753647379825047,0.37879447877377415,0.42753711580130005,0.3929475162507021,0.7534708289864377,0.0004047026723376936,2.0,0.23139330711820882,0.07416932830430945,9.0,0.0,1,0,0,0.0,0.0006000000000000001,0.0,0,0,0,0,0,0,3,0,0,0,0,0.0,0,0.0,0,0.0,0,0.002533333333333333,0,0.0,,,1989,2004,15,0.9788051520744725
Avery Johnson,johnsav01,70,175.0,1965-03-25,"Cameron University, Southern University and A&M College",1990,2004,1988-11-05T00:00:00Z,False,15,NBA,"SEA, DEN, SAS, HOU, SAS, GSW, SAS, DEN, DAL, GSW",PG,1011,637.0,26.037586547972303,3.553907022749753,7.399604352126607,0.4802833845742548,0.025717111770524232,0.17507418397626112,0.14689265536723164,3.5281899109792283,7.224530168150346,0.48836254107338445,0.4820211201711001,1.520276953511375,2.1503461918892186,0.7069917203311867,0.3639960435212661,1.344213649851632,1.708209693372898,5.710187932739862,0.9752720079129574,0.1493570722057369,1.7111770524233432,1.6073194856577646,8.653808110781405,26324.0,3593,7481,26.0,177.0,3567.0,7304.0,1537,2174,368.0,1359.0,1727.0,5773,986.0,151.0,1730.0,1625.0,8749,0.0,14.52921668439447,0.5179358380185383,0.023984424859443854,0.2900774958213037,1.6108646102416044,5.685082054399029,3.705409512232184,33.959402066555235,1.9362103023856558,0.40174745479410423,17.074806260446742,17.26683254824495,33.5,22.9,56.300000000000004,0.10263466798358913,0.29173757787570276,-0.24077647773894545,0.03959504634554018,13.700000000000001,7.076861419237199,14.73267360583498,0.04411183710682267,0.3512877982069595,7.014826774046498,14.412076432153171,3.017421364534265,4.27300562224586,0.7190928430329736,2.6759345084333686,3.3970027351466348,11.381142683482752,1.9362103023856558,0.31905485488527585,3.40292508737274,3.1963683330800787,17.251884212125816,108.63812490502963,107.46755812186598,99.85409986257444,0.14590013742556115,0.0,0.0,0.0,1.6230798595205373,-1.4254237288135592,486.0,155.0,258.0,37.0,358.0,,5800.0,86.0,257.0,9.559016643762407,0.4244124293785311,0.17769018170713086,0.1057394258665445,0.27088028706672773,0.020893571537639332,0.5722205680256528,0.3941060467246908,0.3711690334402199,0.4213345548938769,0.37933272255306155,0.7168269964880134,0.0003850206138341732,2.0,0.22013986868224156,0.07056222324018933,11.0,0.0,1,0,0,0.0,0.0006000000000000001,0.0,0,0,0,0,0,0,3,0,0,0,0,0.0,0,0.0,0,0.0,0,0.002533333333333333,0,0.0,,,1989,2004,16,0.9791064284623607
Grant Long,longgr01,80,225.0,1966-03-12,Eastern Michigan,1989,2003,1988-11-05T00:00:00Z,False,15,NBA,"MIA, ATL, DET, ATL, VAN, MEM, BOS",PF,1003,673.0,28.428713858424725,3.461615154536391,7.4177467597208375,0.4666666666666667,0.08275174476570289,0.292123629112662,0.2832764505119454,3.378863409770688,7.125623130608176,0.4741849727158248,0.47224462365591396,2.4835493519441676,3.2622133599202394,0.7613080684596577,2.161515453639083,3.9740777666999003,6.135593220338983,1.7108673978065803,1.1954137587238285,0.36490528414755735,1.6231306081754735,2.9481555333998006,9.489531405782651,28514.0,3472,7440,83.0,293.0,3389.0,7147.0,2491,3272,2168.0,3986.0,6154.0,1716,1199.0,366.0,1628.0,2957.0,9518,0.0,13.308122325875008,0.5332014098337658,0.04032303429894087,0.4379088868625937,8.564827803885812,16.340201304622294,12.386620607420916,9.216430525355966,2.144514975099951,0.8639931261836291,15.609174440625656,16.058350284070983,27.300000000000004,33.0,60.1,0.10106196955881322,-1.1520025250754014,0.5864312267657993,-0.5709195482920669,10.2,6.244346636739847,13.400641789997898,0.15151855229010314,0.5426737742863156,6.0932524373991725,12.845479413621382,4.472381987795469,5.889149189871642,3.9016518201585186,7.197566107876832,11.099217928035351,3.0882899628252787,2.144514975099951,0.6539419232657642,2.9214631409132354,5.307687451778075,17.104969488672232,107.38777442659746,105.80514834817984,0.0,0.14452156668319285,34.142662369856225,59.21132870599901,6.356965790778384,-1.61567922657412,0.6975954387704515,178.0,71.0,304.0,70.0,264.0,,896.0,41.0,97.0,12.484543877045118,0.2636536936043629,0.13973054040654437,0.14382882994546356,0.39184048091224594,0.060683812592959845,0.64135845314824,0.366850024789291,0.3072133118492811,0.3956437778879524,0.7159988844819039,0.7338869608329202,0.050324987605354476,82.0,0.24449590976698066,0.20295959345562717,2.0,0.0,0,0,0,0.0011333333333333334,0.0,0.016666666666666666,0,0,1,0,0,0,0,0,0,1,0,0.0,0,0.0,0,0.0,0,0.0014,0,0.0,,,1989,2003,15,0.93931618740704
Danny Manning,mannida01,82,230.0,1966-05-17,Kansas,1989,2003,1988-11-12T00:00:00Z,False,15,NBA,"LAC, ATL, PHO, MIL, UTA, DAL, DET",PF,883,398.0,27.408833522083807,5.691959229898075,11.138165345413363,0.5110320284697509,0.0464326160815402,0.22536806342015855,0.20603015075376885,5.645526613816535,10.912797281993205,0.5173308426733084,0.5131164209456024,2.5753114382785958,3.533408833522084,0.7288461538461538,1.72480181200453,3.5016987542468856,5.226500566251415,2.336353340883352,1.1325028312570782,0.8516421291053228,2.0985277463193657,3.278595696489241,14.005662514156285,24202.0,5026,9835,41.0,199.0,4985.0,9636.0,2274,3120,1523.0,3092.0,4615.0,2063,1000.0,752.0,1853.0,2895.0,12367,1.0,16.93168746384596,0.549813651764317,0.020541484174861582,0.31460846211056936,7.07651020576812,14.43365837534088,10.774886373027023,13.826596975456573,2.06510618957111,2.0842864226097015,14.193426163127016,23.129315759028188,26.599999999999998,28.5,55.10000000000001,0.1092817535740848,0.3299520700768532,0.6925130154532684,1.0151144533509626,18.400000000000006,10.366783736881251,20.299247996033383,0.08412114701264359,0.41807288653830266,10.289149657053136,19.875782993141062,4.6731716387075455,6.42903479051318,3.1372613833567478,6.418440624741757,9.556292868357987,4.269126518469548,2.06510618957111,1.5581315593752583,3.800549541360219,6.01470952813817,25.50992479960334,106.12304768200976,105.4756631683332,0.0,0.0,2.9805438066465255,56.37800604229607,41.116132930513594,2.752640483383685,0.7302477341389729,260.0,82.0,483.0,81.0,336.0,,1360.0,95.0,109.0,10.132676737160121,0.30003081570996976,0.23985885196374623,0.22739492447129908,0.19911287009063444,0.033267190332326294,0.6979896072507552,0.4705181873111782,0.3815461027190333,0.4138512386706949,0.7020274320241692,0.56278416918429,0.01567202416918429,42.0,0.19593716012084594,0.33708157099697883,3.0,0.0,0,0,2,0.0,0.0156,0.006933333333333333,0,0,0,0,0,0,4,0,0,1,0,6.666666666666667e-05,0,0.0,1,0.03333333333333333,0,0.0,0,0.0,,,1989,2003,15,0.9667328096676737
Steve Kerr,kerrst01,75,175.0,1965-09-27,Arizona,1989,2003,1988-12-17T00:00:00Z,False,15,NBA,"PHO, CLE, ORL, CHI, SAS, POR, SAS",PG,910,30.0,17.80989010989011,2.243956043956044,4.684615384615385,0.4790053952615529,0.7978021978021979,1.7571428571428571,0.4540337711069418,1.4461538461538461,2.9274725274725273,0.493993993993994,0.5641566971616233,0.689010989010989,0.7978021978021979,0.8636363636363636,0.2043956043956044,0.9604395604395605,1.164835164835165,1.821978021978022,0.5230769230769231,0.05054945054945055,0.5538461538461539,0.9307692307692308,5.974725274725275,16207.0,2042,4263,726.0,1599.0,1316.0,2664.0,627,726,186.0,874.0,1060.0,1658,476.0,46.0,504.0,847.0,5437,0.0,13.083531807243784,0.5935390880483742,0.3781557968778924,0.17017239464428946,1.329851298821497,6.108385265625963,3.7469920404763375,15.000178935028073,1.5233294255568581,0.18917751588819642,9.867316591596225,13.958598136607637,31.999999999999996,15.100000000000001,47.2,0.13966181279693962,0.518177330782995,0.3329425556858147,0.8310791633244895,11.700000000000001,6.58777071635713,13.74327759610045,2.3335904238909118,5.183821805392732,4.241654840501018,8.569821681989263,2.013352255198371,2.3390263466403405,0.6106188683902017,2.811291417288826,3.430264700438083,5.3233541062503855,1.5233294255568581,0.15666687233911275,1.6228296415129269,2.7308076756956874,17.548978836305302,122.60146850126489,107.31122354538162,82.59348954238088,17.406510457619124,0.0,0.0,0.0,5.043827645856267,-4.683535147035697,113.0,42.0,152.0,7.0,41.0,,1153.0,7.0,31.0,19.58623997483881,0.03378628715206794,0.044942758295329455,0.1308576820254757,0.33617156785658125,0.4537815694291555,0.6236235257115899,0.42490360119515647,0.4717754363893694,0.5202734706714893,0.6390150967133197,0.9222336845415945,0.0,0.0,0.13067038842585313,0.4157004245950622,1.0,0.0,5,0,0,0.0,0.0,0.0,0,0,0,0,0,0,0,0,0,0,0,0.0,0,0.0,0,0.0012666666666666666,0,0.0,0,0.0,,,1989,2003,15,0.5462184305708445
Vlade Divac,divacvl01,85,243.0,1968-02-03,,1990,2004,1989-11-03T00:00:00Z,True,15,NBA,"LAL, CHH, SAC",C,1119,979.0,30.12332439678284,4.639857015192136,9.36461126005362,0.49546712472564175,0.08936550491510277,0.3806970509383378,0.2347417840375587,4.550491510277033,8.983914209115282,0.5065154680194967,0.500238572382861,2.5737265415549597,3.721179624664879,0.69164265129683,2.558534405719392,5.747095621090259,8.305630026809652,3.1474530831099194,1.1474530831099197,1.4566577301161752,2.194816800714924,3.2028596961572835,11.942806076854334,33708.0,5192,10479,100.0,426.0,5092.0,10053.0,2880,4164,2863.0,6431.0,9294.0,3522,1284.0,1630.0,2456.0,3584.0,13364,8.0,17.741696333214666,0.5424761480954077,0.04007912068351726,0.39771211581820337,9.639073810371425,21.07344547288477,15.42696689213243,16.014112376883823,1.9367479530081877,3.2089948973537443,16.62628159487362,19.17873501839326,43.6,52.8,96.3,0.13723398006407975,0.5456004509315295,1.7473804438115583,2.2743799691467896,36.3,7.826993592025632,15.848249673667974,0.1517948261540287,0.6500088999644001,7.697816542067165,15.19119793520826,4.3401536727186425,6.283561765752938,4.32314880740477,9.718654325382698,14.023697638542778,5.324015070606385,1.9367479530081877,2.471736679719948,3.715794470155453,5.418060994422689,20.184772160911358,107.80814643408092,101.31630473478106,0.0,0.0,0.0,0.0,100.0,6.118497898586321,4.611724250859669,670.0,323.0,968.0,139.0,913.0,,4838.0,194.0,489.0,8.171851973145571,0.4316444517220676,0.26742694176082094,0.08393493804923312,0.18160853665192947,0.03512897767589105,0.6240300201954041,0.4119453632443644,0.33589334643305496,0.4029772392336663,0.6032011353092079,0.9124247584738824,0.05190360788166584,272.0,0.13390044211560503,0.1838003384094755,8.0,0.0,0,0,1,0.0,0.011133333333333334,0.05126666666666667,0,0,0,0,0,0,5,1,1,1,0,0.0,0,0.0,0,0.0,0,0.0006666666666666666,0,0.0,,,1990,2005,15,0.964871022324109
Vlade Divac,divacvl01,85,243.0,1968-02-03,,1991,2005,1989-11-03T00:00:00Z,True,15,NBA,"LAL, CHH, SAC, LAL",C,1052,974.0,30.63403041825095,4.687262357414449,9.468631178707223,0.4950306194157213,0.09505703422053231,0.40019011406844107,0.2375296912114014,4.592205323193916,9.068441064638783,0.5063941299790357,0.5000501957634775,2.599809885931559,3.76425855513308,0.6906565656565656,2.579847908745247,5.798479087452471,8.37832699619772,3.29467680608365,1.1492395437262357,1.4420152091254752,2.2433460076045626,3.202471482889734,12.069391634980988,32227.0,4931,9961,100.0,421.0,4831.0,9540.0,2735,3960,2714.0,6100.0,8814.0,3466,1209.0,1517.0,2360.0,3369.0,12697,8.0,17.72456635740218,0.5421035777453689,0.04147106463524374,0.3979044589940112,9.530505476774133,20.905948428336487,15.28218574487231,16.50830049337512,1.9122319793961582,3.1489310205728116,16.772647159214326,19.130908865237224,41.900000000000006,49.599999999999994,91.3,0.13619465044838178,0.6041238712880503,1.7374561702919913,2.322124305706395,35.099999999999994,7.783156980171905,15.777571601452198,0.15877059608402888,0.6698823967480684,7.648043565954014,15.100322710770472,4.317969404536569,6.257163248208024,4.291324045055388,9.653386911595867,13.930772333757407,5.484767431036089,1.9122319793961582,2.4119775343655943,3.739584820181835,5.338275359170881,20.083271790734475,107.75495702361374,101.42520246997859,0.0,0.0,0.0,0.0,100.0,5.977453796542193,4.503842610156631,677.0,327.0,974.0,141.0,919.0,,4881.0,198.0,494.0,8.144572109912742,0.43360565822990627,0.2662261666034361,0.08380152837244594,0.18123787328600074,0.03488146983903311,0.6234731992845917,0.41138913880006506,0.3335267465178039,0.40013798710097015,0.6032842664354235,0.9059960977724785,0.051537911224323885,272.0,0.13295702129965853,0.1825053384640399,8.0,0.0,0,0,1,0.0,0.011133333333333334,0.0,0,0,0,0,0,0,5,0,0,0,0,0.0,0,0.0,0,0.0,0,0.0006666666666666666,0,0.0,,,1990,2005,16,0.9651185301609669
Glen Rice,ricegl01,80,215.0,1967-05-28,Michigan,1990,2004,1989-11-03T00:00:00Z,False,15,NBA,"MIA, CHH, LAL, NYK, HOU, LAC",SF,1000,876.0,34.985,6.776,14.867,0.45577453420326897,1.559,3.896,0.4001540041067762,5.217,10.971,0.47552638774952144,0.508206094033766,3.225,3.813,0.8457907159716759,0.946,3.441,4.387,2.097,0.958,0.265,1.733,2.361,18.336,34985.0,6776,14867,1559.0,3896.0,5217.0,10971.0,3225,3813,946.0,3441.0,4387.0,2097,958.0,265.0,1733.0,2361.0,18336,0.0,16.232056595683865,0.5525354008860941,0.2681586108332142,0.25754732028012006,3.118576532799771,11.389218236387023,7.239957124481919,10.17610690295841,1.4126740031442047,0.5184793482921252,9.528234957839073,23.08385593825925,63.7,25.099999999999998,88.7,0.12164333285693874,1.745050736029727,-0.9125939688437901,0.8383678719451193,24.799999999999997,9.985976847220236,21.89037873374303,2.3200457338859506,5.799259682721167,7.656255538087751,16.10272974131771,4.791304844933543,5.6692582535372305,1.3954837787623267,5.071987994854937,6.45301986565671,3.096106902958411,1.4126740031442047,0.38323853079891385,2.5568872373874516,3.4911762183793056,27.080257253108478,111.37038730884665,109.05319422609689,0.0,4.596996753246753,89.67674512987013,5.726258116883117,0.0,3.6947781385281386,1.3829951298701302,303.0,145.0,418.0,112.0,590.0,,1705.0,119.0,244.0,15.551833062770562,0.1945684523809524,0.11371455627705628,0.13748762175324677,0.2553179788961039,0.2989613771645021,0.5738398944805194,0.3830362554112554,0.4011364312770563,0.4691799918831169,0.6429266098484848,0.9255583739177491,0.031150771103896104,181.0,0.19469027326839827,0.4213478760822511,3.0,0.0,1,0,3,0.004600000000000001,0.062200000000000005,0.025666666666666667,0,0,1,0,1,2,6,0,1,1,0,0.0082,0,0.0,0,0.0,0,0.006866666666666668,0,0.0,,,1990,2004,15,0.7010386228354979
Clifford Robinson,robincl02,82,225.0,1966-12-16,UConn,1990,2004,1989-11-03T00:00:00Z,False,15,NBA,"POR, PHO, DET, GSW",PF/SF,1179,801.0,32.27650551314674,5.841391009329941,13.249363867684478,0.4408808655015684,0.9338422391857506,2.61323155216285,0.35735150925024345,4.9075487701441896,10.636132315521628,0.4614035087719298,0.476121887203124,2.909245122985581,4.201017811704834,0.6925095901473854,1.452078032230704,3.3893129770992365,4.841391009329941,2.4173027989821882,1.089058524173028,1.080576759966073,1.988125530110263,3.1297709923664123,15.525869380831212,38054.0,6887,15621,1101.0,3081.0,5786.0,12540.0,3430,4953,1712.0,3996.0,5708.0,2850,1284.0,1274.0,2344.0,3690.0,18305,0.0,15.133733641667106,0.5133350239133863,0.2063557576076102,0.313630183423556,5.020717927156146,11.9682897987071,8.480459347243391,12.524276028801179,1.7179481789036632,2.3223813528144213,11.762700373153939,23.068823251169395,34.199999999999996,50.800000000000004,84.8,0.10709181689178535,0.26025384979240024,0.5316865506911231,0.7925290376832922,26.700000000000003,9.227258632469649,20.954961370683765,1.5168523676880223,4.235160561307615,7.709378777526673,16.73212802859095,4.592749776633205,6.610040994376413,2.279586902822305,5.352131182004519,7.629129657854628,3.854803700005256,1.7179481789036632,1.701905187365323,3.160345824354864,4.948528407000578,24.560766279497553,103.8135018657697,103.28288747569243,0.0,0.21505729851587452,34.31481307533346,57.13108209656209,8.81598722524892,2.8817724967123803,-1.1772778508359947,642.0,290.0,878.0,118.0,955.0,,3895.0,221.0,396.0,13.657260943077214,0.1940924290813451,0.21448689648694344,0.16075831298140147,0.169451014465527,0.2612418279165884,0.6140124459891039,0.41108655833176777,0.36819077587826415,0.4206420721397708,0.6569151324441105,0.9692041611873004,0.0273322374600789,202.0,0.16459252301333835,0.3486700169077588,5.0,1.0,0,0,1,0.0646,0.0024,0.023066666666666666,0,2,9,0,0,0,6,0,0,1,0,0.0,0,0.0,1,0.060533333333333335,0,0.006666666666666667,0,0.0016,,,1990,2007,15,0.7387581720834115
Clifford Robinson,robincl02,82,225.0,1966-12-16,UConn,1991,2005,1989-11-03T00:00:00Z,False,15,NBA,"POR, PHO, DET, GSW, NJN",SF,1168,830.0,32.68664383561644,5.814212328767123,13.178938356164384,0.44117455986487364,0.9897260273972602,2.7654109589041096,0.35789473684210527,4.824486301369863,10.413527397260275,0.4632903066677629,0.4787240953680244,2.8715753424657535,4.108732876712328,0.6988956032506772,1.417808219178082,3.3844178082191783,4.802226027397261,2.4674657534246576,1.1070205479452055,1.0907534246575343,1.9529109589041096,3.120719178082192,15.48972602739726,38178.0,6791,15393,1156.0,3230.0,5635.0,12163.0,3354,4799,1656.0,3953.0,5609.0,2882,1293.0,1274.0,2281.0,3645.0,18092,0.0,15.15902614070931,0.5147552255225523,0.21959159725496358,0.30710456283723603,4.8518099428990515,11.837419456231338,8.323979778930275,12.655125988789356,1.730837131332181,2.3305070983288805,11.65169469327885,22.720849704018022,36.1,50.199999999999996,86.2,0.10850183351668499,0.3550683639792552,0.5861726648855361,0.9374037403740375,28.200000000000003,9.111171355230763,20.681266698098383,1.5884331290271883,4.433555974645083,7.5176148567237675,16.25999790455236,4.493821048771544,6.4138509089004145,2.212116925978312,5.305246477028655,7.514783383100214,3.8936691288176437,1.730837131332181,1.7015742050395517,3.0786919168107287,4.901453716800251,24.29273141599874,104.07831735554508,103.37369689349887,0.0,0.19925155563291413,31.866324354901874,55.72503372351073,12.724772638266394,2.030564379269832,-1.7228144989339018,674.0,314.0,974.0,123.0,989.0,,4128.0,226.0,412.0,13.858839911231017,0.18798550976893957,0.21026186850006523,0.15636634611200556,0.1762529480875506,0.2691615682520343,0.6081318915625952,0.4113741786693355,0.3647224663852748,0.4181695313519864,0.6663287933510291,0.9692626517557983,0.026278882555154256,208.0,0.17116356990557416,0.3485472781863278,6.0,1.0,0,0,1,0.06573333333333334,0.0024,0.0,0,2,10,0,0,0,6,0,0,0,0,0.0,0,0.0,1,0.060533333333333335,0,0.006666666666666667,0,0.0016,,,1990,2007,16,0.7308384317479658
Clifford Robinson,robincl02,82,225.0,1966-12-16,UConn,1992,2006,1989-11-03T00:00:00Z,False,15,NBA,"POR, PHO, DET, GSW, NJN",SF,1166,832.0,32.67667238421956,5.692109777015437,12.950257289879932,0.4395364238410596,1.0377358490566038,2.9039451114922814,0.35735380980507975,4.654373927958834,10.04631217838765,0.46329178760457573,0.47960264900662253,2.7452830188679247,3.914236706689537,0.7013584574934268,1.3619210977701544,3.3782161234991426,4.740137221269297,2.4185248713550602,1.0797598627787306,1.0617495711835334,1.895368782161235,3.077186963979417,15.167238421955403,38101.0,6637,15100,1210.0,3386.0,5427.0,11714.0,3201,4564,1588.0,3939.0,5527.0,2820,1259.0,1238.0,2210.0,3588.0,17685,0.0,14.941132778667226,0.5145264166294847,0.23548702133802266,0.2953974961287105,4.66634996456786,11.874793312511482,8.242358468281674,12.521561113881525,1.7011574499356974,2.296139208944647,11.54770216004829,22.36904018267237,35.1,49.9,84.8,0.10699514448439675,0.28995826881184233,0.5757591664260779,0.8667620272433796,27.5,8.969192409648041,20.43367628146243,1.6696753366053383,4.661539067216084,7.299475079394242,15.779357497178554,4.321660848796619,6.1472113592819095,2.1420697619485054,5.329098973780215,7.46858350174536,3.840274533476811,1.7011574499356974,1.6620561140127557,3.0049001338547545,4.868885331093672,23.912739823101752,103.83399385842891,103.32353481535918,0.0,0.1843100949927548,29.476734825309933,57.0204475929802,13.79524231202705,1.8857953630655293,-1.781094026726775,705.0,332.0,1102.0,130.0,1015.0,10.0,4334.0,229.0,425.0,14.049396232490743,0.1840122363548543,0.20206854773788435,0.1551390677829657,0.18425768797295122,0.2745485831589116,0.6070721703429399,0.41944481564965386,0.36234366446626953,0.42145628723232975,0.6804768555788118,0.9702927869908228,0.025508090484624053,216.0,0.18014985509579778,0.3503809370471743,7.0,1.0,0,0,1,0.06573333333333334,0.0024,0.0,0,2,10,0,0,0,6,0,0,0,0,0.0,0,0.0,1,0.061000000000000006,0,0.006666666666666667,0,0.0016,,,1990,2007,17,0.7254514168410885
Clifford Robinson,robincl02,82,225.0,1966-12-16,UConn,1993,2007,1989-11-03T00:00:00Z,False,15,NBA,"POR, PHO, DET, GSW, NJN",PF/SF,1134,826.0,32.5679012345679,5.573192239858907,12.75485008818342,0.43694690265486724,1.088183421516755,3.0343915343915344,0.35861668119732637,4.485008818342152,9.720458553791888,0.46139889322326044,0.4796045353982301,2.6437389770723105,3.765432098765432,0.7021077283372366,1.3042328042328042,3.310405643738977,4.614638447971782,2.4109347442680775,1.0458553791887126,1.017636684303351,1.8395061728395061,3.0088183421516757,14.878306878306878,36932.0,6320,14464,1234.0,3441.0,5086.0,11023.0,2998,4270,1479.0,3754.0,5233.0,2734,1186.0,1154.0,2086.0,3412.0,16872,0.0,14.74996750785227,0.5128194790425648,0.2500282681685259,0.2868149842954619,4.500820426730208,11.723619083721433,8.081820643344525,12.589337160186288,1.6638335318964586,2.233913679194195,11.437355139174699,22.13965937398462,33.599999999999994,47.1,80.5,0.10473684068016895,0.2845553991118814,0.5140474385356872,0.7996804938806455,26.000000000000004,8.846103649951264,20.269292212715264,1.7587268493447417,4.884926351131809,7.087333477742878,15.391814686450774,4.194170367161269,5.9621710170042235,2.069795841005091,5.264751435069858,7.33188021228203,3.855948770713743,1.6638335318964586,1.6102539802880973,2.9426838514025775,4.800314090761399,23.624999999999996,103.55009206108524,103.46306725874581,0.0,0.1774874995154851,28.385596340943447,56.42741966742897,15.46858405364549,1.3791891158572043,-2.2630140703128028,722.0,338.0,1164.0,130.0,1023.0,25.0,4456.0,229.0,432.0,14.125303306329704,0.1811244621884569,0.20054831582619478,0.1522836156440172,0.19050401178340245,0.27560176751036863,0.6022943137330904,0.4176515368812745,0.36199779061203924,0.4183669909686422,0.6890101166711888,0.9713924570719796,0.024563859064304815,216.0,0.189731695026939,0.35529008876313034,7.0,1.0,0,0,1,0.06573333333333334,0.0024,0.0,0,2,10,0,0,0,6,0,0,0,0,0.0,0,0.0,1,0.061000000000000006,0,0.006666666666666667,0,0.0016,,,1990,2007,18,0.7243982324896314
Derrick Coleman,colemde01,82,230.0,1967-06-21,Syracuse,1991,2005,1990-11-02T00:00:00Z,False,15,NBA,"NJN, PHI, CHH, PHI, DET",PF,781,672.0,33.166453265044815,5.9103713188220235,13.23303457106274,0.4466376390904693,0.4174135723431498,1.4148527528809218,0.29502262443438915,5.492957746478873,11.818181818181818,0.4647887323943662,0.46240928882438315,4.258642765685019,5.539052496798976,0.7688395746648173,2.6619718309859155,6.597951344430218,9.259923175416134,2.541613316261204,0.7759282970550576,1.3457106274007682,2.6069142125480154,2.6402048655569783,16.496798975672217,25903.0,4616,10335,326.0,1105.0,4290.0,9230.0,3326,4326,2079.0,5153.0,7232.0,1985,606.0,1051.0,2036.0,2062.0,12884,4.0,18.009724742307842,0.5246703470640466,0.10853596108558855,0.4142039532100529,8.742883063737791,22.152607806045634,15.417766281897851,12.948504034281742,1.1909469945566151,2.745801644597151,14.235725591630313,23.81006447129676,28.4,36.10000000000001,64.2,0.1191625294367448,1.186777593328958,0.23601513338223376,1.420101918696676,22.299999999999997,9.085160020074893,20.376269158012587,0.6402501640736594,2.2063583368721766,8.452341427633867,18.182890012739836,6.542998880438558,8.513843956298498,4.095463845886576,10.193259468015288,14.27259390804154,3.8942554916418946,1.1909469945566151,2.071300621549627,4.017368644558546,4.076493070300737,25.379087364397943,104.9923560977493,103.14415318688955,0.0,0.0,0.23024316109422494,61.4,38.53199088145897,-1.328768996960486,-1.337401215805471,399.0,274.0,560.0,84.0,767.0,,1873.0,142.0,426.0,10.745478723404256,0.29416094224924016,0.21327720364741642,0.23468943768996964,0.1285739361702128,0.1295031914893617,0.6345439209726446,0.3870325227963526,0.33526474164133735,0.36720577507598784,0.6226454407294832,0.9255834346504559,0.06894080547112462,318.0,0.12263958966565348,0.2921854103343465,3.0,0.0,0,0,1,0.0012666666666666666,0.0264,0.06666666666666667,0,0,1,0,0,2,4,1,1,1,0,0.0,1,0.719,0,0.0,0,0.0026,0,0.0,,,1991,2005,15,0.8704968085106383
Kendall Gill,gillke01,77,195.0,1968-05-25,Illinois,1991,2005,1990-11-02T00:00:00Z,False,15,NBA,"CHH, SEA, CHH, NJN, MIA, MIN, CHI, MIL",SG,966,791.0,30.518633540372672,5.246376811594203,12.082815734989648,0.43420150788211104,0.32608695652173914,1.087991718426501,0.29971455756422455,4.920289855072464,10.994824016563147,0.44750965069202525,0.447695339273475,2.549689440993789,3.3819875776397517,0.7539026629935721,1.318840579710145,2.824016563146998,4.142857142857143,3.048654244306418,1.5724637681159421,0.4472049689440994,1.795031055900621,2.60351966873706,13.368530020703934,29481.0,5068,11672,315.0,1051.0,4753.0,10621.0,2463,3267,1274.0,2728.0,4002.0,2945,1519.0,432.0,1734.0,2515.0,12914,3.0,14.654825141616634,0.49004219666904103,0.09197218547539093,0.2784063634205081,4.763915742342526,10.656049659102473,7.646572368644211,15.992018588243278,2.6294800040704183,1.0014653505647706,11.682470065465894,21.774831247243988,19.700000000000003,28.200000000000003,48.00000000000001,0.07766910891760795,-0.3162714968963062,0.4367965808486822,0.11417862352023332,15.799999999999997,8.723703402191243,20.129788677453273,0.5458396933618261,1.8316203656592382,8.181432108815848,18.287503816017097,4.244360774736271,5.635002204809877,2.2031715342084732,4.739530545096843,6.931742478206302,5.067127980733353,2.6294800040704183,0.7335198941691258,2.982809266985517,4.368695091754011,22.25586988229707,102.4707777890845,106.6885790848343,3.2250908635167312,41.20459957388144,55.17997242762251,0.49097631282115556,0.0,-2.1346973304925427,0.02892593056774023,354.0,189.0,582.0,113.0,663.0,,2866.0,124.0,467.0,13.4774219827046,0.291997054768768,0.06749542549191628,0.1446200651710741,0.4016426243890212,0.09407995989472365,0.5709768768016041,0.272407319212934,0.30810822158165185,0.40170485023185865,0.6351607344278732,0.9404771901240756,0.03181100388519865,187.0,0.28092774783807495,0.25313140744454193,4.0,0.0,0,0,0,0.008,0.0010666666666666667,0.0564,0,0,3,0,0,0,3,1,1,1,0,0.0,0,0.0,0,0.0,0,0.0054666666666666665,0,0.0011333333333333334,,,1991,2005,15,0.9059378368216567
Scott Williams,willisc01,82,230.0,1968-03-21,UNC,1991,2005,1990-11-02T00:00:00Z,False,15,NBA,"CHI, PHI, MIL, DEN, PHO, DAL, CLE",C,746,266.0,16.380697050938338,2.1300268096514747,4.560321715817694,0.4670781893004115,0.006702412868632708,0.06032171581769437,0.1111111111111111,2.123324396782842,4.5,0.4718498659517426,0.4678130511463845,0.8605898123324397,1.193029490616622,0.7213483146067415,1.7171581769436997,2.982573726541555,4.6997319034852545,0.5777479892761395,0.5268096514745308,0.564343163538874,0.7305630026809652,2.5683646112600536,5.127345844504021,12220.0,1589,3402,5.0,45.0,1584.0,3357.0,642,890,1281.0,2225.0,3506.0,431,393.0,421.0,545.0,1916.0,3825,0.0,13.323600654664483,0.5057259410801964,0.01357266775777414,0.26350990180032735,11.903878887070373,21.066039279869067,16.44355973813421,5.259541734860883,1.6783142389525367,2.448256955810147,12.6409410801964,15.704050736497544,11.099999999999998,15.299999999999999,26.4,0.10359304418985267,-2.395540098199673,-0.2175286415711948,-2.602806873977087,-2.0,6.752217675941078,14.486497545008186,0.01660392798690671,0.19344517184942717,6.738076923076921,14.272585924713585,2.7438052373158754,3.8013829787234044,5.443436988543372,9.45112929623568,14.909140752864158,1.8259328968903434,1.6783142389525367,1.7998445171849426,2.3300245499181664,8.150409165302783,16.259582651391163,107.13044189852701,104.05916530278232,0.0,0.0,0.0,27.408763172490293,72.5912368275097,-0.9207016084303936,0.9980865224625622,82.0,72.0,493.0,72.0,182.0,,437.0,29.0,123.0,10.097282307265669,0.3219123682750971,0.17597448696616752,0.2771478092068774,0.2159374653355519,0.009031336661120356,0.5900994176372713,0.42999445368829725,0.43391486411536334,0.34909567387687185,0.7245592068774265,0.0365363283416528,0.058334997226844154,107.0,0.11504561841375487,0.0365363283416528,9.0,1.0,3,0,0,0.0,0.0,0.0,0,0,0,0,0,0,0,0,0,0,0,0.0,0,0.0,0,0.0,0,0.0,0,0.0,,,1991,2005,15,0.9909686633388797
Elden Campbell,campbel01,83,215.0,1968-07-23,Clemson,1991,2005,1990-11-03T00:00:00Z,False,15,NBA,"LAL, CHH, NOH, SEA, DET, NJN",PF,1044,671.0,24.689655172413794,3.8908045977011496,8.46264367816092,0.4597623089983022,0.0019157088122605363,0.035440613026819924,0.05405405405405406,3.888888888888889,8.4272030651341,0.46146851557172086,0.45987549518958687,2.5660919540229883,3.6704980842911876,0.6991127348643006,1.8007662835249043,4.057471264367816,5.85823754789272,1.1484674329501916,0.6724137931034483,1.5344827586206897,1.3093869731800767,2.8793103448275863,10.349616858237548,25776.0,4062,8835,2.0,37.0,4060.0,8798.0,2679,3832,1880.0,4236.0,6116.0,1199,702.0,1602.0,1367.0,3006.0,10805,0.0,15.906711669770328,0.512927257914339,0.004165114835505897,0.4350652157045313,8.322633457479826,18.602777777777778,13.498510242085663,7.660051986343886,1.418738361266294,4.28566495965239,11.464614369956548,20.59166278708876,25.099999999999998,37.699999999999996,62.8,0.11698199875853509,-1.1934629112352577,0.6552490689013035,-0.5513888888888889,9.6,8.203414028553693,17.84023510242086,0.0,0.06727188081936686,8.19365301055245,17.757103507138424,5.429907666045934,7.738225481067659,3.7860723153320914,8.580470204841713,12.376303538175046,2.411522346368715,1.418738361266294,3.224491775294848,2.7639315642458104,6.084252793296089,21.83668528864059,104.91379577901924,102.25069832402235,0.0,0.0,0.0,42.38277223746737,57.61722776253263,2.2523927447961984,-2.3609664681078915,274.0,229.0,908.0,207.0,1072.0,,1638.0,132.0,407.0,8.006003614215917,0.32269064988956564,0.34782691921558134,0.24717776587912454,0.07751127769225623,0.004536108694197176,0.5795114784820294,0.41090201459072345,0.38132052740780403,0.36440178033598825,0.678624723914062,0.1683956897128706,0.08442252861254265,389.0,0.260480958436517,0.0,2.0,0.0,1,0,0,0.0011333333333333334,0.0004,0.0,0,0,1,0,0,0,3,0,0,0,0,0.0,0,0.0,0,0.0,0,0.0018,0,0.0,,,1991,2005,15,0.9954638913058028
Gary Payton,paytoga01,76,180.0,1968-07-23,Oregon State,1991,2005,1990-11-03T00:00:00Z,True,15,NBA,"SEA, MIL, LAL, BOS",PG,1186,1180.0,36.51686340640809,7.0269814502529515,14.995784148397977,0.46859713241495643,0.8718381112984823,2.7124789207419897,0.32141746969225987,6.155143338954469,12.283305227655987,0.5010982976386601,0.49766657295473715,2.636593591905565,3.623102866779089,0.7277170118687456,1.129848229342327,3.0050590219224285,4.134907251264756,7.1736930860033725,1.9654300168634065,0.22934232715008432,2.4131534569983137,2.4713322091062393,17.56239460370995,43309.0,8334,17785,1034.0,3217.0,7300.0,14568.0,3127,4297,1340.0,3564.0,4904.0,8508,2331.0,272.0,2862.0,2931.0,20829,15.0,19.654369761481448,0.527400932831513,0.1719769562908402,0.24020203652820435,3.634891131173659,9.570341037659608,6.594744741277795,33.133785125493546,2.7842850215890462,0.4613798517629131,13.06802743078806,23.252164677087904,94.59999999999998,45.5,140.1,0.15525802950887804,3.165238172204392,0.5415825809877854,3.6998845505553115,62.3,9.999949202244338,21.369798425269575,1.2590108291579118,3.8911681174813553,8.770426470248678,17.479069015678036,3.770867487127387,5.16329169456695,1.600674224756979,4.293098432196541,5.881645847283474,10.200265533722781,2.7842850215890462,0.3066337250917823,3.4322450299014062,3.493255443441317,25.03712623242282,111.57466115587984,105.40631277563556,86.97736900780379,13.02263099219621,0.0,0.0,0.0,4.040252694165738,4.60751021924935,880.0,432.0,483.0,191.0,1004.0,,12029.0,269.0,589.0,11.531475287997027,0.3329496841322928,0.17934879227053138,0.12284288368636195,0.14784563359345967,0.21681322928279448,0.6538333704942401,0.3829621701969528,0.37042006688963214,0.38813169825343735,0.3384976217019695,0.7798992567818654,0.0009053511705685619,11.0,0.22727406168710518,0.340396209587514,8.0,0.0,0,0,9,0.5157333333333334,0.3636,0.0282,9,9,14,2,7,9,11,0,1,1,0,0.05493333333333334,0,0.0,0,0.0,0,0.009866666666666668,1,0.0822,,,1991,2007,15,0.7831867707172055
Gary Payton,paytoga01,76,180.0,1968-07-23,Oregon State,1992,2006,1990-11-03T00:00:00Z,True,15,NBA,"SEA, MIL, LAL, BOS, MIA",PG,1185,1123.0,36.59915611814346,7.008438818565401,14.984810126582278,0.4677028777383567,0.9274261603375528,2.89789029535865,0.3200349446709377,6.0810126582278485,12.086919831223629,0.5031068910144523,0.4986484203412739,2.6649789029535866,3.650632911392405,0.7300046232085067,1.0683544303797468,3.0616033755274263,4.129957805907173,6.951054852320675,1.8877637130801688,0.22531645569620254,2.349367088607595,2.4059071729957804,17.60928270042194,43370.0,8305,17757,1099.0,3434.0,7206.0,14323.0,3158,4326,1266.0,3628.0,4894.0,8237,2237.0,267.0,2784.0,2851.0,20867,14.0,19.512423334101914,0.5296671201291214,0.19286691261240488,0.2433438782568596,3.4305210975328557,9.69470140650219,6.562723080470371,32.38112520175236,2.673963569287526,0.45597878718007845,12.650940742448698,23.1978994696795,95.39999999999998,45.400000000000006,140.79999999999998,0.155780101452617,3.1122504035047274,0.5001314272538622,3.6054553839059253,61.3,9.962153562370302,21.33648605026516,1.3369610329721004,4.146539082314964,8.659813234955038,17.1903850587964,3.810191376527554,5.196326954115748,1.5167627392206595,4.371000691722388,5.8756536776573665,9.888805626008761,2.673963569287526,0.3013096610560295,3.3426931058335256,3.405727461378833,25.078798708784873,111.72344938897855,105.35681346552917,85.6378914940955,14.362108505904501,0.0,0.0,0.0,3.9581790176279306,4.007294198185863,932.0,452.0,548.0,201.0,1031.0,14.0,12617.0,276.0,613.0,11.749905870272121,0.32877206914256374,0.17340393633407497,0.11922597980489476,0.1455697758001027,0.2328442238576074,0.6528208454561013,0.3817816874893034,0.36375950710251587,0.39758904672257406,0.3440601061098751,0.7972647270237891,0.0008339209310285812,11.0,0.24090176279308576,0.34352086257059733,9.0,0.0,1,0,9,0.5157333333333334,0.3636,0.0,9,9,14,2,7,9,11,0,0,0,0,0.05493333333333335,0,0.0,0,0.0,0,0.009866666666666668,1,0.0822,,,1991,2007,16,0.7671557761423927
Gary Payton,paytoga01,76,180.0,1968-07-23,Oregon State,1993,2007,1990-11-03T00:00:00Z,True,15,NBA,"SEA, MIL, LAL, BOS, MIA",PG,1172,1072.0,36.11262798634812,6.926621160409557,14.83703071672355,0.46684685720858016,0.962457337883959,3.015358361774744,0.31918505942275044,5.964163822525597,11.821672354948806,0.5045110068567304,0.4992811547530048,2.6424914675767917,3.613481228668942,0.7312868949232586,0.9906143344709898,3.046075085324232,4.036689419795222,6.7679180887372015,1.8199658703071673,0.21245733788395904,2.2832764505119454,2.3208191126279862,17.458191126279864,42324.0,8118,17389,1128.0,3534.0,6990.0,13855.0,3097,4235,1161.0,3570.0,4731.0,7932,2133.0,249.0,2676.0,2720.0,20461,12.0,19.525302428881957,0.5302337917021074,0.20769839807201584,0.24273211416690293,3.2337775257537094,9.767465267933089,6.506062753993006,32.267380209810035,2.6186608071070787,0.44423731216331164,12.396923731216331,23.318970324165953,93.89999999999998,44.3,138.2,0.1566648473679236,3.103170777809281,0.4667824402230413,3.5568330025517434,59.300000000000004,9.998001134108307,21.452176070314717,1.4030431906247047,4.3751559398922595,8.624411681315566,17.077469048294112,3.8300704092240814,5.221118041772989,1.4310131367545604,4.4163051696437,5.838460447972781,9.783073433512898,2.6186608071070787,0.28821708723183065,3.3022138739249596,3.343939608732634,25.240187600415844,111.58080521689821,105.23126358567244,85.31310632202617,14.686893677973826,0.0,0.0,0.0,3.470935607786965,3.395325216485448,973.0,464.0,594.0,209.0,1049.0,28.0,13075.0,279.0,638.0,11.835536167719253,0.3261899863272348,0.17093772381014388,0.11941063871345792,0.14539511035874733,0.23789152939644506,0.6494535125984765,0.38267309069600886,0.36553271697376133,0.39413519760401067,0.3468950452503418,0.801068233608959,0.0007931180415391627,11.0,0.2502030731167394,0.3377706881958461,10.0,0.0,1,0,9,0.5144666666666667,0.3636,0.0,9,9,13,2,7,9,11,0,0,0,0,0.05493333333333333,0,0.0,0,0.0,0,0.009866666666666668,1,0.0822,,,1991,2007,17,0.7621084706035549
Dikembe Mutombo,mutomdi01,86,245.0,1966-06-25,Georgetown,1992,2006,1991-11-01T00:00:00Z,True,15,NBA,"DEN, ATL, PHI, NJN, NYK, HOU",C,1073,937.0,32.42031686859273,3.761416589002796,7.268406337371855,0.5175022438774202,0.0,0.001863932898415657,0.0,3.761416589002796,7.266542404473439,0.5176349878158266,0.5175022438774202,3.0689655172413794,4.491146318732525,0.6833367918655323,3.3215284249767008,7.525629077353215,10.847157502329916,1.1388630009319665,0.4296365330848089,2.939422180801491,1.9683131407269339,2.945945945945946,10.591798695246972,34787.0,4036,7799,0.0,2.0,4036.0,7797.0,3293,4819,3564.0,8075.0,11639.0,1222,461.0,3154.0,2112.0,3161.0,11365,10.0,17.379279615948487,0.5745892431080576,0.00032000459941932335,0.627174116767758,11.735898467818437,26.14753212406934,19.00518584528703,5.500388076005406,0.688794664673585,6.3478310863253515,17.52195647799465,15.364598844395896,45.4,63.800000000000004,109.3,0.15086946273033028,-0.017748009313824132,1.7384856411878,1.7151349642107685,32.5,6.059594101244717,11.70177365107655,0.0,0.0,6.059594101244717,11.70177365107655,4.961580475464973,7.257285767671831,5.366792192485699,12.165438238422398,17.53967861557479,1.8013712018857617,0.688794664673585,4.7463535228677385,3.1754074798056746,4.761586224739126,17.085034639376783,110.93819530284301,99.36829850231408,0.0,0.0,0.0,0.0,100.0,4.51403121319199,8.79506281900275,177.0,276.0,881.0,263.0,1007.0,6.0,1284.0,202.0,334.0,5.51626423243031,0.4549304574008638,0.4051834511189635,0.12745686101295642,0.012446309383588535,0.0,0.657106399685905,0.4267998625834315,0.304730908912446,0.1765406851197487,0.46538069297212403,0.0,0.1457604043973302,598.0,0.0,0.0,0.0,0.0,0,0,8,0.31033333333333335,0.05973333333333334,0.06666666666666667,3,6,11,0,1,3,8,1,1,1,0,0.0002,0,0.036,0,0.0,0,0.0,4,0.14306666666666665,,,1992,2009,15,1.0
Dikembe Mutombo,mutomdi01,86,245.0,1966-06-25,Georgetown,1993,2007,1991-11-01T00:00:00Z,True,15,NBA,"DEN, ATL, PHI, NJN, NYK, HOU",C,1077,899.0,30.974930362116993,3.4289693593314765,6.576601671309192,0.5213892418466751,0.0,0.0018570102135561746,0.0,3.4289693593314765,6.574744661095636,0.5215365061432001,0.5213892418466751,2.8152274837511606,4.090993500464252,0.6881525192918747,3.1680594243268336,7.284122562674095,10.452181987000928,1.0018570102135562,0.4085422469823584,2.8040854224698237,1.7623026926648098,2.8263695450324975,9.673166202414114,33360.0,3693,7083,0.0,2.0,3693.0,7081.0,3032,4406,3412.0,7845.0,11257.0,1079,440.0,3020.0,1898.0,3044.0,10418,10.0,17.335749400479617,0.5784258093525181,0.0003336930455635492,0.6291740707434051,11.83706834532374,26.477988609112714,19.252002398081533,5.093462230215828,0.6879016786570743,6.402449040767387,17.38228117505995,14.70609712230216,46.199999999999996,63.20000000000001,109.69999999999999,0.15774004796163069,-0.027616906474820135,1.8490077937649883,1.8116846522781775,31.9,5.827140287769784,11.175680455635492,0.0,0.0,5.827140287769784,11.175680455635492,4.798207434052758,6.974088729016786,5.391178057553956,12.393717026378898,17.7926618705036,1.6697841726618705,0.6879016786570743,4.759787170263789,3.0066936450839328,4.813624100719425,16.461214028776983,112.16645683453237,98.6982314148681,0.0,0.0,0.0,0.0,100.0,4.578642972536349,8.259884606508194,180.0,288.0,965.0,271.0,1041.0,15.0,1321.0,207.0,344.0,5.36060466189707,0.4714152319409186,0.3876804523424879,0.12766766674359567,0.013252711747057467,0.0,0.6535897530579275,0.43288045234248784,0.31039912300946226,0.18091128548349872,0.47059376875144243,0.0,0.14291880913916455,613.0,0.0,0.0,0.0,0.0,0,0,7,0.30660000000000004,0.05973333333333334,0.0,3,6,10,0,1,3,8,0,0,0,0,0.0002,0,0.0,0,0.0,0,0.0,4,0.14306666666666665,,,1992,2009,16,1.0
Dikembe Mutombo,mutomdi01,86,245.0,1966-06-25,Georgetown,1994,2008,1991-11-01T00:00:00Z,True,15,NBA,"DEN, ATL, PHI, NJN, NYK, HOU",C,1034,842.0,29.932301740812377,3.228239845261122,6.172147001934236,0.5230335318082106,0.0,0.0019342359767891683,0.0,3.228239845261122,6.170212765957447,0.5231974921630094,0.5230335318082106,2.63926499032882,3.8288201160541586,0.6893154837080071,3.032882011605416,7.011605415860735,10.044487427466152,0.9061895551257253,0.3945841392649903,2.6895551257253385,1.6431334622823985,2.7224371373307545,9.095744680851064,30950.0,3338,6382,0.0,2.0,3338.0,6380.0,2729,3959,3136.0,7250.0,10386.0,937,408.0,2781.0,1699.0,2815.0,9405,8.0,17.29231987075929,0.5797955088852988,0.00035967689822294027,0.627769757673667,11.84616801292407,26.514142164781912,19.28298546042003,4.848578352180937,0.6909596122778674,6.457147011308562,17.285754442649434,14.427983844911148,43.8,59.1,103.19999999999999,0.15997928917609044,-0.053767366720516956,1.8863974151857836,1.8221680129240714,29.7,5.738319870759289,10.970345718901454,0.0,0.0,5.738319870759289,10.970345718901454,4.707134087237479,6.831777059773828,5.38870436187399,12.45730856219709,17.8563844911147,1.5827108239095316,0.6909596122778674,4.7622294022617115,2.938067851373183,4.842045234248788,16.183392568659126,112.61515347334411,98.3411308562197,0.0,0.0,0.0,0.027777777777777776,99.97222222222223,4.593125112188116,8.013776700771855,181.0,295.0,1005.0,274.0,1064.0,19.0,1334.0,209.0,359.0,5.306143421288818,0.4777648088314486,0.38107821755519655,0.12689912044516247,0.014273469754083647,0.0,0.6527955932507629,0.43243932866630763,0.3087213695925327,0.18283041644229042,0.4749661640639024,0.0,0.14589328666307666,631.0,0.0,0.0,0.0,0.0,0,0,7,0.30280000000000007,0.05973333333333333,0.0,3,6,10,0,1,3,8,0,0,0,0,0.0002,0,0.0,0,0.0,0,0.0,4,0.14306666666666665,,,1992,2009,17,1.0
Dikembe Mutombo,mutomdi01,86,245.0,1966-06-25,Georgetown,1995,2009,1991-11-01T00:00:00Z,True,15,NBA,"DEN, ATL, PHI, NJN, NYK, HOU",C,961,762.0,29.337148803329864,3.0988553590010404,5.9864724245577525,0.5176429688857987,0.0,0.001040582726326743,0.0,3.0988553590010404,5.985431841831425,0.5177329624478443,0.5176429688857987,2.579604578563996,3.672216441207076,0.7024652876168886,2.978147762747138,6.853277835587929,9.831425598335068,0.8428720083246618,0.3631633714880333,2.555671175858481,1.5598335067637876,2.668054110301769,8.777315296566076,28193.0,2978,5753,0.0,1.0,2978.0,5752.0,2479,3529,2862.0,6586.0,9448.0,810,349.0,2456.0,1499.0,2564.0,8435,5.0,17.2087184762175,0.5783958074699392,0.00019245912105841876,0.6222982300571063,11.892618735147021,26.579551661760014,19.32418330791331,4.6548327599049415,0.6573333806263966,6.368009789664099,17.061337920760472,14.298049161139291,40.9,52.900000000000006,94.0,0.15993448728407758,-0.08310573546625045,1.7710282694285817,1.6663178803249037,26.0,5.6613556556592055,10.934267371333311,0.0,0.0,5.6613556556592055,10.934267371333311,4.723303656936118,6.737679565849679,5.432504522399177,12.500666832192389,17.94455715957862,1.5148547511793706,0.6573333806263966,4.651647572092363,2.872315823076651,4.87082254460327,16.045596424644415,113.02220409321463,98.5802858865676,0.0,0.0,0.0,0.027658623771224307,99.97234137622877,4.573422698838248,7.959669347631815,182.0,299.0,1010.0,275.0,1066.0,21.0,1334.0,210.0,360.0,5.288529937444148,0.4793443699731904,0.38010415549597854,0.12635478105451298,0.014212243074173368,0.0,0.6515567917783736,0.43272913315460226,0.30739709562109024,0.18204615728328863,0.47550250223413765,0.0,0.14559776586237713,632.0,0.0,0.0,0.0,0.0,0,0,7,0.2941333333333333,0.05906666666666667,0.0,3,6,9,0,1,3,7,0,0,0,0,0.0002,0,0.0,0,0.0,0,0.0,4,0.13053333333333333,,,1992,2009,18,1.0
Stacey Augmon,augmost01,80,205.0,1968-08-01,UNLV,1992,2006,1991-11-02T00:00:00Z,False,15,NBA,"ATL, DET, POR, CHH, NOH, ORL",SG,1001,472.0,21.636363636363637,3.033966033966034,6.473526473526474,0.46867283950617283,0.011988011988011988,0.07892107892107893,0.1518987341772152,3.021978021978022,6.394605394605395,0.472582408998594,0.4695987654320988,1.902097902097902,2.6133866133866133,0.72782874617737,1.3026973026973028,1.91008991008991,3.212787212787213,1.5594405594405594,0.973026973026973,0.3166833166833167,1.2467532467532467,1.7482517482517483,7.982017982017982,21658.0,3037,6480,12.0,79.0,3025.0,6401.0,1904,2616,1304.0,1912.0,3216.0,1561,974.0,317.0,1248.0,1750.0,7990,0.0,13.653619909502261,0.5183958814294949,0.01223100009234463,0.4024650937297997,6.817434666174163,10.146592483147105,8.466926770708282,11.324591375011542,2.3500692584726197,1.0374411302982731,14.11707452211654,18.06922615199926,19.599999999999998,24.3,43.800000000000004,0.09700965001385171,-0.8955489888262997,0.6959830085880505,-0.19347585187921318,9.800000000000002,7.270094191522762,15.542926401329764,0.02181180164373442,0.19235386462277218,7.241610490349986,15.366211099824547,4.5889047926863045,6.290904053929264,3.129000831101672,4.613851694523963,7.746652507156708,3.769175362452673,2.3500692584726197,0.7734278326715303,2.995622864530428,4.245396620186536,19.16688059839321,105.59996306214794,105.40557761566166,0.39723926380368096,43.484560327198366,54.717791411042946,1.3326175869120653,0.0,2.4929141104294477,0.12115541922290385,181.0,135.0,363.0,70.0,376.0,6.0,1499.0,56.0,160.0,9.412147239263804,0.3868540899795502,0.199209100204499,0.1793129856850716,0.2212758691206544,0.013664008179959101,0.5698991820040901,0.3622550102249489,0.36637361963190185,0.35832290388548066,0.6414005112474438,0.14478527607361963,0.06408179959100205,134.0,0.09892321063394684,0.0,7.0,0.0,0,0,0,0.0304,0.0006666666666666666,0.06413333333333333,0,0,6,0,0,0,2,1,1,1,0,0.0,0,0.0,0,0.0,0,0.0,0,0.0,,,1992,2006,15,0.986335991820041
Dale Davis,davisda01,83,230.0,1969-03-25,Clemson,1992,2006,1991-11-18T00:00:00Z,False,15,NBA,"IND, POR, GSW, IND, DET",C,1048,857.0,27.807251908396946,3.3959923664122136,6.397900763358779,0.5307979120059657,0.0,0.007633587786259542,0.0,3.3959923664122136,6.390267175572519,0.5314319844706585,0.5307979120059657,1.4360687022900764,2.5591603053435112,0.5611483967188665,3.095419847328244,4.984732824427481,8.080152671755725,0.9217557251908397,0.6498091603053435,1.1793893129770991,1.025763358778626,2.689885496183206,8.228053435114504,29142.0,3559,6705,0.0,8.0,3559.0,6697.0,1505,2682,3244.0,5224.0,8468.0,966,681.0,1236.0,1075.0,2819.0,8623,0.0,15.274486994715533,0.5458954773179604,0.0013469219682931853,0.40170187358451726,13.356578134651016,20.617435316725004,17.063808249262234,5.1760620410404234,1.2449179877839545,3.0498936243222845,11.925550751492692,14.008341912017018,45.1,40.699999999999996,85.40000000000003,0.14110932674490426,0.32096973440395316,0.17934252968224554,0.4999073502161829,18.2,6.477904742296342,12.197985725070346,0.0,0.00925125248781827,6.477904742296342,12.180258733099992,2.7387241781621032,4.872812435659873,5.913314117081875,9.502642234575527,15.40953606478622,1.7639455082012216,1.2449179877839545,2.2453537849152427,1.9445954292773318,5.1152906458033085,15.678011117974057,114.68965753894723,102.7769199094091,0.0,0.0,0.0,32.66362842484445,67.33637157515555,3.5911308809081977,0.49153476694683995,152.0,169.0,804.0,100.0,649.0,0.0,1451.0,128.0,340.0,5.816695775570353,0.5225974784412182,0.22521067569042683,0.20030307826656482,0.05047019975985154,0.0013520358039515335,0.6544271913546555,0.3207519375614016,0.38996435978604954,0.3560507586508023,0.6196579521886257,0.0,0.17698586398864752,703.0,0.009715096605174108,0.0,1.0,0.0,0,0,1,0.026933333333333333,0.0004,0.010266666666666667,0,0,8,0,0,0,1,0,0,1,0,0.0,0,0.0,0,0.0,0,0.0013333333333333333,0,0.0,,,1992,2007,15,0.9986479641960484
Dale Davis,davisda01,83,230.0,1969-03-25,Clemson,1993,2007,1991-11-18T00:00:00Z,False,15,NBA,"IND, POR, GSW, IND, DET",C,1030,840.0,27.480582524271846,3.337864077669903,6.310679611650485,0.5289230769230769,0.0,0.006796116504854369,0.0,3.337864077669903,6.303883495145631,0.5294933004774373,0.5289230769230769,1.3932038834951457,2.4815533980582525,0.5614241001564946,3.0533980582524274,4.902912621359223,7.956310679611651,0.920388349514563,0.6446601941747573,1.1611650485436893,1.0106796116504855,2.60873786407767,8.068932038834951,28305.0,3438,6500,0.0,7.0,3438.0,6493.0,1435,2556,3145.0,5050.0,8195.0,948,664.0,1196.0,1041.0,2687.0,8311,0.0,15.33123476417594,0.5437597244303127,0.0012028970146617207,0.3942842254018725,13.34639109697933,20.621904257198374,17.055506094329623,5.255163398692812,1.255438968380145,3.0772443031266565,11.95250309132662,14.007687687687685,43.699999999999996,39.99999999999999,83.30000000000003,0.14165447800741918,0.33904257198374854,0.22434198904787137,0.5613283872107401,18.099999999999998,6.471400812577283,12.224924924924926,0.0,0.009524818936583643,6.471400812577283,12.206673732556084,2.705412471294824,4.805730436318672,5.9317399752693865,9.502398869457695,15.427528705175764,1.7884967320261438,1.255438968380145,2.2486239180356824,1.9488712241653416,5.054962020844373,15.626606606606606,114.49341105811693,102.53729023140788,0.0,0.0,0.0,31.856861492600874,68.14313850739913,3.6654476737996378,0.5337325668050676,153.0,173.0,829.0,104.0,663.0,1.0,1478.0,130.0,343.0,5.816283402533802,0.5243857659959544,0.22098190141594803,0.20103656978601087,0.052236931757691896,0.0013186415415735121,0.6539720536569785,0.31900441818375386,0.3861368572341105,0.3472565740445012,0.6170729798786331,0.0,0.17829527307569465,720.0,0.009475141062493347,0.0,1.0,0.0,0,0,1,0.02693333333333334,0.0004,0.0,0,0,8,0,0,0,1,0,0,0,0,0.0,0,0.0,0,0.0,0,0.0013333333333333333,0,0.0,,,1992,2007,16,0.9986813584584264
Robert Horry,horryro01,82,240.0,1970-08-25,Alabama,1993,2007,1992-11-06T00:00:00Z,False,15,NBA,"HOU, PHO, LAL, SAS",PF,1062,475.0,24.939736346516007,2.6195856873822976,6.143126177024482,0.42642550582464744,0.731638418079096,2.1271186440677967,0.34395750332005315,1.8879472693032016,4.016007532956685,0.47010550996483,0.4859748620478234,1.1883239171374764,1.6327683615819208,0.7277970011534025,1.515065913370998,3.3436911487758945,4.858757062146893,2.1619585687382297,1.0706214689265536,0.9566854990583804,1.2768361581920904,2.4717514124293785,7.159133709981168,26486.0,2782,6524,777.0,2259.0,2005.0,4265.0,1262,1734,1609.0,3551.0,5160.0,2296,1137.0,1016.0,1356.0,2625.0,7603,0.0,13.446700143472022,0.5215066072642149,0.35009189760628256,0.27048452012383895,7.038465604470286,14.830763422185306,11.025964660575399,12.78046137582119,2.2245337159253946,2.6866042437514164,15.697549648871103,14.672336328626447,23.4,42.0,65.5,0.11833062750132145,-0.06099826323340632,1.9719474439326439,1.877040700747565,26.1,5.458291172695009,12.777304991316166,1.5301593294570714,4.439318885448916,3.9115834780638825,8.350505927659896,2.46635581061693,3.4044589594502757,3.170894057237786,6.9722192856603495,10.142022200407762,4.496771879483501,2.2245337159253946,1.995956354300385,2.6446877595710943,5.177554179566564,14.889500113267387,107.08748017820736,101.08079740240127,0.0,0.0,7.783815435062654,88.48231643049537,3.832533083499239,7.984207752664246,2.940648787914276,459.0,155.0,868.0,94.0,385.0,22.0,3054.0,84.0,147.0,14.776946949291487,0.26631853847054693,0.10847341609087714,0.10243886871999063,0.14905193816606163,0.37350169809111133,0.6338024358824219,0.33895461997892024,0.379527110902916,0.2840023421946364,0.6434280360697974,0.9106921770699146,0.08019100597259633,270.0,0.24223568333528514,0.38817560604286216,5.0,0.0,7,0,0,0.0057333333333333325,0.0,0.03586666666666667,0,0,2,0,0,0,0,0,1,1,0,0.0,0,0.0,0,0.0005333333333333334,0,0.0,0,0.0,,,1993,2008,15,0.6264983019088887
Robert Horry,horryro01,82,240.0,1970-08-25,Alabama,1994,2008,1992-11-06T00:00:00Z,False,15,NBA,"HOU, PHO, LAL, SAS",PF,1028,401.0,24.065175097276263,2.428988326848249,5.79863813229572,0.4188894480791813,0.7616731517509727,2.219844357976654,0.34312007011393514,1.6673151750972763,3.5787937743190663,0.4658874694210383,0.48456634792819997,1.1060311284046693,1.5194552529182879,0.7279129321382842,1.4892996108949417,3.254863813229572,4.744163424124514,2.093385214007782,1.04863813229572,0.9260700389105059,1.188715953307393,2.40272373540856,6.72568093385214,24739.0,2497,5961,783.0,2282.0,1714.0,3679.0,1137,1562,1531.0,3346.0,4877.0,2152,1078.0,952.0,1222.0,2470.0,6914,0.0,13.482885322769715,0.5193977929584865,0.3821726019645095,0.2675277092849347,7.15891507336594,15.021302397024943,11.169073123408385,12.842637131654476,2.266288047212903,2.728036703181212,15.560782570031128,14.3571809693197,22.9,39.9,63.0,0.1216968753789563,0.04296050770039211,2.0806459436517244,2.084946845062452,25.7,5.266938841505316,12.5354986054408,1.650022232103157,4.811807267876632,3.592137919883585,7.737095274667529,2.3886171631836373,3.2917377420267595,3.2347669671369097,7.052665831278549,10.286264602449574,4.522442297586807,2.266288047212903,2.009794251990784,2.5583572496867295,5.230122478677392,14.537834997372572,107.44666316342617,100.68620396944097,0.0,0.0,7.592888284921578,88.79650076439613,3.7060189117264026,7.776762357737387,2.6983296529075367,473.0,161.0,893.0,94.0,390.0,26.0,3163.0,85.0,150.0,14.886642885453824,0.2636341656757828,0.10571790951814732,0.10044374610724194,0.14941334012796562,0.3805824132268841,0.6248960987486553,0.32776552856576635,0.3934071683370137,0.28852471547477493,0.6485965687107185,0.9136402808447993,0.07866621369118397,272.0,0.24744357624143593,0.3824259668195459,5.0,0.0,7,0,0,0.0057333333333333325,0.0,0.0,0,0,2,0,0,0,0,0,0,0,0,0.0,0,0.0,0,0.0005333333333333334,0,0.0,0,0.0,,,1993,2008,16,0.6194175867731159
Shaquille O'Neal,onealsh01,85,325.0,1972-03-06,LSU,1993,2007,1992-11-06T00:00:00Z,True,15,NBA,"ORL, LAL, MIA",C,981,972.0,36.62181447502548,10.286442405708462,17.730886850152906,0.5801425779004254,0.0010193679918450561,0.020387359836901122,0.05,10.285423037716615,17.710499490316003,0.5807528490848394,0.580171323444866,5.373088685015291,10.232415902140673,0.5251046025104602,3.7869520897043834,7.81243628950051,11.599388379204893,2.7533129459734966,0.6391437308868502,2.4791029561671762,2.854230377166157,3.441386340468909,25.946992864424058,35926.0,10091,17394,1.0,20.0,10090.0,17374.0,5271,10038,3715.0,7664.0,11379.0,2701,627.0,2432.0,2800.0,3376.0,25454,2.0,27.626404275455105,0.5835355452875354,0.0011135389411568225,0.5816066636976006,11.96041028781384,23.684440238267545,17.94415465122752,14.749763402549686,0.9056031843233312,4.743848466291822,11.483229416021823,30.442267438623837,107.30000000000001,58.300000000000004,165.20000000000002,0.22079833546734956,5.1864165228525305,0.7735567555530813,5.950759895340423,71.89999999999998,14.508336580749319,25.015929967154705,0.0,0.018955631019317486,14.508336580749319,24.988426209430493,7.5833630239937655,14.442593108055448,5.352975560875132,11.027720870678616,16.356407615654398,3.8985664978010353,0.9056031843233312,3.4888660023381397,4.027706953181539,4.868031509213384,36.609244001558764,113.20272226242832,100.57348438456827,0.0,0.0,0.0,0.0,100.0,8.80743881754301,10.178184314675713,625.0,363.0,1347.0,370.0,2990.0,11.0,4559.0,941.0,441.0,4.435275825862209,0.49852499798077704,0.4228805831516032,0.07541951377110089,0.0023781600839996773,0.0007260318229545271,0.7519940634843713,0.43173572409336886,0.2845046038284468,0.1582440432921412,0.6219418867619739,0.0,0.19982497375010094,2228.0,0.0,0.0,4.0,0.0,4,3,14,0.12020000000000002,0.6318666666666667,0.06666666666666667,0,3,12,8,10,13,15,1,1,1,1,0.292,1,0.98,0,0.0,0,0.0016666666666666668,0,0.016533333333333334,,,1993,2011,15,0.9992739681770454
Shaquille O'Neal,onealsh01,85,325.0,1972-03-06,LSU,1994,2008,1992-11-06T00:00:00Z,True,15,NBA,"ORL, LAL, MIA, PHO",C,961,952.0,36.007284079084286,10.082206035379812,17.323621227887617,0.5819918308505526,0.001040582726326743,0.018730489073881373,0.05555555555555555,10.081165452653487,17.304890738813736,0.5825616355983163,0.5820218644882268,5.21748178980229,10.046826222684704,0.5193164163645779,3.6826222684703436,7.567117585848075,11.249739854318419,2.749219562955255,0.6233090530697191,2.324661810613944,2.782518210197711,3.4162330905306972,25.382934443288242,34603.0,9689,16648,1.0,18.0,9688.0,16630.0,5014,9655,3539.0,7272.0,10811.0,2642,599.0,2234.0,2674.0,3283.0,24393,2.0,27.51412016299165,0.5837703667312081,0.0009786145709909544,0.5853777418142936,11.804337774181429,23.437664364361467,17.731477039563043,15.019024362049535,0.8969424616362742,4.606259572869404,11.541681357107764,30.39707250816403,103.4,54.599999999999994,157.60000000000002,0.21871433112735889,5.146594225934168,0.6801115510215877,5.81208854723579,68.0,14.501979597144755,24.919350923330345,0.0,0.019680374533999942,14.501979597144755,24.899670548796344,7.513510389272607,14.461575585931856,5.308169811866023,10.898112880386094,16.189940178597233,3.9621420108083116,0.8969424616362742,3.3453515591133716,4.00568736814727,4.931112909285322,36.521977863191054,113.04803051758518,100.84799005866543,0.0,0.0,0.0,0.0,100.0,8.266261788004527,9.777404752923426,671.0,409.0,1474.0,408.0,3149.0,20.0,4766.0,977.0,468.0,4.36701244813278,0.5011278762731045,0.4233500188608072,0.07255654470011316,0.002221350433798567,0.0006781591852131272,0.7512032063372313,0.43267627310448886,0.27306416446623916,0.1478098453413806,0.6205610335722369,0.0,0.1989133911731422,2327.0,0.0,0.0,4.0,0.0,4,3,13,0.11893333333333334,0.6245333333333333,0.0,0,3,11,8,10,13,15,0,0,0,1,0.28993333333333327,0,0.0,0,0.0,0,0.002,0,0.016533333333333334,,,1993,2011,16,0.9993218408147868
Shaquille O'Neal,onealsh01,85,325.0,1972-03-06,LSU,1995,2009,1992-11-06T00:00:00Z,True,15,NBA,"ORL, LAL, MIA, PHO",C,955,946.0,35.215706806282725,9.683769633507854,16.647120418848168,0.5817083909925777,0.0010471204188481676,0.01780104712041885,0.058823529411764705,9.682722513089006,16.62931937172775,0.5822681191360746,0.5817398414894955,5.0806282722513085,9.763350785340315,0.5203775203775204,3.499476439790576,7.361256544502618,10.860732984293193,2.694240837696335,0.5989528795811518,2.2104712041884818,2.743455497382199,3.4083769633507854,24.449214659685865,33631.0,9248,15898,1.0,17.0,9247.0,15881.0,4852,9324,3342.0,7030.0,10372.0,2573,572.0,2111.0,2620.0,3255.0,23349,1.0,27.07046177633731,0.5843621063899377,0.0009779964913324017,0.5924205048913205,11.527659005084598,23.336335523772707,17.549472213136692,14.994561565222563,0.8814873182480449,4.542368647973595,11.808129404418542,30.116032826856173,96.9,52.0,148.50000000000003,0.21199357735422675,4.828212066248401,0.6221611013648123,5.442029675002232,62.900000000000006,14.256108947102378,24.504745621599117,0.0,0.020249174868424966,14.256108947102378,24.48449644673069,7.483310041330914,14.374615681960098,5.167642948470162,10.840682703458118,15.991510808480271,3.9669709494216647,0.8814873182480449,3.257637298920639,4.033695102732597,5.0268175195504154,35.99347031013053,112.64621926199042,101.2834289792156,0.0,0.0,0.0,0.0,100.0,7.822606216535707,9.113643001182115,728.0,438.0,1633.0,440.0,3397.0,24.0,5058.0,1045.0,508.0,4.291297545372366,0.5069901953967041,0.4183115569153744,0.07188658646825673,0.0020474236840275365,0.0007033585981503373,0.7507958069675266,0.4330148112092344,0.279244663097142,0.13623666643487936,0.6184813643001181,0.0,0.2015822960851123,2507.0,0.0,0.0,5.0,0.0,4,3,13,0.11893333333333334,0.6197333333333332,0.0,0,3,11,8,10,13,15,0,0,0,1,0.27086666666666664,0,0.0,0,0.0,0,0.002,0,0.016533333333333334,,,1993,2011,17,0.9992966414018496
Shaquille O'Neal,onealsh01,85,325.0,1972-03-06,LSU,1996,2010,1992-11-06T00:00:00Z,True,15,NBA,"ORL, LAL, MIA, PHO, CLE",C,929,920.0,34.389666307857915,9.23573735199139,15.895586652314316,0.5810252590234983,0.001076426264800861,0.013993541442411194,0.07692307692307693,9.234660925726589,15.881593110871906,0.5814694320184357,0.5810591183043272,4.853606027987083,9.360602798708289,0.5185142594296228,3.3444564047362757,7.232508073196986,10.576964477933261,2.6254036598493005,0.5532831001076426,2.132400430570506,2.713670613562971,3.407965554359526,23.32615715823466,31948.0,8580,14767,1.0,13.0,8579.0,14754.0,4509,8696,3107.0,6719.0,9826.0,2439,514.0,1981.0,2521.0,3166.0,21670,1.0,26.57458682859647,0.5832777638662826,0.0008326655815700514,0.5935296732189809,11.282922248654064,23.511806685864528,17.52352259922374,15.006203831225742,0.832271190684863,4.521312758232127,12.179510454488543,29.758125704269435,88.2,49.699999999999996,137.6,0.2067367597345687,4.531388506322773,0.6676881181920621,5.190293602103419,57.800000000000004,13.9649086014774,24.04033429322649,0.0,0.012166645799424065,13.9649086014774,24.028167647427065,7.337157255540252,14.159527982972332,5.069735194691373,10.93681294603731,15.988847502191062,3.969390885188431,0.832271190684863,3.2282365093276573,4.09674158006761,5.15936521848003,35.27783898835608,111.82080255415049,101.0626956303994,0.0,0.0,0.0,0.0,100.0,7.648083461102594,8.50965268982068,757.0,461.0,1741.0,468.0,3515.0,28.0,5240.0,1074.0,533.0,4.254459702686487,0.5101317245516966,0.4158601759882674,0.07098200119992,0.0022107859476034933,0.0007569495366975535,0.7471671555229651,0.4330555296313579,0.2874593360442637,0.1306059262715819,0.6162709486034263,0.0,0.20056629558029462,2583.0,0.0,0.0,5.0,0.0,4,3,12,0.11766666666666666,0.5802666666666666,0.0,0,3,10,8,9,12,14,0,0,0,1,0.23246666666666668,0,0.0,0,0.0,0,0.002,0,0.016533333333333334,,,1993,2011,18,0.9992430504633023
Shaquille O'Neal,onealsh01,85,325.0,1972-03-06,LSU,1997,2011,1992-11-06T00:00:00Z,True,15,NBA,"LAL, MIA, PHO, CLE, BOS",C,912,904.0,33.72149122807018,8.905701754385966,15.279605263157896,0.582848941514173,0.0,0.01206140350877193,0.0,8.905701754385966,15.267543859649123,0.5833093938523413,0.582848941514173,4.75109649122807,9.118421052631579,0.5210437710437711,3.2598684210526314,7.055921052631579,10.31578947368421,2.5328947368421053,0.543859649122807,2.0921052631578947,2.655701754385965,3.3914473684210527,22.5625,30754.0,8122,13935,0.0,11.0,8122.0,13924.0,4333,8316,2973.0,6435.0,9408.0,2310,496.0,1908.0,2422.0,3093.0,20577,1.0,26.36129609156533,0.5859694999024516,0.0007384405280613904,0.6011939910255576,11.22155817129479,23.38483449307407,17.434541848214863,14.72698185601873,0.8345320933862262,4.526022631202445,12.39157833127398,29.329485595369704,85.39999999999999,48.300000000000004,133.39999999999998,0.20819756779605905,4.444280418807309,0.7298595304675816,5.16501593288678,55.4,13.733286726929832,23.561819600702346,0.0,0.006311374130194447,13.733286726929832,23.55550822657215,7.325216232034856,14.069779540872734,5.039646875203225,10.884018339077844,15.905277362294337,3.901752617545686,0.8345320933862262,3.2307699811406647,4.0878422319047925,5.238479547375952,34.80063081225206,111.91594589321714,100.86522078428823,0.0,0.0,0.0,0.0,100.0,7.7985107628276005,8.536313975417832,770.0,474.0,1817.0,481.0,3581.0,28.0,5293.0,1093.0,546.0,4.194442999284647,0.5179776289263186,0.4097016648240879,0.06936860245821681,0.002156727580152175,0.0007384405280613904,0.7464784093126097,0.43283410288092605,0.2804303505235091,0.1274123366066203,0.6209102230604149,0.0,0.20113929895298172,2626.0,0.0,0.0,5.0,0.0,4,3,11,0.11653333333333334,0.5584666666666666,0.0,0,3,9,8,9,11,13,0,0,0,1,0.22873333333333334,0,0.0,0,0.0,0,0.002,0,0.01653333333333333,,,1993,2011,19,0.9992615594719385
Alonzo Mourning,mournal01,82,240.0,1970-02-08,Georgetown,1993,2008,1992-11-13T00:00:00Z,True,15,NBA,"CHH, MIA, NJN, MIA",C,838,686.0,30.9964200477327,6.105011933174224,11.5763723150358,0.5273683125450984,0.026252983293556086,0.10620525059665871,0.24719101123595505,6.078758949880668,11.47016706443914,0.5299625468164794,0.5285022162663643,4.841288782816229,6.995226730310263,0.6920846127601501,2.6062052505966586,5.9105011933174225,8.516706443914082,1.1288782816229117,0.49403341288782815,2.81145584725537,2.636038186157518,3.3532219570405726,17.077565632458235,25975.0,5116,9701,22.0,89.0,5094.0,9612.0,4057,5862,2184.0,4953.0,7137.0,946,414.0,2356.0,2209.0,2810.0,14311,0.0,21.232331087584217,0.5824251395572666,0.008779326275264678,0.6107792107795958,10.074090471607315,21.408958614051972,15.942240615976903,6.715834456207892,0.850306063522618,6.562179018286814,15.303360923965354,25.587761308950913,41.6,48.1,89.7,0.16579530317613086,0.7844504331087584,1.398313763233879,2.1758652550529356,27.2,10.401447545717037,19.711110683349375,0.043210779595765164,0.1868103946102021,10.358236766121273,19.519287776708374,8.227926852743021,11.894937439846005,4.443434071222329,10.063337824831569,14.51126467757459,1.9243079884504333,0.850306063522618,4.779210779595766,4.49553031761309,5.718263715110683,29.053154956689127,108.15676612127045,99.41312800769971,0.0,0.0,0.0,9.936691930450289,90.0633080695497,6.3729507674670405,7.636685561429209,247.0,299.0,719.0,363.0,1350.0,19.0,1225.0,271.0,408.0,7.087535825743584,0.3948393732883256,0.31201745111776313,0.17551417107190626,0.11441328577797592,0.003191898605184383,0.7165501560410164,0.45617845997070255,0.3459475192662888,0.40458053627157503,0.6568206483663461,0.3041207566397045,0.17346442901726006,900.0,0.06846920578307114,0.1563594675498376,0.0,0.0,1,0,7,0.14813333333333334,0.11633333333333334,0.06666666666666667,2,2,10,1,2,2,8,1,1,1,0,0.06446666666666666,0,0.02,0,0.0029333333333333334,0,0.0,2,0.08893333333333332,,,1993,2008,15,0.9968081013948155
Doug Christie,chrisdo01,78,200.0,1970-05-09,Pepperdine,1993,2007,1993-03-12T00:00:00Z,False,15,NBA,"LAL, NYK, TOR, SAC, ORL, DAL, LAC",SG,827,708.0,31.53446191051995,3.9153567110036276,9.194679564691656,0.42582851130983695,0.973397823458283,2.747279322853688,0.3543133802816901,2.9419588875453444,6.447400241837968,0.45630157539384847,0.4787611783271962,2.4425634824667473,2.9746070133010885,0.8211382113821138,0.9637243047158404,3.1257557436517533,4.0894800483675935,3.617896009673519,1.8802902055622732,0.4740024183796856,2.0810157194679566,2.4800483675937124,11.246674727932286,26079.0,3238,7604,805.0,2272.0,2433.0,5332.0,2020,2460,797.0,2585.0,3382.0,2992,1555.0,392.0,1721.0,2051.0,9301,0.0,14.63052264273937,0.5373231335557345,0.2979171363932666,0.3208229993481345,3.4018060508455084,11.110502703324514,7.236815061927221,17.651635415468384,3.0832355535104874,1.035285095287396,16.651727443536945,17.629372291882355,26.399999999999995,29.1,55.699999999999996,0.10252544192645426,-0.1915871007323901,1.3274320334368648,1.1387821618927105,20.599999999999998,6.417688561677978,15.057245293147743,1.6013267379884197,4.487096897887189,4.825346063882818,10.564339123432648,3.997871850914529,4.865658192415354,1.5614517427815486,5.112094022010047,6.671958280608919,5.913014302695656,3.0832355535104874,0.7802024617508341,3.3973963725602974,4.073008934391656,18.39467004102918,105.88070861612792,103.9703209478891,5.557987628152442,83.62750356880218,10.58212570835316,0.0,0.0,2.3680408357485834,2.819967988925899,756.0,305.0,604.0,143.0,682.0,3.0,5824.0,124.0,449.0,14.460496604230652,0.2900488817753169,0.08202474369511614,0.08811701345330278,0.23427455984773107,0.30536933858199594,0.6003117619068219,0.29613583077388933,0.30996076480512175,0.38615668123026337,0.5590466323484882,0.9009153869446728,0.06352009343772981,382.0,0.33043383657048925,0.3585257602630099,15.0,0.0,0,0,0,0.13213333333333332,0.0,0.0012666666666666666,1,4,7,0,0,0,0,0,0,1,0,0.0,0,0.0,0,0.0,0,0.009866666666666666,0,0.014533333333333332,,,1993,2007,15,0.6946306614180041
P.J. Brown,brownpj01,83,225.0,1969-10-14,Louisiana Tech,1994,2008,1993-11-05T00:00:00Z,False,15,NBA,"NJN, MIA, CHH, NOH, NOK, CHI, BOS",PF,1089,990.0,31.058769513314967,3.5371900826446283,7.681359044995409,0.46049013747758516,0.0073461891643709825,0.05417814508723599,0.13559322033898305,3.529843893480257,7.627180899908173,0.46279797736575967,0.4609683203825463,1.9816345270890725,2.4958677685950414,0.7939661515820456,2.756657483930211,4.965105601469237,7.7217630853994494,1.5252525252525253,0.837465564738292,1.024793388429752,1.2323232323232323,2.955004591368228,9.0633608815427,33823.0,3852,8365,8.0,59.0,3844.0,8306.0,2158,2718,3002.0,5407.0,8409.0,1661,912.0,1116.0,1342.0,3218.0,9870,0.0,14.130751263932828,0.5165966058599177,0.007289980190994293,0.32909700499659994,10.223291842828846,18.39148508411436,14.298903113266121,8.093087543978948,1.4310232681902848,2.4165833900008873,12.33311947491352,14.753209354581202,41.400000000000006,48.49999999999999,89.7,0.1275505425302309,-0.7195399580167342,0.7650090175324484,0.03954705377997222,17.400000000000002,6.117638884782545,13.256801584720455,0.015989119829701682,0.09626289802796913,6.1016497649528425,13.161573485498035,3.4312657067675842,4.306711409395972,4.743792685450729,8.568521420335276,13.330201342281878,2.6202495343405374,1.4310232681902848,1.755630783786181,2.130538391035686,5.089654968512551,15.643248676935816,110.10761907577684,102.00836708748484,0.0,0.0,0.49034573965614964,63.90791611562441,35.61107122614774,3.1746004156433028,3.7179709049688263,370.0,259.0,1164.0,216.0,893.0,20.0,2823.0,154.0,483.0,9.659969771396183,0.3244855091630455,0.1557392405063291,0.2644143963725676,0.25306578499905535,0.002185868127715851,0.5785522010202153,0.34220408086151516,0.4272433780464765,0.4480807103721897,0.7519522388059702,0.0,0.06768698280748157,410.0,0.07552427734744002,0.0,2.0,0.0,1,0,0,0.11026666666666665,0.0,0.0051333333333333335,0,3,10,0,0,0,0,0,0,1,0,6.666666666666667e-05,0,0.0,0,0.0,0,0.0,0,0.00013333333333333334,,,1994,2008,15,0.9978141318722842
Sam Cassell,cassesa01,75,185.0,1969-11-18,Florida State,1994,2008,1993-11-05T00:00:00Z,False,15,NBA,"HOU, DAL, PHO, NJN, MIL, MIN, LAC, BOS",PG,993,690.0,30.022155085599195,5.738167170191339,12.646525679758309,0.4537346711259755,0.676737160120846,2.0433031218529707,0.3311976343026121,5.061430010070493,10.603222557905337,0.47734827618957165,0.48049052396878483,3.59214501510574,4.173212487411883,0.8607625482625483,0.622356495468278,2.62134944612286,3.243705941591138,5.98086606243706,1.0654582074521652,0.16414904330312186,2.4350453172205437,2.7633434038267874,15.745216515609265,29812.0,5698,12558,672.0,2029.0,5026.0,10529.0,3567,4144,618.0,2603.0,3221.0,5939,1058.0,163.0,2418.0,2744.0,15635,3.0,19.483154434455923,0.5434111767073662,0.164606836173353,0.332404836978398,2.4114752448678383,9.893505970750034,6.23411042533208,34.4456695290487,1.8459412317187707,0.40241513484502883,14.45304910774185,25.660730578290625,65.9,21.500000000000004,87.79999999999998,0.14086015698376492,2.432362806923387,-0.6174862471487992,1.8383134308332216,28.899999999999995,10.04136253857507,22.14005769488796,1.1968100093921912,3.5575271702670066,8.861485307929694,18.576462498322822,6.288014893331544,7.295273715282437,1.0803837380920436,4.583785052998792,5.6834127197101845,10.471991144505568,1.8452737152824366,0.2787803569032604,4.25492754595465,4.820558835368308,27.56712397692204,110.23453642828392,107.75261639608212,92.26000955185863,7.739990448141367,0.0,0.0,0.0,2.3325121388203454,3.2646024038844224,1012.0,489.0,646.0,252.0,1110.0,57.0,11026.0,184.0,426.0,14.73909894133567,0.13473652789938706,0.0930107060415506,0.30750310435405553,0.3246695454907268,0.1396960518984319,0.5931781819629071,0.4291404919207196,0.4627367268964419,0.4566305818673883,0.30307259412560694,0.7309741701822814,0.0002756507203693385,3.0,0.16393898750298494,0.40056495263870107,28.0,0.0,3,0,1,0.0011333333333333334,0.03573333333333333,0.010266666666666667,0,0,1,0,1,1,6,0,0,1,0,0.0002,0,0.0,0,0.006466666666666667,0,0.0,0,0.0,,,1994,2008,15,0.8603039481015681
Lindsey Hunter,hunteli01,74,170.0,1970-12-03,"Alcorn State, Jackson State University",1994,2008,1993-11-05T00:00:00Z,False,15,NBA,"DET, MIL, LAL, TOR, DET",PG,896,438.0,25.518973214285715,3.279017857142857,8.427455357142858,0.38908753807442725,1.1808035714285714,3.2622767857142856,0.36195689360246325,2.0982142857142856,5.165178571428571,0.4062229904926534,0.45914448417428155,1.0446428571428572,1.3995535714285714,0.7464114832535885,0.48549107142857145,1.7410714285714286,2.2265625,2.7455357142857144,1.2265625,0.18303571428571427,1.2678571428571428,2.0279017857142856,8.783482142857142,22865.0,2938,7551,1058.0,2923.0,1880.0,4628.0,936,1254,435.0,1560.0,1995.0,2460,1099.0,164.0,1136.0,1817.0,7870,0.0,12.174165755521539,0.4858252788104089,0.3879907281871857,0.16570938115022962,2.252000874699322,7.970824404111086,5.137270938115023,17.38168816969167,2.5721495735840803,0.5385654931117428,12.244675267876667,18.65696041985567,10.399999999999999,22.6,33.099999999999994,0.06970124644653401,-0.8751847802317952,0.5902820905313798,-0.3021386398425541,9.700000000000001,6.869092499453313,17.65733216706757,2.4687032582549744,6.846332823092063,4.390500765361907,10.819470806910127,2.1891537284058606,2.936619287120052,1.0134178876011368,3.6487601137109116,4.679593264815219,5.7259173409140605,2.5721495735840803,0.3933741526350318,2.642593483490051,4.257861360157445,18.403441941832494,101.30072162694074,105.55429696041986,93.44767474873659,6.4122991312248026,0.14002612003861223,0.0,0.0,2.4730622906138207,-2.4691556413605125,435.0,191.0,496.0,61.0,313.0,17.0,3750.0,66.0,207.0,17.165072965760036,0.17987967747430586,0.058156833797058674,0.12295735619783088,0.23784572142410998,0.401059792175345,0.4993824882175913,0.2950080063596616,0.350356538527057,0.41052058372608025,0.41768843336551026,0.8923046959286809,0.006957696893986713,36.0,0.25023791948214175,0.39675867355630007,4.0,0.0,2,0,0,0.0,0.0,0.0192,0,0,0,0,0,0,0,0,1,1,0,0.0,0,0.0,0,0.0,0,0.0028666666666666662,0,0.0,,,1994,2010,15,0.5989402078246551
Lindsey Hunter,hunteli01,74,170.0,1970-12-03,"Alcorn State, Jackson State University",1995,2009,1993-11-05T00:00:00Z,False,15,NBA,"DET, MIL, LAL, TOR, DET, CHI",PG,842,412.0,24.891923990498814,3.1235154394299287,8.004750593824228,0.39020771513353114,1.1935866983372923,3.2826603325415675,0.36360347322720693,1.9299287410926367,4.72209026128266,0.4087022132796781,0.4647626112759644,0.9916864608076009,1.326603325415677,0.747538048343778,0.46318289786223277,1.6959619952494063,2.159144893111639,2.502375296912114,1.185273159144893,0.1840855106888361,1.1532066508313539,1.984560570071259,8.43230403800475,20959.0,2630,6740,1005.0,2764.0,1625.0,3976.0,835,1117,390.0,1428.0,1818.0,2107,998.0,155.0,971.0,1671.0,7100,0.0,12.137969368767592,0.48980013359416,0.40665651987213136,0.16507576697361517,2.2195047473639007,7.993754473018749,5.140020993368004,16.35069898373014,2.5653895701130778,0.5602605086120521,11.923264468724652,18.189665537477932,11.9,21.9,33.89999999999999,0.0777634906245527,-0.8333842263466767,0.7213702943842741,-0.13081730998616342,9.8,6.741075432988215,17.288625411517724,2.5667398253733475,7.0791736246958346,4.173910969034782,10.218693639963739,2.147134882389427,2.8743833198148767,0.9966601459993318,3.6627081444725413,4.678367288515674,5.384603273056921,2.5653895701130778,0.41095949234219187,2.484254973996851,4.288716064697742,18.205367622501072,102.1084498306217,105.0209933680042,93.5451697712144,6.3168876209654865,0.13794260782010404,0.0,0.0,2.308301169099961,-2.5663310398836487,445.0,194.0,505.0,63.0,315.0,18.0,3832.0,67.0,210.0,17.19535156905521,0.17937556637019636,0.05784203166079322,0.12185691111484027,0.2370296470324999,0.4037967220450859,0.5018765452816468,0.29557330648319075,0.3488632880237177,0.4054091849862952,0.4114734575152431,0.892047211500811,0.00685417016277899,36.0,0.248686916149242,0.39935128936622477,4.0,0.0,2,0,0,0.0,0.0,0.0,0,0,0,0,0,0,0,0,0,0,0,0.0,0,0.0,0,0.0,0,0.0028666666666666662,0,0.0,,,1994,2010,16,0.5962032779549141
Lindsey Hunter,hunteli01,74,170.0,1970-12-03,"Alcorn State, Jackson State University",1996,2010,1993-11-05T00:00:00Z,False,15,NBA,"DET, MIL, LAL, TOR, DET, CHI",PG,813,386.0,24.768757687576876,3.094710947109471,7.936039360393604,0.3899566026038438,1.1931119311193112,3.2829028290282904,0.3634319970026227,1.90159901599016,4.6531365313653135,0.408670367433254,0.46512709237445754,0.980319803198032,1.3087330873308733,0.7490601503759399,0.45141451414514144,1.7097170971709716,2.161131611316113,2.4071340713407134,1.1660516605166051,0.1820418204182042,1.102091020910209,1.954489544895449,8.362853628536286,20137.0,2516,6452,970.0,2669.0,1546.0,3783.0,797,1064,367.0,1390.0,1757.0,1957,948.0,148.0,896.0,1589.0,6799,0.0,12.127888960619755,0.4895488404429657,0.40994090480210554,0.16411009584347222,2.1749217857674927,8.090922183046134,5.168282266474649,15.865168595123405,2.5412722848487856,0.5596911158563838,11.598326463723492,18.072145801261357,12.2,21.600000000000005,33.9,0.08093216467199683,-0.8089735313105227,0.7972190495108507,-0.03071957093906744,9.9,6.724258827034813,17.25560411183394,2.5801807617817945,7.12488454089487,4.143636092764562,10.140338680041715,2.136495009187069,2.855926900729999,0.9788250484183343,3.7142821671549884,4.7128817599443815,5.219580871033422,2.5412722848487856,0.4089834632765556,2.3943834732085216,4.255599145850921,18.180210557679892,102.20921686447832,104.63023290460346,93.13478526584811,6.734985276959831,0.13700761153397412,0.0,0.0,2.252664036890938,-2.579437746541474,448.0,194.0,508.0,64.0,316.0,20.0,3852.0,67.0,210.0,17.205550308350464,0.17906122562364576,0.057904105783654666,0.12170876159786652,0.23723279071059505,0.4039946663703539,0.5001692871826213,0.2969589421634536,0.3464986388132674,0.40435579754430795,0.41207350408356025,0.8927789321628978,0.006807711539529974,36.0,0.24752319573309622,0.39664442469026057,4.0,0.0,2,0,0,0.0,0.0,0.0,0,0,0,0,0,0,0,0,0,0,0,0.0,0,0.0,0,0.0,0,0.0028666666666666662,0,0.0,,,1994,2010,17,0.5960053336296461
Chris Webber,webbech01,82,245.0,1973-03-01,Michigan,1994,2008,1993-11-09T00:00:00Z,True,15,NBA,"GSW, WSB, WAS, SAC, PHI, DET, GSW",PF,831,827.0,37.120336943441636,8.654632972322503,18.07942238267148,0.4787007454739084,0.3176895306859206,1.062575210589651,0.29898074745186864,8.336943441636583,17.016847172081828,0.4899229191712043,0.4874866879659212,3.049338146811071,4.700361010830325,0.6487455197132617,2.732851985559567,7.043321299638989,9.776173285198556,4.243080625752106,1.44043321299639,1.444043321299639,2.783393501805054,3.2490974729241877,20.676293622141998,30847.0,7192,15024,264.0,883.0,6928.0,14141.0,2534,3906,2271.0,5853.0,8124.0,3526,1197.0,1200.0,2313.0,2700.0,17182,21.0,20.93829221642299,0.5135620643822737,0.060581871818977534,0.2608391739877459,8.242059195383668,20.945644633189616,14.632956203196418,20.210548837812432,1.9634616008039683,2.6525853405517554,12.280866859013841,27.14265892955555,36.900000000000006,47.900000000000006,84.50000000000001,0.13187817291794987,2.2946477777417575,1.1307744675333096,3.4413168217330687,42.099999999999994,11.83329659286154,24.748218627419195,0.43829870003565996,1.4743248938308426,11.40707037961552,23.265584983953058,4.156339352287094,6.4206340973190255,3.7376244043180855,9.63758550264207,13.37126787045742,5.813868447498947,1.9634616008039683,1.9524718773300485,3.8062891042889095,4.4477809835640425,28.283661296074172,103.89843420754045,101.02723117320971,0.0,0.0,0.0,73.38349363946634,26.616506360533663,2.849387216878685,0.9640823766677006,948.0,425.0,1068.0,285.0,1430.0,10.0,6448.0,347.0,475.0,10.620272261867823,0.28816677008997826,0.22074065311821287,0.1484590055848588,0.28656046385355266,0.05606647533354018,0.6639623409866584,0.4194221222463544,0.3447479832454235,0.4203574309649394,0.6192796695625193,0.8822182748991624,0.08769965870307167,1012.0,0.02976927551970214,0.3651809649394974,8.0,0.0,0,0,5,0.011399999999999999,0.19773333333333334,0.06666666666666667,0,0,5,1,4,5,9,1,1,1,0,0.03913333333333334,1,0.525,0,0.0,0,0.0,0,0.0,,,1994,2008,15,0.9439335246664599
Bo Outlaw,outlabo01,80,210.0,1971-04-13,"South Plains College, Houston",1994,2008,1994-02-15T00:00:00Z,False,15,NBA,"LAC, ORL, PHO, MEM, PHO, ORL",PF,914,352.0,22.691466083150985,2.1936542669584247,3.8665207877461705,0.5673457838143746,0.0032822757111597373,0.04157549234135667,0.07894736842105263,2.1903719912472646,3.824945295404814,0.5726544622425629,0.5677702320316921,1.0470459518599562,2.009846827133479,0.5209580838323353,1.8435448577680524,3.010940919037199,4.854485776805252,1.5765864332603938,0.9354485776805251,1.3052516411378556,1.1553610503282277,2.3676148796498904,5.437636761487965,20740.0,2005,3534,3.0,38.0,2002.0,3496.0,957,1837,1685.0,2752.0,4437.0,1441,855.0,1193.0,1056.0,2164.0,4970,2.0,14.168351012536164,0.5743225168756025,0.010133076181292187,0.5149719382835102,9.119199614271938,15.386600771456125,12.206470588235293,10.519541947926712,2.1502892960462874,4.220713596914176,19.823259402121504,11.549758919961427,21.599999999999998,29.399999999999995,50.900000000000006,0.11752719382835104,-0.6294358727097397,2.4601060752169723,1.8377531340405011,20.2,5.0366682738669235,8.886330761812921,0.0,0.11020250723240116,5.0366682738669235,8.792193828351012,2.4098023143683704,4.618495660559305,4.246176470588236,6.896567020250723,11.142237222757958,3.624932497589199,2.1502892960462874,2.9914995178399226,2.6726133076181293,5.44539537126326,12.498264223722275,110.02237222757955,101.8516393442623,0.0,0.012420918219281443,32.43798247141448,54.04115154681061,13.324627082245051,2.9690115502931107,7.168100296012538,427.0,190.0,771.0,111.0,558.0,14.0,2814.0,150.0,273.0,4.408061988507749,0.6833472052934007,0.21043612513784898,0.05535440246096698,0.04087114748389344,0.00923576527947066,0.6865365372337338,0.3757870450983806,0.23929636078704508,0.2817722444715306,0.6468551279818909,0.11190434732137675,0.13751831214812235,374.0,0.05223750652968832,0.0,4.0,0.0,0,0,0,0.03793333333333334,0.0003333333333333333,0.0,0,0,5,0,0,0,1,0,0,0,0,0.0,0,0.0,0,0.0006,0,0.0011333333333333334,0,0.0034000000000000002,,,1994,2008,15,0.9907642347205293
Grant Hill,hillgr01,80,225.0,1972-10-05,Duke,1995,2010,1994-11-04T00:00:00Z,True,15,NBA,"DET, ORL, PHO",SF,868,846.0,35.19815668202765,6.574884792626728,13.539170506912443,0.4856194690265487,0.18087557603686635,0.597926267281106,0.302504816955684,6.394009216589862,12.941244239631336,0.49407994302501557,0.4922991831177672,4.513824884792626,5.88479262672811,0.7670321064996085,1.2258064516129032,5.238479262672811,6.464285714285714,4.514976958525345,1.304147465437788,0.5817972350230415,2.574884792626728,2.380184331797235,17.84447004608295,30552.0,5707,11752,157.0,519.0,5550.0,11233.0,3918,5108,1064.0,4547.0,5611.0,3919,1132.0,505.0,2235.0,2066.0,15489,29.0,19.870623854412152,0.5545555446451951,0.047342727153705154,0.4301869272060748,4.1832416863053155,17.266103692065986,10.848111416601204,23.21330845771144,1.96167517674784,1.2311763550667714,13.654860565593088,24.39892642052893,58.4,36.199999999999996,94.0,0.14782063367373657,2.6897420790782927,0.8577376276512175,3.5374770882429956,42.50000000000001,9.850438596491227,20.2640350877193,0.26389434406912804,0.8663262634197434,9.570568211573711,19.383405341712493,6.7803515318146115,8.855665750196387,1.8310978004713274,7.883696648337262,9.71479444880859,6.82483307148468,1.96167517674784,0.8739591516103691,3.8634459282534697,3.5448841319717204,26.716120057606705,110.62644016758314,105.21520686043466,0.0,10.169984561631592,81.28345656943203,8.349963435443243,0.0,3.2327943446818885,2.6246648248964006,811.0,458.0,755.0,232.0,1694.0,136.0,6898.0,415.0,519.0,10.793601202567645,0.3365201511335013,0.11605228731616155,0.23228890062566024,0.2617671244007475,0.05326257414479564,0.6508257902006988,0.4033037295847892,0.40989449094011543,0.43146237913382623,0.42871853416754696,0.8612392134557569,0.04177585926708377,373.0,0.33618042577394974,0.20297342975542376,9.0,1.0,0,0,7,0.05046666666666666,0.18933333333333333,0.0654,0,0,6,1,5,5,7,1,1,1,0,0.03526666666666667,1,0.41,0,0.0,0,0.0018666666666666666,0,0.00013333333333333334,,,1995,2013,15,0.9467374258552043
Grant Hill,hillgr01,80,225.0,1972-10-05,Duke,1996,2011,1994-11-04T00:00:00Z,True,15,NBA,"DET, ORL, PHO",SF,878,857.0,34.49088838268793,6.375854214123007,13.112756264236902,0.4862329540519413,0.2255125284738041,0.6902050113895216,0.32673267326732675,6.150341685649202,12.42255125284738,0.495094893187861,0.4948319291235994,4.279043280182233,5.528473804100228,0.7740008240626287,1.1571753986332574,5.111617312072893,6.26879271070615,4.289293849658314,1.2209567198177675,0.5444191343963554,2.4681093394077447,2.3314350797266514,17.25626423690205,30283.0,5598,11513,198.0,606.0,5400.0,10907.0,3757,4854,1016.0,4488.0,5504.0,3766,1072.0,478.0,2167.0,2047.0,15151,28.0,19.53629429052604,0.5564260476174752,0.05653029752666513,0.41638011425552285,4.037199088597563,17.166948452927386,10.731030611234027,22.463923653534987,1.8782320113595086,1.1792821054717169,13.576686589835882,24.01263745335667,57.800000000000004,35.699999999999996,93.0,0.14747657101343986,2.512016643001024,0.8503351715483934,3.3522603440874414,40.7,9.739517220883002,20.015335336657532,0.3369448205263679,1.0207244988937687,9.394409404616452,18.989023544562958,6.5618399762242845,8.497259188323483,1.7624046494733019,7.842968001849223,9.605372651322524,6.618224746557473,1.8782320113595086,0.8312881814879635,3.7756166826272164,3.5417296833206753,26.357401842617964,110.64088762672127,105.16382128586996,0.0,9.352514524664175,81.52562631832143,9.031935758428006,0.0,3.024834400325649,2.782929356474115,862.0,506.0,840.0,251.0,1810.0,162.0,7376.0,442.0,562.0,10.874403286089628,0.3277374458794361,0.12166384191244496,0.23351119416793104,0.2561716685786182,0.060816600673500344,0.6573489990008512,0.4029200680901455,0.4119542611849166,0.42830103985493834,0.44737519890463684,0.8736092217740444,0.03974547607593531,384.0,0.3758344373311623,0.22490578396181035,10.0,1.0,0,0,6,0.06266666666666666,0.18879999999999997,0.0,0,0,7,1,5,5,6,0,0,0,0,0.03526666666666667,0,0.0,0,0.0,0,0.0018666666666666666,0,0.003466666666666667,,,1995,2013,16,0.9391833993264996
Grant Hill,hillgr01,80,225.0,1972-10-05,Duke,1997,2012,1994-11-04T00:00:00Z,True,15,NBA,"DET, ORL, PHO",SF,847,823.0,33.531286894923255,6.180637544273908,12.683589138134593,0.48729405194079867,0.24439197166469895,0.7473435655253837,0.32701421800947866,5.936245572609209,11.93624557260921,0.4973293768545994,0.49692823233733596,3.961038961038961,5.096812278630461,0.7771600648598563,1.0838252656434475,4.69185360094451,5.775678866587958,3.925619834710744,1.1959858323494688,0.5419126328217237,2.324675324675325,2.2349468713105076,16.566706021251477,28401.0,5235,10743,207.0,633.0,5028.0,10110.0,3355,4317,918.0,3974.0,4892.0,3325,1013.0,459.0,1969.0,1893.0,14032,18.0,19.02866096264216,0.5559181014753001,0.06359110594697369,0.3949922537938805,3.858726805394176,16.17653251646069,10.117383190732722,20.935347346924406,1.8803387204675892,1.192465054047393,13.324030843984366,23.533379106369498,52.400000000000006,30.900000000000002,82.9,0.1401747473680504,2.254716383225943,0.7358085982887926,2.9797647970141896,35.5,9.66320199992958,19.813400936586742,0.37205380092250273,1.1394880461955565,9.277592338297948,18.667955353684732,6.217316291679871,8.019587338473997,1.691514383296363,7.3572057321925275,9.04872011548889,6.194841730924967,1.8803387204675892,0.8479173268546881,3.637202915390303,3.4659202140769687,25.89400373226295,110.19816203654801,105.61606985669519,0.0,8.898735960001408,82.2764339283828,8.739269744023098,0.0,3.0478891588324357,2.982687229322911,892.0,524.0,878.0,257.0,1861.0,174.0,7613.0,448.0,589.0,10.982387944086476,0.32139414105137154,0.12274757931058765,0.23217636702932998,0.25999637336713494,0.06359110594697369,0.6576231822823141,0.3990423928734904,0.4091908735607902,0.4312946375127636,0.45783718883137925,0.8797416288158868,0.03791408753212915,385.0,0.39787028625752613,0.22830671455230453,11.0,1.0,0,0,5,0.06013333333333333,0.15739999999999998,0.0,0,0,7,1,4,4,5,0,0,0,0,0.03153333333333334,0,0.0,0,0.0,0,0.0018666666666666666,0,0.003666666666666667,,,1995,2013,17,0.9364088940530263
Grant Hill,hillgr01,80,225.0,1972-10-05,Duke,1998,2013,1994-11-04T00:00:00Z,True,15,NBA,"DET, ORL, PHO, LAC",SF,796,743.0,32.27512562814071,5.839195979899498,12.037688442211055,0.48507618451262785,0.25125628140703515,0.7675879396984925,0.32733224222585927,5.5879396984924625,11.270100502512562,0.49581986400624234,0.4955124191191818,3.6670854271356785,4.658291457286432,0.7872168284789643,1.006281407035176,4.295226130653266,5.301507537688442,3.477386934673367,1.1055276381909547,0.5251256281407035,2.17964824120603,2.193467336683417,15.596733668341708,25691.0,4648,9582,200.0,611.0,4448.0,8971.0,2919,3708,801.0,3419.0,4220.0,2768,880.0,418.0,1735.0,1746.0,12415,5.0,17.993931727063952,0.5537322019384219,0.06901922852360749,0.37921057958039783,3.6822077770425437,15.248900393133782,9.559156903195671,18.875088552411352,1.7823128722120585,1.1811217936242264,13.283675217002063,22.787334085866647,43.2,25.4,68.2,0.12740664045774786,1.7409326223191002,0.47758748199758666,2.194375462224126,27.099999999999998,9.376579346852983,19.323502393834413,0.39360476431435126,1.2083025183916545,8.967988789848585,18.108613911486515,5.909859483865945,7.518422793974542,1.6123623058658676,6.898789459343739,8.511151765209606,5.614841773383676,1.7823128722120585,0.8407224319800707,3.4961776497606163,3.494986571172784,25.030855163286752,109.26982211669456,106.32754661165389,0.0,9.486940952084387,80.84593826631894,9.712039235529952,0.0,2.4751858627534933,2.9686466077614724,780.0,476.0,827.0,226.0,1606.0,176.0,6249.0,382.0,533.0,11.006044918453933,0.31532836401852793,0.12200630571017086,0.2293164143085127,0.26433077731501303,0.06901922852360749,0.6634357557121171,0.40080666381222996,0.4093707134794286,0.4197506519792923,0.4903482153283252,0.8793056712467401,0.03456377719824063,316.0,0.44628130473706745,0.2580537931571368,10.0,1.0,0,0,4,0.048666666666666664,0.10139999999999999,0.0,0,0,6,0,3,3,4,0,0,0,0,0.009733333333333335,0,0.0,0,0.0,0,0.0018666666666666666,0,0.003666666666666667,,,1995,2013,18,0.9309807714763926
Donyell Marshall,marshdo01,81,218.0,1973-05-18,UConn,1995,2009,1994-11-04T00:00:00Z,False,15,NBA,"MIN, GSW, UTA, CHI, TOR, CLE, SEA, PHI",PF,957,422.0,26.151515151515152,4.280041797283177,9.832810867293626,0.4352816153028693,0.9425287356321839,2.6938349007314524,0.34988363072148954,3.3375130616509927,7.138975966562174,0.46750585480093676,0.48320935175345375,1.6948798328108674,2.3187042842215257,0.7309598918431726,1.9832810867293627,4.679205851619645,6.662486938349008,1.3636363636363635,0.8254963427377221,0.8861024033437827,1.3500522466039708,2.270637408568443,11.197492163009404,25027.0,4096,9410,902.0,2578.0,3194.0,6832.0,1622,2219,1898.0,4478.0,6376.0,1305,790.0,848.0,1292.0,2173.0,10716,0.0,16.7532984376873,0.5178862428577137,0.282805250329644,0.23427118711791264,8.520749590442321,20.627358452870897,14.487721261038079,9.18144803612099,1.6569544891517163,2.503464258600711,10.974008071283015,20.942006632836534,27.400000000000002,31.8,58.89999999999999,0.11307627762017022,1.1573300835098095,0.012822152075758158,1.143285251927918,19.799999999999997,8.590346425860071,19.725728213529386,1.9010069125344629,5.421524753266472,6.702569225236744,14.318983497822355,3.408011347744436,4.647704479162504,3.980333240100691,9.41311383705598,13.387149878131618,2.747664522315899,1.6569544891517163,1.7852039797019217,2.7040036760298873,4.554253406321172,22.488512406600872,105.37359651576297,103.2306309186079,0.0,0.4036442949970464,38.30285818148771,59.029581496796474,2.546871449993184,-2.7778888535465986,0.1617530785659108,457.0,324.0,1067.0,160.0,770.0,11.0,2513.0,172.0,527.0,12.102122052074339,0.34531962557368107,0.14929490616621988,0.07270722951788068,0.15012364247739354,0.28266819648293723,0.6355053846503385,0.3412609624210478,0.2594065070204935,0.3240336256645613,0.6706779206616076,0.9776963238969417,0.07376030353978279,567.0,0.39263098105148364,0.35572054346344345,6.0,0.0,0,0,0,0.0,0.0,0.0,0,0,0,0,0,0,0,0,1,1,0,0.0,0,0.0,0,0.0018,0,0.014333333333333333,0,0.0,,,1995,2009,15,0.7173318035170628
Jason Kidd,kiddja01,76,205.0,1973-03-23,California,1995,2009,1994-11-05T00:00:00Z,True,15,NBA,"DAL, PHO, NJN, DAL",PG,1107,1094.0,37.17705510388437,4.940379403794038,12.292682926829269,0.4018959435626102,1.3423667570009032,3.92773261065944,0.3417663293468261,3.598012646793135,8.364950316169828,0.4301295896328294,0.4564961787184009,2.6142728093947607,3.3441734417344176,0.7817396002160995,1.4634146341463414,5.228545618789521,6.691960252935862,9.213188798554652,1.985546522131888,0.3170731707317073,3.127371273712737,1.899728997289973,13.83739837398374,41155.0,5469,13608,1486.0,4348.0,3983.0,9260.0,2894,3702,1620.0,5788.0,7408.0,10199,2198.0,351.0,3462.0,2103.0,15318,103.0,18.57273478313692,0.5044037419511602,0.32693031223423646,0.26826803547564093,4.4077098772931596,16.27536143846434,10.29965253310655,40.1847843518406,2.795174340906329,0.6323022718989187,18.693439436277487,20.46086745231442,52.7,62.099999999999994,115.0,0.13403547564086987,2.542092090875957,1.4024201190620824,3.962471145668813,61.7,6.947561657149799,17.285440408212853,1.899132547685579,5.537283440651197,5.059929534685943,11.741183331308468,3.662957113351962,4.698379297776697,2.0471777426801117,7.373184303243835,9.421018102296197,12.962599927104845,2.795174340906329,0.4327323532985057,4.3840432511238,2.671021747053821,19.451524723605882,106.609257684364,101.76318794800146,87.70374862494006,11.977858009195273,0.4071869799452797,0.0,0.0,4.339243505486136,7.578312131554453,2083.0,493.0,767.0,120.0,948.0,52.0,19179.0,198.0,401.0,15.759820043437792,0.22786291710151468,0.0668191972470595,0.1160491354751361,0.25849510619693683,0.33074811722562275,0.548317377936987,0.3268451188897977,0.3427676642315178,0.3938631991650918,0.38294079485516036,0.8489255352156375,0.0045764815389388765,42.0,0.17105483315939415,0.3375100555665247,45.0,2.0,0,0,9,0.29693333333333327,0.3247333333333334,0.06666666666666667,4,9,14,5,6,6,14,1,1,1,0,0.06226666666666667,1,0.41,0,0.0,0,0.0,0,0.0010666666666666667,,,1995,2013,15,0.6692518827743774
Jason Kidd,kiddja01,76,205.0,1973-03-23,California,1996,2010,1994-11-05T00:00:00Z,True,15,NBA,"DAL, PHO, NJN, DAL",PG,1108,1095.0,37.335740072202164,4.894404332129964,12.113718411552346,0.4040381463269259,1.4368231046931408,4.065884476534296,0.35338512763596003,3.457581227436823,8.047833935018051,0.4296287989234047,0.46334376396960214,2.5108303249097474,3.1823104693140793,0.7889960294951787,1.3682310469314078,5.331227436823105,6.699458483754513,9.310469314079423,1.9783393501805053,0.3267148014440433,3.074909747292419,1.894404332129964,13.736462093862816,41368.0,5423,13422,1592.0,4505.0,3831.0,8917.0,2782,3526,1516.0,5907.0,7423.0,10316,2192.0,362.0,3407.0,2099.0,15220,101.0,18.70110471862309,0.5116139286404952,0.3488685457358345,0.2564912734480759,4.143270160510539,16.51051295687488,10.305344710887642,40.37167859214852,2.774821117772191,0.6530289112357378,18.771869561013347,20.13995116998646,56.4,63.5,120.20000000000002,0.13939590988203443,2.6644145233030363,1.4748960549216787,4.157177045058983,64.1,6.860655579191645,16.987865016437826,2.028369754399536,5.715074453684006,4.8501764649004055,11.265852833107715,3.5094179075614003,4.464175207890156,1.9122824405337455,7.494831754012764,9.400802552697737,13.059533939276735,2.774821117772191,0.44004302842777027,4.30209824018565,2.657757203635661,19.253439856894218,107.42639238058402,101.52187681299556,85.99744352272134,13.632936818490114,0.4517399697396567,0.0,0.0,4.3513251943444455,7.452178222987428,2238.0,520.0,848.0,124.0,979.0,69.0,20746.0,202.0,414.0,16.055945113998018,0.22073347420044867,0.06457812907601608,0.11123550894767047,0.25116784055929464,0.3522614389314969,0.54851899097407,0.3173120467470131,0.3448894714874524,0.3928213074555225,0.3771582928992539,0.8551690144519225,0.004232535086346324,42.0,0.17255381645536602,0.34355929462096313,48.0,2.0,0,0,10,0.309,0.3254666666666667,0.0,4,9,14,5,6,6,14,0,0,0,0,0.0618,0,0.0,0,0.0,0,0.0,0,0.0010666666666666667,,,1995,2013,16,0.6477385610685031
Jason Kidd,kiddja01,76,205.0,1973-03-23,California,1997,2011,1994-11-05T00:00:00Z,True,15,NBA,"DAL, PHO, NJN, DAL",PG,1107,1094.0,37.02529358626919,4.64769647696477,11.495031616982837,0.4043222003929273,1.4381210478771453,4.065040650406504,0.3537777777777778,3.209575429087624,7.429990966576333,0.4319756838905775,0.4668762278978389,2.3667570009033425,2.955736224028907,0.8007334963325183,1.217705510388437,5.305329719963867,6.523035230352304,9.203252032520325,1.943089430894309,0.3297199638663053,2.9430894308943087,1.863595302619693,13.100271002710027,40987.0,5145,12725,1592.0,4500.0,3553.0,8225.0,2620,3272,1348.0,5873.0,7221.0,10188,2151.0,365.0,3258.0,2063.0,14502,94.0,18.48940639715031,0.5140906384951326,0.3719217800766097,0.24827540439651596,3.8041964525337297,16.546829482518845,10.188918437553369,39.96635030619464,2.7607119330519434,0.6664674164979141,19.00001463878791,19.454002488593943,57.2,64.8,122.30000000000001,0.1431665162124576,2.577183009246834,1.6402688657379172,4.229011637836387,64.4,6.5957669504964995,16.325464171566594,2.0526654792983137,5.778049137531413,4.554685632029667,10.533010466733355,3.3448971625149433,4.195635201405323,1.7236879986337128,7.542950203723132,9.260267889818723,13.060087344767851,2.7607119330519434,0.4533608217239612,4.168909654280625,2.6453485251421185,18.590787322809675,107.79117769048723,101.1287237416742,84.8972357088833,14.757069314660747,0.42249981701515116,0.0,0.0,4.270329616707736,6.633230048551981,2386.0,545.0,915.0,125.0,989.0,78.0,22224.0,204.0,428.0,16.36949032620099,0.21168882816502793,0.06395815746456195,0.1069482274867641,0.24546092663527466,0.3719217800766097,0.5521101568790104,0.3203340571400688,0.339330031473394,0.39011430453558443,0.37876624295508327,0.8577471881328225,0.003958572230219338,42.0,0.17128814014199625,0.3407397955449289,52.0,3.0,1,0,9,0.30553333333333327,0.32053333333333334,0.0,4,9,13,5,6,6,14,0,0,0,0,0.0618,0,0.0,0,0.0,0,0.0,0,0.0010666666666666667,,,1995,2013,17,0.6280782199233904
Jason Kidd,kiddja01,76,205.0,1973-03-23,California,1998,2012,1994-11-05T00:00:00Z,True,15,NBA,"PHO, NJN, DAL",PG,1100,1097.0,36.72909090909091,4.573636363636363,11.335454545454546,0.40348063196727885,1.4636363636363636,4.143636363636364,0.35322509872751207,3.11,7.191818181818181,0.4324358488181014,0.46804074103777366,2.3,2.85,0.8070175438596491,1.180909090909091,5.337272727272727,6.5181818181818185,9.05090909090909,1.9172727272727272,0.32272727272727275,2.9154545454545455,1.8472727272727272,12.91090909090909,40402.0,5031,12469,1610.0,4558.0,3421.0,7911.0,2530,3135,1299.0,5871.0,7170.0,9956,2109.0,355.0,3207.0,2032.0,14202,92.0,18.382718677293198,0.5152110539082224,0.3900260630661849,0.2402191228157022,3.715514083461214,16.756846195732884,10.253192911242019,39.62340478194148,2.7460769268848075,0.6577075392307312,19.172639968318403,19.33304539379239,55.8,64.89999999999999,120.90000000000002,0.1435877926835305,2.5288599574278505,1.7119078263452305,4.2573560714816105,63.7,6.543886441265284,16.231399435671502,2.1070046037324888,5.937943666155141,4.448633731003415,10.278842631552893,3.274800752437998,4.080040592049897,1.6864858175337853,7.652895896242762,9.329505965051235,12.952252363744368,2.7460769268848075,0.4492723132518192,4.164011682589971,2.647039750507401,18.471293500321767,107.61749418345626,100.8389188654027,86.44923518637691,13.248675808128311,0.38000594029998513,0.0,0.0,4.2930671748923315,6.468016434829958,2362.0,548.0,896.0,118.0,937.0,85.0,21684.0,198.0,404.0,16.674993812187513,0.20004229988614425,0.06264709667838228,0.10413417652591457,0.2431620959358448,0.3900260630661849,0.5478690163853274,0.32199999999999995,0.34692755309143114,0.3910406168011485,0.37392233057769414,0.8622457304093858,0.0026547695658630764,28.0,0.16977394683431513,0.342563585961091,50.0,3.0,1,0,9,0.30553333333333327,0.3204,0.0,4,9,13,5,6,6,13,0,0,0,0,0.0618,0,0.0,0,0.0,0,0.0,0,0.0010666666666666667,,,1995,2013,18,0.6099739369338152
Jason Kidd,kiddja01,76,205.0,1973-03-23,California,1999,2013,1994-11-05T00:00:00Z,True,15,NBA,"PHO, NJN, DAL, NYK",PG,1094,1063.0,35.947897623400365,4.411334552102376,10.986288848263253,0.40153090939346037,1.5091407678244972,4.250457038391225,0.3550537634408602,2.9021937842778796,6.735831809872029,0.43085900393540505,0.4702138281054996,2.196526508226691,2.7184643510054847,0.8080026899798252,1.1343692870201096,5.248628884826325,6.3829981718464355,8.647166361974406,1.893967093235832,0.3235831809872029,2.7623400365630713,1.8418647166361974,12.528336380255942,39327.0,4826,12019,1651.0,4650.0,3175.0,7369.0,2403,2974,1241.0,5742.0,6983.0,9460,2072.0,354.0,3022.0,2015.0,13706,88.0,18.28626388994838,0.5171306481552115,0.42050092811554407,0.23359752841559236,3.637470440155618,16.890993465049455,10.26339156304829,38.8086912299438,2.7785058611132296,0.6852594909349812,18.771353014468435,19.068723777557405,55.2,62.89999999999999,118.30000000000003,0.14441030335392985,2.5102296132428106,1.7721107635975284,4.299382103898085,62.4,6.45485544282554,16.081320721133064,2.225305769573067,6.232616268721235,4.241622803671778,9.841620260889464,3.1942711114501487,3.981608055534365,1.6574083962671955,7.691794441477866,9.344252040582806,12.652920385485798,2.7785058611132296,0.4662038802858088,4.032883260864038,2.7005466981971677,18.323121519566712,108.15658453479797,100.93841381239352,86.77567574439952,13.179164441732143,0.1771556437053424,0.0,0.0,4.281943702799603,6.94309253184835,2235.0,521.0,897.0,110.0,879.0,93.0,20656.0,177.0,382.0,17.052709334553867,0.18787143692628472,0.060007348640882856,0.09624184402573294,0.2354424441223587,0.42050092811554407,0.5465668370330816,0.3272034480128156,0.35051315889846674,0.3880641798255651,0.36521750959900323,0.8638874818826761,0.0011416584026241513,14.0,0.17784138123935206,0.349782948101813,50.0,4.0,1,0,8,0.3032666666666667,0.3131333333333333,0.0,4,9,12,5,6,6,12,0,0,0,0,0.061533333333333336,0,0.0,0,0.0,0,0.0,0,0.0010666666666666667,,,1995,2013,19,0.5794990718844558
Juwan Howard,howarju01,81,240.0,1973-02-07,Michigan,1995,2009,1994-11-19T00:00:00Z,False,15,NBA,"WSB, WAS, DAL, DEN, ORL, HOU, DAL, CHA, DEN",PF,1043,871.0,32.77948226270374,6.01150527325024,12.824544582933845,0.46875,0.005752636625119847,0.04697986577181208,0.12244897959183673,6.00575263662512,12.777564717162033,0.4700232610489983,0.4689742822966507,2.8513902205177373,3.7372962607861937,0.7629553617239611,2.095877277085331,4.534995206136146,6.630872483221476,2.4573346116970276,0.7449664429530202,0.28475551294343243,2.2511984659635664,3.081495685522531,14.880153403643337,34189.0,6270,13376,6.0,49.0,6264.0,13327.0,2974,3898,2186.0,4730.0,6916.0,2563,777.0,297.0,2348.0,3214.0,15520,0.0,14.961247769750505,0.513072420954108,0.0035981748515604432,0.28963175290298054,7.3432858521746756,16.10051478545731,11.696805990230775,13.206677586358186,1.197016584281494,0.637936178302963,13.446746029424668,23.027523472461905,27.0,28.89999999999999,56.20000000000001,0.07864661148322559,-0.4754072947439235,-0.922910877767703,-1.4032203340255636,5.099999999999999,9.60725379508029,20.47927988534324,0.009634677820351576,0.06980022814355495,9.589634092836878,20.416347363186993,4.548071016993771,5.962862324139342,3.3483020854660857,7.24353739506859,10.609699026002515,3.9146947848723266,1.197016584281494,0.45433619000263237,3.595390330223171,4.933036941706398,23.750814589487845,102.50320278452133,106.77326040539354,0.0,0.23287911164045258,16.33152345255193,70.92296913861351,12.029740428065997,-3.0388937541598064,-3.3293691105895546,719.0,421.0,1022.0,404.0,1336.0,38.0,4528.0,289.0,787.0,9.510593057063788,0.23680628437313905,0.26908095421585454,0.3041527656146005,0.1874056818579886,0.002612813955932322,0.590614635513364,0.4107766140049742,0.42647283427330357,0.4440581847479595,0.6505947385014188,0.04781588257960556,0.03918919676323256,390.0,0.05690937751777771,0.0,5.0,0.0,0,0,1,0.0,0.008133333333333333,0.04873333333333333,0,0,0,0,0,1,2,0,1,1,0,0.0,0,0.01,0,0.0,0,0.0006,0,0.0,,,1995,2013,15,0.9973871860440677
Juwan Howard,howarju01,81,240.0,1973-02-07,Michigan,1996,2010,1994-11-19T00:00:00Z,False,15,NBA,"WSB, WAS, DAL, DEN, ORL, HOU, DAL, CHA, DEN, POR",PF,1051,846.0,31.84871550903901,5.714557564224548,12.19790675547098,0.4684867394695788,0.005708848715509039,0.04091341579448145,0.13953488372093023,5.708848715509039,12.156993339676498,0.46959380136182205,0.4687207488299532,2.6974310180780208,3.4976213130352045,0.7712187159956474,2.0076117982873454,4.372978116079924,6.3805899143672695,2.339676498572788,0.7155090390104663,0.27783063748810655,2.1446241674595625,3.0152235965746907,14.132254995242626,33473.0,6006,12820,6.0,43.0,6000.0,12777.0,2835,3676,2110.0,4596.0,6706.0,2459,752.0,292.0,2254.0,3169.0,14853,0.0,14.716640277238373,0.5137316942012966,0.0032602395960923732,0.28291853135362827,7.285011800555672,15.997696651032175,11.626245033310429,12.963137454067459,1.189340662623607,0.6408866847907269,13.523616048755713,22.59846443402145,26.8,29.0,56.000000000000014,0.0800847548770651,-0.5827413138947808,-0.8569354405042869,-1.44955934633884,4.6000000000000005,9.43736145550145,20.121724972365786,0.009840767185492786,0.05726406357362651,9.41936486123144,20.059585337436147,4.438502673796792,5.760627968810684,3.3148597376990407,7.22188330893556,10.55498461446539,3.8434170824246405,1.189340662623607,0.457637498879694,3.5367848713888805,4.992847967018194,23.299070892958508,102.61745287246437,106.46643563469064,0.0,0.2202856290798237,15.448358129825376,68.16919049670301,15.705391166042613,-2.9718976771927497,-3.6684681400974193,750.0,435.0,1112.0,422.0,1369.0,52.0,4667.0,295.0,814.0,9.55868981742271,0.2371412240299546,0.26577785877597,0.3004131680970211,0.19414341098114582,0.0026337519467179164,0.5937178832963319,0.4114376221876138,0.42985413698267,0.44594774512077934,0.6541857583087578,0.04523012690944034,0.03853003744325524,397.0,0.10790920838994003,0.0,5.0,0.0,0,0,1,0.0,0.008133333333333333,0.0,0,0,0,0,0,1,2,0,0,0,0,0.0,0,0.0,0,0.0,0,0.0006,0,0.0,,,1995,2013,16,0.9973662480532821
Juwan Howard,howarju01,81,240.0,1973-02-07,Michigan,1997,2011,1994-11-19T00:00:00Z,False,15,NBA,"WSB, WAS, DAL, DEN, ORL, HOU, DAL, CHA, DEN, POR, MIA",PF,1027,765.0,29.962025316455698,5.18792599805258,11.14410905550146,0.4655307994757536,0.0019474196689386564,0.029211295034079845,0.06666666666666667,5.185978578383642,11.11489776046738,0.4665790626368813,0.4656181738750546,2.4780915287244403,3.1986368062317427,0.7747336377473364,1.9065238558909445,4.099318403115872,6.005842259006816,2.0662122687439144,0.676728334956183,0.25024342745861733,1.9240506329113924,2.8831548198636807,12.85589094449854,30771.0,5328,11445,2.0,30.0,5326.0,11415.0,2545,3285,1958.0,4210.0,6168.0,2122,695.0,257.0,1976.0,2961.0,13203,0.0,14.350684085665074,0.5116298137857074,0.002583081472815313,0.28274661206980595,7.334210782879984,15.949741639855707,11.618683175717399,12.211202105878913,1.2040427675408667,0.6211432842611551,13.374488966884405,21.944545188651652,24.5,26.7,51.300000000000004,0.07976266614669657,-0.7654772350589841,-0.8251340547918494,-1.6013616717038768,3.099999999999999,9.139969451756523,19.607926294238077,0.0,0.04088264924766827,9.131097461895939,19.56173994995288,4.343024276104124,5.619586623769135,3.3570602190374053,7.222719443631992,10.58891813720711,3.6218354944590683,1.2040427675408667,0.44128887588963633,3.3865457736180162,5.085554580611615,22.607565564980018,102.45757368951286,106.27405674173735,0.0,0.2160475772643073,15.208865490234311,68.66614669656495,15.460953495174028,-2.860852750966819,-3.7287153488674405,754.0,444.0,1140.0,430.0,1383.0,54.0,4726.0,296.0,821.0,9.611429592798412,0.23488755646550324,0.2657436547398524,0.29771177407299076,0.19918124207858048,0.002583081472815313,0.5938387442722044,0.41227571414643654,0.42831783172467575,0.44546777810275906,0.6559329238568783,0.044359949302915085,0.037942673296285465,397.0,0.10583315459361087,0.0,5.0,0.0,0,0,0,0.0,0.00013333333333333334,0.0,0,0,0,0,0,0,1,0,0,0,0,0.0,0,0.0,0,0.0,0,0.0,0,0.0,,,1995,2013,17,0.9974169185271847
Juwan Howard,howarju01,81,240.0,1973-02-07,Michigan,1998,2012,1994-11-19T00:00:00Z,False,15,NBA,"WAS, DAL, DEN, ORL, HOU, DAL, CHA, DEN, POR, MIA",PF,973,683.0,28.403905447070915,4.8376156217882835,10.469681397738952,0.4620594875822126,0.0020554984583761563,0.02877697841726619,0.07142857142857142,4.835560123329907,10.440904419321685,0.4631361354464022,0.46215765190929614,2.3216855087358685,2.986639260020555,0.7773571920165175,1.8232271325796505,3.894141829393628,5.717368961973278,1.8715313463514902,0.6228160328879754,0.24152106885919836,1.7985611510791366,2.7954779033915726,11.998972250770812,27637.0,4707,10187,2.0,28.0,4705.0,10159.0,2259,2906,1774.0,3789.0,5563.0,1821,606.0,235.0,1750.0,2720.0,11675,0.0,14.066378405760394,0.5084569598726345,0.0026354524731338424,0.2804599630929551,7.381054383616166,16.003151572167745,11.65482867170822,11.821402467706337,1.1677316640735245,0.6341932916018381,13.356500343742086,21.751999131598943,20.6,23.3,44.00000000000001,0.07613753301733185,-0.9124326084596737,-0.8716286138148134,-1.8080580381372795,1.4,9.006006440641169,19.47032963056771,0.0,0.0455186887144046,8.99612837862286,19.418905814668733,4.297383941817129,5.542421391612694,3.3872453594818537,7.254850381734631,10.652270506929119,3.462456127654955,1.1677316640735245,0.4452834967615877,3.351347830806527,5.215529905561384,22.304280493541274,101.94927090494627,106.27763505445598,0.0,0.0,9.61746933458769,72.61793971849332,17.392951478090964,-3.56879907370554,-3.9766798132937735,661.0,404.0,1061.0,396.0,1228.0,54.0,4091.0,261.0,750.0,9.564956399030287,0.22612248073235156,0.2739552049788327,0.28772699641784566,0.20967246806816947,0.0026354524731338424,0.5926895104389044,0.4096021275825885,0.42783435249846224,0.43368249086369726,0.65946441364837,0.049390310091543946,0.035149184064840605,321.0,0.11783449723197163,0.0,5.0,0.0,1,0,0,0.0,0.00013333333333333334,0.0,0,0,0,0,0,0,1,0,0,0,0,0.0,0,0.0,0,0.0,0,0.0,0,0.0,,,1995,2013,18,0.9973645475268662
Juwan Howard,howarju01,81,240.0,1973-02-07,Michigan,1999,2013,1994-11-19T00:00:00Z,False,15,NBA,"WAS, DAL, DEN, ORL, HOU, DAL, CHA, DEN, POR, MIA",PF,916,621.0,27.433406113537117,4.64410480349345,10.06004366812227,0.4616386326641346,0.002183406113537118,0.028384279475982533,0.07692307692307693,4.641921397379913,10.031659388646288,0.4627271737947546,0.46174715138361366,2.185589519650655,2.782751091703057,0.7854060415849353,1.7609170305676856,3.8307860262008733,5.591703056768559,1.767467248908297,0.5720524017467249,0.2314410480349345,1.712882096069869,2.7336244541484715,11.475982532751091,25129.0,4254,9215,2.0,26.0,4252.0,9189.0,2002,2549,1613.0,3509.0,5122.0,1619,524.0,212.0,1569.0,2504.0,10512,0.0,13.942480799076765,0.5078546699032991,0.002694814755859764,0.27179656970034627,7.415062278642205,16.29327072306896,11.819379999204108,11.656472601376896,1.111158422539695,0.6363882366986351,13.308750845636515,21.605045962831785,18.5,20.9,39.400000000000006,0.07505782164033586,-0.9877631421863186,-0.9015798479844003,-1.9157348083887142,0.6000000000000006,8.958529985275975,19.3964901110271,0.0,0.050061681722312866,8.947666043217,19.339933940865134,4.188590871105098,5.354220223645989,3.389255441919694,7.394942098770345,10.79538779895738,3.392904612201042,1.111158422539695,0.43880775199968164,3.3073819093477654,5.28650165147837,22.11020733017629,101.8342552429464,106.30940347805324,0.0,0.0,9.457161048987226,72.55342433045486,17.68454773369414,-3.77013012853675,-4.023741493891521,586.0,372.0,982.0,367.0,1088.0,54.0,3662.0,232.0,701.0,9.600366110867922,0.22548752437422898,0.2739530025070635,0.27918158303155716,0.21880691631183097,0.002694814755859764,0.5907051613673445,0.413408969716264,0.42582542082852487,0.4299186199212066,0.660103147757571,0.05431971029487843,0.03326001830554339,272.0,0.12959496995503203,0.0,5.0,0.0,2,0,0,0.0,0.0,0.0,0,0,0,0,0,0,0,0,0,0,0,0.0,0,0.0,0,0.0,0,0.0,0,0.0,,,1995,2013,19,0.9973051852441402
Michael Finley,finlemi01,79,215.0,1973-03-06,Wisconsin,1996,2010,1995-11-03T00:00:00Z,False,15,NBA,"PHO, DAL, SAS, BOS",SF,1103,875.0,34.44786944696283,6.070716228467815,13.685403445149593,0.4435905929115601,1.3182230281051677,3.5176790571169536,0.3747422680412371,4.752493200362648,10.167724388032639,0.4674097191261703,0.49175223583968203,2.230281051677244,2.7488667271078877,0.8113456464379947,1.016319129646419,3.3390752493200364,4.355394378966455,2.941976427923844,0.9029918404351768,0.2928377153218495,1.4768812330009067,1.642792384406165,15.689936536718042,37996.0,6696,15095,1454.0,3880.0,5242.0,11215.0,2460,3032,1121.0,3683.0,4804.0,3245,996.0,323.0,1629.0,1812.0,17306,6.0,15.965098957785031,0.5275655858511422,0.2681839404147805,0.19883164017264976,3.3314480471628594,10.892425518475626,7.163235603747764,14.521483840404251,1.3844694178334565,0.6037003895146857,8.887730287398671,21.652271291714914,56.699999999999996,28.4,85.30000000000001,0.1078284029897884,1.62879513633014,-0.6420912727655543,1.0026239604168858,28.700000000000003,9.227297610274764,20.809953679334665,2.008766712285504,5.375244762606591,7.21809400989578,15.437985577429203,3.3898752500263183,4.178145067901884,1.5409358879882094,5.091275397410254,6.640835877460784,4.463109274660491,1.3844694178334565,0.45455837456574383,2.226215917464996,2.502287082850827,23.856213811980204,108.33537740814823,107.67593957258659,0.4170308187672493,30.28047378104876,60.086677782888685,8.982060717571297,0.2987580496780129,2.1699143284268634,1.4095072447102117,851.0,342.0,799.0,117.0,1019.0,20.0,6723.0,176.0,485.0,15.667177437902483,0.15484323252069915,0.10858653403863845,0.16300825091996318,0.2983193997240111,0.27531120630174793,0.6549940777368906,0.40847872585096595,0.400164414673413,0.4151896561637535,0.5412889546918124,0.9225964523919044,0.03723979415823367,523.0,0.3026452104415824,0.4085877702391905,39.0,1.0,1,0,2,0.0114,0.015000000000000001,0.048799999999999996,0,0,3,0,0,0,7,1,1,1,0,0.0002,0,0.018,0,0.0010666666666666667,0,0.0034666666666666665,0,0.0,,,1996,2010,15,0.7246887936982521
Kevin Garnett,garneke01,83,240.0,1976-05-19,,1996,2010,1995-11-03T00:00:00Z,True,15,NBA,"MIN, BOS",PF,1124,1087.0,37.095195729537366,7.92170818505338,15.93950177935943,0.49698593436034827,0.148576512455516,0.5258007117437722,0.2825719120135364,7.773131672597865,15.413701067615659,0.5043001443001442,0.5016465728957357,3.8185053380782916,4.866548042704626,0.7846435100548446,2.5462633451957295,8.297153024911031,10.84341637010676,4.198398576512456,1.346085409252669,1.592526690391459,2.416370106761566,2.505338078291815,19.810498220640568,41695.0,8904,17916,167.0,591.0,8737.0,17325.0,4292,5470,2862.0,9326.0,12188.0,4719,1513.0,1790.0,2716.0,2816.0,22267,16.0,23.587976975656552,0.5477719630651157,0.032394171963065106,0.30392250869408804,8.115980333373308,25.568463844585683,17.02802973977695,20.282686173402087,1.9153927329415998,3.1877419354838707,11.774073629931646,25.319676220170283,92.1,73.69999999999999,165.8,0.19079697805492266,4.147859455570213,2.0601678858376307,6.217076388056121,86.60000000000001,11.272788104089217,22.702909221729225,0.20265499460366954,0.7359563496822161,11.073641923492026,21.939956829356042,5.433759443578367,6.935651756805372,3.6331046888116076,11.843379302074592,15.446408442259264,5.965636167406164,1.9153927329415998,2.259460366950474,3.4374361434224725,3.558584962225687,28.209756565535436,110.93476436023504,99.47475716512771,0.0,0.0,10.258438657936145,71.34142936906755,18.52329830973047,5.150403532815592,11.82238718846759,996.0,567.0,1110.0,395.0,2155.0,46.0,9970.0,469.0,570.0,11.223019136084462,0.23184594690624843,0.20550951728338662,0.23262339475153543,0.29776696614385056,0.03206794071366935,0.6843910715192122,0.4497487183391706,0.4498782295314959,0.4491558550327394,0.6687502411045124,0.7607758489416782,0.07475552002436425,1207.0,0.06785249479721843,0.1959769301050708,24.0,0.0,1,0,13,0.41386666666666666,0.4424,0.041666666666666664,8,10,14,4,7,9,14,0,1,1,1,0.18346666666666664,0,0.009,0,0.0,0,0.0026666666666666666,1,0.09580000000000001,,,1996,2016,15,0.9679320592863307
Kevin Garnett,garneke01,83,240.0,1976-05-19,,1997,2011,1995-11-03T00:00:00Z,True,15,NBA,"MIN, BOS",PF,1115,1115.0,37.32914798206278,8.051121076233184,16.146188340807175,0.4986391157029384,0.14349775784753363,0.5094170403587444,0.28169014084507044,7.90762331838565,15.63677130044843,0.5057069113851448,0.5030828195300783,3.922869955156951,4.966816143497758,0.789815817984832,2.484304932735426,8.56322869955157,11.047533632286996,4.255605381165919,1.3650224215246636,1.5390134529147983,2.4403587443946186,2.4887892376681613,20.168609865470852,41622.0,8977,18003,160.0,568.0,8817.0,17435.0,4374,5538,2770.0,9548.0,12318.0,4745,1522.0,1716.0,2721.0,2775.0,22488,16.0,23.85765460573735,0.550644034404882,0.030677550333957995,0.3073530825044447,7.890238335495653,26.207536879534864,17.26960261400221,20.45434625918985,1.9367546009321994,3.05760655422613,11.720164816683486,25.58390034116573,93.7,76.69999999999999,170.4,0.19641064821488638,4.2456321176301,2.168877036182788,6.423574071404546,88.7,11.401028302340107,22.884467348998125,0.19199221565518237,0.7095262120993706,11.212551054730671,22.14807313440008,5.551088366729133,7.043368891451635,3.531295949257604,12.160703474124261,15.661871125846908,6.0184902215174665,1.9367546009321994,2.1783311710153286,3.4550814473115183,3.5201239728989484,28.57846091009562,111.10167699774158,98.82151266157321,0.0,0.0,9.711282494834462,72.60331074912305,17.802003748017874,5.569078852529912,12.050542982076786,1045.0,585.0,1166.0,417.0,2231.0,52.0,10345.0,479.0,589.0,11.211123924847435,0.23350761616452842,0.20564235260198932,0.2275231127768968,0.3024730671279612,0.030677550333957995,0.6874104319830859,0.44757529671808177,0.45041809619912554,0.45058764595646533,0.6752173610110037,0.7201982124837827,0.07487523425111721,1266.0,0.0642334342415069,0.18552407380712124,24.0,0.0,1,0,14,0.45053333333333334,0.4448666666666667,0.0,9,11,15,4,7,9,15,0,0,0,1,0.18346666666666664,0,0.0,0,0.0,0,0.0026666666666666666,1,0.10433333333333336,,,1996,2016,16,0.9693224496660421
Kevin Garnett,garneke01,83,240.0,1976-05-19,,1998,2012,1995-11-03T00:00:00Z,True,15,NBA,"MIN, BOS",PF,1098,1098.0,36.877049180327866,8.031876138433516,16.10200364298725,0.49881221719457014,0.1429872495446266,0.5063752276867031,0.2823741007194245,7.888888888888889,15.595628415300547,0.5058397570661061,0.5032522624434389,3.9444444444444446,4.968123861566484,0.7939505041246563,2.4098360655737703,8.695810564663024,11.105646630236794,4.265938069216758,1.3415300546448088,1.469945355191257,2.416211293260474,2.4744990892531877,20.151183970856103,40491.0,8819,17680,157.0,556.0,8662.0,17124.0,4331,5455,2646.0,9548.0,12194.0,4684,1473.0,1614.0,2653.0,2717.0,22126,16.0,24.116961793978906,0.5516235953668717,0.0306814847743943,0.3088547331505766,7.751033563014002,26.88462374354795,17.567726161369194,20.806769405546913,1.9239707589340842,2.954834407646143,11.633933466696304,25.869284532365217,92.89999999999999,77.1,170.00000000000003,0.20151085426391055,4.365720777456719,2.263181941666049,6.638220839198834,88.4,11.5129905411079,23.10609024227606,0.19456175446395496,0.7135684473092787,11.326645427378924,22.36211009854042,5.651621347953866,7.133651922649476,3.465910943172557,12.499854288607345,15.942192092069844,6.106112469437653,1.9239707589340842,2.102931515645452,3.460396137413252,3.5437035390580625,28.91102220246475,111.17021066409819,98.14255019633993,0.0,0.0,5.766417228519918,72.1231137783705,22.23032278778,5.870185967251982,11.784018670815737,1035.0,574.0,1117.0,429.0,2197.0,57.0,10222.0,466.0,571.0,11.296263367168011,0.2283058457434986,0.20376147785927737,0.22316023313822825,0.313955767948433,0.0306814847743943,0.6920440591736436,0.4476849917265565,0.4491128645871923,0.4508559432960411,0.6747806179150921,0.6970531229162035,0.07214946531327951,1202.0,0.06247719246252254,0.19070615692376083,24.0,0.0,1,0,13,0.4759333333333334,0.44666666666666666,0.0,9,12,15,4,7,9,15,0,0,0,1,0.18346666666666664,0,0.0,0,0.0,0,0.0003333333333333333,1,0.10919999999999999,,,1996,2016,17,0.9693185152256055
Kevin Garnett,garneke01,83,240.0,1976-05-19,,1999,2013,1995-11-03T00:00:00Z,True,15,NBA,"MIN, BOS",PF,1084,1084.0,36.246309963099634,7.939114391143911,15.90129151291513,0.49927481580321403,0.14391143911439114,0.5129151291512916,0.2805755395683453,7.795202952029521,15.388376383763838,0.5065643546549967,0.5037999651911585,3.915129151291513,4.911439114391144,0.797145003756574,2.305350553505535,8.707564575645756,11.012915129151292,4.1466789667896675,1.3025830258302582,1.4077490774907748,2.371771217712177,2.4418819188191883,19.937269372693727,39291.0,8606,17237,156.0,556.0,8450.0,16681.0,4244,5324,2499.0,9439.0,11938.0,4495,1412.0,1526.0,2571.0,2647.0,21612,15.0,24.16872820747754,0.5527873304319055,0.03161227762082919,0.3093577409584891,7.571512560128274,27.417971036624163,17.762082919752615,20.690827415947673,1.9052480211753329,2.89797663587081,11.561960754371231,26.07511134865491,89.39999999999999,76.69999999999999,166.0,0.20278323280140495,4.332162581761726,2.2967829782901936,6.630347916825736,85.70000000000002,11.58911455549617,23.238275941055207,0.20565014888905855,0.7313456007737141,11.397078211295208,22.475589829731998,5.715410653839302,7.184507902573109,3.374329999236467,12.742638263215495,16.100875518566593,6.04437657478812,1.9052480211753329,2.052688910946527,3.4559644702349135,3.562569036166044,29.131134356468404,110.9791809829223,97.7883484767504,0.0,0.0,5.778524343997353,68.67890865592629,25.666081290880864,5.981316331984424,11.89506757272658,1006.0,549.0,1082.0,428.0,2143.0,67.0,9840.0,445.0,547.0,11.333302791987986,0.22710391692754073,0.20352742358300885,0.2188687231172533,0.3187483393143468,0.03161227762082919,0.69139609579802,0.4474741034842584,0.45190152961237945,0.4526991422972182,0.6745062227991142,0.6878007177216157,0.0671948792344303,1098.0,0.054134890941946,0.15552882339467053,25.0,0.0,1,0,13,0.47246666666666665,0.44340000000000007,0.0,9,12,14,4,7,9,15,0,0,0,1,0.1835333333333333,0,0.0,0,0.0,0,0.0003333333333333333,1,0.1086,,,1996,2016,18,0.9683877223791708
Kevin Garnett,garneke01,83,240.0,1976-05-19,,2000,2014,1995-11-03T00:00:00Z,True,15,NBA,"MIN, BOS, BRK",PF,1091,1091.0,35.3987167736022,7.652612282309808,15.3006416131989,0.5001497633738693,0.13932172318973418,0.4995417048579285,0.27889908256880735,7.513290559120073,14.801099908340971,0.5076170423581867,0.5047025699394956,3.7919340054995416,4.734188817598533,0.8009680542110358,2.1934005499541707,8.628780934922089,10.82218148487626,4.010082493125573,1.2621448212648947,1.3593033913840513,2.296058661778185,2.399633363886343,19.23648029330889,38620.0,8349,16693,152.0,545.0,8197.0,16148.0,4137,5165,2393.0,9414.0,11807.0,4375,1377.0,1483.0,2505.0,2618.0,20987,15.0,23.938146038322113,0.5530794924909374,0.031653806317969956,0.3079684878301398,7.442641118591403,27.802133609528738,17.915113930605905,20.424673744174004,1.8897747281201451,2.873158984981875,11.65485499741067,25.789572760227863,86.29999999999998,75.6,161.8,0.20112796478508552,4.169717762817193,2.2956654583117553,6.466809943034697,82.60000000000001,11.43605644743656,22.89384515794925,0.20461418953909888,0.728487830139824,11.249901605385809,22.138081305023302,5.668213360952874,7.091359399274987,3.287519419989643,12.926460383221132,16.19760745727602,5.9848446400828585,1.8897747281201451,2.027687726566546,3.4264111859140343,3.583612118073538,28.784818746763335,110.87674779906784,97.91690833764889,0.0,0.0,4.404039357845676,68.79785085447955,26.87767995857069,5.9425038839979285,11.670903676851374,975.0,541.0,1063.0,425.0,2076.0,71.0,9612.0,436.0,527.0,11.357915587778354,0.22683498187467635,0.20150621439668565,0.21517224236147078,0.32469101501812536,0.031653806317969956,0.6897517089590887,0.44667711030554114,0.45422024857586735,0.45273614707405485,0.6756843863283272,0.6536607457276022,0.06582907819782498,1039.0,0.06463777835318488,0.15823104609010874,22.0,0.0,1,0,13,0.45753333333333335,0.4284666666666666,0.0,9,12,13,4,7,8,14,0,0,0,1,0.18299999999999997,0,0.0,0,0.0,0,0.0003333333333333333,1,0.10806666666666667,,,1996,2016,19,0.96834619368203
Kevin Garnett,garneke01,83,240.0,1976-05-19,,2001,2015,1995-11-03T00:00:00Z,True,15,NBA,"MIN, BOS, BRK, MIN",PF,1057,1057.0,34.36991485335856,7.315988647114475,14.63859981078524,0.49977379952174755,0.11636707663197729,0.445600756859035,0.2611464968152866,7.199621570482497,14.192999053926206,0.5072656979069458,0.5037484650681833,3.6556291390728477,4.546830652790917,0.8039950062421972,2.098391674550615,8.461684011352885,10.5600756859035,3.8325449385052033,1.2327341532639546,1.2999053926206243,2.159886471144749,2.3859981078524126,18.403973509933774,36329.0,7733,15473,123.0,471.0,7610.0,15002.0,3864,4806,2218.0,8944.0,11162.0,4051,1303.0,1374.0,2283.0,2522.0,19453,14.0,23.739348729665004,0.5523049629772359,0.02952151173993229,0.307586005670401,7.356147980951857,27.995865561947753,17.997963059814474,20.136739244130034,1.904852872360924,2.8410856340664483,11.50074320790553,25.436447466211565,80.6,71.5,152.1,0.20097327204161972,3.990594291062237,2.338470643287731,6.330581629001625,76.50000000000001,11.272578380907813,22.57661097195078,0.1755044179581051,0.6688623413801646,11.107770651545598,21.87875251176746,5.6317377301880045,7.0212117041482,3.2416086322221913,13.063010267279584,16.287214071403014,5.892086212117041,1.904852872360924,2.0006083294337857,3.324151504307853,3.6696303228825458,28.389551047372624,110.96399570590988,97.9010157174709,0.0,0.0,4.235431748740676,67.54515676181563,28.393267086900273,5.82210630625671,11.470976354978117,893.0,507.0,1032.0,403.0,1949.0,77.0,8933.0,412.0,491.0,11.385556993035868,0.22865594979217707,0.19594390156624183,0.21328974097828185,0.3325274849293952,0.02952151173993229,0.6825867764045254,0.4417708992815657,0.4591349059979631,0.4522657105893363,0.6773758980428858,0.6407464559993393,0.06488067384183437,950.0,0.06406823749621514,0.1519628120785048,22.0,0.0,1,0,12,0.4219333333333333,0.37393333333333334,0.0,8,11,12,3,6,7,13,0,0,0,1,0.16053333333333333,0,0.0,0,0.0,0,0.0003333333333333333,1,0.10693333333333334,,,1996,2016,20,0.9704784882600677
Kevin Garnett,garneke01,83,240.0,1976-05-19,,2002,2016,1995-11-03T00:00:00Z,True,15,NBA,"MIN, BOS, BRK, MIN",PF,1014,1014.0,33.217948717948715,6.985207100591716,13.918145956607495,0.5018777014100475,0.10256410256410256,0.40039447731755423,0.2561576354679803,6.882642998027613,13.517751479289942,0.5091559057415919,0.5055622475731595,3.472386587771203,4.299802761341223,0.8075688073394496,1.9861932938856015,8.261341222879684,10.247534516765286,3.660749506903353,1.2031558185404339,1.2218934911242603,2.0404339250493098,2.3550295857988166,17.545364891518737,33683.0,7083,14113,104.0,406.0,6979.0,13707.0,3521,4360,2014.0,8377.0,10391.0,3712,1220.0,1239.0,2069.0,2388.0,17791,12.0,23.5352492355194,0.5533183208146543,0.027711338063711666,0.30463456342962325,7.254855565121871,28.250559629486684,18.111937772763707,19.916943265148593,1.924644479410979,2.7848291422973013,11.45161951132619,25.054463676038353,74.0,67.39999999999999,141.39999999999998,0.2015484962740849,3.849885699017309,2.4402547279042843,6.282269987827688,70.6,11.14576789478372,22.230795950479468,0.16077249651159337,0.6184870706291007,10.996532375382241,21.58103494344328,5.5442389335866755,6.881655434492177,3.1771398034616865,13.197348810972894,16.36522281269483,5.829474809250958,1.924644479410979,1.9444734732654456,3.248805035180952,3.748187512988748,28.036617878455008,111.18032835555027,97.91372502449306,0.0,0.0,4.5681501053944125,69.92239408603747,25.696968797316153,6.069753288008788,11.720413858623045,815.0,449.0,978.0,383.0,1766.0,81.0,8195.0,366.0,451.0,11.506293976189768,0.2268700531425348,0.18863396965828458,0.21370706291007335,0.342932785084464,0.027711338063711666,0.6826704569070451,0.4448016803728884,0.4592071371314907,0.45547317637977613,0.685520203069798,0.6059997031143306,0.06550491345782741,883.0,0.06973253570050174,0.14659896683787074,21.0,0.0,1,0,11,0.3943333333333333,0.32833333333333325,0.0,7,10,11,3,5,6,12,0,0,0,1,0.15239999999999998,0,0.0,0,0.0,0,0.0003333333333333333,1,0.09286666666666668,,,1996,2016,21,0.9722886619362883
Antonio McDyess,mcdyean01,81,220.0,1974-09-07,Alabama,1996,2011,1995-11-03T00:00:00Z,False,15,NBA,"DEN, PHO, DEN, NYK, PHO, DET, SAS",PF,1015,645.0,27.6384236453202,4.9714285714285715,10.010837438423644,0.4966046648951875,0.006896551724137931,0.059113300492610835,0.11666666666666667,4.964532019704434,9.951724137931034,0.4988614988614989,0.49694911918118295,2.0965517241379312,3.1310344827586207,0.6696035242290749,2.4413793103448276,5.083743842364532,7.52512315270936,1.2807881773399015,0.7704433497536946,1.0857142857142856,1.5990147783251232,3.031527093596059,12.046305418719212,28053.0,5046,10161,7.0,60.0,5039.0,10101.0,2128,3178,2478.0,5160.0,7638.0,1300,782.0,1102.0,1623.0,3077.0,12227,0.0,17.195223327273375,0.527473995651089,0.005262360531850426,0.29813977114747087,10.195209068548818,21.249916229993225,15.702363383595337,8.135133497308665,1.488079706270274,2.8169571881795177,12.254368516736177,21.364674009909812,31.6,38.4,69.80000000000001,0.11954774890386058,-0.3109257476918689,0.19567604177806297,-0.135661070117278,13.0,9.500905429009373,19.140501907104404,0.009143407122232916,0.09788257940327237,9.47571382739814,19.035714540334364,4.004142159483834,5.965301393790326,4.687031690015329,9.762164474387767,14.469928349909102,2.4526325170213523,1.488079706270274,2.0871136776815313,3.045324920685845,5.830545752682423,23.03011799094571,106.07318290378926,103.05639325562329,0.0,0.0,3.1794901641252475,82.61444146975516,14.170100492763744,0.7501222209288791,-0.8997865983781477,534.0,344.0,1433.0,280.0,1185.0,45.0,2885.0,254.0,442.0,10.917626973965001,0.31006856012105694,0.11396201451131029,0.23251767353431882,0.3384873317037209,0.005285570170333295,0.6762049819578628,0.40111287005781243,0.40045664067046904,0.4290989795522446,0.8004334768944242,0.17467892755984946,0.09760567260311181,877.0,0.03362045551546192,0.0,3.0,0.0,0,0,1,0.004600000000000001,0.013066666666666667,0.059533333333333334,0,0,2,0,0,1,4,1,1,1,0,0.0,0,0.0,0,0.011333333333333332,0,0.0005333333333333334,0,0.0,,,1996,2011,15,0.9947144298296666
Theo Ratliff,ratlith01,82,225.0,1973-04-17,Wyoming,1996,2010,1995-11-03T00:00:00Z,False,15,NBA,"DET, PHI, ATL, POR, BOS, DET, MIN, PHI, CHA, SAS",C,800,533.0,25.53625,2.7575,5.55625,0.4962879640044994,0.0,0.0025,0.0,2.7575,5.55375,0.49651136619401304,0.4962879640044994,1.74375,2.45375,0.7106469689251146,1.92125,3.8075,5.72875,0.5775,0.48875,2.45375,1.2475,2.85125,7.25875,20429.0,2206,4445,0.0,2.0,2206.0,4443.0,1395,1963,1537.0,3046.0,4583.0,462,391.0,1963.0,998.0,2281.0,5807,0.0,14.3391502276176,0.5461347594106418,0.0005122130304958636,0.44268657300895775,8.852249253512166,17.117352782808748,13.012839590777816,3.674139703362866,1.039336237701307,7.22578197660189,15.877786480003913,14.170267756620488,17.8,30.099999999999998,47.9,0.11236820206569091,-1.860864457389006,1.876107494248372,0.014841646678740963,10.299999999999999,5.8023985510793485,11.661065152479317,0.0,0.0021391159626021833,5.8023985510793485,11.658926036516716,3.6616819227568653,5.142850849282884,4.017431102843997,7.988158989671544,12.020764599344071,1.1841695628763034,1.039336237701307,5.148622056879924,2.6113515101081792,6.010367614665426,15.2343384404523,106.07264183268883,101.12496940623623,0.0,0.0,0.0,13.852018406191174,86.24639196820749,0.40154779334867213,2.7229606776824937,197.0,275.0,897.0,232.0,791.0,34.0,988.0,123.0,301.0,6.907833089311858,0.376699435264589,0.30760960050198705,0.23761864672662622,0.07778618489855678,0.00027421041623091404,0.678599247019452,0.383860855469567,0.40354868228404106,0.3348278079899602,0.6478265007320644,0.0,0.1581660740430872,615.0,0.0,0.0,0.0,0.0,0,0,1,0.07926666666666667,0.0008666666666666666,0.0,0,2,6,0,0,0,3,0,0,0,0,0.0,0,0.0,0,0.0,0,0.0051333333333333335,0,0.014999999999999998,,,1996,2011,15,0.9997257895837691
Theo Ratliff,ratlith01,82,225.0,1973-04-17,Wyoming,1997,2011,1995-11-03T00:00:00Z,False,15,NBA,"DET, PHI, ATL, POR, BOS, DET, MIN, PHI, CHA, SAS, LAL",C,735,531.0,26.1156462585034,2.8285714285714287,5.742857142857143,0.4925373134328358,0.0,0.0013605442176870747,0.0,2.8285714285714287,5.741496598639456,0.49265402843601896,0.4925373134328358,1.782312925170068,2.510204081632653,0.7100271002710027,1.9496598639455782,3.8993197278911564,5.848979591836735,0.6149659863945578,0.5129251700680272,2.5197278911564625,1.2857142857142858,2.9170068027210885,7.439455782312925,19195.0,2079,4221,0.0,1.0,2079.0,4220.0,1310,1845,1433.0,2866.0,4299.0,452,377.0,1852.0,945.0,2144.0,5468,0.0,14.3254441260745,0.5407849439958322,0.00027319614482938266,0.43688861682729885,8.737301380567857,17.122359989580616,12.949658765303463,3.8219067465485796,1.0641104454284969,7.227580098984109,15.889200312581401,14.261510810106795,16.1,28.0,44.09999999999999,0.11000599114352694,-1.9034383954154732,1.8659234175566555,-0.037942172440739774,9.399999999999999,5.810883042458975,11.774701745246158,0.0,0.0022766345402448554,5.810883042458975,11.772425110705914,3.6523313362854917,5.139088304245898,3.9796092732482427,7.990638187027871,11.979598853868197,1.234441260744986,1.0641104454284969,5.160166710080749,2.630997655639489,6.008075019536336,15.247059129981766,105.3211773899453,101.07241469132586,0.0,0.0,0.0,13.88585569158635,86.21219067465486,0.36085438916384505,2.6470487106017195,198.0,276.0,901.0,233.0,791.0,34.0,994.0,123.0,302.0,6.903365459755143,0.3771555092471998,0.30770351654076583,0.23735743683250846,0.07749846314144308,0.00027319614482938266,0.677320916905444,0.38244100026048444,0.40205600416775206,0.3335893201354519,0.6491291482156811,0.0,0.15819874967439435,616.0,0.0,0.0,0.0,0.0,0,0,1,0.07926666666666667,0.0008666666666666667,0.0,0,2,6,0,0,0,3,0,0,0,0,0.0,0,0.0,0,0.0,0,0.0051333333333333335,0,0.014999999999999998,,,1996,2011,16,0.9997268038551707
Joe Smith,smithjo02,82,225.0,1975-07-26,Maryland,1996,2010,1995-11-03T00:00:00Z,False,15,NBA,"GSW, PHI, MIN, DET, MIN, MIL, DEN, PHI, CHI, CLE, OKC, ATL",PF,1014,616.0,26.58086785009862,4.26232741617357,9.364891518737673,0.4551390058972199,0.029585798816568046,0.1242603550295858,0.23809523809523808,4.232741617357002,9.240631163708088,0.4580576307363927,0.45671861836562766,2.4911242603550297,3.1538461538461537,0.7898686679174484,2.4191321499013805,4.044378698224852,6.463510848126233,0.9921104536489151,0.5976331360946746,0.8520710059171598,1.267258382642998,2.9201183431952664,11.045364891518737,26953.0,4322,9496,30.0,126.0,4292.0,9370.0,2526,3198,2453.0,4101.0,6554.0,1006,606.0,864.0,1285.0,2961.0,11200,0.0,15.392857937891886,0.5162173412978147,0.012639001224353501,0.3399534374652173,10.327662968871737,17.62694690757986,13.951100063072754,6.244766816309874,1.1748413905687678,2.3435906949133676,10.463150669684262,20.17550550959077,34.39999999999999,26.099999999999998,60.3,0.1074813193336549,-0.735035061032167,-0.7929284309724334,-1.5362445738878787,3.2,8.364857344265943,18.40135420917894,0.057247801728935566,0.23971357548324865,8.310748339702446,18.152576707602122,4.8986495009831925,6.1941602048009505,4.7538938151597225,7.955355619040551,12.714469632322931,1.946006010462657,1.1748413905687678,1.6749230141357179,2.4852632360034135,5.746109895002411,21.71664378733351,107.87196230475271,106.04923385151932,0.0,0.0,4.732720039781204,70.33022542681915,25.090792308967345,-0.5897894911321069,2.4278344107409247,418.0,356.0,1527.0,161.0,1168.0,127.0,2042.0,225.0,616.0,10.365713575335654,0.28235504724017907,0.1944856621912813,0.1988603514006299,0.3133050306646776,0.010960218796618596,0.5935543262058678,0.38419318746892095,0.40256547323056524,0.4274507707608156,0.7024476214155478,0.3605114370959722,0.058244157135753365,433.0,0.2452596552295707,0.0612986905353887,3.0,0.0,0,0,0,0.0,0.0,0.06426666666666667,0,0,0,0,0,0,0,1,1,1,0,0.0,0,0.133,0,0.0,0,0.004533333333333334,0,0.0,,,1996,2011,15,0.9890397812033814
Joe Smith,smithjo02,82,225.0,1975-07-26,Maryland,1997,2011,1995-11-03T00:00:00Z,False,15,NBA,"GSW, PHI, MIN, DET, MIN, MIL, DEN, PHI, CHI, CLE, OKC, ATL, LAL, NJN",PF,948,537.0,25.52848101265823,4.067510548523207,8.953586497890296,0.45428840716305374,0.02109704641350211,0.10337552742616034,0.20408163265306123,4.046413502109704,8.850210970464135,0.4572109654350417,0.4554665409990575,2.3470464135021096,2.962025316455696,0.7923789173789174,2.2742616033755274,3.9050632911392404,6.179324894514768,0.9820675105485233,0.54957805907173,0.7742616033755274,1.2151898734177216,2.9008438818565403,10.503164556962025,24201.0,3856,8488,20.0,98.0,3836.0,8390.0,2225,2808,2156.0,3702.0,5858.0,931,521.0,734.0,1152.0,2750.0,9957,0.0,15.138035618362876,0.5146306350977232,0.010928969877277797,0.33432283789926037,10.106165034502705,17.708855005991484,13.885008883930416,6.441494153134168,1.1335895210941698,2.226312962274286,10.517627370769805,20.109842568488904,29.999999999999996,23.5,53.4,0.10589963224660136,-0.882385025412173,-0.7642494111813559,-1.6555720837981902,2.1999999999999997,8.33181273501095,18.36080327259204,0.0404446097268708,0.20868972356514198,8.283207305483247,18.14201892483782,4.8188628569067395,6.0751869757448045,4.659927275732407,8.01344159332259,12.679467790587166,2.0129416139828935,1.1335895210941698,1.594467170778067,2.4872939134746495,5.950117763728771,21.546122061071856,107.36229907855048,105.81029709516136,0.0,0.0,4.719226478244701,70.39485971654064,25.039213255650594,-0.5992273046568325,2.4043758522375107,418.0,357.0,1538.0,161.0,1169.0,128.0,2050.0,225.0,617.0,10.376930705342756,0.28208602950291317,0.1939311598694269,0.19900615677038144,0.31401694144870046,0.010928969877277797,0.5918620304946077,0.3830978058757903,0.4028432709392174,0.4265485310524359,0.7032959795049791,0.3594835750588819,0.058078095946448506,433.0,0.24456039006652616,0.06112392049915294,3.0,0.0,0,0,0,0.0,0.0,0.0,0,0,0,0,0,0,0,0,0,0,0,0.0,0,0.0,0,0.0,0,0.004533333333333334,0,0.0,,,1996,2011,16,0.9890710301227222
Jerry Stackhouse,stackje01,78,218.0,1974-11-05,UNC,1996,2010,1995-11-03T00:00:00Z,False,15,NBA,"PHI, DET, WAS, DAL, MIL",SG,896,563.0,32.762276785714285,5.892857142857143,14.395089285714286,0.40936579314622423,1.0535714285714286,3.427455357142857,0.30739172907847606,4.839285714285714,10.967633928571429,0.44123333672534854,0.4459606140486897,5.137276785714286,6.256696428571429,0.8210845522654299,1.0200892857142858,2.3325892857142856,3.3526785714285716,3.5580357142857144,0.9508928571428571,0.47767857142857145,2.904017857142857,1.96875,17.9765625,29355.0,5280,12898,944.0,3071.0,4336.0,9827.0,4603,5606,914.0,2090.0,3004.0,3188,852.0,428.0,2602.0,1764.0,16107,1.0,16.687535343212396,0.5239253960143077,0.23933272014988924,0.43266690512689476,3.526520183955033,8.220337250894225,5.8769783682507235,19.724476239141545,1.5188315448816214,1.066806336228922,14.543358882643501,27.629586101175278,32.2,19.300000000000004,51.7,0.08443515585079203,1.6599454948049734,-1.2933094873105093,0.35647078862204057,17.7,9.417022653721684,22.998068472151253,1.67571112246636,5.479652529381706,7.7258422755918925,17.52707545562936,8.20055867824902,9.982258559018907,1.6191040708567537,3.730206097768694,5.366247657979901,5.704479645716233,1.5188315448816214,0.7755407937319024,4.639301652188725,3.139448134900358,28.709436211888942,103.06986884687447,108.3002214273548,1.440496735949576,59.7920762362122,37.93456892023711,0.5362422150521498,0.0,-0.44866811735574386,-2.1193967134388836,999.0,745.0,532.0,259.0,1722.0,32.0,6527.0,288.0,733.0,13.964932092744053,0.2769350941697306,0.07884812786073385,0.1680206723193517,0.2397253320327155,0.23642770315900052,0.5782234561416673,0.33072788324454117,0.3428379605312524,0.387095370300893,0.49383788549561036,0.8542852104749757,0.0567212050724094,622.0,0.3160046522097997,0.3568660238613341,13.0,0.0,0,0,2,0.0,0.013333333333333334,0.06193333333333333,0,0,0,0,0,0,3,1,1,1,0,0.0002666666666666667,0,0.018,0,0.05126666666666667,0,0.014199999999999999,0,0.0,,,1996,2013,15,0.7635722968409995
Jerry Stackhouse,stackje01,78,218.0,1974-11-05,UNC,1997,2011,1995-11-03T00:00:00Z,False,15,NBA,"PHI, DET, WAS, DAL, MIL, MIA",SG,831,493.0,32.13477737665463,5.813477737665464,14.222623345367028,0.4087486250951857,1.0252707581227436,3.348977135980746,0.30614444843693855,4.78820697954272,10.873646209386282,0.4403497122620629,0.4447922836111346,5.07942238267148,6.131167268351384,0.828459273797841,0.9927797833935018,2.3116726835138386,3.3044524669073407,3.5054151624548737,0.9338146811070999,0.4223826714801444,2.8303249097472922,1.9109506618531888,17.73164861612515,26704.0,4831,11819,852.0,2783.0,3979.0,9036.0,4221,5095,825.0,1921.0,2746.0,2913,776.0,351.0,2352.0,1588.0,14735,1.0,16.858440683043735,0.5235809242061114,0.2366085230677052,0.42866656680647086,3.507051378070701,8.282665518274415,5.899415817855003,19.776737567405632,1.5178924505692029,0.9661099460754943,14.390701767525464,27.772637058118637,31.3,19.000000000000004,50.5,0.09070262881965249,1.745506291192331,-1.252935889754344,0.4813960455362491,16.9,9.477905931695625,23.180883013780708,1.662061863391252,5.46508388256441,7.798839125224685,17.725131066506886,8.265986369083285,9.975629119233075,1.6099498202516476,3.768416716596765,5.396985470341521,5.730587177950868,1.5178924505692029,0.7047446075494307,4.608178550029957,3.1132077591372083,28.88270671060515,103.25101108448173,107.61825943678849,1.437799580587178,59.768124625524266,37.96277711204314,0.5352381665668065,0.0,-0.45176003594967035,-2.1358373277411626,999.0,747.0,534.0,259.0,1726.0,32.0,6534.0,289.0,735.0,13.97267450569203,0.27657197423606944,0.0788559017375674,0.16832957609346913,0.23958916267225883,0.2366085230677052,0.5790131815458358,0.3301086354104254,0.34266413271420015,0.3863705811863392,0.4929132339724386,0.8545580437387658,0.056615001497902946,622.0,0.3163491611743559,0.3571340248651887,14.0,0.0,0,0,2,0.0,0.013333333333333332,0.0,0,0,0,0,0,0,3,0,0,0,0,0.0002666666666666667,0,0.0,0,0.05126666666666667,0,0.014199999999999999,0,0.0,,,1996,2013,16,0.7633914769322948
Jerry Stackhouse,stackje01,78,218.0,1974-11-05,UNC,1998,2012,1995-11-03T00:00:00Z,False,15,NBA,"PHI, DET, WAS, DAL, MIL, MIA, ATL",SG,780,412.0,30.526923076923076,5.5576923076923075,13.603846153846154,0.40853830930166807,0.9782051282051282,3.178205128205128,0.30778539733763616,4.579487179487179,10.425641025641026,0.4392523364485981,0.4444915653567053,4.783333333333333,5.706410256410257,0.83823859806785,0.8653846153846154,2.2512820512820513,3.1166666666666667,3.428205128205128,0.8884615384615384,0.3730769230769231,2.626923076923077,1.7705128205128204,16.876923076923077,23811.0,4335,10611,763.0,2479.0,3572.0,8132.0,3731,4451,675.0,1756.0,2431.0,2674,693.0,291.0,2049.0,1381.0,13164,1.0,17.163777245810756,0.523140187308387,0.23500936541934392,0.4155743983873001,3.2715509638402422,8.520578724119103,5.90117592709252,20.47973205661249,1.5246524715467638,0.906513796144639,14.066780059636304,27.98616185796481,29.4,19.100000000000005,48.699999999999996,0.09815593633194743,1.9571206585191718,-1.112645415984209,0.8175003149804713,17.099999999999998,9.581815127462097,23.45525177438999,1.6799210448952164,5.495922052832724,7.882823064969972,17.96979547268069,8.240292301877284,9.82983075049347,1.4869052118768635,3.8785141321238084,5.386300449372139,5.925945991348535,1.5246524715467638,0.664285414304313,4.531909621603461,3.052454747805636,29.082550081894922,103.34568056780479,106.59527109319222,1.6239553147704842,57.816513376170676,39.76019486791819,0.6117340724875058,0.0,0.5187812355633951,-2.4274410986518835,895.0,660.0,471.0,231.0,1476.0,32.0,6023.0,252.0,651.0,14.088799294443746,0.2546654907395742,0.07941833606316409,0.1747150896644408,0.2561414052328756,0.23500936541934392,0.5861096132039813,0.322417790097014,0.3486522195623871,0.38851085632690774,0.48592730250724453,0.8712396371424972,0.051985510898324316,511.0,0.3485768342362774,0.3428886229053799,13.0,0.0,0,0,2,0.0,0.013333333333333334,0.0,0,0,0,0,0,0,3,0,0,0,0,0.0002666666666666667,0,0.0,0,0.05126666666666667,0,0.014199999999999999,0,0.0,,,1996,2013,17,0.764990634580656
Jerry Stackhouse,stackje01,78,218.0,1974-11-05,UNC,1999,2013,1995-11-03T00:00:00Z,False,15,NBA,"DET, WAS, DAL, MIL, MIA, ATL, BRK",SG,738,375.0,29.552845528455286,5.388888888888889,13.289972899728998,0.4054853181076672,1.010840108401084,3.2154471544715446,0.314369995785925,4.378048780487805,10.074525745257452,0.43456624075319433,0.44351549755301795,4.602981029810298,5.452574525745257,0.8441848906560636,0.7791327913279132,2.1991869918699187,2.978319783197832,3.3441734417344176,0.8279132791327913,0.31978319783197834,2.505420054200542,1.6761517615176151,16.39159891598916,21810.0,3977,9808,746.0,2373.0,3231.0,7435.0,3397,4024,575.0,1623.0,2198.0,2468,611.0,236.0,1849.0,1237.0,12097,1.0,17.060142136634568,0.5215291609353507,0.24612819807427783,0.4031337918386062,3.039032553874369,8.57929390187987,5.80890875745071,20.6110270518111,1.4602842732691426,0.8062769371847777,13.779665291150849,28.038055937643282,27.2,17.000000000000004,44.39999999999999,0.09769894543787255,1.9567446125630448,-1.187116001834021,0.7518477762494268,15.300000000000002,9.575332416322786,23.618243924805135,1.7921870701513067,5.741224209078404,7.762324621733149,17.88844566712517,8.171027051811096,9.680504355800092,1.3790784044016506,3.907450710683173,5.309325997248968,5.96181568088033,1.4602842732691426,0.5835121503897295,4.4474507106831735,2.9780788629069237,29.10997248968363,103.35245300320953,106.7995414947272,0.956121045392022,56.177533241632275,41.89390187987162,0.767629527739569,0.0,0.4830903255387437,-2.6440990371389272,817.0,603.0,426.0,214.0,1300.0,34.0,5577.0,218.0,586.0,14.382530949105915,0.2371186153140761,0.07511513067400276,0.1802980742778542,0.2612601100412655,0.24612819807427783,0.5797008711600182,0.3260708849151765,0.35990380559376434,0.38331907381934893,0.4708668042182484,0.8735394314534617,0.04561875286565796,419.0,0.38157496561210463,0.3526857404860156,12.0,0.0,0,0,2,0.0,0.013333333333333332,0.0,0,0,0,0,0,0,3,0,0,0,0,0.0002666666666666667,0,0.0,0,0.050133333333333335,0,0.014199999999999999,0,0.0,,,1996,2013,18,0.7538718019257221
Rasheed Wallace,wallara01,83,225.0,1974-09-17,UNC,1996,2010,1995-11-03T00:00:00Z,False,15,NBA,"WSB, POR, ATL, DET, BOS",PF,1088,956.0,33.03952205882353,5.758272058823529,12.304227941176471,0.4679913348771196,0.9779411764705882,2.9034926470588234,0.33681544792655904,4.780330882352941,9.400735294117647,0.5085060617911615,0.5077313811907074,2.082720588235294,2.8878676470588234,0.7211966900063653,1.4402573529411764,5.288602941176471,6.728860294117647,1.8272058823529411,0.9898897058823529,1.328125,1.546875,2.958639705882353,14.577205882352942,35947.0,6265,13387,1064.0,3159.0,5201.0,10228.0,2266,3142,1567.0,5754.0,7321.0,1988,1077.0,1445.0,1683.0,3219.0,15860,0.0,17.004834895818842,0.5368283862352908,0.23278165076362423,0.236431218182324,5.240924138314742,18.765112526775535,12.052769354883578,9.690032547917767,1.6008735082204357,3.0330347455976856,10.237763930230617,21.254552535677526,47.8,56.699999999999996,104.49999999999999,0.13938999081981807,1.0381756474810135,1.1671099118146162,2.213528249923499,38.300000000000004,9.40877681030406,20.132898433805327,1.6177733885998828,4.755011544774251,7.797980359974407,15.351242106434473,3.3977383369961336,4.702509249728767,2.3627006426127353,8.659281720310458,11.020285420201965,3.0044315241883885,1.6008735082204357,2.1714830166634216,2.520507970067043,4.825412412718725,23.852727626783878,107.4274070158845,100.95293070353576,0.0,0.0,4.1594894464123655,63.51588161245938,32.404695687812875,6.748713369829328,7.0341052138528655,785.0,423.0,1749.0,176.0,1302.0,41.0,4164.0,275.0,374.0,13.485049328141924,0.2102048362071489,0.1862067976228812,0.18959064960918062,0.17665663514739893,0.23737644544629527,0.6727023332064755,0.45502224889487397,0.44979384642407566,0.4226359085453321,0.6506414414941889,0.9514679001141719,0.09475025615503965,1047.0,0.14609303551040723,0.27303668140168036,17.0,1.0,1,0,4,0.0548,0.012866666666666669,0.017866666666666666,0,0,9,0,0,0,8,0,1,1,0,0.00013333333333333334,0,0.0,0,0.009066666666666667,0,0.007533333333333334,0,0.0014666666666666667,,,1996,2013,15,0.7626235545537047
Rasheed Wallace,wallara01,83,225.0,1974-09-17,UNC,1997,2013,1995-11-03T00:00:00Z,False,15,NBA,"POR, ATL, DET, BOS, NYK",PF,1044,905.0,33.002873563218394,5.790229885057471,12.417624521072797,0.46629126812712124,1.014367816091954,3.0134099616858236,0.3366179275270184,4.775862068965517,9.404214559386974,0.5078427378284783,0.5071351434742364,2.1091954022988504,2.913793103448276,0.7238658777120316,1.4224137931034482,5.379310344827586,6.801724137931035,1.828544061302682,1.003831417624521,1.3467432950191571,1.5229885057471264,2.9243295019157087,14.704022988505747,34455.0,6045,12964,1059.0,3146.0,4986.0,9818.0,2202,3042,1485.0,5616.0,7101.0,1909,1048.0,1406.0,1590.0,3053.0,15351,0.0,17.272314613263674,0.5367288927586706,0.2395123494413003,0.23687920475983165,5.18221158032216,19.12451313307212,12.196641996807429,9.760882310259758,1.6276824843999422,3.08800754607459,9.992271078217966,21.459056740676246,47.3,55.5,102.79999999999998,0.14302435060223478,1.1575707444492815,1.2072703526338704,2.3734407197794223,38.1,9.491292990857643,20.383958786823396,1.6806762443767231,4.948947903061965,7.818754897692643,15.413260774923812,3.4521811057901615,4.760629806994631,2.3420809751850236,8.834572630967932,11.174883180960675,3.0194369467421276,1.6276824843999422,2.210869249746046,2.4946248730227834,4.7900478885502835,24.136816136990277,107.63665650848934,100.5704542156436,0.0,0.0,4.123755623276738,63.15063125816282,32.80499201857495,6.713072123059062,6.956493977652011,787.0,428.0,1782.0,178.0,1307.0,42.0,4178.0,275.0,380.0,13.51438688143956,0.21009139457263093,0.18575829342620806,0.1888725293861559,0.17580049339718473,0.2395123494413003,0.6718286170367146,0.4547299666231316,0.4493660716877086,0.4213503990712524,0.6497338847772456,0.9514982440864895,0.0941768103323175,1050.0,0.14545650848933392,0.2724092294296909,18.0,1.0,1,0,4,0.0548,0.012866666666666669,0.0,0,0,9,0,0,0,8,0,0,0,0,0.00013333333333333334,0,0.0,0,0.009066666666666667,0,0.007533333333333334,0,0.0014666666666666667,,,1996,2013,16,0.7604876505586997
Kurt Thomas,thomaku01,81,230.0,1972-10-04,TCU,1996,2010,1995-11-04T00:00:00Z,False,15,NBA,"MIA, DAL, NYK, PHO, SEA, SAS, MIL",PF,966,593.0,25.659420289855074,3.750517598343685,7.7308488612836435,0.4851365827530798,0.007246376811594203,0.031055900621118012,0.23333333333333334,3.743271221532091,7.699792960662526,0.4861521914493143,0.4856052490626674,1.2960662525879918,1.6935817805383022,0.7652811735941321,1.8467908902691512,5.140786749482402,6.987577639751553,1.1149068322981366,0.6811594202898551,0.7784679089026915,1.2008281573498965,3.3540372670807455,8.804347826086957,24787.0,3623,7468,7.0,30.0,3616.0,7438.0,1252,1636,1784.0,4966.0,6750.0,1077,658.0,752.0,1160.0,3240.0,8505,0.0,14.215282204381326,0.519581272441199,0.004104490256989551,0.2185590430467584,8.478468552063582,23.10110138378989,15.850716101182071,7.356267398232944,1.4207971920764915,2.2813975067575747,12.40605155928511,17.514596360995686,20.900000000000002,37.800000000000004,59.0,0.11372554161455603,-1.5843829426715617,0.8694355912373422,-0.7335135353209344,8.0,7.758796950014122,16.015762294751283,0.0,0.0737483358211966,7.739327066607498,15.952588050187599,2.6895832492838987,3.5247186024932424,3.832238673498205,10.623802799854763,14.434138863113727,2.307467624157825,1.4207971920764915,1.5997579376285955,2.495078065114778,6.949384758139347,18.254181627466014,104.75854278452415,101.09880179126155,0.0,0.0,0.5656666090264568,51.80109804599689,47.43844025592253,0.877485734048072,1.1632024900570639,404.0,222.0,1498.0,280.0,615.0,106.0,2372.0,120.0,398.0,10.360076949680096,0.25440307798720385,0.19443446308144563,0.2625724537437316,0.2845766902991527,0.004111966107556631,0.6161413193844026,0.4414112484869444,0.4368283762752896,0.42051335811862356,0.7843994466539858,0.5316877053432475,0.011058533633062424,70.0,0.19091349645512712,0.1535751340134878,0.0,0.0,0,0,0,0.0126,0.0,0.016666666666666666,0,0,5,0,0,0,0,0,0,1,0,0.0,0,0.0,0,0.0,0,0.0,0,0.0,,,1996,2013,15,0.9958880338924434
Kurt Thomas,thomaku01,81,230.0,1972-10-04,TCU,1997,2011,1995-11-04T00:00:00Z,False,15,NBA,"MIA, DAL, NYK, PHO, SEA, SAS, MIL, CHI",PF,944,588.0,25.752118644067796,3.6483050847457625,7.528601694915254,0.48459265512874633,0.00847457627118644,0.03072033898305085,0.27586206896551724,3.639830508474576,7.497881355932203,0.48544786662899125,0.4851554805121711,1.222457627118644,1.5783898305084745,0.774496644295302,1.840042372881356,5.164194915254237,7.004237288135593,1.1557203389830508,0.6811440677966102,0.8029661016949152,1.1694915254237288,3.3188559322033897,8.527542372881356,24310.0,3444,7107,8.0,29.0,3436.0,7078.0,1154,1490,1737.0,4875.0,6612.0,1091,643.0,758.0,1104.0,3133.0,8050,0.0,14.059716166186753,0.5190272315919374,0.004154997943233237,0.2090565199506376,8.418856437679969,23.13147675853558,15.833368983957222,7.525606746194981,1.4143973673385437,2.3412628547922667,12.568724804607157,16.958988070752778,20.8,37.4,58.400000000000006,0.11481624845742493,-1.6032208967503083,0.9677128753599341,-0.6544385026737969,8.3,7.527116412998768,15.552484574249284,0.0,0.0683874948580831,7.502418757712877,15.483225010283835,2.527268613739202,3.273669271904566,3.8066803784450847,10.638926367749898,14.423274372686134,2.381460304401481,1.4143973673385437,1.6483299053887286,2.4250596462361167,6.8588482106129165,17.629428218839983,105.0353352529823,100.95536816125052,0.0,0.0,0.5382558617852735,52.58605512134924,46.69033319621555,1.203241464417935,1.068070752776635,424.0,225.0,1587.0,293.0,626.0,116.0,2507.0,123.0,403.0,10.502538050185109,0.251476100370218,0.18816240230357878,0.2608002468120115,0.29554858083093377,0.004154997943233237,0.6199141505553271,0.44425030851501435,0.43756355409296577,0.4225721513780338,0.7886443438914027,0.5543809132044426,0.01076495269436446,71.0,0.18166232003290828,0.14613327848621965,0.0,0.0,0,0,0,0.0126,0.0,0.0,0,0,5,0,0,0,0,0,0,0,0,0.0,0,0.0,0,0.0,0,0.0,0,0.0,,,1996,2013,16,0.9958450020567668
Kurt Thomas,thomaku01,81,230.0,1972-10-04,TCU,1998,2012,1995-11-04T00:00:00Z,False,15,NBA,"DAL, NYK, PHO, SEA, SAS, MIL, CHI, POR",PF,979,582.0,25.269662921348313,3.5526046986721145,7.312563840653728,0.4858220421846627,0.008171603677221655,0.028600612870275793,0.2857142857142857,3.5444330949948926,7.2839632277834525,0.486607768896368,0.4863807794384691,1.1573033707865168,1.4954034729315628,0.7739071038251366,1.7824310520939735,5.0541368743615935,6.836567926455567,1.1521961184882534,0.669050051072523,0.7967313585291114,1.1338100102145046,3.257405515832482,8.270684371807967,24739.0,3478,7159,8.0,28.0,3470.0,7131.0,1133,1464,1745.0,4948.0,6693.0,1128,655.0,780.0,1110.0,3189.0,8097,0.0,13.980645943651723,0.5188862524758479,0.003931767654311007,0.20293192934233398,8.300210194429848,23.089401350094988,15.746485306600913,7.617025748817657,1.416104127086786,2.369315655442823,12.612664214398322,16.742713933465378,21.3,37.5,59.0,0.11394171146772303,-1.6296657100125302,0.999442176320789,-0.6488257407332552,8.5,7.466219329803145,15.38581187598529,0.0,0.06568980152795181,7.441949957556896,15.320776910950324,2.4355551962488375,3.157807510408666,3.7570314078984604,10.604725332470998,14.336565746392335,2.4178867375399165,1.416104127086786,1.665010711831521,2.39350014147702,6.856182545777922,17.41660131775739,105.03650107118315,101.1139900561866,0.0,0.0,0.3777436436395974,50.426047940498805,49.02918468814423,1.159654796070981,1.1748494280286188,428.0,219.0,1624.0,301.0,611.0,121.0,2594.0,119.0,399.0,10.655228586442457,0.24407522535268203,0.18332855006265414,0.25841509357694326,0.31037410566312296,0.003931767654311007,0.6163180403411618,0.4470547718177776,0.43677076680544885,0.42747641375965084,0.7929733214762117,0.5447673713569667,0.010003799668539553,68.0,0.17851210639071913,0.1435991753910829,0.0,0.0,0,0,0,0.0126,0.0,0.0,0,0,5,0,0,0,0,0,0,0,0,0.0,0,0.0,0,0.0,0,0.0,0,0.0,,,1996,2013,17,0.996068232345689
Kurt Thomas,thomaku01,81,230.0,1972-10-04,TCU,1999,2013,1995-11-04T00:00:00Z,False,15,NBA,"NYK, PHO, SEA, SAS, MIL, CHI, POR, NYK",PF,1013,599.0,24.736426456071076,3.4610069101678183,7.104639684106614,0.48714742253716825,0.008884501480750246,0.028627838104639685,0.3103448275862069,3.4521224086870683,7.0760118460019745,0.4878627232142857,0.4877726830623871,1.12142152023692,1.4550839091806516,0.7706919945725916,1.738400789733465,4.932872655478776,6.671273445212241,1.1312931885488648,0.6554787759131293,0.7857847976307996,1.0937808489634748,3.1806515301085883,8.052319842053308,25058.0,3506,7197,9.0,29.0,3497.0,7168.0,1136,1474,1761.0,4997.0,6758.0,1146,664.0,796.0,1108.0,3222.0,8157,0.0,13.99208236890414,0.5196753132732063,0.004069438901747944,0.2026093862239604,8.267818660707158,23.037361321733577,15.700774203847075,7.625429004709076,1.4179383829515526,2.393906137760396,12.530086200015964,16.606636603080855,22.2,37.89999999999999,60.300000000000004,0.1150721126985394,-1.603575704365871,1.0271889217016523,-0.593187804294038,9.0,7.430473301939501,15.270871577939184,0.0015643706600686408,0.0664179104477612,7.404948519434913,15.205100167611143,2.4106552797509777,3.1393566924734615,3.7439300822092747,10.574866310160427,14.292361720807724,2.426063532604358,1.4179383829515526,1.6782305052278712,2.3589711868465155,6.839476414717855,17.322719291244315,105.33953228509857,101.14781706441057,0.0,0.0,0.49808444408971186,50.547928805172,48.78908931279432,1.099397398036555,1.0070915476095457,424.0,221.0,1640.0,304.0,616.0,126.0,2638.0,119.0,394.0,10.717359725436985,0.24239444488786022,0.18083957219251337,0.25830082209274485,0.3145188762071993,0.004069438901747944,0.6181888418868227,0.4483522228430042,0.4375505227871339,0.43021609865112936,0.7946819778114775,0.553475935828877,0.009876446643786415,68.0,0.17623956421103043,0.14177109106872057,0.0,0.0,0,0,0,0.0126,0.0,0.0,0,0,5,0,0,0,0,0,0,0,0,0.0,0,0.0,0,0.0,0,0.0,0,0.0,,,1996,2013,18,0.995930561098252
Ray Allen,allenra02,77,205.0,1975-07-20,UConn,1997,2011,1996-11-01T00:00:00Z,True,15,NBA,"MIL, SEA, BOS",SG,1102,1098.0,37.03085299455535,7.086206896551724,15.669691470054447,0.452223766504517,2.370235934664247,5.947368421052632,0.39853524565151055,4.715970961887478,9.722323049001815,0.4850662684338249,0.5278549918925179,3.680580762250454,4.11978221415608,0.8933920704845815,1.046279491833031,3.2259528130671504,4.272232304900181,3.6061705989110706,1.162431941923775,0.19328493647912887,2.2268602540834848,2.2967332123411976,20.22323049001815,40808.0,7809,17268,2612.0,6554.0,5197.0,10714.0,4056,4540,1153.0,3555.0,4708.0,3974,1281.0,213.0,2454.0,2531.0,22286,3.0,19.169618702215253,0.5797495099000196,0.37975254851989804,0.2621888600274456,3.4303249362870027,10.284576553616938,6.886654577533816,17.247348559106058,1.672897471084101,0.40753528719858845,11.296258086649678,24.551041462458343,103.2,27.799999999999997,131.0,0.15400575867476962,3.9912517153499323,-0.7470814546167419,3.2341379141344837,53.89999999999999,10.14429523622819,22.450818466967263,3.401764359929426,8.519706920211723,6.736343364046264,13.918591942756322,5.266469809841208,5.898375318564987,1.4975102920995882,4.624284454028622,6.129200156831994,5.16346549696138,1.672897471084101,0.27946726132130956,3.210620466575181,3.3093217016271317,28.969969123701237,114.45790041168398,108.56883454224662,2.08211625171535,86.93239070770437,10.99524603019016,0.0,0.0,3.81968976671241,6.166437953342482,1168.0,786.0,1247.0,264.0,1553.0,66.0,8797.0,341.0,732.0,15.938409135463631,0.1923862722995491,0.09781165457753382,0.1523732846500686,0.17759000686139972,0.37975254851989804,0.6181461233091551,0.4043699764752009,0.4397643599294256,0.4383392717114291,0.43434005587139773,0.8291799157028036,0.02091572730837091,332.0,0.24775196039992156,0.42775867476965296,62.0,2.0,1,0,10,0.0,0.04026666666666667,0.03693333333333334,0,0,0,0,1,2,13,0,1,1,0,0.002533333333333333,0,0.0,0,0.0,0,0.0,0,0.0,,,1997,2014,15,0.6202474514801019
Ray Allen,allenra02,77,205.0,1975-07-20,UConn,1998,2012,1996-11-01T00:00:00Z,True,15,NBA,"MIL, SEA, BOS",SG,1066,1059.0,37.37429643527204,7.171669793621013,15.809568480300188,0.45362843410668724,2.4399624765478425,6.088180112570356,0.4007704160246533,4.7317073170731705,9.721388367729832,0.4867316414165782,0.5307957040289563,3.703564727954972,4.124765478424015,0.8978849215374118,1.00375234521576,3.2401500938086305,4.2439024390243905,3.6332082551594747,1.177298311444653,0.19793621013133209,2.226078799249531,2.24765478424015,20.48686679174484,39841.0,7645,16853,2601.0,6490.0,5044.0,10363.0,3948,4397,1070.0,3454.0,4524.0,3873,1255.0,211.0,2373.0,2396.0,21839,3.0,19.288386335684347,0.5832825732285837,0.38678298737481487,0.2595845987801511,3.258095931327025,10.196506111794383,6.759928214653247,17.24610326046033,1.6785949147862753,0.4140734419316784,11.196910218117017,24.51753470043423,102.39999999999999,28.499999999999996,130.79999999999998,0.15759263070706053,4.096204914535278,-0.6805200672673879,3.4054090007780937,54.3,10.165490324038052,22.431517783188173,3.4668607715669784,8.636432318465902,6.692291860144072,13.782261991415877,5.250646319118497,5.846120830300444,1.420037147661956,4.600379006551041,6.0280013051881225,5.154499134057881,1.6785949147862753,0.2853241635501117,3.175525212720564,3.2072889736703396,29.06437840415652,114.66893401270049,108.18056775683341,2.132652292864135,86.37953364624381,11.497803769985692,0.0,0.0,4.143136467458146,6.272545869832585,1131.0,773.0,1180.0,260.0,1494.0,70.0,8589.0,333.0,695.0,16.042749930975628,0.18691767274917798,0.09729642830250244,0.14810612183429134,0.18087201626465196,0.38678298737481487,0.6299330840089356,0.40079573805878366,0.43884272483120407,0.43551926407469693,0.44544220777590926,0.8365499861951256,0.02007025426068623,313.0,0.25735322908561536,0.4266407971687457,59.0,1.0,1,0,10,0.0,0.040266666666666666,0.0,0,0,0,0,1,2,13,0,0,0,0,0.002533333333333333,0,0.0,0,0.0,0,0.0,0,0.0,,,1997,2014,16,0.613217012625185
Ray Allen,allenra02,77,205.0,1975-07-20,UConn,1999,2013,1996-11-01T00:00:00Z,True,15,NBA,"MIL, SEA, BOS, MIA",SG,1063,977.0,36.301975540921916,6.936970837253058,15.229539040451552,0.4554944715547594,2.451552210724365,6.071495766698025,0.4037806011775643,4.485418626528692,9.158043273753528,0.48977914740626605,0.5359812218172834,3.5239887111947317,3.9172154280338662,0.8996157540826129,0.9247412982126059,3.154280338664158,4.079021636876764,3.4355597365945436,1.1392285983066792,0.2013170272812794,2.0818438381937914,2.145813734713076,19.84948259642521,38589.0,7374,16189,2606.0,6454.0,4768.0,9735.0,3746,4164,983.0,3353.0,4336.0,3652,1211.0,214.0,2213.0,2281.0,21100,3.0,19.309484568141183,0.5878834123714013,0.40237660991474256,0.25552297286791575,3.100570110653295,10.174083287983622,6.688455259270776,16.69957500842209,1.669382466505999,0.43359506595143693,10.941682862992046,24.26091632330457,101.10000000000001,28.099999999999994,129.20000000000002,0.16066195029671668,4.12527145041333,-0.6681256316566898,3.4465365777812327,53.0,10.120956749332713,22.23619425224805,3.5817927388634065,8.859081603565782,6.532620695016714,13.36387312446552,5.1423592215398175,5.715377439166603,1.3399673482080383,4.608909274663764,5.956707870118428,5.012265153282024,1.669382466505999,0.2986395086682734,3.054665837414807,3.1499287361683384,28.98774521236622,115.26660447277722,108.13369094819767,1.6258778408354713,85.35743346549535,13.027002513669698,0.0,0.0,4.626414263131981,5.680598097903548,1050.0,721.0,1120.0,254.0,1411.0,76.0,8169.0,321.0,662.0,16.108634584985356,0.18745450776127914,0.09631221332504082,0.14025253310528907,0.17349337894218558,0.40237660991474256,0.6287706341185312,0.41419508149990925,0.43934849309388696,0.4324653139495711,0.45330957008473916,0.8489681256316567,0.018482443183290575,281.0,0.2741215113115137,0.432019979786986,45.0,0.0,2,0,10,0.0,0.04013333333333333,0.0,0,0,0,0,1,2,12,0,0,0,0,0.002533333333333333,0,0.0,0,0.0,0,0.0,0,0.0,,,1997,2014,17,0.5976233900852576
Ray Allen,allenra02,77,205.0,1975-07-20,UConn,2000,2014,1996-11-01T00:00:00Z,True,15,NBA,"MIL, SEA, BOS, MIA",SG,1086,936.0,35.7329650092081,6.732044198895028,14.787292817679559,0.4552587334205119,2.438305709023941,6.035911602209945,0.4039664378337147,4.293738489871086,8.751381215469614,0.4906355218855219,0.5377047138676132,3.383977900552486,3.761510128913444,0.8996328029375765,0.8738489871086557,3.1123388581952116,3.9861878453038675,3.330570902394107,1.1160220994475138,0.19797421731123388,2.0027624309392267,2.098526703499079,19.28637200736648,38806.0,7311,16059,2648.0,6555.0,4663.0,9504.0,3675,4085,949.0,3380.0,4329.0,3617,1212.0,215.0,2175.0,2279.0,20945,3.0,19.002870690099474,0.589046977271556,0.41482564551873424,0.2519241869813946,2.9814358604339537,10.21194660619492,6.6575117249909805,16.327173632943357,1.6595758387878166,0.43783693243312893,10.883391743544815,23.878106478379635,99.39999999999999,28.499999999999996,128.10000000000002,0.158334948203886,3.9721074060712263,-0.6649925269288256,3.300994691542545,51.89999999999999,9.958957377725095,21.893390197392158,3.6150956037726125,8.93181982167706,6.342343967427716,12.948404885842395,5.010217492140391,5.563990104622997,1.282672782559398,4.606107302994382,5.901556460341184,4.926310364376643,1.6595758387878166,0.29808792454775035,2.979570169561408,3.1186414471988866,28.56035664587951,115.28704324073597,108.27142709890224,1.61678606401072,84.46817502448076,13.925295057465341,0.0,0.0,4.518231716744834,5.18628820285523,1042.0,709.0,1130.0,250.0,1359.0,81.0,8121.0,310.0,642.0,16.253221151368344,0.1848095913003144,0.09413255682111016,0.13592369736638663,0.17039233623666444,0.41482564551873424,0.6273595578003401,0.41415835180126787,0.44466615987218483,0.4344896407771994,0.4579569654177189,0.8542677421017366,0.016801602844920892,256.0,0.2809556511879606,0.43060750914806983,46.0,1.0,2,0,10,0.0,0.03833333333333333,0.0,0,0,0,0,1,2,11,0,0,0,0,0.002533333333333333,0,0.0,0,0.0,0,0.0,0,0.0,,,1997,2014,18,0.5851743544812659
Marcus Camby,cambyma01,83,220.0,1974-03-22,UMass,1997,2011,1996-11-01T00:00:00Z,False,15,NBA,"TOR, NYK, DEN, LAC, POR",C,890,729.0,30.429213483146068,4.069662921348314,8.693258426966292,0.4681401059842316,0.017977528089887642,0.09325842696629214,0.1927710843373494,4.051685393258427,8.6,0.47112620851842174,0.46917409848778596,1.8797752808988764,2.7730337078651686,0.6778768233387358,2.730337078651685,7.273033707865168,10.003370786516854,1.9280898876404495,1.0224719101123596,2.507865168539326,1.449438202247191,2.846067415730337,10.037078651685393,27082.0,3622,7737,16.0,83.0,3606.0,7654.0,1673,2468,2430.0,6473.0,8903.0,1716,910.0,2232.0,1290.0,2533.0,8933,4.0,17.970825640646922,0.505941621741378,0.010783472417103611,0.3165073849789528,10.362536001772392,27.625127390886934,18.990658001624695,10.03863082490215,1.7501957019422496,6.136721807842848,12.87514216084484,16.819924673214683,25.900000000000002,51.89999999999999,77.89999999999999,0.1383838342810723,0.041134332767151616,2.334255224872609,2.3960859611550105,30.099999999999998,6.971711838121261,14.876183442877185,0.02173768554759619,0.15241119562809247,6.9442581788641915,14.725260320508086,3.2174211653496787,4.758023779632228,4.695605937523078,12.39171036112547,17.079912857248356,3.2557602835831925,1.7501957019422496,4.262015360756221,2.46411269477882,4.894948674396278,17.192489476404994,106.76135440513994,98.46100731112917,0.0,0.0,0.5875120005907983,26.761243630455652,72.88833911823352,0.4073443615685694,2.499353814341629,685.0,271.0,1498.0,121.0,1098.0,118.0,3654.0,237.0,358.0,8.186433793663689,0.46497230632892694,0.15305483346872464,0.14044365261059008,0.23064699800605568,0.010783472417103611,0.6070731851414224,0.3543864559486006,0.3458818034118603,0.361126763163725,0.6887307805922752,0.46551214829037735,0.11501990251827783,835.0,0.23075865888782215,0.1551736947049701,8.0,1.0,0,0,0,0.13453333333333334,0.014533333333333334,0.058333333333333334,2,4,7,0,0,0,6,1,1,1,0,6.666666666666667e-05,0,0.0,0,0.0005333333333333334,0,0.00013333333333333334,1,0.08873333333333332,,,1997,2013,15,0.9892165275828964
Marcus Camby,cambyma01,83,220.0,1974-03-22,UMass,1998,2012,1996-11-01T00:00:00Z,False,15,NBA,"TOR, NYK, DEN, LAC, POR, HOU",C,886,744.0,29.951467268623023,3.809255079006772,8.178329571106095,0.4657742202594535,0.01805869074492099,0.0835214446952596,0.21621621621621623,3.791196388261851,8.094808126410836,0.46834913552704965,0.4668782776704389,1.7144469525959367,2.559819413092551,0.6697530864197531,2.7720090293453725,7.4300225733634315,10.202031602708804,1.9480812641083523,1.0090293453724606,2.4683972911963883,1.3690744920993227,2.759593679458239,9.351015801354402,26537.0,3375,7246,16.0,74.0,3359.0,7172.0,1519,2268,2456.0,6583.0,9039.0,1726,894.0,2187.0,1213.0,2445.0,8285,4.0,17.892817575460676,0.5021268417680973,0.010584316237705844,0.310135508912085,10.6882277574707,28.664664430794737,19.670166183065152,10.164818932057127,1.7542676263330448,6.114134981346799,12.989757696800691,16.070215171270302,25.600000000000005,52.099999999999994,77.80000000000001,0.14090515129818743,0.08692391754908241,2.456483400535102,2.5645287711497153,30.599999999999998,6.619037570185024,14.201089045483664,0.02013038399216189,0.13713682782530054,6.593073821456834,14.065470852017937,2.9749670271696114,4.454120661717602,4.838327618042733,12.863104344876962,17.693876474356557,3.343595734257829,1.7542676263330448,4.260327090477447,2.362309228624185,4.816211327580359,16.250431473037647,106.94049817236312,97.97007951162527,0.0,0.0,0.5280928514903719,23.9510494780872,75.7628217206165,0.5676451746617929,2.3572785167878814,679.0,255.0,1456.0,112.0,1005.0,123.0,3665.0,215.0,320.0,8.123872329200738,0.46385680370803023,0.15205437690771378,0.13381847985831105,0.23953431058522062,0.010584316237705844,0.5992642725251536,0.3549236160832046,0.35075615178806946,0.3643193277310924,0.682463805253043,0.4545351772996194,0.10572687191468516,715.0,0.2406119380487621,0.15836055318988584,8.0,1.0,0,0,0,0.13453333333333334,0.014533333333333334,0.0,2,4,7,0,0,0,6,0,0,0,0,6.666666666666667e-05,0,0.0,0,0.0005333333333333334,0,0.00013333333333333334,1,0.08873333333333332,,,1997,2013,16,0.989415683762294
Marcus Camby,cambyma01,83,220.0,1974-03-22,UMass,1999,2013,1996-11-01T00:00:00Z,False,15,NBA,"NYK, DEN, LAC, POR, HOU, NYK",C,847,690.0,29.26210153482881,3.641086186540732,7.735537190082645,0.4706959706959707,0.018890200708382526,0.08500590318772137,0.2222222222222222,3.6221959858323496,7.650531286894923,0.4734567901234568,0.4719169719169719,1.6269185360094451,2.4120425029515937,0.6744982868330885,2.688311688311688,7.527744982290437,10.216056670602125,1.923258559622196,0.9834710743801653,2.3270365997638724,1.2916174734356554,2.6835891381345927,8.927981109799292,24785.0,3084,6552,16.0,72.0,3068.0,6480.0,1378,2043,2277.0,6376.0,8653.0,1629,833.0,1971.0,1094.0,2273.0,7562,2.0,17.96005245107928,0.5048837603389147,0.011090175509380674,0.30925608230784746,10.673258018963082,29.728408311478717,20.19916078273149,10.205769618721,1.7480088763364943,5.956626992132338,13.00714141617914,15.605692959451282,25.800000000000004,50.99999999999999,76.9,0.14915900746419206,0.20620133145047412,2.6099213233810774,2.8387371393988294,30.299999999999997,6.47703853136978,13.759963687714341,0.021553358886423242,0.13875327819245514,6.449239459350413,13.614758926770223,2.8873875327819243,4.30144845672786,4.803675610248134,13.344143635263263,18.13972967520678,3.3759612668952994,1.7480088763364943,4.107092999798265,2.278862215049425,4.797151502925156,15.89058301391971,107.73419406899335,97.27125277385515,0.0,0.0,0.0,22.352188823885413,77.90687916078274,1.195432721404075,2.254399838612064,624.0,226.0,1347.0,109.0,897.0,125.0,3456.0,194.0,266.0,7.994319144643939,0.46961170062537816,0.14540346984062943,0.1261625579987896,0.24756965906798467,0.011090175509380674,0.601535928989308,0.35445656647165624,0.35306136776275976,0.36731151906395,0.6864543070405488,0.4866653217671979,0.10537486382892879,652.0,0.25762029453298363,0.1695547306838814,7.0,1.0,0,0,0,0.13453333333333334,0.014533333333333334,0.0,2,4,7,0,0,0,6,0,0,0,0,6.666666666666667e-05,0,0.0,0,0.0005333333333333334,0,0.00013333333333333334,1,0.08873333333333332,,,1997,2013,17,0.9889098244906193
Derek Fisher,fishede01,73,200.0,1974-08-09,Little Rock,1997,2011,1996-11-01T00:00:00Z,False,15,NBA,"LAL, GSW, UTA, LAL",PG,1110,679.0,26.313513513513513,3.0585585585585586,7.620720720720721,0.4013476770303818,0.9864864864864865,2.6333333333333333,0.37461512145056447,2.0720720720720722,4.987387387387387,0.4154624277456647,0.4660716396737203,1.691891891891892,2.0747747747747747,0.8154580981328702,0.34954954954954953,1.7927927927927927,2.142342342342342,3.126126126126126,1.0918918918918918,0.07927927927927927,1.1900900900900901,2.1216216216216215,8.795495495495496,29208.0,3395,8459,1095.0,2923.0,2300.0,5536.0,1878,2303,388.0,1990.0,2378.0,3470,1212.0,88.0,1321.0,2355.0,9763,0.0,12.027184333059434,0.5140128389482334,0.34134846617365106,0.2730279717885511,1.499397425362914,7.614917145987401,4.582155573815394,17.863451794029036,2.1488804437140505,0.22257258285401263,12.248897562311697,16.45384483703095,30.599999999999998,26.799999999999997,57.599999999999994,0.0946907354149548,-1.2117296631059982,0.44422760887428103,-0.7768043001917283,9.0,6.001896740619008,14.966358531909068,1.9406806354423443,5.179536428375787,4.073435360175295,9.801687893727744,3.3234969871268145,4.07596206518762,0.6801937825253355,3.5407628047110373,4.205724459052314,6.1525883319638455,2.1488804437140505,0.15291700903861954,2.3291358531909068,4.182179539852095,17.270857299370036,107.64745960010956,106.57949876746098,89.4584360449192,10.71542043275815,0.0,0.0,0.0,6.116991920021911,3.7307039167351412,849.0,253.0,788.0,135.0,705.0,284.0,7618.0,140.0,348.0,17.19407354149548,0.16754882224048204,0.0718417899205697,0.07805614900027388,0.34130690221857024,0.34134846617365106,0.4552470213640099,0.3332245960010956,0.3637336003834566,0.4234589496028485,0.4872152150095865,0.8683089222130922,0.002189468638729115,13.0,0.29770008216926874,0.4018489454943851,11.0,0.0,5,0,0,0.008933333333333333,0.0,0.005933333333333333,0,0,3,0,0,0,0,0,0,1,0,0.0,0,0.0,0,0.0003333333333333333,0,0.0,0,0.0,,,1997,2014,15,0.6586515338263488
Derek Fisher,fishede01,73,200.0,1974-08-09,Little Rock,1998,2012,1996-11-01T00:00:00Z,False,15,NBA,"LAL, GSW, UTA, LAL, OKC",PG,1093,719.0,27.259835315645013,3.1290027447392497,7.817932296431839,0.4002340550029257,1.0137236962488563,2.707227813357731,0.3744508279824265,2.1152790484903936,5.110704483074108,0.4138918725384891,0.46506729081334114,1.6980786825251601,2.058554437328454,0.8248888888888889,0.34309240622140896,1.8545288197621226,2.1976212259835317,3.221408966148216,1.1180237877401646,0.07959743824336687,1.210430009149131,2.182067703568161,8.969807868252516,29795.0,3420,8545,1108.0,2959.0,2312.0,5586.0,1856,2250,375.0,2027.0,2402.0,3521,1222.0,87.0,1323.0,2385.0,9804,0.0,11.855109917771436,0.5121929182748783,0.34184094646752816,0.263259842255412,1.4195838227890583,7.582591038764894,4.53417016277899,17.735432119483136,2.1265514348044974,0.21594562846115123,12.258734687028024,16.23688202718577,30.7,26.9,57.699999999999996,0.09301745259271692,-1.2854807853666723,0.4495385131733513,-0.8450612518879006,8.6,5.929031716730995,14.820245007551604,1.922997147172344,5.13999328746434,4.014921966772949,9.694824635005874,3.2201443195166974,3.898781674777647,0.6437623762376238,3.536596744420204,4.165427085081389,6.11979191139453,2.1265514348044974,0.14569223023997316,2.283044134921967,4.152740392683336,17.000943111260277,107.40677966101696,106.61869441181406,89.64641718409129,10.524014096324887,0.0,0.0,0.0,6.1309582144655135,3.7938580298707842,858.0,256.0,809.0,133.0,689.0,307.0,7718.0,137.0,347.0,17.306319852324215,0.15822389662695083,0.07189652626279577,0.07715861721765396,0.35098013089444535,0.34184094646752816,0.4580669575432121,0.3257722772277228,0.36127343514012417,0.41959110589025,0.4919801308944453,0.8721504279241483,0.0015590199697935892,8.0,0.3095979526766236,0.40337744588018126,11.0,0.0,5,0,0,0.008933333333333333,0.0,0.0,0,0,3,0,0,0,0,0,0,0,0,0.0,0,0.0,0,0.0003333333333333333,0,0.0,0,0.0,,,1997,2014,16,0.6581590535324718
Derek Fisher,fishede01,73,200.0,1974-08-09,Little Rock,1999,2013,1996-11-01T00:00:00Z,False,15,NBA,"LAL, GSW, UTA, LAL, OKC, DAL",PG,1044,692.0,27.404214559386972,3.171455938697318,7.977011494252873,0.39757444764649374,1.0603448275862069,2.8333333333333335,0.3742393509127789,2.111111111111111,5.14367816091954,0.41042830540037245,0.4640369836695485,1.7011494252873562,2.045977011494253,0.8314606741573034,0.32471264367816094,1.8266283524904214,2.1513409961685825,3.0986590038314175,1.1168582375478928,0.08141762452107279,1.181992337164751,2.2164750957854404,9.104406130268199,28610.0,3311,8328,1107.0,2958.0,2204.0,5370.0,1776,2136,339.0,1907.0,2246.0,3235,1166.0,85.0,1234.0,2314.0,9505,0.0,11.707322614470463,0.5105070954211814,0.3528236980076897,0.2541771059070255,1.332628451590353,7.432586508213911,4.4129185599440754,17.04420482348829,2.1134603285564486,0.22062565536525694,11.75788185948969,16.37161481999301,28.499999999999996,25.699999999999996,54.300000000000004,0.0911557147850402,-1.3825725270884306,0.443673540720028,-0.9483956658511009,7.499999999999999,5.977804963299545,15.046808808109054,2.0015449143656063,5.347941279272981,3.9855155540020974,9.705882558545962,3.2066655015728767,3.8579238028661305,0.6067773505767214,3.4685564487941276,4.059783292555051,5.8609646976581615,2.1134603285564486,0.15160433414889898,2.216560643131772,4.195609926599091,17.169699405802163,107.09961551904928,106.68451590353024,87.872247465921,12.285145054176862,0.0,0.0,0.0,5.949944075498077,3.9612897588255853,800.0,245.0,799.0,127.0,651.0,316.0,7088.0,125.0,327.0,17.562209017825936,0.14229066759874168,0.06892055225445648,0.07736616567633695,0.35870318070604684,0.3528236980076897,0.4534748339741349,0.3210232436211115,0.3586701153442853,0.42089363858790624,0.5033690318070604,0.872117686123733,0.0013160083886752882,6.0,0.32516990562740294,0.4018539321915415,10.0,0.0,5,0,0,0.008933333333333333,0.0,0.0,0,0,3,0,0,0,0,0,0,0,0,0.0,0,0.0,0,0.0003333333333333333,0,0.0,0,0.0,,,1997,2014,17,0.6471763019923102
Derek Fisher,fishede01,73,200.0,1974-08-09,Little Rock,2000,2014,1996-11-01T00:00:00Z,False,15,NBA,"LAL, GSW, UTA, LAL, OKC, DAL, OKC",PG,1075,671.0,26.890232558139534,3.1190697674418604,7.838139534883721,0.39793496320911464,1.0762790697674418,2.874418604651163,0.3744336569579288,2.042790697674419,4.963720930232558,0.411544227886057,0.46659150249228576,1.6474418604651162,1.9795348837209303,0.8322368421052632,0.30697674418604654,1.8111627906976744,2.118139534883721,2.9348837209302325,1.0930232558139534,0.08093023255813954,1.1218604651162791,2.210232558139535,8.96186046511628,28907.0,3353,8426,1157.0,3090.0,2196.0,5336.0,1771,2128,330.0,1947.0,2277.0,3155,1175.0,87.0,1206.0,2376.0,9634,0.0,11.612557512021308,0.5125913100633065,0.36608084546995545,0.2495597260179195,1.2822603521638356,7.488449164562217,4.420808108762583,16.432687584322135,2.1056941225308745,0.22432628775037194,11.383343134880825,16.29721520738921,28.9,26.7,55.7,0.09249029646798354,-1.4338118794755594,0.49839485245788223,-0.944816134500294,7.6000000000000005,5.983408862905178,15.042259660289895,2.0636939149686926,5.517068530113813,3.9288753589096066,9.53213408516968,3.1580274673954403,3.797021482685855,0.5811775694468468,3.500377071297609,4.066163904936521,5.647244612031687,2.1056941225308745,0.1549866814266441,2.136914934099007,4.252049676548933,17.19827031514858,107.4032933199571,106.67748296260422,85.08226381153354,14.678313211332895,0.3951983948524579,0.0,0.0,6.00661431487183,3.7294253986923582,779.0,249.0,822.0,121.0,653.0,358.0,6923.0,125.0,312.0,17.729331995710382,0.13460020064344272,0.06701843844051612,0.07751101809250356,0.3548926903518178,0.36608084546995545,0.45689597675303567,0.31626360397135644,0.3612217455979521,0.4248562631888469,0.51743131421455,0.8770100667658353,0.000989483516103366,5.0,0.3291376829141731,0.3969471062372436,8.0,0.0,5,0,0,0.008933333333333333,0.0,0.0,0,0,3,0,0,0,0,0,0,0,0,0.0,0,0.0,0,0.0003333333333333333,0,0.0,0,0.0,,,1997,2014,18,0.6339191545300445
Steve Nash,nashst01,75,195.0,1974-02-07,Santa Clara,1997,2011,1996-11-01T00:00:00Z,True,15,NBA,"PHO, DAL, PHO",PG,1090,931.0,31.346788990825686,5.278899082568807,10.796330275229359,0.4889530931339225,1.4357798165137614,3.3431192660550457,0.4294731064763996,3.8431192660550457,7.453211009174312,0.5156326932545544,0.5554469748470429,2.5724770642201835,2.8458715596330277,0.903932946486138,0.5385321100917431,2.475229357798165,3.0137614678899083,8.488073394495412,0.7559633027522936,0.0798165137614679,2.836697247706422,1.6889908256880735,14.56605504587156,34168.0,5754,11768,1565.0,3644.0,4189.0,8124.0,2804,3102,587.0,2698.0,3285.0,9252,824.0,87.0,3092.0,1841.0,15877,3.0,20.201925778506205,0.6025730800749239,0.31232401662374154,0.2621988410208382,1.9541998361039572,8.66112444392414,5.39202762819012,41.238904823226406,1.232135331304144,0.18030320767970032,19.12051919925076,21.236803441816903,104.5,14.700000000000001,119.7,0.16784274760009368,4.503913018028565,-1.3387233668929992,3.1723425427300396,44.599999999999994,8.563149730742214,17.52686431749005,2.3211103956918753,5.4273618590494035,6.235562514633576,12.11412725357059,4.170665535003512,4.61641594474362,0.8759072816670568,4.004112034652306,4.884424022477171,13.729290564270661,1.232135331304144,0.12888082416295948,4.602230156871926,2.7470381643643176,23.62828084757668,118.06043666588621,110.53620346523063,91.63913603371576,8.420188480449543,0.020018730976352143,0.0,0.0,6.8734459143057824,7.24019843128073,2246.0,558.0,700.0,125.0,687.0,235.0,20729.0,165.0,410.0,15.174596113322407,0.19445451884804493,0.10599882931397799,0.1570193163193631,0.23028157925544368,0.31232401662374154,0.6323242800280964,0.43972919105595865,0.4660292086162492,0.48312836572231327,0.1723305431983142,0.5272421856708032,7.849449777569655e-05,0.0,0.08998846874268322,0.45203140365254035,8.0,0.0,0,0,7,0.0,0.29633333333333334,0.0,0,0,0,3,5,7,10,0,0,0,2,0.16146666666666665,0,0.0,0,0.0,0,0.011333333333333332,0,0.0,,,1997,2014,15,0.6876759833762585
Steve Nash,nashst01,75,195.0,1974-02-07,Santa Clara,1998,2012,1996-11-01T00:00:00Z,True,15,NBA,"PHO, DAL, PHO",PG,1087,991.0,32.60809567617295,5.496780128794848,11.175712971481142,0.4918505103720777,1.46918123275069,3.4314627414903405,0.42815013404825736,4.027598896044158,7.744250229990801,0.5200760275599905,0.5575814948962792,2.657773689052438,2.937442502299908,0.9047917319135609,0.5492180312787488,2.5860165593376263,3.1352345906163754,8.99540018399264,0.7746090156393745,0.08739650413983441,2.9972401103955844,1.657773689052438,15.120515179392823,35445.0,5975,12148,1597.0,3730.0,4378.0,8418.0,2889,3193,597.0,2811.0,3408.0,9778,842.0,95.0,3258.0,1802.0,16436,3.0,20.388785442234447,0.6050406545351954,0.30906488926505854,0.26130009874453375,1.9127493299478062,8.698163351671605,5.386782338834814,42.121653265622804,1.2141232896036112,0.19040485258851744,19.46396388771336,21.226077020736355,109.3,15.0,124.90000000000002,0.1688556072788828,4.64027084214981,-1.3356552405134714,3.305978276202567,47.5,8.57810974749612,17.45396529834956,2.2876682183664836,5.357410071942446,6.286127803639441,12.107050359712229,4.146759768655665,4.587002398081535,0.8599210043729721,4.024677669629003,4.888844688954718,14.002152630836507,1.2141232896036112,0.13530258146424035,4.683207786711806,2.592371279447031,23.596882494004795,118.1817463676118,110.47829030892933,92.22592749329948,7.850557201297785,0.0,0.0,0.0,7.01023839751728,7.807016504443505,2384.0,585.0,692.0,124.0,698.0,247.0,21884.0,170.0,410.0,15.156470588235294,0.1934912399492171,0.10621884609959091,0.15700967696431092,0.23427149104246012,0.30906488926505854,0.6440576668077301,0.4449717308506136,0.469022005924672,0.4849701791507971,0.1659809281986176,0.515267005219354,7.566652560304697e-05,0.0,0.08706187050359714,0.44846139088729015,9.0,0.0,0,0,8,0.0,0.29900000000000004,0.0,0,0,0,3,5,7,11,0,0,0,2,0.16186666666666663,0,0.0,0,0.0,0,0.011333333333333332,0,0.0,,,1997,2014,16,0.6909351107349413
Steve Nash,nashst01,75,195.0,1974-02-07,Santa Clara,1999,2013,1996-11-01T00:00:00Z,True,15,NBA,"DAL, PHO, LAL",PG,1061,1032.0,33.37229029217719,5.601319509896324,11.34684260131951,0.49364565163219537,1.4825636192271443,3.4542884071630535,0.4291950886766712,4.11875589066918,7.892554194156456,0.5218533556245522,0.5589749979234155,2.754005655042413,3.0377002827521205,0.9066087496121625,0.5570216776625825,2.6380772855796417,3.1950989632422244,9.282752120640906,0.76248821866164,0.09048067860508954,3.0970782280867106,1.6277097078228087,15.439208294062205,35408.0,5943,12039,1573.0,3665.0,4370.0,8374.0,2922,3223,591.0,2799.0,3390.0,9849,809.0,96.0,3286.0,1727.0,16381,3.0,20.41216956619973,0.6073434534568459,0.3062818289652056,0.26587669453230905,1.8893696339810213,8.647511861726162,5.349799480343425,42.48855625847267,1.1627570040668775,0.19039482602801627,19.732006891098056,21.145066086760053,110.1,13.799999999999999,124.4,0.16842939448712158,4.676135336647086,-1.4154795526434705,3.2620198825124262,47.1,8.527646294622683,17.287556484410302,2.2505817894261186,5.260034455490286,6.27274627202892,12.037923633077268,4.1946396294622685,4.630329304112065,0.8505846136466335,4.006323429733394,4.861158495255309,14.104606303660187,1.1627570040668775,0.13993447808404877,4.721622232263894,2.4799932218707634,23.5114550384094,118.46495142340714,110.75971531857208,92.65643357433349,7.420131043831902,0.0,0.0,0.0,6.687553660189788,7.557851333032082,2416.0,593.0,674.0,122.0,708.0,256.0,22074.0,169.0,402.0,15.067239042024399,0.19391787166741978,0.11029820944419343,0.15865239493899688,0.2309058969724356,0.3062818289652056,0.6490005366018978,0.4430094046543153,0.47498517284229547,0.48493879914143695,0.1515168605964754,0.5181964245368279,7.574559421599638e-05,0.0,0.0819969215996385,0.4464442498870312,10.0,0.0,0,0,8,0.0,0.29900000000000004,0.0,0,0,0,3,5,7,11,0,0,0,2,0.16186666666666663,0,0.0,0,0.0,0,0.011333333333333332,0,0.0,,,1997,2014,17,0.6937181710347945
Steve Nash,nashst01,75,195.0,1974-02-07,Santa Clara,2000,2014,1996-11-01T00:00:00Z,True,15,NBA,"DAL, PHO, LAL",PG,1036,1002.0,33.254826254826256,5.661196911196911,11.408301158301159,0.4962348760470429,1.4787644787644787,3.4343629343629343,0.43057897695334457,4.1824324324324325,7.973938223938224,0.5245127708509866,0.5610457737541247,2.805019305019305,3.08976833976834,0.9078412995938769,0.5434362934362934,2.646718146718147,3.19015444015444,9.378378378378379,0.7519305019305019,0.09266409266409266,3.1216216216216215,1.5897683397683398,15.606177606177607,34452.0,5865,11819,1532.0,3558.0,4333.0,8261.0,2906,3201,563.0,2742.0,3305.0,9716,779.0,96.0,3234.0,1647.0,16168,3.0,20.68793103448276,0.6112812608847091,0.301737751073958,0.27019339951236504,1.851381632416115,8.695805758736794,5.358597468942296,43.03180947405086,1.1460815047021946,0.1965372111923836,19.75460060373853,21.34733252060838,109.6,13.499999999999998,123.5,0.17189469406710786,4.830915476605132,-1.424085684430512,3.4082317427145012,47.1,8.638351909903632,17.410016835016837,2.2465836526181353,5.233339138511552,6.383646812957157,12.18368454661558,4.2829908278184154,4.718762336003715,0.8280709392778357,4.024007314524557,4.860130035992104,14.275177057935677,1.1460815047021946,0.14285963079066524,4.767331359572738,2.4195460350632763,23.814748055265294,119.0141646348543,110.89080459770115,92.01953442470683,8.059154766051318,0.0,0.0,0.0,6.823699640078949,7.5793045396493675,2373.0,591.0,636.0,116.0,712.0,258.0,21801.0,167.0,392.0,14.953912690119584,0.19553657262277951,0.11225255427841635,0.1605278068036689,0.22996624288865664,0.301737751073958,0.6567780099849065,0.44831591779867636,0.4799313537675607,0.4880570068501102,0.14512309880413332,0.514600371531406,7.784743991640543e-05,0.0,0.07948383257866018,0.45017656449553,10.0,0.0,0,0,8,0.0,0.299,0.0,0,0,0,3,5,7,11,0,0,0,2,0.16186666666666663,0,0.0,0,0.0,0,0.011333333333333332,0,0.0,,,1997,2014,18,0.698262248926042
Ben Wallace,wallabe01,81,240.0,1974-09-10,"Cuyahoga Community College, Virginia Union University",1997,2011,1996-11-01T00:00:00Z,True,15,NBA,"WSB, WAS, ORL, DET, CHI, CLE, DET",C,1026,901.0,30.316764132553605,2.4707602339181287,5.199805068226121,0.4751640112464855,0.005847953216374269,0.04580896686159844,0.1276595744680851,2.4649122807017543,5.153996101364522,0.47825264750378216,0.47572633552015,1.0653021442495128,2.5653021442495128,0.41527355623100304,3.2777777777777777,6.6764132553606235,9.954191033138402,1.3586744639376218,1.2884990253411306,2.0331384015594542,1.0009746588693957,1.9668615984405458,6.012670565302145,31105.0,2535,5335,6.0,47.0,2529.0,5288.0,1093,2632,3363.0,6850.0,10213.0,1394,1322.0,2086.0,1027.0,2018.0,6169,2.0,15.660003214917216,0.4766888603118469,0.008554251728018002,0.49936846166211224,12.399186625944381,25.685005626105127,19.001186304452663,6.8541520655843104,2.2752483523549265,5.009686545571451,13.891686224079729,11.10326314097412,23.000000000000004,69.00000000000001,92.1,0.14195550554573222,-0.09555698440765152,2.6103102395113327,2.50140491882334,35.5,4.334242083266356,9.16085838289664,0.0,0.08986015110110916,4.334242083266356,9.0773476932969,1.880356855810963,4.529683330654235,5.760234688956759,11.737379842469055,17.497977817071206,2.3873267963349947,2.2752483523549265,3.579723517119434,1.7594341745700048,3.4376820446873495,10.579887477897445,106.96113165086,95.54975084391577,0.0,0.0,0.0,23.962385468574183,76.30599582060762,4.2066130847130685,4.900228259122327,457.0,292.0,1176.0,99.0,1047.0,181.0,3083.0,216.0,405.0,3.946876707924771,0.6866736537534157,0.1656180356855811,0.08216685420350427,0.05719488828162675,0.008554251728018002,0.5803894550715318,0.25636347854042757,0.2383418742967369,0.27458733322616946,0.6119627391094679,0.4915286931361517,0.22111522263301722,1009.0,0.12313081498151424,0.0,9.0,0.0,1,0,4,0.3326,0.1252,0.0,5,6,7,0,3,5,6,0,0,0,0,0.0044666666666666665,0,0.0,0,0.0,0,0.009133333333333334,4,0.2498,,,1997,2012,15,0.9914457482719818
Ben Wallace,wallabe01,81,240.0,1974-09-10,"Cuyahoga Community College, Virginia Union University",1998,2012,1996-11-01T00:00:00Z,True,15,NBA,"WAS, ORL, DET, CHI, CLE, DET",C,1054,912.0,30.25426944971537,2.4222011385199242,5.099620493358634,0.4749767441860465,0.006641366223908918,0.04838709677419355,0.13725490196078433,2.415559772296015,5.05123339658444,0.47821187077385424,0.4756279069767442,1.0464895635673623,2.5227703984819736,0.41481760060172995,3.2438330170777987,6.6461100569259965,9.889943074003796,1.3614800759013284,1.2912713472485768,2.01707779886148,0.9895635673624289,1.945920303605313,5.8975332068311195,31888.0,2553,5375,7.0,51.0,2546.0,5324.0,1103,2659,3419.0,7005.0,10424.0,1435,1361.0,2126.0,1043.0,2051.0,6216,2.0,15.567247867536379,0.47507175112895134,0.009788635223281484,0.5012299611138987,12.296475163070747,25.663447064726544,18.93237267937782,6.873889864525839,2.2863114651279477,4.9867316859006525,14.141714751630708,10.930908178625188,23.5,70.3,93.7,0.14094236076266936,-0.10157739588559964,2.624297541394882,2.509699573507275,36.50000000000001,4.260260913196187,9.005607124937281,0.003073256397390868,0.09380017561465129,4.257187656798796,8.918000501756147,1.8519599849473156,4.465620296036126,5.713243226292022,11.711970020070245,17.428640868038134,2.399375940792775,2.2863114651279477,3.5599598595082784,1.745587681886603,3.4108253888610136,10.402765930757651,106.74805569493226,95.65284746613146,0.0,0.0,0.0,23.89550928248871,76.36628198695433,4.0330280983442055,4.916865278474662,473.0,294.0,1192.0,100.0,1049.0,188.0,3175.0,215.0,402.0,3.979390366281987,0.6822600037631711,0.166763578775715,0.0834486013547416,0.05794176492724536,0.009788635223281484,0.5785670785248369,0.2572407175112895,0.23862029603612647,0.27807886979428,0.6105964939789261,0.5101919217260411,0.21652925865529357,1005.0,0.1277905168088309,0.03073256397390868,9.0,0.0,1,0,4,0.3326,0.1252,0.0,5,6,7,0,3,5,6,0,0,0,0,0.0044666666666666665,0,0.0,0,0.0,0,0.009133333333333334,4,0.2498,,,1997,2012,16,0.9902113647767183
Kobe Bryant,bryanko01,78,212.0,1978-08-23,,1997,2011,1996-11-03T00:00:00Z,True,15,NBA,LAL,SG,1103,955.0,36.3961922030825,8.805077062556663,19.374433363553944,0.45446888160973326,1.28558476881233,3.7941976427923843,0.33882915173237754,7.519492293744333,15.580235720761559,0.48263020075647367,0.4876462330369677,6.369900271985494,7.6074342701722575,0.8373257061136933,1.1767905711695377,4.107887579329103,5.28467815049864,4.672710788757933,1.498640072529465,0.5222121486854034,2.9265639165911153,2.6165004533091567,25.26563916591115,40145.0,9712,21370,1418.0,4185.0,8294.0,17185.0,7026,8391,1298.0,4531.0,5829.0,5154,1653.0,576.0,3228.0,2886.0,27868,17.0,23.544857391954164,0.5555145597210115,0.1952651637812928,0.39507340889276377,3.6928509154315607,12.604117573794994,8.187266160169386,23.850566695727988,2.145893635571055,1.0344999377257442,11.542448623738945,31.52855648275003,111.5,44.8,156.1,0.18681163283098767,4.91465935982065,0.14325818906464066,5.077810437165275,71.4,12.563910823265664,27.617611159546644,1.8279785776559974,5.4002291692614275,10.723619379748412,22.20865363058911,9.084481255448996,10.848902727612407,1.6757080582887032,5.8445784032880805,7.522408768215219,6.65854278241375,2.145893635571055,0.7405853780047329,4.163029019803213,3.742172126043094,36.00238634948312,111.61108481753644,104.7768588865363,1.1397185203636817,82.60293934487483,16.050641424834975,0.13737700834475028,0.0,5.838303649271391,5.817372026404285,1386.0,1001.0,957.0,410.0,3203.0,69.0,11694.0,727.0,973.0,13.661469672437413,0.2390915431560593,0.12433924523601943,0.17113682899489352,0.27014475028023416,0.1952651637812928,0.6345634823763855,0.43965821397434296,0.42652083696599824,0.4013931747415619,0.363722107360817,0.6780341512018931,0.047072985427824135,909.0,0.0893667455473907,0.333300610287707,47.0,1.0,5,2,13,0.4515333333333333,0.6819333333333334,0.017866666666666666,9,11,12,9,11,13,14,0,1,1,1,0.25060000000000004,0,0.0,0,0.0178,0,0.0024000000000000002,0,0.01746666666666667,,,1997,2016,15,0.8047348362187071
Kobe Bryant,bryanko01,78,212.0,1978-08-23,,1998,2012,1996-11-03T00:00:00Z,True,15,NBA,LAL,SG,1090,1007.0,37.86605504587156,9.275229357798166,20.444036697247707,0.4536887452880991,1.3339449541284403,3.977981651376147,0.3353321033210332,7.941284403669725,16.46605504587156,0.4822821484287943,0.48631304972177347,6.670642201834863,7.959633027522936,0.8380590133702167,1.2082568807339449,4.305504587155963,5.513761467889908,4.887155963302752,1.534862385321101,0.5238532110091743,3.0458715596330275,2.65045871559633,26.55504587155963,41274.0,10110,22284,1454.0,4336.0,8656.0,17948.0,7271,8676,1317.0,4693.0,6010.0,5327,1673.0,571.0,3320.0,2889.0,28945,17.0,23.700293162765906,0.5542802732955372,0.19294553471919365,0.39204242380190923,3.650162329795997,12.664965838057856,8.203396811552066,24.11101419780007,2.112254688181422,0.9958908756117651,11.365036100208364,31.936623540243247,115.19999999999999,45.5,160.5,0.18672869118573435,5.012695643746668,0.08799728642729077,5.120041672723748,73.80000000000001,12.731215777487037,28.036604157581046,1.827402238697485,5.446535349130204,10.897245239133595,22.58157920240345,9.154387750157483,10.919656442312352,1.6576028492513446,5.894197315501284,7.548456655521636,6.702182972331249,2.112254688181422,0.7125623879439841,4.167090662402481,3.644056791200271,36.40736298880651,111.53714202645733,104.83704026748075,1.1085429083684644,84.89540630905655,13.92862334641663,0.0,0.0,5.795406309056548,6.024964868924747,1428.0,1062.0,956.0,424.0,3320.0,71.0,12076.0,765.0,994.0,13.71144546203421,0.22993552841982848,0.1274016814459466,0.1743296021708582,0.27544660076561517,0.19294553471919365,0.6413966661821001,0.4405456703978291,0.42935155303580946,0.4009413432184911,0.3649873528129089,0.6738696031399913,0.04588002132092842,920.0,0.09099883704026748,0.3344820952657847,48.0,1.0,5,2,14,0.4704,0.7450666666666667,0.0,9,12,13,10,12,14,15,0,0,0,1,0.2700000000000001,0,0.0,0,0.0178,0,0.0024000000000000002,0,0.01746666666666667,,,1997,2016,16,0.8070544652808064
Kobe Bryant,bryanko01,78,212.0,1978-08-23,,1999,2013,1996-11-03T00:00:00Z,True,15,NBA,LAL,SG,1089,1084.0,38.77961432506887,9.60238751147842,21.089072543618,0.4553252634329008,1.3875114784205693,4.153351698806245,0.3340703073181517,8.214876033057852,16.935720844811755,0.4850620831751884,0.48822171906296263,6.825528007346189,8.122130394857667,0.8403617863199547,1.1974288337924701,4.496786042240588,5.694214876033058,5.139577594123049,1.5656565656565657,0.5105601469237833,3.168044077134986,2.6464646464646466,27.4178145087236,42231.0,10457,22966,1511.0,4523.0,8946.0,18443.0,7433,8845,1304.0,4897.0,6201.0,5597,1705.0,556.0,3450.0,2882.0,29858,19.0,23.9035045345836,0.5557075607965714,0.19503334043711965,0.3867348393360328,3.526729179986266,12.889036489782388,8.254943051313017,24.904645876252044,2.1051786602259,0.9528403305628566,11.452700622765267,32.164611304491956,119.10000000000001,46.300000000000004,165.1,0.18775472993772346,5.127321162179442,0.11781629608581372,5.2640477374440575,77.00000000000001,12.857424640666812,28.21045440553148,1.8504510904312,5.547630887262912,10.993419525940658,22.65452629584902,9.138886126305321,10.873464990173096,1.6011508133835333,6.003364826786011,7.606116360019891,6.8705121829935365,2.1051786602259,0.6762686178399754,4.225249224503327,3.5493002770476663,36.67076555137221,111.64500011839644,104.93473988302432,1.0834221306623097,85.65830787809902,13.121024839572826,0.07134569392152684,0.0,5.46790509341479,6.243991380739267,1504.0,1117.0,948.0,423.0,3395.0,84.0,12717.0,774.0,1009.0,13.761128081267314,0.22434585967654094,0.1282839620184225,0.173194051762923,0.2792003978120338,0.19503334043711965,0.6456331841538205,0.44770164097463944,0.4364296133172314,0.40481141815254196,0.3543410527811323,0.6626424901138974,0.04315391537022566,902.0,0.09563472330752291,0.3369415121593143,49.0,1.0,5,2,14,0.47706666666666664,0.8033333333333332,0.0,9,12,14,11,13,15,15,0,0,0,1,0.2801333333333334,0,0.0,0,0.0,0,0.0006666666666666666,0,0.01746666666666667,,,1997,2016,17,0.8049666595628803
Kobe Bryant,bryanko01,78,212.0,1978-08-23,,2000,2014,1996-11-03T00:00:00Z,True,15,NBA,LAL,SG,1045,1040.0,38.767464114832535,9.689952153110047,21.301435406698566,0.45489667565139263,1.4229665071770334,4.24688995215311,0.3350608382154123,8.266985645933014,17.054545454545455,0.4847379643137695,0.4882973944294699,6.895693779904306,8.204784688995215,0.8404478656403079,1.199043062200957,4.507177033492823,5.70622009569378,5.2105263157894735,1.569377990430622,0.4851674641148325,3.1837320574162677,2.6200956937799043,27.698564593301434,40512.0,10126,22260,1487.0,4438.0,8639.0,17822.0,7206,8574,1253.0,4710.0,5963.0,5445,1640.0,507.0,3327.0,2738.0,28945,19.0,24.07998617693523,0.555799935821485,0.19818167456556082,0.38685266093996845,3.5271746642969983,12.904921998420221,8.260206852290677,25.293550059241706,2.109204680094787,0.9060969589257505,11.378263230647711,32.47074447077408,114.9,44.900000000000006,159.5,0.18921359103475513,5.233056872037915,0.11832049763033174,5.366846860189573,75.0,12.97211690363349,28.489074842022113,1.8997037914691948,5.671208530805688,11.058283965244867,22.809217022116904,9.229828199052134,10.981099427330173,1.6010737559241708,6.015489237756714,7.6182316350710915,6.964114336492892,2.109204680094787,0.6407533570300158,4.243922788309637,3.5142624407582934,37.03936364533965,111.7884083728278,105.00498617693523,1.200557859399684,86.25718305687204,12.399190363349131,0.0743730252764613,0.0,5.522252665876777,6.6004122235387035,1461.0,1082.0,891.0,409.0,3298.0,84.0,12387.0,741.0,977.0,13.796171504739336,0.22288156595576625,0.12789975809636653,0.17104514711690363,0.2800519105450237,0.19818167456556082,0.6417663161532384,0.448394845971564,0.43878670517377566,0.4057461739731438,0.3523099081753554,0.6607259577409164,0.041629714652448656,850.0,0.09836678021327014,0.3278380973538705,48.0,1.0,5,2,15,0.47706666666666664,0.7948666666666665,0.0,9,12,14,11,13,14,14,0,0,0,1,0.2801333333333334,0,0.0,0,0.0,0,0.0006666666666666666,0,0.01746666666666667,,,1997,2016,18,0.8018183254344392
Kobe Bryant,bryanko01,78,212.0,1978-08-23,,2001,2015,1996-11-03T00:00:00Z,True,15,NBA,LAL,SG,1014,1013.0,38.65384615384615,9.702169625246547,21.48915187376726,0.45149150986691144,1.4743589743589745,4.4161735700197235,0.3338543992853953,8.227810650887575,17.072978303747533,0.48192005545286504,0.48579623680587425,6.9733727810650885,8.29585798816568,0.8405848787446505,1.1548323471400395,4.511834319526627,5.666666666666667,5.245562130177515,1.5591715976331362,0.4457593688362919,3.227810650887574,2.5473372781065087,27.85207100591716,39195.0,9838,21790,1495.0,4478.0,8343.0,17312.0,7071,8412,1171.0,4575.0,5746.0,5319,1581.0,452.0,3273.0,2583.0,28242,21.0,24.033698175787727,0.554004388314836,0.20492955734149765,0.38830098226814647,3.420298507462687,13.015948462814134,8.2513075647404,25.621737466513586,2.09999489730833,0.8424671514223753,11.416443423906111,32.91072585789003,108.4,41.00000000000001,149.1,0.18274818216609262,5.245097588978187,-0.033088404133180274,5.2279984691924986,71.2,13.028302079346854,28.824401071565248,1.976407705064422,5.915218777905346,11.043730067610664,22.90024237785432,9.364105115448398,11.136137262405919,1.5470748820002551,6.036724071947953,7.58552366373262,7.028700089297104,2.09999489730833,0.5878071182548793,4.314550325296594,3.4287893864013266,37.35203980099502,111.41737466513585,105.60989922183953,1.3024875621890548,85.6498532976145,12.89978313560403,0.07687205000637837,0.0,4.694591146829952,6.281852277076158,1466.0,1065.0,826.0,406.0,3237.0,89.0,12129.0,711.0,952.0,13.903551473402219,0.21845975251945404,0.12522255389718076,0.1699966832504146,0.2813891312667432,0.20492955734149765,0.6353275162648296,0.4521097078709019,0.437542441637964,0.40334665135859166,0.3450830207934686,0.6551989539482077,0.03869996172981248,775.0,0.10040056129608368,0.34057137389973213,47.0,1.0,4,2,15,0.4391333333333334,0.7495999999999998,0.0,8,11,13,11,12,13,13,0,0,0,1,0.2800000000000001,0,0.0,0,0.0,0,0.00013333333333333334,0,0.015266666666666668,,,1997,2016,19,0.7950704426585024
Kobe Bryant,bryanko01,78,212.0,1978-08-23,,2002,2016,1996-11-03T00:00:00Z,True,15,NBA,LAL,SG,1012,1011.0,37.82114624505929,9.421936758893281,21.139328063241106,0.4457065395222736,1.5484189723320159,4.688735177865612,0.3302423603793467,7.873517786561265,16.450592885375492,0.47861604997597307,0.4823306689103912,6.747035573122529,8.039525691699605,0.8392330383480826,1.0948616600790513,4.432806324110672,5.527667984189724,5.103754940711463,1.5108695652173914,0.41699604743083,3.144268774703557,2.4466403162055337,27.139328063241106,38275.0,9535,21393,1567.0,4745.0,7968.0,16648.0,6828,8136,1108.0,4486.0,5594.0,5165,1529.0,422.0,3182.0,2476.0,27465,19.0,23.555218811234486,0.5500126192031352,0.22070066623122137,0.3830700457217506,3.301805355976486,13.06951273677335,8.206270411495753,25.494926192031354,2.0805251469627697,0.8070725016329197,11.341303723056829,32.956893533638144,98.3,39.300000000000004,137.39999999999998,0.17240279555845853,5.044154147615938,-0.1288883082952319,4.926772044415413,66.7,12.902489875898105,28.91248073154801,2.119158719790987,6.394393207054214,10.782241672109732,22.508932723709993,9.248708033964729,11.010273024167212,1.4923814500326584,6.054492488569562,7.548640104506857,6.975668190725017,2.0805251469627697,0.5632370999346832,4.290502939255389,3.3567106466361856,37.126685826257344,110.57591116917048,106.01395166557805,1.3337949052906597,83.07973873285434,15.45907250163292,0.12739386022207708,0.0,3.5925042455911163,5.315986936642717,1484.0,1019.0,793.0,367.0,3123.0,91.0,11810.0,676.0,912.0,14.149110385369042,0.21078691051600262,0.1234540039190072,0.16876112344872632,0.2764890137165251,0.22070066623122137,0.6344646636185499,0.4526105029392553,0.43447218811234484,0.39841666884389293,0.3414218419333768,0.6486429523187459,0.03728,731.0,0.10022150228608752,0.33716410189418683,44.0,1.0,3,2,15,0.40926666666666667,0.7053999999999998,0.0,8,10,12,11,11,12,12,0,0,0,1,0.27940000000000004,0,0.0,0,0.0,0,0.00013333333333333334,0,0.014733333333333333,,,1997,2016,20,0.7792993337687786
Erick Dampier,dampier01,83,265.0,1975-07-14,Mississippi State,1997,2011,1996-11-06T00:00:00Z,False,15,NBA,"IND, GSW, DAL, MIA",C,972,771.0,24.609053497942387,2.8631687242798356,5.747942386831276,0.49812063719348487,0.00205761316872428,0.01646090534979424,0.125,2.861111111111111,5.731481481481482,0.4991922455573506,0.4982996241274387,1.7890946502057614,2.8590534979423867,0.6257646635480388,2.7911522633744856,4.389917695473251,7.181069958847736,0.8364197530864198,0.338477366255144,1.4341563786008231,1.4732510288065843,2.94238683127572,7.517489711934156,23920.0,2783,5587,2.0,16.0,2781.0,5571.0,1739,2779,2713.0,4267.0,6980.0,813,329.0,1394.0,1432.0,2860.0,7307,0.0,14.297851170568563,0.5526392976588629,0.0030196488294314382,0.5063285953177257,12.81205685618729,20.09296404682274,16.46283026755853,5.380790133779264,0.72998745819398,4.2081229096989965,17.727420568561875,15.373612040133779,23.4,29.8,52.50000000000001,0.10563716555183945,-1.467153010033445,0.14700250836120402,-1.3268102006688964,4.3,6.11760033444816,12.265071070234114,0.004397993311036789,0.03249163879598663,6.11760033444816,12.23520066889632,3.8278469899665555,6.115522575250836,5.9964339464882945,9.412788461538462,15.375798494983277,1.7759406354515048,0.72998745819398,3.0497575250836126,3.1555602006688965,6.30128762541806,16.062771739130437,108.1551839464883,103.90409698996656,0.0,0.0,0.0,0.367809364548495,99.63219063545151,0.3234949832775921,0.17087374581939796,357.0,405.0,1602.0,289.0,1228.0,26.0,1878.0,228.0,616.0,3.7417182274247494,0.5963296822742475,0.3054923913043478,0.07622416387959866,0.018747240802675588,0.0030196488294314382,0.6377471153846154,0.3617394230769231,0.2950852006688963,0.2701457357859532,0.5772902591973245,0.09749163879598662,0.17755522575250837,826.0,0.0402189381270903,0.05351170568561873,6.0,0.0,0,0,0,0.0,0.00046666666666666666,0.0024,0,0,0,0,0,0,1,0,0,1,0,0.0,0,0.0,0,0.00013333333333333334,0,0.0005333333333333334,0,0.0,,,1997,2012,15,0.9969803511705686
Erick Dampier,dampier01,83,265.0,1975-07-14,Mississippi State,1998,2012,1996-11-06T00:00:00Z,False,15,NBA,"GSW, DAL, MIA, ATL",C,915,750.0,25.08306010928962,2.8994535519125684,5.747540983606557,0.5044685301388097,0.001092896174863388,0.01639344262295082,0.06666666666666667,2.898360655737705,5.731147540983606,0.505720823798627,0.504563605248146,1.7836065573770492,2.853551912568306,0.6250478743776331,2.8710382513661203,4.463387978142077,7.334426229508197,0.8459016393442623,0.33989071038251367,1.4480874316939891,1.4765027322404372,2.968306010928962,7.583606557377049,22951.0,2653,5259,1.0,15.0,2652.0,5244.0,1632,2611,2627.0,4084.0,6711.0,774,311.0,1325.0,1351.0,2716.0,6939,0.0,14.380528081565076,0.5557516012374188,0.0030096292100562066,0.5047875909546424,12.895913032111892,20.00424818090715,16.456433270881444,5.315201951984664,0.7171408653217726,4.142486166180123,17.79538146485992,15.050455317851075,24.299999999999997,28.0,51.70000000000001,0.10839030979042308,-1.3451352882227354,0.12184654263430787,-1.2302296196244171,4.6000000000000005,6.070951156812338,12.012958041043962,0.0,0.029279769944664722,6.070951156812338,11.981826499934645,3.737357849331184,5.979525946581847,6.048150407389658,9.37738224913947,15.390697573090495,1.7594832469173454,0.7171408653217726,3.018325998867152,3.0985621541545028,6.23077861531088,15.874750555531351,108.8397019737702,104.02309267570041,0.0,0.0,0.0,0.22892248703760185,99.77107751296239,0.39262777221036094,0.3298287656311271,326.0,395.0,1540.0,276.0,1156.0,26.0,1775.0,222.0,574.0,3.53709642281382,0.6041427388784802,0.3034808069365169,0.07096257243693084,0.018163652999869287,0.0030096292100562066,0.6446962659579104,0.36119850986885094,0.29127175286479895,0.2723840355540064,0.5741616051588168,0.05577099037078995,0.18069718095072113,796.0,0.04191699708073723,0.05577099037078995,6.0,0.0,0,0,0,0.0,0.00046666666666666666,0.0,0,0,0,0,0,0,1,0,0,0,0,0.0,0,0.0,0,0.00013333333333333334,0,0.0005333333333333334,0,0.0,,,1997,2012,16,0.9969903707899439
Jermaine O'Neal,onealje01,83,226.0,1978-10-13,,1997,2011,1996-12-05T00:00:00Z,False,15,NBA,"POR, IND, TOR, MIA, BOS",PF,887,656.0,28.05186020293123,5.397970687711386,11.596392333709131,0.4654870698036166,0.015783540022547914,0.10710259301014656,0.14736842105263157,5.382187147688839,11.489289740698986,0.4684525561770189,0.46616760645537625,3.1465614430665165,4.430665163472379,0.7101781170483461,2.0146561443066515,5.4160090191657275,7.430665163472379,1.4565952649379932,0.4836527621195039,1.8703494926719277,1.9458850056369785,2.9177001127395714,13.958286358511838,24882.0,4788,10286,14.0,95.0,4774.0,10191.0,2791,3930,1787.0,4804.0,6591.0,1292,429.0,1659.0,1726.0,2588.0,12381,1.0,18.23544731130938,0.5152242183104253,0.008954022988505747,0.38288871473354236,8.420814243228035,21.989450204967447,15.270601237842616,9.899967848243708,0.9311188811188812,4.989072421831041,12.742126838678564,25.44264930471827,17.900000000000002,42.199999999999996,60.3,0.1161692789968652,-0.3301985370950889,0.755622538381159,0.4480387428663291,15.5,10.228952656538866,21.939948557189943,0.018752511855960132,0.20848806366047748,10.18748492886424,21.740784502853472,5.945016477775099,8.400735471425126,3.8086287275942454,10.252093883128367,14.05811429949361,2.7520577124025403,0.9311188811188812,3.5319025801784423,3.686371674302708,5.532336628888353,26.425178844144362,101.50204967446346,99.80057873161321,0.0,0.0,0.20621332690298208,47.011373683787475,52.904870991077885,1.7730487902901693,1.3186681134956995,387.0,503.0,1449.0,381.0,1757.0,214.0,2926.0,372.0,1001.0,8.280532111566593,0.3004791013584117,0.31908005787316135,0.23937320151113253,0.13222048066875655,0.008954022988505747,0.6381344345309864,0.41702049674463476,0.3775091230608473,0.37402226509123054,0.6218197090266055,0.38001728156900566,0.09783248934973075,870.0,0.17742203199099754,0.07508045977011495,7.0,0.0,0,0,6,0.025066666666666668,0.07346666666666665,0.0,0,0,5,0,1,3,7,0,0,0,0,0.028333333333333332,0,0.0,0,0.0,1,0.028066666666666667,0,0.0011333333333333334,,,1997,2014,15,0.9910459770114942
Jermaine O'Neal,onealje01,83,226.0,1978-10-13,,1998,2012,1996-12-05T00:00:00Z,False,15,NBA,"POR, IND, TOR, MIA, BOS",C,867,680.0,28.82814302191465,5.502883506343714,11.825836216839678,0.4653272213010826,0.016147635524798153,0.10841983852364476,0.14893617021276595,5.486735870818916,11.717416378316033,0.4682547494832168,0.46600994830781234,3.1891580161476356,4.478662053056516,0.7120782899819728,2.0588235294117645,5.555940023068051,7.614763552479816,1.4925028835063436,0.5017301038062284,1.9331026528258362,1.9838523644752017,3.0242214532871974,14.211072664359861,24994.0,4771,10253,14.0,94.0,4757.0,10159.0,2765,3883,1785.0,4817.0,6602.0,1294,435.0,1676.0,1720.0,2622.0,12321,1.0,18.117060094422662,0.5145361686804835,0.008785628550852204,0.37771133071937263,8.374949987997118,21.941197887492997,15.228258782107703,9.864039369448667,0.9392454189005361,5.018360406497559,12.764295430903418,25.238465231655596,17.7,42.7,60.60000000000001,0.11612979114987594,-0.38781307513803315,0.8166199887973113,0.4531527566615988,15.6,10.145987036888855,21.774545891013847,0.018668480435304474,0.20572137312955113,10.104705129231016,21.578106745618946,5.8650356085460515,8.264307433784108,3.7866407937905104,10.234104185004401,14.020428902936706,2.7437585020404898,0.9392454189005361,3.5523245578938947,3.6586580779387052,5.581467552212532,26.18099943986557,101.3584860366488,99.67360166439946,0.0,0.0,0.2052892694246619,47.21169080579339,52.70492918300392,1.7937745058814114,1.3678522845482914,385.0,504.0,1466.0,388.0,1739.0,223.0,2930.0,371.0,996.0,8.266079859166199,0.30061642794270627,0.3159810354485077,0.24217652236536766,0.13255125230055212,0.008785628550852204,0.6391119868768506,0.41461790829799156,0.37461382731855647,0.3764192206129471,0.6270087220933023,0.37831439545490914,0.09803168760502519,865.0,0.17662699047771463,0.07474401856445548,7.0,0.0,0,0,6,0.025066666666666668,0.07346666666666665,0.0,0,0,5,0,1,3,7,0,0,0,0,0.028333333333333332,0,0.0,0,0.0,1,0.028066666666666667,0,0.0011333333333333334,,,1997,2014,16,0.9912143714491477
Jermaine O'Neal,onealje01,83,226.0,1978-10-13,,1999,2013,1996-12-05T00:00:00Z,False,15,NBA,"POR, IND, TOR, MIA, BOS, PHO",C,862,675.0,29.251740139211137,5.612529002320185,12.056844547563806,0.46550562878860774,0.016241299303944315,0.10672853828306264,0.15217391304347827,5.596287703016241,11.950116009280743,0.468304048150665,0.46617915904936014,3.2668213457076565,4.534802784222737,0.7203888462522384,2.0730858468677495,5.692575406032483,7.765661252900232,1.5301624129930393,0.5092807424593968,1.9675174013921113,2.0162412993039442,3.0707656612529,14.508120649651973,25215.0,4838,10393,14.0,92.0,4824.0,10301.0,2816,3909,1787.0,4907.0,6694.0,1319,439.0,1696.0,1738.0,2647.0,12506,1.0,18.23281776720206,0.516023597065239,0.008420226055919095,0.3747145349990084,8.283418600039658,22.181800515566124,15.29125123934166,9.939726353361094,0.9356970057505453,5.040356930398572,12.714844338687291,25.30736466389054,18.499999999999996,42.7,61.400000000000006,0.11652714653975808,-0.3465913146936348,0.8179258377949633,0.4922625421376164,16.000000000000004,10.183133055720802,21.851592306166964,0.018504858219313903,0.2007138607971446,10.14221296847115,21.66007931786635,5.913380924053144,8.23542335911164,3.7509339678762648,10.316545706920484,14.067166369224669,2.7701606186793577,0.9356970057505453,3.5585762442990285,3.658143961927424,5.574947451913544,26.30750743604997,101.59718421574459,99.83969859210787,0.0,0.0,0.10735673210390641,44.758834027364664,55.254650009914734,1.5078366051953198,1.4362760261748957,389.0,518.0,1479.0,398.0,1752.0,229.0,2989.0,374.0,1017.0,8.28500099147333,0.2952048383898473,0.3166903033908388,0.24499706523894502,0.13476541741027168,0.008420226055919095,0.6395867539163197,0.41760467975411464,0.3781733095379734,0.38103513781479276,0.6255581201665674,0.3749986119373389,0.09385056513979774,850.0,0.17507892127701769,0.07408891532817767,7.0,0.0,0,0,6,0.025066666666666668,0.07346666666666665,0.0,0,0,5,0,1,3,7,0,0,0,0,0.028333333333333332,0,0.0,0,0.0,1,0.028066666666666667,0,0.0011333333333333334,,,1997,2014,17,0.9915797739440809
Jermaine O'Neal,onealje01,83,226.0,1978-10-13,,2000,2014,1996-12-05T00:00:00Z,False,15,NBA,"POR, IND, TOR, MIA, BOS, PHO, GSW",C,870,687.0,29.640229885057472,5.663218390804598,12.135632183908045,0.46666035233945824,0.016091954022988506,0.10459770114942529,0.15384615384615385,5.647126436781609,12.03103448275862,0.469379956052355,0.467323356696344,3.329885057471264,4.604597701149426,0.7231652521218173,2.103448275862069,5.757471264367816,7.860919540229885,1.5298850574712644,0.5160919540229885,1.9793103448275862,2.0413793103448277,3.1126436781609197,14.672413793103448,25787.0,4927,10558,14.0,91.0,4913.0,10467.0,2897,4006,1830.0,5009.0,6839.0,1331,449.0,1722.0,1776.0,2708.0,12765,1.0,18.18826540504906,0.5185837049676195,0.008088726877884204,0.3795300345135145,8.27069065808353,22.106204676775118,15.248609764610071,9.779846434249817,0.9338930468840888,5.003970993136076,12.778562841741964,25.156516849575368,19.5,43.599999999999994,63.300000000000004,0.11743417225733896,-0.37077597238918836,0.8078372823515725,0.4587311435994881,16.100000000000005,10.125598169620353,21.67260635203785,0.018094388645441502,0.19384961414666305,10.085585760266802,21.487753519215108,5.936580447512312,8.23599488114166,3.7440532051033464,10.27788808314267,14.021634932330242,2.7301198278202192,0.9338930468840888,3.529452825066894,3.647357195486097,5.564261061775313,26.21038895567534,101.91429790204367,99.94791949431884,0.0,0.0,0.10497537518904874,44.013223717376974,55.98790088028852,1.6108000155116915,1.438899445457013,398.0,529.0,1508.0,409.0,1794.0,237.0,3018.0,386.0,1029.0,8.199728545391087,0.29683441268856403,0.32094167603831386,0.24236805367045408,0.13184325435296856,0.008088726877884204,0.6424879978283633,0.41772179780509555,0.3792742467134603,0.3775009500911311,0.6249222864233915,0.3666804979253112,0.09302105712180556,862.0,0.15913502927831852,0.07244549579245356,7.0,0.0,0,0,6,0.025066666666666668,0.07346666666666667,0.0,0,0,5,0,1,3,7,0,0,0,0,0.028333333333333332,0,0.0,0,0.0,1,0.028066666666666667,0,0.0011333333333333334,,,1997,2014,18,0.991911273122116
Chauncey Billups,billuch01,75,202.0,1976-09-25,Colorado,1998,2012,1997-10-31T00:00:00Z,True,15,NBA,"BOS, TOR, DEN, MIN, DET, DEN, NYK, LAC",PG,1002,908.0,32.21656686626746,4.651696606786427,11.179640718562874,0.41608641314051065,1.7794411177644711,4.577844311377246,0.3887072160453455,2.8722554890219563,6.6017964071856285,0.4350718065003779,0.49567041599714334,4.432135728542915,4.9590818363273454,0.8937411954115516,0.47305389221556887,2.4530938123752497,2.9261477045908184,5.533932135728543,1.028942115768463,0.1656686626746507,2.082834331337325,2.114770459081836,15.51497005988024,32281.0,4661,11202,1783.0,4587.0,2878.0,6615.0,4441,4969,474.0,2458.0,2932.0,5545,1031.0,166.0,2087.0,2119.0,15546,2.0,18.99995353303801,0.5797207955143893,0.4092133143335089,0.4424571109940833,1.702106502276881,8.896391065952109,5.299792447569777,28.35649453238747,1.7038102908831823,0.3785136767758124,13.500591679316006,22.027068554257923,91.7,27.999999999999996,119.7,0.17803915615997026,3.579368668876429,-0.23603977571946347,3.3463988104457734,43.7,7.709203556271491,18.483823301632537,2.9562064372231345,7.574071435209567,4.753941947275487,10.931405470710326,7.333257953594994,8.197908986710448,0.7784734054087543,4.072559710046157,4.844543229763637,9.166906229670705,1.7038102908831823,0.29145627458876744,3.430522598432515,3.4795576345218557,25.684108298999412,117.65279886001053,106.96075090610576,81.12477928193054,18.57498218766457,0.3723242774387411,0.0,0.0,4.142919983891454,2.598500666026455,1159.0,532.0,803.0,254.0,1632.0,56.0,12153.0,257.0,628.0,16.787048108794647,0.20363811530002165,0.06147712276571357,0.10464372231343515,0.22101291781543322,0.4092133143335089,0.5142904494904122,0.35038871162603386,0.38927201759548963,0.40665883956506915,0.2814151048604442,0.601894396084384,0.0022947554288900596,24.0,0.15375403488119946,0.3921223939778817,16.0,0.0,1,1,5,0.08793333333333334,0.07133333333333333,0.0,0,2,8,0,1,3,7,0,0,0,0,0.025,0,0.0,0,0.0,0,0.004733333333333333,0,0.00013333333333333334,,,1998,2014,15,0.5907866856664912
Chauncey Billups,billuch01,75,202.0,1976-09-25,Colorado,1999,2013,1997-10-31T00:00:00Z,True,15,NBA,"DEN, MIN, DET, DEN, NYK, LAC",PG,944,860.0,32.291313559322035,4.697033898305085,11.212923728813559,0.41889466225791216,1.8103813559322033,4.610169491525424,0.39269301470588236,2.8866525423728815,6.602754237288136,0.43718915450024065,0.49962210675484175,4.512711864406779,5.032838983050848,0.8966533361397601,0.4385593220338983,2.5,2.9385593220338984,5.593220338983051,0.9915254237288136,0.17266949152542374,2.0540254237288136,2.0889830508474576,15.717161016949152,30483.0,4434,10585,1709.0,4352.0,2725.0,6233.0,4260,4751,414.0,2360.0,2774.0,5280,936.0,163.0,1939.0,1972.0,14837,2.0,19.33766033526884,0.5846448512285536,0.41115201915821936,0.4477390676770659,1.5926418003477347,9.020175179608307,5.311990289669651,28.624728537217464,1.643135518157662,0.3963126988813437,13.281711117672145,22.112069022077886,90.60000000000001,27.399999999999995,118.0,0.18581734081291212,3.7978939080799137,-0.16327133156185417,3.6378735688744546,43.49999999999999,7.783269363251648,18.5367811567103,3.006426532821573,7.623278548699275,4.777843388117968,10.929163796214283,7.458672046714563,8.3130105304596,0.7267296525932487,4.146793294623232,4.865279007971656,9.261939441656006,1.643135518157662,0.3027490732539448,3.380064298133386,3.43651871534954,26.005101203949742,118.63635468949907,106.75405963979924,78.908998458157,20.773053833284127,0.3942853393694846,0.0,0.0,5.386904176098153,3.2832792048026773,1084.0,489.0,762.0,246.0,1553.0,57.0,11575.0,244.0,576.0,16.927956565954794,0.1982391496899911,0.05525207492700848,0.104576124397205,0.23076495095627073,0.41115201915821936,0.5145824229898632,0.3471025817668865,0.3912826165403668,0.4181028770134172,0.2842459403602008,0.6104596988485386,0.0016304497588819997,16.0,0.15883108617918185,0.40255220942820585,16.0,0.0,1,1,5,0.08793333333333332,0.07133333333333333,0.0,0,2,8,0,1,3,7,0,0,0,0,0.025,0,0.0,0,0.0,0,0.004733333333333333,0,0.00013333333333333334,,,1998,2014,16,0.5888479808417806
Chauncey Billups,billuch01,75,202.0,1976-09-25,Colorado,2000,2014,1997-10-31T00:00:00Z,True,15,NBA,"DEN, MIN, DET, DEN, NYK, LAC, DET",PG,918,826.0,31.92156862745098,4.648148148148148,11.077342047930284,0.41960861441636343,1.7843137254901962,4.537037037037037,0.39327731092436974,2.863834422657952,6.540305010893246,0.43787475016655564,0.5001475071295113,4.480392156862745,5.001089324618737,0.8958832498366369,0.42919389978213507,2.5185185185185186,2.947712418300654,5.608932461873638,0.9651416122004357,0.16339869281045752,2.0326797385620914,2.0501089324618738,15.561002178649238,29304.0,4267,10169,1638.0,4165.0,2629.0,6004.0,4113,4591,394.0,2312.0,2706.0,5149,886.0,150.0,1866.0,1882.0,14285,2.0,19.404818454818454,0.5848940758940758,0.4099856333606334,0.44973594048594057,1.579026754026754,9.182422194922195,5.389499726999727,28.937711575211573,1.6163185913185913,0.37987646737646735,13.311114523614522,22.130142642642646,87.5,27.999999999999996,115.39999999999999,0.18904217854217853,3.8505528255528256,-0.10546683046683046,3.753545591045591,42.699999999999996,7.792250204750205,18.51983346983347,2.9993038493038493,7.5867560742560745,4.793987168987169,10.95042315042315,7.491274228774229,8.358814496314496,0.7176494676494677,4.222734097734097,4.936885749385748,9.392512967512967,1.6163185913185913,0.2916496041496041,3.381565656565656,3.4098245973245973,26.04345140595141,118.79207616707616,106.50276412776412,81.73805623805623,18.032760032760034,0.3085926835926836,0.0,0.0,5.83496450996451,3.335350122850123,1045.0,476.0,725.0,236.0,1494.0,57.0,11282.0,236.0,538.0,16.932746382746384,0.19315950040950036,0.05521450996450996,0.1064519860769861,0.235131825006825,0.4099856333606334,0.5155408476658477,0.3494748498498499,0.3947877422877423,0.4173975566475566,0.2820887592137592,0.6077287059787059,0.0015944922194922196,15.0,0.1563838725088725,0.4013227886977886,16.0,0.0,1,1,5,0.08793333333333334,0.07133333333333333,0.0,0,2,8,0,1,3,7,0,0,0,0,0.025,0,0.0,0,0.0,0,0.004733333333333333,0,0.00013333333333333334,,,1998,2014,17,0.5900143666393667
Tim Duncan,duncati01,83,250.0,1976-04-25,Wake Forest,1998,2012,1997-10-31T00:00:00Z,True,15,NBA,SAS,PF,1111,1109.0,35.43564356435643,7.846084608460846,15.474347434743475,0.5070381572824569,0.023402340234023402,0.1323132313231323,0.17687074829931973,7.822682268226822,15.342034203420342,0.509885596949252,0.5077943229409028,4.588658865886589,6.66966696669667,0.6879892037786774,2.9630963096309633,8.317731773177318,11.28082808280828,3.0855085508550855,0.7398739873987399,2.222322232223222,2.568856885688569,2.4869486948694868,20.304230423042306,39369.0,8717,17192,26.0,147.0,8691.0,17045.0,5098,7410,3292.0,9241.0,12533.0,3428,822.0,2469.0,2854.0,2763.0,22558,3.0,24.74375269882395,0.5516121821737915,0.008536869110213618,0.4299645914298052,10.008834362061522,26.387916888922756,18.452137468566637,16.510030734842132,1.1115598567400744,4.477634687190428,12.255216032919304,27.68846300388631,87.30000000000001,88.60000000000001,175.79999999999998,0.21458307297619955,3.634105514491098,2.253321140999263,5.904523863953873,78.5,11.847054789301223,23.347143691737152,0.02173791561888796,0.21051080799613914,11.802880438924026,23.15919378190962,6.922278950443243,10.068150067311842,4.461147095430415,12.563788767812236,17.035675277502605,4.649010642891614,1.1115598567400744,3.3566587924509137,3.8799486905941225,3.7753613249003024,30.662234245218325,109.85526683431127,95.35332368106886,0.0,0.0,0.6510706393355178,43.64954659757677,55.69938276308771,9.783347303716123,9.163656684193148,1107.0,906.0,1532.0,368.0,3326.0,49.0,7672.0,737.0,1238.0,7.956498768066246,0.3078838680179837,0.3459694175620412,0.2090288043892403,0.12841451395768244,0.008536869110213618,0.6878152607381444,0.4471063781147603,0.40671088927836624,0.4145227463232493,0.5262411288069293,0.5157698950951256,0.0631364017374076,1000.0,0.12291328202392746,0.4130280169676649,13.0,0.0,4,3,13,0.5015999999999999,0.6720666666666666,0.06666666666666667,8,13,15,9,12,13,15,1,1,1,2,0.2803999999999999,1,0.974,0,0.0,0,0.0,0,0.05620000000000001,,,1998,2016,15,0.9914631308897864
Tim Duncan,duncati01,83,250.0,1976-04-25,Wake Forest,1999,2013,1997-10-31T00:00:00Z,True,15,NBA,SAS,PF,1098,1096.0,34.82969034608379,7.742258652094717,15.37431693989071,0.503583910905752,0.025500910746812388,0.13114754098360656,0.19444444444444445,7.716757741347905,15.243169398907105,0.5062436517894485,0.504413245660802,4.575591985428051,6.58287795992714,0.6950747094631987,2.8615664845173043,8.287795992714026,11.14936247723133,3.085610200364299,0.74408014571949,2.227686703096539,2.4790528233151186,2.3916211293260474,20.0856102003643,38243.0,8501,16881,28.0,144.0,8473.0,16737.0,5024,7228,3142.0,9100.0,12242.0,3388,817.0,2446.0,2722.0,2626.0,22054,3.0,24.904677980283974,0.5496149360667312,0.008498339565410662,0.4278880317966687,9.82049525403342,26.779266793923075,18.55873231702534,16.690573438276285,1.1340898988050099,4.580215987239495,11.936443270663913,27.835983055722615,85.10000000000001,86.30000000000001,171.3,0.2151936563554114,3.6620636456344955,2.3096828177705717,5.980969066234343,77.0,11.842551578066573,23.506803859529846,0.022377951520539712,0.2108202808357085,11.797076589179717,23.324642418220325,6.999701906231205,10.07968517114243,4.370120021964805,12.68657270611615,17.05937034228486,4.712044034202337,1.1340898988050099,3.4067750960960175,3.796033260988939,3.683842794759826,30.745812305519966,109.85555526501582,95.36372669508145,0.0,0.0,0.0,38.232330099626076,61.767669900373924,9.97169678111027,8.754339356222054,1062.0,905.0,1463.0,354.0,3270.0,52.0,7584.0,711.0,1219.0,8.086991083335512,0.3017283685903303,0.3389430222524384,0.20896647752529876,0.14169236200088905,0.008498339565410662,0.6891026593102006,0.44028504562926546,0.4058396830792562,0.41138153387548043,0.5298339303924902,0.5852926025677903,0.0584736291608922,912.0,0.14918052977015403,0.4387731088042256,12.0,0.0,4,3,13,0.4996666666666666,0.6734666666666665,0.0,8,13,15,9,12,13,15,0,0,0,2,0.27546666666666664,0,0.0,0,0.0,0,0.0,0,0.06426666666666667,,,1998,2016,16,0.9915016604345891
Tim Duncan,duncati01,83,250.0,1976-04-25,Wake Forest,2000,2014,1997-10-31T00:00:00Z,True,15,NBA,SAS,C,1122,1120.0,34.258467023172905,7.59982174688057,15.09982174688057,0.503305394876638,0.02406417112299465,0.1265597147950089,0.19014084507042253,7.575757575757576,14.973262032085561,0.5059523809523809,0.5041022311415417,4.463458110516934,6.404634581105169,0.6969106596159198,2.799465240641711,8.245098039215685,11.044563279857398,3.107843137254902,0.7263814616755794,2.191622103386809,2.4376114081996434,2.328877005347594,19.68716577540107,38438.0,8527,16942,27.0,142.0,8500.0,16800.0,5008,7186,3141.0,9251.0,12392.0,3487,815.0,2459.0,2735.0,2613.0,22089,3.0,24.78935948800666,0.5492343774389926,0.00838352671835163,0.42365763046984756,9.75812737395286,27.09850408449972,18.687629429210677,16.886240178989542,1.1231957958270462,4.5905302044851455,11.968388053488736,27.720471928820437,83.9,86.20000000000002,170.0,0.21243155210989126,3.572969457307873,2.3239398511889275,5.906085124095947,76.70000000000002,11.779057182995993,23.38785576772985,0.022264425828607107,0.20515115250533333,11.733812893490816,23.21121806545606,6.9200894947707985,9.938417711639522,4.33097195483636,12.781102034445079,17.114738019668035,4.811551069254382,1.1231957958270462,3.3960195639731516,3.780225297882304,3.6298116447265723,30.5337946823456,109.83599562932514,95.73458556636662,0.0,0.0,0.0,33.95283313387793,66.04716686612207,9.755929028565482,8.315781258129977,1072.0,920.0,1450.0,352.0,3280.0,56.0,7807.0,718.0,1222.0,8.152905978458817,0.30269431291950677,0.3348439044695354,0.20290293459597272,0.15094861855455538,0.00838352671835163,0.6890568187730892,0.4405947499869921,0.40762859670118107,0.4048951558353712,0.5338594359748167,0.5312540975076747,0.055448332379416196,862.0,0.14112081794057962,0.38547791248243923,11.0,0.0,4,2,13,0.4681999999999999,0.6151333333333333,0.0,7,12,15,8,11,12,15,0,0,0,2,0.23479999999999995,0,0.0,0,0.0,0,0.0,0,0.06366666666666668,,,1998,2016,17,0.9916164732816484
Tim Duncan,duncati01,83,250.0,1976-04-25,Wake Forest,2001,2015,1997-10-31T00:00:00Z,True,15,NBA,SAS,C,1125,1123.0,33.59111111111111,7.393777777777777,14.648888888888889,0.5047330097087379,0.024888888888888887,0.12266666666666666,0.2028985507246377,7.368888888888889,14.526222222222222,0.5072818504467017,0.5055825242718447,4.248,6.128,0.6932114882506527,2.7102222222222223,8.114666666666666,10.82488888888889,3.096,0.7217777777777777,2.1733333333333333,2.3324444444444445,2.2826666666666666,19.060444444444446,37790.0,8318,16480,28.0,138.0,8290.0,16342.0,4779,6894,3049.0,9129.0,12178.0,3483,812.0,2445.0,2624.0,2568.0,21443,3.0,24.659528975919553,0.54943016671077,0.008372955808414923,0.41748311722677955,9.622400105848106,27.249886213283943,18.685919555437952,16.986620799153215,1.1336649907382907,4.665480285789893,11.859621593014024,27.320624503836996,82.10000000000001,84.50000000000001,166.60000000000002,0.21168782746758402,3.4806800740936756,2.3918549880920876,5.881868219105583,75.2,11.664265678750992,23.10134956337655,0.02264620269912675,0.205239481344271,11.625853400370469,22.931005557025667,6.712026991267531,9.682775866631383,4.269891505689335,12.804567345858691,17.077168563111933,4.879253770838846,1.1336649907382907,3.432275734321249,3.679486636676369,3.6192855252712355,30.10299550145541,110.0860545117756,95.86504366234453,0.0,0.0,0.0,29.58994442974332,70.41005557025669,9.5766657845991,7.836030695951309,1035.0,887.0,1439.0,337.0,3184.0,61.0,7817.0,704.0,1190.0,8.03744906059804,0.30986170944694363,0.3327827732204287,0.19617978301137864,0.1525132574755226,0.008372955808414923,0.6948428949457529,0.44121889388727176,0.3994252976978036,0.3981257475522625,0.5451010055570257,0.5232163270706537,0.05466094204816088,831.0,0.14654866366763694,0.41297962423921675,10.0,0.0,4,2,13,0.45139999999999997,0.5817333333333334,0.0,6,12,15,7,10,12,15,0,0,0,2,0.22119999999999995,0,0.0,0,0.0,0,0.0,0,0.06493333333333334,,,1998,2016,18,0.9916270441915852
Tim Duncan,duncati01,83,250.0,1976-04-25,Wake Forest,2002,2016,1997-10-31T00:00:00Z,True,15,NBA,SAS,C,1104,1101.0,32.7463768115942,7.093297101449275,14.053442028985508,0.5047373509506928,0.019021739130434784,0.10235507246376811,0.18584070796460178,7.074275362318841,13.951086956521738,0.5070770029866251,0.5054141153722205,4.041666666666667,5.763586956521739,0.7012415527267012,2.631340579710145,7.901268115942029,10.532608695652174,3.0806159420289854,0.7146739130434783,2.1114130434782608,2.239130434782609,2.2155797101449277,18.247282608695652,36152.0,7831,15515,21.0,113.0,7810.0,15402.0,4462,6363,2905.0,8723.0,11628.0,3401,789.0,2331.0,2472.0,2446.0,20145,3.0,24.40531090949325,0.5494863354724497,0.007296636423987607,0.4076655510068599,9.580645607435272,27.292061296747075,18.67507468466475,17.06303938924541,1.1476543483071475,4.673824408054879,11.949571254702366,26.78651803496349,77.50000000000001,80.99999999999999,158.6,0.21064535848639082,3.379528103562735,2.473904624917018,5.863188758574906,71.80000000000001,11.453894666961716,22.691840008851514,0.014892675370657228,0.17488935605222397,11.431301172825846,22.544647599026337,6.542058530648373,9.32511894224386,4.238504093826068,12.758884709006415,17.00900088515158,4.969794202257137,1.1476543483071475,3.4173074795308693,3.6136977207346757,3.59297410931622,29.510865235671602,110.31367559194513,96.03452091170612,0.0,0.0,0.0,25.61755919451206,74.38244080548795,9.60027107767205,7.259321752600134,1004.0,836.0,1367.0,313.0,2976.0,65.0,7617.0,672.0,1126.0,7.9349192299181235,0.31571802389909276,0.3351721343217526,0.1858047687541491,0.15587856826731578,0.007296636423987607,0.6927625304270857,0.4409853396769196,0.3976206019030758,0.3902235007745076,0.5525038448771853,0.47168142841336574,0.053039527550342996,768.0,0.14344323965479086,0.43169119274175705,10.0,0.0,4,2,12,0.4138666666666666,0.5166666666666667,0.0,5,11,15,6,9,11,15,0,0,0,2,0.1832666666666666,0,0.0,0,0.0,0,0.0,0,0.05733333333333334,,,1998,2016,19,0.9927033635760124
Tracy McGrady,mcgratr01,80,210.0,1979-05-24,,1998,2012,1997-10-31T00:00:00Z,True,15,NBA,"TOR, ORL, HOU, NYK, DET, ATL",SG,938,703.0,32.68443496801706,7.152452025586354,16.431769722814497,0.4352819048854863,1.152452025586354,3.4093816631130065,0.33802376485303315,6.0,13.022388059701493,0.4607449856733524,0.4703497047946539,4.138592750533049,5.545842217484009,0.7462514417531718,1.3859275053304905,4.2388059701492535,5.6247334754797444,4.436034115138593,1.211087420042644,0.8603411513859275,2.1631130063965887,1.7707889125799574,19.595948827292112,30658.0,6709,15413,1081.0,3198.0,5628.0,12215.0,3882,5202,1300.0,3976.0,5276.0,4161,1136.0,807.0,2029.0,1661.0,18381,4.0,22.132200404462132,0.516596614260552,0.19954964446474005,0.3352462978667884,4.752971491943375,14.951849435710093,9.835413268967315,26.245019244569118,1.9452149520516668,1.9391186639702527,10.653754321873572,29.31872920607998,60.9,36.3,97.29999999999997,0.1522206928044882,4.682047100267466,0.5235631808989497,5.201330810881336,55.7,11.520128514580207,26.469704481701353,1.8592373931763324,5.50285080566247,9.666700371844215,20.951591754191398,6.661148802922565,8.937905277578444,2.2339291538913173,6.8398297344901815,9.057339030595601,7.147158979711658,1.9452149520516668,1.3955443929806248,3.4765672907560834,2.8397155717920275,31.553669515297806,107.58072933655163,103.70904820927653,1.5503946767564747,53.09044947485159,42.13474460173527,3.330549938025964,0.0,1.9462293691695476,5.097400352273469,1082.0,613.0,798.0,144.0,2260.0,34.0,9425.0,476.0,692.0,14.049093221997524,0.2540958966664492,0.10091587840041749,0.11447625415878401,0.33088404331658955,0.19954964446474005,0.586198740948529,0.38234304259899543,0.3801560767173332,0.40808278426511846,0.4126158588296693,0.6835516015395655,0.05470223106530105,732.0,0.07840981146845846,0.38504553460760654,29.0,0.0,0,0,7,0.018266666666666667,0.25293333333333334,0.0,0,0,5,2,5,7,7,0,0,0,0,0.057066666666666675,0,0.0,0,0.0016666666666666668,1,0.04526666666666667,0,0.0,,,1998,2012,15,0.8004503555352599
Vince Carter,cartevi01,78,220.0,1977-01-26,UNC,1999,2013,1999-02-05T00:00:00Z,True,15,NBA,"TOR, NJN, ORL, PHO, DAL",SG,1067,950.0,34.92689784442362,7.577319587628866,17.08903467666354,0.44340243501151694,1.5585754451733833,4.1396438612933455,0.37649988680099616,6.018744142455483,12.949390815370197,0.4647897517550843,0.48900405835252825,4.114339268978444,5.152764761012183,0.7984721716987996,1.3402061855670102,3.6738519212746015,5.014058106841612,3.776944704779756,1.1424554826616682,0.6644798500468604,2.0965323336457358,2.8987816307403937,20.82755388940956,37267.0,8085,18234,1663.0,4417.0,6422.0,13817.0,4390,5498,1430.0,3920.0,5350.0,4030,1219.0,709.0,2237.0,3093.0,22223,5.0,20.26387420506078,0.5379879249738374,0.24793627069525317,0.2998341428073094,4.365996726326241,12.249298306812998,8.287334639225053,21.302959723079397,1.7223065983309631,1.4335658893927603,9.805355944937881,28.31753562132718,74.30000000000001,37.0,111.40000000000002,0.14343207126948773,3.7723750234792175,0.03340220570477903,3.808482035044409,54.39999999999999,11.501921270829419,25.920704644860066,2.3478627203692275,6.23577964418923,9.126777041350257,19.668148764322325,6.243368127297608,7.816607185982236,2.0299728982746124,5.562857219523976,7.592830117798589,5.727528376311483,1.7223065983309631,1.0219470308852339,3.192918667990448,4.3878686237153515,31.585177234550677,108.93286285453618,105.71387554673035,0.3165535191992916,62.1012155526337,36.16934553358199,1.349424423752918,0.0,2.515735100759385,9.6104811227091,1038.0,577.0,1509.0,340.0,2049.0,125.0,9159.0,423.0,680.0,13.863544154345668,0.2479645262564735,0.12827423726084738,0.12678908954302734,0.2488786325703706,0.24793627069525317,0.5919943381543993,0.4132582177261384,0.38740158853677514,0.40660678348136436,0.41962320551694526,0.8132141304639492,0.05127150025491722,868.0,0.1719919231491668,0.4116529637480881,35.0,0.0,0,0,8,0.004533333333333334,0.06893333333333333,0.06666666666666667,0,0,3,0,1,2,9,1,1,1,0,0.0034000000000000002,1,0.958,0,0.00013333333333333334,0,0.0006666666666666666,0,0.0,,,1999,2020,15,0.7520637293047469
Vince Carter,cartevi01,78,220.0,1977-01-26,UNC,2000,2014,1999-02-05T00:00:00Z,True,15,NBA,"TOR, NJN, ORL, PHO, DAL",SG,1098,901.0,34.134790528233154,7.3497267759562845,16.647540983606557,0.44149023469555226,1.6302367941712204,4.300546448087432,0.3790766624311732,5.719489981785064,12.346994535519126,0.46322932802242384,0.4904535259040429,3.959016393442623,4.941712204007286,0.8011426465167711,1.2777777777777777,3.5956284153005464,4.873406193078324,3.727686703096539,1.115664845173042,0.6074681238615665,2.0355191256830603,2.879781420765027,20.28870673952641,37480.0,8070,18279,1790.0,4722.0,6280.0,13557.0,4347,5426,1403.0,3948.0,5351.0,4093,1225.0,667.0,2235.0,3162.0,22277,5.0,20.065328175026682,0.539073719316969,0.2665459445037353,0.29443396478121664,4.26530416221985,12.251291355389542,8.240448239060834,21.242793489861256,1.716915688367129,1.3494183564567768,9.79165688367129,28.170488260405552,73.70000000000002,36.89999999999999,110.70000000000002,0.14175795090715046,3.7001200640341514,0.02567502668089648,3.7185245464247596,53.89999999999999,11.391512806830308,25.780608324439704,2.506382070437567,6.611782283884739,8.858004268943436,19.14688100320171,6.133143009605124,7.655597652081109,1.9717475987193172,5.553676627534685,7.530688367129136,5.768497865528282,1.716915688367129,0.9508164354322305,3.1625106723585916,4.445274813233725,31.407446638207045,109.02716115261472,106.01998399146211,0.31475453575240125,61.77790821771612,36.54943970117396,1.2947972251867663,0.0,2.5778281750266814,9.075034685165424,1056.0,563.0,1582.0,344.0,2000.0,134.0,9303.0,407.0,665.0,14.109191568836714,0.2441260939167556,0.12377035752401279,0.12033036286019212,0.24501824973319108,0.2665459445037353,0.5876236392742796,0.4100934898612593,0.38690458911419423,0.40304495731056567,0.4016507203842049,0.8090611259338315,0.04753062966915689,814.0,0.17370250800426895,0.4122342849519744,37.0,0.0,0,0,8,0.0034000000000000002,0.06780000000000001,0.0,0,0,2,0,1,2,8,0,0,0,0,0.0033333333333333335,0,0.0,0,0.0013999999999999998,0,0.0006666666666666666,0,0.0,,,1999,2020,16,0.7334540554962646
Vince Carter,cartevi01,78,220.0,1977-01-26,UNC,2001,2015,1999-02-05T00:00:00Z,True,15,NBA,"TOR, NJN, ORL, PHO, DAL, MEM",SG,1082,820.0,32.758780036968574,6.854898336414048,15.701478743068392,0.43657660839366647,1.6303142329020333,4.360443622920518,0.37388724035608306,5.224584103512015,11.341035120147874,0.4606796512101703,0.488492554005533,3.656192236598891,4.55822550831793,0.8021086780210868,1.1829944547134936,3.44547134935305,4.628465804066543,3.5582255083179297,1.0702402957486137,0.544362292051756,1.9408502772643252,2.7735674676524953,18.99630314232902,35445.0,7417,16989,1764.0,4718.0,5653.0,12271.0,3956,4932,1280.0,3728.0,5008.0,3850,1158.0,589.0,2100.0,3001.0,20554,4.0,19.44910988855974,0.5358318521653266,0.2871657215404147,0.2869847651290732,4.137768373536464,12.22919734800395,8.179376498800961,20.996106644096486,1.7213796022005925,1.2755452108901113,9.893101988997037,27.754571871914237,64.1,35.599999999999994,99.9,0.1351691070672873,3.3540358301594018,0.04828043447594866,3.3946282973621105,48.1,11.0902750740584,25.370839328537176,2.610746226548173,6.989090139652984,8.450844971081958,18.36736352094795,5.91799125405558,7.366858513189447,1.9044830018338272,5.553265622795881,7.463314995062774,5.749225560727888,1.7213796022005925,0.8946621526308365,3.1441388066017777,4.463264212159684,30.69023839751728,108.30244040062068,106.01698405981098,0.3328255043024404,62.01489631823953,36.41943856679362,1.166116518549866,0.0,2.3792128650021165,7.914171251234307,1017.0,532.0,1533.0,313.0,1807.0,140.0,8755.0,366.0,609.0,14.289662857948935,0.24303639441388064,0.12054250246861337,0.1110451967837495,0.23801997460854846,0.2871657215404147,0.5767115248977289,0.40887529976019193,0.3879556778106927,0.3976315418253633,0.38444703061080554,0.8116691493863731,0.04339703766398647,688.0,0.17636964310904216,0.40193680349837774,34.0,0.0,0,0,7,0.0034000000000000002,0.046400000000000004,0.0,0,0,2,0,1,1,7,0,0,0,0,0.0005333333333333334,0,0.0,0,0.0013999999999999998,0,0.0006666666666666666,0,0.0,,,1999,2020,17,0.7128342784595852
Vince Carter,cartevi01,78,220.0,1977-01-26,UNC,2002,2016,1999-02-05T00:00:00Z,True,15,NBA,"TOR, NJN, ORL, PHO, DAL, MEM",SG,1067,748.0,31.36925960637301,6.361761949390815,14.69165885660731,0.4330186272008165,1.556701030927835,4.2080599812558575,0.36993318485523385,4.8050609184629804,10.483598875351452,0.45834078312175935,0.48599770349578975,3.413308341143393,4.230552952202436,0.8068232166592822,1.063730084348641,3.3767572633552017,4.440487347703843,3.388003748828491,1.014058106841612,0.4901593252108716,1.844423617619494,2.7150890346766636,17.693533270852857,33471.0,6788,15676,1661.0,4490.0,5127.0,11186.0,3642,4514,1135.0,3603.0,4738.0,3615,1082.0,523.0,1968.0,2897.0,18879,4.0,18.752418511547308,0.5340064832242836,0.2975439634310299,0.2842987362194139,3.905371814406502,12.531062711003555,8.207863523647337,20.79276687281527,1.7019449672851126,1.2267067013235338,9.998960293985837,27.214543933554424,54.8,33.8,88.8,0.1271505781123958,2.863416091541932,0.024212004421738223,2.8883869618475697,41.199999999999996,10.74698395626064,24.78780735562129,2.5966896716560606,7.039490902572376,8.119918735621882,17.733082369812674,5.7698903528427605,7.138319739475965,1.7889366914642524,5.675220339995817,7.470051686534612,5.712557139015864,1.7019449672851126,0.8379432941949747,3.1166084072779427,4.562218039496878,29.840375250216606,107.75623674225449,106.25604254429207,0.44253234142989456,64.68477189208569,33.59609811478593,1.1169370499835678,0.0,1.9489468495115174,7.33648232798542,957.0,501.0,1508.0,298.0,1663.0,148.0,8261.0,344.0,566.0,14.384921275133696,0.24177960025096357,0.12154384392459143,0.10874984314779962,0.230270323563682,0.2975439634310299,0.5722293328553075,0.4123936243315109,0.3831962295718682,0.39409901108422224,0.37246998894565453,0.8167710854172266,0.045025723760867616,660.0,0.1768943563084461,0.4001325923934152,37.0,2.0,0,0,6,0.0011333333333333334,0.015533333333333335,0.0,0,0,1,0,0,0,6,0,0,0,0,0.00013333333333333334,0,0.0,0,0.0013999999999999998,0,0.0006666666666666666,0,0.0,,,1999,2020,18,0.7024560365689703
Vince Carter,cartevi01,78,220.0,1977-01-26,UNC,2003,2017,1999-02-05T00:00:00Z,True,15,NBA,"TOR, NJN, ORL, PHO, DAL, MEM",SG,1080,703.0,30.449074074074073,5.946296296296296,13.758333333333333,0.4321959755030621,1.5296296296296297,4.141666666666667,0.36932707355242567,4.416666666666667,9.616666666666667,0.4592720970537262,0.4877851806985665,3.2268518518518516,4.0018518518518515,0.8063396575659417,0.9564814814814815,3.350925925925926,4.307407407407408,3.2490740740740742,0.9703703703703703,0.4777777777777778,1.7259259259259259,2.6564814814814817,16.649074074074075,32885.0,6422,14859,1652.0,4473.0,4770.0,10386.0,3485,4322,1033.0,3619.0,4652.0,3509,1048.0,516.0,1864.0,2869.0,17981,4.0,18.239866200395316,0.535822228979778,0.3185548122244184,0.2851772236582028,3.6311540215903912,12.807213015052454,8.2040656834423,20.349147027520143,1.6729694389539305,1.2582241143378439,9.945893264406262,26.302587805990576,52.099999999999994,33.5,85.8,0.1250616086361563,2.5571597993005932,0.10657746693021136,2.664509654857838,38.599999999999994,10.323770716131975,23.85958643758553,2.6222016116770566,7.120471339516496,7.672434240535198,16.723609548426335,5.603329785616544,6.938373118443059,1.6506918047742132,5.787130910749582,7.4492929907252545,5.630597536870914,1.6729694389539305,0.8350554964269423,2.994894328721302,4.588772996807054,28.859793218792763,108.04324159951345,106.44254219248897,0.45041812376463436,61.143591303025694,36.52270031929451,1.7933100197658507,0.0,2.119157670670518,7.461958339668542,911.0,465.0,1527.0,282.0,1597.0,151.0,8047.0,326.0,545.0,14.625233389083169,0.24037898738026456,0.11916928690892503,0.10325038771476357,0.2185868024935381,0.3185548122244184,0.5674371293902996,0.4124106127413715,0.3727090466778166,0.39453094115858306,0.3719168617910902,0.8174740763265926,0.04333279610764786,611.0,0.1778402919264102,0.39614891287821197,38.0,2.0,0,0,5,0.0011333333333333334,0.015199999999999998,0.0,0,0,1,0,0,0,5,0,0,0,0,0.00013333333333333334,0,0.0,0,0.0015333333333333334,0,0.0006666666666666666,0,0.0,,,1999,2020,19,0.6814451877755816
Vince Carter,cartevi01,78,220.0,1977-01-26,UNC,2004,2018,1999-02-05T00:00:00Z,True,15,NBA,"TOR, NJN, ORL, PHO, DAL, MEM, SAC",SG,1095,665.0,29.625570776255707,5.644748858447489,13.134246575342466,0.42977332777082466,1.519634703196347,4.115981735159817,0.3692034612824495,4.125114155251142,9.018264840182649,0.45741772151898735,0.4876234181615909,3.0904109589041098,3.834703196347032,0.8059061681352703,0.9059360730593607,3.3059360730593608,4.211872146118721,3.136986301369863,0.9515981735159817,0.4575342465753425,1.6675799086757992,2.5972602739726027,15.899543378995434,32440.0,6181,14382,1664.0,4507.0,4517.0,9875.0,3384,4199,992.0,3620.0,4612.0,3435,1042.0,501.0,1826.0,2844.0,17410,4.0,17.838591245376083,0.5355900123304563,0.33356414919852034,0.2836645499383477,3.5415382244143037,12.988884093711464,8.244932182490752,20.01003390875462,1.6852496917385946,1.2606997533908755,10.048911837237977,25.854121454993837,49.0,33.6,82.8,0.12238135018495686,2.31902281134402,0.1392478421701603,2.4590536374845873,36.4,10.057549321824908,23.378141183723802,2.6741769420468557,7.256673859432799,7.3538378545006164,16.102586313193587,5.511350184956844,6.827478421701604,1.6065752157829838,5.855810727496917,7.47401356350185,5.579574599260172,1.6852496917385946,0.8196085080147965,2.970474722564736,4.600850801479654,28.287163995067825,107.84035141800247,106.48443279901356,0.456596794081381,59.16140567200986,37.08125770653514,3.209525277435265,0.0,2.0471331689272505,7.283560419235512,892.0,453.0,1532.0,276.0,1566.0,157.0,7888.0,316.0,529.0,14.75304254007398,0.24057355117139334,0.11822697287299629,0.09919331072749692,0.2083814734895191,0.33356414919852034,0.5639587854500615,0.40563538840937113,0.372000924784217,0.39588449445129476,0.3690654747225648,0.8224724106041924,0.042530672009864365,578.0,0.176567663378545,0.39571843403205925,40.0,2.0,0,0,4,0.0011333333333333334,0.0152,0.0,0,0,1,0,0,0,5,0,0,0,0,0.00013333333333333334,0,0.0,0,0.0015333333333333334,0,0.0006666666666666666,0,0.0,,,1999,2020,20,0.6664358508014797
Vince Carter,cartevi01,78,220.0,1977-01-26,UNC,2005,2019,1999-02-05T00:00:00Z,True,15,NBA,"TOR, NJN, ORL, PHO, DAL, MEM, SAC, ATL",SG,1098,601.0,28.219489981785063,5.254098360655738,12.197632058287796,0.43074740536100947,1.5428051001821494,4.171220400728598,0.36986899563318776,3.7112932604735884,8.026411657559198,0.46238511290139567,0.4939893974464272,2.8187613843351547,3.504553734061931,0.8043139293139293,0.8451730418943534,3.214025500910747,4.0591985428051,2.890710382513661,0.9089253187613844,0.4216757741347905,1.5036429872495447,2.5255009107468123,14.869763205828779,30985.0,5769,13393,1694.0,4580.0,4075.0,8813.0,3095,3848,928.0,3529.0,4457.0,3174,998.0,463.0,1651.0,2773.0,16327,4.0,17.385118605776988,0.5399614329514282,0.3631910924640955,0.27733090204937877,3.4603195094400516,13.212664192351136,8.31546232047765,18.83216072293045,1.675972244634501,1.2443634016459577,9.819935452638374,24.863843795384863,47.6,30.900000000000002,78.7,0.12187497176052928,2.096162659351299,0.11493303211231241,2.2209036630627725,33.00000000000001,9.734142326932385,22.57800225915766,2.8225367113119253,7.638163627561723,6.8896724221397445,14.92007100209779,5.236620945618848,6.500787477811844,1.5584573180571246,5.92604486041633,7.492383411328062,5.350166209456188,1.675972244634501,0.7798805873809909,2.7874519928997907,4.649720832660965,27.513348394384384,108.81349039857996,107.25302565757625,0.47803776020655153,56.05021784734549,37.65518799419074,5.7639825722123605,0.0,1.8818299177021138,6.638089398095853,812.0,398.0,1503.0,249.0,1472.0,171.0,7298.0,304.0,485.0,15.064327900597062,0.2402937227690818,0.1141529126996934,0.09149817653703404,0.19080071002097787,0.3631910924640955,0.5647816040019363,0.4004486687106665,0.3786853316120703,0.39534268194287564,0.37716359528804266,0.8228993061158624,0.042567694045505894,541.0,0.16954203646925933,0.39279380345328385,40.0,2.0,0,0,3,0.0011333333333333334,0.013466666666666665,0.0,0,0,1,0,0,0,4,0,0,0,0,0.00013333333333333334,0,0.0,0,0.0015333333333333334,0,0.0006666666666666666,0,0.0,,,1999,2020,21,0.6368089075359045
Vince Carter,cartevi01,78,220.0,1977-01-26,UNC,2006,2020,1999-02-05T00:00:00Z,True,15,NBA,"NJN, ORL, PHO, DAL, MEM, SAC, ATL",SG,1081,525.0,26.85753931544866,4.791859389454209,11.24514338575393,0.4261270154656137,1.506012950971323,4.13413506012951,0.3642873125978966,3.2858464384828863,7.111008325624422,0.46207883439573305,0.4930898321816387,2.5448658649398705,3.1609620721554115,0.8050921861281826,0.7770582793709528,3.089731729879741,3.866790009250694,2.6780758556891766,0.8436632747456059,0.4070305272895467,1.4024051803885291,2.42368177613321,13.634597594819612,29033.0,5180,12156,1628.0,4469.0,3552.0,7687.0,2751,3417,840.0,3340.0,4180.0,2895,912.0,440.0,1516.0,2620.0,14739,4.0,16.54967450831812,0.5377493541831709,0.3878709055213034,0.26971880274170773,3.330761547204905,13.271959494368474,8.28564047807667,17.827303413357214,1.620307925464127,1.2738125581235147,9.906613164330247,23.95835773085799,41.099999999999994,27.799999999999997,69.1,0.11424957806633831,1.6370474976750597,0.0085282265008783,1.6560431233424036,26.8,9.284565838873005,21.750277270691967,2.875083525643234,7.899855337030276,6.383057210760169,13.826307994351255,4.9528019839493,6.135683532531946,1.498598146936245,5.947966107532807,7.4549753728515835,5.184407398477595,1.620307925464127,0.783873523232184,2.7174732201288196,4.659098267488719,26.375252299107913,108.34836220852134,107.83380980263837,0.5101780732270176,56.2146522922192,34.94334033685806,8.185203044811077,0.12069024902696932,1.7052491991871321,6.3909068990459135,759.0,344.0,1435.0,226.0,1299.0,175.0,6672.0,270.0,440.0,15.416656907656805,0.23428681155926015,0.10764550683704746,0.08806471945716943,0.1821316433024489,0.3878709055213034,0.5577688147969551,0.4048194123927944,0.38240364412909444,0.39237891364998456,0.36682816105810634,0.8231115971480728,0.04067316501911618,473.0,0.17541170392312194,0.3943581441807599,38.0,2.0,0,0,2,0.0,0.006666666666666667,0.0,0,0,0,0,0,0,3,0,0,0,0,0.0,0,0.0,0,0.0015333333333333334,0,0.0,0,0.0,,,1999,2020,22,0.6121290944786967
Al Harrington,harrial01,81,230.0,1980-02-17,,1999,2013,1999-02-05T00:00:00Z,False,15,NBA,"IND, ATL, IND, GSW, NYK, DEN, ORL",PF,947,445.0,29.036958817317846,5.222808870116157,11.732840549102429,0.4451444514445144,0.9957761351636748,2.8278775079197467,0.35212845407020166,4.227032734952481,8.904963041182683,0.47468279378631567,0.487579875798758,2.2988384371700104,3.1626187961985215,0.7268781302170284,1.562829989440338,4.141499472016895,5.704329461457234,1.7117212249208025,0.8912354804646251,0.25976768743400214,1.9049630411826821,3.1647307286166844,13.740232312565999,27498.0,4946,11111,943.0,2678.0,4003.0,8433.0,2177,2995,1480.0,3922.0,5402.0,1621,844.0,246.0,1804.0,2997.0,13012,0.0,14.350770965161102,0.521479053022038,0.2255479671248818,0.2724643610444396,6.106927776565568,16.378140228380246,11.200952796567025,10.162233616990326,1.5852025601861952,0.6637064513782821,12.850094552331079,23.200174558149687,17.6,24.500000000000004,42.2,0.07346701578296605,-0.5289439231944141,-0.8852389264673795,-1.429860353480253,3.8000000000000003,9.277616553931196,20.816037530002184,1.7317223070768784,4.915484762528183,7.548679903993019,15.903807549639975,4.103640264746526,5.6293439522874404,2.7891119354134846,7.367986762673649,10.158837006327733,3.0446396101534656,1.5852025601861952,0.4600589133755182,3.3999563604625798,5.61789584697069,24.356844134118845,101.92835842606735,106.79769437777293,0.0,0.5173830824059932,30.69455960433486,57.74270856062259,11.37166339370136,-1.0943632264164667,-1.4061713579169393,602.0,493.0,1229.0,378.0,1298.0,166.0,3705.0,277.0,739.0,11.873278056585935,0.329510873518074,0.1299684704342134,0.14999047203432977,0.16511211724489053,0.2255479671248818,0.5947019783256964,0.3321435377118337,0.3820173103498436,0.4055963706451378,0.4993626809222489,0.8872113244599606,0.049419921448832636,504.0,0.289434213397338,0.32175401847407087,19.0,1.0,0,0,0,0.0,0.0,0.0,0,0,0,0,0,0,0,0,0,0,0,0.0,0,0.0,0,0.0362,0,0.0,0,0.0,,,1999,2014,15,0.7744520328751182
Al Harrington,harrial01,81,230.0,1980-02-17,,2000,2014,1999-02-05T00:00:00Z,False,15,NBA,"IND, ATL, IND, GSW, NYK, DEN, ORL, WAS",PF,960,445.0,29.009375,5.21875,11.73125,0.44485881726158766,1.0177083333333334,2.888541666666667,0.35232600072124054,4.201041666666667,8.842708333333333,0.4750854046413005,0.48823477179897,2.2864583333333335,3.140625,0.7280265339966833,1.5364583333333333,4.133333333333334,5.669791666666667,1.7125,0.8895833333333333,0.25416666666666665,1.903125,3.169791666666667,13.741666666666667,27849.0,5010,11262,977.0,2773.0,4033.0,8489.0,2195,3015,1475.0,3968.0,5443.0,1644,854.0,244.0,1827.0,3043.0,13192,0.0,14.31111350497325,0.5221285144888507,0.23105644726920177,0.27059154727279255,6.003755969693705,16.367664907177996,11.143448597795254,10.163912528277496,1.5828683256131277,0.6501705626772953,12.846572587884662,23.19789220438795,17.700000000000003,24.900000000000002,42.8,0.07346479227261302,-0.5453732629537864,-0.8763438543574276,-1.437197026823225,3.8000000000000007,9.276785521921791,20.82571367014974,1.7722826672411938,5.029089015763582,7.505418506948185,15.799838414305718,4.083651118532084,5.592739416137025,2.7418399224388668,7.358307300082588,10.101863621674028,3.047876045818522,1.5828683256131277,0.45023878774821363,3.397658802829545,5.6293295989084,24.376753204782936,101.93407303673382,106.79338575891414,0.0,0.5108621494488133,30.11810118855255,58.36055154583647,11.332686990556214,-0.9612122517864199,-1.2545800567345324,606.0,498.0,1252.0,384.0,1311.0,174.0,3759.0,281.0,740.0,11.94497109411469,0.3289882581062156,0.1285288161154799,0.14755614205177925,0.16398025063736582,0.23105644726920177,0.5952541204352041,0.3304334087399907,0.38242791482638516,0.39897770117418935,0.5023713957413193,0.8943781464325467,0.04920241301303458,509.0,0.2890409709504829,0.3261025530539697,19.0,1.0,0,0,0,0.0,0.0,0.0,0,0,0,0,0,0,0,0,0,0,0,0.0,0,0.0,0,0.0362,0,0.0,0,0.0,,,1999,2014,16,0.7689435527307983
Nazr Mohammed,mohamna01,82,221.0,1977-09-05,Kentucky,1999,2013,1999-02-05T00:00:00Z,False,15,NBA,"PHI, ATL, NYK, SAS, DET, CHA, OKC, CHI",C,897,353.0,16.92530657748049,2.599777034559643,5.326644370122631,0.4880703223105902,0.0,0.008918617614269788,0.0,2.599777034559643,5.317725752508361,0.4888888888888889,0.4880703223105902,1.1192865105908585,1.7435897435897436,0.6419437340153452,1.9286510590858417,3.0780379041248604,5.006688963210703,0.39241917502787066,0.46153846153846156,0.673355629877369,0.9721293199554069,2.2954292084726866,6.318840579710145,15182.0,2332,4778,0.0,8.0,2332.0,4770.0,1004,1564,1730.0,2761.0,4491.0,352,414.0,604.0,872.0,2059.0,5668,0.0,15.18763667500988,0.5175466341720458,0.001739230667896193,0.3265857594519826,13.33935581609801,20.992925833223556,17.186483994203662,3.993195889869582,1.4325121854828085,3.008160980108023,13.755717296798842,19.21751416150705,11.700000000000003,21.700000000000003,33.4,0.10551719141088131,-1.9105190357001713,-0.546126992491108,-2.4797523382953504,-1.9000000000000004,8.133355289158214,16.69534316954288,0.0,0.019694374917665656,8.133355289158214,16.662916611777103,3.5137465419575817,5.447049137136083,6.057818469239891,9.663627980503227,15.68938874983533,1.2306942431827164,1.4325121854828085,2.1129956527466733,3.0598010802265843,7.203642471347648,19.803688578579898,103.61467527335002,102.23751811355552,0.0,0.0,0.0,18.140297720985377,81.85970227901463,-2.7489658806481363,-3.344302463443551,223.0,278.0,1194.0,178.0,736.0,24.0,762.0,164.0,502.0,5.818337504940062,0.48026399683836124,0.2521584112765116,0.19657765775260178,0.06900744302463444,0.001739230667896193,0.6068205111316032,0.3799089052825715,0.394524239230668,0.30307713081280463,0.621944407851403,0.0,0.10607357396917402,422.0,0.0843103675405085,0.0,2.0,0.0,1,0,0,0.0,0.0,0.0,0,0,0,0,0,0,0,0,0,0,0,0.0,0,0.0,0,0.0,0,0.0,0,0.0,,,1999,2016,15,0.9982607693321038
Nazr Mohammed,mohamna01,82,221.0,1977-09-05,Kentucky,2000,2014,1999-02-05T00:00:00Z,False,15,NBA,"PHI, ATL, NYK, SAS, DET, CHA, OKC, CHI",C,951,354.0,16.427970557308097,2.4931650893796005,5.112513144058886,0.4876593994241053,0.0,0.008412197686645636,0.0,2.4931650893796005,5.10410094637224,0.488463123197363,0.4876593994241053,1.0599369085173502,1.6540483701366981,0.6408137317228226,1.8696109358569926,2.9978969505783386,4.867507886435331,0.3890641430073607,0.444794952681388,0.6624605678233438,0.943217665615142,2.2229232386961093,6.046267087276551,15623.0,2371,4862,0.0,8.0,2371.0,4854.0,1008,1573,1778.0,2851.0,4629.0,370,423.0,630.0,897.0,2114.0,5750,0.0,15.044799334314794,0.51576989054599,0.0016901363374511938,0.3220560071689176,13.320380208666707,21.036894322473277,17.20020482621776,4.065883633105037,1.4218011905523906,3.0505984766050056,13.975696089099406,19.013096076297764,11.500000000000002,22.7,34.2,0.10495609037956857,-1.995128976508993,-0.4743775203226013,-2.4919605709530828,-2.0,8.035338923382193,16.50654163732958,0.0,0.01913844972156436,8.035338923382193,16.475030403891697,3.4266978173206173,5.321212315176343,6.047116430903156,9.695532228125199,15.715093131920886,1.2573321385137297,1.4218011905523906,2.1401331370415413,3.0575113614542655,7.186999935991808,19.519951353773283,103.27683543493568,102.09742046982014,0.0,0.0,0.0,17.735134097164437,82.26486590283557,-2.8071305127056263,-3.461652691544517,238.0,285.0,1223.0,180.0,743.0,26.0,803.0,167.0,502.0,5.874051078538053,0.47929059719644124,0.24950009601228954,0.19704378160404531,0.07222927734750047,0.0016901363374511938,0.605425910516546,0.38294533700313643,0.3907277731549639,0.30273468603981313,0.6192232605773539,0.0,0.1041465147538885,425.0,0.0819304871023491,0.0,2.0,0.0,1,0,0,0.0,0.0,0.0,0,0,0,0,0,0,0,0,0,0,0,0.0,0,0.0,0,0.0,0,0.0,0,0.0,,,1999,2016,16,0.9983098636625489
Nazr Mohammed,mohamna01,82,221.0,1977-09-05,Kentucky,2001,2015,1999-02-05T00:00:00Z,False,15,NBA,"PHI, ATL, NYK, SAS, DET, CHA, OKC, CHI",C,946,351.0,16.4492600422833,2.4978858350951376,5.114164904862579,0.4884249689954527,0.0,0.008456659619450317,0.0,2.4978858350951376,5.105708245243129,0.48923395445134576,0.4884249689954527,1.0539112050739958,1.642706131078224,0.6415701415701416,1.8742071881606766,3.0063424947145876,4.880549682875264,0.39217758985200846,0.44714587737843553,0.6585623678646935,0.9365750528541226,2.2209302325581395,6.049682875264271,15561.0,2363,4838,0.0,8.0,2363.0,4830.0,997,1554,1773.0,2844.0,4617.0,371,423.0,623.0,886.0,2101.0,5723,0.0,15.090836064520277,0.5161931109825847,0.0016968703810809076,0.3191922755606966,13.340087397982133,21.058723732407945,17.2241244135981,4.092159886896729,1.427196195617248,3.0296189190926035,13.913289634342268,18.968305378831694,11.800000000000002,22.599999999999998,34.4,0.10589865689865689,-1.960356018250755,-0.471756313861577,-2.453434869224343,-1.9000000000000001,8.041353383458647,16.492352676563204,0.0,0.01921470342522974,8.041353383458647,16.46071589229484,3.4033481138744293,5.279024484287643,6.053679069468544,9.710269262900843,15.738326585695008,1.2661075766338923,1.427196195617248,2.1248184563974037,3.032896343422659,7.172643146327358,19.507897950003215,103.45157766210397,102.13842298052825,0.0,0.0,0.0,17.366236103078208,82.63376389692179,-2.7313411734464372,-3.3985219458903666,240.0,280.0,1221.0,180.0,735.0,26.0,806.0,168.0,499.0,5.878137651821862,0.4815479082321188,0.24440755735492578,0.19811869417132574,0.07371042992095622,0.0016968703810809076,0.6039351584088426,0.38442805732279417,0.38959231411862993,0.30531456847246324,0.6186051667630614,0.0,0.10369738448685817,422.0,0.08225692436218753,0.0,2.0,0.0,1,0,0,0.0,0.0,0.0,0,0,0,0,0,0,0,0,0,0,0,0.0,0,0.0,0,0.0,0,0.0,0,0.0,,,1999,2016,17,0.9983031296189192
Nazr Mohammed,mohamna01,82,221.0,1977-09-05,Kentucky,2002,2016,1999-02-05T00:00:00Z,False,15,NBA,"ATL, NYK, SAS, DET, CHA, OKC, CHI, OKC",C,893,329.0,16.425531914893618,2.452407614781635,5.010078387458007,0.4894948591864104,0.0,0.007838745800671893,0.0,2.452407614781635,5.002239641657335,0.49026192075218267,0.4894948591864104,1.019036954087346,1.601343784994401,0.6363636363636364,1.8577827547592385,2.9731243001119823,4.83090705487122,0.39417693169092943,0.4412094064949608,0.658454647256439,0.9238521836506159,2.230683090705487,5.923852183650616,14668.0,2190,4474,0.0,7.0,2190.0,4467.0,910,1430,1659.0,2655.0,4314.0,352,394.0,588.0,825.0,1992.0,5290,0.0,14.82356831197164,0.5161685983092447,0.001613648759203709,0.3179410280883556,13.283460594491407,20.894552767930197,17.11872784292337,4.098806926643032,1.4083856013089717,3.039971366239433,13.989616853013363,18.656660758112896,10.700000000000001,21.2,31.900000000000002,0.10431347150259065,-2.0785383146986636,-0.42353422416143993,-2.5246932097082087,-2.0,7.913041996182165,16.195254976820287,0.0,0.014166893918734661,7.913041996182165,16.16790973547859,3.3001840741750748,5.1594832287973835,6.015237251158985,9.627604308699212,15.615789473684211,1.2747954731388054,1.4083856013089717,2.129826833924189,2.9975934005999454,7.2187755658576505,19.149570493591494,103.46352604308699,102.34374147804745,0.0,0.0,0.0,17.055631306244887,82.94436869375511,-2.848016089446414,-3.8201936187619303,225.0,252.0,1154.0,171.0,675.0,26.0,765.0,154.0,460.0,5.9069880010908085,0.48122763839650945,0.24274843196073081,0.1981285110444505,0.07566948459230978,0.001613648759203709,0.6020814698663759,0.3881846877556585,0.39334210526315794,0.30661739841832564,0.6171536678483773,0.0,0.10447688846468502,391.0,0.0872647941096264,0.0,2.0,0.0,1,0,0,0.0,0.0,0.0,0,0,0,0,0,0,0,0,0,0,0,0.0,0,0.0,0,0.0,0,0.0,0,0.0,,,1999,2016,18,0.9983863512407964
Dirk Nowitzki,nowitdi01,84,245.0,1978-06-19,,1999,2013,1999-02-05T00:00:00Z,True,15,NBA,DAL,PF,1108,1077.0,36.078519855595665,7.918772563176895,16.674187725631768,0.4749120433017591,1.2093862815884477,3.1714801444043323,0.3813318155947638,6.709386281588448,13.502707581227437,0.49689191898937235,0.5111772665764547,5.562274368231047,6.3393501805054155,0.8774202733485194,1.1570397111913358,7.052346570397112,8.209386281588447,2.638086642599278,0.8700361010830325,0.9476534296028881,1.8871841155234657,2.509025270758123,22.609205776173287,39975.0,8774,18475,1340.0,3514.0,7434.0,14961.0,6163,7024,1282.0,7814.0,9096.0,2923,964.0,1050.0,2091.0,2780.0,25051,2.0,23.469651031894937,0.5801884177611007,0.19476993120700437,0.3797020637898687,3.7019412132582867,21.860610381488428,12.914954346466542,13.101463414634146,1.2565428392745466,1.9484002501563478,8.901075672295185,27.032170106316446,123.0,50.79999999999999,173.9,0.20880402751719823,4.700870544090056,0.47469918699186997,5.155587242026265,72.50000000000001,11.484580362726705,24.178684177611004,1.7511869918699186,4.5849505941213256,9.731392120075046,19.59654033771107,8.071897435897435,9.205515947467166,1.6676597873671044,10.218601626016259,11.911141963727331,3.8298686679174483,1.2565428392745466,1.3800475297060661,2.7445028142589116,3.63634521575985,32.79281801125703,116.50358974358974,103.39434646654159,0.0,0.0,0.9322826766729205,73.5960225140713,25.447729831144464,6.882111319574735,10.819622263914946,1002.0,622.0,1677.0,258.0,2676.0,100.0,6685.0,588.0,685.0,14.615689806128833,0.16399234521575984,0.08993225766103814,0.23749643527204503,0.3138317198248906,0.19476993120700437,0.643622363977486,0.39495051907442147,0.46162754221388363,0.47487509693558466,0.5613706566604127,0.9286292682926828,0.021823064415259538,373.0,0.11723999999999997,0.42049673545966226,20.0,0.0,1,1,11,0.0011333333333333334,0.44599999999999995,0.004733333333333333,0,0,1,4,9,12,13,0,0,1,1,0.1202,0,0.0,0,0.0,0,0.017,0,0.0,,,1999,2019,15,0.8052300687929956
Dirk Nowitzki,nowitdi01,84,245.0,1978-06-19,,2000,2014,1999-02-05T00:00:00Z,True,15,NBA,DAL,PF,1141,1133.0,36.498685363716035,8.125328659070991,17.013146362839613,0.477591180712961,1.2769500438212094,3.308501314636284,0.38596026490066226,6.848378615249781,13.70464504820333,0.49971222101426105,0.5151195137028642,5.610867659947415,6.373356704645048,0.8803630363036303,1.1226993865030674,7.143733567046451,8.266432953549518,2.709903593339176,0.8834355828220859,0.9360210341805434,1.8711656441717792,2.4890446976336547,23.138475021910605,41645.0,9271,19412,1457.0,3775.0,7814.0,15637.0,6402,7272,1281.0,8151.0,9432.0,3092,1008.0,1068.0,2135.0,2840.0,26401,2.0,23.723320926881982,0.5836796254052108,0.19859373274102532,0.3743270980910074,3.5566598631288264,21.917120902869488,12.86635850642334,13.27893864809701,1.2576948012966742,1.9126065554088125,8.656258854604395,27.13268819786289,131.5,52.39999999999999,184.00000000000003,0.21206850762396443,4.869292832272781,0.4717661183815584,5.32187777644375,77.30000000000001,11.629408092207948,24.34563332933125,1.8266322487693598,4.717545923880418,9.800854844519149,19.62447112498499,8.035877056069156,9.131403529835515,1.5983599471725296,10.214032897106495,11.83627566334494,3.8815175891463567,1.2576948012966742,1.3469948373154037,2.685270740785208,3.5567367030856043,33.11786528995077,117.21889782686998,103.67105294753271,0.0,0.0,0.8028814983791571,73.64113338936247,25.619089926761916,6.924610397406652,10.710875255132668,1018.0,659.0,1733.0,257.0,2749.0,113.0,7067.0,604.0,682.0,14.749881138191858,0.1566009845119462,0.08799985592508104,0.24330051626845964,0.31354969384079723,0.19859373274102532,0.6526456477368231,0.405488510025213,0.46585436426942006,0.47881282266778724,0.5577824468723737,0.9297800216112379,0.020831672469684235,374.0,0.11152793852803458,0.4077635970704766,20.0,0.0,1,1,12,0.0011333333333333334,0.44993333333333335,0.0,0,0,1,4,9,12,14,0,0,0,1,0.12059999999999998,0,0.0,0,0.0,0,0.017,0,0.0,,,1999,2019,16,0.8014062672589748
Dirk Nowitzki,nowitdi01,84,245.0,1978-06-19,,2001,2015,1999-02-05T00:00:00Z,True,15,NBA,DAL,PF,1136,1129.0,36.081866197183096,8.13644366197183,17.038732394366196,0.47752634841909486,1.2720070422535212,3.294894366197183,0.3860539674058242,6.86443661971831,13.743838028169014,0.49945558188688916,0.5148532754701385,5.605633802816901,6.349471830985915,0.8828504089837793,1.0765845070422535,7.160211267605634,8.236795774647888,2.6690140845070425,0.8661971830985915,0.909330985915493,1.8274647887323943,2.415492957746479,23.150528169014084,40989.0,9243,19356,1445.0,3743.0,7798.0,15613.0,6368,7213,1223.0,8134.0,9357.0,3032,984.0,1033.0,2076.0,2744.0,26299,2.0,23.917565688355417,0.5837718900192735,0.19649613310888286,0.3731693381151041,3.458120471345971,22.257617897484693,12.98940935372905,13.289175144550978,1.2490839005586865,1.8953402132279389,8.439896069677232,27.43362853448486,130.6,52.49999999999999,183.1,0.2144634170143209,4.947017492497987,0.48731854887896753,5.414847886018199,77.10000000000002,11.7788699407158,24.667381492595574,1.8405596623484348,4.752762936397571,9.936358535216765,19.90377662299641,8.117868208543756,9.203788821391106,1.5505940618214642,10.353714411183487,11.928573519724806,3.870921466734978,1.2490839005586865,1.321510649198565,2.656432213520701,3.493134743467759,33.51981995169436,117.35809607455658,103.6177755007441,0.0,0.0,0.7440532825880114,73.34170143209154,25.978360047817706,7.32270609187831,10.481665812779037,995.0,650.0,1695.0,248.0,2699.0,120.0,6947.0,587.0,651.0,14.773646588109004,0.15238844568054843,0.0863526311937349,0.24854273097660348,0.31619388128522286,0.19649613310888286,0.651601063700017,0.40843018858718183,0.4709641367196077,0.4772252555563689,0.5545313132791725,0.9300354485349729,0.01923742955427066,345.0,0.09797875039644784,0.4020846812559467,20.0,0.0,1,1,13,0.0011333333333333334,0.45013333333333333,0.0,0,0,1,4,9,12,15,0,0,0,1,0.1206,0,0.0,0,0.0,0,0.0032,0,0.0,,,1999,2019,17,0.8035038668911171
Dirk Nowitzki,nowitdi01,84,245.0,1978-06-19,,2002,2016,1999-02-05T00:00:00Z,True,15,NBA,DAL,PF,1129,1122.0,35.63153232949513,8.104517271922054,17.024800708591673,0.47604182924925864,1.2577502214348981,3.2728077945084144,0.38430311231393777,6.8467670504871565,13.75199291408326,0.49787453304135,0.5129805941418241,5.462356067316209,6.160318866253322,0.8867002156721783,1.0239149689991143,7.029229406554473,8.053144375553588,2.649247121346324,0.8476527900797166,0.8715677590788308,1.775022143489814,2.3560673162090344,22.929140832595216,40228.0,9150,19221,1420.0,3695.0,7730.0,15526.0,6167,6955,1156.0,7936.0,9092.0,2991,957.0,984.0,2004.0,2660.0,25887,2.0,23.71539972158696,0.5807427910907826,0.19399838421000298,0.36155640350004975,3.3227726956348813,22.154822511683403,12.856343840111366,13.40388286765437,1.2363677040867058,1.8583026747539024,8.237670279407379,27.602267077657352,124.5,50.8,175.3,0.20922921845480758,4.800994332305857,0.46357263597494286,5.244710152132843,73.90000000000002,11.876961320473303,24.946017699115043,1.8398379238341454,4.780366908620861,10.027366510887937,20.16048026250373,8.013918166451226,9.0391170329124,1.489204036989162,10.286305558317588,11.808001889231383,3.8834120513075474,1.2363677040867058,1.2790916774385996,2.610487719996023,3.454163766530774,33.60363179874714,116.87583275330616,104.03880381823605,0.0,0.0,0.5250820324152332,72.7625285870538,26.777717013025754,6.96925773093368,9.710452918365316,966.0,642.0,1653.0,235.0,2569.0,130.0,6884.0,550.0,614.0,14.886693347916875,0.14320995326638164,0.08436934473501044,0.2556868847568858,0.3226898428954957,0.19399838421000298,0.6523538580093468,0.4125739783235557,0.470713508004375,0.4783090136223526,0.5553962911404992,0.9318888336482054,0.017039847867157204,306.0,0.08329842398329523,0.3972256885751218,16.0,0.0,1,1,13,0.0,0.4449333333333333,0.0,0,0,0,4,9,11,15,0,0,0,1,0.12059999999999998,0,0.0,0,0.0,0,0.0010666666666666667,0,0.0,,,1999,2019,18,0.8060016157899971
Dirk Nowitzki,nowitdi01,84,245.0,1978-06-19,,2003,2017,1999-02-05T00:00:00Z,True,15,NBA,DAL,PF,1107,1100.0,35.01445347786811,7.99096657633243,16.839205058717255,0.4745453570087442,1.2285456187895212,3.2104787714543814,0.3826674169949353,6.762420957542909,13.628726287262873,0.49618877179028303,0.5110240866906282,5.26196928635953,5.917795844625113,0.8891772248511678,0.9566395663956639,6.893405600722674,7.8500451671183376,2.6079494128274616,0.8166214995483289,0.8536585365853658,1.7253839205058716,2.3044263775971094,22.47244805781391,38761.0,8846,18641,1360.0,3554.0,7486.0,15087.0,5825,6551,1059.0,7631.0,8690.0,2887,904.0,945.0,1910.0,2551.0,24877,2.0,23.440004127860483,0.5774801475710121,0.19192128686050414,0.35072214339155333,3.164108253141044,22.24296070792807,12.790462062382291,13.495085266118005,1.2116947447176285,1.875093521838962,8.128105570031734,27.692853641546915,114.89999999999999,49.599999999999994,164.4,0.20367604034983616,4.609328964680994,0.4773328861484483,5.0623797115657485,69.40000000000002,11.925179948917727,25.12309021955058,1.8295477412863446,4.77061221330719,10.085506049895514,20.343437991795877,7.860256443332216,8.84566445654137,1.4183277005237223,10.269871778333892,11.721921519052655,3.8944712468718565,1.2116947447176285,1.2745156213719975,2.5851680813188516,3.437179123345631,33.53596398441732,116.13304610304172,104.11374835530559,0.0,0.0,0.5449549805216584,75.48866128324863,24.034183844586053,6.656043445731534,9.554761229070456,915.0,629.0,1580.0,218.0,2382.0,134.0,6660.0,510.0,563.0,15.052287092696266,0.13293276747245944,0.0836919584118057,0.26184995227161323,0.32955671938288483,0.19192128686050414,0.6524494724078327,0.4186193596656433,0.47334766904878617,0.47509788189159197,0.5592077603776991,0.9319960785325457,0.014886148448182457,263.0,0.0810865818735327,0.4019965945151054,16.0,0.0,1,1,12,0.0,0.40706666666666663,0.0,0,0,0,4,8,10,14,0,0,0,1,0.11893333333333332,0,0.0,0,0.0,0,0.0010666666666666667,0,0.0,,,1999,2019,19,0.8080787131394959
Dirk Nowitzki,nowitdi01,84,245.0,1978-06-19,,2004,2018,1999-02-05T00:00:00Z,True,15,NBA,DAL,PF,1104,1097.0,34.007246376811594,7.701086956521739,16.222826086956523,0.4747068676716918,1.2228260869565217,3.171195652173913,0.3856041131105398,6.478260869565218,13.05163043478261,0.4963564438892359,0.5123953098827471,4.926630434782608,5.5353260869565215,0.8900343642611683,0.9057971014492754,6.645833333333333,7.551630434782608,2.5072463768115942,0.7572463768115942,0.822463768115942,1.638586956521739,2.256340579710145,21.55163043478261,37544.0,8502,17910,1350.0,3501.0,7152.0,14409.0,5439,6111,1000.0,7337.0,8337.0,2768,836.0,908.0,1809.0,2491.0,23793,2.0,22.919582356701476,0.5770624067760495,0.19891079799701686,0.3387248295333475,3.0866370125719156,22.155409652674194,12.690525783081185,13.35464787982101,1.1571995525250376,1.8761053696995524,8.02274131685489,27.353156296611974,106.69999999999997,46.5,153.10000000000002,0.1957291178350735,4.363243128063074,0.40693852546345616,4.745112401448966,64.2,11.8175047943746,24.89064830598764,1.8634828467930962,4.83601108033241,9.943567547411037,20.045304176432985,7.582447261879396,8.523654911570423,1.3867382271468145,10.179786383976134,11.593037502663542,3.8505646707862784,1.1571995525250376,1.2603265501811207,2.5272000852333263,3.4636879394843385,33.081664180694645,115.8519070956744,104.81800021308331,0.0,0.0,0.14750692520775624,71.94379927551672,27.978691668442362,5.638469529085873,8.155638717238439,858.0,608.0,1565.0,206.0,2200.0,137.0,6405.0,465.0,518.0,15.241625825697847,0.1259358619220115,0.08151214574898787,0.263905444278713,0.32978811527807367,0.19891079799701686,0.6538433304922225,0.4261409013424249,0.47008864265927974,0.481074712337524,0.5677704293628808,0.9376788568080119,0.013195876837843597,223.0,0.07304083209034734,0.40188203174941395,15.0,0.0,1,1,11,0.0,0.36773333333333336,0.0,0,0,0,4,7,9,13,0,0,0,1,0.11653333333333332,0,0.0,0,0.0,0,0.0005333333333333334,0,0.0,,,1999,2019,20,0.801089202002983
Dirk Nowitzki,nowitdi01,84,245.0,1978-06-19,,2005,2019,1999-02-05T00:00:00Z,True,15,NBA,DAL,PF,1078,1040.0,32.860853432282006,7.450834879406308,15.747680890538033,0.473138548539114,1.219851576994434,3.168831168831169,0.38495316159250587,6.2309833024118735,12.578849721706865,0.49535398230088495,0.511869698397738,4.73747680890538,5.3228200371057515,0.8900313698152666,0.8487940630797773,6.410018552875695,7.258812615955473,2.4081632653061225,0.6985157699443414,0.7625231910946196,1.5695732838589982,2.1808905380333954,20.85899814471243,35424.0,8032,16976,1315.0,3416.0,6717.0,13560.0,5107,5738,915.0,6910.0,7825.0,2596,753.0,822.0,1692.0,2351.0,22486,2.0,22.65518574977417,0.5759589826106594,0.2048601795392954,0.335401846205962,3.0155177280939474,22.114588979223125,12.65928748870822,13.378864611562783,1.1060128726287264,1.8170731707317072,7.916378726287262,27.479022696476964,97.19999999999999,44.8,141.90000000000003,0.1921670054200542,4.251075542005421,0.4043614498644987,4.628867434507678,59.50000000000001,11.82827743902439,24.993323735320683,1.9226400180668475,4.98628613369467,9.902786246612466,19.99714600271003,7.54698509485095,8.486170392953928,1.3448001355013548,10.158378500451672,11.531278229448962,3.8236675700090337,1.1060128726287264,1.2123193315266485,2.5056374209575427,3.461514792231255,33.12919207317073,115.39419602529358,105.0240514905149,0.0,0.0,0.15633468834688347,76.7730352303523,23.122374661246614,5.2794489611562785,7.905369241192411,785.0,585.0,1461.0,192.0,2041.0,138.0,6032.0,435.0,486.0,15.363809846431797,0.12104705849141824,0.08083211946702801,0.2666377597109304,0.3267008242999097,0.2048601795392954,0.6556592705510389,0.4263513154923215,0.4702585252935862,0.48050316169828367,0.5649513888888887,0.9364178240740741,0.011793727416440834,190.0,0.07162940379403794,0.4044109643179765,13.0,0.0,1,1,11,0.0,0.352,0.0,0,0,0,4,7,8,12,0,0,0,1,0.11633333333333334,0,0.0,0,0.0,0,0.0005333333333333334,0,0.0,,,1999,2019,21,0.7951398204607045
Paul Pierce,piercpa01,79,235.0,1977-10-13,Kansas,1999,2013,1999-02-05T00:00:00Z,True,15,NBA,BOS,SF,1102,1099.0,36.62431941923775,7.152450090744102,15.998185117967331,0.44707884288145205,1.6542649727767695,4.471869328493648,0.36992694805194803,5.498185117967332,11.526315789473685,0.47701149425287354,0.49878048780487805,5.838475499092559,7.240471869328494,0.8063667126206292,0.9147005444646098,5.120689655172414,6.035390199637024,3.9065335753176043,1.4364791288566243,0.6061705989110708,2.9156079854809436,2.834845735027223,21.797640653357533,40360.0,7882,17630,1823.0,4928.0,6059.0,12702.0,6434,7979,1008.0,5643.0,6651.0,4305,1583.0,668.0,3213.0,3124.0,24021,9.0,20.554682854311203,0.5700114469772053,0.2809935332011893,0.4517967294350844,2.9031962338949455,16.24393211100099,9.650842418235877,19.673357284440037,2.0430946481665018,1.2707358771060455,13.214449950445985,27.771164519326064,81.6,57.00000000000001,138.5,0.16459613478691773,3.552021803766105,0.6102279484638257,4.152616451932607,62.6,10.193369672943508,22.811541129831518,2.357547076313181,6.3878567888999,7.843882556987116,16.426456888007927,8.32332507433102,10.315069375619425,1.308387016848365,7.298069871159563,8.602497522299306,5.562224975222993,2.0430946481665018,0.881248761149653,4.158741328047572,4.059573835480673,31.070599603567885,109.45232903865212,102.40693756194251,0.07730426164519326,28.105525272547077,69.05498017839444,2.6960604558969274,0.07333994053518335,3.6605327056491572,7.021152130822595,1377.0,1023.0,1515.0,441.0,3157.0,141.0,9737.0,685.0,1050.0,13.935022299306244,0.27184640733399407,0.0852435332011893,0.1421839692765114,0.2198319375619425,0.2809935332011893,0.6110162041625371,0.328942814667988,0.409909539147671,0.4136438800792864,0.441388503468781,0.8573652626362734,0.02744720019821605,451.0,0.13601860753221007,0.3766496531219029,25.0,1.0,1,1,10,0.0033333333333333335,0.11546666666666668,0.06666666666666667,0,0,2,0,1,4,13,1,1,1,0,0.002666666666666667,0,0.017,0,0.0,0,0.00013333333333333334,0,0.0,,,1999,2017,15,0.7190064667988106
Paul Pierce,piercpa01,79,235.0,1977-10-13,Kansas,2000,2014,1999-02-05T00:00:00Z,True,15,NBA,"BOS, BRK",SF,1129,1120.0,36.16120460584588,7.014171833480956,15.67316209034544,0.4475275501554111,1.6395039858281666,4.449955713020372,0.3684315286624204,5.37466784765279,11.223206377325067,0.4788888011995896,0.49983046058208536,5.8024800708591675,7.16917626217892,0.8093649617000247,0.812223206377325,5.113374667847653,5.9255978742249775,3.8689105403011514,1.4056687333923827,0.5748449955713021,2.8813108945969885,2.812223206377325,21.47032772364925,40826.0,7919,17695,1851.0,5024.0,6068.0,12671.0,6551,8094,917.0,5773.0,6690.0,4368,1587.0,649.0,3253.0,3175.0,24240,9.0,20.415886934796454,0.572495272620389,0.2868289080487924,0.45696159310243484,2.635340224366825,16.455280948415226,9.625704208102679,19.702251016509088,2.0288958016949983,1.2299539509136335,13.31420663302797,27.681874295791896,81.60000000000001,57.3,138.79999999999998,0.16307632391123303,3.4423700582961834,0.6066869152010974,4.039533630529564,62.2,10.124361926223486,22.634414343800522,2.3665948170283637,6.436528192818301,7.765735070788223,16.200627051388818,8.37732327438397,10.34632342134914,1.1775216773624653,7.383174937539802,8.5556410130799,5.582080047028854,2.0288958016949983,0.8483417430069073,4.162641453975408,4.080017635820311,31.000734825846273,109.56708959976486,102.64782246607554,0.07642188801254103,27.71618576397394,66.80451183069613,5.337505511193847,0.07250281683241072,3.81632538088473,7.187672071719003,1406.0,1025.0,1552.0,448.0,3208.0,154.0,9909.0,693.0,1041.0,14.083086758438249,0.2682107235585166,0.08107776906873071,0.14331266839758977,0.2206567628472052,0.2868289080487924,0.6153330720619213,0.32922892274530935,0.41306846127467794,0.4130081075785038,0.442120511438789,0.8571777298780187,0.02668826238181551,437.0,0.12606517905256454,0.37845133003478176,25.0,1.0,1,1,10,0.0033333333333333335,0.11546666666666666,0.0,0,0,2,0,1,4,13,0,0,0,0,0.002666666666666667,0,0.0,0,0.0,0,0.00013333333333333334,0,0.0,,,1999,2017,16,0.7131710919512074
Paul Pierce,piercpa01,79,235.0,1977-10-13,Kansas,2001,2015,1999-02-05T00:00:00Z,True,15,NBA,"BOS, BRK, WAS",SF,1129,1121.0,35.56864481842339,6.843224092116918,15.280779450841452,0.44783213540459077,1.6589902568644819,4.470327723649247,0.37111155141668317,5.184233835252436,10.810451727192206,0.4795575583777141,0.5021156967308138,5.629760850310009,6.95659875996457,0.8092691622103387,0.7785651018600531,5.0566873339238265,5.83525243578388,3.8007085916740477,1.3117803365810452,0.5411868910540301,2.8051372896368467,2.7440212577502217,20.975199291408327,40157.0,7726,17252,1873.0,5047.0,5853.0,12205.0,6356,7854,879.0,5709.0,6588.0,4291,1481.0,611.0,3167.0,3098.0,23681,9.0,20.206897925641858,0.5742999228029982,0.2972253903429041,0.4535186144383296,2.5828049904126305,16.471890330452975,9.641126080135468,19.658562641631598,1.926924322036009,1.182326867046841,13.277239335607742,27.496336877754818,79.60000000000001,56.599999999999994,136.1,0.16259357023682047,3.3639465099484522,0.5732026794830292,3.9274671912742485,60.00000000000001,10.053736583908162,22.460995592300222,2.436329905122394,6.57605398809672,7.623841422417011,15.88296187464203,8.269913091117363,10.219563214383548,1.1514181836292554,7.433149886694721,8.57299599073636,5.584373832706627,1.926924322036009,0.813885499414797,4.1260178798217,4.050623801578803,30.82194387030904,109.71952586099559,102.68961824837513,0.07769504694075753,26.31257315038474,67.75219762432452,5.855392584107379,0.07371068555918021,3.7861020494558857,6.681910999327639,1385.0,1000.0,1525.0,421.0,3125.0,168.0,9722.0,674.0,1010.0,14.214826804791196,0.26830358343501753,0.07506330154144981,0.14185698632866,0.21757469432477528,0.2972253903429041,0.6137759045745449,0.32996060462683957,0.41355317877331466,0.4127680603630749,0.44486194187812833,0.8587863635231715,0.024548397539656847,392.0,0.12253913389944467,0.3851659486515427,25.0,1.0,1,1,10,0.0033333333333333335,0.11546666666666666,0.0,0,0,2,0,1,4,13,0,0,0,0,0.002666666666666667,0,0.0,0,0.0,0,0.00013333333333333334,0,0.0,,,1999,2017,17,0.7027746096570959
Paul Pierce,piercpa01,79,235.0,1977-10-13,Kansas,2002,2016,1999-02-05T00:00:00Z,True,15,NBA,"BOS, BRK, WAS, LAC",SF,1115,1077.0,34.32107623318386,6.442152466367713,14.471748878923767,0.4451536936043629,1.6152466367713005,4.3991031390134525,0.3671763506625892,4.826905829596413,10.072645739910314,0.47920933131510995,0.5009605850272683,5.255605381165919,6.441255605381166,0.8159287106655527,0.7147982062780269,4.8923766816143495,5.607174887892377,3.685201793721973,1.2340807174887893,0.5013452914798207,2.6573991031390136,2.6690582959641254,19.755156950672646,38268.0,7183,16136,1801.0,4905.0,5382.0,11231.0,5860,7182,797.0,5455.0,6252.0,4109,1376.0,559.0,2963.0,2976.0,22027,9.0,19.650010452597474,0.5724772917319954,0.3108108602487718,0.44145847705654856,2.4684801923277937,16.412378488554406,9.581815093550746,19.524521793665723,1.8763405456255884,1.1374725619316401,13.299521793665727,26.93138392390509,72.10000000000001,54.5,126.60000000000001,0.15863627573952122,3.0666091773805793,0.6000000000000002,3.656449252639281,54.60000000000001,9.810358524093239,22.044433991846976,2.46064074422494,6.697331974495662,7.356470157834221,15.336871537577089,8.006979721960906,9.808056339500368,1.0938904567785097,7.4495949618480175,8.531342113515207,5.610891606564231,1.8763405456255884,0.7868950559213966,4.048157729695829,4.078634890770357,30.085601546984428,109.40341799937285,102.82016306052054,0.0,25.24704714121459,67.31956203616599,7.43114351416327,0.07734922128148845,4.14226507787185,6.604818647433887,1326.0,921.0,1487.0,390.0,2862.0,173.0,9301.0,608.0,938.0,14.454489390613565,0.2624557071182189,0.07116185847183025,0.14076675028744642,0.21482996237064914,0.3108108602487718,0.6088997595902582,0.325985314100554,0.41356937911571023,0.4143084038883662,0.43571872060206956,0.8594158043273753,0.024715245113410684,377.0,0.11670001045259748,0.37895241455001566,23.0,1.0,1,1,10,0.0033333333333333335,0.11140000000000001,0.0,0,0,2,0,1,4,12,0,0,0,0,0.0024000000000000002,0,0.0,0,0.0,0,0.00013333333333333334,0,0.0,,,1999,2017,18,0.6891891397512282
Paul Pierce,piercpa01,79,235.0,1977-10-13,Kansas,2003,2017,1999-02-05T00:00:00Z,True,15,NBA,"BOS, BRK, WAS, LAC",SF,1058,1002.0,33.310964083175804,6.147448015122873,13.80718336483932,0.4452354874041621,1.5179584120982987,4.185255198487713,0.3626919602529359,4.629489603024575,9.621928166351607,0.481139489194499,0.5002053669222344,5.056710775047259,6.19281663516068,0.8165445665445665,0.6776937618147448,4.741965973534971,5.4196597353497165,3.6465028355387523,1.158790170132325,0.45179584120982985,2.5879017013232515,2.626654064272212,18.869565217391305,35243.0,6504,14608,1606.0,4428.0,4898.0,10180.0,5350,6552,717.0,5017.0,5734.0,3858,1226.0,478.0,2738.0,2779.0,19964,9.0,19.292083534318873,0.5724148341514627,0.311864426978407,0.4431476037794739,2.439900122010045,16.42057713588514,9.599778679454076,19.768691655080442,1.8180319496070143,1.0595096898674914,13.509721079363278,26.614113440967,64.6,49.199999999999996,113.80000000000001,0.15484987089634822,2.8525295803421957,0.5304854864795847,3.3805663536021333,47.80000000000001,9.652506880799026,21.68392021110575,2.3838804869052006,6.565210112646483,7.27517237465596,15.108387481201941,7.940110092784381,9.72169225094345,1.0675538404789604,7.443759044349232,8.498127287688334,5.722498084726045,1.8180319496070143,0.730340776891865,4.062384019521606,4.1386431348069115,29.625247566892714,109.30442924836137,103.22665493856937,0.0,20.4808330732344,70.91328774508413,8.60343898079051,0.08398830973526658,4.116213148710383,6.008370456544562,1229.0,839.0,1405.0,358.0,2608.0,174.0,8718.0,553.0,843.0,14.45633459126635,0.2612988962347133,0.07084564310643249,0.14280733762733025,0.21331254433504526,0.311864426978407,0.6088776778367334,0.3347481201940811,0.42027003944045627,0.4137199443861192,0.4270763839627727,0.8691794115143431,0.023854808046988054,328.0,0.11732224838975114,0.3898671792980166,17.0,0.0,1,1,9,0.0022,0.08706666666666668,0.0,0,0,1,0,1,3,11,0,0,0,0,0.0012666666666666668,0,0.0,0,0.0,0,0.00013333333333333334,0,0.0,,,1999,2017,19,0.6881355730215928
Antawn Jamison,jamisan01,81,223.0,1976-06-12,UNC,1999,2013,1999-02-06T00:00:00Z,False,15,NBA,"GSW, DAL, WAS, CLE, LAL",PF,1061,864.0,35.24033930254477,7.210179076343072,15.958529688972668,0.45180722891566266,1.0885956644674835,3.132893496701225,0.34747292418772563,6.121583411875589,12.825636192271443,0.4772927689594356,0.4859142452161588,3.301602262016965,4.557021677662583,0.7245087900723889,2.4015080113100846,5.234684260131951,7.636192271442035,1.6531573986804902,0.9792648444863337,0.3939679547596607,1.6088595664467484,2.4043355325164937,18.810556079170595,37390.0,7650,16932,1155.0,3324.0,6495.0,13608.0,3503,4835,2548.0,5554.0,8102.0,1754,1039.0,418.0,1707.0,2551.0,19958,0.0,18.21111527146296,0.52498288312383,0.19799176250334316,0.28599893019523936,7.357076758491576,17.184370152447176,12.139005081572614,8.551147365605777,1.4334367477935277,0.8289462423107784,8.186191495052153,24.432115538914147,65.4,22.600000000000005,87.79999999999998,0.1126381117945975,2.2472238566461624,-1.619962556833378,0.6118935544263172,24.599999999999998,10.576432201123295,23.422193099759294,1.5859909066595348,4.609630917357582,8.977483284300613,18.821029687082106,4.829572078095747,6.6920700722118225,3.5266622091468305,7.703265579031826,11.225033431398769,2.4249478470179193,1.4334367477935277,0.5855897298742979,2.367686547205135,3.5300481412142286,27.614370152447176,109.52580903985023,108.99791388071677,0.0,0.7208344477132923,40.33511634126772,57.67929927788179,1.487617009895694,-2.2900106980476065,3.2513773736293126,754.0,527.0,1402.0,245.0,1972.0,101.0,3946.0,482.0,817.0,11.934212356244988,0.24663067665151117,0.25406384059909065,0.10244463760363734,0.1988419363466168,0.19799176250334316,0.6721812516715701,0.43166584648301687,0.35125875902647774,0.36836496389408935,0.6705136400106981,0.9766422305429261,0.012342845680663279,199.0,0.22825282161005617,0.34349577427119554,9.0,0.0,0,0,2,0.0,0.0033333333333333335,0.025,0,0,0,0,0,0,6,0,1,1,0,6.666666666666667e-05,0,0.0,1,0.03753333333333333,0,0.00013333333333333334,0,0.0,,,1999,2014,15,0.8020082374966568
Antawn Jamison,jamisan01,81,223.0,1976-06-12,UNC,2000,2014,1999-02-06T00:00:00Z,False,15,NBA,"GSW, DAL, WAS, CLE, LAL, LAC",PF,1036,840.0,35.30888030888031,7.2403474903474905,16.05212355212355,0.45105231509320504,1.1196911196911197,3.238416988416988,0.34575260804769004,6.120656370656371,12.813706563706564,0.4776647834274953,0.48592904389657243,3.3117760617760617,4.543436293436294,0.728914382834077,2.341698841698842,5.241312741312742,7.583011583011583,1.666988416988417,0.974903474903475,0.3909266409266409,1.5888030888030888,2.391891891891892,18.91216216216216,36580.0,7501,16630,1160.0,3355.0,6341.0,13275.0,3431,4707,2426.0,5430.0,7856.0,1727,1010.0,405.0,1646.0,2478.0,19593,0.0,18.18712957900492,0.5252883542919627,0.2046765992345544,0.2829538545653363,7.175355385456534,17.19075997813012,12.051563696008749,8.597648988518316,1.422427556041553,0.8215882996172773,8.04063696008748,24.46391470749043,64.2,21.6,85.59999999999997,0.11222419354838713,2.254907053034445,-1.6462985237834884,0.5935784581738656,23.900000000000002,10.587430289775835,23.485587752870423,1.626172772006561,4.753512848551121,8.947334609075995,18.740729907053034,4.827875888463642,6.648553854565338,3.4231738655002735,7.685262438490979,11.10343357025697,2.438966648441771,1.422427556041553,0.5794860579551667,2.3283761618370695,3.497815746309458,27.678083652268995,109.66216511755057,109.21749589939859,0.0,0.7078731547293603,38.39382176052488,59.59876981957354,1.5273373428102788,-2.195552214324768,3.338562055768179,728.0,506.0,1369.0,238.0,1920.0,102.0,3890.0,469.0,785.0,12.064855112083107,0.24467607982504105,0.2485413067249863,0.10090210497539638,0.20117616183706943,0.2046765992345544,0.6718449152542373,0.43166014215418264,0.3521862493165665,0.3702628758884636,0.6745037998906507,0.9761250136686713,0.011372471295790049,182.0,0.22644715691634773,0.35171883542919635,9.0,0.0,0,0,2,0.0,0.0033333333333333335,0.0,0,0,0,0,0,0,6,0,0,0,0,6.666666666666667e-05,0,0.0,1,0.03753333333333333,0,0.00013333333333333334,0,0.0,,,1999,2014,16,0.7953234007654456
Rashard Lewis,lewisra02,82,215.0,1979-08-08,,1999,2013,1999-02-09T00:00:00Z,False,15,NBA,"SEA, ORL, WAS, MIA",SF,989,836.0,32.932254802831146,5.607684529828109,12.37917087967644,0.45299354733317,1.7603640040444894,4.5409504550050555,0.38766421732353595,3.8473205257836196,7.838220424671385,0.49084107327141385,0.524095401453892,2.505561172901921,3.1122345803842264,0.8050682261208577,1.409504550050556,3.9726996966632964,5.382204246713853,1.7269969666329625,1.0738119312436805,0.538928210313448,1.5591506572295248,2.366026289180991,15.48129423660263,32570.0,5546,12243,1741.0,4491.0,3805.0,7752.0,2478,3078,1394.0,3929.0,5323.0,1708,1062.0,533.0,1542.0,2340.0,15311,0.0,16.951688670555722,0.5621952410193427,0.36833662879950874,0.24868455634019038,5.0186245010746084,13.991212772490021,9.539272336505986,8.937092416334051,1.7350660116671786,1.2387595947190666,10.259972367209086,21.305376112987414,60.5,28.699999999999996,89.2,0.13145790604851093,2.2679029782007984,-0.31582437826220455,1.9829352164568617,32.6,8.990727663494011,19.857939821922017,2.8178507829290758,7.24771875959472,6.172876880564936,12.587617439361376,4.0307184525637085,4.987642001842185,2.254415105925699,6.365919557875346,8.61856002456248,2.764160270187289,1.7350660116671786,0.8637979735953331,2.504694504144919,3.7886122198342034,24.828888547743315,111.83840957936752,106.82505373042677,0.0,0.8435677003377341,49.94421246545901,48.10181148295978,1.4066318698188518,2.399953945348481,2.452615904206325,631.0,436.0,1109.0,292.0,1154.0,40.0,4003.0,285.0,508.0,14.688581516733189,0.18690770647835428,0.1785678231501382,0.12707031010132022,0.1390821000921093,0.36833662879950874,0.6573125268652134,0.44297813939207864,0.4014702179920172,0.40107473134786614,0.5247449800429843,0.9548229659195578,0.040377310408351234,467.0,0.33090273257599023,0.40789373656739325,25.0,0.0,1,0,2,0.0,0.0017333333333333335,0.0,0,0,0,0,0,0,3,0,0,0,0,0.0,0,0.0,0,0.0,0,0.0006666666666666666,0,0.0,,,1999,2014,15,0.6316633712004913
Rashard Lewis,lewisra02,82,215.0,1979-08-08,,2000,2014,1999-02-09T00:00:00Z,False,15,NBA,"SEA, ORL, WAS, MIA",SF,1029,835.0,32.45481049562682,5.466472303206997,12.076773566569486,0.452643437676028,1.7356656948493683,4.488824101068999,0.38666378003896945,3.7308066083576286,7.587949465500486,0.4916752049180328,0.5245030980928623,2.425655976676385,3.009718172983479,0.8059412334517275,1.3654033041788143,3.890184645286686,5.2555879494655,1.7113702623906706,1.075801749271137,0.5247813411078717,1.5131195335276968,2.3430515063168125,15.094266277939747,33396.0,5625,12427,1786.0,4619.0,3839.0,7808.0,2496,3097,1405.0,4003.0,5408.0,1761,1107.0,540.0,1557.0,2411.0,15532,0.0,16.82398191400167,0.5620913881902023,0.37524185531201343,0.24543630973769315,4.943250688705235,13.914151395376694,9.466783447119415,8.943214756258236,1.7634447239190323,1.2263025512037369,10.252682956042637,21.082441010899508,61.50000000000001,29.699999999999996,91.3,0.13121023475865376,2.2065756378009342,-0.2702539226254641,1.9664151395376686,33.300000000000004,8.892061923583663,19.655584501137863,2.819107078692059,7.27115522817104,6.072954844891603,12.362384716732544,3.9587046352856636,4.894038208168642,2.2156126482213443,6.3260180859983235,8.539899988022517,2.77941370223979,1.7634447239190323,0.8523266259432266,2.4658581866091747,3.8069828722002637,24.560827644029217,111.8125524014852,106.80898910049108,0.0,0.5578512396694215,50.14741286381602,48.21179183135705,1.371840939034615,2.496158222541622,2.3756707390106597,640.0,438.0,1151.0,298.0,1161.0,45.0,4134.0,287.0,506.0,14.783393220744998,0.1848192897352976,0.17713127320637204,0.12568651934363395,0.1371199245418613,0.37524185531201343,0.6597960534195711,0.44242523056653493,0.4069213079410708,0.39842358366271413,0.5261286082165529,0.9559403521379807,0.039204275961192955,463.0,0.33993888489639484,0.40928985507246374,25.0,0.0,1,0,2,0.0,0.0017333333333333335,0.0,0,0,0,0,0,0,3,0,0,0,0,0.0,0,0.0,0,0.0,0,0.0006666666666666666,0,0.0,,,1999,2014,16,0.6247581446879866
Shawn Marion,mariosh01,79,220.0,1978-05-07,"Vincennes University, UNLV",2000,2014,1999-11-02T00:00:00Z,False,15,NBA,"PHO, MIA, TOR, DAL",SF,1106,1038.0,35.25858951175407,6.482820976491863,13.371609403254974,0.4848197984988843,0.7043399638336347,2.119349005424955,0.33233788395904434,5.7784810126582276,11.252260397830018,0.513539574126155,0.5111569409696396,2.0840867992766725,2.5705244122965643,0.8107632782272247,2.4122965641952985,6.537974683544304,8.950271247739602,1.94122965641953,1.566003616636528,1.0904159132007234,1.5524412296564196,2.2396021699819166,15.754068716094032,38996.0,7170,14789,779.0,2344.0,6391.0,12445.0,2305,2843,2668.0,7231.0,9899.0,2147,1732.0,1206.0,1717.0,2477.0,17424,0.0,19.031290388757824,0.5429452507949533,0.15645866242691558,0.189999256333983,7.8826212944917415,20.707713611652473,14.393130064622012,9.100410298492154,2.285519027592574,2.2370499538414195,9.784749717919786,20.57409477895169,63.0,60.4,123.30000000000001,0.1517022002256642,1.7940481074982044,1.0153477279720997,2.819150682121243,47.3,9.460631859677916,19.534170171299625,1.013739870755975,3.093804492768489,8.42733357267412,16.43918607036619,3.034134270181557,3.7415555441583757,3.5268489075802645,9.526359113755257,13.055977536157556,2.822438198789619,2.285519027592574,1.5907964919478919,2.258972715150272,3.2721099599958974,22.976138578315723,110.16465791363217,101.30074879474817,0.0,1.32311006257052,63.51436044722536,35.03484972817725,0.27043799364037335,2.8022540773412654,2.181136526823264,806.0,550.0,1465.0,132.0,1197.0,58.0,4955.0,248.0,693.0,9.763537285875474,0.3391928659349677,0.2220373371627859,0.1736892501795056,0.10839514309159913,0.15645866242691558,0.6787665401579648,0.4247841829931275,0.4001011898656272,0.3475855215919581,0.6876716842753103,0.9749655862139707,0.10722592060724176,1456.0,0.5085344907169965,0.3266131398092112,15.0,0.0,1,0,4,0.06513333333333333,0.051333333333333335,0.040466666666666665,0,0,9,0,0,2,7,0,1,1,0,0.00013333333333333334,0,0.0,0,0.0,0,0.0037333333333333333,0,0.022733333333333335,,,2000,2015,15,0.8435413375730844
Shawn Marion,mariosh01,79,220.0,1978-05-07,"Vincennes University, UNLV",2001,2015,1999-11-02T00:00:00Z,False,15,NBA,"PHO, MIA, TOR, DAL, CLE",SF,1112,1024.0,34.92535971223022,6.35521582733813,13.116007194244604,0.48453890983887554,0.7077338129496403,2.129496402877698,0.33234797297297297,5.64748201438849,10.986510791366907,0.5140378161578129,0.5115186835790195,2.031474820143885,2.5107913669064748,0.8090974212034384,2.362410071942446,6.422661870503597,8.785071942446043,1.914568345323741,1.5476618705035972,1.0611510791366907,1.5278776978417266,2.1780575539568345,15.449640287769784,38837.0,7067,14585,787.0,2368.0,6280.0,12217.0,2259,2792,2627.0,7142.0,9769.0,2129,1721.0,1180.0,1699.0,2422.0,17180,0.0,18.866266704431343,0.5424523521384247,0.16045044673893452,0.18853768313721453,7.799456703658881,20.555918325308337,14.272806859438164,9.038043618199142,2.283065118315009,2.202742230347349,9.827242062981178,20.388142750469918,62.1,58.900000000000006,120.89999999999999,0.14929507943455986,1.766145685815073,0.987470710919999,2.760166851198599,46.599999999999994,9.366130236630017,19.35167752401061,1.028411051317043,3.139640033988207,8.320915621700955,16.21085305250148,2.9864896876689753,3.691925225944331,3.486829569740196,9.451152251718723,12.940762674768907,2.811190359708525,2.283065118315009,1.5660323917913328,2.245448927569071,3.212809949275176,22.7541905914463,110.14926487627778,101.6018487524783,0.028349254576821074,2.608028426500502,62.01271982902902,35.251049257151685,0.2715451759919664,2.711831500888328,2.1297448309601665,801.0,545.0,1445.0,129.0,1175.0,62.0,4919.0,247.0,689.0,9.6847980019054,0.34100391379354744,0.22603658881993977,0.16976542987357415,0.1025159512835698,0.16045044673893452,0.6757347632412389,0.4262120400648866,0.4001046939773927,0.3360961196796869,0.6886811803177383,0.9748630944717667,0.1050777094008291,1408.0,0.5145086386693102,0.32794736977624434,15.0,0.0,1,0,4,0.06513333333333333,0.051333333333333335,0.0,0,0,9,0,0,2,7,0,0,0,0,0.00013333333333333334,0,0.0,0,0.0,0,0.0037333333333333333,0,0.022733333333333335,,,2000,2015,16,0.8395495532610655
Andre Miller,millean02,75,200.0,1976-03-19,Utah,2000,2014,1999-11-02T00:00:00Z,False,15,NBA,"CLE, LAC, DEN, PHI, POR, DEN, WAS",PG,1184,935.0,32.5625,4.924831081081081,10.733108108108109,0.45884482215926975,0.1554054054054054,0.714527027027027,0.21749408983451538,4.769425675675675,10.01858108108108,0.47605800033721124,0.4660843563109852,3.3217905405405403,4.109797297297297,0.8082614056720099,1.1182432432432432,2.7592905405405403,3.8775337837837838,6.88597972972973,1.2652027027027026,0.1866554054054054,2.516891891891892,2.308277027027027,13.326858108108109,38554.0,5831,12708,184.0,846.0,5647.0,11862.0,3933,4866,1324.0,3267.0,4591.0,8153,1498.0,221.0,2980.0,2733.0,15779,9.0,17.603413394200338,0.5311321263682108,0.06715173522851067,0.3822933807127665,4.001229444415626,9.892978679255071,6.948205114903771,34.78876640556103,2.0225890958136636,0.4421901748197334,16.80392955335374,20.87697774549982,67.50000000000001,29.9,97.70000000000002,0.1215482180837267,1.6288737874150543,-0.19519375421486748,1.415772682471339,33.3,7.9059215645588,17.260704466462624,0.25688644498625307,1.154782901903823,7.66367432691809,16.093388494060285,5.337166052809047,6.610193494838407,1.7927400529127973,4.422345281942211,6.222472376407118,11.036419048607147,2.0225890958136636,0.30449499403434144,4.046109353115112,3.6903771333713755,21.415936089640507,109.80121388182809,107.61319188670436,81.96441354982622,17.57306634849821,0.6858432328681849,0.0,0.0,1.0219562172537218,4.204347149452716,1697.0,708.0,916.0,279.0,1883.0,183.0,17659.0,389.0,1047.0,10.067341910048246,0.3401921460808217,0.17026049177776625,0.2200451055662188,0.20229174664107485,0.06715173522851067,0.6055125278829694,0.4022290294132905,0.40525024640763607,0.3935109197489236,0.2999708720236552,0.6903956787881932,0.0017294962909166366,18.0,0.10842317269284639,0.24184520412927324,118.0,3.0,0,0,0,0.01126666666666667,0.004266666666666667,0.058333333333333334,0,0,7,0,0,0,3,1,1,1,0,0.0,0,0.017,0,0.0009333333333333333,0,0.0016,0,0.0,,,2000,2016,15,0.9328482647714893
Andre Miller,millean02,75,200.0,1976-03-19,Utah,2001,2015,1999-11-02T00:00:00Z,False,15,NBA,"CLE, LAC, DEN, PHI, POR, DEN, WAS, SAC",PG,1183,899.0,31.879966187658496,4.765004226542688,10.349112426035504,0.4604263660867434,0.1530008453085376,0.702451394759087,0.21780986762936222,4.6120033812341505,9.646661031276416,0.478093235191027,0.46781834517683574,3.182586644125106,3.9315300084530853,0.8095033326166415,1.0786136939983093,2.694843617920541,3.7734573119188504,6.729501267962807,1.2223161453930684,0.17751479289940827,2.4666103127641588,2.2333051563820794,12.86559594251902,37714.0,5637,12243,181.0,831.0,5456.0,11412.0,3765,4651,1276.0,3188.0,4464.0,7961,1446.0,210.0,2918.0,2642.0,15220,8.0,17.44397836347245,0.5324768255820119,0.06892729490374928,0.3781684785490799,3.9535742695020426,9.869491435541178,6.91598080288487,34.56211221297131,1.9998356048151877,0.43203054568595217,17.108691732513126,20.640465079280904,65.4,28.9,94.60000000000002,0.1202756536034364,1.5231638118470594,-0.2327650209471284,1.2720925916105423,31.2,7.82850665535345,17.032701384101397,0.2614758445139736,1.1604205334888897,7.5819960757278455,15.859468632338126,5.236095349207192,6.471938802566686,1.7715119053932225,4.416161107281116,6.195224585034736,11.031643421541071,1.9998356048151877,0.29572307365964895,4.053781089250677,3.656827703240176,21.155976560428492,109.86360502731081,107.80429018401655,81.79638860900461,17.730789627194145,0.7011189478708172,0.0,0.0,1.0949992045394281,3.900901521981228,1689.0,696.0,885.0,264.0,1794.0,197.0,17262.0,367.0,989.0,10.081147584451397,0.33820801293949193,0.1697929946438988,0.22133793816619823,0.20167367555814816,0.06892729490374928,0.6068762793657527,0.4067577557405737,0.4076644482155168,0.40039738558625443,0.3007479185448375,0.6961965583072599,0.0015460306517473617,16.0,0.11344659808028848,0.25387654451927666,119.0,3.0,0,0,0,0.01126666666666667,0.004266666666666667,0.0,0,0,7,0,0,0,3,0,0,0,0,0.0,0,0.0,0,0.0009333333333333333,0,0.0016,0,0.0,,,2000,2016,16,0.9310727050962508
Andre Miller,millean02,75,200.0,1976-03-19,Utah,2002,2016,1999-11-02T00:00:00Z,False,15,NBA,"CLE, LAC, DEN, PHI, POR, DEN, WAS, SAC, MIN, SAS",PG,1140,821.0,30.98859649122807,4.6,9.956140350877194,0.4620264317180617,0.1456140350877193,0.6798245614035088,0.21419354838709678,4.454385964912281,9.276315789473685,0.4801891252955083,0.46933920704845816,2.9947368421052634,3.713157894736842,0.8065201984408221,1.0473684210526315,2.5973684210526318,3.6447368421052633,6.483333333333333,1.1780701754385965,0.15964912280701754,2.3596491228070176,2.157017543859649,12.340350877192982,35327.0,5244,11350,166.0,775.0,5078.0,10575.0,3414,4233,1194.0,2961.0,4155.0,7391,1343.0,182.0,2690.0,2459.0,14068,8.0,17.177082684632154,0.532670846661194,0.06940377048716279,0.3713835876241968,3.95481642935998,9.789653805870863,6.878288561157188,34.001692756248765,1.9810909502646696,0.4047895377473321,17.11348260537266,20.365734424094885,59.9,27.4,87.60000000000002,0.11874339740142101,1.3659580490842698,-0.2388937639765618,1.1075211594531096,27.799999999999997,7.765097517479549,16.844821241543297,0.2575678659382342,1.1538313471282586,7.531567922552156,15.677311971013673,5.067554561666714,6.285781413649616,1.7711240694086678,4.375639029637387,6.146763099046057,10.926832168030117,1.9810909502646696,0.27539558977552586,3.9861635576188186,3.63187080703145,20.86486540040196,109.93500721827498,107.95230277125145,80.70385257734877,18.791377699776376,0.7484926543437032,0.0,0.0,1.3155490135024204,3.1752540549721178,1569.0,641.0,819.0,239.0,1637.0,201.0,16072.0,338.0,908.0,9.985133184250008,0.3458059557845274,0.16707481529708154,0.2180470178616922,0.19967186571177853,0.06940377048716279,0.6051595663373623,0.4143067059189855,0.4051338919240241,0.4039247034845868,0.30574370877798857,0.7136401336088544,0.001408639284400034,14.0,0.11895417103065643,0.2441847878393297,109.0,2.0,0,0,0,0.010133333333333334,0.004266666666666667,0.0,0,0,6,0,0,0,3,0,0,0,0,0.0,0,0.0,0,0.0009333333333333333,0,0.0016,0,0.0,,,2000,2016,17,0.9305962295128373
Jason Terry,terryja01,74,185.0,1977-09-15,Arizona,2000,2014,1999-11-02T00:00:00Z,False,15,NBA,"ATL, DAL, BOS, BRK",SG,1136,650.0,32.53169014084507,5.643485915492958,12.64612676056338,0.44626200751775025,1.716549295774648,4.524647887323944,0.37937743190661477,3.92693661971831,8.121478873239436,0.4835248211575981,0.5141305861060839,2.352992957746479,2.7808098591549295,0.8461538461538461,0.3987676056338028,2.171654929577465,2.5704225352112675,4.408450704225352,1.2341549295774648,0.18838028169014084,1.9639084507042253,1.9568661971830985,15.356514084507042,36956.0,6411,14366,1950.0,5140.0,4461.0,9226.0,2673,3159,453.0,2467.0,2920.0,5008,1402.0,214.0,2231.0,2223.0,17445,1.0,17.061678753111806,0.553892953782877,0.361022026193311,0.21934825197532198,1.4322383374824117,7.532803874878233,4.548368329905834,23.489260201320487,2.0009497781145145,0.4282416928238987,12.494874986470395,22.335493559909086,66.1,28.2,94.1,0.12219130858317998,2.208753652992748,-0.3524488581015261,1.8489717501894145,35.9,9.146774542699426,20.488075008117764,2.778658404589241,7.34164682324927,6.354962658296353,13.160839917740015,3.7960358263881377,4.502627448858101,0.6475322004545947,3.4995535231085615,4.16994804632536,7.138811018508497,2.0009497781145145,0.2995102283796948,3.1731978569109214,3.166213875960602,24.887712414763502,110.46384890139626,107.7024028574521,48.999485875094706,48.40718692499188,2.6802954865245154,0.0,0.0,1.477757333044702,2.6706597034311073,1312.0,544.0,878.0,146.0,1090.0,86.0,11031.0,205.0,604.0,16.39877421798896,0.14698113973373744,0.09494609806256088,0.1506647905617491,0.2465865353393224,0.361022026193311,0.5975959248836453,0.414317133888949,0.4471852743803442,0.470987958653534,0.38910609914492916,0.810470478406754,0.007267263773135619,103.0,0.25498460331204675,0.40211765342569544,22.0,2.0,1,0,0,0.0011333333333333334,0.0002,0.017866666666666666,0,0,1,0,0,0,1,0,1,1,0,0.0,0,0.0,1,0.12913333333333332,0,0.0021333333333333334,0,0.0,,,2000,2018,15,0.6389779738066891
Jason Terry,terryja01,74,185.0,1977-09-15,Arizona,2001,2015,1999-11-02T00:00:00Z,False,15,NBA,"ATL, DAL, BOS, BRK, HOU",SG,1132,641.0,32.42844522968198,5.609540636042403,12.554770318021202,0.4468055164649592,1.7932862190812722,4.687279151943463,0.38258575197889183,3.8162544169611308,7.8674911660777385,0.4850662474736133,0.5182240360258936,2.295936395759717,2.7093639575971733,0.8474078904466906,0.392226148409894,2.1475265017667846,2.5397526501766783,4.248233215547703,1.2173144876325088,0.19699646643109542,1.8984098939929328,1.9487632508833923,15.308303886925795,36709.0,6350,14212,2030.0,5306.0,4320.0,8906.0,2599,3067,444.0,2431.0,2875.0,4809,1378.0,223.0,2149.0,2206.0,17329,1.0,16.971195074777302,0.5579414040153641,0.3823410607752867,0.2136685281538587,1.4145740826500315,7.479141354981065,4.515383148546678,22.75726661036803,1.9752404042605354,0.45592633958974643,12.209035931243019,22.137546650685124,67.19999999999999,28.799999999999997,95.79999999999998,0.1252453076902122,2.239717780380833,-0.29713966602195646,1.935195728567926,36.4,9.108248658367158,20.37565719578305,2.9003650330981503,7.602835816829659,6.194641641014465,12.782186929635785,3.7157835953036042,4.399395243673213,0.6382385790950448,3.4655670271595516,4.1268217603312545,6.8942657114059225,1.9752404042605354,0.31291781307036426,3.07173990029693,3.153681658448882,24.852246043204662,111.07069111117164,107.61099457898608,48.15353183143098,49.235691519790784,2.6983301097823422,0.0,0.0,1.968852325042905,2.8198997521043885,1271.0,522.0,873.0,142.0,1056.0,90.0,10637.0,207.0,581.0,16.5840665776785,0.14220166716609003,0.093982456618268,0.14468054155656648,0.237040916396524,0.3823410607752867,0.5969524367321365,0.4186732408946035,0.4510213026778175,0.47253275763436764,0.39567280503418784,0.8141965185649295,0.007148410471546486,101.0,0.2733461821351712,0.4114324280149283,21.0,1.0,1,0,0,0.0011333333333333334,0.0002,0.0,0,0,1,0,0,0,1,0,0,0,0,0.0,0,0.0,1,0.12913333333333332,0,0.0021333333333333334,0,0.0,,,2000,2018,16,0.6176589392247133
Jason Terry,terryja01,74,185.0,1977-09-15,Arizona,2002,2016,1999-11-02T00:00:00Z,False,15,NBA,"ATL, DAL, BOS, BRK, HOU",SG,1122,571.0,31.085561497326204,5.262923351158645,11.783422459893048,0.4466379245140307,1.7816399286987523,4.681818181818182,0.38054445079002475,3.481283422459893,7.101604278074866,0.49021084337349397,0.522237349670978,2.070409982174688,2.443850267379679,0.8471918307804522,0.37076648841354726,2.022281639928699,2.393048128342246,4.018716577540107,1.177361853832442,0.19607843137254902,1.7459893048128343,1.8654188948306596,14.37789661319073,34878.0,5905,13221,1999.0,5253.0,3906.0,7968.0,2323,2742,416.0,2269.0,2685.0,4509,1321.0,220.0,1959.0,2093.0,16132,1.0,16.697846780205282,0.5596803715809393,0.4070743735305924,0.2048553242731808,1.399268880096336,7.351126784792706,4.444695796777339,22.247061184700957,1.9844400481678992,0.47493262228338784,12.045842651528183,21.58230689833133,63.4,27.6,90.8,0.125019668558977,2.128347382304031,-0.256634554733643,1.8639428866334076,33.9,8.904696370204714,19.929660530993747,2.9964848901886576,7.900464476174092,5.894274327656402,12.039053271403178,3.498841676701646,4.136988932851654,0.6277825563392396,3.401121050518952,4.056734904524341,6.7982223751361905,1.9844400481678992,0.3260594070760939,2.9472647514192327,3.147964332817249,24.325348357130572,111.49759160502322,107.82341303973851,50.985692986983196,46.70930099202936,2.433224382132003,0.0,0.0,2.521291358449453,2.798377200527553,1167.0,466.0,830.0,135.0,954.0,90.0,10033.0,190.0,498.0,16.824284649349156,0.14066167784850048,0.09155418888697746,0.13494549572796605,0.22602385457881757,0.4070743735305924,0.6037319513733586,0.4277508171340099,0.4499667985549629,0.47243399850908885,0.4007399506852457,0.8209595733700326,0.006903721543666495,92.0,0.2872737542290269,0.4176322610241414,21.0,0.0,1,0,0,0.0011333333333333334,0.0002,0.0,0,0,1,0,0,0,1,0,0,0,0,0.0,0,0.0,1,0.12913333333333332,0,0.0010666666666666667,0,0.0,,,2000,2018,17,0.5929256264694077
Jason Terry,terryja01,74,185.0,1977-09-15,Arizona,2003,2017,1999-11-02T00:00:00Z,False,15,NBA,"ATL, DAL, BOS, BRK, HOU, MIL",SG,1118,493.0,29.76386404293381,4.906976744186046,10.952593917710196,0.448019599836668,1.6994633273703041,4.454382826475849,0.3815261044176707,3.2075134168157424,6.498211091234347,0.49359944941500344,0.5256022866476112,1.8452593917710196,2.1744186046511627,0.8486219662690251,0.34973166368515207,1.9051878354203935,2.2549194991055455,3.723613595706619,1.0939177101967799,0.20304114490161002,1.6225402504472273,1.8175313059033988,13.358676207513417,33276.0,5486,12245,1900.0,4980.0,3586.0,7265.0,2063,2431,391.0,2130.0,2521.0,4163,1223.0,227.0,1814.0,2032.0,14935,1.0,16.16307849501142,0.5622866029570861,0.4230950835436951,0.194722502704652,1.386215290299315,7.2273350162279115,4.379618944584686,21.325706214689266,1.926803101334295,0.5243749248707777,12.0871048202909,20.919085827623515,58.00000000000001,26.399999999999995,84.3,0.12172130063709581,1.8791441278999883,-0.2395630484433225,1.6314370717634328,30.4,8.673070681572305,19.341303041230915,2.9840094963336936,7.847872340425532,5.674453059261931,11.516780863084504,3.2583874263733623,3.8462976319269147,0.6202037504507754,3.3476770044476503,3.984033537684818,6.5777076571703335,1.926803101334295,0.3526385382858518,2.8571583122971513,3.202347036903474,23.601244139920666,111.72664983772088,108.06815723043636,51.53963817766559,46.04438634451256,2.55036663060464,0.0,0.0,3.1660866690708023,2.8156178627238853,1078.0,424.0,794.0,131.0,851.0,93.0,9312.0,176.0,441.0,17.05551147974516,0.1346748707777377,0.09177515326361341,0.12981016348118765,0.22100598028609209,0.4230950835436951,0.6037327503305685,0.44005445366029566,0.4461465921384781,0.4723740233201106,0.42005730857074164,0.832911467724486,0.005898635653323717,75.0,0.30593938574347873,0.4222954982570021,21.0,0.0,1,0,0,0.0011333333333333334,0.0002,0.0,0,0,1,0,0,0,1,0,0,0,0,0.0,0,0.0,1,0.12913333333333332,0,0.0005333333333333334,0,0.0,,,2000,2018,18,0.5769049164563049
Jason Terry,terryja01,74,185.0,1977-09-15,Arizona,2004,2018,1999-11-02T00:00:00Z,False,15,NBA,"ATL, DAL, BOS, BRK, HOU, MIL",SG,1088,416.0,28.500919117647058,4.647977941176471,10.347426470588236,0.4491916859122402,1.6360294117647058,4.286764705882353,0.3816466552315609,3.0119485294117645,6.060661764705882,0.49696693964209887,0.5282465802096287,1.6654411764705883,1.974264705882353,0.8435754189944135,0.32996323529411764,1.7748161764705883,2.104779411764706,3.329044117647059,1.046875,0.20772058823529413,1.4613970588235294,1.7545955882352942,12.597426470588236,31009.0,5057,11258,1780.0,4664.0,3277.0,6594.0,1812,2148,359.0,1931.0,2290.0,3622,1139.0,226.0,1590.0,1909.0,13706,0.0,15.749034151375406,0.5626279467251442,0.43607829984843105,0.1850450514366797,1.3668322100035475,7.063981424747654,4.275016930568545,19.68174400980361,1.9173304524492891,0.56965397142765,11.700922312876905,20.468067335289756,52.10000000000001,25.599999999999998,77.6,0.12019703956915735,1.650198329517237,-0.12209681060337321,1.5193621206746426,27.4,8.567032151955887,19.06457157599407,2.9995227192105522,7.870115127866103,5.564394208133122,11.209577864490955,3.072549904866329,3.6464510303460282,0.6138056693218098,3.2533006546486507,3.874504176206908,6.129701054532556,1.9173304524492891,0.37954787319810385,2.6781740784933405,3.22239027379148,23.219771679189915,111.76848656841563,108.1518913863717,46.43110064819891,50.89754587377858,2.841820116740301,0.0,0.0,3.722441871714664,2.6838401754329393,946.0,367.0,750.0,116.0,757.0,94.0,8158.0,167.0,400.0,17.1990647876423,0.13053029765551938,0.09231142571511497,0.12889983553161985,0.2125415524525138,0.43607829984843105,0.6118171498597182,0.43348111838498493,0.45056764165242347,0.4734957592956883,0.43387306910896833,0.8448792931084526,0.005038214711857848,60.0,0.31829933245186876,0.42412418975136257,21.0,0.0,1,0,0,0.0011333333333333334,0.0002,0.0,0,0,1,0,0,0,1,0,0,0,0,0.0,0,0.0,1,0.12913333333333332,0,0.0005333333333333334,0,0.0,,,2000,2018,19,0.563921700151569
Metta World Peace,artesro01,79,260.0,1979-11-13,St. John's,2000,2014,1999-11-03T00:00:00Z,False,15,NBA,"CHI, IND, SAC, HOU, LAL, NYK",SF,931,833.0,32.964554242749735,4.932330827067669,11.83780880773362,0.41665910534434264,1.2019334049409238,3.523093447905478,0.3411585365853659,3.7303974221267455,8.314715359828142,0.44865004521379664,0.4674258234280011,2.7089151450053706,3.7841031149301827,0.7158671586715867,1.2191192266380235,3.4414607948442537,4.660580021482277,2.7851772287862513,1.8141783029001075,0.5467239527389903,1.900107411385607,2.686358754027927,13.775510204081632,30690.0,4592,11021,1119.0,3280.0,3473.0,7741.0,2522,3523,1135.0,3204.0,4339.0,2593,1689.0,509.0,1769.0,2501.0,12825,0.0,14.994099055066796,0.5081200716845877,0.30494493320299765,0.31395933528836756,4.29357771260997,11.975363310524601,8.163382209188661,14.624444444444444,2.9065004887585535,1.2415151515151517,12.28686542847833,21.35473769957641,20.199999999999996,40.900000000000006,61.2,0.09580172694688822,0.035454545454545495,1.2798533724340175,1.3252557836428807,25.700000000000003,7.8588986640599545,18.86448680351906,1.9073216031280549,5.6092179863147615,5.947168458781361,13.273773216031282,4.327201042684915,6.052401433691757,1.9428250244379277,5.471818181818181,7.43593678722711,4.441694362984686,2.9065004887585535,0.8546041055718475,3.041720430107527,4.291459758879114,21.954672531769308,102.22854349951125,103.17008797653959,0.0,6.201694362984686,82.52759856630824,11.211045943304008,0.16630824372759856,3.35237210817856,7.026533072662105,618.0,473.0,810.0,349.0,1514.0,87.0,5805.0,325.0,776.0,13.49987292277615,0.3105639947865755,0.1062698598892147,0.08295500162919517,0.19527217334636693,0.30494493320299765,0.5689525904203323,0.3076872922776149,0.3704348973607038,0.3648272075594656,0.4519304007820137,0.814763897034865,0.024968947539915288,241.0,0.27190720104268484,0.323668458781362,10.0,0.0,1,0,1,0.20326666666666662,0.009733333333333333,0.03333333333333333,2,4,11,0,0,1,1,0,1,1,0,0.0,0,0.0,0,0.0,0,0.0016,1,0.08553333333333334,,,2000,2017,15,0.6950550667970022
Metta World Peace,artesro01,79,260.0,1979-11-13,St. John's,2001,2016,1999-11-03T00:00:00Z,False,15,NBA,"CHI, IND, SAC, HOU, LAL, NYK, LAL",SF,894,775.0,32.48545861297539,4.852348993288591,11.676733780760626,0.415557045694032,1.2136465324384786,3.5492170022371363,0.341947683580208,3.6387024608501117,8.12751677852349,0.44770162400220204,0.4675256250598716,2.655480984340045,3.692393736017897,0.7191760072705241,1.221476510067114,3.3870246085011186,4.608501118568233,2.704697986577181,1.7807606263982103,0.5380313199105146,1.8098434004474273,2.6946308724832213,13.573825503355705,29042.0,4338,10439,1085.0,3173.0,3253.0,7266.0,2374,3301,1092.0,3028.0,4120.0,2418,1592.0,481.0,1618.0,2409.0,12135,0.0,14.980948281798774,0.5079538943598925,0.3124796501618346,0.3099582673369602,4.359696301907581,11.913576888644034,8.166978858205358,14.23660904896357,2.8865539563390947,1.242259486261277,11.906704083740792,21.246529164658078,20.299999999999997,38.6,58.99999999999999,0.0975475173886096,0.05722402038427101,1.277029818882997,1.3447662006748848,24.500000000000004,7.830087459541354,18.839215618759038,1.9523620962743613,5.7172749810619115,5.873066593209834,13.139463535569178,4.295048550375319,5.979085462433717,1.9699848495282695,5.449552372426141,7.442039115763377,4.370573651952345,2.8865539563390947,0.8520280972384823,2.9324908752840715,4.357947111080504,21.90236553956339,102.63873011500586,103.3422629295503,0.0,4.627091798085531,83.5312994972798,11.855622890985469,0.17574547207492597,4.10129811996419,7.01500929688038,571.0,441.0,791.0,321.0,1431.0,90.0,5432.0,301.0,729.0,13.484102334549961,0.30491174850216923,0.10723021830452446,0.08260288547620685,0.19270473796570486,0.3124796501618346,0.5642325253081744,0.3087813855795055,0.3783527649610908,0.36561321534329594,0.44606845258591,0.8090843605812272,0.02342528062805592,215.0,0.2732686454100957,0.3269709730734798,8.0,0.0,1,0,1,0.20326666666666662,0.009733333333333333,0.0,2,4,11,0,0,1,1,0,0,0,0,0.0,0,0.0,0,0.0,0,0.0016,1,0.08553333333333332,,,2000,2017,16,0.6875203498381655
Metta World Peace,artesro01,79,260.0,1979-11-13,St. John's,2002,2017,1999-11-03T00:00:00Z,False,15,NBA,"CHI, IND, SAC, HOU, LAL, NYK, LAL",SF,843,703.0,31.837485172004744,4.7805456702253855,11.497034400948992,0.41580685101114323,1.246737841043891,3.6334519572953736,0.3431276526281423,3.5338078291814945,7.863582443653618,0.4493890481218887,0.4700268262484523,2.578884934756821,3.602609727164887,0.7158379980243661,1.2313167259786477,3.3309608540925266,4.562277580071174,2.6109134045077105,1.7200474495848161,0.5195729537366548,1.7390272835112692,2.5776986951364176,13.386714116251483,26839.0,4030,9692,1051.0,3063.0,2979.0,6629.0,2174,3037,1038.0,2808.0,3846.0,2201,1450.0,438.0,1466.0,2173.0,11285,0.0,15.051972875293416,0.5093881292149484,0.3254371623383882,0.3065142516487201,4.481895748723872,11.871723983754984,8.226357166809494,13.914035545288572,2.8332203137225673,1.2269272327582994,11.658072208353515,21.219303997913485,20.099999999999998,36.699999999999996,56.9,0.10175706993554154,0.19641566377286782,1.3336562465069488,1.5332389433287383,23.90000000000001,7.855851559298037,18.880174373113753,2.0406684302693843,5.9563657364283324,5.800741458325572,12.933965497969375,4.242870449718693,5.9355937255486415,2.0261708707477926,5.457654905175304,7.499370319311449,4.291165840754126,2.8332203137225673,0.8374976712992288,2.8687581504526998,4.237792019076716,21.99018964939081,103.28820000745185,103.33000484369761,0.0,4.890420656507321,82.95126495025895,12.085435373896196,0.19017101978464176,5.031405790081599,7.018622154327657,528.0,396.0,703.0,296.0,1329.0,90.0,4971.0,280.0,666.0,13.633618987294609,0.30211229926599353,0.10731513841797384,0.07934569097209285,0.18571314132419245,0.3254371623383882,0.5656492790342412,0.3098140392712099,0.382102500093148,0.36405350422892063,0.43428629978762257,0.8029649390811879,0.022882857036402252,199.0,0.2830039122172957,0.31467778233168153,8.0,0.0,1,0,1,0.20326666666666665,0.009733333333333333,0.0,2,4,11,0,0,1,1,0,0,0,0,0.0,0,0.0,0,0.0,0,0.0016,1,0.08553333333333334,,,2000,2017,17,0.674562837661612
Elton Brand,brandel01,81,275.0,1979-03-11,Duke,2000,2014,1999-11-03T00:00:00Z,False,15,NBA,"CHI, LAC, PHI, DAL, ATL",PF,1005,863.0,34.028855721393036,6.493532338308458,12.953233830845772,0.5013058841603933,0.001990049751243781,0.01890547263681592,0.10526315789473684,6.491542288557214,12.934328358208955,0.501884760366182,0.5013827008757106,3.5890547263681594,4.872636815920398,0.7365734122932408,3.2507462686567163,5.582089552238806,8.832835820895522,2.1333333333333333,0.909452736318408,1.7860696517412935,2.02089552238806,3.0139303482587065,16.578109452736317,34199.0,6526,13018,2.0,19.0,6524.0,12999.0,3607,4897,3267.0,5610.0,8877.0,2144,914.0,1795.0,2031.0,3029.0,16661,1.0,20.71785724728793,0.5485383490745345,0.0015298400538027428,0.3725129682154449,11.098526272698033,18.96177666013626,15.044167958127431,11.744694289306706,1.4127167461036874,3.933261206468025,11.748223632269948,23.045358051405017,66.00000000000001,42.800000000000004,108.8,0.15264130530132455,2.0292991023129336,0.32516447849352326,2.3558057253136058,37.4,10.118965466826515,20.14701891868183,0.0,0.021971402672592764,10.109903798356676,20.108912541302377,5.581660282464399,7.579768414281119,5.059618702301238,8.670814936109242,13.719012251820228,3.3121026930612008,1.4127167461036874,2.778493523202433,3.146302523465599,4.663996023275534,25.779446767449343,110.37270095616832,103.40273107400802,0.0,0.0,1.4251293897482382,68.62399485365069,30.03918243223486,-1.9068013684610665,2.9022164390771663,501.0,760.0,1526.0,318.0,2198.0,50.0,4857.0,603.0,807.0,8.36220942132811,0.29893909178630956,0.26882689552326094,0.31331822567911344,0.11758794116787041,0.0015298400538027428,0.6475887306646393,0.46352761776660134,0.43541901809994443,0.3806238194099243,0.6303819994736688,0.18059007573320857,0.046357642036316836,580.0,0.22935854849557005,0.0,1.0,0.0,0,0,2,0.0044,0.03793333333333334,0.06666666666666667,0,0,2,0,1,1,6,1,1,1,0,0.0027333333333333333,1,0.479,0,0.0,0,0.0012000000000000001,0,0.0003333333333333333,,,2000,2016,15,0.9984701599461974
Elton Brand,brandel01,81,275.0,1979-03-11,Duke,2001,2015,1999-11-03T00:00:00Z,False,15,NBA,"CHI, LAC, PHI, DAL, ATL",PF,960,787.0,33.00625,6.185416666666667,12.298958333333333,0.5029219954264419,0.0020833333333333333,0.01875,0.1111111111111111,6.183333333333334,12.280208333333333,0.5035202307235559,0.503006690946049,3.3875,4.566666666666666,0.7417883211678832,3.0697916666666667,5.4375,8.507291666666667,2.0947916666666666,0.9010416666666666,1.7583333333333333,1.896875,2.941666666666667,15.760416666666666,31686.0,5938,11807,2.0,18.0,5936.0,11789.0,3252,4384,2947.0,5220.0,8167.0,2011,865.0,1688.0,1821.0,2824.0,15130,1.0,20.555418796945023,0.5490782364451177,0.001630593953165436,0.36696310673483556,10.824231521807738,18.97565486334659,14.922871299627595,11.657482799974757,1.4387900018935809,3.998822823960109,11.682951461213152,22.495512213595916,61.70000000000001,40.300000000000004,102.00000000000001,0.15436852237581267,1.9160638767910123,0.45760903869216685,2.3735877043489237,34.8,9.919466010225335,19.683497443665974,0.0,0.025247743482926212,9.909685665593637,19.650299816953865,5.419604872814491,7.309111279429401,4.9185602474278864,8.689487470807295,13.595720507479644,3.3450482863094115,1.4387900018935809,2.8115792463548575,3.0369216688758445,4.685943318815881,25.224673357318693,110.75541248500915,103.40399545540618,0.0,0.0,1.5381556523385722,70.32664268131036,28.230511897999115,-0.7654737107870984,3.69417723915925,468.0,684.0,1460.0,274.0,1997.0,52.0,4557.0,554.0,690.0,8.433620526415451,0.293517673420438,0.25690929748153757,0.3218512592312062,0.12621454270024618,0.001630593953165436,0.6518608849334089,0.46345799406678023,0.44068629678722465,0.377286183172379,0.6327687306696965,0.19491257968819037,0.04622776620589534,532.0,0.21556311935870734,0.0,1.0,0.0,0,0,2,0.0044,0.03793333333333333,0.0,0,0,2,0,1,1,6,0,0,0,0,0.0027333333333333333,0,0.0,0,0.0,0,0.0012000000000000001,0,0.0003333333333333333,,,2000,2016,16,0.9983694060468346
Elton Brand,brandel01,81,275.0,1979-03-11,Duke,2002,2016,1999-11-03T00:00:00Z,False,15,NBA,"LAC, PHI, DAL, ATL, PHI",PF,903,714.0,32.120708748615726,5.970099667774086,11.80952380952381,0.5055326331582896,0.0022148394241417496,0.018826135105204873,0.11764705882352941,5.967884828349945,11.790697674418604,0.5061519676904292,0.5056264066016504,3.24031007751938,4.342192691029901,0.7462382045396583,2.9579180509413066,5.33001107419712,8.287929125138428,1.9811738648947952,0.8892580287929125,1.7475083056478404,1.7862679955703211,2.893687707641196,15.182724252491694,29005.0,5391,10664,2.0,17.0,5389.0,10647.0,2926,3921,2671.0,4813.0,7484.0,1789,803.0,1578.0,1613.0,2613.0,13710,1.0,20.499968970867094,0.5509075676607481,0.0016895362868470955,0.362978451991036,10.735197379762111,18.975349077745218,14.89725564557835,11.133408033097744,1.4570487846922946,4.088819169108774,11.528053783830373,22.0709360455094,57.50000000000001,38.6,96.10000000000001,0.158797276331667,1.836293742458197,0.6302189277710741,2.4564006205826576,32.5,9.817066023099466,19.37041199793139,0.0,0.02913290811928978,9.80638165833477,19.34261334252715,5.312563351146354,7.128574383726944,4.857703844164798,8.73260127564213,13.576062747802103,3.2436579900017244,1.4570487846922946,2.8642303051198073,2.93549043268402,4.722523702809861,24.908926047233237,111.39469057059128,103.1562833994139,0.0,0.0,1.4799517324599207,69.69101878986382,28.933149456990176,-0.023533873470091362,3.449305292191002,407.0,613.0,1380.0,240.0,1810.0,55.0,4061.0,510.0,597.0,8.536273056369591,0.2907762799517324,0.25006595414583693,0.3268335459403551,0.1307694535424927,0.0016895362868470955,0.6555357007412514,0.46575749008791584,0.4410340286157559,0.3894952249612137,0.6310390967074643,0.21292880537838305,0.046292742630580926,483.0,0.14305578348560594,0.0,1.0,0.0,0,0,2,0.0044,0.03793333333333333,0.0,0,0,2,0,1,1,6,0,0,0,0,0.0027333333333333333,0,0.0,0,0.0,0,0.0012000000000000001,0,0.0003333333333333333,,,2000,2016,17,0.9983104637131529
Jamal Crawford,crawfja01,77,185.0,1980-03-20,Michigan,2001,2015,2000-10-31T00:00:00Z,False,15,NBA,"CHI, NYK, GSW, ATL, POR, LAC",SG,1021,427.0,31.186092066601372,5.416258570029383,13.19686581782566,0.4104200682796497,1.7786483839373164,5.088148873653281,0.3495668912415784,3.6376101860920667,8.10871694417238,0.4486049039739099,0.4778091138488942,3.0166503428011753,3.515181194906954,0.8581777653942603,0.3917727717923604,2.0470127326150833,2.4387855044074436,3.6503428011753183,0.9725759059745348,0.21939275220372184,1.9931439764936336,1.5768854064642508,15.627815866797258,31841.0,5530,13474,1816.0,5195.0,3714.0,8279.0,3080,3589,400.0,2090.0,2490.0,3727,993.0,224.0,2035.0,1610.0,15956,0.0,15.628450739612449,0.5288642002449672,0.3838554693633994,0.266593009013536,1.4437077981219182,7.60973587512955,4.493605728463301,20.18017022078452,1.6290034860714175,0.5474451179297133,12.066150560597972,24.240780754373297,38.7,15.199999999999998,53.99999999999999,0.08147366602807701,1.6973085016174114,-1.3536478125687006,0.3352187431299268,18.9,9.05005496058541,22.035495116359414,2.9642285104111052,8.503743601017556,6.08272981376213,13.547511070632202,5.030551804277503,5.863732294839986,0.6479319116861907,3.4224113564272485,4.067739706667504,6.0901667661191565,1.6290034860714175,0.3711661065921297,3.336424735404039,2.646801293929211,26.087490970760975,105.88345215288464,110.49599572877736,27.148707641091676,62.9440658270783,9.845356615684182,0.06903049527338966,0.0,-2.2175842467259197,-0.1643447127916836,1057.0,508.0,705.0,181.0,1280.0,70.0,8181.0,286.0,468.0,16.92234226311988,0.14455924751107066,0.10763038221161396,0.10735008322602933,0.25688031154800417,0.3838554693633994,0.5490039885681983,0.41207025533117686,0.4107558807826387,0.42106237241292677,0.30027866587104673,0.7676417197952325,0.007911434942369901,92.0,0.2662350742753054,0.386306805690776,60.0,4.0,0,0,0,0.0,0.0,0.0012,0,0,0,0,0,0,0,0,0,1,0,0.0,0,0.0,2,0.16719999999999996,0,0.0,0,0.0,,,2001,2020,15,0.6161445306366006
Jamal Crawford,crawfja01,77,185.0,1980-03-20,Michigan,2002,2016,2000-10-31T00:00:00Z,False,15,NBA,"CHI, NYK, GSW, ATL, POR, LAC",SG,1039,424.0,31.681424446583254,5.584215591915303,13.579403272377286,0.41122687646183287,1.8209817131857555,5.218479307025986,0.34894872740686095,3.763233878729548,8.360923965351299,0.4500978473581213,0.47827627755333474,3.1742059672762273,3.6823869104908566,0.861996863565081,0.39557266602502406,2.0548604427333976,2.4504331087584217,3.627526467757459,0.9643888354186718,0.2136669874879692,1.985563041385948,1.6015399422521654,16.163618864292587,32917.0,5802,14109,1892.0,5422.0,3910.0,8687.0,3298,3826,411.0,2135.0,2546.0,3769,1002.0,222.0,2063.0,1664.0,16794,0.0,15.750660752802503,0.5316438010754321,0.38266573503053136,0.2729714737065954,1.4292037548986845,7.4680377920223595,4.426196190418325,19.691065406932587,1.5830816903119966,0.5234863444420816,11.621894461828235,24.485618373484833,41.8,16.299999999999997,58.19999999999999,0.08509065224655953,1.7407904730078683,-1.3584318133487256,0.37419266640337817,19.8,9.153604520460554,22.2449433423459,2.981189051250114,8.557532581948537,6.175878725278731,13.70265516298569,5.196056748792417,6.0311844943342345,0.6430962724428106,3.3670565361363427,4.007634353069842,5.93914390740347,1.5830816903119966,0.35608044475498984,3.261393808670292,2.6359388765683387,26.480487286204703,106.45985357110308,110.47899261779628,23.71018015007443,63.41252240483641,12.688276574414436,0.1959473828113133,0.0,-1.6466111735577362,-0.4771060546222317,1065.0,521.0,713.0,186.0,1382.0,78.0,8306.0,307.0,482.0,16.886444694230946,0.1419216514263147,0.11066145152960478,0.11050654676914663,0.25451110368502605,0.38266573503053136,0.5582092535771791,0.42085235592550974,0.41138287207218155,0.4208436674058996,0.2932522101042015,0.7596846614211503,0.0073027311115836805,90.0,0.2702181547528632,0.3847271318771455,65.0,4.0,0,0,0,0.0,0.0,0.0,0,0,0,0,0,0,0,0,0,0,0,0.0,0,0.0,3,0.20219999999999996,0,0.0,0,0.0,,,2001,2020,16,0.6173342649694687
Jamal Crawford,crawfja01,77,185.0,1980-03-20,Michigan,2003,2017,2000-10-31T00:00:00Z,False,15,NBA,"CHI, NYK, GSW, ATL, POR, LAC",SG,1098,419.0,31.505464480874316,5.530054644808743,13.47176684881603,0.4104921579232017,1.8051001821493624,5.178506375227687,0.3485754484699261,3.724954462659381,8.293260473588342,0.4491544036898748,0.4774878312601406,3.1530054644808745,3.6575591985428053,0.8620517928286853,0.38524590163934425,2.0200364298724955,2.40528233151184,3.577413479052823,0.9517304189435337,0.2103825136612022,1.9717668488160291,1.6038251366120218,16.018214936247723,34593.0,6072,14792,1982.0,5686.0,4090.0,9106.0,3462,4016,423.0,2218.0,2641.0,3928,1045.0,231.0,2165.0,1761.0,17588,0.0,15.523059578527446,0.5309047784233804,0.3828863642933542,0.27330133263955136,1.3993929407683636,7.361521116988986,4.360509351602926,19.38170728182002,1.5658688173908015,0.5181770878501432,11.628329430809702,24.41579221229729,41.89999999999999,17.5,59.499999999999986,0.08288454311565924,1.5829300725580318,-1.347258115803775,0.22790159858930997,19.599999999999998,9.091391321943746,22.140305842222418,2.9647847830485934,8.521591073338536,6.129902003295465,13.633220593761743,5.1784320527274295,6.012574798369612,0.6285375654034053,3.321550602723094,3.94908218425693,5.8783482207383,1.5658688173908015,0.34919203307027435,3.2480126037059525,2.648775763882867,26.32845951493077,106.24377764287573,110.58049316335675,21.261151099933514,61.93362819067441,16.438296765241525,0.3735148729511751,0.0,-1.5093920735408897,-1.232521030266239,1119.0,556.0,750.0,192.0,1450.0,87.0,8679.0,322.0,497.0,16.9216893591189,0.13987124562772815,0.11153690052900878,0.11104948978116959,0.25503428439279624,0.3828863642933542,0.5583524990605038,0.4158616772179344,0.41186685167519443,0.42127968086028966,0.2875084554678692,0.7492758072442403,0.007073627612522765,92.0,0.26610635099586616,0.37997869511172777,69.0,6.0,0,0,0,0.0,0.0,0.0,0,0,0,0,0,0,0,0,0,0,0,0.0,0,0.0,3,0.20486666666666664,0,0.0,0,0.0,,,2001,2020,17,0.6171136357066459
Jamal Crawford,crawfja01,77,185.0,1980-03-20,Michigan,2004,2018,2000-10-31T00:00:00Z,False,15,NBA,"CHI, NYK, GSW, ATL, POR, LAC, MIN",SG,1098,388.0,31.19672131147541,5.5063752276867035,13.411657559198543,0.4105663452397121,1.8214936247723132,5.24408014571949,0.3473428273706148,3.68488160291439,8.167577413479053,0.4511596788581623,0.47847344832269456,3.151183970856102,3.6429872495446265,0.865,0.38524590163934425,1.941712204007286,2.3269581056466304,3.441712204007286,0.9180327868852459,0.19581056466302368,1.9362477231329691,1.5664845173041895,15.985428051001822,34254.0,6046,14726,2000.0,5758.0,4046.0,8968.0,3460,4000,423.0,2132.0,2555.0,3779,1008.0,215.0,2126.0,1720.0,17552,0.0,15.408460325801364,0.5323601331231389,0.38964228995153855,0.27403657966952766,1.4110176913645123,7.1764056752496055,4.275979447655749,18.71423775325509,1.5229666608279324,0.4950954633035558,11.480501547264552,24.51010684883518,41.199999999999996,16.7,57.999999999999986,0.08159403281368599,1.53363694750978,-1.4347112745956676,0.09590412798505282,18.299999999999997,9.130034448531559,22.23078180650435,3.015785017808139,8.70381561277515,6.117577509196006,13.541615577742746,5.2222630933613585,6.044245927482921,0.634635371051556,3.225994044491154,3.853798096572663,5.706641560109768,1.5229666608279324,0.33223273194371455,3.216564488818824,2.6143662054066676,26.50542710340398,106.44044491154318,111.05024230746774,16.217930752612833,66.47273311146144,16.89052373445437,0.37721142056402174,0.0,-1.7064722368190581,-2.3779996496759503,1104.0,540.0,734.0,191.0,1442.0,98.0,8372.0,327.0,491.0,17.089192503065338,0.13347042681146726,0.10875818882466282,0.11129993577392419,0.2571530332223974,0.38964228995153855,0.5643608921585801,0.4130786477491681,0.41570508553745555,0.4249561219127693,0.2869145209318619,0.7500382145150931,0.0063294797687861275,82.0,0.26898899398610376,0.38443162842295786,69.0,6.0,0,0,0,0.0,0.0,0.0,0,0,0,0,0,0,0,0,0,0,0,0.0,0,0.0,3,0.20486666666666664,0,0.0,0,0.0,,,2001,2020,18,0.6103577100484615
Jamal Crawford,crawfja01,77,185.0,1980-03-20,Michigan,2005,2019,2000-10-31T00:00:00Z,False,15,NBA,"NYK, GSW, ATL, POR, LAC, MIN, PHO",SG,1082,315.0,30.179297597042513,5.27818853974122,12.796672828096119,0.4124656940632674,1.7578558225508318,5.026802218114603,0.3496966354109211,3.520332717190388,7.769870609981516,0.45307481860354465,0.4811497905532284,3.098890942698706,3.5767097966728283,0.8664082687338501,0.355822550831793,1.822550831792976,2.178373382624769,3.3299445471349354,0.8595194085027726,0.18299445471349354,1.878003696857671,1.510166358595194,15.413123844731977,32654.0,5711,13846,1902.0,5439.0,3809.0,8407.0,3353,3870,385.0,1972.0,2357.0,3603,930.0,198.0,2032.0,1634.0,16677,0.0,15.228615177313653,0.5359668034544006,0.3918274330862988,0.2811051632265572,1.3597721565504992,6.977255466405341,4.156666870827464,18.291164941507926,1.4650241930544496,0.4801555705273473,11.645375757946958,24.2700832976052,39.39999999999999,14.6,54.09999999999999,0.07987471672689413,1.404428247687879,-1.5658081705150977,-0.1645495192013229,15.3,9.024091994855148,21.861183928462054,2.993115697923685,8.591958106204446,6.022150425675262,13.275984565443743,5.296851840509585,6.121103080786426,0.5993813927849575,3.1165492742083662,3.7210816439027377,5.674398236050713,1.4650241930544496,0.32401237214430084,3.2089024315550922,2.595470692717584,26.34211122680223,106.91627365713235,111.86589698046181,18.179549212960126,65.38466956574999,16.033533410914437,0.39569424879034726,0.0,-1.8200679855454152,-3.0484014209591472,1070.0,507.0,695.0,178.0,1395.0,104.0,7982.0,320.0,453.0,17.146943712868254,0.1295531634715502,0.10903359465915356,0.11414371899307894,0.25574474796349606,0.3918274330862988,0.5684787162369082,0.40934087707478417,0.4220451399522264,0.4263764929258283,0.26879892203099165,0.7503253506461688,0.0053483493599559015,62.0,0.2722421449133337,0.39360112084277576,66.0,5.0,0,0,0,0.0,0.0,0.0,0,0,0,0,0,0,0,0,0,0,0,0.0,0,0.0,3,0.20486666666666664,0,0.0,0,0.0,,,2001,2020,19,0.6081725669137013
Jamal Crawford,crawfja01,77,185.0,1980-03-20,Michigan,2006,2020,2000-10-31T00:00:00Z,False,15,NBA,"NYK, GSW, ATL, POR, LAC, MIN, PHO, BRK",SG,1013,248.0,29.587364264560712,5.208292201382034,12.5893385982231,0.41370657884419354,1.6959526159921026,4.865745310957552,0.34854940150131875,3.512339585389931,7.7235932872655475,0.45475460122699385,0.48106327922841685,3.1303060217176704,3.6071076011846004,0.867816091954023,0.3474827245804541,1.7788746298124383,2.1263573543928924,3.261599210266535,0.8272458045409674,0.17670286278381048,1.859822309970385,1.4807502467917077,15.24284304047384,29972.0,5276,12753,1718.0,4929.0,3558.0,7824.0,3171,3654,352.0,1802.0,2154.0,3304,838.0,179.0,1884.0,1500.0,15441,0.0,15.234779127185375,0.5373269051114372,0.3851073335112772,0.2885917523021486,1.35589216602162,6.928977045242226,4.134011744294675,18.22601427999466,1.4346890431068997,0.47827972774589617,11.700924195916187,24.402652475643936,36.4,13.5,49.99999999999999,0.08039440144134527,1.3442479647671162,-1.6157180034699052,-0.26595489123181637,13.200000000000001,9.063482583744829,21.886537434939278,2.9396703590017346,8.458154277325503,6.114196583477913,13.435766715601229,5.447971440010677,6.283200987588415,0.599205925530495,3.0994728413185637,3.695322300814093,5.657773922327506,1.4346890431068997,0.31713265714667016,3.235963565994928,2.587158014146537,26.51890097424263,107.00807420258909,111.94478179634325,19.088849592953423,63.09432136660884,17.288902976111036,0.4311023622047244,0.0,-1.62744227946083,-3.0193614039770447,986.0,478.0,640.0,156.0,1327.0,104.0,7330.0,307.0,425.0,17.08077872681169,0.12823158281062325,0.11233307753903644,0.11664490190844787,0.25792316161750967,0.3851073335112772,0.572802348858935,0.4039981649539571,0.4273457226744962,0.42965361003603353,0.2650500467102629,0.7459203256372614,0.0045713666088349125,48.0,0.27256809689043104,0.3901682570399039,64.0,5.0,0,0,0,0.0,0.0,0.0,0,0,0,0,0,0,0,0,0,0,0,0.0,0,0.0,3,0.20486666666666667,0,0.0,0,0.0,,,2001,2020,20,0.6148926664887228
Kenyon Martin,martike01,81,234.0,1977-12-30,Cincinnati,2001,2015,2000-10-31T00:00:00Z,False,15,NBA,"NJN, DEN, LAC, NYK, MIL",PF,757,667.0,30.56010568031704,5.11889035667107,10.60898282694848,0.4825052919935251,0.08718626155878467,0.3725231175693527,0.23404255319148937,5.031704095112286,10.236459709379128,0.4915472964253452,0.4866143693188893,1.9933949801849407,3.16776750330251,0.6292743953294412,1.7331571994715984,5.081902245706737,6.815059445178336,1.9009247027741083,1.179656538969617,1.141347424042272,1.7410832232496698,3.299867899603699,12.318361955085866,23134.0,3875,8031,66.0,282.0,3809.0,7749.0,1509,2398,1312.0,3847.0,5159.0,1439,893.0,864.0,1318.0,2498.0,9325,1.0,15.029865133569638,0.5120733984611393,0.035002809717299216,0.2939561684101323,6.522434511973717,19.054504192962735,12.830574046857441,10.59424656349961,2.0075041065098986,2.830548111005447,12.623999308377279,20.207171263075992,12.0,36.00000000000001,48.400000000000006,0.09956812483790091,-1.0250021613209992,1.1037650211809455,0.08602057577591427,12.1,8.652628166335264,17.916944756635253,0.1460274920031123,0.6334486037866344,8.490334572490706,17.289227976139017,3.3746260914671042,5.360802282354975,2.941743753782312,8.569888475836434,11.504754906198668,3.2059133742543446,2.0075041065098986,1.9402827007867205,2.947402092158727,5.582056713063024,20.79881991873433,101.42655831244056,101.19006656868679,0.0,0.0,2.106682804530129,77.07136681940001,20.935549407798046,3.2648093714878534,1.5933733898158557,470.0,397.0,1145.0,241.0,1121.0,13.0,3176.0,227.0,522.0,8.46567389988761,0.3935936284256938,0.21531334831849228,0.1335075213970779,0.2224344255208784,0.035002809717299216,0.6815519149304056,0.3992015647964037,0.3270727932912596,0.34037883634477395,0.6869068470649261,0.7675599118181033,0.17475209648136947,1278.0,0.22146118267485085,0.29901547505835563,11.0,0.0,0,0,1,0.0294,0.0002666666666666667,0.06426666666666667,0,0,5,0,0,0,2,1,1,1,0,0.0,0,0.29,0,0.0,0,0.0016,0,0.001,,,2001,2015,15,0.9649999135471601
Mike Miller,millemi01,80,218.0,1980-02-19,Florida,2001,2015,2000-10-31T00:00:00Z,False,15,NBA,"ORL, MEM, MIN, WAS, MIA, MEM, CLE",SF,965,568.0,28.277720207253886,4.129533678756476,8.976165803108808,0.4600554144539367,1.6196891191709843,3.97720207253886,0.4072433559145388,2.5098445595854924,4.998963730569948,0.5020729684908789,0.5502770722696837,1.3979274611398964,1.8186528497409327,0.7686609686609687,0.6466321243523316,3.793782383419689,4.4404145077720205,2.6984455958549223,0.5782383419689119,0.23316062176165803,1.5865284974093263,2.0528497409326425,11.276683937823835,27288.0,3985,8662,1563.0,3838.0,2422.0,4824.0,1349,1755,624.0,3661.0,4285.0,2604,558.0,225.0,1531.0,1981.0,10882,1.0,14.465537965406035,0.5775274479624743,0.45405676487833485,0.1984628774552917,2.6647134271474635,15.661257695690413,9.128741571386689,15.818759161536207,1.0752198768689534,0.6358545880973323,14.211030489592494,18.327169451773674,39.099999999999994,21.299999999999997,60.300000000000004,0.10623878627968339,1.3205584872471416,-0.431940779829962,0.8883318674875403,19.700000000000003,7.645492524186454,16.626015098211667,3.0093924069187916,7.3706024626209325,4.641479771328056,9.263760627382,2.575590002931691,3.379720023453534,1.1905526238639694,7.0368000586338315,8.214138082673703,5.005757109352096,1.0752198768689534,0.4261433597185575,2.9292729404866606,3.815068894752272,20.886089123424213,110.08989299325711,107.88485781295807,0.11997947815889769,31.686822046320728,64.07244942832014,4.149149809440047,0.0,-0.3133098798006452,0.030922017003811305,761.0,358.0,914.0,253.0,660.0,81.0,5859.0,192.0,368.0,16.708168425681613,0.2259282102022867,0.054752895045441216,0.04544645998240986,0.22017447229551454,0.45405676487833485,0.654765318088537,0.36619045001465844,0.3025834799179126,0.4233066182937556,0.5409302990325419,0.9152597478745235,0.01803470389914981,151.0,0.1735395411902668,0.4147186675461741,1.0,0.0,2,0,0,0.0,0.0,0.06666666666666667,0,0,0,0,0,0,0,1,1,1,0,0.0,1,0.605,1,0.05433333333333333,0,0.0,0,0.0,,,2001,2017,15,0.5459432351216651
Mike Miller,millemi01,80,218.0,1980-02-19,Florida,2002,2016,2000-10-31T00:00:00Z,False,15,NBA,"ORL, MEM, MIN, WAS, MIA, MEM, CLE, DEN",SF,930,508.0,27.17311827956989,3.912903225806452,8.472043010752689,0.4618606422134789,1.5419354838709678,3.7913978494623657,0.40669313669880885,2.370967741935484,4.680645161290323,0.5065472088215024,0.5528620383297372,1.3526881720430108,1.749462365591398,0.7732022126613399,0.6064516129032258,3.706451612903226,4.312903225806451,2.69247311827957,0.5591397849462365,0.22580645161290322,1.560215053763441,1.972043010752688,10.720430107526882,25271.0,3639,7879,1434.0,3526.0,2205.0,4353.0,1258,1627,564.0,3447.0,4011.0,2504,520.0,210.0,1451.0,1834.0,9970,1.0,14.467654623877168,0.5799557991373511,0.4619191167741681,0.20002235764314824,2.620240591982905,15.94812235368604,9.255185786078902,16.383878754303353,1.0820980570614538,0.6431443156186935,14.745245538364133,18.177583000277,35.9,19.7,55.29999999999999,0.10528368485615924,1.3036682363183099,-0.36358671995568054,0.9397728621740334,18.700000000000003,7.552855051244509,16.354263780618098,2.98532309762178,7.324522179573424,4.573340983736299,9.03875588619366,2.592010605041352,3.384662261089787,1.1649796209093428,7.161809979818764,8.312520280163032,5.201270230699222,1.0820980570614538,0.42970598709983765,2.9984132009022195,3.8176922163745,20.69249732895414,110.13861738751929,108.1741521902576,0.12955561711052194,32.04067903921491,62.69241422974952,5.168018677535515,0.014760001582841993,-0.7760911716987853,-0.4963357207866724,733.0,331.0,842.0,240.0,615.0,82.0,5639.0,180.0,344.0,16.70488306754778,0.22996300106841835,0.05478619761782279,0.03999402477147719,0.21363052510783112,0.4619191167741681,0.6571875272050968,0.3689385065885798,0.3007292153060821,0.41538526374104706,0.5299223220292035,0.911271180404416,0.018622967037315502,143.0,0.1735793201693641,0.41674460844446204,1.0,0.0,2,0,0,0.0,0.0,0.0,0,0,0,0,0,0,0,0,0,0,0,0.0,0,0.0,1,0.05433333333333333,0,0.0,0,0.0,,,2001,2017,16,0.5380808832258319
Mike Miller,millemi01,80,218.0,1980-02-19,Florida,2003,2017,2000-10-31T00:00:00Z,False,15,NBA,"ORL, MEM, MIN, WAS, MIA, MEM, CLE, DEN",SF,887,455.0,26.26719278466742,3.717023675310034,8.004509582863585,0.4643661971830986,1.4949267192784668,3.6561443066516346,0.40888066604995377,2.222096956031567,4.3483652762119505,0.5110189266269121,0.5577464788732395,1.2649379932356257,1.6324689966178128,0.7748618784530387,0.5828635851183765,3.6741826381059752,4.257046223224352,2.624577226606539,0.5355129650507328,0.21082299887260428,1.528748590755355,1.9143179255918827,10.19391206313416,23299.0,3297,7100,1326.0,3243.0,1971.0,3857.0,1122,1448,517.0,3259.0,3776.0,2328,475.0,187.0,1356.0,1698.0,9042,1.0,14.3746383964977,0.5834534958581913,0.47221056697712355,0.19692278638568175,2.61482467058672,16.382780376840206,9.472556762092793,16.504171852869224,1.0773423752092364,0.6246834628095628,15.228190051075153,17.87911069144599,32.800000000000004,18.5,50.9,0.10510833082964935,1.2825915275333706,-0.29999999999999993,0.9822567492167045,17.5,7.436396411863169,16.00959268638139,2.9997124340100436,7.3123009571226225,4.442984677453968,8.707717069402118,2.5145886089531735,3.274097600755398,1.158126958238551,7.351109489677668,8.494407485299796,5.250139490965277,1.0773423752092364,0.41140392291514644,3.042503970127473,3.8406927335937158,20.388883643074813,110.2548178033392,108.2212970513756,0.14052105240568263,33.268337696896864,61.74831537834242,4.784969311987639,0.016009270784153828,-1.2139963088544572,-0.9756427314477016,698.0,297.0,778.0,223.0,538.0,82.0,5249.0,163.0,298.0,16.922494527662128,0.22646461221511655,0.051239581097901186,0.03399373363663677,0.21640915919138162,0.47221056697712355,0.6528542855916564,0.3714224644834543,0.29875552598823985,0.417284261127087,0.5386112279496974,0.9115975792952487,0.015187604618223959,105.0,0.17501806944504056,0.40545516974977464,1.0,0.0,2,0,0,0.0,0.0,0.0,0,0,0,0,0,0,0,0,0,0,0,0.0,0,0.0,1,0.05433333333333333,0,0.0,0,0.0,,,2001,2017,17,0.5277894330228764
Hedo Türkoğlu,turkohe01,82,220.0,1979-03-19,,2001,2015,2000-11-01T00:00:00Z,False,15,NBA,"SAC, SAS, ORL, TOR, PHO, ORL, LAC",SF,997,571.0,26.7753259779338,3.8625877632898695,9.061183550651956,0.42627850343148105,1.2497492477432297,3.255767301905717,0.3838570548367221,2.61283851554664,5.805416248746239,0.45006910850034554,0.49524020367500554,2.0802407221664994,2.6529588766298895,0.7841209829867675,0.6489468405215647,3.334002006018054,3.982948846539619,2.8405215646940825,0.7522567703109327,0.29989969909729186,1.5827482447342025,2.4102306920762286,11.055165496489469,26695.0,3851,9034,1246.0,3246.0,2605.0,5788.0,2074,2645,647.0,3324.0,3971.0,2832,750.0,299.0,1578.0,2403.0,11022,3.0,14.289233938939873,0.5396024349129052,0.36511575201348573,0.28869005431728795,2.8400936504963483,13.914279827683087,8.524914778048323,17.30083536242742,1.479288256227758,0.818853717924705,13.372579134669413,20.137917212961227,32.6,31.0,63.3,0.11380033714178682,0.5106049822064056,0.39569956920771676,0.9395579696572394,19.6,7.512979958793782,17.61017793594306,2.4415471061996628,6.356456265218206,5.075527252294438,11.28971717550103,4.053317100580633,5.16471998501592,1.2564300430792283,6.474620715489792,7.744304176812136,5.522940625585315,1.479288256227758,0.5811575201348567,3.0785540363363926,4.684693762876943,21.506825248173815,107.4848848098895,105.16654804270463,0.0,0.34542049072860087,82.67188612099645,16.486383217831055,0.6710994568271211,4.152448023974527,2.3962240119872633,858.0,404.0,1229.0,135.0,1079.0,67.0,6482.0,192.0,300.0,15.60448023974527,0.21986967596928264,0.0851251919835175,0.11699820191047011,0.21294575763251547,0.36511575201348573,0.5710950739838921,0.3458710619966286,0.4070893800337142,0.3865350814759319,0.37046083536242735,0.8285618280576887,0.01878587750515078,149.0,0.18589248923019294,0.41026941374789283,29.0,0.0,0,0,0,0.0,0.00046666666666666666,0.040466666666666665,0,0,0,0,0,0,2,0,1,1,0,0.0,0,0.0,0,0.0012000000000000001,1,0.0416,0,0.00013333333333333334,,,2001,2015,15,0.6348842479865144
Richard Jefferson,jefferi01,79,233.0,1980-06-21,Arizona,2002,2016,2001-10-30T00:00:00Z,False,15,NBA,"NJN, MIL, SAS, GSW, UTA, DAL, CLE",SF,1082,796.0,30.051756007393717,4.60720887245841,9.918669131238447,0.464498695490123,0.9038817005545287,2.3807763401109057,0.3796583850931677,3.7033271719038816,7.5378927911275415,0.4912947523295733,0.5100633619083116,3.2144177449168208,4.181146025878004,0.768788682581786,0.8197781885397413,3.3391866913123844,4.1589648798521255,2.1432532347504623,0.7014787430683919,0.31053604436229204,1.5813308687615526,2.2855822550831792,13.33271719038817,32516.0,4985,10732,978.0,2576.0,4007.0,8156.0,3478,4524,887.0,3613.0,4500.0,2319,759.0,336.0,1711.0,2473.0,14426,1.0,14.768655431172347,0.5678343892237668,0.25632639316029027,0.41109438430311235,3.15410874646328,12.91622893344815,8.021026571534014,12.319716447287492,1.219467339156108,0.7725335219584205,11.749145036289827,20.371054250215277,48.3,32.4,81.0,0.11929360930003689,0.547367449870833,-0.11720383811046875,0.43114466724074285,19.8,8.051740681510642,17.341404231762823,1.5656446057325624,4.1420408414319105,6.49019252060524,13.20144236683479,5.625916471890761,7.299923114774264,1.4291733300528968,5.8420131627506455,7.262544593430926,3.761252921638578,1.219467339156108,0.5264608192889654,2.763255012916718,3.983568089555911,23.308678804280966,110.2381904293271,106.45300775003075,0.0,3.483023742157707,85.1976872924099,11.248062492311478,0.01746832328699717,1.0954268667732807,1.1122770328453686,705.0,491.0,1115.0,290.0,1967.0,123.0,5253.0,370.0,638.0,12.772327469553451,0.32356353795054743,0.09555984745971215,0.07808235945380736,0.24640540041825562,0.25632639316029027,0.6436148050190676,0.3510542502152786,0.35778555172837984,0.39977607946856936,0.6544123815967523,0.9325045208512731,0.08932790011071472,838.0,0.3888666195103949,0.38475741173576083,6.0,0.0,1,0,0,0.0034000000000000002,0.0,0.041666666666666664,0,0,3,0,0,0,0,0,1,1,0,0.0,0,0.024,0,0.0,0,0.0030666666666666668,0,0.0,,,2002,2018,15,0.7436736068397096
Richard Jefferson,jefferi01,79,233.0,1980-06-21,Arizona,2003,2017,2001-10-30T00:00:00Z,False,15,NBA,"NJN, MIL, SAS, GSW, UTA, DAL, CLE",SF,1082,800.0,29.771719038817004,4.499075785582255,9.689463955637708,0.46432659290347195,0.9491682070240296,2.500924214417745,0.3795269770879527,3.5499075785582255,7.188539741219963,0.4938287477500643,0.5133059900801221,3.113678373382625,4.036044362292052,0.7714678268834441,0.767097966728281,3.3086876155268024,4.075785582255083,2.0859519408502774,0.666358595194085,0.2754158964879852,1.5304990757855823,2.231977818853974,13.060998151571164,32213.0,4868,10484,1027.0,2706.0,3841.0,7778.0,3369,4367,830.0,3580.0,4410.0,2257,721.0,298.0,1656.0,2415.0,14132,1.0,14.525998820352033,0.5707519014062646,0.2802403377518393,0.4040834135286996,2.992385061931518,12.89290348617018,7.930403874212274,12.07001521125012,1.1698537857386768,0.6977338341663304,11.671303511004874,20.037292397479277,47.8,30.3,78.39999999999999,0.11660956756588953,0.504619253096576,-0.2019277931269984,0.30368174339552345,18.600000000000005,7.922590258591252,17.07750908018502,1.6517648154471796,4.38233942818117,6.2749604197063285,12.702278583180703,5.494641914754912,7.105457424021358,1.3508366187564025,5.828317759910594,7.170431192375749,3.6907428677862977,1.1698537857386768,0.46908080588582246,2.6968335765063793,3.91136808120945,23.022264303231612,110.64759569118058,107.10554744978735,0.0,4.308043336541148,83.74327135007606,11.876788874057057,0.017632632788004844,1.1194766088225252,1.3263216713749113,678.0,479.0,1101.0,283.0,1891.0,139.0,5133.0,353.0,603.0,13.07303573091609,0.3160646012479434,0.09599742340049049,0.07383966100642599,0.2337448235184553,0.2802403377518393,0.6537329339086703,0.33587175984850837,0.3676952783037904,0.39042333840375004,0.6605041753329401,0.9356502654207928,0.08860401080309191,813.0,0.3917648775339149,0.39163334678545925,7.0,0.0,1,0,0,0.0034000000000000002,0.0,0.0,0,0,3,0,0,0,0,0,0,0,0,0.0,0,0.0,0,0.0,0,0.0030666666666666668,0,0.0,,,2002,2018,16,0.7197596622481606
Richard Jefferson,jefferi01,79,233.0,1980-06-21,Arizona,2004,2018,2001-10-30T00:00:00Z,False,15,NBA,"NJN, MIL, SAS, GSW, UTA, DAL, CLE, DEN",SF,1022,720.0,28.862035225048924,4.328767123287672,9.393346379647749,0.4608333333333333,1.0009784735812133,2.631115459882583,0.3804388248419487,3.327788649706458,6.762230919765166,0.4921140211257416,0.5141145833333334,2.983365949119374,3.853228962818004,0.7742508887760284,0.6673189823874756,3.1614481409001955,3.828767123287671,2.0264187866927594,0.6291585127201565,0.24951076320939333,1.4726027397260273,2.162426614481409,12.641878669275929,29497.0,4424,9600,1023.0,2689.0,3401.0,6911.0,3049,3938,682.0,3231.0,3913.0,2071,643.0,255.0,1505.0,2210.0,12920,0.0,14.27866562701292,0.5711120113909889,0.3049376207749941,0.3959695901278097,2.6900328847001393,12.731477777401095,7.69766416923755,12.066701698477813,1.1344814726921384,0.657378716479642,11.614706580330205,20.01143167101739,42.49999999999999,25.9,68.6,0.11149998304912362,0.44389937959792525,-0.2835034071261484,0.1614774383835645,16.0,7.861867308539852,17.07505848052344,1.797409906092145,4.758416110112893,6.068973115910093,12.324405871783569,5.4313455605654815,7.00024748279486,1.2150049157541445,5.74621147913347,6.9419296877648575,3.694863884462827,1.1344814726921384,0.43584771332677896,2.680150523782079,3.909099230430213,22.98654439434519,110.58751737464827,107.84269586737635,0.0,4.721293690883819,82.37342780621758,12.826762043597654,0.019256195545309693,0.4647320066447437,0.95341221141133,621.0,424.0,1024.0,261.0,1711.0,139.0,4721.0,319.0,530.0,13.468881581177746,0.30383872936230805,0.09428114723531207,0.07198894802861307,0.22482445672441267,0.3049376207749941,0.6534873715971116,0.33138139471810685,0.37103193545106283,0.38742875546665767,0.6583975997559074,0.9432618571380139,0.08349764382818589,703.0,0.3993373563413229,0.41373658338136077,7.0,0.0,1,0,0,0.0034000000000000002,0.0,0.0,0,0,3,0,0,0,0,0,0,0,0,0.0,0,0.0,0,0.0,0,0.00046666666666666666,0,0.0,,,2002,2018,17,0.6950623792250058
Joe Johnson,johnsjo02,79,240.0,1981-06-29,Arkansas,2002,2016,2001-10-30T00:00:00Z,False,15,NBA,"BOS, PHO, ATL, BRK, MIA",SG,1143,1073.0,36.033245844269466,6.4768153980752405,14.639545056867892,0.44241917169664735,1.6027996500437445,4.311461067366579,0.3717532467532468,4.874015748031496,10.328083989501312,0.4719186785260483,0.49716129803382536,2.3447069116360453,2.9273840769903763,0.8009563658099222,0.8923884514435696,3.1706036745406823,4.062992125984252,4.176727909011373,0.889763779527559,0.20559930008748906,2.041119860017498,1.8302712160979877,16.901137357830272,41186.0,7403,16733,1832.0,4928.0,5571.0,11805.0,2680,3346,1020.0,3624.0,4644.0,4774,1017.0,235.0,2333.0,2092.0,19318,2.0,15.785580051473799,0.5289250230660905,0.29579497887631717,0.19546064196571647,2.8486014665177493,10.176601272276987,6.513958626717817,20.14451027048026,1.2828606808138687,0.43131403875103186,11.381547127664739,22.839513426892633,55.199999999999996,23.0,78.2,0.09103418637401058,1.627086874180547,-1.1523454571941925,0.4747414169863546,25.8,9.445180401107173,21.380804156752294,2.328669936386151,6.300213664837567,7.110756082163843,15.07300539018113,3.425897149516826,4.292927208274657,1.297746807167484,4.616180255426601,5.9060384596707625,6.098290681299471,1.2828606808138687,0.29543048608750544,2.96894818627689,2.6647671538872433,24.685924828825332,107.26659544505415,110.01454377701161,3.4723935317826444,55.95301801583062,38.304423833341424,2.199558102267761,0.0,0.6530277278686933,3.306082163842082,1075.0,730.0,832.0,242.0,1178.0,61.0,10929.0,250.0,619.0,14.676183654639928,0.16066826105958337,0.19086964016898944,0.12919394940028164,0.22376640120429275,0.29579497887631717,0.5878106152576118,0.49821968630117036,0.42903695430486094,0.3872847083960569,0.319612416840674,0.862254018355752,0.009218205215364443,138.0,0.37826084106249697,0.4014096537658428,49.0,2.0,0,0,7,0.013266666666666668,0.020400000000000005,0.0,0,0,6,0,0,1,7,0,1,1,0,0.00013333333333333334,0,0.0,0,0.00013333333333333334,0,0.002866666666666667,0,0.0,,,2002,2022,15,0.7042050211236828
Joe Johnson,johnsjo02,79,240.0,1981-06-29,Arkansas,2003,2017,2001-10-30T00:00:00Z,False,15,NBA,"PHO, ATL, BRK, MIA, UTA",SG,1144,1027.0,35.93793706293706,6.490384615384615,14.663461538461538,0.4426229508196721,1.6608391608391608,4.419580419580419,0.37579113924050633,4.829545454545454,10.243881118881118,0.47145660892567626,0.4992548435171386,2.361888111888112,2.945804195804196,0.801780415430267,0.8548951048951049,3.1923076923076925,4.0472027972027975,4.1424825174825175,0.8688811188811189,0.20367132867132867,2.0375874125874125,1.8103146853146854,17.003496503496503,41113.0,7425,16775,1900.0,5056.0,5525.0,11719.0,2702,3370,978.0,3652.0,4630.0,4739,994.0,233.0,2331.0,2071.0,19452,2.0,15.837484493955683,0.5318844161214213,0.30439666285603095,0.19708060710724098,2.7474034976771335,10.26514970933768,6.516690584486659,20.046058424342668,1.2554009680636296,0.43065940213557746,11.338284727458467,22.963726801741544,55.8,23.200000000000003,79.0,0.09213852066256414,1.7038309050665237,-1.173210420061781,0.5261377179967407,26.300000000000004,9.494704837885829,21.475708413397225,2.4206844550385522,6.475530853987792,7.068255782842412,14.99257898961399,3.4614063678155325,4.333926008805,1.2471894534575436,4.660326417434874,5.899613261012332,6.064556223092452,1.2554009680636296,0.2950672536667234,2.9753289713715856,2.641580521976018,24.90342713983412,107.58974047138375,110.15793058156787,3.4785590932308517,54.86597913068859,38.66935032714713,2.9153795636416704,0.0,0.8619925570987279,3.347238099871087,1074.0,735.0,821.0,238.0,1186.0,61.0,10868.0,253.0,598.0,14.831396395300755,0.15401274536034829,0.1938400262690633,0.12710247367012867,0.22076253253228909,0.30439666285603095,0.5937022353027024,0.4960559190523679,0.43210884635030283,0.3846448082115146,0.29954795320215016,0.8568555931213971,0.008116094665920753,124.0,0.3687999659475106,0.410382166224795,50.0,3.0,0,0,7,0.013266666666666668,0.020400000000000005,0.0,0,0,6,0,0,1,7,0,0,0,0,0.00013333333333333334,0,0.0,0,0.00013333333333333334,0,0.002866666666666667,0,0.0,,,2002,2022,16,0.695603337143969
Joe Johnson,johnsjo02,79,240.0,1981-06-29,Arkansas,2004,2018,2001-10-30T00:00:00Z,False,15,NBA,"PHO, ATL, BRK, MIA, UTA, HOU",SG,1117,997.0,35.86660698299015,6.495076096687556,14.627573858549686,0.44402962237591037,1.6696508504923904,4.472694717994629,0.3732986389111289,4.825425246195166,10.154879140555058,0.47518293220488406,0.501101658608238,2.368845120859445,2.946284691136974,0.8040109389243391,0.8370635631154879,3.225604297224709,4.062667860340197,4.128916741271262,0.8504923903312444,0.19785138764547897,2.03401969561325,1.7860340196956133,17.028648164726945,40063.0,7255,16339,1865.0,4996.0,5390.0,11343.0,2646,3291,935.0,3603.0,4538.0,4612,950.0,221.0,2272.0,1995.0,19021,2.0,15.843271846841224,0.5339953073908594,0.3099739160821706,0.19722487082844514,2.7009085690038193,10.385320620023462,6.559623592841274,20.028307915033825,1.230556872925143,0.4232134388338366,11.342295883982725,22.96874173177246,54.6,22.6,77.2,0.09237927763772057,1.72356288845069,-1.1874597508923446,0.5315028829593391,25.6,9.513124329181538,21.445418465916184,2.439572673039962,6.555537528392781,7.07064373611562,14.882083218930186,3.4794274018420985,4.34142974814667,1.2247510171479916,4.707797718593215,5.924439008561516,6.049961310935276,1.230556872925143,0.2893093377929761,2.972747922022814,2.609285375533535,24.96675486109378,107.78478895739211,110.41342385742456,3.063150537902803,52.120285550258345,40.57916281856077,4.16481541572024,0.0,0.7143898360082869,3.0826697950727606,1046.0,722.0,804.0,228.0,1157.0,65.0,10618.0,249.0,558.0,14.8686992986047,0.14902281406784312,0.20046177270798493,0.12705623642762645,0.21360270074632456,0.3099739160821706,0.6027570326735391,0.5021603973741358,0.43429788083768067,0.38682554975912936,0.289205126925093,0.8530837431046103,0.007856176521977884,118.0,0.3584990639742405,0.4082781369343285,50.0,3.0,0,0,7,0.013266666666666668,0.020400000000000005,0.0,0,0,6,0,0,1,7,0,0,0,0,0.00013333333333333334,0,0.0,0,0.0,0,0.002866666666666667,0,0.0,,,2002,2022,17,0.6900260839178294
Joe Johnson,johnsjo02,79,240.0,1981-06-29,Arkansas,2005,2022,2001-10-30T00:00:00Z,False,15,NBA,"PHO, ATL, BRK, MIA, UTA, HOU, BOS",SG,1036,920.0,35.45752895752896,6.468146718146718,14.526061776061775,0.4452787560635258,1.72007722007722,4.55984555984556,0.37722269263336156,4.748069498069498,9.966216216216216,0.47641646489104117,0.5044853478636454,2.386100386100386,2.9527027027027026,0.8081072245831972,0.8252895752895753,3.1833976833976836,4.008687258687258,4.102316602316602,0.8272200772200772,0.18822393822393824,2.000965250965251,1.7548262548262548,17.042471042471043,36734.0,6701,15049,1782.0,4724.0,4919.0,10325.0,2472,3059,855.0,3298.0,4153.0,4250,857.0,195.0,2073.0,1818.0,17656,2.0,16.02073011379104,0.5379194479229052,0.31893188871345346,0.19877606577013116,2.700843904829314,10.374356182283442,6.555605161430827,20.15673490499265,1.2151249523602112,0.4071595796809495,11.236698970980562,23.092805030761692,52.400000000000006,21.500000000000004,73.89999999999999,0.09650743180704521,1.87135079218163,-1.1679697283170904,0.698369358087875,25.000000000000004,9.59675777209125,21.567602221375292,2.54277508575162,6.768778243589045,7.050811237545599,14.79031959492568,3.5499156095170687,4.40842543692492,1.2269287308760275,4.7082484891381275,5.917264659443568,6.090433930418685,1.2151249523602112,0.27925627484074694,2.9610469864430775,2.591849512713018,25.300598900201454,108.49572603038057,110.5419502368378,2.252599771329014,50.31477650133392,42.811210322861655,4.542249686938531,0.0,1.1078374258180432,3.091835901344803,952.0,656.0,728.0,209.0,1056.0,65.0,9787.0,228.0,484.0,15.011123210105076,0.14094634398649752,0.20602414656721293,0.12533151848423804,0.20889418522349867,0.31893188871345346,0.6047877987695323,0.5007874176512223,0.4389258724887025,0.3879312625905156,0.28431131921380737,0.8473321173844397,0.006119807263026079,86.0,0.35462560570588547,0.4061955136930364,44.0,3.0,0,0,7,0.012133333333333333,0.020400000000000005,0.0,0,0,5,0,0,1,7,0,0,0,0,0.00013333333333333334,0,0.0,0,0.0,0,0.0006666666666666666,0,0.0,,,2002,2022,18,0.6810681112865464
Tony Parker,parketo01,74,185.0,1982-05-17,,2002,2016,2001-10-30T00:00:00Z,True,15,NBA,SAS,PG,1080,1067.0,32.053703703703704,6.593518518518518,13.342592592592593,0.4941707147814018,0.43796296296296294,1.3388888888888888,0.32710926694329184,6.155555555555556,12.003703703703703,0.5128046899105214,0.5105829285218598,2.9342592592592593,3.8944444444444444,0.7534474560152163,0.38055555555555554,2.4944444444444445,2.875,5.878703703703704,0.8981481481481481,0.08148148148148149,2.437962962962963,1.724074074074074,16.55925925925926,34618.0,7121,14410,473.0,1446.0,6648.0,12964.0,3169,4206,411.0,2694.0,3105.0,6349,970.0,88.0,2633.0,1862.0,17884,1.0,18.739823213357212,0.5479677046623146,0.10831555838003348,0.2900725056329077,1.4059564388468424,8.807897625512739,5.2122306314634,32.49711710670749,1.501421225951817,0.18508290484718934,14.085516205442255,25.424550811716447,63.39999999999999,42.6,105.89999999999999,0.14691631521173953,1.7785285111791556,-0.266320989080825,1.5186868103298865,30.900000000000002,10.848024149286497,21.994000231093644,0.7147553295973195,2.201045698769426,10.138988387544051,19.778433185048243,4.83397365532382,6.426792420128257,0.621927898780981,4.126974406378184,4.7407995840314285,9.680888555086948,1.501421225951817,0.1354266566526085,4.011309145531227,2.8380553469293424,27.288396210064132,108.74423710208562,104.31726269570744,97.83413253220868,2.1658674677913226,0.0,0.0,0.0,8.242168813911839,2.611647119995378,1232.0,821.0,708.0,227.0,1664.0,95.0,14689.0,378.0,919.0,10.423242243919349,0.35162146860015026,0.1828184759373736,0.08933549020740654,0.2682080709457507,0.10831555838003348,0.6452051245017045,0.4498957767635335,0.38056213530533245,0.4075500028886707,0.2710246403605061,0.8656105205384481,0.000681668496158068,8.0,0.43688237333179275,0.37428207868738805,5.0,0.0,4,1,6,0.014333333333333335,0.12653333333333333,0.057133333333333335,0,0,5,0,3,4,13,1,1,1,0,0.02526666666666667,0,0.0,0,0.0,0,0.019666666666666666,0,0.0,,,2002,2019,15,0.8916844416199665
Tony Parker,parketo01,74,185.0,1982-05-17,,2003,2017,2001-10-30T00:00:00Z,True,15,NBA,SAS,PG,1066,1058.0,31.836772983114447,6.677298311444653,13.452157598499062,0.49637377963737794,0.4080675422138837,1.2439024390243902,0.32805429864253394,6.269230769230769,12.208255159474671,0.5135238973413248,0.5115411436541144,2.951219512195122,3.9052532833020637,0.7557050204179678,0.3630393996247655,2.4709193245778613,2.8339587242026267,5.909943714821764,0.8583489681050657,0.07786116322701689,2.4118198874296435,1.677298311444653,16.713883677298313,33938.0,7118,14340,435.0,1326.0,6683.0,13014.0,3146,4163,387.0,2634.0,3021.0,6300,915.0,83.0,2571.0,1788.0,17817,1.0,18.941667157758264,0.5497838705875422,0.09637170723083269,0.2888179032353115,1.3533030820908716,8.79135187695209,5.169721256408746,32.85174435735753,1.4426660380694207,0.18010784371500974,13.783293063822265,25.696228416524253,63.99999999999999,41.4,105.1,0.14881822735576639,1.8529023513465734,-0.3538216748187872,1.501013613059108,30.1,11.042026636808297,22.288449525605515,0.6682921798573871,2.0541104366786493,10.37956862513996,20.219526784135777,4.890090753727385,6.479424244210031,0.5949790794979078,4.1034651423183455,4.696858978136603,9.77736165949673,1.4426660380694207,0.1294566562555248,3.986817137132418,2.7746920855678,27.684925452295364,109.31357180741352,104.62422653073251,97.74397430608757,2.3027874359125464,0.0,0.0,0.0,8.383284224173494,2.9091166244327895,1200.0,812.0,677.0,224.0,1664.0,100.0,14585.0,386.0,919.0,10.302805115210088,0.3474120749602216,0.19103114502917085,0.09248847899110141,0.2728880900465554,0.09637170723083269,0.6471795921975367,0.4613361129117804,0.3920426955035653,0.4103801343626613,0.27188676409923984,0.8683952796275561,0.0005617302139195003,7.0,0.47030676527785964,0.37350606989215623,4.0,0.0,4,1,6,0.014333333333333335,0.12653333333333333,0.0,0,0,5,0,3,4,13,0,0,0,0,0.02526666666666667,0,0.0,0,0.0,0,0.019666666666666666,0,0.0,,,2002,2019,16,0.9036282927691673
Tony Parker,parketo01,74,185.0,1982-05-17,,2004,2018,2001-10-30T00:00:00Z,True,15,NBA,SAS,PG,1039,997.0,31.02502406159769,6.556304138594803,13.171318575553416,0.4977712824260139,0.34937439846005774,1.0779595765158807,0.32410714285714287,6.206929740134745,12.093358999037536,0.5132510943095902,0.5110339788089149,2.870067372473532,3.8026948989412896,0.7547456340167046,0.3474494706448508,2.4436958614051973,2.791145332050048,5.8354186717998076,0.8392685274302214,0.07699711260827719,2.349374398460058,1.6034648700673724,16.332050048123197,32235.0,6812,13685,363.0,1120.0,6449.0,12565.0,2982,3951,361.0,2539.0,2900.0,6063,872.0,80.0,2441.0,1666.0,16969,1.0,18.944408251900104,0.5487332092446099,0.08456851248642779,0.2868311152474019,1.3275787187839303,8.933268186753528,5.218393051031487,33.12331627113387,1.4415976423142547,0.1843400031022181,13.725494028230184,25.76421591437878,59.199999999999996,39.900000000000006,98.8,0.14730857763300761,1.753897937024973,-0.3163610981852024,1.427643865363735,28.1,11.104156972235149,22.34426244765007,0.5825221033038624,1.8146517760198544,10.527777260741429,20.514015821312235,4.8733891732588805,6.462757871878393,0.5847463936714751,4.158604001861331,4.733075849232201,9.885314099581201,1.4415976423142547,0.12769039863502404,3.97675197766403,2.7203598572979675,27.708959205832173,109.21684504420661,104.8233286800062,96.7805490926012,3.2686831084225223,0.0,0.0,0.0,8.049554831704668,2.153882425934543,1145.0,779.0,632.0,201.0,1621.0,102.0,14082.0,384.0,892.0,10.159981386691486,0.351609709942609,0.18912700480843803,0.09519292694276407,0.27967023421746545,0.08456851248642779,0.6465774158523345,0.45513603226306815,0.39680254381883046,0.4148837909105011,0.27346465022491084,0.8728355203970839,0.00033324026679075534,4.0,0.5047285248953001,0.371416751977664,3.0,0.0,3,1,6,0.014333333333333335,0.1264,0.0,0,0,5,0,3,4,12,0,0,0,0,0.02526666666666667,0,0.0,0,0.0,0,0.003533333333333333,0,0.0,,,2002,2019,17,0.9154314875135722
Tony Parker,parketo01,74,185.0,1982-05-17,,2005,2019,2001-10-30T00:00:00Z,True,15,NBA,"SAS, CHO",PG,1020,922.0,30.059803921568626,6.472549019607843,12.943137254901961,0.5000757460990759,0.307843137254902,0.9529411764705882,0.3230452674897119,6.1647058823529415,11.990196078431373,0.5141455437448896,0.5119678836539918,2.8254901960784315,3.7284313725490197,0.7578227714961873,0.3254901960784314,2.3666666666666667,2.6921568627450982,5.7441176470588236,0.8156862745098039,0.0784313725490196,2.291176470588235,1.5401960784313726,16.07843137254902,30661.0,6602,13202,314.0,972.0,6288.0,12230.0,2882,3803,332.0,2414.0,2746.0,5859,832.0,80.0,2337.0,1571.0,16400,1.0,19.097876781579206,0.5502827370274942,0.07485815857277976,0.28611685854994945,1.2851081178043768,8.94287857538893,5.2048432862594165,33.5008675516128,1.439052868464825,0.19662111477120778,13.635256514790777,26.046733635563093,56.29999999999999,36.199999999999996,92.2,0.14454336127327874,1.7668830109911615,-0.40784057923746775,1.348641596816803,26.2,11.271511040083494,22.559926290727635,0.522791167933205,1.6365871954600306,10.755177587162846,20.910214931019862,4.931310133394215,6.511728254133917,0.5620201558983725,4.135442418707805,4.695065392518183,9.99709402824435,1.439052868464825,0.13565441440266138,3.987687942337171,2.6845145298587787,28.04742506767555,109.5500799060696,105.7110987899938,95.43762434362871,4.614135220638596,0.0,0.0,0.0,7.745556244088581,2.246736897035322,1094.0,739.0,593.0,191.0,1583.0,105.0,13657.0,383.0,887.0,9.992195296957048,0.35475887935814227,0.19082857701966668,0.10000864290140568,0.27972277486057207,0.07485815857277976,0.6451017905482535,0.45826541860996056,0.4003550112520792,0.417151169237794,0.26526698411663024,0.8920261896219955,0.00026629920746224845,3.0,0.5197217311894589,0.3761916441081504,4.0,0.0,3,1,6,0.014333333333333335,0.1262,0.0,0,0,5,0,3,4,11,0,0,0,0,0.02526666666666667,0,0.0,0,0.0,0,0.003533333333333333,0,0.0,,,2002,2019,18,0.9251418414272203
Zach Randolph,randoza01,81,250.0,1981-07-16,Michigan State,2002,2016,2001-10-30T00:00:00Z,False,15,NBA,"POR, NYK, LAC, MEM",PF,984,820.0,31.83130081300813,6.75,14.27540650406504,0.472841176051826,0.1290650406504065,0.4959349593495935,0.26024590163934425,6.620934959349594,13.779471544715447,0.4804926617007154,0.47736171424503454,3.3353658536585367,4.361788617886178,0.7646784715750233,3.048780487804878,6.314024390243903,9.362804878048781,1.829268292682927,0.766260162601626,0.2855691056910569,2.108739837398374,2.41260162601626,16.964430894308943,31322.0,6642,14047,127.0,488.0,6515.0,13559.0,3282,4292,3000.0,6213.0,9213.0,1800,754.0,281.0,2075.0,2374.0,16693,1.0,19.492184407125983,0.5239674031032501,0.03370611710618735,0.30502732903390584,11.185955558393461,23.569641146797775,17.29932315944065,10.581214481833852,1.2780824979247813,0.702704169593257,11.489563246280571,26.35637251771917,42.99999999999999,33.5,76.60000000000001,0.11714433944192579,1.6045590958431772,-1.3345635655449846,0.26467977779196733,17.9,11.27815912138433,23.862013919928486,0.21045590958431776,0.8335036076878871,11.053457633612158,23.039837813677288,5.579739480237533,7.289464274311984,5.0934391162761,10.549367856458721,15.622345316391034,3.0512323606410834,1.2780824979247813,0.4787816869931678,3.524027839856969,4.021195964497797,28.327683417406295,106.59210778366644,106.07732584126174,0.0,0.0,0.0,76.60759210778366,23.52043292254645,-0.7651842155673327,2.8749441287274125,692.0,643.0,902.0,382.0,1872.0,65.0,4119.0,473.0,1212.0,8.093368878104847,0.37183937807291995,0.27778832769299533,0.12309561969222912,0.19357882638401122,0.03370611710618735,0.5915894578890236,0.43176227571674863,0.377720962901475,0.3940002554115318,0.5001423280761126,0.8145197305408339,0.010632303173488284,129.0,0.16711467977779196,0.20297247940744526,32.0,5.0,0,0,2,0.0002666666666666667,0.017866666666666666,0.0,0,0,1,0,0,1,6,0,0,0,0,0.0,0,0.0,0,0.0003333333333333333,1,0.04186666666666667,0,0.0,,,2002,2018,15,0.9662938828938126
Zach Randolph,randoza01,81,250.0,1981-07-16,Michigan State,2003,2017,2001-10-30T00:00:00Z,False,15,NBA,"POR, NYK, LAC, MEM",PF,1016,825.0,32.35236220472441,6.916338582677166,14.669291338582678,0.471484165324745,0.14566929133858267,0.5728346456692913,0.2542955326460481,6.770669291338582,14.096456692913385,0.4803100125680771,0.47644927536231885,3.3513779527559056,4.387795275590551,0.7637954239569313,3.1013779527559056,6.487204724409449,9.588582677165354,1.8789370078740157,0.7726377952755905,0.2824803149606299,2.125,2.4419291338582676,17.32972440944882,32870.0,7027,14904,148.0,582.0,6879.0,14322.0,3405,4458,3151.0,6591.0,9742.0,1909,785.0,287.0,2159.0,2481.0,17607,1.0,19.457042896257985,0.5224473684210525,0.03744359598418011,0.29970459385457865,11.163811986613933,23.810851840584114,17.404764222695462,10.745463948889565,1.2660754487374506,0.6873653787648311,11.334654700334651,26.515634317006384,43.599999999999994,35.6,79.3,0.11559072102220869,1.5927411013081836,-1.3463401277760876,0.2467690903559477,18.7,11.35344386979008,24.089838758746573,0.2331457255856404,0.9409552783693338,11.10672345603894,23.154243991481597,5.5100517188926075,7.206279282020079,5.09085792515972,10.647736537876485,15.719096440523272,3.0821448128993008,1.2660754487374506,0.4660176452692425,3.4910191664131425,4.002096136294493,28.432141770611498,106.43017949498022,106.08816550045634,0.0,0.0,0.05433526011560694,75.75293580772741,24.31472467295406,-0.6835199269850926,2.7598052935807726,721.0,679.0,936.0,393.0,1945.0,68.0,4381.0,489.0,1267.0,8.230596288408885,0.3671344995436568,0.27765001521143906,0.1224535746881655,0.19527909948281105,0.03744359598418011,0.591993094006693,0.43410903559476727,0.3783544873745056,0.394078673562519,0.4984840888348036,0.8304954974140554,0.01013535138424095,130.0,0.16674274414359597,0.21014882871919682,37.0,5.0,0,0,2,0.0002666666666666667,0.017866666666666666,0.0,0,0,1,0,0,1,6,0,0,0,0,0.0,0,0.0,0,0.006466666666666667,1,0.04186666666666667,0,0.0,,,2002,2018,16,0.9625564040158199
Zach Randolph,randoza01,81,250.0,1981-07-16,Michigan State,2004,2018,2001-10-30T00:00:00Z,False,15,NBA,"POR, NYK, LAC, MEM, SAC",PF,998,872.0,33.14328657314629,7.138276553106213,15.182364729458918,0.47016895459345304,0.19939879759519039,0.7254509018036072,0.27486187845303867,6.938877755511022,14.45691382765531,0.47996950374272246,0.4767357444561774,3.37374749498998,4.412825651302605,0.7645322434150772,3.1152304609218437,6.700400801603206,9.81563126252505,1.998997995991984,0.7865731462925851,0.2835671342685371,2.217434869739479,2.463927855711423,17.849699398797597,33077.0,7124,15152,199.0,724.0,6925.0,14428.0,3367,4404,3109.0,6687.0,9796.0,1995,785.0,283.0,2213.0,2459.0,17814,1.0,19.341279438885028,0.5214657314750432,0.04561492880249116,0.29190062581249815,10.905692777458658,23.99895395592103,17.354315687637936,11.133322248087794,1.2551138253166851,0.6789521419717628,11.456011730205276,26.703349759651715,40.69999999999999,35.2,76.0,0.11009384164222873,1.5505033709223932,-1.3551682437947816,0.19570094023037157,18.4,11.405314871360764,24.268419143211293,0.3091906763007528,1.1505940683858873,11.08263445898963,23.127085285848175,5.406560449859419,7.065713335550382,4.985252592435831,10.711173927502495,15.66855821265532,3.1920307162076367,1.2551138253166851,0.45317894609547416,3.5447108262538918,3.931284578407957,28.508549747558725,105.92420715300662,106.47289657465913,0.0,0.0,0.05399522326692263,76.5456057078937,23.560963811712067,-1.0878616561356833,2.799918372282855,761.0,697.0,934.0,393.0,1928.0,71.0,4585.0,494.0,1239.0,8.486425612963691,0.3553356108474166,0.27848891979320983,0.12260806602775345,0.19791350485231426,0.04561492880249116,0.5916758170329837,0.43818825770172626,0.3759172234483176,0.40008087190494906,0.4899020467394261,0.8691107113704386,0.008380627021797624,111.0,0.16435220848323606,0.23053481270973789,37.0,5.0,0,0,2,0.0002666666666666667,0.017866666666666666,0.0,0,0,1,0,0,1,6,0,0,0,0,0.0,0,0.0,0,0.006466666666666667,1,0.04186666666666667,0,0.0,,,2002,2018,17,0.9543850711975088
Tyson Chandler,chandty01,84,235.0,1982-10-02,,2002,2016,2001-10-31T00:00:00Z,False,15,NBA,"CHI, NOK, NOH, CHA, DAL, NYK, DAL, PHO",C,986,783.0,28.472616632860042,3.2545638945233266,5.509127789046653,0.5907584683357879,0.0,0.010141987829614604,0.0,3.2545638945233266,5.498985801217039,0.5918480265584655,0.5907584683357879,2.218052738336714,3.445233265720081,0.6438033559022667,3.1693711967545637,6.0973630831643,9.266734279918865,0.8529411764705882,0.5618661257606491,1.2707910750507099,1.5030425963488845,2.9350912778904665,8.727180527383368,28074.0,3209,5432,0.0,10.0,3209.0,5422.0,2187,3397,3125.0,6012.0,9137.0,841,554.0,1253.0,1482.0,2894.0,8605,0.0,16.37271852960034,0.6225116834081357,0.0020283180166702284,0.6309142266866139,12.679942295362256,24.741540215145687,18.65326280544276,4.653533518558097,1.0292334544418322,3.5238833083992307,17.717635534658406,13.636688751157651,50.50000000000001,42.0,92.7,0.1584832229108784,-0.25751585096530594,0.5301809503455154,0.2573626843342594,15.9,5.982271852960035,10.122547552895918,0.0,0.002785495476241362,5.982271852960035,10.100448813849114,4.07223765761915,6.328955617297144,5.826227114055711,11.168315879461423,16.996487853529953,1.5588801025860226,1.0292334544418322,2.3192989955118617,2.74988957754506,5.382421457576407,16.015883023438054,118.15345159222056,102.4409417966802,0.0,0.0,0.1268077224478165,12.224727505877324,87.85146398803163,1.2559913086841916,2.0973676711548053,394.0,363.0,1378.0,417.0,1507.0,117.0,1892.0,342.0,385.0,2.9450986678065108,0.7388072950060554,0.16089185723445176,0.05000374011540926,0.048600270713115325,0.0020283180166702284,0.6761829806938805,0.3513557384056422,0.33218137778727647,0.23129657334188217,0.6535612310322719,0.0,0.30883600484434,1548.0,0.036706561231032275,0.0,4.0,0.0,1,0,1,0.10659999999999999,0.011733333333333335,0.0071333333333333335,1,3,6,0,0,1,6,0,0,1,0,0.0,0,0.0,0,0.0003333333333333333,0,0.0088,1,0.04606666666666667,,,2002,2020,15,0.9979716819833296
Tyson Chandler,chandty01,84,235.0,1982-10-02,,2003,2017,2001-10-31T00:00:00Z,False,15,NBA,"CHI, NOK, NOH, CHA, DAL, NYK, DAL, PHO",C,962,798.0,29.08835758835759,3.3378378378378377,5.5675675675675675,0.5995145631067961,0.0,0.010395010395010396,0.0,3.3378378378378377,5.557172557172557,0.6006359895248784,0.5995145631067961,2.228690228690229,3.4293139293139294,0.6498939072446196,3.288981288981289,6.412681912681912,9.701663201663202,0.8492723492723493,0.581081081081081,1.2307692307692308,1.5051975051975053,2.953222453222453,8.904365904365905,27983.0,3211,5356,0.0,10.0,3211.0,5346.0,2144,3299,3164.0,6169.0,9333.0,817,559.0,1184.0,1448.0,2841.0,8566,0.0,16.55067362327127,0.6301919022263516,0.002034914054961941,0.6219643354894044,12.839366758389023,25.379173069363542,19.04745381124254,4.499095879641211,1.0336418539827752,3.3567344459135904,17.659839902798126,13.37657148983311,52.80000000000001,41.9,95.0,0.16292527606046528,-0.062080548904692195,0.5279169495765287,0.4458456920273022,17.200000000000003,5.973587535289282,9.969309938176751,0.0,0.002794553836257728,5.973587535289282,9.947139334596006,3.990040381660294,6.14099274559554,5.8865275345745625,11.431461959046562,17.324579208805346,1.5107350891612765,1.0336418539827752,2.194857592109495,2.6815352178108136,5.275763856627237,15.921212879248113,119.60729728763893,102.61816102633742,0.0,0.0,0.02794553836257728,9.815995425794233,90.31008112068041,1.4656934567415931,2.1083479255262123,383.0,342.0,1344.0,418.0,1466.0,121.0,1851.0,329.0,375.0,2.8260300896973156,0.7497655719544009,0.15817428438694922,0.045636350641460884,0.04467505271057427,0.002034914054961941,0.6828700639674089,0.35459068005574806,0.31613676160526033,0.2110521745345388,0.6480084694278669,0.0,0.31464971589893864,1552.0,0.036825930028946144,0.0,4.0,0.0,1,0,1,0.10659999999999999,0.011733333333333335,0.0,1,3,6,0,0,1,6,0,0,0,0,0.0,0,0.0,0,0.0003333333333333333,0,0.0088,1,0.04606666666666667,,,2002,2020,16,0.997965085945038
Tyson Chandler,chandty01,84,235.0,1982-10-02,,2004,2018,2001-10-31T00:00:00Z,False,15,NBA,"CHI, NOK, NOH, CHA, DAL, NYK, DAL, PHO",C,933,776.0,29.267952840300108,3.2958199356913185,5.422293676312969,0.607827633919747,0.0,0.010718113612004287,0.0,3.2958199356913185,5.411575562700965,0.6090314913844326,0.607827633919747,2.170418006430868,3.3236870310825295,0.6530151564011609,3.3536977491961415,6.546623794212219,9.90032154340836,0.8510182207931404,0.5766345123258306,1.1843515541264737,1.4705251875669882,2.922829581993569,8.762057877813504,27307.0,3075,5059,0.0,10.0,3075.0,5049.0,2025,3101,3129.0,6108.0,9237.0,794,538.0,1105.0,1372.0,2727.0,8175,0.0,16.50181638407734,0.6357257479767092,0.0020852894862123266,0.6180996814003735,12.975625297542754,25.75881642069799,19.2996594279855,4.43370564324166,1.0218295675101623,3.238913099205332,17.754319405280693,12.943512652433439,52.900000000000006,40.6,93.8,0.16481286849525764,-0.023741165268978685,0.5023144248727432,0.45808766982824917,16.9,5.850496209763064,9.634958069359504,0.0,0.002863734573552569,5.850496209763064,9.612238620134033,3.8554473211996925,5.90877430695426,5.953836012743984,11.562841029772583,17.523429889771855,1.500362544402534,1.0218295675101623,2.094840150877064,2.599051525249936,5.177013220053466,15.544256051561868,120.7945215512506,102.94591130479364,0.0,0.0,0.02863734573552569,7.9106456220016845,92.21855201962866,1.6196689493536451,2.4719888673233967,368.0,298.0,1289.0,410.0,1381.0,125.0,1803.0,304.0,340.0,2.6504449408576556,0.768520123045373,0.14993917310579707,0.03687406159592779,0.042765554619694585,0.0020852894862123266,0.6846779946533857,0.3434976379682866,0.3413580766836342,0.22932336031054307,0.6464183176474896,0.0,0.3264238107444978,1526.0,0.03773757644560003,0.0,4.0,0.0,1,0,1,0.10659999999999999,0.011733333333333335,0.0,1,3,6,0,0,1,6,0,0,0,0,0.0,0,0.0,0,0.0003333333333333333,0,0.0088,1,0.04606666666666667,,,2002,2020,17,0.9979147105137876
Tyson Chandler,chandty01,84,235.0,1982-10-02,,2005,2019,2001-10-31T00:00:00Z,False,15,NBA,"CHI, NOK, NOH, CHA, DAL, NYK, DAL, PHO, LAL",C,953,774.0,28.751311647429173,3.2203567681007343,5.246589716684155,0.6138,0.0,0.01049317943336831,0.0,3.2203567681007343,5.236096537250787,0.6150300601202405,0.6138,2.0954879328436515,3.2214060860440714,0.6504885993485342,3.2938090241343128,6.437565582371459,9.73137460650577,0.8478488982161595,0.5687303252885625,1.1385099685204616,1.4438614900314795,2.885624344176285,8.536201469045121,27400.0,3069,5000,0.0,10.0,3069.0,4990.0,1997,3070,3139.0,6135.0,9274.0,808,542.0,1085.0,1376.0,2750.0,8135,0.0,16.398200729927005,0.6392167518248174,0.0022263138686131386,0.6227525182481752,12.969259124087591,25.708740875912408,19.279142335766423,4.453770072992701,1.022094890510949,3.1811605839416055,18.004656934306567,12.765751824817515,53.10000000000001,40.6,93.99999999999999,0.1645833211678832,-0.05633576642335776,0.5175948905109489,0.44084306569343074,16.9,5.8075912408759125,9.471835766423357,0.0,0.0031934306569343066,5.8075912408759125,9.446000000000002,3.7773211678832115,5.810149635036495,5.933135036496349,11.534087591240874,17.473952554744525,1.5163284671532844,1.022094890510949,2.0432846715328465,2.5891350364963506,5.18232116788321,15.380021897810218,121.24846715328466,103.21992700729928,0.0,0.0,0.0,6.114306569343066,94.04299270072993,1.878036496350365,2.661605839416058,364.0,293.0,1304.0,418.0,1366.0,127.0,1842.0,296.0,327.0,2.5241569343065695,0.7784025182481752,0.14671233576642337,0.03386635036496351,0.03897266423357665,0.0022263138686131386,0.6887141970802921,0.3474695255474453,0.33306441605839415,0.21555923357664233,0.6495018613138686,0.0,0.3354312043795621,1547.0,0.03760948905109489,0.0,3.0,0.0,1,0,1,0.10660000000000001,0.011733333333333335,0.0,1,3,6,0,0,1,6,0,0,0,0,0.0,0,0.0,0,0.0003333333333333333,0,0.0088,1,0.04606666666666667,,,2002,2020,18,0.9977736861313868
Tyson Chandler,chandty01,84,235.0,1982-10-02,,2006,2020,2001-10-31T00:00:00Z,False,15,NBA,"CHI, NOK, NOH, CHA, DAL, NYK, DAL, PHO, LAL, HOU",C,899,769.0,28.28698553948832,3.1991101223581757,5.115684093437152,0.6253533376821048,0.0,0.008898776418242492,0.0,3.1991101223581757,5.10678531701891,0.6264430407318667,0.6253533376821048,1.9766407119021134,3.0556173526140156,0.646887513651256,3.229143492769744,6.298109010011124,9.527252502780868,0.8331479421579533,0.5328142380422692,1.0589543937708565,1.4082313681868743,2.796440489432703,8.374860956618464,25430.0,2876,4599,0.0,8.0,2876.0,4591.0,1777,2747,2903.0,5662.0,8565.0,749,479.0,952.0,1266.0,2514.0,7529,0.0,16.349834840739284,0.6462751474636256,0.001968383798662996,0.6081777034998034,12.92211167911915,25.624176169878094,19.204345261502166,4.415753047581597,0.9747424302005505,3.0411128588281557,18.13588674793551,12.601242626818715,50.6,35.4,86.29999999999998,0.16270880849390482,-0.014227290601651666,0.3347502949272513,0.2985253637436099,14.800000000000002,5.8615375540699945,9.386134486826585,0.0,0.003440817931576878,5.8615375540699945,9.358297286669288,3.6163075108139986,5.594864333464411,5.904710971293748,11.452359418010222,17.36346047974833,1.5158710184821074,0.9747424302005505,1.9321510027526543,2.563326779394416,5.091435312622886,15.325072748721979,122.16299646087299,104.06335037357452,0.0,0.0,0.0,3.5751867872591427,96.50821863940229,1.840192685804168,2.616449075894612,338.0,257.0,1203.0,387.0,1227.0,129.0,1707.0,263.0,282.0,2.361612268973653,0.792654895792371,0.14223916633896974,0.030120015729453407,0.03312559968541093,0.001968383798662996,0.6966891860007864,0.34976842312229656,0.336657609123083,0.20023653165552494,0.6635552890287064,0.0,0.35497129374754227,1505.0,0.04052300432559969,0.0,3.0,0.0,1,0,1,0.10326666666666666,0.011733333333333335,0.0,1,3,5,0,0,1,6,0,0,0,0,0.0,0,0.0,0,0.0,0,0.007933333333333334,1,0.045866666666666674,,,2002,2020,19,0.9980316162013372
Pau Gasol,gasolpa01,84,250.0,1980-07-06,,2002,2016,2001-11-01T00:00:00Z,True,15,NBA,"MEM, LAL, CHI",PF,1055,1042.0,35.262559241706164,6.964928909952607,13.653080568720378,0.5101360733129686,0.07014218009478673,0.23601895734597156,0.2971887550200803,6.89478672985782,13.417061611374407,0.5138820204874602,0.5127048042210497,4.207582938388626,5.571563981042654,0.7551888397414086,2.6796208530805687,6.844549763033175,9.524170616113745,3.3033175355450237,0.524170616113744,1.6843601895734597,2.3061611374407582,2.2483412322274883,18.207582938388626,37202.0,7348,14404,74.0,249.0,7274.0,14155.0,4439,5878,2827.0,7221.0,10048.0,3485,553.0,1777.0,2433.0,2372.0,19209,9.0,21.588592011182193,0.566321380570937,0.01674127735068007,0.4103248481264448,8.676243212730498,21.493441212838015,15.169794634697059,16.582084296543194,0.7618246330842429,3.525520133326166,12.504298156013117,23.633707865168535,83.4,47.300000000000004,130.4,0.16850239234449763,2.8926374926079244,0.680823611633783,3.545809365087899,52.10000000000001,10.257881296704479,20.114859416160417,0.09931724100854793,0.34890597279716146,10.160991344551366,19.78793344443847,6.215297564647062,8.244876619536583,3.9496639965593245,10.07621902048277,14.017958711897212,4.869106499650557,0.7618246330842429,2.4851567120047307,3.4100155905596474,3.3222192355249716,26.847669480135476,113.29057577549594,103.97158754905651,0.0,0.0,0.0,34.651309069404874,65.59515617439922,2.139672598247406,3.9267055534648674,1071.0,927.0,1308.0,198.0,2395.0,126.0,8088.0,565.0,1132.0,7.382874576635664,0.3646063921294554,0.3103991452072469,0.15370681683780443,0.15500077952798239,0.01674127735068007,0.6579034729315628,0.4376321971936992,0.41009125853448736,0.42301986452341267,0.5935470404816944,0.9108189882264395,0.10030237621633245,1328.0,0.3924737379710768,0.3187308746841568,4.0,0.0,2,0,6,0.0042,0.09539999999999998,0.06666666666666667,0,0,4,0,2,4,13,1,1,1,0,0.0,1,0.929,0,0.0,0,0.0008,0,0.0,,,2002,2019,15,0.9832587226493199
Pau Gasol,gasolpa01,84,250.0,1980-07-06,,2003,2017,2001-11-01T00:00:00Z,True,15,NBA,"MEM, LAL, CHI, SAS",C,1037,1002.0,34.54387656702025,6.846673095467695,13.446480231436837,0.5091795754446357,0.12439729990356799,0.3355834136933462,0.3706896551724138,6.722275795564127,13.110896817743491,0.5127243306854957,0.5138052208835341,4.080038572806171,5.38572806171649,0.7575649059982095,2.599807135969142,6.868852459016393,9.468659594985535,3.2902603664416588,0.5168756027000965,1.618129218900675,2.2082931533269043,2.205400192864031,17.89778206364513,35822.0,7100,13944,129.0,348.0,6971.0,13596.0,4231,5585,2696.0,7123.0,9819.0,3412,536.0,1678.0,2290.0,2287.0,18560,9.0,21.700845848919656,0.5668787895706549,0.024778571827368655,0.40237853832840154,8.616972810005025,22.010920663279546,15.4112556529507,16.730137904081293,0.7687482552621294,3.4929261347775107,12.208310535425158,23.614485511696717,81.9,47.6,129.20000000000002,0.1734662777064374,2.9962481156830996,0.7583914912623526,3.7213807157612644,51.800000000000004,10.270289207749427,20.186843280665514,0.1848975489922394,0.5038356317346881,10.096306738875551,19.70198202222098,6.145689799564514,8.120811233320305,3.9036848863826696,10.301138964881915,14.196594271676624,4.942775389425492,0.7687482552621294,2.428987772877003,3.327552900452236,3.319222823962928,26.89297638322818,113.8577410529842,103.79571213220926,0.0,0.0,0.0,35.98620959187092,64.26975043269499,3.0087348556752826,3.121838534978505,1034.0,862.0,1271.0,180.0,2283.0,132.0,7941.0,527.0,1064.0,7.775816537323434,0.35015621684998044,0.305289514823293,0.1552612081960806,0.1649864050025124,0.024778571827368655,0.6517881190329965,0.44404594941655967,0.41681949639886096,0.4307369214449221,0.5887481435989057,0.9073833956786331,0.09074124839484116,1167.0,0.4211281893808274,0.3617582770364581,4.0,0.0,2,0,6,0.0042,0.09499999999999999,0.0,0,0,4,0,2,4,12,0,0,0,0,0.0,0,0.0,0,0.0,0,0.0008,0,0.0,,,2002,2019,16,0.9752214281726315
Pau Gasol,gasolpa01,84,250.0,1980-07-06,,2004,2018,2001-11-01T00:00:00Z,True,15,NBA,"MEM, LAL, CHI, SAS",C,1032,983.0,33.61046511627907,6.6065891472868215,13.037790697674419,0.5067261241174285,0.16569767441860464,0.4437984496124031,0.37336244541484714,6.440891472868217,12.593992248062015,0.5114257136262215,0.5130806391675957,3.8498062015503876,5.066860465116279,0.7598011091986996,2.5513565891472867,6.86531007751938,9.416666666666666,3.314922480620155,0.5096899224806202,1.559108527131783,2.117248062015504,2.12015503875969,17.228682170542637,34686.0,6818,13455,171.0,458.0,6647.0,12997.0,3973,5229,2633.0,7085.0,9718.0,3421,526.0,1609.0,2185.0,2188.0,17780,10.0,21.639592342731937,0.5651571239116646,0.03480303292394626,0.38994729862192246,8.677725883641815,22.618128351496278,15.744173441734414,17.172213573199564,0.7794989332872052,3.5064175748140456,12.145110419189297,23.40529608487574,78.10000000000001,48.900000000000006,126.7,0.17572487458917146,2.994257048953468,0.9079830479155855,3.867891944876896,51.5,10.174661246612466,20.096358761459957,0.25364123854004494,0.6757308424148071,9.932292567606527,19.434999711699245,5.956388744738511,7.848356685694516,3.930629072248169,10.563783659113188,14.494412731361354,5.109476445828288,0.7794989332872052,2.402490918526206,3.2787868304214958,3.274081762094217,26.58187741451882,114.0885659920429,103.51455918814507,0.0,0.0,0.0,32.91523957792769,67.34910338465087,3.3876636106786595,2.7391714236291302,1035.0,790.0,1242.0,159.0,2147.0,134.0,7946.0,487.0,1006.0,8.042233177650926,0.34531926425647236,0.29672135731995614,0.15417975552095944,0.16935948221184338,0.03480303292394626,0.6507012050971573,0.4398495646658594,0.41777039727844073,0.4320266966499452,0.5948996136769877,0.9043501124372945,0.0826946030098599,1033.0,0.41790215072363485,0.39100216225566514,3.0,0.0,2,0,6,0.0042,0.09413333333333332,0.0,0,0,4,0,2,4,11,0,0,0,0,0.0,0,0.0,0,0.0,0,0.0008,0,0.0,,,2002,2019,17,0.9651969670760537
Pau Gasol,gasolpa01,84,250.0,1980-07-06,,2005,2019,2001-11-01T00:00:00Z,True,15,NBA,"MEM, LAL, CHI, SAS, MIL",C,984,911.0,33.11788617886179,6.4573170731707314,12.703252032520325,0.50832,0.1758130081300813,0.4634146341463415,0.3793859649122807,6.28150406504065,12.239837398373984,0.5132015941547658,0.51524,3.6951219512195124,4.835365853658536,0.7641866330390921,2.488821138211382,6.916666666666667,9.40548780487805,3.328252032520325,0.4949186991869919,1.516260162601626,2.046747967479675,2.065040650406504,16.785569105691057,32588.0,6354,12500,173.0,456.0,6181.0,12044.0,3636,4758,2449.0,6806.0,9255.0,3275,487.0,1492.0,2014.0,2032.0,16517,10.0,21.580468270529032,0.5665043574321837,0.03751215171228674,0.3830252240088376,8.6013992880815,23.07177488646127,15.94445808272984,17.36489505339389,0.7695317294709709,3.476660120289677,12.099634834908557,23.06302013010924,73.3,46.599999999999994,119.7,0.17661381490119063,2.9793359518841283,0.9820946360623541,3.9324137719405923,49.0,10.078062476985394,19.840895421627593,0.2712654965017798,0.7164907327850741,9.818795262059654,19.139701730698416,5.793509880937769,7.591134773536271,3.8849453786669943,10.78152080520437,14.666466183871366,5.198959739781514,0.7695317294709709,2.36806186326255,3.2124708481649686,3.2262427887565974,26.24377071314594,114.56892107524241,103.65625383576777,0.0,0.0,0.0,31.036700625997298,69.16923407389223,3.377043697066404,2.9229869890757336,971.0,720.0,1168.0,141.0,1977.0,135.0,7611.0,448.0,880.0,8.238354609058549,0.341831717196514,0.28969525592242545,0.1574841966367988,0.1738087946483368,0.03751215171228674,0.6529547072542039,0.44047759911623907,0.42204658156376573,0.43324475266969437,0.5975741990916902,0.8981922179943538,0.08005710691051922,927.0,0.4222413158217748,0.3860040812569044,3.0,0.0,2,0,6,0.0042,0.09326666666666666,0.0,0,0,4,0,2,4,10,0,0,0,0,0.0,0,0.0,0,0.0,0,0.0006666666666666666,0,0.0,,,2002,2019,18,0.9624878482877132
Chris Andersen,anderch01,82,245.0,1978-07-07,Blinn College,2002,2017,2001-11-23T00:00:00Z,False,15,NBA,"DEN, NOH, NOK, NOH, DEN, MIA, MEM, CLE",C,695,45.0,17.658992805755396,1.9223021582733812,3.614388489208633,0.5318471337579618,0.02158273381294964,0.09784172661870504,0.22058823529411764,1.9007194244604317,3.516546762589928,0.54050736497545,0.5348328025477707,1.5366906474820143,2.3482014388489207,0.6544117647058824,1.6920863309352518,3.3338129496402877,5.02589928057554,0.4848920863309353,0.4489208633093525,1.4258992805755395,0.7381294964028777,1.9309352517985612,5.402877697841727,12273.0,1336,2512,15.0,68.0,1321.0,2444.0,1068,1632,1176.0,2317.0,3493.0,337,312.0,991.0,513.0,1342.0,3755,0.0,16.663635622912086,0.5887485537358428,0.028572720606208756,0.674682962600831,11.322952823270592,22.16319563268965,16.761549743339035,4.403112523425405,1.3152041065754094,6.348048561883809,13.725136478448627,13.879344903446588,20.200000000000003,19.4,39.800000000000004,0.15490377250875906,-0.4469078464923002,1.3923735028110489,0.9421820255846167,9.000000000000002,5.685366251120345,10.706705776908661,0.06826366821478042,0.2900839240609468,5.622186914364867,10.40058665362992,4.513036747331541,6.93888209891632,4.993408294630489,9.82894157907602,14.820011407153913,1.4363562291208343,1.3152041065754094,4.199470382139657,2.1981504114723376,5.70018740324289,15.984339607267986,117.49262608979059,101.51242564980038,0.0,0.0,0.05964311904179907,34.439256905402104,65.55194329014911,2.950387028436405,3.919970667318504,207.0,131.0,793.0,100.0,663.0,84.0,737.0,112.0,214.0,4.929291941660556,0.7077408131671149,0.0798931801515522,0.06396178603438442,0.11967196284527011,0.028572720606208756,0.6366071865069666,0.2926134604416198,0.28446190825389067,0.3590739835411065,0.67910999755561,0.3490589098020044,0.24933740731687443,552.0,0.195311496781553,0.13015725576468673,10.0,1.0,1,0,0,0.0011333333333333334,0.0,0.0,0,0,1,0,0,0,0,0,0,0,0,0.0,0,0.0,0,0.0016,0,0.0006666666666666666,0,0.0011333333333333334,,,2002,2017,15,0.971427279393791
Manu Ginóbili,ginobma01,78,205.0,1977-07-28,,2003,2017,2002-10-29T00:00:00Z,True,15,NBA,SAS,SG,992,349.0,25.766129032258064,4.418346774193548,9.878024193548388,0.4472905398510052,1.4425403225806452,3.8941532258064515,0.3704374838208646,2.975806451612903,5.983870967741935,0.4973045822102426,0.5203081947137463,3.2963709677419355,3.9899193548387095,0.8261748357756442,0.6713709677419355,2.912298387096774,3.5836693548387095,3.868951612903226,1.3598790322580645,0.30544354838709675,2.027217741935484,2.1028225806451615,13.575604838709678,25560.0,4383,9799,1431.0,3863.0,2952.0,5936.0,3270,3958,666.0,2889.0,3555.0,3838,1349.0,303.0,2011.0,2086.0,13467,0.0,20.59195226917058,0.5817428794992174,0.3930968701095462,0.4042640845070423,3.102453051643193,12.822202660406884,8.071682316118935,24.801694053208134,2.775105633802817,0.8687402190923318,14.943169014084509,24.64420970266041,58.3,45.99999999999999,104.30000000000001,0.1956173708920188,3.181291079812208,2.1309546165884194,5.317977308294209,47.3,9.053032081377154,20.197797339593116,2.9478208137715183,7.957093114241,6.106854460093896,12.268677621283256,6.760723787167448,8.196521909233176,1.3817683881064162,5.960766823161189,7.342965571205008,7.880269953051642,2.775105633802817,0.6320618153364633,4.134319248826291,4.3166549295774646,27.79629107981221,112.69076682316118,100.09401408450704,1.5108763693270735,76.07969483568075,22.08235524256651,0.35062597809076684,0.0,10.695637715179968,6.969730046948357,1243.0,474.0,766.0,157.0,1431.0,299.0,8649.0,319.0,513.0,13.854483568075116,0.29328039906103287,0.13757601721439752,0.07609929577464787,0.10001521909233177,0.3930968701095462,0.6201399061032864,0.4050930359937402,0.3894160798122066,0.3271090766823161,0.39829354460093896,0.8117904538341157,0.01819381846635368,152.0,0.2106233176838811,0.3905330985915494,32.0,0.0,4,0,2,0.029200000000000004,0.028399999999999998,0.04526666666666667,0,0,8,0,0,2,7,0,1,1,0,0.0017333333333333335,0,0.009,1,0.15113333333333331,0,0.0003333333333333333,0,0.0002,,,2003,2018,15,0.6069031298904538
Manu Ginóbili,ginobma01,78,205.0,1977-07-28,,2004,2018,2002-10-29T00:00:00Z,True,15,NBA,SAS,SG,988,344.0,25.736842105263158,4.463562753036437,9.984817813765183,0.44703497212366955,1.4615384615384615,3.9544534412955468,0.36959303813667777,3.0020242914979756,6.030364372469635,0.4978180597515945,0.5202230106436898,3.2935222672064777,3.965587044534413,0.8305257784583971,0.645748987854251,2.9331983805668016,3.5789473684210527,3.909919028340081,1.311740890688259,0.305668016194332,2.0404858299595143,2.0668016194331984,13.682186234817813,25428.0,4410,9865,1444.0,3907.0,2966.0,5958.0,3254,3918,638.0,2898.0,3536.0,3863,1296.0,302.0,2016.0,2042.0,13518,0.0,20.530584395154946,0.5817232578260185,0.39534678307377696,0.3965646531382729,2.975188768286928,12.935036180588327,8.059406952965235,25.01700487651408,2.6737612081170368,0.8793141418908291,14.894136385087304,24.829361333962567,57.099999999999994,45.19999999999999,102.30000000000001,0.19288685700802263,3.160571024067957,2.0059147396570713,5.172247129148969,46.1,9.132696240364956,20.389291332389494,2.98391143621205,8.072019034135598,6.150436526663521,12.345390907660848,6.7509871008337266,8.139436841277334,1.3234033349064025,6.000558439515495,7.324394368412775,7.9560051911278915,2.6737612081170368,0.6322282523202769,4.157008022652193,4.2348395469561115,27.981878244454933,112.57224319647632,100.56465313827277,1.5187195217870064,73.26875884851344,24.781579361333964,0.4546169576844423,0.0,10.457920402705678,6.856205757432753,1269.0,471.0,757.0,148.0,1407.0,314.0,8715.0,317.0,506.0,13.922298253893343,0.2899571731949033,0.137439672801636,0.07772498820198206,0.09944108856378796,0.39534678307377696,0.6196939594148184,0.41143719521787003,0.38839299197734783,0.3316448010067642,0.39771507786691845,0.8059581956897908,0.016522101620261128,142.0,0.2039356614755388,0.3944430155733837,31.0,0.0,3,0,2,0.0292,0.0284,0.0,0,0,8,0,0,2,7,0,0,0,0,0.0017333333333333335,0,0.0,1,0.15113333333333331,0,0.0003333333333333333,0,0.0002,,,2003,2018,16,0.6046532169262231
Mike Dunleavy,dunlemi02,81,230.0,1980-09-15,Duke,2003,2017,2002-10-30T00:00:00Z,False,15,NBA,"GSW, IND, MIL, CHI, ATL, CLE",SF,986,585.0,27.72819472616633,3.9908722109533468,9.052738336713995,0.44084696392561057,1.3225152129817443,3.5091277890466532,0.376878612716763,2.6683569979716024,5.543610547667343,0.4813391877058178,0.5138920008962581,1.9006085192697768,2.366125760649087,0.8032576082297471,0.7079107505070994,3.5628803245436105,4.27079107505071,2.216024340770791,0.72920892494929,0.3286004056795132,1.3884381338742393,2.0141987829614605,11.204868154158214,27340.0,3935,8926,1304.0,3460.0,2631.0,5466.0,1874,2333,698.0,3513.0,4211.0,2185,719.0,324.0,1369.0,1986.0,11048,0.0,13.858441843452816,0.5547688002926116,0.39318068763716163,0.2576043160204828,2.7863935625457206,14.32301755669349,8.485416971470372,12.98669348939283,1.3430943672275057,0.8640892465252378,12.032381126554501,18.326185076810535,32.9,25.599999999999994,58.5,0.10276422823701536,0.2521470373079736,0.006020482809070964,0.2817776152158011,15.799999999999999,7.354517190929043,16.660281638624728,2.423792977322605,6.463723482077541,4.897168983174835,10.199853694220922,3.4768873445501103,4.336254572055596,1.2993525969275788,6.5774689100219454,7.882256766642282,4.07829188002926,1.3430943672275057,0.5887673738112656,2.55751280175567,3.7286978785662037,20.59452084857352,108.99151426481346,106.86945866861741,0.0,15.856474030724213,65.7829188002926,17.539465983906364,0.7389904901243599,0.022110460863204097,2.388478419897586,710.0,355.0,1019.0,139.0,918.0,277.0,4924.0,182.0,355.0,16.000263350402342,0.21405815654718363,0.08917432333577176,0.07049934162399414,0.2334006217995611,0.39318068763716163,0.6583742501828823,0.34875449890270666,0.3593726408193123,0.3963049012435991,0.6906735186539869,0.9568077542062912,0.009782223847841989,83.0,0.24685855888807612,0.40153211411850764,9.0,2.0,0,0,0,0.0,0.0,0.004733333333333333,0,0,0,0,0,0,0,0,0,1,0,0.0,0,0.0,0,0.0002,0,0.0058000000000000005,0,0.0,,,2003,2017,15,0.6068193123628383
Nenê,hilarne01,83,250.0,1982-09-13,,2003,2017,2002-10-30T00:00:00Z,False,15,NBA,"DEN, WAS, HOU",C,871,620.0,27.47761194029851,4.568312284730196,8.342135476463834,0.5476190476190477,0.008036739380022962,0.05510907003444317,0.14583333333333334,4.560275545350172,8.287026406429392,0.5502909393183707,0.5481007431874484,2.8163030998851895,4.2594718714121695,0.6611859838274933,1.8369690011481057,4.510907003444317,6.347876004592423,1.892078071182549,1.142365097588978,0.7944890929965557,1.8817451205510907,3.12743972445465,11.960964408725603,23933.0,3979,7266,7.0,48.0,3972.0,7218.0,2453,3710,1600.0,3929.0,5529.0,1648,995.0,692.0,1639.0,2724.0,10418,0.0,17.200693602974976,0.587777545648268,0.006411732753938077,0.5187223916767644,7.62353653950612,18.645706764718174,13.156850373960639,11.368211256424182,2.1029248318221705,2.2201896962353236,15.536405799523667,19.54053816905528,34.9,34.4,69.2,0.13897710274516362,-0.11711444449087033,1.217269042744328,1.0926001754899093,18.600000000000005,8.434291563949358,15.418012785693396,0.005005640747085614,0.09827434922491957,8.422767726570008,15.314841432331928,5.210859482722602,7.862762712572598,3.4074792128024067,8.332273429992062,11.717778799147622,3.5188484519283,2.1029248318221705,1.4703798103037646,3.491580662683324,5.7812100447081445,22.097915012743908,110.56265407596206,103.01249321021184,0.0,0.0,0.011114360924246856,28.767768353319685,71.22111728575607,3.783854928341621,5.744917060126186,542.0,470.0,1198.0,346.0,1707.0,176.0,3696.0,436.0,611.0,5.5965361634563155,0.568259683282497,0.17034345882254628,0.11317072661179127,0.14210688171144445,0.006411732753938077,0.6882166464713994,0.3769049011824677,0.36914139472694607,0.3531924539338988,0.6972429699577989,0.3865792002674132,0.1807761667989805,1171.0,0.1456648978398028,0.0,6.0,0.0,0,0,0,0.004533333333333334,0.0018666666666666664,0.047599999999999996,0,0,4,0,0,0,2,1,1,1,0,0.0,0,0.003,0,0.0,0,0.007000000000000001,0,0.0,,,2003,2019,15,0.9935882672460619
Nenê,hilarne01,83,250.0,1982-09-13,,2004,2018,2002-10-30T00:00:00Z,False,15,NBA,"DEN, WAS, HOU",C,843,571.0,26.61091340450771,4.500593119810202,8.168446026097271,0.5509729886726692,0.00830367734282325,0.05575326215895611,0.14893617021276595,4.492289442467379,8.112692763938316,0.5537359263050153,0.5514812663374964,2.756820877817319,4.123368920521945,0.6685845799769851,1.7153024911032029,4.469750889679715,6.185053380782918,1.8315539739027284,1.062870699881376,0.7603795966785291,1.774614472123369,3.0272835112692764,11.766310794780546,22433.0,3794,6886,7.0,47.0,3787.0,6839.0,2324,3476,1446.0,3768.0,5214.0,1544,896.0,641.0,1496.0,2552.0,9919,0.0,17.35488788837873,0.5922935853430213,0.006607497882583692,0.5130838051085456,7.380301341773278,18.9606517184505,13.20091383230063,11.221361387242009,2.002393794855793,2.1912004636027285,15.048080952168677,19.603499309053625,35.10000000000001,31.700000000000003,66.8,0.14300748896714663,-0.0682877903089199,1.1276913475683148,1.0513440021397047,17.200000000000003,8.540690054829938,15.51318593144029,0.005340346810502385,0.09815896224312397,8.528395667097579,15.409802523068693,5.244947176035305,7.816417777381536,3.2603753399010387,8.492029599251104,11.728961797352115,3.4998350644140332,2.002393794855793,1.4481255293540765,3.3867694913743143,5.743569741006553,22.349413810012038,111.84335577051665,103.48352872999598,0.0,0.0,0.011857531315472741,30.42317122096911,69.59876075424597,5.235207061026167,5.7488476797575006,493.0,437.0,1143.0,317.0,1621.0,179.0,3494.0,426.0,555.0,5.720113226050907,0.5655074666785539,0.1646354923550127,0.11797410065528464,0.14548682744171534,0.006607497882583692,0.6903996344670797,0.38494927116301875,0.372173360674007,0.3708751838808898,0.7071448312753532,0.4124281192885481,0.17606775732180271,1081.0,0.18919440110551422,0.0,5.0,0.0,0,0,0,0.0034000000000000002,0.0018666666666666664,0.0,0,0,3,0,0,0,2,0,0,0,0,0.0,0,0.0,0,0.0,0,0.007000000000000001,0,0.0,,,2003,2019,16,0.9933925021174163
Nenê,hilarne01,83,250.0,1982-09-13,,2005,2019,2002-10-30T00:00:00Z,False,15,NBA,"DEN, WAS, HOU",C,808,496.0,25.340346534653467,4.356435643564357,7.8861386138613865,0.5524168236032643,0.008663366336633664,0.0594059405940594,0.14583333333333334,4.3477722772277225,7.826732673267327,0.5555028462998103,0.5529661016949152,2.617574257425743,3.9245049504950495,0.6669820245979187,1.641089108910891,4.341584158415841,5.982673267326732,1.7351485148514851,0.9876237623762376,0.7611386138613861,1.6386138613861385,2.9195544554455446,11.339108910891088,20475.0,3520,6372,7.0,48.0,3513.0,6324.0,2115,3171,1326.0,3508.0,4834.0,1402,798.0,615.0,1324.0,2359.0,9162,0.0,17.521875457875463,0.5929671306471306,0.007565811965811965,0.5045862271062271,7.433128205128204,19.30777533577534,13.41469597069597,11.167218559218558,1.943037851037851,2.3153211233211235,14.373059829059827,19.711135531135533,32.8,29.300000000000004,62.100000000000016,0.14565455433455435,-0.04741880341880337,1.1739242979242983,1.1299047619047617,16.1,8.657587301587302,15.696415140415143,0.005851037851037851,0.11554578754578755,8.644117216117216,15.577811965811966,5.221934065934067,7.795365079365081,3.2634822954822957,8.636918192918195,11.886945054945057,3.4678192918192914,1.943037851037851,1.5234383394383393,3.2725860805860805,5.791506715506716,22.574632478632477,112.82881562881563,103.83873015873016,0.0,0.0,0.012991452991452991,23.793455433455435,76.23057387057388,5.313240537240538,4.958412698412698,441.0,387.0,1080.0,271.0,1480.0,186.0,3203.0,384.0,496.0,5.875873015873017,0.5588792673992674,0.16495658119658121,0.11769391941391943,0.151258315018315,0.007565811965811965,0.6938603663003663,0.3867980952380952,0.3786099633699634,0.386066568986569,0.7084515750915751,0.45186813186813185,0.16984263736263738,973.0,0.2072868376068376,0.0,4.0,0.0,0,0,0,0.0034000000000000002,0.0018666666666666664,0.0,0,0,3,0,0,0,2,0,0,0,0,0.0,0,0.0,0,0.0,0,0.006866666666666668,0,0.0,,,2003,2019,17,0.9924341880341883
Udonis Haslem,hasleud01,80,235.0,1980-06-09,Florida,2004,2018,2003-10-28T00:00:00Z,False,15,NBA,MIA,PF,844,498.0,25.407582938388625,3.1137440758293837,6.345971563981043,0.49066467513069456,0.004739336492890996,0.0509478672985782,0.09302325581395349,3.109004739336493,6.295023696682464,0.49388292866553735,0.4910380881254668,1.45260663507109,1.9229857819905214,0.7553912507701787,1.8992890995260663,4.867298578199052,6.766587677725118,0.8601895734597157,0.5,0.2950236966824645,0.9478672985781991,2.4028436018957344,7.684834123222749,21444.0,2628,5356,4.0,43.0,2624.0,5313.0,1226,1623,1603.0,4108.0,5711.0,726,422.0,249.0,800.0,2028.0,6486,0.0,13.019250139899272,0.5339480507368028,0.00869856370080209,0.3019061275881365,9.047938817384816,22.293023689610145,15.796385935459803,5.405302182428651,1.0433081514642792,0.9246595784368586,11.723479761238574,15.056822421190079,23.499999999999996,27.500000000000004,50.900000000000006,0.11380162283156128,-1.3897174034695021,-0.5202480880432755,-1.9221367282223463,0.4999999999999999,6.5033762357769085,13.263560902816641,0.009415221040850588,0.10352546166759932,6.4939610147360565,13.161854131691848,3.0439750046633094,4.020401977243052,3.9636774855437413,10.164558850960642,14.148185972766276,1.7985730274202574,1.0433081514642792,0.6249020705092333,1.9776301063234472,5.028194366722626,16.08029751911957,109.61891438164521,104.37339115836598,0.0,0.0,10.662143256855064,79.10571721693714,10.34578436858795,1.9942921096810295,0.4741559410557733,302.0,246.0,1003.0,139.0,658.0,194.0,1666.0,141.0,355.0,9.85170677112479,0.3538256388733445,0.09666648013430329,0.21093984331281473,0.3300593172915501,0.00869856370080209,0.6539163868681216,0.3651034321954859,0.3972509792949077,0.41030852452900574,0.7752569483305352,0.06188211154635329,0.06943601939936579,320.0,0.0856391065099795,0.012422868867748555,5.0,0.0,3,0,0,0.006666666666666667,0.0,0.025,0,0,3,0,0,0,0,0,1,1,0,0.0,0,0.0,0,0.0005333333333333334,0,0.0017333333333333333,0,0.0005333333333333334,,,2004,2023,15,0.9913014362991978
Udonis Haslem,hasleud01,80,235.0,1980-06-09,Florida,2005,2019,2003-10-28T00:00:00Z,False,15,NBA,MIA,PF,779,475.0,25.318356867779205,3.1245186136071887,6.34403080872914,0.4925131525698098,0.005134788189987163,0.06675224646983312,0.07692307692307693,3.1193838254172017,6.277278562259307,0.49693251533742333,0.49291784702549574,1.397946084724005,1.853658536585366,0.7541551246537396,1.8189987163029524,4.939666238767651,6.7586649550706035,0.8690629011553274,0.4993581514762516,0.2888318356867779,0.9358151476251605,2.362002567394095,7.652118100128369,19723.0,2434,4942,4.0,52.0,2430.0,4890.0,1089,1444,1417.0,3848.0,5265.0,677,389.0,225.0,729.0,1840.0,5961,0.0,12.9219540637834,0.5344738123003601,0.010186229275465194,0.2914807078030725,8.752355118389698,22.66582669979212,15.845981848603152,5.446017340161233,1.0433351924149472,0.9052324697054199,11.656664807585052,15.014860822390105,20.599999999999998,25.5,46.0,0.11180104446585204,-1.4423870607919689,-0.4927394412614715,-1.9487349794655986,0.2999999999999999,6.533975561527151,13.264969832175632,0.010236779394615423,0.1330984130203316,6.523738782132535,13.13384880596258,2.9257465902753133,3.87131268062668,3.798286264767023,10.328094103331138,14.13896973077118,1.8147746286061956,1.0433351924149472,0.615722760229174,1.9574760431982965,4.943020838614815,16.025472798255844,109.55285707042539,104.59924960705774,0.0,0.0,8.316128378035796,80.29721644780206,11.510216498504285,2.080322466156264,0.5178015514881105,276.0,220.0,925.0,123.0,578.0,197.0,1547.0,123.0,297.0,10.075951934289915,0.3461788267504944,0.09015312072199969,0.21392014399432135,0.33968082948841455,0.010186229275465194,0.6594128175226892,0.36301490645439344,0.4079330223596816,0.41102601024184965,0.7863387922729808,0.06728185367337626,0.06932773918775034,293.0,0.0634319322618263,0.013506870151599655,4.0,0.0,3,0,0,0.006666666666666667,0.0,0.0,0,0,3,0,0,0,0,0,0,0,0,0.0,0,0.0,0,0.0005333333333333334,0,0.0017333333333333333,0,0.0005333333333333334,,,2004,2023,16,0.9898137707245345
Udonis Haslem,hasleud01,80,235.0,1980-06-09,Florida,2006,2020,2003-10-28T00:00:00Z,False,15,NBA,MIA,PF,703,396.0,24.31294452347084,2.9758179231863444,6.13371266002845,0.48515769944341375,0.007112375533428165,0.07254623044096728,0.09803921568627451,2.9687055476529163,6.061166429587482,0.4897911288429946,0.4857374768089054,1.3001422475106685,1.7396870554765291,0.7473426001635323,1.6770981507823612,4.802275960170697,6.479374110953058,0.8108108108108109,0.46372688477951635,0.26173541963015645,0.8776671408250356,2.256045519203414,7.2588904694167855,17092.0,2092,4312,5.0,51.0,2087.0,4261.0,914,1223,1179.0,3376.0,4555.0,570,326.0,184.0,617.0,1586.0,5103,0.0,12.501942429206645,0.5259306693189798,0.011517961619471098,0.2823522700678679,8.40039784694594,23.056570325298384,15.864644278024803,5.3065820266791475,1.016130353381699,0.8724198455417738,11.403908261174818,15.029709805757083,15.400000000000002,21.6,36.8,0.10329282705359234,-1.7106482564942662,-0.6196583196817225,-2.330359232389422,-1.4000000000000004,6.486847648022468,13.350649426632344,0.014644278024806928,0.14643107886730633,6.47220336999766,13.206500117013807,2.8368359466417035,3.7899309618534986,3.6502164755441138,10.458190966534053,14.122934706295341,1.7682951088228411,1.016130353381699,0.5852972150713784,1.9173121928387553,4.922975661128014,15.834636087058275,108.19851392464311,105.01737655043296,0.0,0.0,9.5962438567751,77.52071144395039,13.025626023870817,1.004142288790077,-0.04025860051486055,227.0,185.0,816.0,110.0,481.0,199.0,1315.0,99.0,263.0,10.401684998829863,0.3237158319681722,0.09596899134097822,0.21460899836180672,0.354328282237304,0.011517961619471098,0.6579539550666978,0.3771027966300024,0.4043683009595132,0.4015206529370466,0.795080154458226,0.08021296512988532,0.06145301895623684,223.0,0.0731961151415867,0.015586005148607536,1.0,0.0,3,0,0,0.0044666666666666665,0.0,0.0,0,0,2,0,0,0,0,0,0,0,0,0.0,0,0.0,0,0.0005333333333333334,0,0.0,0,0.0005333333333333334,,,2004,2023,17,0.9884820383805288
Udonis Haslem,hasleud01,80,235.0,1980-06-09,Florida,2007,2021,2003-10-28T00:00:00Z,False,15,NBA,MIA,PF,623,316.0,23.441412520064205,2.879614767255217,5.975922953451043,0.48186946011281223,0.008025682182985553,0.07865168539325842,0.10204081632653061,2.871589085072231,5.897271268057785,0.4869352204681546,0.4825409615901155,1.2150882825040128,1.6436597110754414,0.7392578125,1.624398073836276,4.670947030497592,6.295345104333868,0.7624398073836276,0.44301765650080255,0.2680577849117175,0.8619582664526485,2.1990369181380416,6.982343499197432,14604.0,1794,3723,5.0,49.0,1789.0,3674.0,757,1024,1012.0,2910.0,3922.0,475,276.0,167.0,537.0,1370.0,4350,0.0,12.306238016981649,0.5205579978088196,0.012968501780334157,0.2729730210901123,8.432854012599286,23.37621199671323,16.01279101615996,5.2042728019720625,1.0016159956176391,0.9357641741988496,11.555745001369488,15.191385921665299,11.500000000000002,18.500000000000004,29.799999999999994,0.09813147082990963,-1.9289030402629417,-0.70673103259381,-2.635695699808271,-2.3000000000000003,6.524185154752122,13.516858394960286,0.01713913996165434,0.1713777047384278,6.507046014790468,13.348151191454393,2.757251437962202,3.7192070665571078,3.675089016707751,10.571720076691317,14.263811284579564,1.7284100246507808,1.0016159956176391,0.6167830731306492,1.9539852095316355,4.9941112024102985,15.833833196384553,106.88667488359354,105.02156943303204,0.0,0.0,11.231101068200493,75.37619830183512,13.559572719802794,0.08021090112297995,-1.039776773486716,194.0,165.0,732.0,97.0,411.0,164.0,1100.0,88.0,238.0,10.299260476581757,0.32813838674335805,0.10071993974253629,0.21050725828540126,0.3476592714324842,0.012968501780334157,0.6481233223774308,0.38591248972884146,0.39960695699808274,0.39640988770199953,0.7937713640098604,0.09387838948233361,0.05657114489181046,175.0,0.08566611887154205,0.018241303752396604,0.0,0.0,2,0,0,0.0044666666666666665,0.0,0.0,0,0,2,0,0,0,0,0,0,0,0,0.0,0,0.0,0,0.0005333333333333334,0,0.0,0,0.0005333333333333334,,,2004,2023,18,0.9870314982196657
Udonis Haslem,hasleud01,80,235.0,1980-06-09,Florida,2008,2022,2003-10-28T00:00:00Z,False,15,NBA,MIA,PF,557,237.0,21.910233393177737,2.6122082585278275,5.452423698384201,0.4790912084293711,0.010771992818671455,0.08797127468581688,0.12244897959183673,2.601436265709156,5.364452423698384,0.48493975903614456,0.48007902535396774,1.1166965888689409,1.4793536804308798,0.7548543689320388,1.4865350089766607,4.425493716337522,5.912028725314183,0.6858168761220825,0.40933572710951527,0.25493716337522443,0.7755834829443446,2.0628366247755836,6.351885098743267,12204.0,1455,3037,6.0,49.0,1449.0,2988.0,622,824,828.0,2465.0,3293.0,382,228.0,142.0,432.0,1149.0,3538,0.0,11.997459849229758,0.5198873320222879,0.015175434283841363,0.2697361520812848,8.257505735824319,23.77040314650934,16.12451655195018,4.9352343493936415,0.9788675843985577,0.9658636512618811,11.47790068829892,14.75438380858735,9.4,15.499999999999998,24.799999999999994,0.09751179941002949,-2.026229105211406,-0.6877089478859392,-2.7343575876761714,-2.2000000000000006,6.318059652572927,13.168969190429367,0.024590298262864636,0.20105703048180923,6.293469354310062,12.971107833497214,2.701352015732547,3.5676417568010494,3.600311373320222,10.702515568666012,14.30282694198623,1.6573746312684368,0.9788675843985577,0.6200835791543756,1.8703539823008848,4.999811537200918,15.396337266470011,106.9930350704687,105.04621435594886,0.0,0.0,13.4397738446411,73.46206161914127,13.297853162897411,-0.09886102917076368,-2.0828007210750576,153.0,138.0,623.0,79.0,325.0,129.0,893.0,65.0,196.0,10.435414618157981,0.32573262864634545,0.09985217961324155,0.20358062930186824,0.355651179941003,0.015175434283841363,0.6488537364798427,0.3718764339560799,0.3967509832841692,0.3942309078990495,0.7925390855457226,0.11914126515896427,0.05670952146837102,142.0,0.10761373320222878,0.02409333005571944,0.0,0.0,2,0,0,0.0033333333333333335,0.0,0.0,0,0,1,0,0,0,0,0,0,0,0,0.0,0,0.0,0,0.0005333333333333334,0,0.0,0,0.0,,,2004,2023,19,0.9848245657161585
Udonis Haslem,hasleud01,80,235.0,1980-06-09,Florida,2009,2023,2003-10-28T00:00:00Z,False,15,NBA,MIA,PF,515,190.0,20.33009708737864,2.384466019417476,4.968932038834952,0.47987495115279405,0.017475728155339806,0.11262135922330097,0.15517241379310345,2.366990291262136,4.85631067961165,0.48740503798480606,0.4816334505666276,0.9922330097087378,1.3339805825242719,0.7438136826783115,1.4077669902912622,4.14757281553398,5.555339805825243,0.6097087378640776,0.36893203883495146,0.2446601941747573,0.7106796116504854,1.970873786407767,5.778640776699029,10470.0,1228,2559,9.0,58.0,1219.0,2501.0,511,687,725.0,2136.0,2861.0,314,190.0,126.0,366.0,1015.0,2976,0.0,11.837029608404967,0.5197958930276984,0.019790926456542502,0.2673039159503343,8.461700095510983,23.8751193887297,16.32246418338109,4.632005730659025,0.9560936007640878,1.0075740210124164,11.589675262655204,14.45521489971347,8.300000000000002,14.099999999999998,22.3,0.10204966571155684,-2.107096466093601,-0.672893982808023,-2.8037917860553963,-2.1000000000000005,6.205119388729703,12.919579751671439,0.04290353390639924,0.2770773638968481,6.162215854823305,12.64554918815664,2.581575931232092,3.4581661891117483,3.663896848137535,10.801518624641835,14.465415472779366,1.587067812798472,0.9560936007640878,0.6460744985673352,1.840066857688634,5.138767908309455,15.075348615090737,107.42091690544413,104.43209169054441,0.0,0.0,15.665616045845272,70.82664756446991,13.740496657115568,1.4134670487106016,-2.5547373447946518,126.0,111.0,553.0,75.0,272.0,105.0,740.0,56.0,165.0,10.43595988538682,0.33234374403056355,0.09571050620821395,0.19681690544412608,0.3553218720152817,0.019790926456542502,0.649916523400191,0.37279828080229227,0.3862373447946514,0.3941832855778415,0.796926552053486,0.14565425023877746,0.06012578796561605,127.0,0.128447182425979,0.02977889207258835,0.0,0.0,2,0,0,0.0033333333333333335,0.0,0.0,0,0,1,0,0,0,0,0,0,0,0,0.0,0,0.0,0,0.0005333333333333334,0,0.0,0,0.0,0,0.0,2004,2023,20,0.9802090735434574
Kyle Korver,korveky01,79,212.0,1981-03-17,Creighton,2004,2018,2003-10-28T00:00:00Z,False,15,NBA,"PHI, UTA, CHI, ATL, CLE",SG,1104,422.0,26.167572463768117,3.420289855072464,7.70018115942029,0.44418303728973063,2.0045289855072466,4.646739130434782,0.4313840155945419,1.4157608695652173,3.0534420289855073,0.46366063482646097,0.5743441948006117,1.088768115942029,1.236413043478261,0.8805860805860806,0.2907608695652174,2.7518115942028984,3.0425724637681157,1.7798913043478262,0.6820652173913043,0.3432971014492754,1.0715579710144927,2.1177536231884058,9.933876811594203,28889.0,3776,8501,2213.0,5130.0,1563.0,3371.0,1202,1365,321.0,3038.0,3359.0,1965,753.0,379.0,1183.0,2338.0,10967,0.0,12.871355879400463,0.6060785420056077,0.6132015646093668,0.15824410675343553,1.3115718785696977,11.968555505555749,6.691598878465852,10.523334141022534,1.3431375263941292,1.0560074768943197,11.598411159957077,16.14025061442071,40.8,27.599999999999998,68.7,0.11408477275087404,0.6071238187545432,0.1029215272248953,0.6865762054761326,19.799999999999997,6.726747204818443,15.15001211533802,3.9355810169960885,9.124871058188239,2.793582332375645,6.033476409706116,2.1427809893038874,2.434272560490152,0.5819619924538751,5.395873862023607,5.977129703347295,3.4801758454775173,1.3431375263941292,0.6576517013396103,2.1060403613832257,4.158963619370695,19.540524074907406,113.81394302329606,107.222783758524,0.5634324483367371,47.925161826300666,43.9972653951331,7.27100280383537,0.0,3.443705216518398,3.6096195783862375,673.0,274.0,1333.0,120.0,246.0,164.0,4279.0,65.0,209.0,20.8243414448406,0.0588428467582817,0.02212122261068227,0.07028239122157223,0.23544805981515454,0.6132015646093668,0.6147106164976287,0.3666319360310153,0.4338718543390218,0.4458754889404271,0.8493628716812627,0.9644271868185121,0.0024464328983350068,20.0,0.2889638270622037,0.4771494340406384,3.0,0.0,0,0,1,0.0,0.0002,0.0012,0,0,0,0,0,0,1,0,0,1,0,0.0,0,0.0,0,0.006466666666666667,0,0.001,0,0.0,,,2004,2020,15,0.3867984353906331
Kyle Korver,korveky01,79,212.0,1981-03-17,Creighton,2005,2019,2003-10-28T00:00:00Z,False,15,NBA,"PHI, UTA, CHI, ATL, CLE, UTA",SG,1100,422.0,26.673636363636362,3.5109090909090908,7.87,0.4461129721612568,2.0636363636363635,4.791818181818182,0.4306583191045342,1.4472727272727273,3.078181818181818,0.47017129356172477,0.5772207462169343,1.13,1.2854545454545454,0.879066478076379,0.2727272727272727,2.827272727272727,3.1,1.8236363636363637,0.6845454545454546,0.3481818181818182,1.0918181818181818,2.129090909090909,10.215454545454545,29341.0,3862,8657,2270.0,5271.0,1592.0,3386.0,1243,1414,300.0,3110.0,3410.0,2006,753.0,383.0,1201.0,2342.0,11237,0.0,12.878674891789645,0.6085032207491224,0.6174620496915578,0.1604772161821342,1.2029515013121572,12.02630448859957,6.666139531713301,10.516362768821784,1.3182747690944412,1.05052315871988,11.5633788896084,16.125500153369003,41.599999999999994,28.1,70.0,0.11443219385842338,0.594690024198221,0.1027265601036093,0.6743089874237415,20.0,6.741590266180431,15.100504413619168,3.9519784601751815,9.172393578950954,2.7919907296956477,5.940864319552845,2.173722777001466,2.4698919600558944,0.5295218295218296,5.4125080944753075,5.945881190143486,3.4832623291639684,1.3182747690944412,0.650676527725708,2.093923179169081,4.078282948774753,19.61286936368904,114.10050782181929,107.49139429467299,0.8730104631743976,49.59728707269691,42.291776013087485,6.99853447394431,0.0,3.590327528032446,3.571033707099281,684.0,272.0,1324.0,128.0,258.0,173.0,4383.0,70.0,211.0,20.884686956818104,0.05760304693091578,0.022828397123479095,0.06861797484748305,0.23338621723867628,0.6174620496915578,0.6301801915408473,0.3704785112981835,0.43785910500664604,0.45045373368324193,0.8525105483794008,0.9646569305749633,0.002408745441532327,20.0,0.2852696227122457,0.47934378514706394,2.0,0.0,0,0,1,0.0,0.0002,0.0,0,0,0,0,0,0,1,0,0,0,0,0.0,0,0.0,0,0.006466666666666667,0,0.001,0,0.0,,,2004,2020,16,0.3825379503084421
Kyle Korver,korveky01,79,212.0,1981-03-17,Creighton,2006,2020,2003-10-28T00:00:00Z,False,15,NBA,"PHI, UTA, CHI, ATL, CLE, UTA, MIL",SG,1076,366.0,25.682156133828997,3.4117100371747213,7.612453531598513,0.44817482602856795,1.991635687732342,4.600371747211896,0.43292929292929294,1.420074349442379,3.0120817843866172,0.47145942610305464,0.5789891344158222,1.1115241635687731,1.263011152416357,0.8800588668138337,0.2555762081784387,2.674721189591078,2.930297397769517,1.758364312267658,0.6282527881040892,0.33643122676579923,1.062267657992565,2.0027881040892193,9.926579925650557,27634.0,3671,8191,2143.0,4950.0,1528.0,3241.0,1196,1359,275.0,2878.0,3153.0,1892,676.0,362.0,1143.0,2155.0,10681,0.0,12.831425056090323,0.6108814141998986,0.6127722732865312,0.16309329087356156,1.1687739740898893,11.731066801765937,6.524686979807483,10.42395599623652,1.2483715712528045,1.057118042990519,11.613997249764783,16.199269016429035,39.199999999999996,26.3,65.9,0.11432373163494246,0.5623253962509952,0.046529637403198945,0.5843200405297823,18.2,6.787399580227256,15.126405876818414,3.9443764927263514,9.108525729174206,2.845548961424332,6.0348954186871255,2.2126366070782373,2.518220308315843,0.5093399435478034,5.306347253383513,5.8197763624520515,3.4814576246652678,1.2483715712528045,0.653806904537888,2.110146920460303,3.9761851342549037,19.73604617500181,114.26499963812695,107.68003184482883,0.9269378302091626,53.22454223058551,37.73890859086632,7.890171527828038,0.0,3.958395454874431,3.1840124484330903,641.0,256.0,1213.0,130.0,253.0,181.0,4151.0,70.0,201.0,20.893381341825286,0.056401172468697976,0.022319823405949193,0.06862542520083954,0.23990392270391547,0.6127722732865312,0.6305781283925599,0.3617069552001158,0.4336497068828255,0.46010946659911706,0.8760294564666715,0.9648094376492725,0.0024610262719837886,19.0,0.2863828616921184,0.47791756531808643,2.0,0.0,0,0,1,0.0,0.0002,0.0,0,0,0,0,0,0,1,0,0,0,0,0.0,0,0.0,0,0.0061333333333333335,0,0.0,0,0.0,,,2004,2020,17,0.3872277267134689
Dwyane Wade,wadedw01,76,220.0,1982-01-17,Marquette,2004,2018,2003-10-28T00:00:00Z,True,15,NBA,"MIA, CHI, CLE, MIA",SG,982,907.0,34.509164969450104,8.185336048879837,16.962321792260692,0.4825598847331452,0.4714867617107943,1.6425661914460286,0.287042777433354,7.713849287169043,15.319755600814664,0.5035229992023398,0.4964579456084529,5.644602851323829,7.362525458248473,0.7666666666666667,1.2107942973523422,3.5224032586558045,4.733197556008147,5.4989816700611,1.589613034623218,0.8625254582484725,3.2179226069246436,2.25050916496945,22.486761710794298,33888.0,8038,16657,463.0,1613.0,7575.0,15044.0,5543,7230,1189.0,3459.0,4648.0,5400,1561.0,847.0,3160.0,2210.0,22082,4.0,23.909271718602454,0.5558542256846082,0.0942057955618508,0.43453207625118045,4.244440509915015,11.731607058545794,8.075764282341831,30.621408758262508,2.4308457271010386,1.97823418319169,13.854089943342776,31.62350389518413,73.1,45.4,118.3,0.16770635623229466,4.353302053824363,0.8683457271010387,5.221072355996223,61.50000000000001,12.495865793201132,25.88016406987724,0.7205618508026439,2.5197355996222854,11.782908404154863,23.360478635505196,8.61204261095373,11.25571588762984,1.863963644948064,5.372193696883852,7.224645892351275,8.393339825306894,2.4308457271010386,1.3331916902738432,4.918044735599622,3.4246370396600567,34.34026499055713,108.90598441926346,104.32409702549575,13.796742209631729,82.16696175637394,4.039010859301228,0.0,0.0,4.363966595845137,5.557303470254959,1596.0,998.0,979.0,323.0,3213.0,106.0,12372.0,717.0,738.0,10.313296742209632,0.3548917315864023,0.1573081326723324,0.14029768649669497,0.25343991973559965,0.0942057955618508,0.6568848855051935,0.45738040014164305,0.3811643354579792,0.38407737252124646,0.32739828257790365,0.45840557129367326,0.07086700306893294,1080.0,0.18163789542020772,0.2967095727101039,39.0,3.0,3,1,12,0.1032,0.3158,0.06666666666666667,0,3,11,2,5,8,10,1,1,1,0,0.05293333333333334,0,0.198,0,0.0004,0,0.014333333333333333,0,0.013066666666666667,,,2004,2019,15,0.9057942044381492
Dwyane Wade,wadedw01,76,220.0,1982-01-17,Marquette,2005,2019,2003-10-28T00:00:00Z,True,15,NBA,"MIA, CHI, CLE, MIA",SG,993,853.0,33.884189325276935,8.139979859013092,16.937562940584087,0.4805874308817409,0.5367573011077543,1.8338368580060422,0.29269632070291046,7.603222557905338,15.103726082578046,0.5034004533937858,0.49643260598133065,5.513595166163142,7.2014098690835855,0.7656271850090897,1.1812688821752266,3.5377643504531724,4.719033232628399,5.4642497482376635,1.5448136958710976,0.8569989929506546,3.1520644511581066,2.203423967774421,22.33031218529708,33647.0,8083,16819,533.0,1821.0,7550.0,14998.0,5475,7151,1173.0,3513.0,4686.0,5426,1534.0,851.0,3130.0,2188.0,22174,5.0,23.853621422415074,0.5549189526555116,0.10594852438553212,0.4265525009659108,4.202677801884269,11.930445507771864,8.152129461764794,30.739388355574043,2.3932832050405684,2.011103515915238,13.616521532380302,31.833411596873415,71.0,45.4,116.10000000000001,0.16581686331619463,4.340841679793147,0.8570422325913157,5.203622908431659,60.800000000000004,12.59015365411478,26.16520046363717,0.823698992480756,2.8302790739144648,11.774113591107676,23.334971914286566,8.535512824323119,11.166989627604245,1.8391476208874489,5.45902160668113,7.292893868695575,8.441819478705382,2.3932832050405684,1.3418967515677476,4.878241745177876,3.3953695723244275,34.55556216007371,109.01863464796267,104.73290337920172,11.036615448628407,83.83374446458822,5.076351532083098,0.0,0.0,4.1385680744197115,5.1693910304039,1629.0,957.0,983.0,303.0,3186.0,109.0,12429.0,705.0,701.0,10.647891342467382,0.341139031711594,0.15533598834963,0.1454088923232383,0.2523750408654561,0.10594852438553212,0.659367729663863,0.45723526614557014,0.3866137842898327,0.38751781733884155,0.32685267631586773,0.4409636817546884,0.06706826760186646,1035.0,0.1717310607186376,0.29411920825036403,40.0,4.0,3,1,13,0.1032,0.31620000000000004,0.0,0,3,11,2,5,8,11,0,0,0,0,0.05293333333333334,0,0.0,0,0.0014666666666666667,0,0.014333333333333333,0,0.013066666666666667,,,2004,2019,16,0.8940514756144677
Carmelo Anthony,anthoca01,79,238.0,1984-05-29,Syracuse,2004,2018,2003-10-29T00:00:00Z,True,15,NBA,"DEN, NYK, OKC",SF,1054,1054.0,35.896584440227706,8.622390891840608,19.20303605313093,0.4490118577075099,1.2722960151802656,3.663187855787476,0.3473193473193473,7.350094876660341,15.539848197343453,0.47298369863850054,0.4821393280632411,5.597722960151803,6.895635673624288,0.8117776554760594,1.7163187855787476,4.814990512333966,6.531309297912713,2.998102466793169,1.0218216318785578,0.49335863377609107,2.6793168880455407,2.8747628083491463,24.11480075901328,37835.0,9088,20240,1341.0,3861.0,7747.0,16379.0,5900,7268,1809.0,5075.0,6884.0,3160,1077.0,520.0,2824.0,3030.0,25417,2.0,20.343628915025768,0.5409793048764372,0.1916361834280428,0.35820364741641336,5.451328135324435,15.26289414563235,10.332921897713756,15.585309898242366,1.4473054050482357,1.0962283599841418,10.713395004625347,30.89108497423021,66.4,34.400000000000006,100.80000000000003,0.1278601030791595,2.981392890181049,-1.1729456852121052,1.8168653363287963,36.5,12.231248843663275,27.274933262851853,1.81109818950707,5.220512752742169,10.424257962204308,22.06169155543809,7.965574203779569,9.782122373463723,2.4380573543015727,6.825294039910136,9.267493061979646,4.251468217259152,1.4473054050482357,0.7067450773093695,3.8000977930487645,4.078570107043743,34.24861371745738,107.65767146821726,107.7414827540637,0.0,3.1322320602616625,70.73075194925333,25.487802299458174,0.9366459627329192,2.036931412713096,2.266234967622572,931.0,757.0,1130.0,601.0,2927.0,130.0,7218.0,611.0,1309.0,12.68449583718779,0.31003449187260473,0.0796426060525968,0.1402931941324171,0.27881083652702515,0.1916361834280428,0.5860700409673584,0.3340487643716136,0.3906990352847892,0.4153107175895335,0.42993775604598916,0.8148616360512752,0.05244688780229946,986.0,0.11740755913836397,0.3410686401480111,44.0,0.0,0,0,10,0.0,0.16113333333333332,0.06666666666666667,0,0,0,0,2,6,13,1,1,1,0,0.0302,0,0.729,0,0.0,0,0.002533333333333333,0,0.0,,,2004,2022,15,0.8083638165719572
Carmelo Anthony,anthoca01,79,238.0,1984-05-29,Syracuse,2005,2019,2003-10-29T00:00:00Z,True,15,NBA,"DEN, NYK, OKC, HOU",SF,982,974.0,35.77800407331976,8.669042769857434,19.242362525458248,0.4505186282811177,1.3167006109979633,3.7790224032586557,0.34842360549717055,7.352342158859471,15.463340122199593,0.4754692130391834,0.4847322184589331,5.607942973523421,6.889002036659877,0.8140428677014043,1.664969450101833,4.893075356415479,6.558044806517311,2.9918533604887982,1.0020366598778003,0.49490835030549896,2.6323828920570267,2.889002036659878,24.26272912423625,35134.0,8513,18896,1293.0,3711.0,7220.0,15185.0,5507,6765,1635.0,4805.0,6440.0,2938,984.0,486.0,2585.0,2837.0,23826,2.0,20.498485797233446,0.5434712529174021,0.19834949052200146,0.35674654181135085,5.318358285421529,15.549561678146523,10.411336597028518,15.62883816246371,1.419511014971253,1.1119940798087324,10.502931633175843,31.0079609495076,62.80000000000001,32.2,95.00000000000001,0.129737263050037,3.0633232765981666,-1.1384413957989412,1.9254226675015655,34.800000000000004,12.328046906130815,27.392608299652753,1.8773239596971594,5.395981100927875,10.455146012409633,22.004457220925605,8.00214891558035,9.797899470598278,2.373780383673935,6.952439232652132,9.322155177321115,4.252547389992601,1.419511014971253,0.711447600614789,3.7450873797461157,4.104013206580521,34.54573632378893,108.10098480104742,108.01081573404679,0.0,3.0320487277281267,68.66676154152672,27.443075083964253,1.1676438777252804,2.0274235783002217,2.357192463141117,867.0,690.0,1074.0,554.0,2719.0,135.0,6741.0,572.0,1175.0,12.936426253771277,0.2965851027494734,0.08077665509193374,0.1470014515853589,0.2777366938008767,0.19834949052200146,0.5901206523595376,0.34413659133602786,0.39557411624067856,0.4199440997324529,0.42157058689588434,0.8196106335743155,0.0492047873854386,867.0,0.12009244606364207,0.339984032561052,44.0,0.0,0,0,10,0.0,0.1596,0.0,0,0,0,0,2,6,12,0,0,0,0,0.030133333333333335,0,0.0,0,0.0,0,0.002533333333333333,0,0.0,,,2004,2022,16,0.8016505094779985
Carmelo Anthony,anthoca01,79,238.0,1984-05-29,Syracuse,2006,2020,2003-10-29T00:00:00Z,True,15,NBA,"DEN, NYK, OKC, HOU, POR",SF,965,957.0,35.67668393782383,8.620725388601036,19.117098445595854,0.4509431916738942,1.3865284974093264,3.916062176165803,0.35406192114315954,7.23419689119171,15.201036269430052,0.4759015611152771,0.48720728534258456,5.375129533678757,6.583419689119171,0.8164646623642373,1.621761658031088,4.991709844559585,6.613471502590674,2.9316062176165802,1.0,0.5005181347150259,2.550259067357513,2.87979274611399,24.003108808290154,34428.0,8319,18448,1338.0,3779.0,6981.0,14669.0,5187,6353,1565.0,4817.0,6382.0,2829,965.0,483.0,2461.0,2779.0,23163,2.0,20.338823051004994,0.5437742825607064,0.2086866794469618,0.34014223887533407,5.165638433832926,15.81098233995585,10.470747647263856,15.310549552689674,1.4164372022772165,1.132915069129778,10.306035784826305,30.603070175438596,60.900000000000006,30.5,91.4,0.1274031311723016,2.9963982804693847,-1.1400255605902172,1.8569245962588594,33.50000000000001,12.257093063785291,27.203947368421048,1.9767601951899616,5.586702683861972,10.284846636458697,21.625235273614507,7.672310328802137,9.363802718717322,2.3097943534332526,7.0796154293017315,9.385261996049728,4.167909840827235,1.4164372022772165,0.7192575810386894,3.6266904844893686,4.084843731846171,34.16605960264901,108.26083420471709,108.47350993377484,0.0,2.8669687463692344,64.38886952480539,31.682206343673755,1.3020797025676776,1.8865661670733118,2.429388869524806,837.0,647.0,1055.0,526.0,2596.0,142.0,6551.0,548.0,1101.0,13.207371906587662,0.28052872661786915,0.0831585047054723,0.15808902637388175,0.26999567212733827,0.2086866794469618,0.5887779423724874,0.35809803067270835,0.40039639247124437,0.4216722435227141,0.40456770651795054,0.8307915069129778,0.045997240618101544,794.0,0.1251769489950041,0.37010529220401994,40.0,0.0,0,0,10,0.0,0.15906666666666666,0.0,0,0,0,0,2,6,11,0,0,0,0,0.030133333333333335,0,0.0,0,0.0,0,0.002533333333333333,0,0.0,,,2004,2022,17,0.7913133205530383
Carmelo Anthony,anthoca01,79,238.0,1984-05-29,Syracuse,2007,2021,2003-10-29T00:00:00Z,True,15,NBA,"DEN, NYK, OKC, HOU, POR",SF,954,880.0,34.776729559748425,8.270440251572326,18.5041928721174,0.44694952699257917,1.5031446540880504,4.1425576519916145,0.36285425101214575,6.767295597484277,14.361635220125786,0.47120648127873876,0.4875658528295474,4.980083857442348,6.077568134171908,0.8194204898240772,1.5461215932914045,4.954926624737945,6.50104821802935,2.848008385744235,0.9675052410901468,0.5020964360587002,2.4150943396226414,2.8238993710691824,23.02410901467505,33177.0,7890,17653,1434.0,3952.0,6456.0,13701.0,4751,5798,1475.0,4727.0,6202.0,2717,923.0,479.0,2304.0,2694.0,21965,2.0,19.899237423516286,0.5422343189559032,0.2292494197787624,0.32307459987340637,5.027932001085088,16.059734153178407,10.520514211652651,15.088865780510595,1.4030985321156224,1.1800012056545197,10.114018747927783,30.097040118154144,55.80000000000001,28.7,84.6,0.12236284172770293,2.8093106670283627,-1.1694517286071677,1.631567049461977,30.399999999999995,12.036835759713055,26.950724899779964,2.1916779696777886,6.0457063628417265,9.849841757844292,20.913310425897464,7.278907074177893,8.85067064532658,2.256578352473099,7.199906561774723,9.452180727612502,4.141031437441601,1.4030985321156224,0.7403592850468698,3.5182777225186115,4.098230701992344,33.543394520300204,108.29713355637942,108.9498146306176,0.0,2.9750730928052564,59.1932362781445,35.25246405642463,2.82840522048407,1.8509298610483162,2.1417970280616094,792.0,604.0,1030.0,503.0,2379.0,134.0,6337.0,495.0,1000.0,13.696594025981856,0.25623576574132684,0.08513916267293607,0.1692459233806553,0.26056792356150343,0.2292494197787624,0.5814879886668475,0.3642057449437864,0.40604765349489114,0.4198035988787413,0.37964384965488146,0.8204868131536908,0.03868053169364318,637.0,0.12654643276968985,0.3832354944690598,35.0,0.0,0,0,10,0.0,0.14880000000000002,0.0,0,0,0,0,2,5,10,0,0,0,0,0.030133333333333335,0,0.0,0,0.0010666666666666667,0,0.0005333333333333334,0,0.0,,,2004,2022,18,0.7707505802212377
Carmelo Anthony,anthoca01,79,238.0,1984-05-29,Syracuse,2008,2022,2003-10-29T00:00:00Z,True,15,NBA,"DEN, NYK, OKC, HOU, POR, LAL",SF,958,818.0,33.90814196242171,7.847599164926931,17.66492693110647,0.44424747385215385,1.6106471816283925,4.384133611691023,0.36738095238095236,6.236951983298539,13.28079331941545,0.4696219445099426,0.48983631743780653,4.617954070981211,5.625260960334029,0.8209315271850065,1.4551148225469728,4.911273486430063,6.366388308977036,2.6471816283924845,0.9321503131524008,0.5302713987473904,2.222338204592902,2.7734864300626305,21.923799582463467,32484.0,7518,16923,1543.0,4200.0,5975.0,12723.0,4424,5389,1394.0,4705.0,6099.0,2536,893.0,508.0,2129.0,2657.0,21003,1.0,19.449353527890654,0.5435162849402783,0.2565603681812585,0.3121869227927595,4.834324590567664,16.298014407092722,10.538526659278414,14.250489471739934,1.3899919960595986,1.2951145179165127,9.784629355990642,29.3090229035833,52.80000000000001,27.999999999999996,80.89999999999999,0.11961313261913557,2.6464259327669,-1.1390684644748181,1.4933690432212778,28.59999999999999,11.714333210195788,26.38690740056643,2.397995936461027,6.530174855313383,9.321121167343923,19.865201329885483,6.930956778721832,8.412042851865534,2.184269178672577,7.309687846324345,9.489561014653368,3.953731067602512,1.3899919960595986,0.7951637729343677,3.3296115010466694,4.122404876246767,32.76225834256865,108.55812092106883,109.3012560029553,0.0,1.8905922915897058,55.02986085457456,39.70640930919838,3.551102081024504,1.5717676394532691,2.181089151582318,741.0,550.0,1059.0,472.0,2230.0,124.0,5960.0,456.0,914.0,14.277742888806797,0.23498137544637357,0.08439951976357592,0.1725219800517178,0.2518525735746829,0.2565603681812585,0.5818742765669253,0.36384475434059843,0.4168238209580101,0.4263931781800271,0.36965416820588604,0.8217524935352788,0.03175350942002216,491.0,0.12942457825390963,0.38866771333579603,33.0,0.0,0,0,9,0.0,0.13413333333333335,0.0,0,0,0,0,2,4,9,0,0,0,0,0.03006666666666667,0,0.0,0,0.0010666666666666667,0,0.0005333333333333334,0,0.0,,,2004,2022,19,0.7434396318187415
LeBron James,jamesle01,81,250.0,1984-12-30,,2004,2018,2003-10-29T00:00:00Z,False,15,NBA,"CLE, MIA, CLE",SF,1143,1142.0,38.75590551181102,9.868766404199475,19.58267716535433,0.503953893579949,1.4138232720909887,4.1128608923884515,0.34375664752180385,8.454943132108486,15.469816272965879,0.546544508539758,0.540052718581066,6.003499562554681,8.121609798775154,0.7392006894322956,1.2125984251968505,6.149606299212598,7.362204724409449,7.181102362204724,1.63167104111986,0.7769028871391076,3.4698162729658795,1.8486439195100612,27.15485564304462,44298.0,11280,22383,1616.0,4701.0,9664.0,17682.0,6862,9283,1386.0,7029.0,8415.0,8208,1865.0,888.0,3966.0,2113.0,31038,73.0,27.67531491263714,0.586424782157208,0.20940681294866584,0.4138265835929387,3.722608244164522,18.218849609463184,11.078220235676554,35.67664454377173,2.2131066865321225,1.5813964513070566,13.06781344530227,31.54242403720259,154.8,64.6,219.60000000000002,0.2377005508149352,7.170833897692898,1.8318569687119055,8.988629283489097,122.70000000000002,13.348559754390717,26.50465032281367,1.9057135762336896,5.560700257347961,11.430100681746353,20.94199963880988,8.148020226646802,10.998162445257122,1.6536299607205742,8.290850602736016,9.937785001580206,9.692035757822023,2.2131066865321225,1.0396541604587115,4.67201002302587,2.4989367465799814,36.72368278477583,116.15124836335727,103.11063704907671,0.9866811142715247,5.358142579800442,62.47898324980812,29.176531671858775,1.9893448914172198,7.241931915662106,11.50689421644318,2153.0,972.0,780.0,445.0,4093.0,135.0,19186.0,1138.0,822.0,11.851469592306652,0.3583793850738182,0.12079793670143121,0.10120750372477315,0.21018061763510765,0.20940681294866584,0.7308596776378166,0.42643636281547703,0.36649024786672085,0.38183712582960855,0.3534384170842928,0.495823152286785,0.08083046638674432,1737.0,0.14671587882071427,0.3889032461962165,33.0,2.0,3,3,14,0.3326666666666666,0.8950666666666667,0.06666666666666667,5,6,12,12,14,14,15,1,1,1,4,0.5379333333333334,1,0.861,0,0.0,0,0.0074666666666666675,0,0.05906666666666668,,,2004,2025,15,0.7905931870513342
LeBron James,jamesle01,81,250.0,1984-12-30,,2005,2019,2003-10-29T00:00:00Z,False,15,NBA,"CLE, MIA, CLE, LAL",SF,1119,1118.0,38.52815013404826,10.023235031277927,19.647899910634496,0.510142818157009,1.48704200178731,4.299374441465594,0.34587403866140093,8.536193029490617,15.348525469168901,0.5561572052401746,0.5479850814154462,6.070598748882931,8.258266309204647,0.735093604588248,1.2010723860589811,6.348525469168901,7.549597855227882,7.325290437890974,1.614834673815907,0.7712243074173369,3.4763181411974977,1.839142091152815,27.604110813226093,43113.0,11216,21986,1664.0,4811.0,9552.0,17175.0,6793,9241,1344.0,7104.0,8448.0,8197,1807.0,863.0,3890.0,2058.0,30889,81.0,28.260981606476005,0.5936229211606707,0.21809607311019882,0.4200600282977292,3.71075545659082,18.822097743140123,11.389478811495373,36.41431122863173,2.1910027137986217,1.5936237329807716,13.017982974972748,31.787050309651384,157.1,64.60000000000001,221.70000000000002,0.24662783847099481,7.488919815368913,2.002034189223668,9.472013081901052,124.70000000000003,13.557147496114862,26.58268967596781,1.9997448565397904,5.800542759724445,11.537065386310394,20.780142880337717,8.245751861387516,11.184909424071625,1.6388769048778793,8.55351054206388,10.185507851460116,9.876076821376383,2.1910027137986217,1.0317584023380417,4.678482128360354,2.4899218333217363,37.33187437663813,117.29659267506321,103.26590587525804,0.0,0.14675387934033818,66.27513742954561,31.506042261034956,2.1788091758866237,7.737088581170412,12.032273328230465,2151.0,939.0,769.0,425.0,4101.0,144.0,19257.0,1150.0,798.0,11.918797114559412,0.36249205576044347,0.11788312110036415,0.09579006332196784,0.2057101802240623,0.21809607311019882,0.7411307262310673,0.4257215920951917,0.37263303411963905,0.3869254285250389,0.3464215201911257,0.4707957228678125,0.08205685060190661,1731.0,0.13331776958226058,0.389321875072484,30.0,2.0,3,3,15,0.3326666666666666,0.9046666666666666,0.0,5,6,12,12,14,15,15,0,0,0,4,0.5374,0,0.0,0,0.0,0,0.0074666666666666675,0,0.05906666666666667,,,2004,2025,16,0.7819039268898013
LeBron James,jamesle01,81,250.0,1984-12-30,,2006,2020,2003-10-29T00:00:00Z,False,15,NBA,"CLE, MIA, CLE, LAL",SF,1106,1105.0,38.011754068716094,10.00361663652803,19.534358047016276,0.5121036797037722,1.5406871609403254,4.455696202531645,0.3457792207792208,8.462929475587703,15.07866184448463,0.5612520237452779,0.5515389956028697,5.949367088607595,8.124773960216999,0.7322501669263298,1.1745027124773961,6.406871609403255,7.581374321880651,7.508137432188065,1.5443037974683544,0.7658227848101266,3.5162748643761303,1.8354430379746836,27.49728752260398,42041.0,11064,21605,1704.0,4928.0,9360.0,16677.0,6580,8986,1299.0,7086.0,8385.0,8304,1708.0,847.0,3889.0,2030.0,30412,90.0,28.315266049808518,0.5959003116005803,0.22686872338907257,0.41639485264384773,3.675426369496445,19.1164601222616,11.541005209200542,37.396365452772294,2.1093670464546515,1.622737327846626,13.230834185675889,31.939428177255543,153.59999999999997,63.6,217.20000000000002,0.24779539021431457,7.479351109631073,2.0152446421350585,9.483230655788399,121.70000000000002,13.614607169191979,26.59326609738113,2.079003829594919,6.032844128350895,11.52280630812778,20.552857924407128,8.149080659356343,11.093927356628054,1.6127328084488954,8.68504317214148,10.290720962869578,10.165802430960253,2.1093670464546515,1.0321590828001235,4.764848600176018,2.5002735424942317,37.442237339739776,117.49083037986728,103.43795342641707,3.1400775433505386,2.1887918936276494,60.69484550795652,31.987060250707643,2.2343664517970554,8.260942889084465,12.175290787564522,2173.0,933.0,742.0,429.0,4030.0,163.0,19625.0,1153.0,786.0,11.958247900858685,0.366779857757903,0.11750583953759426,0.09250296139482884,0.19631338455317432,0.22686872338907257,0.7416522204514642,0.4292909064960397,0.3745892818914869,0.38551766133060583,0.3322840798268358,0.46856364025594066,0.08144004662115555,1684.0,0.12516888275730836,0.38722499464808163,31.0,2.0,4,4,15,0.335,0.9260666666666667,0.0,5,6,13,13,14,15,15,0,0,0,4,0.5822666666666667,0,0.0,0,0.0,0,0.0012666666666666666,0,0.05906666666666667,,,2004,2025,17,0.7731312766109274
LeBron James,jamesle01,81,250.0,1984-12-30,,2007,2021,2003-10-29T00:00:00Z,False,15,NBA,"CLE, MIA, CLE, LAL",SF,1072,1071.0,37.485074626865675,9.898320895522389,19.22108208955224,0.5149720941519049,1.5680970149253732,4.509328358208955,0.3477451386015722,8.330223880597014,14.711753731343284,0.5662291547777566,0.5557631642805144,5.7434701492537314,7.861007462686567,0.7306277441556901,1.1688432835820894,6.457089552238806,7.625932835820896,7.586753731343284,1.523320895522388,0.7518656716417911,3.5419776119402986,1.7901119402985075,27.10820895522388,40184.0,10611,20605,1681.0,4834.0,8930.0,15771.0,6157,8427,1253.0,6922.0,8175.0,8133,1633.0,806.0,3797.0,1919.0,29060,90.0,28.179245470834164,0.5984621988851283,0.23290573362532352,0.4098529016523989,3.7101532948437193,19.452926537925542,11.737487557236712,37.945625124427636,2.0994500298626315,1.628409317141151,13.51621540911806,31.799061815648024,144.59999999999997,61.900000000000006,206.5,0.2465416583714911,7.418512343221181,2.0606335855066695,9.463512840931717,116.10000000000001,13.59393290862035,26.392218295839136,2.135053752737408,6.1541309974119045,11.445490742584115,20.230173700975513,7.939804399761099,10.834553553653194,1.6205778419271355,8.836240792355166,10.449437587099343,10.364309177782202,2.0994500298626315,1.0261596655385226,4.844229046386621,2.4593445152299425,37.23948088791558,117.56850985466852,103.48683555644037,6.01741986860442,3.1794246466255225,55.386596655385226,33.29797929524189,2.337621939080231,8.621655385227953,12.26481684252439,2154.0,902.0,710.0,404.0,3799.0,158.0,19270.0,1090.0,748.0,11.99397521401553,0.36610668425243875,0.11965764981087,0.09280805793350588,0.1884538622337249,0.23290573362532352,0.7475661955006969,0.4324941270157277,0.3808456101931117,0.38374313159466455,0.33453563607405934,0.4747641598646228,0.08208749751144735,1618.0,0.11836173601433407,0.3934606559824806,26.0,2.0,4,4,15,0.33166666666666667,0.8847333333333333,0.0,5,6,12,12,14,15,15,0,0,0,4,0.5456666666666666,0,0.0,0,0.0,0,0.0008666666666666667,0,0.05906666666666667,,,2004,2025,18,0.7670942663746766
LeBron James,jamesle01,81,250.0,1984-12-30,,2008,2022,2003-10-29T00:00:00Z,False,15,NBA,"CLE, MIA, CLE, LAL",SF,1050,1049.0,37.21714285714286,9.98,19.242857142857144,0.518634001484781,1.66,4.7352380952380955,0.3505631536604988,8.32,14.507619047619048,0.5734917613076873,0.5617668893838159,5.64,7.6780952380952385,0.7345571818407343,1.1742857142857144,6.5476190476190474,7.721904761904762,7.63047619047619,1.5057142857142858,0.7714285714285715,3.564761904761905,1.78,27.26,39078.0,10479,20205,1743.0,4972.0,8736.0,15233.0,5922,8062,1233.0,6875.0,8108.0,8012,1581.0,810.0,3743.0,1869.0,28623,95.0,28.37403654230001,0.6033502482215056,0.2434777112441783,0.4008533957725574,3.746251087568453,19.736322227340192,11.915307845846767,38.275971134653766,2.078102768821332,1.701699165771022,13.626608321817905,31.89100516914888,141.79999999999998,58.5,200.29999999999998,0.24587588924714676,7.514819079789137,1.9820282511899279,9.480771789753828,113.10000000000001,13.717728645273557,26.441841957111418,2.2621884436255697,6.46127744510978,11.441772864527357,19.980590101847586,7.812613235068326,10.604905573468447,1.6268207175392804,8.975712677209684,10.60027637033625,10.44755105174267,2.078102768821332,1.0563949025026869,4.886624187522391,2.44970315778699,37.49169097702031,117.99275807359639,104.17214289369979,6.187727109882799,3.2694098981524133,49.43750959619223,36.26035109268642,5.070244127130355,8.247561287681048,12.005573468447723,2146.0,885.0,694.0,388.0,3643.0,156.0,19048.0,1051.0,745.0,12.07347100670454,0.3666170479553713,0.12035971646450687,0.09026667178463584,0.179127283893751,0.2434777112441783,0.7519912482726856,0.43639039868979995,0.3825272020062439,0.38907769077230153,0.3395050411996519,0.4776045089308562,0.08259286555094938,1595.0,0.113821434054967,0.3845108500946824,21.0,1.0,4,4,15,0.3316666666666667,0.8562,0.0,5,6,12,12,13,15,15,0,0,0,4,0.5362666666666666,0,0.0,0,0.0,0,0.0008666666666666667,0,0.05906666666666667,,,2004,2025,19,0.7565222887558216
LeBron James,jamesle01,81,250.0,1984-12-30,,2009,2023,2003-10-29T00:00:00Z,False,15,NBA,"CLE, MIA, CLE, LAL",SF,1030,1029.0,36.898058252427184,9.994174757281554,19.205825242718447,0.5203720554039025,1.7,4.844660194174757,0.3509018036072144,8.294174757281553,14.36116504854369,0.5775419145484045,0.5646294611262764,5.460194174757282,7.396116504854369,0.7382515095825676,1.1310679611650485,6.609708737864078,7.7407766990291265,7.619417475728155,1.449514563106796,0.7388349514563107,3.559223300970874,1.7398058252427184,27.148543689320388,38005.0,10294,19782,1751.0,4990.0,8543.0,14792.0,5624,7618,1165.0,6808.0,7973.0,7848,1493.0,761.0,3666.0,1792.0,27963,90.0,28.08618602815419,0.6051195105907117,0.2487960794632285,0.3885154848046309,3.6519800026312326,19.94523352190501,12.01030653861334,38.10815155900539,2.0073174582291804,1.6544638863307457,13.699755295355875,31.835295355874223,134.29999999999998,56.3,190.70000000000002,0.24063823181160374,7.356655703196947,1.8617524009998683,9.193913958689649,107.3,13.750890672279963,26.408430469675043,2.3158637021444552,6.609790816997764,11.415729509275097,19.79352453624523,7.574234969083015,10.227283252203655,1.5718247599000132,9.072416787264833,10.64192079989475,10.453737666096567,2.0073174582291804,1.0158452835153267,4.887256939876332,2.3958584396789893,37.3807525325615,117.94619129061965,104.63973161426128,6.362425996579398,3.3617155637416127,44.75184844099461,40.2337324036311,5.4936455729509275,8.551474805946587,11.92881726088673,2117.0,860.0,666.0,382.0,3469.0,153.0,18659.0,1023.0,731.0,12.10074727009604,0.3627864228391001,0.1267181949743455,0.09076218918563347,0.17072985133535065,0.2487960794632285,0.757505696618866,0.438586080778845,0.3866748322589133,0.39084520457834493,0.3428763846862255,0.49167727930535454,0.08261673464017893,1560.0,0.11358160768319958,0.38097887120115775,19.0,1.0,4,4,15,0.3272,0.8029333333333334,0.0,5,6,11,11,12,15,15,0,0,0,4,0.5130666666666667,0,0.0,0,0.0,0,0.0003333333333333333,0,0.05906666666666666,0,0.0,2004,2025,20,0.7512039205367714
LeBron James,jamesle01,81,250.0,1984-12-30,,2010,2024,2003-10-29T00:00:00Z,False,15,NBA,"CLE, MIA, CLE, LAL",SF,1020,1019.0,36.720588235294116,9.990196078431373,19.05686274509804,0.5242308879514354,1.7333333333333334,4.87156862745098,0.3558059971825317,8.25686274509804,14.185294117647059,0.5820720160342802,0.5697088177796069,5.22843137254902,7.117647058823529,0.734573002754821,1.0980392156862746,6.625490196078432,7.723529411764706,7.696078431372549,1.4166666666666667,0.692156862745098,3.5980392156862746,1.6970588235294117,26.942156862745097,37455.0,10190,19438,1768.0,4969.0,8422.0,14469.0,5333,7260,1120.0,6758.0,7878.0,7850,1445.0,706.0,3670.0,1731.0,27481,88.0,27.49829128287278,0.6079341342944867,0.25216358296622615,0.3769941262848752,3.542183954078227,19.97916967027099,11.985184888532906,38.07631290882392,1.954753704445335,1.5699773061006541,13.97338673074356,31.498918702442932,126.30000000000003,52.599999999999994,178.89999999999998,0.22920678147109866,7.057767988252569,1.6475690828994793,8.687168602322789,100.9,13.680379121612603,26.075407822720603,2.349523428113737,6.613683086370311,11.319428647710588,19.45653450807636,7.217060472567081,9.79147510345748,1.52020824989988,9.053424108930718,10.564592177279403,10.508009611533842,1.954753704445335,0.947099185689494,4.922621812842077,2.327475637431584,36.916051261513815,117.75295688159125,105.72535042050461,6.455853691095982,3.411079962621813,39.442050460552665,44.45395808303297,6.443412094513416,7.7280790281671345,11.037231344279805,2164.0,851.0,646.0,364.0,3314.0,152.0,18617.0,1000.0,731.0,11.96133226538513,0.3640260579361901,0.1355847016419704,0.09127574422640503,0.15667275397143243,0.25216358296622615,0.7608805232946203,0.4403131758109732,0.3899582165264985,0.38941620611400346,0.3510635429181684,0.5101198504872514,0.08180886397009747,1516.0,0.1129428647710586,0.389320945134161,13.0,1.0,4,4,15,0.275,0.7583333333333333,0.0,4,5,10,10,11,15,15,0,0,0,3,0.4484666666666667,0,0.0,0,0.0,0,0.0003333333333333333,0,0.042466666666666666,0,0.003,2004,2025,21,0.7478364170337738
LeBron James,jamesle01,81,250.0,1984-12-30,,2011,2025,2003-10-29T00:00:00Z,False,15,NBA,"MIA, CLE, LAL",SF,1014,1013.0,36.42307692307692,9.933925049309664,18.91518737672584,0.5251824817518248,1.7633136094674555,4.909270216962525,0.35918039373242266,8.17061143984221,14.005917159763314,0.583368539642304,0.5717935349322211,4.929980276134122,6.723865877712032,0.7332062188325023,1.1055226824457594,6.655818540433925,7.761341222879684,7.666666666666667,1.370808678500986,0.6587771203155819,3.6183431952662723,1.6873767258382644,26.56114398422091,36933.0,10073,19180,1788.0,4978.0,8285.0,14202.0,4999,6818,1121.0,6749.0,7870.0,7774,1390.0,668.0,3669.0,1711.0,26933,94.0,26.891525194270713,0.6079897381745322,0.25605602036119457,0.358958194568543,3.5763165732542714,20.178745295535155,12.096956651233315,37.92442260309208,1.8983483605447706,1.5308125524598597,14.20879430319768,31.245644816288948,117.90000000000002,50.199999999999996,168.1,0.21849278423090462,6.75097338423632,1.4923158151246854,8.232894701215715,95.3,13.648428234911867,25.96166571900469,2.396545095172339,6.682427639238621,11.240294587496278,19.273974494354643,6.819938808111987,9.273016001949474,1.5299379958302874,9.119389164162133,10.654807353856986,10.500606503668806,1.8983483605447706,0.9009936912788022,4.966885982725475,2.324073321961389,36.50188990875368,117.44236861343514,106.57209000081228,6.547098800530691,3.6436790945766657,37.6211518154496,45.86285977310265,6.600655240570763,6.893916010072292,9.493339290065798,2188.0,851.0,636.0,350.0,3135.0,156.0,18469.0,951.0,739.0,11.940998564968998,0.3577199794221969,0.14613578642406522,0.09514469444670078,0.14472861668426615,0.25605602036119457,0.7635534075217285,0.4402527279127068,0.4011294235507541,0.389030189803157,0.35167029485825685,0.5356709988357297,0.08024625673516911,1470.0,0.11144832534589663,0.385799637180841,11.0,1.0,4,4,15,0.225,0.7302,0.0,3,4,9,9,11,15,15,0,0,0,2,0.3842,0,0.0,0,0.0,0,0.0003333333333333333,0,0.035800000000000005,0,0.011333333333333334,2004,2025,22,0.7439439796388053
David West,westda01,81,250.0,1980-08-29,Xavier,2004,2018,2003-10-29T00:00:00Z,False,15,NBA,"NOH, NOK, NOH, IND, SAS, GSW",PF,1034,742.0,28.18568665377176,5.515473887814314,11.140232108317214,0.49509506033509854,0.0551257253384913,0.2079303675048356,0.2651162790697674,5.460348162475822,10.93230174081238,0.4994692144373673,0.4975692334404028,2.486460348162476,3.044487427466151,0.8167090216010165,1.7253384912959382,4.647969052224371,6.373307543520309,2.1982591876208897,0.7388781431334622,0.8220502901353965,1.6054158607350097,2.3288201160541586,13.572533849129593,29144.0,5703,11519,57.0,215.0,5646.0,11304.0,2571,3148,1784.0,4806.0,6590.0,2273,764.0,850.0,1660.0,2408.0,14034,1.0,18.609322673620643,0.5436152209717267,0.018791415042547353,0.27179216991490535,7.0862270107054615,19.010616250343123,13.050837222069722,13.5385293713972,1.3798380455668404,2.2937448531430142,11.558204090035684,23.078053801811695,44.49999999999999,41.0,86.0,0.14140968981608562,1.1119818830634092,0.646774636288773,1.734665797419709,27.599999999999998,10.344276695031567,20.888893082624215,0.09974265715069999,0.3908454570409004,10.2382720285479,20.501451413670054,4.677631759538842,5.725229892945375,3.221078094976667,8.690162640680757,11.932425199011803,4.085571644249245,1.3798380455668404,1.5338045566840517,2.9935664287674997,4.359024155915455,25.45309840790557,109.47728520450178,103.58351633269284,0.0,0.03788086741696404,0.8696129563546527,84.61515234696678,14.525597035410376,2.7590275871534446,2.8911130936041727,655.0,463.0,1224.0,313.0,1334.0,67.0,5298.0,304.0,639.0,9.891205737029923,0.2798489912160308,0.2271758166346418,0.1881126132308537,0.28629357672248146,0.018791415042547353,0.6256829192972824,0.4452181924238265,0.41767022371671697,0.47040811144660993,0.6238302909689816,0.8489394386494646,0.029965447433433982,307.0,0.18725627916552293,0.24611861789733733,8.0,0.0,2,0,2,0.0016666666666666668,0.0042,0.0,0,0,2,0,0,0,4,0,0,0,0,0.0,0,0.0,0,0.0,0,0.03153333333333334,0,0.0,,,2004,2018,15,0.9812085849574526
Zaza Pachulia,pachuza01,83,270.0,1984-02-10,,2004,2018,2003-11-05T00:00:00Z,False,15,NBA,"ORL, MIL, ATL, MIL, DAL, GSW",C,1030,513.0,20.73980582524272,2.449514563106796,5.209708737864077,0.4701826313827805,0.0,0.02621359223300971,0.0,2.449514563106796,5.183495145631068,0.4725604045701442,0.4701826313827805,2.0398058252427185,2.7213592233009707,0.7495540492329646,2.1970873786407767,3.6766990291262136,5.87378640776699,1.3029126213592233,0.7155339805825243,0.3504854368932039,1.3466019417475728,2.5116504854368933,6.938834951456311,21362.0,2523,5366,0.0,27.0,2523.0,5339.0,2101,2803,2263.0,3787.0,6050.0,1342,737.0,361.0,1387.0,2587.0,7147,0.0,14.591639359610522,0.5424903098960772,0.005166136129575883,0.528937131354742,12.284575414287051,20.398319445744782,16.38310083325531,9.607962737571386,1.7942608370002808,1.3108276378616233,17.369684486471304,17.048052616796184,25.1,25.399999999999995,50.300000000000004,0.11307606965639923,-1.3431607527385077,-0.14353993071809754,-1.4837562026027526,2.8,6.157649096526543,13.080198483288083,0.0,0.05465312236681959,6.157649096526543,13.020625409605842,5.130825765377774,6.858622788128452,5.513556783072746,9.203599850201291,14.729978466435727,3.2531176856099613,1.7942608370002808,0.8722731953936897,3.376495646475049,6.319871734856286,17.443956558374683,108.88638704241176,105.16562119651718,0.0,0.0,0.0,0.1723621383765565,99.82763786162344,0.44601629060949355,1.638961707705271,403.0,401.0,1108.0,349.0,1270.0,131.0,3012.0,221.0,631.0,5.480034640951222,0.5780201760134818,0.16245604344162531,0.13819398932684204,0.11577792341541054,0.005166136129575883,0.5546843460350154,0.33584229004774835,0.39103487501170303,0.3491723621383766,0.6584374122273194,0.0,0.03319370845426459,156.0,0.0,0.0,14.0,0.0,2,0,0,0.0002666666666666667,0.0,0.0,0,0,1,0,0,0,0,0,0,0,0,0.0,0,0.0,0,0.0,0,0.0002,0,0.0,,,2004,2019,15,0.994833863870424
Zaza Pachulia,pachuza01,83,270.0,1984-02-10,,2005,2019,2003-11-05T00:00:00Z,False,15,NBA,"MIL, ATL, MIL, DAL, GSW, DET",C,1039,514.0,20.76612127045236,2.4446583253128007,5.1819056785370545,0.47176820208023773,0.0,0.029836381135707413,0.0,2.4446583253128007,5.152069297401347,0.47450028021670093,0.47176820208023773,2.059672762271415,2.73051010587103,0.7543179414874868,2.2069297401347447,3.703561116458133,5.910490856592878,1.3666987487969202,0.7189605389797883,0.35226179018286813,1.3570741097208854,2.5514918190567855,6.948989412897016,21576.0,2540,5384,0.0,31.0,2540.0,5353.0,2140,2837,2293.0,3848.0,6141.0,1420,747.0,366.0,1410.0,2651.0,7220,0.0,14.672043010752686,0.5451331108639229,0.005969456803856136,0.5339977289581016,12.29307100482017,20.507726177233963,16.433500185391175,10.01545698924731,1.7933259176863183,1.3229282536151277,17.536753800519097,16.96926677790137,26.1,26.499999999999996,52.3,0.11645545977011497,-1.342222840192807,-6.952169076754054e-05,-1.339377085650723,3.6000000000000005,6.125718390804598,12.96218020022247,0.0,0.062249721913236924,6.125718390804598,12.89505932517612,5.158115498702262,6.853870040786059,5.517491657397108,9.232253429736744,14.76551724137931,3.3976130886169815,1.7933259176863183,0.8735400444938819,3.3901325546903966,6.390735076010382,17.407406377456432,109.49105487578791,105.15304041527624,0.0,0.0,0.0,0.1706525769373378,99.82934742306266,0.381776047460141,1.2565396737115315,404.0,394.0,1128.0,373.0,1283.0,138.0,3190.0,224.0,623.0,5.597659436410827,0.5733506210604374,0.16454773822766036,0.138010752688172,0.1177296069707082,0.005969456803856136,0.5571464126807563,0.33585460697070824,0.4070889414163886,0.3486318131256952,0.6592037449017426,0.0,0.033011216166110496,156.0,0.0,0.0,18.0,0.0,2,0,0,0.0002666666666666667,0.0,0.0,0,0,1,0,0,0,0,0,0,0,0,0.0,0,0.0,0,0.0,0,0.0002,0,0.0,,,2004,2019,16,0.9940305431961439
Devin Harris,harride01,75,185.0,1983-02-27,Wisconsin,2005,2019,2004-11-02T00:00:00Z,False,15,NBA,"DAL, NJN, UTA, ATL, DAL, DEN, DAL",PG,985,448.0,24.327918781725888,3.5390862944162436,8.19492385786802,0.43186323092170464,0.8446700507614213,2.5969543147208123,0.32525410476935107,2.6944162436548225,5.597969543147208,0.4813202756619514,0.4833994053518335,2.8355329949238577,3.560406091370558,0.7964071856287425,0.29441624365482233,1.8893401015228426,2.183756345177665,3.9279187817258885,1.0131979695431472,0.19695431472081218,1.7076142131979695,2.2040609137055838,10.758375634517767,23963.0,3486,8072,832.0,2558.0,2654.0,5514.0,2793,3507,290.0,1861.0,2151.0,3869,998.0,194.0,1682.0,2171.0,10597,0.0,15.977139757125567,0.5516347702708343,0.3219051037015399,0.42831081250260816,1.3974001585778075,9.001485623669824,5.189617326712014,26.548399616074782,2.1874431415098274,0.6451654634227768,14.866206234611692,21.608216834286193,35.0,19.9,54.900000000000006,0.10985577765722154,0.5187247005800609,0.05793097692275594,0.5634352960814588,15.500000000000002,7.611463506238785,17.602036472895715,1.7934899636940282,5.527100112673705,5.817197345908276,12.107378041146767,6.109356090639737,7.674523223302592,0.6271293243750782,4.050945207194425,4.67214872929099,8.466957392646998,2.1874431415098274,0.4164712264741477,3.6702958728039063,4.710361807787005,23.146137795768478,109.49363602220089,108.80457371781496,71.81400492425823,27.203689020573385,1.0999457496974503,0.0,0.0,1.336068104995201,2.833351416767516,939.0,404.0,961.0,169.0,1507.0,387.0,8744.0,341.0,508.0,13.243366857238241,0.33766523390226594,0.11144335016483749,0.07735880315486375,0.15163339314776944,0.3219051037015399,0.5911276968660018,0.3676254642573968,0.3882650335934566,0.37714618369987063,0.329213787923048,0.7487663481200184,0.0063933564244877525,43.0,0.14410416058089554,0.3840972749655719,64.0,1.0,0,0,1,0.008866666666666667,0.0005333333333333334,0.011466666666666665,0,0,1,0,0,0,1,0,0,1,0,0.0,0,0.0,0,0.00013333333333333334,0,0.037333333333333336,0,0.00013333333333333334,,,2005,2019,15,0.6780948962984601
Trevor Ariza,arizatr01,80,215.0,1985-06-30,UCLA,2005,2019,2004-11-03T00:00:00Z,False,15,NBA,"NYK, ORL, LAL, HOU, NOH, WAS, HOU, PHO, WAS",SF,1011,710.0,29.828882294757666,3.8189910979228485,9.04055390702275,0.4224288840262582,1.4421364985163205,4.109792284866469,0.35090252707581226,2.376854599406528,4.930761622156281,0.48204613841524574,0.5021881838074398,1.5944609297725025,2.1899109792284865,0.7280939476061428,0.9990108803165183,3.831849653808111,4.830860534124629,2.181998021760633,1.4985163204747773,0.3125618199802176,1.3699307616221563,1.997032640949555,10.67457962413452,30157.0,3861,9140,1458.0,4155.0,2403.0,4985.0,1612,2214,1010.0,3874.0,4884.0,2206,1515.0,316.0,1385.0,2019.0,10792,1.0,13.30297111781676,0.5344258381138708,0.44947846271180825,0.24685844082634215,3.867195012766522,14.718566170375038,9.251563484431475,11.21877507709653,2.5484763073249983,0.842139470106443,11.922674669231027,16.97831680870113,23.300000000000004,36.699999999999996,60.0,0.09545568193122658,-0.21820804456676726,1.0033856152800342,0.7827502735683257,21.3,6.500616772225353,15.387392645157012,2.4203634313758005,6.897950724541566,4.089733726829591,8.48984978611931,2.73816692641841,3.7646052326159762,1.7269290711940843,6.52413701628146,8.249504261033923,3.7098385117883077,2.5484763073249983,0.5286169048645423,2.3456212487979573,3.404081971018337,18.170643631660976,106.77680140597539,105.72633219484696,0.0,5.073880027854229,81.95715754219584,12.966110687402594,0.09480385980037802,1.6737971283615742,0.8720131312796364,657.0,330.0,767.0,179.0,990.0,127.0,5098.0,213.0,461.0,14.578522399442916,0.3144672547004012,0.07710886361375467,0.04109977782935969,0.11778452763869085,0.44947846271180825,0.6209228703120337,0.2797740491428192,0.2191264714659946,0.333103657525616,0.5790170441356898,0.8675816228404681,0.06882670690055377,587.0,0.39470766322910106,0.3643560699008522,22.0,1.0,1,0,0,0.012733333333333336,0.00013333333333333334,0.0011333333333333334,0,0,6,0,0,0,1,0,0,1,0,0.0,0,0.0,0,0.00013333333333333334,0,0.0,0,0.0013333333333333335,,,2005,2022,15,0.5505215372881919
Trevor Ariza,arizatr01,80,215.0,1985-06-30,UCLA,2006,2020,2004-11-03T00:00:00Z,False,15,NBA,"NYK, ORL, LAL, HOU, NOH, WAS, HOU, PHO, WAS, POR, SAC",SF,984,719.0,30.760162601626018,3.893292682926829,9.222560975609756,0.4221487603305785,1.556910569105691,4.419715447154472,0.3522648884801104,2.3363821138211383,4.8028455284552845,0.4864578925095218,0.5065564738292011,1.5782520325203253,2.1483739837398375,0.7346263008514664,0.9705284552845529,3.9969512195121952,4.967479674796748,2.247967479674797,1.5386178861788617,0.31808943089430897,1.3902439024390243,2.0121951219512195,10.921747967479675,30268.0,3831,9075,1532.0,4349.0,2299.0,4726.0,1553,2114,955.0,3933.0,4888.0,2212,1514.0,313.0,1368.0,1980.0,10747,1.0,13.189510373992336,0.5387499339236157,0.47784270516717325,0.2367900092506938,3.6338872736883836,14.84087815514735,9.191284524910797,11.124785251751025,2.5243689705299324,0.8377857803620985,11.928825822650985,16.68537399233514,23.8,36.6,60.4,0.09576793973833753,-0.23167371481432536,1.0167041099511034,0.7826119994713889,21.400000000000002,6.402329192546583,15.163638165719574,2.5302365534557953,7.180309237478525,3.8815382582265094,7.988667900092506,2.616747059600898,3.56326813796749,1.6196147746795295,6.566241575261002,8.184300251090262,3.6886051275274214,2.5243689705299324,0.5193802035152637,2.297961543544337,3.308917008061319,17.957549226906302,107.30553720100436,105.97763314391436,0.0,4.286408087749439,82.34458834412581,13.316836262719704,0.09445619135720894,1.6851889784590985,0.7928637504955728,658.0,319.0,764.0,168.0,949.0,142.0,5133.0,209.0,440.0,14.975502180520682,0.3046208537068852,0.07473585965375974,0.03893841680983217,0.10375561649266551,0.47784270516717325,0.6268325624421832,0.2779837452094621,0.20795833883969866,0.31466872604731067,0.5826731531650587,0.8655022796352584,0.06468137967490419,547.0,0.38026020880137446,0.36739794502444817,22.0,1.0,1,0,0,0.012733333333333336,0.00013333333333333334,0.0,0,0,6,0,0,0,1,0,0,0,0,0.0,0,0.0,0,0.00013333333333333334,0,0.0,0,0.0013333333333333335,,,2005,2022,16,0.5221572948328268
Trevor Ariza,arizatr01,80,215.0,1985-06-30,UCLA,2007,2021,2004-11-03T00:00:00Z,False,15,NBA,"ORL, LAL, HOU, NOH, WAS, HOU, PHO, WAS, POR, SAC, MIA",SF,957,736.0,31.46290491118077,4.009404388714733,9.498432601880877,0.42211221122112214,1.652037617554859,4.688610240334378,0.3523512369066191,2.3573667711598745,4.8098223615465,0.490115142298501,0.509075907590759,1.5778474399164055,2.122257053291536,0.7434761201378631,0.9446185997910136,4.085684430512017,5.03030303030303,2.305120167189133,1.554858934169279,0.3343782654127482,1.3866248693834902,2.0219435736677114,11.248693834900731,30110.0,3837,9090,1581.0,4487.0,2256.0,4603.0,1510,2031,904.0,3910.0,4814.0,2206,1488.0,320.0,1327.0,1935.0,10765,1.0,13.199594818997012,0.5411880770508137,0.4961832613749585,0.22449767519096644,3.437788110262371,14.78712720026569,9.071966124211224,11.120564596479577,2.488356027897708,0.873769511790103,11.603693125207572,16.670468282962467,24.400000000000002,36.6,61.099999999999994,0.09738551976087678,-0.20668548654931918,0.9883361009631351,0.7792195283958817,21.3,6.432032547326469,15.238369312520758,2.623988708070409,7.442653603454001,3.8203321155762198,7.8010826967784785,2.550308867485885,3.4289737628694787,1.5334540019926937,6.5445831949518425,8.079790767186982,3.687851212221853,2.488356027897708,0.5329226170707406,2.234048488874128,3.2398140152773163,18.050411823314516,107.78382597143806,106.1171703752906,0.0,3.9439388907339756,79.94078379275987,16.03490534706078,0.12288276320159415,1.750757223513783,0.6665459980073064,642.0,308.0,753.0,162.0,917.0,143.0,5137.0,205.0,431.0,15.311338425772169,0.294101494520093,0.07426456326801728,0.03671192294918632,0.09860371969445367,0.4961832613749585,0.6292154433742944,0.27843782796413147,0.20168399202922616,0.316998771172368,0.5904509465293923,0.8962990036532714,0.061753238126868136,530.0,0.37388405845234146,0.3797440717369644,22.0,1.0,1,0,0,0.012733333333333336,0.00013333333333333334,0.0,0,0,6,0,0,0,1,0,0,0,0,0.0,0,0.0,0,0.00013333333333333334,0,0.0,0,0.001333333333333333,,,2005,2022,17,0.5038167386250415
Trevor Ariza,arizatr01,80,215.0,1985-06-30,UCLA,2008,2022,2004-11-03T00:00:00Z,False,15,NBA,"ORL, LAL, HOU, NOH, WAS, HOU, PHO, WAS, POR, SAC, MIA, LAL",SF,924,740.0,31.703463203463205,3.9718614718614718,9.543290043290042,0.4161941483329553,1.7326839826839826,4.928571428571429,0.3515590689503733,2.2391774891774894,4.6147186147186146,0.4852251407129456,0.5069743706055795,1.5303030303030303,2.0324675324675323,0.7529286474973376,0.8831168831168831,4.146103896103896,5.029220779220779,2.346320346320346,1.5606060606060606,0.33225108225108224,1.3571428571428572,1.9707792207792207,11.206709956709958,29294.0,3670,8818,1601.0,4554.0,2069.0,4264.0,1414,1878,816.0,3831.0,4647.0,2168,1442.0,307.0,1254.0,1821.0,10355,1.0,12.970922373182225,0.538608076739264,0.5209568512323343,0.21350962654468494,3.1466443640335906,14.842909810882773,8.950976309141803,11.160340001365467,2.469106301631734,0.8646821874786647,11.384290298354612,16.47068341639926,22.700000000000003,35.1,57.9,0.09482945313033385,-0.28193828087663003,0.95599781525227,0.6775005120502492,19.900000000000002,6.298358025534237,15.149071482214788,2.7302007236976857,7.758322523383628,3.5807878746500985,7.396265446849184,2.445162831979245,3.244705400423295,1.4130709360278557,6.570321567556495,7.985194920461528,3.716945449580119,2.469106301631734,0.5223288045333516,2.1609339796545366,3.1188707585171023,17.78604151020687,107.60432170410323,106.37748344370861,0.0,2.6577456134361985,80.2002799208029,17.04359254454837,0.1578480234860381,1.60603195193555,0.5460811087594728,623.0,288.0,708.0,147.0,839.0,137.0,5068.0,185.0,405.0,15.767378985457771,0.2772330852734349,0.074425957533966,0.035885437290912814,0.0913598689151362,0.5209568512323343,0.6280578616781595,0.28045152590974265,0.19962371134020615,0.30942530893698367,0.5935046767256092,0.9370370383013588,0.05822141052775311,485.0,0.3775780364579778,0.39323970778999107,21.0,1.0,1,0,0,0.012733333333333336,0.00013333333333333334,0.0,0,0,6,0,0,0,1,0,0,0,0,0.0,0,0.0,0,0.00013333333333333334,0,0.0,0,0.0013333333333333335,,,2005,2022,18,0.47904314876766574
Dwight Howard,howardw01,82,265.0,1985-12-08,,2005,2019,2004-11-03T00:00:00Z,True,15,NBA,"ORL, LAL, HOU, ATL, CHO, WAS",C,1044,1043.0,34.46743295019157,6.261494252873563,10.744252873563218,0.5827761433538379,0.005747126436781609,0.0603448275862069,0.09523809523809523,6.255747126436781,10.683908045977011,0.585529854760624,0.5830435945439957,4.82183908045977,8.510536398467433,0.5665728756330894,3.5162835249042144,9.112068965517242,12.628352490421456,1.4703065134099618,0.9444444444444444,1.96455938697318,2.9300766283524906,3.2327586206896552,17.350574712643677,35984.0,6537,11217,6.0,63.0,6531.0,11154.0,5034,8885,3671.0,9513.0,13184.0,1535,986.0,2051.0,3059.0,3375.0,18114,1.0,21.564045131169408,0.5984221320586928,0.00550008337038684,0.7900506336149401,11.886719097376613,29.611958092485555,20.914523121387283,7.419944975544688,1.4082870164517562,4.36469542018675,16.858231436193865,22.85561638506003,59.39999999999999,69.70000000000002,129.09999999999997,0.17199772120942647,1.0652012005335707,1.0650233437083148,2.1570447976878615,37.900000000000006,9.337627834593151,16.018091373943975,0.0,0.06694642063139172,9.337627834593151,15.942749555357938,7.217946865273454,12.716201645175634,5.22477767896843,13.575038906180525,18.807158737216543,2.180124499777679,1.4082870164517562,2.946770787016452,4.3770036682970215,4.814787127612273,25.8998971765229,110.0541351711872,99.53646064917741,0.0,0.0,0.0,13.076950867052023,86.92304913294798,3.9994080702534456,4.686841373943975,594.0,927.0,1552.0,721.0,3757.0,60.0,3678.0,839.0,958.0,3.575994886616274,0.5900972376611828,0.3421759948866163,0.04308598265895953,0.019353045798132507,0.00550008337038684,0.7157220153401512,0.41036952534459753,0.2688808081369498,0.3187225989328591,0.5766539573143619,0.3286738550466874,0.2611676300578034,2709.0,0.12432030902623387,0.07111493997332148,26.0,0.0,0,0,8,0.2879333333333334,0.3682666666666667,0.06666666666666667,4,5,10,5,6,8,11,1,1,1,0,0.08333333333333333,0,0.256,0,0.0,0,0.0015333333333333334,3,0.21613333333333334,,,2005,2022,15,0.9944999166296133
Dwight Howard,howardw01,82,265.0,1985-12-08,,2006,2020,2004-11-03T00:00:00Z,True,15,NBA,"ORL, LAL, HOU, ATL, CHO, WAS, LAL",C,1031,963.0,33.57904946653734,6.194956353055286,10.491755577109602,0.590459461958029,0.008729388942774006,0.06401551891367604,0.13636363636363635,6.186226964112512,10.427740058195926,0.5932471398009488,0.5908754737912545,4.720659553831232,8.424830261881668,0.560326962928851,3.449078564500485,9.032007759456839,12.481086323957323,1.4597478176527643,0.9117361784675073,1.9340446168768186,2.888457807953443,3.2638215324927256,17.119301648884576,34620.0,6387,10817,9.0,66.0,6378.0,10751.0,4867,8686,3556.0,9312.0,12868.0,1505,940.0,1994.0,2978.0,3365.0,17650,1.0,21.792570768341992,0.6042180242634315,0.006164442518775275,0.8032934719815137,11.964913344887348,30.115236857307913,21.204055459272094,7.55401790872328,1.389584055459272,4.462726747544772,16.978642403235128,23.022694974003464,58.39999999999999,68.80000000000001,127.19999999999999,0.1761027729636049,1.0617331022530327,1.1599653379549393,2.2495753899480073,37.2,9.467954939341421,16.0430271519353,0.003772385904101675,0.07712882726747544,9.460410167533219,15.9571721548238,7.244471403812824,12.909896013864817,5.251825534373194,13.783460427498557,19.042917388792606,2.21840554592721,1.389584055459272,2.971750433275563,4.427316580011555,4.970707683419989,26.19505199306759,110.54500288850376,99.32287694974004,0.0,0.0,0.0,6.805343731946851,93.19465626805315,4.629615829000578,4.955329289428076,565.0,891.0,1540.0,725.0,3668.0,62.0,3623.0,833.0,912.0,3.5258405545927216,0.5976424898902369,0.33927143269786253,0.04000190641247833,0.017217562102830736,0.006164442518775275,0.7265804448295782,0.40948373772385904,0.26659494511842863,0.3170561525129983,0.5821202772963605,0.3793471981513576,0.26853708838821494,2663.0,0.1367632004621606,0.07391681109185443,26.0,0.0,1,0,8,0.2879333333333333,0.3682666666666667,0.0,4,5,10,5,6,8,11,0,0,0,0,0.08333333333333333,0,0.0,0,0.00013333333333333334,0,0.0015333333333333334,3,0.21600000000000003,,,2005,2022,16,0.9938355574812248
Dwight Howard,howardw01,82,265.0,1985-12-08,,2007,2021,2004-11-03T00:00:00Z,True,15,NBA,"ORL, LAL, HOU, ATL, CHO, WAS, LAL, PHI",C,1018,888.0,32.215127701375245,5.989194499017682,10.05795677799607,0.5954683074518996,0.0137524557956778,0.0825147347740668,0.16666666666666666,5.975442043222004,9.975442043222005,0.5990152634170359,0.5961519679656216,4.550098231827112,8.151277013752456,0.5582067968185105,3.3968565815324165,8.80943025540275,12.206286836935167,1.4155206286836934,0.8889980353634578,1.9066797642436148,2.8222003929273085,3.2298624754420433,16.542239685658153,32795.0,6097,10239,14.0,84.0,6083.0,10155.0,4632,8298,3458.0,8968.0,12426.0,1441,905.0,1941.0,2873.0,3288.0,16840,1.0,21.876575697514863,0.6080415612135996,0.008730202774813234,0.8107208110992531,12.165269095898765,30.388629364232358,21.43249580728769,7.573718554657723,1.4001341667937184,4.606122884586066,17.264775118158255,23.005506937033083,55.49999999999999,67.0,122.6,0.17908110992529352,0.9429028815368197,1.2556090867510288,2.2279402347918893,35.00000000000001,9.483622503430404,15.916051227321237,0.011276109162982162,0.11059612745845403,9.468364079890229,15.805455099862787,7.236761701478883,12.943430400975759,5.345881994206434,13.907101692331148,19.26103979265132,2.230370483305382,1.4001341667937184,3.0348498246683944,4.478542460740967,5.082131422472939,26.22314072267114,110.86897392895258,99.08178075926209,0.0,0.0,0.0,0.4038115566397317,99.59618844336026,4.7978045433755145,4.318094221680134,542.0,839.0,1473.0,731.0,3492.0,57.0,3486.0,790.0,852.0,3.5785241652690964,0.5988665955176095,0.3386543985363623,0.0368027443207806,0.017260466534532705,0.008730202774813234,0.7320339076078669,0.4125989022716878,0.2718711998780302,0.33815776795243185,0.5872088428114042,0.4296325659399298,0.270261838694923,2534.0,0.14984424454947398,0.09017435584692789,26.0,0.0,1,0,8,0.2846,0.3671333333333333,0.0,4,5,9,5,6,8,10,0,0,0,0,0.08333333333333333,0,0.0,0,0.00013333333333333334,0,0.001,3,0.21600000000000003,,,2005,2022,17,0.9912697972251865
Dwight Howard,howardw01,82,265.0,1985-12-08,,2008,2022,2004-11-03T00:00:00Z,True,15,NBA,"ORL, LAL, HOU, ATL, CHO, WAS, LAL, PHI, LAL",C,996,833.0,30.866465863453815,5.727911646586345,9.623493975903614,0.5952008346374543,0.02108433734939759,0.09738955823293173,0.21649484536082475,5.706827309236948,9.526104417670682,0.5990725126475548,0.5962962962962963,4.355421686746988,7.809236947791165,0.5577269220879404,3.3062248995983934,8.515060240963855,11.82128514056225,1.323293172690763,0.8724899598393574,1.8283132530120483,2.6134538152610443,3.1706827309236947,15.832329317269076,30743.0,5705,9585,21.0,97.0,5684.0,9488.0,4338,7778,3293.0,8481.0,11774.0,1318,869.0,1821.0,2603.0,3158.0,15769,1.0,21.836814884689193,0.6085103275542401,0.01126399505578506,0.8108739225189475,12.230709429788893,30.405871255245103,21.469469472725496,7.303015320560777,1.4292847152197246,4.604804345704713,16.76135380411801,22.770064730182476,53.8,62.5,116.39999999999999,0.18138688481930848,0.8323585856943044,1.2312526428780537,2.095003740688938,31.699999999999992,9.410600787171065,15.805207689555344,0.024662524802394042,0.14008717431610448,9.381690140845071,15.665120515239243,7.189753765084734,12.874462479263572,5.394236086263539,13.946254431903197,19.352242786975896,2.1576066096347137,1.4292847152197246,3.01894089711479,4.299460039683831,5.178554467683701,26.047158702794132,111.79048889178024,99.40308362879355,0.0,0.0,0.0,0.4307647269297076,99.56923527307029,4.794388966594021,4.348986761213935,488.0,744.0,1424.0,703.0,3268.0,49.0,3213.0,730.0,784.0,3.69401489770029,0.5970835312103568,0.3366385518654653,0.03678957811534332,0.018559737175942493,0.01126399505578506,0.7332161467651173,0.4111567511303386,0.27942757700940046,0.3279844192173828,0.5930504830367888,0.38761425365123764,0.2649807761116352,2320.0,0.16404661223693195,0.1277776404384738,26.0,0.0,1,0,7,0.27906666666666674,0.356,0.0,4,5,8,5,6,7,9,0,0,0,0,0.08333333333333333,0,0.0,0,0.00013333333333333334,0,0.0008666666666666667,3,0.2154,,,2005,2022,18,0.9887360049442148
Andre Iguodala,iguodan01,78,215.0,1984-01-28,Arizona,2005,2019,2004-11-03T00:00:00Z,False,15,NBA,"PHI, DEN, GSW",SF,1108,779.0,33.42418772563177,4.370036101083032,9.384476534296029,0.465666474321985,0.8925992779783394,2.6768953068592056,0.3334457181389076,3.4774368231046933,6.707581227436823,0.5184337997847147,0.5132236968647816,2.5117328519855597,3.536101083032491,0.7103113833588566,0.9377256317689531,4.144404332129964,5.082129963898917,4.351083032490974,1.5009025270758123,0.4981949458483754,1.904332129963899,1.8140794223826715,12.144404332129964,37034.0,4842,10398,989.0,2966.0,3853.0,7432.0,2783,3918,1039.0,4592.0,5631.0,4821,1663.0,552.0,2110.0,2010.0,13456,9.0,15.700753361775668,0.5587109953016147,0.297857374304693,0.36577960792785014,3.23479775341578,14.020978020197655,8.666684668142787,19.63903440082087,2.288105524653021,1.1721958200572447,14.889215315655882,17.292485283793265,50.8,46.099999999999994,96.5,0.12487273856456228,0.9490630231679001,1.3265998811902575,2.263409299562564,39.800000000000004,6.742998325862719,14.46807258195172,1.3530458497596805,4.102100772263326,5.360898093643678,10.383131716800778,3.902638116325539,5.499619268780041,1.4349408651509423,6.353078252416697,7.784333315331856,6.6660852189879565,2.288105524653021,0.7510152832532269,2.933555651563428,2.773513528109305,18.740948857806337,111.83029108386887,105.28160609169952,0.5530863530809527,32.11894475346978,64.50037803099855,2.998703893719285,0.0,4.038937192849814,4.361019603607496,1092.0,537.0,1065.0,170.0,1645.0,192.0,10718.0,295.0,331.0,13.364964627099424,0.33235764432683484,0.07303097153966626,0.08798468974455904,0.20868156288815684,0.297857374304693,0.7185723929362208,0.3176936598801102,0.3347973213803532,0.38016665766592855,0.5428656369822326,0.8389364367878166,0.15408856726251555,1461.0,0.32155481449478857,0.3410254900901873,53.0,2.0,3,1,1,0.1257333333333333,0.0005333333333333334,0.0644,1,2,14,0,0,0,4,1,1,1,0,0.0,0,0.022,0,0.08353333333333333,0,0.002,0,0.017666666666666667,,,2005,2023,15,0.702142625695307
Andre Iguodala,iguodan01,78,215.0,1984-01-28,Arizona,2006,2020,2004-11-03T00:00:00Z,False,15,NBA,"PHI, DEN, GSW, MIA",SF,1047,697.0,33.205348615090735,4.404011461318052,9.493791786055397,0.4638832997987928,0.9130850047755492,2.7421203438395416,0.332985022640195,3.4909264565425024,6.751671442215855,0.5170462583109351,0.5119718309859155,2.5148042024832855,3.555873925501433,0.707225355895783,0.9235912129894938,4.08595988538682,5.009551098376313,4.418338108882521,1.4699140401146131,0.501432664756447,1.9073543457497613,1.758357211079274,12.235912129894938,34766.0,4611,9940,956.0,2871.0,3655.0,7069.0,2633,3723,967.0,4278.0,5245.0,4626,1539.0,525.0,1997.0,1841.0,12811,8.0,15.808252315480644,0.5564444859920612,0.30362141172409823,0.3619407467065524,3.2164729908531324,13.895993211758615,8.607691422654318,20.018592878099295,2.2557354886958523,1.200618420295691,14.73728930564344,17.584355404705743,48.1,42.7,90.5,0.12468385779209573,1.042213657021228,1.2677299660587928,2.296890640280734,37.7,6.841764942760167,14.739981591209801,1.391017085658402,4.227233503998159,5.419798078582522,10.531027440602887,3.9415952367255374,5.570997526318817,1.421256399930967,6.3043519530575844,7.729408042340217,6.81770120232411,2.2557354886958523,0.7605332796410287,2.960124834608525,2.710156474716677,19.024290973940058,111.84148305816028,105.55580164528563,0.4346487947995168,28.92633607547604,67.37447506184203,3.4468158545705574,0.0,4.288684346775585,4.374572858539953,1044.0,504.0,974.0,163.0,1567.0,196.0,10289.0,285.0,309.0,13.638252890755338,0.3214836046712305,0.07196850371052178,0.0885930794454352,0.21422789506989587,0.30362141172409823,0.7204074095380545,0.3243438129206697,0.332918713685785,0.38725939135937404,0.5351538859805557,0.8308977736869353,0.1462512799861934,1346.0,0.30898817810504514,0.34345469711787374,53.0,2.0,3,1,1,0.12019999999999999,0.0005333333333333334,0.0,1,2,13,0,0,0,4,0,0,0,0,0.0,0,0.0,0,0.08353333333333333,0,0.002,0,0.017266666666666666,,,2005,2023,16,0.6963785882759018
Andre Iguodala,iguodan01,78,215.0,1984-01-28,Arizona,2007,2021,2004-11-03T00:00:00Z,False,15,NBA,"PHI, DEN, GSW, MIA",SF,1028,620.0,32.11964980544747,4.243190661478599,9.24124513618677,0.4591578947368421,0.933852140077821,2.816147859922179,0.3316062176165803,3.309338521400778,6.425097276264592,0.5150643451930356,0.5096842105263157,2.3297665369649807,3.3190661478599224,0.7019343493552169,0.8638132295719845,3.985408560311284,4.849221789883268,4.3900778210116735,1.421206225680934,0.52431906614786,1.8589494163424125,1.6857976653696498,11.75,33019.0,4362,9500,960.0,2895.0,3402.0,6605.0,2395,3412,888.0,4097.0,4985.0,4513,1461.0,539.0,1911.0,1733.0,12079,8.0,15.634504376268211,0.5510421878312486,0.3279550561797753,0.3399102637875163,3.1092461915866623,13.965955964747566,8.5938096247615,20.45200339198643,2.2452830188679247,1.3269026923892304,14.896877555346919,17.595030134165178,43.099999999999994,41.9,84.70000000000002,0.12295348132893183,0.98944849934886,1.370414004058269,2.3461189012386803,36.2,6.803613071262,14.818135013174231,1.4697144068566586,4.474302674217874,5.3106575002271414,10.353732699354916,3.775408098367607,5.371104515581939,1.366304249068718,6.3435506829401245,7.713855658863078,6.991462491292892,2.2452830188679247,0.8161058784336293,2.9751234137920584,2.678948484206063,18.864983797207667,111.18774039189557,105.5075865410824,0.4576455979890366,26.94391108149853,68.5246979012084,4.265665223053394,0.0,4.41332566098307,3.5151912535207,1012.0,468.0,918.0,159.0,1429.0,180.0,10084.0,268.0,275.0,14.29516944789364,0.29967382416184624,0.06716166449619916,0.08710121445228504,0.2179566007450256,0.3279550561797753,0.7245593446197643,0.32701308337623797,0.32665126139495443,0.3849898240407038,0.5377772797480239,0.8258694993791453,0.1378587782791726,1234.0,0.291447499924286,0.33906989914897484,55.0,2.0,3,1,1,0.11573333333333331,0.0005333333333333334,0.0,1,2,12,0,0,0,4,0,0,0,0,0.0,0,0.0,0,0.08353333333333333,0,0.002,0,0.017066666666666667,,,2005,2023,17,0.6720449438202247
Andre Iguodala,iguodan01,78,215.0,1984-01-28,Arizona,2008,2022,2004-11-03T00:00:00Z,False,15,NBA,"PHI, DEN, GSW, MIA, GSW",SF,983,544.0,31.08850457782299,4.033570701932859,8.779247202441505,0.45944380069524915,0.9450661241098678,2.8626653102746693,0.330135039090263,3.0885045778229907,5.916581892166836,0.5220082530949106,0.5132676709154114,1.9918616480162767,2.930824008138352,0.6796251301631377,0.8463886063072228,3.8850457782299084,4.731434384537131,4.267548321464903,1.3591047812817905,0.5371312309257376,1.7070193285859614,1.5940996948118007,11.004069175991862,30560.0,3965,8630,929.0,2814.0,3036.0,5816.0,1958,2881,832.0,3819.0,4651.0,4195,1336.0,528.0,1678.0,1567.0,10817,5.0,15.321675392670159,0.5485030104712042,0.350789005235602,0.3148075916230367,3.1357951570680624,13.96124345549738,8.613196989528795,20.200366492146593,2.2088481675392675,1.4225752617801048,14.691364528795809,16.97131217277487,39.5,39.4,78.6,0.12328979057591623,0.9210503926701571,1.443475130890052,2.3477028795811514,33.5,6.652558900523559,14.490484293193717,1.5354417539267016,4.682185863874346,5.10202552356021,9.818995418848168,3.32134162303665,4.882994109947644,1.379532068062827,6.35904777486911,7.742902486910993,6.984087041884817,2.2088481675392675,0.8571727748691101,2.809015052356021,2.5970975130890053,18.175553010471205,111.6628272251309,105.5681609947644,0.5142015706806282,23.857657068062828,70.79250654450261,5.023265706806283,0.019731675392670157,5.3103730366492155,3.9908213350785346,901.0,406.0,831.0,137.0,1209.0,167.0,9432.0,232.0,240.0,14.610232329842932,0.29109937827225135,0.06944407722513089,0.08388206806282722,0.20474155759162305,0.350789005235602,0.7337311845549738,0.33864201570680624,0.32267585078534033,0.3865875327225131,0.5464108311518325,0.8315348167539266,0.1394246727748691,1131.0,0.2970199280104712,0.3447370091623036,56.0,2.0,4,1,1,0.1124,0.0005333333333333334,0.0,1,2,11,0,0,0,4,0,0,0,0,0.0,0,0.0,0,0.08353333333333333,0,0.0005333333333333334,0,0.016933333333333335,,,2005,2023,18,0.6492109947643979
Andre Iguodala,iguodan01,78,215.0,1984-01-28,Arizona,2009,2023,2004-11-03T00:00:00Z,False,15,NBA,"PHI, DEN, GSW, MIA, GSW",SF,909,462.0,30.177117711771178,3.7293729372937294,8.105610561056105,0.4600977198697068,0.911991199119912,2.7678767876787678,0.3294912559618442,2.8173817381738173,5.337733773377337,0.5278235779060181,0.5163545059717698,1.7546754675467546,2.616061606160616,0.6707317073170732,0.8250825082508251,3.8195819581958195,4.6446644664466445,4.2057205720572055,1.286028602860286,0.5302530253025303,1.6204620462046204,1.5302530253025302,10.125412541254125,27431.0,3390,7368,829.0,2516.0,2561.0,4852.0,1595,2378,750.0,3472.0,4222.0,3823,1169.0,482.0,1473.0,1391.0,9204,5.0,14.85389887353724,0.5490401006160913,0.36490948197295026,0.30473872625861254,3.1394662972549305,14.025263388137507,8.660741496846633,20.189001494659326,2.1368852757828734,1.452495351974044,15.036075972439937,16.133057489701432,34.199999999999996,35.1,69.09999999999998,0.12063366264445337,0.712930625934162,1.4378513360796177,2.1324523349495097,28.6,6.300568699646386,13.699219860741499,1.5113156647588493,4.640990120666399,4.760621194998359,9.070146914075316,2.9943713317050062,4.464387007400386,1.3767853887937005,6.411410448033248,7.792599613575879,7.056891837701871,2.1368852757828734,0.8657540738580439,2.7314315919944585,2.545911559913967,17.122445408479454,111.81954722758923,105.6700448397798,0.5728555284167548,23.978928948999307,70.00360905544821,5.514855455506543,0.04257956326783566,6.0023695818599405,4.715631949254493,810.0,367.0,748.0,107.0,1001.0,156.0,8652.0,189.0,212.0,14.67584849258139,0.2923119098829791,0.07094025008202398,0.08092245999052165,0.19074878786774088,0.36490948197295026,0.7401147242171264,0.33565112464000585,0.3253266742007218,0.3817552039663156,0.5564111406802523,0.8392650650723633,0.14295508730997775,994.0,0.29754055630491055,0.345531369618315,47.0,1.0,4,1,1,0.11019999999999999,0.0004,0.0,1,2,10,0,0,0,3,0,0,0,0,0.0,0,0.0,0,0.08353333333333333,0,0.0,0,0.016933333333333335,0,0.0,2005,2023,19,0.6350905180270496
J.R. Smith,smithjr01,78,225.0,1985-09-09,North Carolina A&T,2005,2019,2004-11-03T00:00:00Z,False,15,NBA,"NOH, NOK, DEN, NYK, CLE",SG,971,395.0,26.978372811534502,4.503604531410916,10.754891864057672,0.4187494015129752,1.9866117404737385,5.321318228630278,0.37333075285465456,2.516992790937178,5.433573635427394,0.4632297194844579,0.5111079191803122,1.4994850669412976,2.047373841400618,0.7323943661971831,0.5087538619979403,2.650875386199794,3.159629248197734,2.135942327497425,1.0020597322348095,0.21009268795056643,1.3501544799176106,2.251287332646756,12.493305870236869,26196.0,4373,10443,1929.0,5167.0,2444.0,5276.0,1456,1988,494.0,2574.0,3068.0,2074,973.0,204.0,1311.0,2186.0,12131,0.0,13.970380974194534,0.5343838754008245,0.505301152847763,0.182223087494274,2.172614139563292,11.319499160177127,6.7355435944419,13.165128263857076,1.9072568331042907,0.6131012368300504,10.25732172850817,21.706905634448002,24.6,21.900000000000002,46.4,0.08505829134218965,0.5716101694915254,-0.3494770193922736,0.2136394869445717,14.700000000000001,8.577328599786226,20.508772331653688,3.768002748511223,10.099748053137885,4.797381279584669,10.419617498854787,2.870812337761491,3.8889105206901813,0.9743968544816004,5.0545808520384785,6.019514429683921,4.077626355168728,1.9072568331042907,0.400484806840739,2.579977859215147,4.273450145060315,23.798717361429222,105.75305390135898,108.54794625133609,1.9697663765460376,66.490952817224,30.771339135745915,1.043289051763628,0.0,2.4391319285387087,1.1297182775996333,638.0,401.0,1069.0,164.0,814.0,135.0,4829.0,192.0,355.0,17.968121087188884,0.16474580088563137,0.0778509314399145,0.059996449839670174,0.19222885173308904,0.505301152847763,0.6025270652007939,0.34798915865017566,0.3504226217743167,0.4101393724232707,0.3652365628340205,0.8635315697052985,0.03755871125362651,346.0,0.18411440677966104,0.42203752481294854,57.0,0.0,1,0,0,0.0022,0.0,0.017266666666666666,0,0,1,0,0,0,0,0,0,1,0,0.0,0,0.002,1,0.0774,0,0.0016666666666666668,0,0.0,,,2005,2020,15,0.4946988471522369
J.R. Smith,smithjr01,78,225.0,1985-09-09,North Carolina A&T,2006,2020,2004-11-03T00:00:00Z,False,15,NBA,"NOK, DEN, NYK, CLE, LAL",SG,901,339.0,27.098779134295228,4.5338512763596,10.784683684794672,0.42039724194710304,2.0521642619311877,5.435072142064373,0.3775781090463549,2.4816870144284127,5.349611542730299,0.46390041493775935,0.515539775650921,1.495005549389567,2.029966703662597,0.7364680153089119,0.5049944506104328,2.736958934517203,3.241953385127636,2.1476137624861265,1.0199778024417314,0.2142064372918979,1.3385127635960044,2.281908990011099,12.614872364039956,24416.0,4085,9717,1849.0,4897.0,2236.0,4820.0,1347,1829,455.0,2466.0,2921.0,1935,919.0,193.0,1206.0,2056.0,11366,0.0,14.158953145478373,0.5381514580602884,0.5151288089777195,0.1794323394495413,2.1482716251638267,11.596010812581914,6.8724442988204455,13.028813073394495,1.9264211992136304,0.6197288663171691,10.1625,21.56925786369593,25.1,21.100000000000005,46.099999999999994,0.09055332568807337,0.7022526212319791,-0.27483207732634335,0.41830766710353867,14.9,8.553825360419395,20.363970347313238,3.861910222804718,10.225454619921363,4.679099770642201,10.149881225425949,2.8327285386631726,3.818455111402359,0.9540670052424639,5.181524410222805,6.125438237221493,4.060939547837482,1.9264211992136304,0.40683977719528175,2.5321879095674964,4.290149901703801,23.807916939711664,106.46256553079948,108.45179390563565,2.0372296854521625,63.952899737876805,33.10333387942333,1.125819134993447,0.0,3.477551605504587,1.663986730013106,585.0,362.0,1001.0,157.0,742.0,135.0,4519.0,172.0,316.0,18.147558977719527,0.1582479112057667,0.0790835517693316,0.059480709370904314,0.1881118119266055,0.5151288089777195,0.6047669151376147,0.34625315366972476,0.35430774901703804,0.410574131716907,0.3516884829619922,0.8620339941022281,0.034205766710353865,297.0,0.18570507044560944,0.4269182093709044,56.0,0.0,2,0,0,0.0022,0.0,0.0,0,0,1,0,0,0,0,0,0,0,0,0.0,0,0.0,1,0.0774,0,0.0016666666666666668,0,0.0,,,2005,2020,16,0.4848711910222804
Luol Deng,denglu01,81,237.0,1985-04-16,Duke,2005,2019,2004-11-05T00:00:00Z,False,15,NBA,"CHI, CLE, MIA, LAL, MIN",SF,902,828.0,34.30266075388027,5.687361419068736,12.480044345898005,0.4557164431020698,0.729490022172949,2.197339246119734,0.33198789101917253,4.957871396895787,10.282705099778271,0.4821563342318059,0.48494270231855735,2.7084257206208426,3.5199556541019956,0.7694488188976378,1.6208425720620843,4.441241685144124,6.062084257206209,2.2638580931263856,0.975609756097561,0.49223946784922396,1.6175166297117516,1.6618625277161863,14.812638580931264,30941.0,5130,11257,658.0,1982.0,4472.0,9275.0,2443,3175,1462.0,4006.0,5468.0,2042,880.0,444.0,1459.0,1499.0,13361,0.0,15.415555411912994,0.5276298762160241,0.18492301477004622,0.28028085711515466,5.396134578714327,14.664655311722312,10.047881451795352,11.17018842312789,1.4808441873242622,1.098645809766976,10.277486183381274,20.599844866035355,34.7,39.099999999999994,74.10000000000001,0.11484076144920977,0.7316667205326265,0.21046184674057075,0.9246695323357358,22.899999999999995,8.623176367926053,18.929504540900425,1.1054910959568212,3.334792023528651,7.514643999870722,15.600087262855112,4.1166704372838625,5.349523286254485,2.445156911541321,6.735897353026728,9.19112181248182,3.4375682751042302,1.4808441873242622,0.747874987880159,2.465065770337093,2.5051452764939723,22.474826282279174,107.25435506286158,104.93090074658221,0.0,0.2869978345884102,75.6180149316441,23.876539219805437,0.39265052842506704,2.3151158656798416,2.4482498949613785,587.0,483.0,697.0,170.0,1385.0,144.0,4654.0,295.0,685.0,12.31317022720662,0.31070366180795705,0.12625910604052876,0.09061956627129053,0.28822145373452707,0.18492301477004622,0.6422415888303548,0.39338234058369154,0.32855764196373743,0.38507178177822304,0.6300790213632397,0.9445068032707412,0.03661003199638021,400.0,0.4475202805339194,0.3929509388836818,23.0,1.0,0,0,2,0.053200000000000004,0.0016666666666666668,0.03793333333333333,0,1,5,0,0,0,4,1,1,1,0,0.0,0,0.002,0,0.0,0,0.005000000000000001,0,0.0054666666666666665,,,2005,2019,15,0.8150769852299538
Chris Paul,paulch01,72,175.0,1985-05-06,Wake Forest,2006,2020,2005-11-01T00:00:00Z,False,15,NBA,"NOK, NOH, LAC, HOU, OKC",PG,1020,1020.0,34.86078431372549,6.466666666666667,13.744117647058824,0.47050431557172406,1.3519607843137256,3.656862745098039,0.36970509383378014,5.114705882352941,10.087254901960785,0.5070463601904946,0.5196875668735288,4.174509803921569,4.796078431372549,0.8704006541291905,0.653921568627451,3.8666666666666667,4.520588235294118,9.463725490196078,2.18921568627451,0.1303921568627451,2.4166666666666665,2.450980392156863,18.45980392156863,35558.0,6596,14019,1379.0,3730.0,5217.0,10289.0,4258,4892,667.0,3944.0,4611.0,9653,2233.0,133.0,2465.0,2500.0,18829,15.0,25.08921761628888,0.5815939029191743,0.26318361550143426,0.35297556105517747,2.1787502109229986,12.750821193542944,7.467953765678608,45.5963693121098,3.2697198942572703,0.3015439563530008,13.252933235840038,23.936756847966706,132.50000000000003,47.800000000000004,180.39999999999998,0.2434652398897576,5.320594521626638,2.262697564542438,7.586340626581923,85.9,9.631604702176725,20.441534956971708,1.976601608639406,5.365762978795208,7.630457281061928,15.074022723437762,6.234703864109343,7.169838011136733,0.9797963889982565,5.724925473873671,6.713695933404579,14.098523539006694,3.2697198942572703,0.19758985319759265,3.5860959559030325,3.6545587490860005,27.439147308622534,122.3585128522414,104.61252038922323,96.84121716631982,3.3181000056246135,0.0,0.0,0.0,6.973972101917992,10.895646549299736,1411.0,630.0,721.0,261.0,1161.0,247.0,22166.0,307.0,463.0,14.568105630237921,0.16922878114629616,0.15407573541819,0.18648166376061642,0.22667382867427868,0.26318361550143426,0.6342783902356713,0.4855152708251308,0.46952320152989474,0.46832605883345524,0.11271066989144497,0.48249474098655726,0.003242027110636144,42.0,0.10173356206760784,0.38718732774621745,31.0,1.0,0,0,10,0.3744,0.4149333333333332,0.06666666666666667,7,9,15,4,8,9,14,1,1,1,0,0.11113333333333333,1,0.997,0,0.0,0,0.0044,0,0.012933333333333333,,,2006,2025,15,0.7368163844985658
Chris Paul,paulch01,72,175.0,1985-05-06,Wake Forest,2007,2021,2005-11-01T00:00:00Z,False,15,NBA,"NOK, NOH, LAC, HOU, OKC, PHO",PG,1012,1012.0,34.534584980237156,6.549407114624506,13.785573122529645,0.47509139129811484,1.4140316205533596,3.765810276679842,0.37549199685122014,5.1353754940711465,10.019762845849803,0.5125246548323471,0.5263780374166727,3.9851778656126484,4.553359683794467,0.8752170138888888,0.6235177865612648,3.8458498023715415,4.469367588932807,9.549407114624506,2.1314229249011856,0.1442687747035573,2.409090909090909,2.41897233201581,18.49802371541502,34949.0,6628,13951,1431.0,3811.0,5197.0,10140.0,4033,4608,631.0,3892.0,4523.0,9664,2157.0,146.0,2438.0,2448.0,18720,14.0,25.09726172422673,0.5855489141320211,0.27124361212051845,0.33263815845946954,2.0976480013734293,12.696237374459926,7.418509828607399,45.895138630575985,3.1919454061632666,0.34106555266245103,13.264018999112993,23.99218861770008,132.20000000000005,46.90000000000001,179.19999999999996,0.24605316318063464,5.392491916793041,2.194577813385218,7.590171392600647,84.39999999999999,9.79565366677158,20.574974963518272,2.0754156055967266,5.551025780422902,7.687229963661335,15.022169446908354,5.971816074851927,6.837672036395889,0.9382071017768749,5.70512747145841,6.652465020458382,14.285035337205644,3.1919454061632666,0.2181664711436665,3.5875962116226505,3.6135940942516243,27.596263126269704,123.13336576153824,105.0636355832785,100.0,0.0817476894904003,0.0,0.0,0.0,7.794786689175656,11.26584737760737,1443.0,601.0,723.0,238.0,1045.0,237.0,22327.0,284.0,407.0,14.977407078886376,0.1485095138630576,0.1516405905748376,0.20315534063921714,0.22515127757589634,0.27124361212051845,0.6446352113079059,0.4941937680620332,0.4834165784428739,0.4756498898394804,0.10929145326046526,0.4541559415147787,0.002254027296918367,31.0,0.10189639188531859,0.400221093593522,33.0,1.0,0,0,11,0.37793333333333334,0.45626666666666654,0.0,7,9,15,4,9,10,14,0,0,0,0,0.12033333333333335,0,0.0,0,0.0,0,0.0044,0,0.012933333333333333,,,2006,2025,16,0.7287563878794815
Chris Paul,paulch01,72,175.0,1985-05-06,Wake Forest,2008,2022,2005-11-01T00:00:00Z,False,15,NBA,"NOH, LAC, HOU, OKC, PHO",PG,1013,1013.0,34.28923988153998,6.525172754195459,13.638696939782823,0.47843080486392586,1.4254689042448174,3.8173741362290228,0.3734160848202741,5.099703849950641,9.8213228035538,0.5192481656447884,0.5306890561667632,3.859822309970385,4.3958538993089835,0.8780597350101056,0.5913129318854886,3.876604146100691,4.46791707798618,9.671273445212242,2.1322803553800593,0.16090819348469892,2.3988153998025665,2.3968410661401776,18.33563672260612,34735.0,6610,13816,1444.0,3867.0,5166.0,9949.0,3910,4453,599.0,3927.0,4526.0,9797,2160.0,163.0,2430.0,2428.0,18574,15.0,25.042447099467392,0.5885575644162948,0.27843186987188717,0.3237865841370376,2.002182236936807,12.797210306607168,7.434020440477904,46.12050669353679,3.1949762487404634,0.3856571181805097,13.391884266589896,23.7883115013675,131.8,47.90000000000001,179.79999999999998,0.24837526990067657,5.372745069814307,2.2548956384050665,7.630761479775443,84.2,9.778387793292067,20.389465956528,2.0998992370807543,5.645564992082914,7.639119044191737,14.742110263423061,5.795520368504391,6.60820498056715,0.8934878364761768,5.75812005182093,6.6607945875917665,14.472152008061034,3.1949762487404634,0.2373686483374119,3.5752036850439044,3.5835036706492014,27.402884698430977,123.66995825536203,105.11944724341443,100.0,0.08225133151000431,0.0,0.0,0.0,8.55222110263423,11.579726500647762,1472.0,591.0,739.0,219.0,976.0,227.0,22648.0,263.0,370.0,15.327672376565422,0.13139899237080754,0.14916271771987907,0.2161622858787966,0.22461036418597957,0.27843186987188717,0.6555514610623291,0.5014123794443645,0.4941959119044191,0.48414619260112285,0.10936718007773141,0.43632252770980273,0.0017259824384626458,24.0,0.10223451849719302,0.4034681157334101,36.0,1.0,0,0,12,0.3838000000000001,0.47113333333333324,0.0,7,9,15,4,9,11,14,0,0,0,0,0.12046666666666668,0,0.0,0,0.0,0,0.0044,0,0.012933333333333333,,,2006,2025,17,0.7215681301281128
Chris Paul,paulch01,72,175.0,1985-05-06,Wake Forest,2009,2023,2005-11-01T00:00:00Z,False,15,NBA,"NOH, LAC, HOU, OKC, PHO",PG,992,992.0,33.88911290322581,6.324596774193548,13.299395161290322,0.4755552186765709,1.4616935483870968,3.910282258064516,0.37380768239236917,4.862903225806452,9.389112903225806,0.5179299978526949,0.5305086030470704,3.7409274193548385,4.257056451612903,0.878759175941274,0.5685483870967742,3.9233870967741935,4.491935483870968,9.471774193548388,2.0504032258064515,0.18245967741935484,2.3618951612903225,2.3881048387096775,17.851814516129032,33618.0,6274,13193,1450.0,3879.0,4824.0,9314.0,3711,4223,564.0,3892.0,4456.0,9396,2034.0,181.0,2343.0,2369.0,17709,14.0,24.338595395323935,0.587794812302933,0.29239609732881194,0.32102668213457075,1.9440121363555236,13.054372657504906,7.542450472960914,45.159941102980554,3.087265750490809,0.44571955500029753,13.507855910524123,23.359557379975016,122.30000000000001,45.800000000000004,168.2,0.23999925635076447,5.019843536200845,2.1111130941757392,7.134181093461836,77.4,9.528868463323219,19.991385567255637,2.1670801356416205,5.821806770182641,7.321110714498184,14.167728597775001,5.651573561782379,6.441177345469687,0.8641501576536379,5.864028199179011,6.737670295674937,14.250764471414126,3.087265750490809,0.2700279612112559,3.5350467011719915,3.5929234338747107,26.83106074126956,123.45719555000298,105.69557974894401,100.0,0.08498423463620679,0.0,0.0,0.0,8.213248854780176,11.150788268189663,1460.0,540.0,762.0,207.0,883.0,219.0,21758.0,235.0,325.0,15.712787792254149,0.11660387292521862,0.14408703670652626,0.22591793087036707,0.2206973347611399,0.29239609732881194,0.6552922838955321,0.49633523707537636,0.49789928014754004,0.4866214825391159,0.11303956213933014,0.4205304301267178,0.0012468320542566482,16.0,0.10544128145636265,0.3958217026592897,35.0,1.0,0,0,11,0.3552666666666668,0.4050666666666666,0.0,7,8,15,3,8,10,13,0,0,0,0,0.07313333333333333,0,0.0,0,0.0,0,0.0,0,0.010333333333333333,0,0.0,2006,2025,18,0.707603902671188
Chris Paul,paulch01,72,175.0,1985-05-06,Wake Forest,2010,2024,2005-11-01T00:00:00Z,False,15,NBA,"NOH, LAC, HOU, OKC, PHO, GSW",PG,972,932.0,33.07304526748971,6.017489711934156,12.762345679012345,0.471503426037888,1.5061728395061729,4.025720164609053,0.3741374904165602,4.511316872427984,8.736625514403292,0.5163683466792275,0.5305118903667876,3.3940329218106995,3.8590534979423867,0.8794988003199147,0.5277777777777778,3.843621399176955,4.371399176954733,9.185185185185185,1.9423868312757202,0.18209876543209877,2.251028806584362,2.330246913580247,16.935185185185187,32147.0,5849,12405,1464.0,3913.0,4385.0,8492.0,3299,3751,513.0,3736.0,4249.0,8928,1888.0,177.0,2188.0,2265.0,16461,8.0,23.350875664914295,0.5846627056957103,0.31413326282390275,0.30196845739882416,1.833405916570753,12.974122002053068,7.451382710672846,43.727666656297636,2.9691137586711047,0.4571499673375432,13.503452888294397,22.603359566989145,111.60000000000001,42.50000000000001,154.2,0.23019028214141288,4.567657946309142,1.9100071546334023,6.481037110772389,68.7,9.200547484990823,19.472529318443403,2.2732447817836814,6.10370174510841,6.884763741562198,13.37146856627368,5.201773104799827,5.924972781285966,0.8108688213519146,5.825588701900645,6.646383799421408,14.027287149656269,2.9691137586711047,0.27323233894298077,3.4188944536037575,3.5550595700998544,25.83328459887393,123.43235760724173,106.39042523408094,100.0,0.08887298970354932,0.0,0.0,0.0,8.144007216847605,9.887865119606806,1398.0,493.0,755.0,174.0,736.0,203.0,20762.0,194.0,285.0,16.23473107910536,0.09828637197872273,0.13850203751516474,0.2324108625999316,0.21640187264752542,0.31413326282390275,0.6641723333437024,0.4988830684045168,0.4995905061125454,0.486316608081625,0.11696438236849471,0.42102986281768123,0.0010237347186362647,13.0,0.11388555697265686,0.40477565558216944,39.0,1.0,0,0,10,0.3152666666666668,0.3587333333333333,0.0,6,7,14,3,7,9,12,0,0,0,0,0.06253333333333334,0,0.0,0,0.0,0,0.0,0,0.004866666666666667,0,0.0,2006,2025,19,0.6858667371760974
Chris Paul,paulch01,72,175.0,1985-05-06,Wake Forest,2011,2025,2005-11-01T00:00:00Z,False,15,NBA,"NOH, LAC, HOU, OKC, PHO, GSW, SAS",PG,1009,969.0,32.43508424182359,5.732408325074331,12.240832507433103,0.4683021617682779,1.5381565906838455,4.1199207135778,0.37334616309838825,4.194251734390486,8.120911793855303,0.5164754698559922,0.531131082503441,3.1942517343904857,3.620416253716551,0.8822885299753627,0.5213082259663032,3.7938553022794848,4.315163528245788,8.972249752229931,1.8780971258671952,0.18929633300297324,2.1853320118929633,2.277502477700694,16.197224975222994,32727.0,5784,12351,1552.0,4157.0,4232.0,8194.0,3223,3653,526.0,3828.0,4354.0,9053,1895.0,191.0,2205.0,2298.0,16343,7.0,22.726757722981024,0.5843708253124331,0.34269765025819665,0.2920933785559325,1.8379594829956918,12.9830995813854,7.462535521129341,43.01494484676261,2.9188651572096433,0.4911540929507746,13.755513795948302,22.02193296055245,110.10000000000001,42.60000000000001,152.6,0.2238432792495493,4.267085281266232,1.8274757845204264,6.097873315610963,66.8,8.911712042044794,18.979234271396702,2.359360772450881,6.343010358419654,6.510566199162771,12.644049255966022,4.979319827665231,5.6496256913252045,0.8141351177926481,5.835511962599689,6.659397439423107,13.916607082836803,2.9188651572096433,0.29294466342775083,3.3695358572432546,3.5278424542426743,25.10602866134996,123.61707458673267,107.06697833593057,100.0,0.08729794970513644,0.0,0.0,0.0,7.892938552265713,9.687585174320898,1433.0,490.0,788.0,165.0,690.0,182.0,21140.0,176.0,275.0,16.69937055031014,0.08832156934641121,0.13203315305405322,0.23247850398753325,0.20420823784642653,0.34269765025819665,0.6766756500748616,0.5019995111070371,0.5008583738197817,0.4826489442967581,0.1266894613010664,0.4269610718978213,0.0010055917132642774,13.0,0.11830289974638677,0.3778380847618175,40.0,1.0,0,0,9,0.31413333333333343,0.35719999999999996,0.0,6,7,13,3,7,9,11,0,0,0,0,0.06253333333333334,0,0.0,0,0.0,0,0.0,0,0.004866666666666668,0,0.0,2006,2025,20,0.6573023497418033
Lou Williams,willilo02,74,175.0,1986-10-27,,2006,2020,2005-11-02T00:00:00Z,False,15,NBA,"PHI, ATL, TOR, LAL, HOU, LAC",SG,1001,118.0,24.857142857142858,4.652347652347652,11.067932067932068,0.42034479646177453,1.3496503496503496,3.867132867132867,0.34900542495479203,3.3026973026973026,7.200799200799201,0.4586570477247503,0.4813160032493907,3.821178821178821,4.547452547452547,0.8402899824253075,0.3936063936063936,1.8631368631368632,2.2567432567432566,3.4555444555444557,0.8761238761238761,0.18281718281718282,1.7432567432567432,1.3276723276723277,14.475524475524475,24882.0,4657,11079,1351.0,3871.0,3306.0,7208.0,3825,4552,394.0,1865.0,2259.0,3459,877.0,183.0,1745.0,1329.0,14490,1.0,18.373506952817294,0.553305763202315,0.3500778072502211,0.4115789325616912,1.785383007796801,8.429491198456716,5.106583072100314,22.859416445623342,1.7940961337513064,0.5836186801704043,11.789032232135678,26.428237279961415,45.699999999999996,17.599999999999998,63.500000000000014,0.122645727835383,2.6133791495860463,-0.8702234547062132,1.7474158025882163,23.6,9.452403343782654,22.492657342657346,2.7358291134153205,7.835161964472309,6.710003215175629,14.657290410738685,7.763817217265492,9.247809661602764,0.8153685395064706,3.7951611606784015,4.609038662486938,7.008407684269754,1.7940961337513064,0.3890643838919701,3.5362671810947663,2.7208624708624707,29.40955710955711,110.77095892613134,110.19262920987059,64.69998392412185,32.06213326902982,3.3477614339683304,0.0,0.0,0.11753074511695197,0.6857728478418135,1053.0,425.0,562.0,117.0,1883.0,153.0,7758.0,355.0,683.0,14.729258098223614,0.2263221605980227,0.13694582429065189,0.1175417972831766,0.16903930552206414,0.3500778072502211,0.5903150068322481,0.39348963105859663,0.38169379471103604,0.39334595289767704,0.28798175387830555,0.653353066473756,0.015576360421188009,147.0,0.21972136484205446,0.3845656297725263,22.0,2.0,0,0,0,0.0,0.00013333333333333334,0.0,0,0,0,0,0,0,1,0,0,0,0,0.0,0,0.0,3,0.23806666666666668,0,0.0019333333333333331,0,0.0,,,2006,2022,15,0.649922192749779
Lou Williams,willilo02,74,175.0,1986-10-27,,2007,2021,2005-11-02T00:00:00Z,False,15,NBA,"PHI, ATL, TOR, LAL, HOU, LAC, ATL",SG,1037,122.0,25.22661523625844,4.72420443587271,11.256509161041466,0.419686455923927,1.3674059787849566,3.8910318225650915,0.35142503097893435,3.356798457087753,7.365477338476374,0.45574757789997383,0.48042491219052513,3.825458052073288,4.54387656702025,0.841893039049236,0.39729990356798456,1.8958534233365478,2.293153326904532,3.5429122468659595,0.8862102217936355,0.18225650916104147,1.7743490838958533,1.3288331726133076,14.641272902603664,26160.0,4899,11673,1418.0,4035.0,3481.0,7638.0,3967,4712,412.0,1966.0,2378.0,3674,919.0,189.0,1840.0,1378.0,15183,1.0,18.18756116207951,0.5518182721712539,0.3465946100917431,0.4046644113149847,1.7773318042813455,8.430305810397554,5.108168960244649,22.95123088685015,1.7835053516819575,0.5768654434250765,11.818260703363915,26.412060397553514,46.4,18.7,65.30000000000001,0.11989980886850152,2.4584709480122324,-0.9015443425076451,1.5609785932721711,23.600000000000005,9.445615443425076,22.509193425076454,2.7288455657492356,7.761028287461774,6.71051987767584,14.747970183486236,7.6513149847094795,9.09690366972477,0.8075152905198776,3.8011850152905193,4.6072821100917425,7.070359327217125,1.7835053516819575,0.3809365443425077,3.53927752293578,2.682113914373089,29.27624617737003,110.64319571865444,110.40634556574923,65.49977064220184,31.414984709480123,3.1842125382262996,0.0,0.0,0.24583333333333332,0.44452217125382265,1139.0,434.0,574.0,116.0,1952.0,162.0,8276.0,364.0,712.0,14.731012996941896,0.21977977828746179,0.14097649082568808,0.12388237767584098,0.16875160550458718,0.3465946100917431,0.592315366972477,0.3919488149847095,0.38502282110091735,0.38968283639143736,0.2865483562691131,0.6474415519877674,0.014604778287461774,145.0,0.22253558868501525,0.38797194189602446,22.0,2.0,0,0,0,0.0,0.00013333333333333334,0.0,0,0,0,0,0,0,1,0,0,0,0,0.0,0,0.0,3,0.23806666666666668,0,0.0019333333333333331,0,0.0,,,2006,2022,16,0.653405389908257
Lou Williams,willilo02,74,175.0,1986-10-27,,2008,2022,2005-11-02T00:00:00Z,False,15,NBA,"PHI, ATL, TOR, LAL, HOU, LAC, ATL",SG,1032,122.0,25.45639534883721,4.778100775193798,11.416666666666666,0.41851977592938383,1.3982558139534884,3.9728682170542635,0.3519512195121951,3.37984496124031,7.4437984496124034,0.4540484248893517,0.4797572568324563,3.8468992248062017,4.5523255813953485,0.8450404427415922,0.39825581395348836,1.9224806201550388,2.320736434108527,3.5552325581395348,0.8963178294573644,0.18507751937984496,1.7800387596899225,1.3410852713178294,14.801356589147288,26271.0,4931,11782,1443.0,4100.0,3488.0,7682.0,3970,4698,411.0,1984.0,2395.0,3669,925.0,191.0,1837.0,1384.0,15275,1.0,18.0963686193902,0.5510493700277873,0.3502491720908987,0.3989573674393818,1.7581667998934185,8.44876479768566,5.109318259677972,22.725956377754937,1.7831525255985692,0.5809333485592479,11.69087206425336,26.436671615088883,46.0,18.599999999999998,64.8,0.11838456853564767,2.3793993376727194,-0.9219824140687448,1.4614517909481937,23.0,9.451334170758631,22.588984050854556,2.763697613337901,7.846515168817327,6.684031822161318,14.742274751627269,7.615359141258422,9.018514712039892,0.8004720033497013,3.8115716950249325,4.6106314948041565,7.0155723040615126,1.7831525255985692,0.38279091012903965,3.5117391800845037,2.678219329298466,29.2865593239694,110.61935213733774,110.64371360054814,65.15892048266149,31.76887061779148,3.170758631190286,0.0,0.0,0.1766206082752844,0.18709223097712316,1148.0,431.0,571.0,114.0,1940.0,152.0,8293.0,356.0,702.0,14.856503368733584,0.21119664268585134,0.143592935175669,0.12742777206805983,0.1675226295154353,0.3502491720908987,0.5903084008983289,0.3941488713790873,0.38308221993833497,0.3920200220775761,0.28664748201438844,0.645092954208062,0.013141562940124092,134.0,0.22657584408663545,0.3904160861786761,21.0,2.0,0,0,0,0.0,0.00013333333333333334,0.0,0,0,0,0,0,0,1,0,0,0,0,0.0,0,0.0,3,0.23806666666666668,0,0.0019333333333333331,0,0.0,,,2006,2022,17,0.6497508279091012
Marvin Williams,willima02,80,237.0,1986-06-19,UNC,2006,2020,2005-11-02T00:00:00Z,False,15,NBA,"ATL, UTA, CHO, MIL",PF,1072,828.0,28.13339552238806,3.6641791044776117,8.276119402985074,0.44274120829576197,0.9757462686567164,2.699626865671642,0.3614374568071873,2.6884328358208953,5.576492537313433,0.4821010371361659,0.5016907123534716,1.9244402985074627,2.3824626865671643,0.807752545027408,1.1902985074626866,3.9832089552238807,5.173507462686567,1.2807835820895523,0.7686567164179104,0.5382462686567164,0.9524253731343284,2.0102611940298507,10.228544776119403,30159.0,3928,8872,1046.0,2894.0,2882.0,5978.0,2063,2554,1276.0,4270.0,5546.0,1373,824.0,577.0,1021.0,2155.0,10965,0.0,13.580397228024802,0.5490015584071088,0.331987466427932,0.2859292085281342,4.809483073046189,16.28452534898372,10.477323518684308,7.206571835936204,1.4175768427335123,1.5420372028250273,9.21902582976889,16.60992738486024,36.3,28.7,64.99999999999999,0.1036144434497165,-0.2585065817832156,-0.11810073278291722,-0.37745946483636716,12.3,6.75704433170861,15.247547995623199,1.7780894591995753,4.878165721675122,4.98713816771113,10.362634702742131,3.581544480917802,4.4352962631386985,2.202072349878975,7.315597334129116,9.505606949832554,2.3527404754799557,1.4175768427335123,0.9908485029344475,1.7646473689445938,3.7116946848370307,18.835863258065583,111.2655923604894,108.03113498458171,0.0,0.3589309990384297,36.499021850857126,58.364402002718926,4.8844789283464305,-0.66151729168739,0.4023674525017408,392.0,291.0,1040.0,206.0,1015.0,100.0,3140.0,199.0,517.0,14.432623760734774,0.2517401770615737,0.12922540535163632,0.06361626711761,0.22342713617825524,0.331987466427932,0.623921847541364,0.39907039358068896,0.3796820849497662,0.39103448390198614,0.6775995888457841,0.9758107364302528,0.04548917404423224,360.0,0.3633362512019629,0.3284729599787792,15.0,2.0,0,0,0,0.0,0.0,0.017266666666666666,0,0,0,0,0,0,0,0,1,1,0,0.0,0,0.0,0,0.0,0,0.0,0,0.0,,,2006,2020,15,0.6680125335720681
C.J. Miles,milescj01,78,220.0,1987-03-18,,2006,2020,2005-11-14T00:00:00Z,False,15,NBA,"UTA, CLE, IND, TOR, MEM, WAS",SF,848,303.0,20.379716981132077,3.3997641509433962,8.273584905660377,0.4109179019384265,1.474056603773585,4.1120283018867925,0.3584743332377402,1.9257075471698113,4.161556603773585,0.46273731935392465,0.5,1.2877358490566038,1.5919811320754718,0.8088888888888889,0.42806603773584906,1.9433962264150944,2.3714622641509435,1.0778301886792452,0.7087264150943396,0.29952830188679247,0.8537735849056604,2.1120283018867925,9.56132075471698,17282.0,2883,7016,1250.0,3487.0,1633.0,3529.0,1092,1350,363.0,1648.0,2011.0,914,601.0,254.0,724.0,1791.0,8108,0.0,13.074204374493693,0.5331035759750029,0.4918676079157505,0.1916485939127416,2.439989584538826,10.934914940400418,6.676142807545423,8.497529221154958,1.7948964240249972,1.2011746325656754,8.701805346603402,21.591413030899197,13.9,16.2,30.0,0.08374806156694828,-0.08420321722022914,-0.3430563592176831,-0.42599814836245803,6.800000000000001,8.52305867376461,20.74464182386298,3.6623365351232495,10.260363383867608,4.868215484318945,10.507198240944339,3.2561971993982177,3.9882826061798404,1.0538884388380976,4.873695174169657,5.942813331790302,2.71386413609536,1.7948964240249972,0.7503819002430275,2.1355745862747364,5.3047274620992955,24.00037032750839,105.50827450526559,108.10999884272654,0.20784631408401805,45.341569262816805,51.36668209697952,3.04901053118852,0.0,1.6032519384330517,1.1006422867723644,369.0,181.0,950.0,95.0,582.0,75.0,2009.0,131.0,289.0,17.110288161092466,0.18656480731396827,0.09823683601435018,0.062457701654901054,0.1607569725726189,0.4918676079157505,0.6283159935192687,0.3491466265478532,0.37664101377155423,0.37058442309917833,0.5897875245920612,0.9343853720634185,0.04370663117694711,257.0,0.20727178567295454,0.3900021988195811,25.0,0.0,0,0,0,0.0,0.0,0.0,0,0,0,0,0,0,0,0,0,0,0,0.0,0,0.0,0,0.0,0,0.0,0,0.0,,,2006,2022,15,0.5081323920842495
C.J. Miles,milescj01,78,220.0,1987-03-18,,2007,2022,2005-11-14T00:00:00Z,False,15,NBA,"UTA, CLE, IND, TOR, MEM, WAS, BOS",SF,826,303.0,20.67917675544794,3.456416464891041,8.401937046004843,0.41138328530259366,1.5072639225181599,4.197336561743342,0.35910008653014136,1.9491525423728813,4.204600484261501,0.46357615894039733,0.5010806916426513,1.3002421307506054,1.6053268765133173,0.8099547511312217,0.41767554479418884,1.9709443099273607,2.38861985472155,1.0871670702179177,0.7191283292978208,0.3050847457627119,0.8656174334140436,2.1452784503631963,9.720338983050848,17081.0,2855,6940,1245.0,3467.0,1610.0,3473.0,1074,1326,345.0,1628.0,1973.0,898,594.0,252.0,715.0,1772.0,8029,0.0,13.063134476904164,0.5339574966336865,0.49453000409812076,0.19014829342544348,2.3415373807154145,10.92097652362274,6.620408641180259,8.427574497980213,1.7934371523915464,1.2058017680463673,8.692488730168025,21.5864059481295,13.799999999999999,16.0,29.7,0.08383385047713833,-0.08472571863474034,-0.328077981382823,-0.411527428136526,6.800000000000001,8.534219308003042,20.745120309115393,3.689983022071307,10.31692523856917,4.851817809261753,10.45138457935718,3.237468532287337,3.957964990340144,1.0092441894502666,4.866869621216558,5.89152274456999,2.694695860898074,1.7934371523915464,0.7532697148878873,2.1321819565599203,5.305877876002577,24.02965283063052,105.52573034365669,108.11211287395352,0.21029213746267783,44.99549206720918,51.66213921901528,3.0848896434634976,0.0,1.657397107897664,1.1099291610561446,363.0,179.0,944.0,95.0,573.0,73.0,1977.0,131.0,283.0,17.120291552016862,0.18609806217434574,0.0987629529887009,0.06288367191616416,0.15749077922838242,0.49453000409812076,0.6301120543293719,0.347312920789181,0.381073122182542,0.37026274808266485,0.5889790995843335,0.9334961653298987,0.04406644810022833,256.0,0.2073339382940109,0.3945915344534863,24.0,0.0,0,0,0,0.0,0.0,0.0,0,0,0,0,0,0,0,0,0,0,0,0.0,0,0.0,0,0.0,0,0.0,0,0.0,,,2006,2022,16,0.5053529067384813
Rudy Gay,gayru01,80,250.0,1986-08-17,UConn,2007,2021,2006-11-01T00:00:00Z,False,15,NBA,"MEM, TOR, SAC, SAS",SF,1009,778.0,32.41526263627354,6.346878097125868,13.979187314172448,0.4540233959588798,1.0733399405351833,3.068384539147671,0.3498062015503876,5.273538156590684,10.910802775024777,0.48333181942047415,0.4924140375753279,2.985133795837463,3.736372646184341,0.7989389920424403,1.3468780971258671,4.478691774033697,5.825569871159564,2.147670961347869,1.176412289395441,0.7542120911793855,2.1417244796828543,2.33994053518335,16.75222993062438,32707.0,6404,14105,1083.0,3096.0,5321.0,11009.0,3012,3770,1359.0,4519.0,5878.0,2167,1187.0,761.0,2161.0,2361.0,16903,0.0,16.62403155287859,0.5360393493747515,0.21884474271562662,0.2670312777081358,4.741581312868805,15.81289632188828,10.261210138502461,11.278411349252451,1.8563121044424742,1.8580426208456906,12.029342342617788,24.463319778640656,26.5,32.2,58.5,0.0860682728467912,0.884902314489253,-0.1613874705720488,0.7331396948665423,22.599999999999998,9.975259118843063,21.98965359097441,1.6818418075641302,4.800357721588651,8.298037117436634,17.18619867306693,4.7000886660347945,5.875167395358791,2.130455254226924,7.002051548598159,9.11815819243587,3.3564160577246467,1.8563121044424742,1.1849970954229982,3.3729935487816056,3.6720946586357655,26.333362888678263,104.68927140978995,107.93282783502002,0.0,0.3462255786223133,66.15275017580335,32.56211208609778,1.0008255113584248,-0.8332161311034334,1.4634267893723056,881.0,802.0,1110.0,236.0,1641.0,110.0,4904.0,334.0,797.0,12.675812517198155,0.24663396214877556,0.18452016387929185,0.16192518421133092,0.18832650502950438,0.21884474271562662,0.6321823768612221,0.41475791115051824,0.4458452930565322,0.3921265172593023,0.37293233864310393,0.8306726388846425,0.0842423334454398,1025.0,0.21599734001895618,0.37094576084630204,46.0,1.0,0,0,0,0.0,0.0016000000000000003,0.0448,0,0,0,0,0,0,3,1,1,1,0,0.0,0,0.145,0,0.0,0,0.0178,0,0.0,,,2007,2023,15,0.7811552572843734
Rudy Gay,gayru01,80,250.0,1986-08-17,UConn,2008,2022,2006-11-01T00:00:00Z,False,15,NBA,"MEM, TOR, SAC, SAS, UTA",SF,986,736.0,32.09127789046653,6.328600405679513,13.918864097363084,0.454677936461673,1.116632860040568,3.2008113590263694,0.3488593155893536,5.211967545638945,10.718052738336715,0.48627933383800154,0.49479014864471,2.9634888438133875,3.691683569979716,0.8027472527472528,1.3397565922920893,4.5141987829614605,5.85395537525355,2.1531440162271807,1.1572008113590264,0.716024340770791,2.0973630831643004,2.2961460446247464,16.73732251521298,31642.0,6240,13724,1101.0,3156.0,5139.0,10568.0,2922,3640,1321.0,4451.0,5772.0,2123,1141.0,706.0,2068.0,2264.0,16503,0.0,16.785885847923645,0.5387311168699829,0.23129887491309023,0.2645651665507869,4.745749320523355,16.00798622084571,10.368500726881996,11.382194551545416,1.8451709752860124,1.7936192402503004,11.831711017002718,24.504181151633905,27.8,32.5,60.1,0.09141609253523796,0.9914164717780166,-0.13013715947158838,0.8712281145313191,23.0,10.038632197711904,22.090705391568168,1.760302762151571,5.047512799443778,8.273178054484545,17.043271601036597,4.710786296694267,5.858611971430377,2.1345901017634787,7.117618987421781,9.237377536186083,3.398448264964289,1.8451709752860124,1.134773402439795,3.3327191707224575,3.6309367296631057,26.546017950824847,105.44099614436509,107.79678907780797,0.0,0.29141647177801655,62.79647304215916,35.120630807155045,1.7890146008469756,-0.3631818469123317,1.2851747677137981,864.0,772.0,1072.0,218.0,1585.0,109.0,4823.0,318.0,763.0,12.862410719929208,0.2401863662221099,0.1852168004550913,0.16290812843688768,0.1806488211870299,0.23129887491309023,0.6415638708046267,0.41172748246002155,0.45127425573604707,0.39562047278933066,0.371178528538019,0.827761930345743,0.08190686429429239,977.0,0.2121790341950572,0.3671521711649074,41.0,1.0,0,0,0,0.0,0.0016000000000000003,0.0,0,0,0,0,0,0,3,0,0,0,0,0.0,0,0.0,0,0.0,0,0.0178,0,0.0,,,2007,2023,16,0.7687011250869099
Rudy Gay,gayru01,80,250.0,1986-08-17,UConn,2009,2023,2006-11-01T00:00:00Z,False,15,NBA,"MEM, TOR, SAC, SAS, UTA",SF,961,655.0,30.653485952133195,5.956295525494276,13.16961498439126,0.452275600505689,1.0405827263267429,3.0166493236212277,0.3449465332873405,4.915712799167534,10.15296566077003,0.4841652147176386,0.4917825537294564,2.826222684703434,3.509885535900104,0.8052179069077973,1.263267429760666,4.3933402705515086,5.656607700312175,2.1040582726326744,1.0915712799167534,0.6711758584807492,1.9927159209157128,2.187304890738814,15.779396462018731,29458.0,5724,12656,1000.0,2899.0,4724.0,9757.0,2716,3373,1214.0,4222.0,5436.0,2022,1049.0,645.0,1915.0,2102.0,15164,0.0,16.507671939710775,0.5362254735555707,0.23186933939846566,0.26518796252291393,4.689911059813972,16.29087853893679,10.489269468395683,11.539337361667458,1.8189456174893068,1.7857322289361124,11.854511507909564,24.265208092877995,24.5,31.1,55.4,0.0905450471858239,0.8124380473895038,-0.08976169461606354,0.7435467445176183,20.500000000000004,9.890854776291672,21.882099938896054,1.7193937130830337,4.970296693597665,8.173341706836853,16.911888111888114,4.701564939914454,5.833546065584899,2.1010625297033068,7.244799375381899,9.329930748862786,3.4668511100549946,1.8189456174893068,1.1169835019349585,3.314858442528345,3.6137585715255613,26.200159549188673,105.26104962998167,107.82734740987168,0.0,0.31302192952678387,61.775205377147124,35.43346459365877,2.475660262068029,0.5614026749949078,2.260516667798221,810.0,701.0,996.0,204.0,1473.0,92.0,4599.0,294.0,715.0,12.875999728426914,0.23350726458008017,0.1914459230090298,0.16680871070676898,0.17664695498676086,0.23186933939846566,0.6448718853961571,0.40728905560458967,0.4558887908208297,0.3917077534116369,0.3830214882205173,0.8294535610021048,0.0795511236336479,873.0,0.21833040260710165,0.3551129404576006,33.0,1.0,0,0,0,0.0,0.0016,0.0,0,0,0,0,0,0,3,0,0,0,0,0.0,0,0.0,0,0.0,0,0.0,0,0.0,0,0.0,2007,2023,17,0.7681306606015345
Kyle Lowry,lowryky01,72,196.0,1986-03-25,Villanova,2007,2021,2006-11-01T00:00:00Z,False,15,NBA,"MEM, HOU, TOR",PG,960,724.0,31.75,4.764583333333333,11.24375,0.4237539373726144,1.903125,5.173958333333333,0.36782766257298166,2.861458333333333,6.069791666666666,0.4714261197871975,0.5083842875671669,3.434375,4.230208333333334,0.8118689977837971,0.803125,3.564583333333333,4.367708333333334,6.244791666666667,1.3364583333333333,0.29270833333333335,2.3447916666666666,2.7427083333333333,14.866666666666667,30480.0,4574,10794,1827.0,4967.0,2747.0,5827.0,3297,4061,771.0,3422.0,4193.0,5995,1283.0,281.0,2251.0,2633.0,14272,18.0,18.263700787401575,0.5653451115485565,0.45042273622047246,0.38425423228346456,2.8685531496062997,12.730784120734908,7.802509842519684,30.641099081364832,2.1528904199475063,0.754983595800525,15.308444881889764,21.731571522309714,66.1,32.2,98.19999999999999,0.15478336614173227,2.618615485564305,0.5388024934383201,3.1531725721784776,39.8,7.619465223097112,17.95409120734908,3.030285433070866,8.217778871391076,4.586207349081365,9.744967191601049,5.496181102362205,6.770561023622046,1.2976935695538057,5.68845472440945,6.963192257217847,9.946322178477692,2.1528904199475063,0.46993438320209974,3.7335498687664046,4.381013779527558,23.746177821522313,114.62939632545931,107.67739501312336,92.72608267716535,7.273917322834646,0.0,0.0,0.0,4.036397637795276,4.1869324146981635,1326.0,489.0,1021.0,223.0,1565.0,503.0,13741.0,313.0,655.0,15.802526246719157,0.24162998687664045,0.12213028215223097,0.06587890419947505,0.12013061023622047,0.45042273622047246,0.6136521325459317,0.3719426509186351,0.36782201443569557,0.3665888779527559,0.2531456692913386,0.6723894028871391,0.0003548884514435696,2.0,0.14788195538057744,0.3883871719160105,43.0,2.0,1,0,6,0.026933333333333333,0.0232,0.0,0,0,6,0,0,1,6,0,0,0,0,0.0003333333333333333,0,0.0,0,0.00013333333333333334,0,0.010733333333333334,0,0.0002666666666666667,,,2007,2025,15,0.5495772637795276
Kyle Lowry,lowryky01,72,196.0,1986-03-25,Villanova,2008,2022,2006-11-01T00:00:00Z,False,15,NBA,"MEM, HOU, TOR, MIA",PG,1013,787.0,32.02171767028628,4.773938795656466,11.236920039486673,0.4248440657120267,1.9427443237907207,5.2724580454096746,0.3684703239093803,2.831194471865745,5.964461994076999,0.4746772591857001,0.5112887639462356,3.376110562685094,4.1530108588351435,0.8129308295697647,0.7818361303060217,3.6051332675222114,4.386969397828233,6.354392892398815,1.3188548864758145,0.29318854886475815,2.376110562685094,2.7541954590325766,14.866732477788746,32438.0,4836,11383,1968.0,5341.0,2868.0,6042.0,3420,4207,792.0,3652.0,4444.0,6437,1336.0,297.0,2407.0,2790.0,15060,20.0,18.048896356125532,0.567674301744867,0.46214183981749796,0.37536432579073925,2.769526481287379,12.747034342437882,7.7675257414143895,30.76820704112461,2.1060299648560328,0.7598588075713669,15.549380356372156,21.529730562920033,69.4,34.7,104.1,0.15404513225229668,2.5269498736050315,0.5400024662432948,3.0689993217830938,41.599999999999994,7.564840619027066,17.777091682594484,3.0660891546951103,8.30114063752389,4.495958443800481,9.48408348233553,5.355188359331648,6.587243356557123,1.2530858869227448,5.696266724212345,6.927782230717059,10.025131019175042,2.1060299648560328,0.4662525433133979,3.7457549787286517,4.360916209384055,23.52632406436895,114.83285036068808,107.82838029471607,93.61292311486528,6.387076885134719,0.0,0.0,0.0,4.061082680806463,3.943353474320242,1447.0,507.0,1089.0,230.0,1610.0,542.0,14790.0,322.0,672.0,16.097768049818114,0.23230393365805535,0.12045622418151551,0.06760025278993771,0.11767325359146681,0.46214183981749796,0.6208067698378444,0.37947653986065716,0.3729071767679881,0.3747923114865282,0.25778959861890377,0.6693470004315926,0.00019319933411431037,1.0,0.14659868055983724,0.3924743818977742,47.0,2.0,1,0,6,0.028933333333333335,0.0232,0.0,0,0,7,0,0,1,6,0,0,0,0,0.0003333333333333333,0,0.0,0,0.00013333333333333334,0,0.010733333333333336,0,0.0002666666666666667,,,2007,2025,16,0.5378581601825021
Kyle Lowry,lowryky01,72,196.0,1986-03-25,Villanova,2009,2023,2006-11-01T00:00:00Z,False,15,NBA,"MEM, HOU, TOR, MIA",PG,986,822.0,32.522312373225155,4.8438133874239355,11.436105476673427,0.4235544519333097,2.0679513184584177,5.589249492900609,0.3699872981310107,2.7758620689655173,5.846855983772819,0.47476149176062443,0.5139677190493083,3.339756592292089,4.050709939148073,0.8244867300951427,0.8052738336713996,3.676470588235294,4.4817444219066935,6.513184584178499,1.31947261663286,0.3002028397565923,2.41683569979716,2.787018255578093,15.095334685598377,32067.0,4776,11276,2039.0,5511.0,2737.0,5765.0,3293,3994,794.0,3625.0,4419.0,6422,1301.0,296.0,2383.0,2748.0,14884,21.0,18.001191255808152,0.5699201671500296,0.4863490504256712,0.35629588050020267,2.8082608288895123,12.849496366981633,7.833451835220007,30.957685471045004,2.078155112732716,0.7808245236536002,15.630012162035738,21.461833037078616,68.8,35.300000000000004,104.1,0.15588929429008017,2.5968565815324167,0.5695668444194968,3.173851623164001,41.9,7.553843515140175,17.806604920946768,3.2090154987993893,8.657866342345713,4.342002681884803,9.156965104312844,5.214946830074533,6.32518165091839,1.266729036080706,5.720394798390869,6.965303894969906,10.117906258770697,2.078155112732716,0.47121963389153954,3.7478685252752055,4.343234477812081,23.507886612405276,115.23335516262824,107.95241213708798,94.06018648454798,5.939813515452022,0.0,0.0,0.0,4.477381731998627,3.846992235007952,1457.0,493.0,1083.0,212.0,1522.0,523.0,14722.0,315.0,630.0,16.5611781582312,0.2156524464402657,0.12025272086568747,0.06801995821249258,0.10991492811925033,0.4863490504256712,0.6256161786260017,0.3783391648735459,0.3738757913119406,0.37432036049521317,0.26188879533476783,0.661557832039168,0.0,0.0,0.13360885021985217,0.3988517790875355,38.0,2.0,1,0,6,0.028933333333333335,0.0232,0.0,0,0,7,0,0,1,6,0,0,0,0,0.0003333333333333333,0,0.0,0,0.00013333333333333334,0,0.010733333333333334,0,0.00013333333333333334,0,0.0,2007,2025,17,0.5136509495743287
Kyle Lowry,lowryky01,72,196.0,1986-03-25,Villanova,2010,2024,2006-11-01T00:00:00Z,False,15,NBA,"HOU, TOR, MIA, PHI",PG,969,856.0,33.10423116615067,4.901960784313726,11.577915376676987,0.4233888938408058,2.179566563467492,5.844169246646027,0.372947201130143,2.7223942208462333,5.733746130030959,0.4748020158387329,0.5175149300294144,3.2765737874097005,3.9659442724458205,0.8261774655217278,0.8276573787409701,3.7378740970072237,4.565531475748194,6.604747162022703,1.3323013415892673,0.30959752321981426,2.4262125902992775,2.8359133126934983,15.260061919504643,32078.0,4750,11219,2112.0,5663.0,2638.0,5556.0,3175,3843,802.0,3622.0,4424.0,6400,1291.0,300.0,2351.0,2748.0,14787,21.0,17.81556206746057,0.5723884593802605,0.5092827171270028,0.33938808529210046,2.823754598166968,12.806920630962031,7.812023816946193,30.624212856163105,2.0518548537938774,0.8019047322152255,15.588677598354012,21.186722987717438,68.6,35.400000000000006,104.0,0.1557131055552092,2.5325051437122017,0.5749142714633081,3.109610948313486,41.4,7.490089781158425,17.66298397655714,3.3188259866575223,8.877233618055989,4.168439428892076,8.78870565496602,5.0096452397281634,6.062061225762204,1.2771058046012844,5.693874306378202,6.949167653843754,10.048930731342352,2.0518548537938774,0.47649791134110603,3.6846312114221584,4.327517301577405,23.284896190535573,115.70537439990024,108.2685329509321,94.32392917264168,5.6760708273583145,0.0,0.0,0.0,4.7270496913772675,3.8812488309745,1460.0,477.0,1101.0,201.0,1451.0,519.0,14713.0,300.0,603.0,17.0123885529023,0.1993918261737016,0.12087764199763079,0.06755025250950805,0.10303426024066338,0.5092827171270028,0.6303277012282561,0.38628440052372337,0.3703549161419041,0.37683480890329824,0.27321591121641,0.6577341168402021,0.0,0.0,0.1284663008915768,0.40713990897188107,34.0,2.0,1,0,6,0.028933333333333335,0.0232,0.0,0,0,7,0,0,1,6,0,0,0,0,0.0003333333333333333,0,0.0,0,0.00013333333333333334,0,0.010733333333333334,0,0.00013333333333333334,0,0.0,2007,2025,18,0.49071728287299715
Kyle Lowry,lowryky01,72,196.0,1986-03-25,Villanova,2011,2025,2006-11-01T00:00:00Z,False,15,NBA,"HOU, TOR, MIA, PHI",PG,936,868.0,33.21153846153846,4.922008547008547,11.615384615384615,0.42374908020603386,2.247863247863248,5.9989316239316235,0.3747105966162066,2.674145299145299,5.6164529914529915,0.4761270686703443,0.5205114054451803,3.1912393162393164,3.8632478632478633,0.8260508849557522,0.7713675213675214,3.7628205128205128,4.534188034188034,6.614316239316239,1.3504273504273505,0.32264957264957267,2.41025641025641,2.8173076923076925,15.283119658119658,31086.0,4607,10872,2104.0,5615.0,2503.0,5257.0,2987,3616,722.0,3522.0,4244.0,6191,1264.0,302.0,2256.0,2637.0,14305,21.0,17.768619314160713,0.5733164768706169,0.5259150743099787,0.3264546419610113,2.628047995882391,12.83276072830213,7.727520427201957,30.537335134787366,2.0694203178279613,0.8401692080036031,15.49173582963392,21.08907546805636,66.29999999999998,34.4,100.69999999999999,0.15547413626712994,2.5327189088335587,0.6038152222865598,3.138795599305154,40.3,7.492096120440068,17.653705848291832,3.4129511677282385,9.07736923373866,4.081541529949173,8.579386218876664,4.861378112333527,5.883622852731133,1.1861095026700121,5.7096795985331,6.873280576465288,10.02300070771408,2.0694203178279613,0.49272984623303095,3.644933410538506,4.2816444701795024,23.226577880718008,115.91890239979412,108.4359840442643,96.53278002959532,3.4672199704046838,0.0,0.0,0.0,4.624284243710996,3.748008749919578,1420.0,449.0,1070.0,187.0,1355.0,475.0,14232.0,275.0,573.0,17.400244483047032,0.1857509168114264,0.12076796628707458,0.06686823650517917,0.10076455639194491,0.5259150743099787,0.6371771537026314,0.38485237727594407,0.37751907611143276,0.37498011966801775,0.284177732741427,0.651085118702953,0.0,0.0,0.12548330438139355,0.4015267001222415,32.0,2.0,1,0,6,0.028933333333333335,0.0232,0.0,0,0,7,0,0,1,6,0,0,0,0,0.0003333333333333333,0,0.0,0,0.0,0,0.010733333333333334,0,0.00013333333333333334,0,0.0,2007,2025,19,0.4740849256900213
Paul Millsap,millspa01,79,257.0,1985-02-10,Louisiana Tech,2007,2021,2006-11-01T00:00:00Z,False,15,NBA,"UTA, ATL, DEN",PF,1052,745.0,28.63403041825095,5.142585551330798,10.497148288973383,0.48990310604002535,0.5066539923954373,1.476235741444867,0.3432066967160335,4.635931558935361,9.020912547528518,0.5139093782929399,0.5140360409309065,2.9163498098859315,3.9600760456273765,0.7364378300528085,2.188212927756654,4.997148288973384,7.185361216730038,2.232889733840304,1.2519011406844107,0.9809885931558935,1.720532319391635,3.023764258555133,13.708174904942966,30123.0,5410,11043,533.0,1553.0,4877.0,9490.0,3068,4166,2302.0,5257.0,7559.0,2349,1317.0,1032.0,1810.0,3181.0,14421,1.0,18.820900972678682,0.5608708959930949,0.13407117484978257,0.3803642399495402,8.901696378182784,19.96435613982671,14.471742522325133,12.664973608206356,2.232656109949208,2.8207383062775953,12.324536068784647,21.811990837565975,49.80000000000001,45.2,94.7,0.1512429372904425,0.9336420675231552,1.034807290110547,1.97864090562029,30.199999999999992,9.152949573415661,18.66924609102679,0.8915811838130332,2.5779039272316835,8.264741227633369,16.10288815854995,5.18714935431398,7.0359525943631125,3.894910865451647,8.897367460080337,12.791514789363609,3.9610762540251634,2.232656109949208,1.7407628722238822,3.058201374365103,5.387683829631842,24.3724496232115,111.64027487302062,103.5821797297746,0.0,0.0,3.3902001792650136,91.32901769412076,5.337283803074063,4.601537031504165,5.276718786309464,679.0,566.0,1716.0,313.0,1880.0,135.0,5487.0,411.0,842.0,9.007688477243303,0.39276582677688143,0.21767406964777744,0.1257151678119709,0.12974454735584107,0.13407117484978257,0.6516309796501013,0.40229970454470004,0.38872177405968855,0.36548325200013276,0.6170402682335756,0.7603768548949306,0.058660624771769074,542.0,0.15656561431464333,0.31530923214819245,11.0,2.0,0,0,4,0.04053333333333333,0.016866666666666665,0.0414,0,1,5,0,0,0,6,0,1,1,0,0.0,0,0.03,0,0.0018000000000000002,0,0.008933333333333333,0,0.0021333333333333334,,,2007,2022,15,0.8659288251502176
Paul Millsap,millspa01,79,257.0,1985-02-10,Louisiana Tech,2008,2022,2006-11-01T00:00:00Z,False,15,NBA,"UTA, ATL, DEN, BRK, PHI",PF,1003,745.0,28.940179461615156,5.2303090727816555,10.727816550348953,0.48754646840148697,0.5383848454636092,1.580259222333001,0.34069400630914826,4.6919242273180455,9.147557328015953,0.5129155313351499,0.5126394052044609,2.9361914257228316,3.9700897308075773,0.7395781014565544,2.153539381854437,5.0747756729810565,7.228315054835494,2.309072781655035,1.2562313060817547,0.9680957128614157,1.7298105682951146,3.002991026919242,13.93519441674975,29027.0,5246,10760,540.0,1585.0,4706.0,9175.0,2945,3982,2160.0,5090.0,7250.0,2316,1260.0,971.0,1735.0,3012.0,13977,1.0,18.778916181486203,0.5590247011403177,0.14266558721190614,0.3709112205877287,8.631391463120542,19.982220002067038,14.345743618010816,12.938126571812452,2.212088744961587,2.75441141006649,12.14312192097013,21.949226582147656,47.400000000000006,43.4,90.5,0.14998487614979156,0.9412512488372893,1.02575877631171,1.9775863850897442,29.199999999999992,9.198411823474693,18.847063079202126,0.9381989182485272,2.7284597099252417,8.26371309470493,16.13058531711855,5.157946050229097,6.966507045164847,3.7810038929272736,8.925324697695249,12.70046508423192,4.048296413683811,2.212088744961587,1.6966617287353152,3.038708788369449,5.2778309849450515,24.476552864574366,111.51011127570882,103.74554724911289,0.0,0.0,3.0618045268198575,90.6915630275261,6.305267509560065,4.407651496882213,5.164853412340235,655.0,554.0,1640.0,293.0,1800.0,124.0,5429.0,395.0,794.0,9.28355668860027,0.3784464464119613,0.22087614979157338,0.12814048988872428,0.12979029868742895,0.14266558721190614,0.6522065663003411,0.40717407930547417,0.38852192786026796,0.35849147345574806,0.6161562683019258,0.7513291762841491,0.056427257381059005,507.0,0.16728294346642786,0.32821207840975647,11.0,2.0,0,0,4,0.04053333333333333,0.016866666666666665,0.0,0,1,5,0,0,0,6,0,0,0,0,0.0,0,0.0,0,0.0018000000000000002,0,0.008933333333333333,0,0.0021333333333333334,,,2007,2022,16,0.857334412788094
Rajon Rondo,rondora01,73,180.0,1986-02-22,Kentucky,2007,2021,2006-11-01T00:00:00Z,False,15,NBA,"BOS, DAL, SAC, CHI, NOP, LAL, ATL, LAC",PG,918,732.0,30.362745098039216,4.159041394335512,9.084967320261438,0.4577937649880096,0.4553376906318083,1.411764705882353,0.32253086419753085,3.7037037037037037,7.673202614379085,0.48268029528676887,0.4828537170263789,1.1949891067538125,1.9607843137254901,0.6094444444444445,0.9749455337690632,3.644880174291939,4.619825708061002,8.076252723311546,1.6209150326797386,0.12962962962962962,2.7429193899782134,2.1143790849673203,9.968409586056644,27873.0,3818,8340,418.0,1296.0,3400.0,7044.0,1097,1800,895.0,3346.0,4241.0,7414,1488.0,119.0,2518.0,1941.0,9151,32.0,15.961956014781329,0.5007290926703261,0.15210110142431743,0.2193416926775015,3.8100599146127077,13.449018763678113,8.721831162774011,40.77269041724968,2.7402791231657884,0.3414989416280989,21.592648799913896,18.9214042263122,20.1,41.1,61.0,0.10522010547841996,0.33192695440031594,0.9636565852258459,1.3125964194740432,23.399999999999995,6.999375739963406,15.254134825817099,0.7436551501453018,2.287977612743515,6.254055896387185,12.958917231729629,2.035041079180569,3.3371147705664983,1.6564775948050088,6.100297779212858,7.748491371578231,13.541994044415743,2.7402791231657884,0.21473827718580704,4.587704947440176,3.5507085710185486,16.77663688874538,104.26692498116456,103.76425214365156,90.4931295518961,9.5068704481039,0.0,0.0,0.0,2.4520862483406893,0.6984537007139525,1705.0,440.0,583.0,164.0,688.0,203.0,16806.0,154.0,594.0,9.925497793563665,0.41189247659024864,0.17484081369066837,0.06996928927636063,0.19101040433394328,0.15210110142431743,0.6001336777526638,0.35399856491945614,0.3582649517454167,0.3788605101711334,0.26411373013310374,0.6038235209701146,0.010239012664585802,76.0,0.24260090410074267,0.3035154809313673,16.0,0.0,2,0,4,0.16933333333333334,0.028866666666666665,0.011466666666666665,2,4,7,0,0,1,5,0,1,1,0,0.0009333333333333333,0,0.005,0,0.0,0,0.012733333333333334,0,0.012,,,2007,2022,15,0.8478988985756827
Rajon Rondo,rondora01,73,180.0,1986-02-22,Kentucky,2008,2022,2006-11-01T00:00:00Z,False,15,NBA,"BOS, DAL, SAC, CHI, NOP, LAL, ATL, LAC, CLE, LAL",PG,879,708.0,30.419795221843003,4.207053469852105,9.176336746302617,0.4584676419538805,0.5039817974971559,1.5415244596131967,0.32693726937269374,3.7030716723549486,7.63481228668942,0.4850245864997765,0.4859285891395983,1.1342434584755403,1.8680318543799772,0.6071863580998782,0.9510807736063709,3.664391353811149,4.61547212741752,8.290102389078498,1.5813424345847553,0.13310580204778158,2.7861205915813425,2.065984072810011,10.052332195676906,26739.0,3698,8066,443.0,1355.0,3255.0,6711.0,997,1642,836.0,3221.0,4057.0,7287,1390.0,117.0,2449.0,1816.0,8836,32.0,16.025984516997642,0.5025730954785145,0.16720258798010396,0.20449485769849285,3.7123639627510383,13.394992333295935,8.662762257376865,41.563730879988036,2.664718201877408,0.35629230711694526,21.797995437376116,19.01106249298777,20.1,39.3,59.29999999999999,0.1065511799244549,0.44778787538801024,0.8721231160477204,1.3376453868880662,22.699999999999996,7.051565129585999,15.347787875388008,0.8188451325778826,2.4918433748457307,6.230984703990426,12.848397471857586,1.9224129548599422,3.169482777964771,1.611601032200157,6.103889449867236,7.706855155391003,13.847058603537903,2.664718201877408,0.22057668573993044,4.6403306032387155,3.4468753506114664,16.85039081491454,104.67938217584802,104.00519839934178,91.3715546579902,8.6284453420098,0.0,0.0,0.0,2.3031900968622616,-0.08402707655484509,1695.0,426.0,544.0,143.0,621.0,193.0,16508.0,140.0,557.0,10.23102210254684,0.4021418527244849,0.17175922809379554,0.06846108680204943,0.19024144508021995,0.16720258798010396,0.6047688769213508,0.35413130633157563,0.3572401361307454,0.375822955233928,0.2563353528553798,0.5828249373574181,0.008413515838288642,63.0,0.23935831556901904,0.2851073712554696,11.0,0.0,2,0,4,0.16933333333333336,0.028866666666666665,0.0,2,4,7,0,0,1,5,0,0,0,0,0.0009333333333333333,0,0.0,0,0.0,0,0.012733333333333331,0,0.012,,,2007,2022,16,0.8327974120198961
LaMarcus Aldridge,aldrila01,83,250.0,1985-07-19,Texas,2007,2021,2006-11-12T00:00:00Z,False,15,NBA,"POR, SAS, BRK",PF,1029,985.0,34.20019436345967,7.831875607385811,15.951409135082605,0.4909833069331059,0.20699708454810495,0.6452866861030127,0.3207831325301205,7.624878522837706,15.306122448979592,0.49815873015873013,0.49747167052516145,3.5179786200194365,4.335276967930029,0.811477247253979,2.626822157434402,5.612244897959184,8.239067055393585,1.9766763848396502,0.7230320699708455,1.1078717201166182,1.553935860058309,2.4489795918367347,19.388726919339163,35192.0,8059,16414,213.0,664.0,7846.0,15750.0,3620,4461,2703.0,5775.0,8478.0,2034,744.0,1140.0,1599.0,2520.0,19951,0.0,20.73718742896113,0.5428664185042054,0.03962150488747443,0.27135570584223684,8.842785292111843,18.795643896340074,13.828154125937713,10.331836781086611,1.1206154807910889,2.5821323027960905,8.035363150716071,25.848442827915438,70.7,41.699999999999996,112.39999999999999,0.15361727097067518,1.997658558763355,-0.31189759036144576,1.6855620595589906,32.8,11.906490111388953,24.27174073653103,0.3067884746533303,0.9548022277790406,11.612684701068424,23.331995908160945,5.3435894521482155,6.590065924073652,4.024784041827688,8.507567060695614,12.535741077517617,2.992114685155717,1.1206154807910889,1.6710132984769266,2.352122641509434,3.7357950670606956,29.478659922709703,112.39389634007729,106.27551716299159,0.0,0.0,0.0,59.295237553989544,40.85266537849511,3.9318055239827236,5.040040350079564,406.0,568.0,1453.0,351.0,2045.0,86.0,4971.0,473.0,543.0,10.968251307115255,0.24576520231870888,0.20264025914980677,0.2075973516708343,0.30456373607638093,0.03962150488747443,0.7013900602409638,0.4474355535348943,0.4164960786542396,0.4240120766083201,0.5730654694248691,0.7598173448511026,0.06138196180950216,878.0,0.2765382757444874,0.24209706751534443,18.0,0.0,0,0,7,0.0012666666666666668,0.13393333333333332,0.04253333333333333,0,0,3,0,2,5,10,1,1,1,0,0.0021333333333333334,0,0.028,0,0.0,0,0.0322,0,0.00013333333333333334,,,2007,2022,15,0.9603784951125254
LaMarcus Aldridge,aldrila01,83,250.0,1985-07-19,Texas,2008,2022,2006-11-12T00:00:00Z,False,15,NBA,"POR, SAS, BRK",PF,1013,975.0,34.40276406712734,7.966436327739388,16.182625863770976,0.4922832916488745,0.2240868706811451,0.6989141164856861,0.3206214689265537,7.742349457058243,15.483711747285291,0.5000318775900542,0.4992069785884219,3.579466929911155,4.390918065153011,0.8151978417266187,2.59822309970385,5.7176702862783815,8.31589338598223,2.025666337611056,0.7265547877591313,1.0997038499506417,1.579466929911155,2.3810463968410662,19.736426456071076,34850.0,8070,16393,227.0,708.0,7843.0,15685.0,3626,4448,2632.0,5792.0,8424.0,2052,736.0,1114.0,1600.0,2412.0,19993,0.0,20.8482037302726,0.5451024103299856,0.042863472022955526,0.2711512195121951,8.661294117647058,18.932387374461975,13.812384505021521,10.49522525107604,1.11374175035868,2.560229555236729,8.05568149210904,26.00610616929699,70.3,41.7,112.09999999999998,0.1546597704447633,2.0724074605451936,-0.29309325681492104,1.7791133428981347,33.3,11.997371592539455,24.39872883787661,0.32787661406025825,1.0234490674318506,11.682605451936872,23.390484935437588,5.391741750358681,6.616602582496413,3.943041606886657,8.583532281205166,12.52999713055954,3.04277474892396,1.11374175035868,1.6418565279770443,2.367560975609756,3.589340028694405,29.72883213773314,112.56872309899569,106.33916786226686,0.0,0.0,0.0,59.83718794835007,40.31216642754663,4.087480631276901,4.8967948350071735,408.0,570.0,1392.0,350.0,2047.0,77.0,5022.0,482.0,532.0,11.075010043041608,0.23984519368723098,0.20459822094691538,0.20911672883787663,0.3037760975609757,0.042863472022955526,0.7018780200860832,0.44795047345767575,0.42345698708751794,0.42955819225251074,0.5740648493543759,0.7974029268292684,0.05832631276901004,844.0,0.2877786226685796,0.2537526542324247,18.0,0.0,0,0,7,0.0012666666666666668,0.13393333333333332,0.0,0,0,3,0,2,5,10,0,0,0,0,0.0021333333333333334,0,0.0,0,0.0,0,0.0322,0,0.00013333333333333334,,,2007,2022,16,0.9571365279770444
JJ Redick,redicjj01,75,200.0,1984-06-24,Duke,2007,2021,2006-11-25T00:00:00Z,False,15,NBA,"ORL, MIL, LAC, PHI, NOP, DAL",SG,940,488.0,25.493617021276595,4.264893617021277,9.548936170212766,0.4466354723707665,2.074468085106383,5.004255319148936,0.4145408163265306,2.1904255319148938,4.54468085106383,0.48197565543071164,0.5552584670231729,2.1914893617021276,2.4574468085106385,0.8917748917748918,0.1829787234042553,1.8414893617021277,2.024468085106383,1.9808510638297872,0.44680851063829785,0.09361702127659574,1.1063829787234043,1.5074468085106383,12.795744680851064,23964.0,4009,8976,1950.0,4704.0,2059.0,4272.0,2060,2310,172.0,1731.0,1903.0,1862,420.0,88.0,1040.0,1417.0,12028,0.0,14.872709063595394,0.6002036805207811,0.522982181605742,0.26121778501084963,0.8142463695543314,7.904715406442997,4.427545484894008,12.273639626105822,0.8687739943248205,0.3082665665164413,9.484777165748623,20.446615756968786,48.0,15.700000000000001,63.7,0.12777482891003172,1.709113670505759,-1.0529043565348024,0.6552620597563013,16.099999999999998,8.391449674511767,18.75835419796361,4.068857452845935,9.803304957436154,4.312794191286931,8.957023034551828,4.312239192121516,4.8540560841261895,0.3731806042396928,3.6194875646803544,3.9899808045401435,3.912973627107328,0.8687739943248205,0.1774912368552829,2.171590719412452,2.9681981305291267,25.120501585711903,116.47529627774996,110.87222500417293,9.460482390252045,85.9621932899349,4.523159739609414,0.06597396094141211,0.0,5.138774828910031,4.2964738774828914,531.0,276.0,730.0,82.0,721.0,208.0,4353.0,143.0,228.0,19.627545484894004,0.0972132782507094,0.05159280587547988,0.059982932732431986,0.268590343849107,0.522982181605742,0.6183128859956603,0.4389164580203638,0.4059073193123019,0.4571849440827909,0.7256521448839925,0.9118347521281924,0.0,0.0,0.18778430145217828,0.47162573026205973,2.0,0.0,0,0,0,0.0,0.0,0.0,0,0,0,0,0,0,0,0,0,0,0,0.0,0,0.0,0,0.0002666666666666667,0,0.00046666666666666666,0,0.0,,,2007,2021,15,0.47711709230512434
Kevin Durant,duranke01,83,240.0,1988-09-29,Texas,2008,2023,2007-10-31T00:00:00Z,False,15,NBA,"SEA, OKC, GSW, BRK, PHO",SF,986,983.0,36.6947261663286,9.329614604462474,18.700811359026368,0.49888822604262706,1.8894523326572008,4.90973630831643,0.3848378434207808,7.440162271805274,13.791075050709939,0.5394911016325931,0.549406150008135,6.725152129817444,7.593306288032454,0.8856684920528917,0.6855983772819473,6.372210953346856,7.057809330628803,4.327586206896552,1.0699797160243407,1.1206896551724137,3.1643002028397564,1.9269776876267748,27.273833671399593,36181.0,9199,18439,1863.0,4841.0,7336.0,13598.0,6631,7487,676.0,6283.0,6959.0,4267,1055.0,1105.0,3120.0,1900.0,26892,17.0,25.301431690666373,0.6180987811282164,0.2609026837290291,0.40677993974738125,2.1766728393355628,18.647259611398248,10.771686796937617,20.576783394599374,1.4575108482352614,2.3848373455681164,12.536074182582016,30.265426605124233,115.9,45.9,162.0,0.21479500290207568,6.0374616511428645,0.7504132002984992,6.789436444542716,80.5,12.69419861253144,25.476706005914707,2.563757220640668,6.680111108040131,10.137566678643486,18.812868632707776,9.170122439954671,10.3880296288107,0.9505541582598601,8.675810508277825,9.613581714159366,5.858768414361129,1.4575108482352614,1.5168486222050248,4.3118598159254855,2.6229153423067353,37.14759404107129,117.8858516901136,106.17249385036345,0.0,9.039108924573672,52.887786407230315,32.983969486747185,5.178629667505044,5.929559713661867,5.720690417622509,1404.0,1121.0,1007.0,324.0,2934.0,102.0,9901.0,634.0,640.0,14.155916088554765,0.20654680633481665,0.12539611951024018,0.20084541610237416,0.20643940189602275,0.2609026837290291,0.7443339874519774,0.45817550648130245,0.4651879715872972,0.4602908985379066,0.4908272021226611,0.738792294298112,0.07883411182664936,1394.0,0.06893778502528951,0.4146919930350184,9.0,0.0,2,2,13,0.019600000000000003,0.5443333333333334,0.06553333333333333,0,0,9,6,10,10,13,1,1,1,1,0.21399999999999997,1,0.872,0,0.0,0,0.02106666666666667,0,0.0009333333333333333,0,0.0,2008,2025,15,0.739097316270971
Kevin Durant,duranke01,83,240.0,1988-09-29,Texas,2009,2024,2007-10-31T00:00:00Z,False,15,NBA,"OKC, GSW, BRK, PHO",SF,981,978.0,36.90519877675841,9.54434250764526,18.867482161060142,0.5058620130747205,2.0101936799184505,5.140672782874618,0.39103708110251834,7.534148827726809,13.726809378185525,0.5488638051388682,0.5591333945648063,6.72986748216106,7.606523955147808,0.8847493969445189,0.6595310907237513,6.584097859327217,7.243628950050969,4.539245667686035,1.0662589194699286,1.142711518858308,3.1926605504587156,1.9480122324159022,27.828746177370032,36204.0,9363,18509,1972.0,5043.0,7391.0,13466.0,6602,7462,647.0,6459.0,7106.0,4453,1046.0,1121.0,3132.0,1911.0,27300,18.0,25.711686553971937,0.6262845541929069,0.2710853220638603,0.40418589106176117,2.0922688100762348,19.151137995801566,11.008209037675394,21.357662136780466,1.4420561263948735,2.4616202629543698,12.551723566456742,30.333432769859687,120.60000000000001,47.2,168.00000000000003,0.22254723235001653,6.303762015246933,0.8111645122085956,7.1011324715501045,83.5,12.885595514307813,25.51469450889405,2.701590984421611,6.940327035686664,10.191125290023201,18.59063086951718,9.114780134791735,10.332612418517291,0.904521599823224,8.897039001215337,9.796494862446139,6.096251795381726,1.4420561263948735,1.539838139432107,4.319497845541928,2.6303557617942768,37.62821787647774,119.26212573196332,106.48328913932163,0.0,1.846536294332118,52.857999116119764,39.51574411667219,5.869158104076898,7.213550988841012,6.8987294221632975,1441.0,1119.0,1012.0,310.0,2927.0,107.0,10389.0,643.0,604.0,14.324654734283504,0.19624994475748536,0.12786023643796263,0.21060493315655732,0.1943299082974257,0.2710853220638603,0.7612067451110374,0.46999530438625575,0.47667271572201975,0.46912758258755943,0.48747596950613187,0.7298953982985305,0.07759504474643686,1377.0,0.07565045298862004,0.4214507789194565,8.0,0.0,2,2,14,0.019933333333333338,0.5812666666666667,0.0,0,0,10,6,11,11,14,0,0,0,1,0.21406666666666663,0,0.0,0,0.0,0,0.02106666666666667,0,0.0009333333333333333,0,0.0,2008,2025,16,0.7289146779361397
Kevin Durant,duranke01,83,240.0,1988-09-29,Texas,2010,2025,2007-10-31T00:00:00Z,False,15,NBA,"OKC, GSW, BRK, PHO",SF,969,966.0,36.72239422084623,9.591331269349846,18.826625386996906,0.5094556816313106,2.1001031991744066,5.350877192982456,0.39247830279652846,7.491228070175438,13.475748194014448,0.5559044264052688,0.5652304993696212,6.659442724458204,7.53250773993808,0.8840937114673243,0.6119711042311662,6.609907120743034,7.2218782249742,4.65531475748194,1.0319917440660475,1.1816305469556243,3.196078431372549,1.9411764705882353,27.942208462332303,35584.0,9294,18243,2035.0,5185.0,7259.0,13058.0,6453,7299,593.0,6405.0,6998.0,4511,1000.0,1145.0,3097.0,1881.0,27076,18.0,25.822726506294966,0.6312806598471223,0.283499971897482,0.40109504271582735,1.961878934352518,19.23089871852518,11.007284172661869,21.88284903327338,1.399370503597122,2.594691434352518,12.602408385791364,30.39432329136691,119.4,45.70000000000001,165.30000000000004,0.2227881913219424,6.386181991906474,0.7888489208633094,7.160996515287769,82.7,12.982635454136691,25.516158947841728,2.833616232014388,7.244424460431655,10.156264051258994,18.288281249999997,9.045090490107913,10.261491119604317,0.838601618705036,8.958433565647484,9.791881182553958,6.273415017985612,1.399370503597122,1.6019081609712231,4.331429856115108,2.6280041591726615,37.87549179406475,119.78799460431655,107.0759611061151,0.0,0.9058003597122302,47.80213017086331,43.8839928057554,7.562724820143885,8.013373988309352,7.97541310701439,1463.0,1094.0,1002.0,288.0,2871.0,110.0,10560.0,638.0,563.0,14.514973021582732,0.18438196942446042,0.13334537994604315,0.21970242243705038,0.17920287207733812,0.283499971897482,0.7720308003597122,0.48170610386690654,0.485496121852518,0.4784507081834533,0.48283090714928056,0.7222761072392085,0.07458425134892087,1307.0,0.08443370616007195,0.431166085881295,8.0,0.0,2,2,15,0.019933333333333338,0.5775333333333333,0.0,0,0,10,6,11,11,13,0,0,0,1,0.21406666666666666,0,0.0,0,0.0,0,0.011933333333333334,0,0.0009333333333333333,0,0.0,2008,2025,17,0.7165000281025181
Jeff Green,greenje02,80,235.0,1986-08-28,Georgetown,2008,2023,2007-10-31T00:00:00Z,False,15,NBA,"SEA, OKC, BOS, MEM, LAC, ORL, CLE, WAS, HOU, UTA, BRK, DEN",PF,1107,651.0,28.504065040650406,4.494128274616079,9.999096657633244,0.4494534284939922,1.010840108401084,2.996386630532972,0.3373530298462466,3.4832881662149955,7.002710027100271,0.49742002063983487,0.5,2.4056007226738934,2.994579945799458,0.8033182503770739,0.8545618789521229,3.3423667570009035,4.196928635953026,1.5302619692863595,0.6657633242999097,0.5022583559168925,1.3794037940379404,2.140921409214092,12.404697380307136,31554.0,4975,11069,1119.0,3317.0,3856.0,7752.0,2663,3315,946.0,3700.0,4646.0,1694,737.0,556.0,1527.0,2370.0,13732,0.0,13.128890156557015,0.5504204221334854,0.3012065031374786,0.301011313938011,3.4029821892628513,13.184971794384232,8.32266273689548,8.3698136527857,1.16620396780123,1.4097388603663559,10.817319515750777,19.810876592508084,25.9,25.999999999999996,52.10000000000001,0.07906547505862965,-0.7197629460607213,-0.7238796982949863,-1.4521074982569564,4.3999999999999995,7.943262343918364,17.699686252139188,1.7790422767319516,5.278335551752551,6.179295810356849,12.425885783101984,4.250804969259048,5.300941243582431,1.5131171959181087,5.904427330924762,7.421236610255436,2.696155796412499,1.16620396780123,0.8914939468847055,2.4468847055840786,3.7740254801293016,21.921654940736516,107.48488305761552,110.22646891043925,0.0,0.0,39.13129872599354,54.3107688407175,6.526937947645306,-2.711025543512709,-3.9941053432211446,515.0,472.0,1247.0,270.0,1613.0,209.0,3954.0,356.0,593.0,12.570079863091841,0.30086946187488117,0.17766108892691895,0.08724247322051087,0.13256198897128732,0.3012065031374786,0.6677694111681561,0.3943662610128668,0.36194140204094566,0.3485628446472713,0.5523693667997719,0.9432783482284338,0.07247810103314953,703.0,0.3643417316346581,0.38415950434176327,61.0,0.0,1,0,0,0.0,0.0,0.0494,0,0,0,0,0,0,0,1,1,1,0,0.0,0,0.0,0,0.0,0,0.00013333333333333334,0,0.0,0,0.0,2008,2025,15,0.6987934968625212
Jeff Green,greenje02,80,235.0,1986-08-28,Georgetown,2009,2024,2007-10-31T00:00:00Z,False,15,NBA,"OKC, BOS, MEM, LAC, ORL, CLE, WAS, HOU, UTA, BRK, DEN, HOU",PF,1105,605.0,27.69954751131222,4.363800904977375,9.670588235294117,0.4512446191278308,1.0416289592760182,3.0778280542986427,0.33842987356659804,3.3221719457013577,6.592760180995475,0.5039121482498284,0.5051001310125398,2.360180995475113,2.9194570135746605,0.8084314941103534,0.8063348416289593,3.216289592760181,4.02262443438914,1.48868778280543,0.6398190045248868,0.48687782805429863,1.2805429864253393,2.0561085972850677,12.129411764705882,30608.0,4822,10686,1151.0,3401.0,3671.0,7285.0,2608,3226,891.0,3554.0,4445.0,1645,707.0,538.0,1415.0,2272.0,13403,0.0,13.295827888133822,0.5564843504966022,0.321741897543126,0.30428665708311553,3.305472425509671,13.071572791427078,8.214414532148458,8.336630946157868,1.154260324098275,1.4294792211186618,10.413293910088866,19.657040642969157,28.599999999999998,25.699999999999996,54.50000000000001,0.08534494249869315,-0.5600627286983795,-0.7191681913225301,-1.2848667015159436,5.599999999999999,7.930893883951908,17.605570439100887,1.8826254573967591,5.568276267642446,6.063810115002613,12.037699294302143,4.287268034500784,5.3095105854678515,1.4705371144798745,5.847141270256142,7.31412375849451,2.69912767903816,1.154260324098275,0.8893197856769472,2.3374738630423417,3.7247876372190274,22.044488369053845,108.96919106116049,110.4587689492943,0.0,0.0,36.308546785154206,55.99140747516989,7.710794563512807,-2.066257187663356,-3.990100627286984,476.0,423.0,1194.0,270.0,1572.0,195.0,3872.0,346.0,558.0,12.863751306847883,0.2933447464715107,0.17872304626241503,0.0838786265028751,0.1219126372190277,0.321741897543126,0.6769214584422374,0.39608726476738104,0.375855658651333,0.3381375457396759,0.5580722686879247,0.939091283324621,0.07195403162571878,671.0,0.35124193021432304,0.38464551751176157,64.0,0.0,1,0,0,0.0,0.0,0.0,0,0,0,0,0,0,0,0,0,0,0,0.0,0,0.0,0,0.0,0,0.00013333333333333334,0,0.0,0,0.0,2008,2025,16,0.6782581024568739
Jeff Green,greenje02,80,235.0,1986-08-28,Georgetown,2010,2025,2007-10-31T00:00:00Z,False,15,NBA,"OKC, BOS, MEM, LAC, ORL, CLE, WAS, HOU, UTA, BRK, DEN, HOU",PF,1059,530.0,26.56373937677054,4.161473087818697,9.196411709159584,0.4525105246945272,1.0236071765816808,3.0528800755429653,0.3352922981750696,3.137865911237016,6.143531633616619,0.5107592991085153,0.508163055755211,2.254013220018886,2.7809254013220017,0.8105263157894737,0.7384324834749764,3.023607176581681,3.762039660056657,1.4258734655335221,0.5967894239848914,0.4806421152030217,1.1813031161473089,1.9848914069877244,11.60056657223796,28131.0,4407,9739,1084.0,3233.0,3323.0,6506.0,2387,2945,782.0,3202.0,3984.0,1510,632.0,509.0,1251.0,2102.0,12285,0.0,13.238406028936048,0.5598787458675483,0.33567242543812875,0.30479524368134797,3.1573424336141622,12.739440474920908,7.985368454729658,8.239852831395968,1.1227684760584409,1.486314030784544,10.133471970424088,19.429679001812943,27.699999999999996,23.699999999999996,51.6,0.08794895311222493,-0.5438768618250329,-0.7212150296825565,-1.2698162169848208,5.199999999999999,7.866705769435853,17.414859052291067,1.92545234794355,5.745753794746009,5.9581635917670885,11.669546052397713,4.262216060573745,5.2603604564359605,1.4052575450570544,5.718524048203048,7.108293341864847,2.6860225374142406,1.1227684760584409,0.9133873662507553,2.2421776687639965,3.73999857808112,21.933607052717644,109.72692047918666,110.55547261028758,0.0,0.014076996907326438,37.55437062315595,54.00437240055455,8.555081582595713,-1.526554335075184,-4.132153140663325,424.0,359.0,1105.0,251.0,1442.0,170.0,3581.0,321.0,500.0,13.01088123422559,0.2882385979879848,0.18308748355906293,0.08131111585084072,0.11135832355764105,0.33567242543812875,0.6850801606768334,0.40495911983221355,0.37858380434396216,0.3474686289147204,0.5619879847854681,0.9417262450677187,0.07259091393835981,619.0,0.365292168781771,0.38359990757527274,63.0,0.0,1,0,0,0.0,0.0,0.0,0,0,0,0,0,0,0,0,0,0,0,0.0,0,0.0,0,0.0,0,0.0,0,0.0,0,0.0,2008,2025,17,0.6643275745618711
Al Horford,horfoal01,81,240.0,1986-06-03,Florida,2008,2022,2007-11-02T00:00:00Z,False,15,NBA,"ATL, BOS, PHI, OKC, BOS",C,950,940.0,32.20736842105263,5.7105263157894735,11.09578947368421,0.5146570534104924,0.6410526315789473,1.7810526315789474,0.3599290780141844,5.069473684210526,9.314736842105264,0.5442422872640976,0.5435442557632103,1.6105263157894736,2.1210526315789475,0.7593052109181141,2.036842105263158,6.143157894736842,8.18,3.309473684210526,0.8021052631578948,1.1852631578947368,1.5136842105263157,2.2326315789473683,13.67263157894737,30597.0,5425,10541,609.0,1692.0,4816.0,8849.0,1530,2015,1935.0,5836.0,7771.0,3144,762.0,1126.0,1438.0,2121.0,12989,2.0,18.53612772494035,0.5682719220838643,0.15624691963264373,0.20058590711507665,7.262421152400563,21.42345001143903,14.402091708337423,16.604912246298657,1.2642906167271302,2.9897898486779746,11.293335947968753,18.98132823479426,55.4,44.89999999999999,100.49999999999999,0.15735987188286432,1.6810896493120242,1.2182828381867505,2.8791417459228033,38.1,9.025227963525834,17.53923587279799,0.9750335000163416,2.726950354609929,8.066258129882014,14.81214171323986,2.5818740399385556,3.391476288525019,3.2530084648821784,9.756979442428998,13.00202961074615,5.188283165016178,1.2642906167271302,1.8852730659868613,2.406170539595385,3.5475209987907315,21.627071281498186,115.16129032258064,104.58169101545903,0.0,0.0,0.0,17.84420041180508,82.15579958819492,3.799696048632219,3.5418766545739775,589.0,350.0,1202.0,240.0,938.0,46.0,7497.0,263.0,428.0,11.105722783279408,0.279402817269667,0.22818635813968688,0.12790548092950288,0.2080292839167239,0.15624691963264373,0.7304349119194692,0.4474760924273622,0.4442914011177567,0.44728927672647656,0.6843551982220478,0.7411621727620353,0.08075321109912738,788.0,0.3529495375363597,0.43528901526293423,2.0,0.0,0,0,5,0.04133333333333333,0.03133333333333334,0.06666666666666667,0,1,7,0,0,1,7,1,1,1,0,0.0,0,0.624,0,0.0,0,0.0,0,0.0054,,,2008,2025,15,0.8437530803673563
Al Horford,horfoal01,81,240.0,1986-06-03,Florida,2009,2023,2007-11-02T00:00:00Z,False,15,NBA,"ATL, BOS, PHI, OKC, BOS",C,932,926.0,32.16630901287554,5.708154506437769,11.107296137339056,0.5139103554868625,0.8090128755364807,2.1587982832618025,0.37475149105367794,4.899141630901288,8.948497854077253,0.5474820143884892,0.5503284389489954,1.4914163090128756,1.9570815450643777,0.7620614035087719,1.888412017167382,6.0257510729613735,7.914163090128755,3.4431330472103006,0.7854077253218884,1.19206008583691,1.4356223175965666,2.119098712446352,13.716738197424892,29979.0,5320,10352,754.0,2012.0,4566.0,8340.0,1390,1824,1760.0,5616.0,7376.0,3209,732.0,1111.0,1338.0,1975.0,12784,2.0,18.55750692151172,0.5747736081924013,0.20234240635111245,0.1806836452183195,6.715524200273525,20.924070182461058,13.885553220587747,17.124150238500285,1.23997131325261,3.0381266886820772,10.678615030521364,18.779929283832015,56.599999999999994,44.6,101.3,0.16194249307848824,1.919993995797058,1.377804463124187,3.2856232696220693,40.300000000000004,8.998515627605991,17.498855865772708,1.2323459755161947,3.3004069515327394,7.782564461789919,14.198302144834717,2.3896194002468394,3.1206511224523834,3.0097768437906542,9.530548050301878,12.523729944294338,5.382684545848761,1.23997131325261,1.8847426531905667,2.2762400346909506,3.353404049501318,21.632699556356116,116.91170486006871,104.93712265252343,0.0,0.0,0.0,18.04713299309517,81.95286700690484,4.61326595283365,3.9212648854197942,564.0,315.0,1116.0,227.0,845.0,42.0,7690.0,246.0,387.0,11.921458354181262,0.2592310617432203,0.21950979018646385,0.12145568564661928,0.19731191834283998,0.20234240635111245,0.7343507455218653,0.454011674839054,0.4349257813802996,0.43908502618499623,0.6844633243270288,0.8201035725007504,0.07474205277027254,731.0,0.38445955502184853,0.47554868407885514,1.0,0.0,0,0,5,0.04133333333333333,0.03133333333333334,0.0,0,1,7,0,0,1,7,0,0,0,0,0.0,0,0.0,0,0.0,0,0.0,0,0.0054,0,0.0,2008,2025,16,0.7976575936488876
Al Horford,horfoal01,81,240.0,1986-06-03,Florida,2010,2024,2007-11-02T00:00:00Z,False,15,NBA,"ATL, BOS, PHI, OKC, BOS",C,930,892.0,31.695698924731182,5.61505376344086,10.943010752688172,0.5131178146801612,0.9268817204301075,2.4397849462365593,0.37990304098721905,4.688172043010753,8.503225806451614,0.5513404147698533,0.5554682126363368,1.3623655913978494,1.7731182795698925,0.7683444511825349,1.824731182795699,5.879569892473119,7.704301075268817,3.455913978494624,0.7709677419354839,1.1591397849462366,1.3795698924731183,2.0193548387096776,13.519354838709678,29477.0,5222,10177,862.0,2269.0,4360.0,7908.0,1267,1649,1697.0,5468.0,7165.0,3214,717.0,1078.0,1283.0,1878.0,12573,2.0,18.46597347084167,0.5799575262068731,0.24199813413848084,0.16177036333412495,6.564694507582183,20.541802082979952,13.637832886657396,17.23673033212335,1.227143196390406,3.021861112053465,10.454388167045494,18.560732096210607,56.8,43.8,100.69999999999999,0.1638248125657292,2.0378294941819046,1.4052379821555792,3.4247820334498082,40.7,8.941394985921226,17.41926926077959,1.4363232350646267,3.787525867625606,7.521745767886827,13.63159412423245,2.197822030735828,2.854232113172982,2.9305933439630905,9.380652712284153,12.294368490687654,5.4610611663330735,1.227143196390406,1.8481561895715304,2.2074973708314958,3.2217220205584014,21.538477457000372,118.20090239848017,105.3662855785867,0.0,0.0,0.0,19.919835804186313,80.08016419581368,5.326732706856193,4.249143399938935,553.0,299.0,1056.0,215.0,753.0,37.0,7721.0,220.0,368.0,12.5389150863385,0.24887519082674633,0.21102493469484682,0.11010923771075753,0.187840825050039,0.24199813413848084,0.741520880686637,0.4580088204362724,0.44367554364419726,0.43648023883027454,0.688547681243003,0.8930991959833089,0.06870746683855208,680.0,0.41367415272924646,0.5086757132679716,1.0,0.0,1,0,5,0.04133333333333333,0.03133333333333334,0.0,0,1,7,0,0,1,7,0,0,0,0,0.0,0,0.0,0,0.0,0,0.0,0,0.0054,0,0.0,2008,2025,17,0.7580018658615193
Al Horford,horfoal01,81,240.0,1986-06-03,Florida,2011,2025,2007-11-02T00:00:00Z,False,15,NBA,"ATL, BOS, PHI, OKC, BOS",C,909,853.0,31.123212321232124,5.445544554455446,10.77117711771177,0.5055663364314166,1.0726072607260726,2.8404840484048406,0.37761425251742836,4.372937293729373,7.930693069306931,0.5513940907199334,0.5553569604739046,1.196919691969197,1.5588558855885588,0.7678193366266761,1.694169416941694,5.715071507150715,7.409240924092409,3.4686468646864688,0.7634763476347635,1.141914191419142,1.3278327832783279,1.9075907590759076,13.160616061606161,28291.0,4950,9791,975.0,2582.0,3975.0,7209.0,1088,1417,1540.0,5195.0,6735.0,3153,694.0,1038.0,1207.0,1734.0,11963,2.0,18.045654094941852,0.5775509879466968,0.2919767063730515,0.14128125552295784,6.179431621363684,20.168155950655684,13.269884415538511,17.523336043264642,1.2324732247004349,3.0713866600685726,10.282393694107666,18.378173270651445,51.9,42.3,94.2,0.15985437064790922,1.948110706585133,1.4783712134601112,3.407429924711039,38.9,8.787321056166274,17.365678130854334,1.6959138948782297,4.503389770598424,7.102916121734827,12.872189035382275,1.9463504294652008,2.5255240182390155,2.7517125587642712,9.234039093704713,11.958110353115831,5.566727934678873,1.2324732247004349,1.8426390018026935,2.150843024283341,3.075158177512283,21.23515959138949,118.0835601428016,105.73348414690184,0.0,0.0,0.0,23.669965713477783,76.33003428652222,5.44503552366477,3.6863596196670327,546.0,272.0,992.0,193.0,633.0,30.0,7628.0,182.0,323.0,13.444632568661412,0.23008430242833414,0.1987584037326358,0.09850924322222615,0.18051330811918986,0.2919767063730515,0.7437885193170973,0.45783302110211727,0.44479357392810437,0.41944321515676364,0.700341910855042,0.8880899932840832,0.06202566187126647,602.0,0.34910165777102264,0.45230794245519773,2.0,0.0,1,0,4,0.0402,0.02926666666666667,0.0,0,1,6,0,0,1,6,0,0,0,0,0.0,0,0.0,0,0.0,0,0.0,0,0.0054,0,0.0,2008,2025,18,0.7080232936269484
Mike Conley,conlemi01,72,175.0,1987-10-11,Ohio State,2008,2022,2007-11-07T00:00:00Z,False,15,NBA,"MEM, UTA",PG,958,922.0,31.961377870563673,5.263048016701461,11.985386221294362,0.4391221041630378,1.5542797494780793,4.069937369519833,0.38189279302385226,3.708768267223382,7.9154488517745305,0.4685480680469471,0.5039627242640655,2.7640918580375784,3.372651356993737,0.8195605075827918,0.4759916492693111,2.521920668058455,2.997912317327766,5.644050104384133,1.4227557411273486,0.2056367432150313,1.9832985386221293,1.9749478079331941,14.84446764091858,30619.0,5042,11482,1489.0,3899.0,3553.0,7583.0,2648,3231,456.0,2416.0,2872.0,5407,1363.0,197.0,1900.0,1892.0,14221,0.0,17.58707011986022,0.5483601685228127,0.33068738365067446,0.2774841764917208,1.7115385871517688,9.15505405140599,5.397625657271629,28.676318625689934,2.3107025049805676,0.5520493811032364,13.074682386753324,21.779035892746336,55.3,31.400000000000006,86.7,0.13598167804304515,2.1188477742578136,0.3802246970835102,2.5025507038113592,34.800000000000004,8.503945262745354,19.331023220875927,2.505088343838793,6.518893497501551,5.997952251869756,12.807723962245666,4.463849243933505,5.444436461020934,0.7596165779418007,4.072856722949803,4.848313138900682,9.107750089813514,2.3107025049805676,0.33690192364218297,3.2084065449557464,3.198840589176655,23.94872138214834,112.46232731310624,107.9624742806754,100.0,0.08390215225840164,0.0,0.0,0.0,3.173496848362128,6.010166889839642,1166.0,529.0,809.0,94.0,1214.0,312.0,12124.0,280.0,579.0,13.915513243410954,0.2564063489989876,0.16319187432639864,0.09330435350599302,0.15597997975113492,0.33068738365067446,0.5754077860152194,0.3957725921813253,0.3892675136353246,0.40655201018975146,0.2254751624808126,0.7567433619647933,0.0014782651294947583,15.0,0.19052852803814624,0.42954557627616835,40.0,1.0,0,0,1,0.033466666666666665,0.0012666666666666666,0.009200000000000002,0,1,8,0,0,0,4,0,0,1,0,6.666666666666667e-05,0,0.002,0,0.0,0,0.0032666666666666673,0,0.0003333333333333333,,,2008,2025,15,0.6693126163493257
Mike Conley,conlemi01,72,175.0,1987-10-11,Ohio State,2009,2023,2007-11-07T00:00:00Z,False,15,NBA,"MEM, UTA, MIN",PG,972,942.0,32.16769547325103,5.261316872427984,11.98559670781893,0.43896995708154507,1.639917695473251,4.27880658436214,0.38326520798268815,3.6213991769547325,7.70679012345679,0.4698972099853157,0.5073819742489271,2.7767489711934155,3.3713991769547325,0.8236191638693927,0.48148148148148145,2.5174897119341564,2.998971193415638,5.7973251028806585,1.4320987654320987,0.21502057613168724,1.9691358024691359,2.0020576131687244,14.939300411522634,31267.0,5114,11650,1594.0,4159.0,3520.0,7491.0,2699,3277,468.0,2447.0,2915.0,5635,1392.0,209.0,1914.0,1946.0,14521,0.0,17.6199891259155,0.55265567531263,0.3520486775194294,0.2774299740940928,1.7177887229347235,9.049541049668978,5.356394921162887,28.87240541145617,2.30246266031279,0.5751271308408226,12.982454344836412,21.55506444494195,58.8,32.300000000000004,91.10000000000001,0.13992116288738923,2.2104966898007485,0.4232737390859373,2.6415933732049766,36.6,8.418789778360571,19.14725429366424,2.6122429398407268,6.7701570345731925,5.812150190296481,12.372782806153454,4.439728787539578,5.392416925192696,0.7604535132887708,4.025650046374772,4.801615121373973,9.249096491508622,2.30246266031279,0.3449707359196597,3.156318162919372,3.2097706847474976,23.86202705728084,113.6938625387789,108.39133911152334,100.0,0.08216330316307928,0.0,0.0,0.0,3.636655259538811,6.302213196021363,1195.0,522.0,847.0,90.0,1221.0,348.0,12685.0,281.0,555.0,14.355579364825536,0.2365794607733393,0.16887536380209164,0.09466894809223785,0.14740640291681323,0.3520486775194294,0.5793075127130842,0.40344247929126553,0.39695090670675165,0.4142305305913583,0.2405353887485208,0.7479317491284743,0.0013592925448555986,14.0,0.1855935331179838,0.43679681453289415,40.0,1.0,0,0,1,0.03346666666666667,0.0012666666666666668,0.0,0,1,8,0,0,0,4,0,0,0,0,6.666666666666667e-05,0,0.0,0,0.0,0,0.0032666666666666673,0,0.0003333333333333333,0,0.0,2008,2025,16,0.6479513224805705
Mike Conley,conlemi01,72,175.0,1987-10-11,Ohio State,2010,2024,2007-11-07T00:00:00Z,False,15,NBA,"MEM, UTA, MIN",PG,966,957.0,32.041407867494826,5.263975155279503,11.971014492753623,0.43972673815288826,1.7443064182194616,4.5,0.38762364849321373,3.5196687370600412,7.471014492753623,0.47110987945129557,0.5125821515046697,2.732919254658385,3.3043478260869565,0.8270676691729323,0.4968944099378882,2.460662525879917,2.9575569358178053,5.931677018633541,1.4389233954451346,0.22567287784679088,1.9389233954451346,1.9958592132505175,15.005175983436853,30952.0,5085,11564,1685.0,4347.0,3400.0,7217.0,2640,3192,480.0,2377.0,2857.0,5730,1390.0,218.0,1873.0,1928.0,14495,0.0,17.760054277591106,0.5583003360041354,0.37613165546652877,0.2707038317394676,1.7797395967950376,8.766444817782373,5.256681313000775,29.258047945205483,2.3136437063840787,0.6062677694494701,12.81415094339623,21.457644094081154,61.099999999999994,33.7,94.80000000000001,0.1471299754458516,2.3746963039545106,0.5510823210131817,2.933681183768415,38.5,8.412991082967174,19.113520935642285,2.7682799172912897,7.111075213233393,5.650371543034376,11.998087361075214,4.372373352287413,5.284104419746704,0.7843596536572758,3.927658955802533,4.719585164125097,9.451111398294135,2.3136437063840787,0.3606164383561644,3.1083128715430344,3.1967174980615147,23.954019126389248,115.15866502972344,108.36479064357715,100.0,0.08299948307056086,0.0,0.0,0.0,4.542436676143707,6.230754070819333,1194.0,493.0,834.0,86.0,1184.0,363.0,12950.0,271.0,526.0,14.756006073920911,0.2191715559576118,0.17414134789351254,0.09609395192556217,0.13403605582837944,0.37613165546652877,0.5888180408374257,0.414877940036185,0.39763071853192045,0.4064775781855777,0.26357266089428794,0.7351258077022487,0.0008059253036960455,9.0,0.18138414318945462,0.4439331222538124,38.0,1.0,0,0,1,0.033466666666666665,0.0012666666666666666,0.0,0,1,8,0,0,0,4,0,0,0,0,6.666666666666667e-05,0,0.0,0,0.0,0,0.0031333333333333335,0,0.0003333333333333333,0,0.0,2008,2025,17,0.6238683445334712
Mike Conley,conlemi01,72,175.0,1987-10-11,Ohio State,2011,2025,2007-11-07T00:00:00Z,False,15,NBA,"MEM, UTA, MIN",PG,957,941.0,31.493207941483803,5.123301985370951,11.705329153605016,0.4376896982681664,1.8077324973876698,4.644723092998955,0.3892013498312711,3.315569487983281,7.0606060606060606,0.4695870948645849,0.5149080521335476,2.6980146290491116,3.2340647857889238,0.834248788368336,0.5036572622779519,2.4723092998955067,2.9759665621734586,5.876698014629049,1.4211076280041797,0.22988505747126436,1.857889237199582,1.9446185997910135,14.752351097178684,30139.0,4903,11202,1730.0,4445.0,3173.0,6757.0,2582,3095,482.0,2366.0,2848.0,5624,1360.0,220.0,1778.0,1861.0,14118,0.0,17.829221274760275,0.5619100169215966,0.40311237930920074,0.2700140017916985,1.8307674441753208,8.92252894920203,5.364056538040412,29.360824844885368,2.3167092471548494,0.6293108596834666,12.57316765652477,21.30707057301171,61.50000000000001,34.6,96.0,0.1530645675038986,2.432927436212217,0.6928332061448621,3.133876372805999,39.0,8.317963436079497,18.97740137363549,2.916321045821029,7.451786721523607,5.415979295928864,11.52966256345599,4.385656458409369,5.256919605826337,0.8068117721224992,4.005550947277614,4.820133381996748,9.505899333090017,2.3167092471548494,0.37660174524702217,3.0247022130793995,3.156707256378778,23.919121404160723,116.34224758618402,108.3249941935698,100.0,0.0,0.0,0.0,0.0,4.9921065728789955,6.02679916387405,1140.0,467.0,805.0,82.0,1139.0,380.0,12785.0,257.0,497.0,15.235926872158997,0.20084465310726965,0.17675304422840837,0.09573396595772919,0.1232042868044726,0.40311237930920074,0.5905945120939646,0.4094981917117356,0.40330803941736626,0.3850517269982415,0.2864491190815886,0.7236575533362088,0.0007424267560303925,8.0,0.17776910315538008,0.4435201897873187,38.0,1.0,0,0,1,0.033466666666666665,0.0012666666666666668,0.0,0,1,8,0,0,0,4,0,0,0,0,6.666666666666667e-05,0,0.0,0,0.0,0,0.003133333333333334,0,0.0003333333333333333,0,0.0,2008,2025,18,0.5968876206907993
Thaddeus Young,youngth01,80,235.0,1988-06-21,Georgia Tech,2008,2022,2007-11-07T00:00:00Z,False,15,NBA,"PHI, MIN, BRK, IND, CHI, SAS, TOR",PF,1085,711.0,29.288479262672812,5.502304147465438,10.96405529953917,0.5018493611297915,0.47465437788018433,1.4304147465437789,0.3318298969072165,5.027649769585254,9.533640552995392,0.5273588553750966,0.523495292535306,1.2838709677419355,1.9373271889400923,0.6627021883920076,2.008294930875576,3.83963133640553,5.847926267281106,1.8460829493087558,1.4147465437788018,0.4129032258064516,1.4599078341013825,2.1649769585253456,12.763133640552995,31778.0,5970,11896,515.0,1552.0,5455.0,10344.0,1393,2102,2179.0,4166.0,6345.0,2003,1535.0,448.0,1584.0,2349.0,13848,0.0,16.432720750204542,0.5413892315438354,0.13054071999496508,0.17522112782428098,7.6680659575807155,14.95415067027503,11.278862735225628,10.171930266221915,2.4535779470073633,1.1655327585121784,10.985357794700736,20.21267858266725,32.3,36.599999999999994,68.89999999999999,0.10408276165900938,0.22979734407451696,0.2571118383787526,0.48785008496444077,19.8,9.556482472150543,19.042840959154134,0.8071275725344578,2.4393511234187173,8.761655862546416,16.592740260557623,2.254673044244446,3.3830039650072385,3.495090943419976,6.651592296557368,10.134964440808107,3.153606268487633,2.4535779470073633,0.7140946566807226,2.510139089936434,3.761514255145069,22.156875826043176,107.78160991881175,106.85741708099944,0.0,0.26590723141796213,8.000314683114103,87.71244257033167,4.001006985965133,0.11340235382969338,4.952032852917112,648.0,539.0,1139.0,178.0,1002.0,202.0,4612.0,248.0,766.0,8.216074013468438,0.41941283277739316,0.26683485430171816,0.07146126250865377,0.11201995090943419,0.13054071999496508,0.6478213858644345,0.44531427402605583,0.33386273522562776,0.3610569576436528,0.5995233809553779,0.9308556548555605,0.059611429290704274,645.0,0.3850429227767638,0.3336046950720624,15.0,0.0,0,0,0,0.0006666666666666666,0.0,0.02646666666666667,0,0,1,0,0,0,0,0,1,1,0,0.0,0,0.003,0,0.010066666666666668,0,0.0022,0,0.0,,,2008,2024,15,0.8694592800050349
Thaddeus Young,youngth01,80,235.0,1988-06-21,Georgia Tech,2009,2023,2007-11-07T00:00:00Z,False,15,NBA,"PHI, MIN, BRK, IND, CHI, SAS, TOR",PF,1065,698.0,29.12582159624413,5.459154929577465,10.895774647887324,0.5010341261633919,0.4835680751173709,1.4713615023474178,0.32865347798340777,4.975586854460094,9.424413145539907,0.527946597588921,0.5232247500861772,1.2535211267605635,1.9014084507042253,0.6592592592592592,2.0,3.820657276995305,5.8206572769953056,1.8967136150234742,1.423474178403756,0.41784037558685444,1.4666666666666666,2.1699530516431924,12.655399061032863,31019.0,5814,11604,515.0,1567.0,5299.0,10037.0,1335,2025,2130.0,4069.0,6199.0,2020,1516.0,445.0,1562.0,2311.0,13478,0.0,16.369563815725844,0.5407660466165898,0.13618933556852253,0.17234540120571265,7.640716979915536,14.952796673006866,11.261101260517748,10.440836261646087,2.4755085592701245,1.1893903736419615,11.146116896095942,20.18154679390051,30.4,35.7,66.2,0.10240939424223863,0.17926754569779815,0.2970695380250814,0.47730100905896383,19.2,9.511151229891356,18.98739804635868,0.8271091911409137,2.522802153518811,8.696643992391758,16.4535832876624,2.2077791031303398,3.331445243238016,3.4879783358586676,6.634914084915698,10.110886875785809,3.251033237693027,2.4755085592701245,0.7242270866243271,2.527979625390889,3.7790934588478033,22.038863277346145,107.65624294787067,107.03217382894356,0.0,0.27241368193687737,7.270995196492472,86.87481865953126,5.560946516651085,-0.36289048647603056,4.306950578677585,663.0,521.0,1125.0,172.0,966.0,202.0,4650.0,238.0,745.0,8.308975144266418,0.41315377671749576,0.2732256036622715,0.07002675779361037,0.10768074406009222,0.13618933556852253,0.6528684354750315,0.4419186627550857,0.33010335600760826,0.3677487024082013,0.5956496018569264,0.9291637705922178,0.05766791321448146,612.0,0.38089674070730845,0.3262075502111609,16.0,0.0,0,0,0,0.0006666666666666666,0.0,0.0,0,0,1,0,0,0,0,0,0,0,0,0.0,0,0.0,0,0.010066666666666668,0,0.0022,0,0.0,0,0.0,2008,2024,16,0.8638106644314774
Thaddeus Young,youngth01,80,235.0,1988-06-21,Georgia Tech,2010,2024,2007-11-07T00:00:00Z,False,15,NBA,"PHI, MIN, BRK, IND, CHI, SAS, TOR, PHO",PF,1023,633.0,28.228739002932553,5.282502443792766,10.510263929618768,0.5026041666666666,0.4496578690127077,1.3782991202346042,0.3262411347517731,4.832844574780059,9.131964809384165,0.5292228644829801,0.5239955357142857,1.1749755620723363,1.8093841642228738,0.6493787142085359,1.9912023460410557,3.80058651026393,5.7917888563049855,1.946236559139785,1.4066471163245358,0.4173998044965787,1.426197458455523,2.145650048875855,12.189638318670577,28878.0,5404,10752,460.0,1410.0,4944.0,9342.0,1202,1851,2037.0,3888.0,5925.0,1991,1439.0,427.0,1459.0,2195.0,12470,0.0,16.457981854699074,0.5409004778724288,0.1319970912113027,0.16963581272941342,7.8132730798531735,15.290127432647688,11.507413948334374,10.968848258189624,2.5094293233603433,1.230234088233257,11.237544151257014,20.037841955814116,28.299999999999997,33.599999999999994,61.99999999999999,0.10298701433617287,0.14922086017037192,0.37592631068633564,0.526182561119191,18.2,9.45021123346492,18.79812313872152,0.7827411870628161,2.4182422605443583,8.67207216566244,16.36805180414156,2.1230140591453703,3.255848742987742,3.565014890227855,6.784822356118845,10.336941616455434,3.427020569291502,2.5094293233603433,0.7423713553570194,2.5268266500450167,3.8376030195996957,21.7849712583974,107.78651568668191,106.99269339981993,0.0,0.2926102915714385,4.8028603088856565,87.67757462428146,7.2045848050419,-0.7397222799362837,3.7923505782948954,642.0,485.0,1091.0,157.0,885.0,190.0,4592.0,223.0,706.0,8.128315672830528,0.41652153888773463,0.2810337280975137,0.06771919800540203,0.10293579887803864,0.1319970912113027,0.6545903109633632,0.4445710921808989,0.33063325022508483,0.3687608906433963,0.597632142115105,0.9302552462081863,0.05603140799224324,548.0,0.3905673869381536,0.3202431608837177,16.0,0.0,0,0,0,0.0006666666666666666,0.0,0.0,0,0,1,0,0,0,0,0,0,0,0,0.0,0,0.0,0,0.010066666666666668,0,0.00046666666666666666,0,0.0,0,0.0,2008,2024,17,0.8680029087886971
Nicolas Batum,batumni01,80,230.0,1988-12-14,,2009,2023,2008-10-28T00:00:00Z,False,15,NBA,"POR, CHO, LAC",SF,993,825.0,29.948640483383684,3.801611278952669,8.710976837865056,0.43641618497109824,1.6002014098690835,4.385699899295066,0.3648679678530425,2.201409869083585,4.32527693856999,0.5089639115250291,0.5282658959537573,1.498489425981873,1.798590130916415,0.8331466965285554,0.9828801611278952,4.05840886203424,5.041289023162135,3.3595166163141994,0.9345417925478349,0.6273917421953675,1.6032225579053374,1.7411883182275931,10.701913393756294,29739.0,3775,8650,1589.0,4355.0,2186.0,4295.0,1488,1786,976.0,4030.0,5006.0,3336,928.0,623.0,1592.0,1729.0,10627,9.0,14.386176401358485,0.5649963011533676,0.5172795991795286,0.19893140320790878,3.7037660983893206,15.170627795151146,9.42740845354585,16.945663942970512,1.5902585830054812,1.6838494905679413,14.235347523454053,16.651440868892696,36.4,30.5,67.2,0.10832280843337032,0.9049598170752212,0.714408688926998,1.6141766703655134,26.999999999999996,6.4780725646457515,14.862581122431825,2.727674097985809,7.467090352735465,3.764407007633075,7.4062106997545305,2.565654527724537,3.07474360267662,1.6929116648172435,6.882723023638993,8.575385856955513,5.679817747738659,1.5902585830054812,1.100685967920912,2.7157907125323657,2.9969198695315913,18.253922458724237,112.18541309391708,108.22280507078247,0.0,11.658226571169171,64.17983119809006,21.030700427048657,3.0694710649315713,2.35911429436094,2.398483472880729,1027.0,266.0,649.0,122.0,694.0,164.0,7722.0,171.0,281.0,17.279024177006626,0.19571253236490804,0.0562580449914254,0.08168156293083156,0.14891028615622584,0.5172795991795286,0.6898274319916607,0.40685641749890716,0.39286354618514413,0.36560223948350645,0.5796487776993173,0.900708430007734,0.04813668919600525,365.0,0.2839439120347019,0.38526248360738424,13.0,0.0,0,0,0,0.009733333333333335,0.0,0.0,0,0,6,0,0,0,0,0,0,0,0,0.0,0,0.002,0,0.0,0,0.0,0,0.0,0,0.0,2009,2025,15,0.48272040082047135
Nicolas Batum,batumni01,80,230.0,1988-12-14,,2010,2024,2008-10-28T00:00:00Z,False,15,NBA,"POR, CHO, LAC, PHI",SF,974,787.0,30.609856262833677,3.8295687885010268,8.773100616016427,0.43651258045640723,1.6427104722792607,4.48870636550308,0.36596523330283626,2.186858316221766,4.284394250513347,0.5104241552839683,0.5301345816266823,1.5,1.8018480492813143,0.8324786324786325,0.9876796714579056,4.180698151950718,5.168377823408624,3.4804928131416837,0.9507186858316222,0.6375770020533881,1.624229979466119,1.74435318275154,10.801848049281315,29814.0,3730,8545,1600.0,4372.0,2130.0,4173.0,1461,1755,962.0,4072.0,5034.0,3390,926.0,621.0,1582.0,1699.0,10521,9.0,14.243969276178976,0.5674328167974777,0.5303795196887369,0.19561357080566172,3.6094888307506543,15.228818675789896,9.406825652378076,17.071382571946064,1.5705239149392904,1.6902763802240557,14.310521902461934,16.36783390353525,36.0,30.5,66.80000000000001,0.10733403770040921,0.8165056684778964,0.7048701952103039,1.5213255517542095,26.400000000000002,6.354038371234989,14.572714161132353,2.72172133896827,7.4438921312135236,3.6414134299322467,7.144643456094453,2.506812235862346,3.005369960421279,1.6505467230160324,6.904132286845106,8.554430804320118,5.739243308512779,1.5705239149392904,1.0863050915677197,2.6829677332796678,2.9104011538203527,17.946176293016702,112.65908633527873,108.63000603743208,0.0,11.58013014020259,59.239015227745355,25.493358824713223,3.625880458844838,2.1675655732206347,2.3447440799624335,1038.0,258.0,651.0,120.0,677.0,155.0,7841.0,168.0,263.0,17.589494868182737,0.18892178171328902,0.055737002750385733,0.0817878513450057,0.14301626752532368,0.5303795196887369,0.6896372509559268,0.4281596900784866,0.4138763668075401,0.3598492989870531,0.5783561078687867,0.9025188166633127,0.043324277185215004,335.0,0.2851119272824847,0.3887989199704836,14.0,0.0,0,0,0,0.009733333333333335,0.0,0.0,0,0,6,0,0,0,0,0,0,0,0,0.0,0,0.0,0,0.0,0,0.0,0,0.0,0,0.0,2009,2025,16,0.4696204803112631
Nicolas Batum,batumni01,80,230.0,1988-12-14,,2011,2025,2008-10-28T00:00:00Z,False,15,NBA,"POR, CHO, LAC, PHI, LAC",SF,1015,770.0,29.81576354679803,3.6403940886699506,8.389162561576354,0.4339401056958309,1.6098522167487685,4.377339901477833,0.3677695250956561,2.0305418719211823,4.011822660098522,0.506139489194499,0.5298884321785086,1.4137931034482758,1.6995073891625616,0.8318840579710145,0.9625615763546798,4.072906403940887,5.035467980295566,3.3793103448275863,0.9399014778325123,0.6226600985221675,1.5655172413793104,1.7014778325123152,10.304433497536946,30263.0,3695,8515,1634.0,4443.0,2061.0,4072.0,1435,1725,977.0,4134.0,5111.0,3430,954.0,632.0,1589.0,1727.0,10459,9.0,13.973115685820968,0.568011267884876,0.5460863761028318,0.19092287611935366,3.606182467038958,15.186319928625714,9.385622707596736,16.92775997092159,1.5905792551961144,1.7159072134289395,14.386927931797908,16.034048177642664,35.1,31.4,66.8,0.10585226183788785,0.6652512969632883,0.751386181145293,1.4165879126325878,26.0,6.17512473978125,14.259627267620527,2.7288173677427876,7.423556818557313,3.459785877143707,6.851657139080727,2.417853484452962,2.9059148134685926,1.6452136272015332,6.884585136965931,8.529554241152562,5.710735882100254,1.5905792551961144,1.083408783002346,2.6488319069490798,2.8992664309552914,17.51389485510359,112.82668605227505,108.78650497306943,0.0,11.256650034695832,55.508707001949574,28.291907609952748,4.882034167134785,2.1410402141228566,2.2197766249215216,1043.0,256.0,682.0,124.0,659.0,141.0,7945.0,159.0,257.0,17.85965370254106,0.17971400720351582,0.05627208141955523,0.07990440471863332,0.13783755741334303,0.5460863761028318,0.6839639824207779,0.42403092885702015,0.38750302349403565,0.3623533357565344,0.5691550408089087,0.9040445758847439,0.04102134619832799,318.0,0.29052179228761194,0.3910337045236758,14.0,0.0,0,0,0,0.007533333333333334,0.0,0.0,0,0,5,0,0,0,0,0,0,0,0,0.0,0,0.0,0,0.0,0,0.0,0,0.0,0,0.0,2009,2025,17,0.4539136238971681
Derrick Rose,rosede01,75,200.0,1988-10-04,Memphis,2009,2024,2008-10-28T00:00:00Z,False,15,NBA,"CHI, NYK, CLE, MIN, DET, NYK, MEM",PG,723,518.0,30.503457814661136,6.806362378976487,14.934993084370678,0.4557325430635303,0.8160442600276625,2.5809128630705396,0.3161843515541265,5.990318118948824,12.354080221300139,0.4848858038513211,0.48305241711428043,2.9612724757952975,3.561549100968188,0.8314563106796117,0.7648686030428768,2.4495159059474414,3.2143845089903182,5.214384508990318,0.7413554633471646,0.334716459197787,2.4149377593360994,1.2268326417704012,17.390041493775932,22054.0,4921,10798,590.0,1866.0,4331.0,8932.0,2141,2575,553.0,1771.0,2324.0,3770,536.0,242.0,1746.0,887.0,12573,1.0,18.001310419878482,0.525992790423506,0.16770146005259817,0.23678987938695936,2.8196200235784894,8.825401287748255,5.8590550467035465,30.376258275142828,1.2428720413530427,0.8679015144644963,12.736737099845836,27.577219552008707,26.700000000000006,18.200000000000003,44.599999999999994,0.09701151718509113,2.3576675433028025,-1.0857168767570509,1.2656388863698196,18.199999999999996,11.383930352770474,24.99181554366555,1.3685272512922826,4.329849460415344,10.002820350049877,20.661172576403374,4.995524621383876,5.997964088147274,1.288895438469212,4.109250022671625,5.372789516640973,8.733213929445908,1.2428720413530427,0.5527432665276139,4.05384057313866,2.0456198422054954,29.121615126507663,106.92636256461412,110.25523714518908,87.6807381880838,12.483721773827877,0.0,0.0,0.0,1.077541489072277,0.13633807925999814,939.0,592.0,449.0,92.0,1205.0,118.0,8693.0,271.0,772.0,11.482928266981046,0.31664537045433927,0.17525913666455065,0.129671352135667,0.21036102294368367,0.16770146005259817,0.5783631087331097,0.43571388410265716,0.4281417883377166,0.41143271061938874,0.25724421873583025,0.6988102838487348,0.010370499682597262,106.0,0.13922766845016776,0.34479609141198875,42.0,1.0,0,0,3,0.016666666666666666,0.07313333333333333,0.06666666666666667,0,0,2,1,1,1,4,1,1,1,1,0.06606666666666666,1,0.957,0,0.0124,0,0.009000000000000001,0,0.0,0,0.0,2009,2024,15,0.8322985399474017
Goran Dragić,dragigo01,76,190.0,1986-05-06,,2009,2023,2008-10-29T00:00:00Z,False,15,NBA,"PHO, HOU, PHO, MIA, BRK, TOR, CHI, MIL",PG,946,530.0,27.06553911205074,4.867864693446089,10.601479915433403,0.4591684116063416,1.215644820295983,3.3625792811839323,0.3615215341087708,3.6522198731501057,7.238900634249472,0.5045268691588785,0.5165021437830292,2.3340380549682873,3.0475687103594082,0.7658688865764828,0.6797040169133193,2.2970401691331923,2.9767441860465116,4.656448202959831,0.9260042283298098,0.17653276955602537,2.1818181818181817,2.2399577167019027,13.285412262156449,25604.0,4605,10029,1150.0,3181.0,3455.0,6848.0,2208,2883,643.0,2173.0,2816.0,4405,876.0,167.0,2064.0,2119.0,12568,2.0,16.461990314013438,0.5545935010154663,0.3172895641306046,0.28728093266677085,2.8644118106545844,9.473957194188408,6.204046242774567,27.6537728479925,1.7314130604593032,0.5298664271207625,15.580241368536168,23.249078269020465,36.30000000000001,20.299999999999997,56.49999999999999,0.10614716450554601,1.0504100921730979,-0.6086002187158257,0.45550304639900024,15.9,9.076124824246211,19.72111388845493,2.2530542102796445,6.234787533197939,6.802265271051398,13.48532651148258,4.350292922980785,5.674929698484613,1.2795774097797221,4.252702702702703,5.547199656303703,8.675167942508983,1.7314130604593032,0.33646305264802373,4.0516950476488045,4.195028120606155,24.750769411029523,108.91493516638025,110.05971723168255,72.1123261990314,27.02773004218091,0.8599437587876895,0.0,0.0,0.8846352132479299,1.8079792219965631,1093.0,512.0,829.0,193.0,1060.0,176.0,10277.0,225.0,513.0,13.116505233557254,0.2916879003280737,0.1344500078112795,0.1397176613029214,0.11680190595219495,0.3172895641306046,0.64933018278394,0.39183385408529914,0.39184416497422286,0.3929638337759725,0.27021438056553665,0.6955380409311045,0.004975863146383377,42.0,0.20228686923918138,0.3858022184033744,11.0,0.0,0,0,1,0.0,0.012266666666666667,0.0,0,0,0,0,0,1,1,0,0,0,0,0.00013333333333333334,0,0.0,0,0.0008,1,0.049133333333333334,0,0.0,0,0.0,2009,2023,15,0.6827104358693955
Eric Gordon,gordoer01,75,215.0,1988-12-25,Indiana,2009,2023,2008-10-29T00:00:00Z,False,15,NBA,"LAC, NOH, NOP, HOU, LAC",SG,818,628.0,32.0562347188264,5.452322738386308,12.704156479217604,0.42917628945342573,2.295843520782396,6.19559902200489,0.3705603788476717,3.156479217603912,6.508557457212714,0.48497370398196843,0.5195342571208622,2.837408312958435,3.4987775061124693,0.8109713487071978,0.38386308068459657,1.9938875305623471,2.377750611246944,2.8166259168704157,0.8361858190709046,0.34596577017114916,1.9254278728606358,1.832518337408313,16.037897310513447,26222.0,4460,10392,1878.0,5068.0,2582.0,5324.0,2321,2862,314.0,1631.0,1945.0,2304,684.0,283.0,1575.0,1499.0,13119,0.0,13.99654869956525,0.5646979635420639,0.484383265959881,0.2766359164060712,1.3556364884448173,7.0969186179543895,4.184219357791168,14.232526123102742,1.3139768133628253,0.9072038746091069,11.982274426054458,22.2753947067348,28.499999999999996,10.3,38.49999999999999,0.07063896727938372,0.7390740599496606,-1.4024750209747543,-0.6712455190298222,8.8,8.547475402333918,19.91379757455572,3.58285409198383,9.612481885439706,4.989504995805048,10.306883532911295,4.47757608115323,5.529749828388376,0.6103996644039356,3.119434063000534,3.7298337274044693,4.45006483105789,1.3139768133628253,0.5281176111661963,3.0398367782777815,2.8703264434444358,25.15687209213637,108.58054305544962,114.19857371672641,17.002211883151553,64.04416139119823,18.156853024178172,0.6310350087712607,0.0,-0.6703302570360772,2.545004194950805,716.0,525.0,756.0,131.0,1259.0,59.0,5313.0,307.0,627.0,15.980241781710015,0.2511182976126916,0.1349566775989627,0.03748630920601022,0.09148630920601022,0.484383265959881,0.6072334680802379,0.3687752650446191,0.3178673632827398,0.34581416367935325,0.4246722599344063,0.8447043322401037,0.015495423690031273,146.0,0.11307585233773167,0.4080622759514911,24.0,1.0,0,0,0,0.0006666666666666666,0.0002666666666666667,0.0448,0,0,1,0,0,0,2,0,1,1,0,0.0,0,0.037,1,0.0802,0,0.0006,0,0.0,0,0.0,2009,2025,15,0.5156167340401191
Eric Gordon,gordoer01,75,215.0,1988-12-25,Indiana,2010,2024,2008-10-29T00:00:00Z,False,15,NBA,"LAC, NOH, NOP, HOU, LAC, PHO",SG,808,587.0,31.48267326732673,5.350247524752476,12.511138613861386,0.4276387377584331,2.347772277227723,6.346534653465347,0.3699297971918877,3.0024752475247523,6.16460396039604,0.4870507930134511,0.5214660203778811,2.5655940594059405,3.1881188118811883,0.8047360248447205,0.3527227722772277,1.9566831683168318,2.3094059405940595,2.757425742574257,0.8316831683168316,0.34405940594059403,1.8366336633663367,1.74009900990099,15.613861386138614,25438.0,4323,10109,1897.0,5128.0,2426.0,4981.0,2073,2576,285.0,1581.0,1866.0,2228,672.0,278.0,1484.0,1406.0,12616,0.0,13.663597767120057,0.5628582828838746,0.5077288308829311,0.2520694630080981,1.2718845821212361,7.036013051340515,4.128559635191446,13.984122179416625,1.323126818146081,0.934110386036638,11.689924522368107,22.011400267316613,25.599999999999998,11.099999999999998,36.4,0.06887491154965013,0.6019694944571112,-1.377671200566082,-0.7763464108813586,7.8999999999999995,8.497374007390517,19.869124931205285,3.709886783552165,9.973225096312602,4.802614199229499,9.891115653746365,4.1019459076971465,5.111077914930418,0.5642660586524099,3.1007901564588414,3.6650562151112513,4.413122100794087,1.323126818146081,0.5302618130356159,2.938159446497366,2.760342794244831,24.800676153785673,108.4751552795031,114.32270618759337,17.317988835600282,61.907736457268655,20.13259690227219,0.6504835285792908,0.0,0.6082239169746048,2.61239091123516,687.0,492.0,714.0,114.0,1149.0,55.0,5147.0,286.0,605.0,16.31608617029641,0.23694217312681812,0.1439951254029405,0.035314647377938505,0.07543254186649893,0.5077288308829311,0.6183625285006683,0.37345734727572927,0.33677407815079813,0.3247357496658543,0.43110543281704555,0.8461925072725844,0.012228083968865478,117.0,0.11728080037738815,0.3964393427156223,21.0,1.0,0,0,0,0.0006666666666666666,0.0002666666666666667,0.0,0,0,1,0,0,0,2,0,0,0,0,0.0,0,0.0,1,0.0802,0,0.0006,0,0.0,0,0.0,2009,2025,16,0.492271169117069
Eric Gordon,gordoer01,75,215.0,1988-12-25,Indiana,2011,2025,2008-10-29T00:00:00Z,False,15,NBA,"LAC, NOH, NOP, HOU, LAC, PHO, PHI",SG,785,540.0,30.543949044585986,5.169426751592357,12.138853503184713,0.42585790744044494,2.3363057324840764,6.298089171974523,0.3709546925566343,2.83312101910828,5.840764331210191,0.48505997818974916,0.5220904606989191,2.4038216560509555,2.961783439490446,0.8116129032258065,0.3414012738853503,1.8904458598726115,2.2318471337579617,2.684076433121019,0.8012738853503185,0.35159235668789807,1.7426751592356688,1.7095541401273886,15.078980891719745,23977.0,4058,9529,1834.0,4944.0,2224.0,4585.0,1887,2325,268.0,1484.0,1752.0,2107,629.0,276.0,1368.0,1342.0,11837,0.0,13.5313050006256,0.5630027943445802,0.5221687867539725,0.23953680610585146,1.2637652750552615,6.990474204445928,4.0985819743921255,13.937686115861034,1.3094590649372315,0.9925929015306334,11.493460399549566,21.815143679359387,24.0,10.4,34.1,0.06835479834841723,0.6037285732159986,-1.3942778496058723,-0.7912332652124953,7.4,8.432214205280058,19.807473829086206,3.790953830754473,10.16556700170997,4.657309087875881,9.627534720774076,3.942148725862284,4.871059765608708,0.558885598698753,3.078416816115444,3.6405054844225715,4.416811944780415,1.3094590649372315,0.5603077949701798,2.868065229177962,2.7912833131751262,24.6005630395796,108.85331776285607,114.69157943028736,18.126371105642907,59.41085206656379,21.7819994161071,0.7221503941277058,0.0,0.9615131167368725,2.4500271093130914,622.0,459.0,690.0,105.0,1025.0,46.0,4904.0,251.0,567.0,16.618305042332235,0.22343220586395293,0.15090307377903825,0.03529240522167076,0.0677060933394503,0.5221687867539725,0.6202696751053092,0.36377778704591907,0.36432660466280187,0.3106840722358928,0.4310309046169246,0.8444802102014431,0.010251449305584517,96.0,0.11938140718188263,0.39858802185427705,21.0,1.0,0,0,0,0.0006666666666666666,0.0002666666666666667,0.0,0,0,1,0,0,0,2,0,0,0,0,0.0,0,0.0,1,0.0802,0,0.0006,0,0.0,0,0.0,2009,2025,17,0.47783121324602745
Brook Lopez,lopezbr01,85,282.0,1988-04-01,Stanford,2009,2023,2008-10-29T00:00:00Z,False,15,NBA,"NJN, BRK, LAL, MIL",C,946,906.0,30.19556025369979,6.2579281183932345,12.59830866807611,0.49672763886558147,0.8329809725158562,2.4080338266384778,0.34591747146619845,5.424947145877378,10.190274841437633,0.5323651452282158,0.529786876992784,3.0211416490486256,3.7980972515856237,0.79543556916226,2.04122621564482,4.224101479915434,6.265327695560254,1.4217758985200846,0.5708245243128964,1.8213530655391121,1.6786469344608879,2.649048625792812,16.36997885835095,28565.0,5920,11918,788.0,2278.0,5132.0,9640.0,2858,3593,1931.0,3996.0,5927.0,1345,540.0,1723.0,1588.0,2506.0,15486,0.0,19.161750393838613,0.5753235427971293,0.20378809732189743,0.29667603710834933,7.588660948713461,15.421526343427272,11.53714685804306,8.171202520567128,0.9484123927883774,4.892413793103448,10.478522667600211,23.41546998074567,47.099999999999994,32.5,79.69999999999999,0.1335473481533345,1.2739541396814287,0.0720637143357255,1.3601610362331527,24.4,10.442103973394014,20.96674601785402,1.289809207071591,3.739943987397164,9.153467530194293,17.218914755820062,5.082198494661299,6.393628566427446,3.460675652021705,7.020098022054961,10.465240679152808,2.346840539121302,0.9484123927883774,2.9905303693330993,2.8056047610712413,4.401036233152459,27.251458078067564,112.23052686854543,107.69903728338876,0.0,0.0,0.0,0.0,100.0,-0.04348678452651862,3.2965272186241905,471.0,457.0,1382.0,364.0,1793.0,61.0,3156.0,503.0,591.0,10.706511465079643,0.30950344827586207,0.2644455802555574,0.12007442674601788,0.10243329249081043,0.20378809732189743,0.6877864169438123,0.4705696831787152,0.4377589707684229,0.3828436898302117,0.6257481883423769,0.5904890250306318,0.08286378435147909,878.0,0.22674713810607383,0.1771562051461579,0.0,0.0,1,0,1,0.083,0.016,0.05633333333333333,1,2,3,0,0,0,6,1,1,1,0,0.0,0,0.212,0,0.0,0,0.0022,0,0.04173333333333333,0,0.0,2009,2025,15,0.7962119026781027
Brook Lopez,lopezbr01,85,282.0,1988-04-01,Stanford,2010,2024,2008-10-29T00:00:00Z,False,15,NBA,"NJN, BRK, LAL, MIL",C,943,910.0,30.196182396606574,6.190880169671262,12.544008483563097,0.4935328430129343,0.9925768822905621,2.8419936373276777,0.3492537313432836,5.1983032873807,9.70201484623542,0.5357962618865449,0.5330966269338068,2.965005302226935,3.7221633085896078,0.7965811965811965,1.9331919406150584,4.080593849416755,6.013785790031814,1.469777306468717,0.5715800636267232,1.8674443266171792,1.6118769883351007,2.587486744432662,16.339342523860022,28475.0,5838,11829,936.0,2680.0,4902.0,9149.0,2796,3510,1823.0,3848.0,5671.0,1386,539.0,1761.0,1520.0,2440.0,15408,0.0,18.903258999122038,0.5787335206321333,0.24955539947322214,0.29002777875329233,7.138855136084285,14.708962247585603,10.97331343283582,8.253636523266023,0.9485654082528534,5.044797190517999,10.071020193151886,23.06123266022827,47.0,32.599999999999994,79.80000000000001,0.13403880597014925,1.3212642669007901,0.16637752414398596,1.5018296751536435,25.3,10.250022827041263,20.722110623353817,1.5394310798946442,4.437597892888498,8.703301141352064,16.28506760316067,4.959561018437226,6.2384231782265145,3.2447655838454783,6.70776119402985,9.945411764705884,2.4078384547848994,0.9485654082528534,3.040670763827919,2.6776681299385428,4.253622475856014,27.003048287971907,113.1689552238806,108.20611062335382,0.0,0.0,0.0,0.0,100.0,0.6513748902546088,3.8667216856892015,453.0,427.0,1354.0,364.0,1751.0,60.0,3268.0,485.0,539.0,11.64524670763828,0.2858076909569798,0.2547073573309921,0.11660948200175596,0.09373819139596137,0.24955539947322214,0.6984549253731342,0.4725082704126427,0.4448946795434592,0.3945453906935909,0.6336463915715541,0.6770261281826163,0.07363223880597015,790.0,0.23940238805970146,0.21192312554872697,0.0,0.0,1,0,1,0.08566666666666668,0.016,0.0,1,2,4,0,0,0,6,0,0,0,0,0.0,0,0.0,0,0.0,0,0.0022,0,0.04173333333333333,0,0.0,2009,2025,16,0.750444600526778
Brook Lopez,lopezbr01,85,282.0,1988-04-01,Stanford,2011,2025,2008-10-29T00:00:00Z,False,15,NBA,"NJN, BRK, LAL, MIL",C,941,908.0,29.749202975557917,6.024442082890542,12.193411264612115,0.4940735576085062,1.1424017003188098,3.242295430393199,0.3523434939364143,4.8820403825717325,8.951115834218916,0.5454113736198504,0.5409185985706816,2.6503719447396388,3.3358129649309247,0.7945205479452054,1.7704569606801275,3.928799149840595,5.6992561105207225,1.4261424017003188,0.5674814027630181,1.8809776833156218,1.487778958554729,2.5079702444208287,15.841657810839532,27994.0,5669,11474,1075.0,3051.0,4594.0,8423.0,2494,3139,1666.0,3697.0,5363.0,1342,534.0,1770.0,1400.0,2360.0,14907,0.0,18.400671572479816,0.5837947774523111,0.2974640280060013,0.26243309280560123,6.645766950060729,14.142601986139887,10.484253768664715,7.8289097663785086,0.9385868400371509,5.254954633135672,9.655183253554332,22.34258055297564,45.1,33.1,78.5,0.13410316496392083,1.2073372865614063,0.2596806458526828,1.4706365649782098,24.6,10.04857469457741,20.295745516896474,1.802346931485318,5.159577052225477,8.229717082231906,15.136732871329569,4.466324926770022,5.630531542473388,2.9832964206615706,6.5014395941987555,9.477498749732085,2.3487533042794886,0.9385868400371509,3.0880581553189965,2.490737300850182,4.1419697077945274,26.369900693005643,114.09852111166678,108.53907980281488,0.0,0.0,0.0,0.0,100.0,2.0014574551689646,4.078381081660356,419.0,379.0,1309.0,360.0,1584.0,54.0,3210.0,458.0,481.0,12.5868471815389,0.2600755876259198,0.2490282917768093,0.11511827534471675,0.07872194041580341,0.2974640280060013,0.7153278202471959,0.48368139601343146,0.45462252625562627,0.4009859969993571,0.6508721511752517,0.7783337500893048,0.06783842966349933,716.0,0.2523378223905123,0.2685871615346146,0.0,0.0,1,0,1,0.08666666666666667,0.015333333333333334,0.0,1,2,5,0,0,0,5,0,0,0,0,0.0,0,0.0,0,0.0,0,0.00013333333333333334,0,0.04173333333333333,0,0.0,2009,2025,17,0.7025359719939988
Robin Lopez,lopezro01,85,281.0,1988-04-01,Stanford,2009,2023,2008-10-29T00:00:00Z,False,15,NBA,"PHO, NOH, POR, NYK, CHI, MIL, WAS, ORL, CLE",C,976,605.0,21.385245901639344,3.5625,6.628073770491803,0.5374864739526974,0.05635245901639344,0.1885245901639344,0.29891304347826086,3.5061475409836067,6.439549180327869,0.5444709626093874,0.5417375173906323,1.3309426229508197,1.7920081967213115,0.7427101200686106,2.19672131147541,2.5727459016393444,4.769467213114754,0.8350409836065574,0.22336065573770492,1.0676229508196722,1.0870901639344261,1.896516393442623,8.512295081967213,20872.0,3477,6469,55.0,184.0,3422.0,6285.0,1299,1749,2144.0,2511.0,4655.0,815,218.0,1042.0,1061.0,1851.0,8308,0.0,15.868407435799158,0.5752946531238022,0.027869490226140284,0.2795436469911844,11.34536220774243,13.118345151399005,12.239938673821387,6.189387696435416,0.5262408968953621,3.896507282483711,12.759347451130703,17.54216174779609,31.799999999999997,17.599999999999998,49.4,0.11409577424300499,-0.5006467995400538,-0.6245065159064773,-1.1220343043311614,4.700000000000002,8.359256420084323,15.558638367190499,0.12465024913760063,0.39768589497891915,8.233173629743195,15.140719624377152,3.1425162897661933,4.223605787658107,5.1635300881563815,6.0596492909160595,11.23102721349176,1.9447681103871217,0.5262408968953621,2.513491759294749,2.5498418934457647,4.432694518972787,19.97701226523572,114.1140283633576,109.53502299731699,0.0,0.0,0.0,0.0,100.0,-0.6591989267918743,1.029589881180529,238.0,298.0,1100.0,275.0,805.0,67.0,1927.0,199.0,376.0,6.10213683403603,0.42736091414334987,0.364726619394404,0.09539622460712917,0.08421310847067842,0.027869490226140284,0.6660039287083175,0.4615277884246838,0.39992171330011494,0.4122299252587198,0.6183079724032196,0.2920898811805289,0.0870767535454197,502.0,0.2425462821004216,0.0703443848217708,2.0,0.0,0,0,0,0.0,0.0,0.002266666666666667,0,0,0,0,0,0,0,0,0,1,0,0.0,0,0.005,0,0.0,0,0.001,0,0.0,0,0.0,2009,2024,15,0.9721305097738596
Robin Lopez,lopezro01,85,281.0,1988-04-01,Stanford,2010,2024,2008-10-29T00:00:00Z,False,15,NBA,"PHO, NOH, POR, NYK, CHI, MIL, WAS, ORL, CLE, MIL",C,932,600.0,21.80579399141631,3.662017167381974,6.814377682403434,0.5373956857187845,0.0611587982832618,0.20493562231759657,0.29842931937172773,3.6008583690987126,6.609442060085837,0.5448051948051948,0.5418831680050386,1.3454935622317596,1.805793991416309,0.7450980392156863,2.2478540772532187,2.625536480686695,4.873390557939914,0.8701716738197425,0.22317596566523606,1.0772532188841202,1.1105150214592274,1.8894849785407726,8.73068669527897,20323.0,3413,6351,57.0,191.0,3356.0,6160.0,1254,1683,2095.0,2447.0,4542.0,811,208.0,1004.0,1035.0,1761.0,8137,0.0,15.967721300989027,0.5751843231806327,0.029757368498745263,0.27244580032475524,11.35728977021109,13.11770899965556,12.245642867686858,6.327151503222949,0.5155046006987157,3.8662008561728087,12.698076071446145,17.63944791615411,31.2,17.2,48.3,0.11469271269005561,-0.43554593317915663,-0.6367908281257687,-1.0691334940707573,4.800000000000001,8.426472469615703,15.685336810510265,0.13281503715002707,0.424277911725631,8.292186192983317,15.240279486296313,3.117399006052256,4.176332234414211,5.183161934753728,6.064995325493284,11.256217093932982,1.9857501353146683,0.5155046006987157,2.488727058013089,2.554032377109679,4.330394134724204,20.09393790286867,114.1327559907494,109.52103528022438,0.0,0.0,0.0,0.0,100.0,-0.6215125719628006,1.1966392756974855,232.0,292.0,1038.0,270.0,774.0,66.0,1920.0,193.0,363.0,6.200610146139842,0.42038552379077887,0.36893849333267725,0.09489160064951041,0.08561186832652659,0.029757368498745263,0.6645688136594008,0.4656619101510604,0.40208443635290064,0.4082597549574374,0.6205600551099739,0.3031786645672391,0.0834772425330906,478.0,0.2510973281503715,0.07352398760025587,2.0,0.0,0,0,0,0.0,0.0,0.0,0,0,0,0,0,0,0,0,0,0,0,0.0,0,0.0,0,0.0,0,0.001,0,0.0,0,0.0,2009,2024,16,0.9702426315012544
Kevin Love,loveke01,80,251.0,1988-09-07,UCLA,2009,2023,2008-10-29T00:00:00Z,False,15,NBA,"MIN, CLE, MIA",PF,874,679.0,30.125858123569795,5.577803203661327,12.711670480549198,0.4387938793879388,1.791762013729977,4.84096109839817,0.37012526589458755,3.78604118993135,7.87070938215103,0.4810292193632795,0.5092709270927093,4.002288329519451,4.822654462242563,0.8298932384341637,2.44279176201373,7.9290617848970255,10.371853546910755,2.329519450800915,0.6224256292906178,0.40503432494279173,1.8501144164759726,1.971395881006865,16.949656750572082,26330.0,4875,11110,1566.0,4231.0,3309.0,6879.0,3498,4215,2135.0,6930.0,9065.0,2036,544.0,354.0,1617.0,1723.0,14814,3.0,20.865807064185343,0.570410140524117,0.3765870110140524,0.3777990884922142,9.000501329282189,29.743357387011017,19.322271173566275,12.670865932396508,1.035674135966578,1.0709912647170527,11.179829092290165,24.344014432206613,60.800000000000004,30.3,91.30000000000001,0.16630558298518802,3.8455791872388905,-0.6090467147740221,3.2295708317508547,34.699999999999996,9.330565894417015,21.23691226737562,2.995985567793391,8.052932016710976,6.324071401443221,13.174063805545007,6.698021268515,8.065450056969237,4.091473604253703,13.244295480440561,17.348663121914168,3.877698442840866,1.035674135966578,0.6852183820736804,3.0914622104063803,3.304530953285226,28.280151917964304,115.16874287884542,107.08811241929358,0.0,0.0,0.0,70.94986707178124,29.155222180022786,0.5710444360045575,4.165795670338017,765.0,444.0,884.0,208.0,1624.0,173.0,4580.0,265.0,695.0,14.101788834029623,0.2609805545005696,0.16348336498290922,0.08771010254462591,0.11118458032662364,0.3765870110140524,0.6081576908469426,0.4056584124572732,0.3733586023547284,0.4026833649829092,0.5764490695024687,0.9085661602734523,0.02371222939612609,232.0,0.18039635396885684,0.42240220281048235,23.0,0.0,1,0,5,0.0,0.07146666666666665,0.039066666666666666,0,0,0,0,2,2,5,0,1,1,0,0.004533333333333334,0,0.027,0,0.028666666666666667,1,0.04686666666666666,0,0.0,0,0.0,2009,2025,15,0.6234129889859475
Kevin Love,loveke01,80,251.0,1988-09-07,UCLA,2010,2024,2008-10-29T00:00:00Z,False,15,NBA,"MIN, CLE, MIA",PF,848,647.0,29.724056603773583,5.5625,12.713443396226415,0.4375289861793897,1.9433962264150944,5.254716981132075,0.36983842010771995,3.619103773584906,7.45872641509434,0.4852173913043478,0.5139597439940636,3.9127358490566038,4.701650943396227,0.8322046651617758,2.2641509433962264,7.95872641509434,10.222877358490566,2.4375,0.6214622641509434,0.37028301886792453,1.8242924528301887,1.9044811320754718,16.9811320754717,25206.0,4717,10781,1648.0,4456.0,3069.0,6325.0,3318,3987,1920.0,6749.0,8669.0,2067,527.0,314.0,1547.0,1615.0,14400,3.0,20.98755455050385,0.5740182099500118,0.41603237324446557,0.3660299135126557,8.438911370308658,30.116250099182736,19.23645957311751,13.379889708799492,1.045389986511148,1.004697294295009,11.059434261683725,24.52612473220662,59.1,30.000000000000004,89.3,0.16987836229469172,4.083539633420614,-0.4695469332698563,3.594929778624137,35.599999999999994,9.400103150043641,21.46507577560898,3.286419900023804,8.855292390700626,6.102705704990876,12.599424740141238,6.612826311195747,7.938970879949218,3.8224748075854955,13.429671506784098,17.261949535824805,4.1072681107672775,1.045389986511148,0.6284773466634928,3.0808775688328174,3.2200071411568674,28.632912798540037,115.63996667460128,107.00285646274696,0.0,0.0,0.0,71.99214472744585,28.117630722843767,1.450702213758629,4.878671744822661,758.0,417.0,826.0,190.0,1508.0,179.0,4661.0,246.0,626.0,14.864909148615407,0.2348135364595731,0.162653852257399,0.08365575656589701,0.1027876696024756,0.41603237324446557,0.6191011663889551,0.41080591922558124,0.39458843132587484,0.4003559866698405,0.5762865984289455,0.9446742442275649,0.020004562405776402,194.0,0.18485820836308817,0.4106205665317781,19.0,0.0,1,0,5,0.0,0.07146666666666665,0.0,0,0,0,0,2,2,5,0,0,0,0,0.004533333333333334,0,0.0,0,0.028666666666666667,1,0.04686666666666666,0,0.0,0,0.0,2009,2025,16,0.5839676267555345
Kevin Love,loveke01,80,251.0,1988-09-07,UCLA,2011,2025,2008-10-29T00:00:00Z,False,15,NBA,"MIN, CLE, MIA",PF,811,634.0,29.27620221948212,5.508014796547473,12.638717632552405,0.4358048780487805,2.0184956843403206,5.44636251541307,0.3706135386008603,3.4895191122071516,7.192355117139334,0.4851705811760672,0.5156585365853659,3.8335388409371145,4.6041923551171395,0.8326191751472951,2.1146732429099875,7.879161528976572,9.99383477188656,2.408138101109741,0.6152897657213316,0.3637484586929716,1.780517879161529,1.8495684340320593,16.86806411837238,23743.0,4467,10250,1637.0,4417.0,2830.0,5833.0,3109,3734,1715.0,6390.0,8105.0,1953,499.0,295.0,1444.0,1500.0,13680,3.0,20.95770121720086,0.5749149222928862,0.43599161858231905,0.3598733100282188,8.015752011119067,30.239278945373375,19.08852714484269,13.411573937581602,1.0476729983574105,1.0102725013688245,10.894764772775133,24.680390009687066,55.6,29.000000000000004,84.8,0.17126121383144507,4.137076190877311,-0.40445183843659177,3.7123868087436294,34.3,9.45133723623805,21.67263614539022,3.467476729983574,9.317752600766541,5.973263698774375,12.34282946552668,6.577673419534179,7.899267152423873,3.6280714315798344,13.498765952070084,17.137244661584468,4.118106389251569,1.0476729983574105,0.6251274059722866,3.054870909320642,3.1740597228656866,28.884403824285055,115.69692119782673,106.84808153982226,0.0,0.0,0.0,70.08815229751927,30.02838731415575,2.0094764772775133,4.751223518510719,719.0,388.0,772.0,174.0,1398.0,173.0,4426.0,228.0,572.0,15.277942972665626,0.2204764772775133,0.16163062797456093,0.08168512824832581,0.10022802510213537,0.43599161858231905,0.6198236111696078,0.4123661289643263,0.39873074169228817,0.39952524954723506,0.5787315419281471,0.9465960493619171,0.01936027460725266,178.0,0.18892924230299454,0.39847597186539185,15.0,0.0,1,0,5,0.0,0.07146666666666666,0.0,0,0,0,0,2,2,5,0,0,0,0,0.004533333333333334,0,0.0,0,0.028533333333333334,1,0.04686666666666666,0,0.0,0,0.0,2009,2025,17,0.5640083814176811
JaVale McGee,mcgeeja01,84,270.0,1988-01-19,Nevada,2009,2023,2008-10-29T00:00:00Z,False,15,NBA,"WAS, DEN, PHI, DAL, GSW, LAL, CLE, DEN, PHO, DAL",C,863,343.0,16.61297798377752,3.332560834298957,5.7682502896871375,0.57774206508638,0.016222479721900347,0.08227114716106605,0.19718309859154928,3.3163383545770566,5.6859791425260715,0.5832484206235989,0.5791482523101648,1.1077636152954808,1.8331402085747392,0.6042983565107459,1.8331402085747392,3.324449594438007,5.157589803012746,0.4275782155272306,0.38354577056778677,1.4345307068366164,0.9988412514484357,2.1749710312862107,7.789107763615296,14337.0,2876,4978,14.0,71.0,2862.0,4907.0,956,1582,1582.0,2869.0,4451.0,369,331.0,1238.0,862.0,1877.0,6722,1.0,19.59379926065425,0.59172302434261,0.013405872916230731,0.3217804282625375,12.327983539094651,22.14390737253261,17.24185673432378,4.094608356001953,1.1551161330822346,6.9745902211062285,13.122836018692892,19.907944479319244,21.099999999999998,22.1,43.1,0.14384306340238545,-0.6225081955778755,0.6412568877728952,0.004533723931087364,7.000000000000001,9.929950477784754,17.28699867475762,0.04240078119550812,0.24542093882960175,9.877554579061172,17.026679221594474,3.3288693590011857,5.53085722257097,5.487598521308502,9.937469484550464,15.409360396177721,1.2600823045267489,1.1551161330822346,4.302057613168723,2.9885052660947196,6.511543558624538,23.274938969100926,112.389342261282,104.10511264560229,0.0,0.0,0.0,0.5041501011369185,99.49584989886309,-2.7893004115226336,-2.665229824928507,276.0,221.0,1039.0,208.0,765.0,72.0,827.0,220.0,291.0,4.1026225849201365,0.6050748413196623,0.27967636186091926,0.07327272093185463,0.028545930110901865,0.013405872916230731,0.7055160075329567,0.396538745902211,0.32485331659342964,0.3292863221036479,0.672680198088861,0.4228715909883518,0.297570063472135,1387.0,0.0247348817744298,0.011822557020297133,3.0,0.0,3,0,0,0.0,0.0,0.0,0,0,0,0,0,0,0,0,0,0,0,0.0,0,0.0,0,0.0,0,0.0,0,0.0005333333333333334,0,0.0,2009,2024,15,0.9865941270837693
JaVale McGee,mcgeeja01,84,270.0,1988-01-19,Nevada,2010,2024,2008-10-29T00:00:00Z,False,15,NBA,"WAS, DEN, PHI, DAL, GSW, LAL, CLE, DEN, PHO, DAL, SAC",C,834,329.0,16.22661870503597,3.3141486810551557,5.663069544364508,0.5852212576752064,0.017985611510791366,0.09352517985611511,0.19230769230769232,3.2961630695443644,5.569544364508393,0.5918191603875135,0.5868092314207072,1.0491606714628297,1.7565947242206235,0.5972696245733788,1.803357314148681,3.3321342925659474,5.135491606714628,0.4352517985611511,0.37410071942446044,1.4184652278177459,1.001199040767386,2.1199040767386093,7.695443645083933,13533.0,2764,4723,15.0,78.0,2749.0,4645.0,875,1465,1504.0,2779.0,4283.0,363,312.0,1183.0,835.0,1768.0,6418,1.0,19.797997487622848,0.5970311091406192,0.015529963792211629,0.31405069090371684,12.387548954407745,22.61683292691938,17.511889455405306,4.241084755782162,1.1471514076701397,7.068137146235128,13.37269637183182,19.92852287002143,20.099999999999998,21.800000000000004,41.800000000000004,0.1478242074927954,-0.5550580063548363,0.7872903273479641,0.21717283676937857,7.3999999999999995,10.059705904086309,17.275629941624178,0.04742481341904973,0.28505135594472775,10.001692159905414,16.974794945688316,3.205468114978202,5.386314933865366,5.4993866844010935,10.152774698884208,15.629579546294243,1.30215768861302,1.1471514076701397,4.334678194044187,3.052309170176605,6.455612207197221,23.41273184068573,112.7596246212961,103.72984556269859,0.0,0.0,0.0,0.5341018251681076,99.46589817483189,-1.9205867139584727,-2.3722751791916057,275.0,206.0,956.0,212.0,703.0,68.0,818.0,201.0,259.0,4.10592625434124,0.6036000147786892,0.2846937116677751,0.06984689278061036,0.02630370206162714,0.015529963792211629,0.714497894036799,0.4077629498263504,0.3203351806694746,0.3088151924924259,0.6819072637257075,0.47304440996083646,0.3045110470701249,1342.0,0.02620438927067169,0.012524939037907338,3.0,0.0,3,0,0,0.0,0.0,0.0,0,0,0,0,0,0,0,0,0,0,0,0.0,0,0.0,0,0.0,0,0.0,0,0.0005333333333333334,0,0.0,2009,2024,16,0.9844700362077883
Russell Westbrook,westbru01,76,200.0,1988-11-12,UCLA,2009,2023,2008-10-29T00:00:00Z,False,15,NBA,"OKC, HOU, WAS, LAL, LAC",PG,1094,1028.0,34.3254113345521,8.0018281535649,18.27787934186472,0.4377875575115023,1.1252285191956124,3.6855575868372945,0.3053075396825397,6.8765996343692875,14.592321755027422,0.47124780756702583,0.46856871374274855,5.226691042047532,6.720292504570384,0.7777475516866159,1.6261425959780622,5.6535648994515535,7.279707495429616,8.374771480804387,1.6224862888482632,0.3162705667276051,4.0612431444241315,2.603290676416819,22.355575868372945,37552.0,8754,19996,1231.0,4032.0,7523.0,15964.0,5718,7352,1779.0,6185.0,7964.0,9162,1775.0,346.0,4443.0,2848.0,24457,198.0,22.213722305070302,0.5241610566680869,0.1962972677886664,0.36668038985939505,5.33299424797614,17.863232317852578,11.628714848743076,41.727053152961226,2.3289065828717503,0.7436780997017469,16.128895930975713,31.863405411163182,59.4,49.0,108.2,0.13861442799318277,3.5346639326800164,0.49239720920323815,4.027061141883255,57.0,11.51424691095015,26.307743928419264,1.6060875585854282,5.269018960374947,9.900577865360034,21.052588410737112,7.5659538772901564,9.681039625053259,2.344713996591393,8.04077013208351,10.406287281636132,12.042594269279933,2.3289065828717503,0.4441654239454624,5.848442160204517,3.7335055389859404,32.19376597784406,107.42578291435876,106.45472944184064,83.11464103110353,16.691334682573498,0.4016563698338304,0.0,0.0,3.6591206859821055,3.626358116744781,2544.0,1185.0,825.0,418.0,3240.0,139.0,20920.0,668.0,1216.0,11.326011930123563,0.3440459629314017,0.1381489135066042,0.14987875479335322,0.1718288506604176,0.1962972677886664,0.5987082711972731,0.335196314443971,0.39073926821474225,0.37748157221985507,0.1934644226672348,0.52798580634853,0.037643694077545795,614.0,0.11340288133787814,0.30048338304218153,15.0,0.0,0,0,9,0.06100000000000001,0.3370666666666667,0.06093333333333333,0,0,12,2,7,9,11,1,1,1,1,0.10793333333333334,0,0.122,0,0.00013333333333333334,0,0.012866666666666667,0,0.00046666666666666666,0,0.0,2009,2025,15,0.8037027322113335
Russell Westbrook,westbru01,76,200.0,1988-11-12,UCLA,2010,2024,2008-10-29T00:00:00Z,False,15,NBA,"OKC, HOU, WAS, LAL, LAC",PG,1080,974.0,33.71574074074074,7.980555555555555,18.114814814814814,0.44055407892046616,1.1462962962962964,3.7564814814814813,0.30515158984471286,6.83425925925926,14.358333333333333,0.4759785903140517,0.47219382539358007,5.073148148148148,6.559259259259259,0.77343308865048,1.5685185185185184,5.753703703703704,7.322222222222222,8.363888888888889,1.6101851851851852,0.32685185185185184,3.9935185185185187,2.5722222222222224,22.180555555555557,36413.0,8619,19564,1238.0,4057.0,7381.0,15507.0,5479,7084,1694.0,6214.0,7908.0,9033,1739.0,353.0,4313.0,2778.0,23955,198.0,22.475102298629615,0.5263106582813829,0.2035333260099415,0.3596210968610112,5.241086974432209,18.45870156262873,11.895614203718452,42.24345975338478,2.3486639387032104,0.7964188613956554,16.032491143273006,32.027874660148846,59.7,48.9,108.4,0.14315719660560788,3.644157306456485,0.6031362425507374,4.247293549007223,57.30000000000001,11.66624831790844,26.49056655590037,1.6638233597890864,5.460610221624146,9.998805371707904,21.036926372449404,7.462870403427347,9.601395106143409,2.2949084118309395,8.324672507071652,10.633707741740588,12.219520500920002,2.3486639387032104,0.46547112295059456,5.836204102930273,3.7429516930766487,32.45533737950732,108.02526570180979,106.39653420481696,84.34410787356164,15.529069288440942,0.34094966083541595,0.0,0.0,4.361324252327466,3.5201493971933107,2544.0,1115.0,816.0,389.0,3140.0,137.0,20674.0,657.0,1168.0,11.387328701288002,0.34005390931810064,0.14530826902479885,0.14675695493367752,0.16455353857138935,0.2035333260099415,0.6100628896273308,0.3372574355312663,0.39184818608738636,0.3760483893115096,0.19692423035729,0.542826023672864,0.03728116332079202,593.0,0.12588581001290747,0.29590217779364514,12.0,0.0,0,0,9,0.061000000000000006,0.3370666666666667,0.0,0,0,12,2,7,9,11,0,0,0,1,0.10793333333333331,0,0.0,0,0.0004,0,0.012866666666666667,0,0.00046666666666666666,0,0.0,2009,2025,16,0.7964666739900584
Russell Westbrook,westbru01,76,200.0,1988-11-12,UCLA,2011,2025,2008-10-29T00:00:00Z,False,15,NBA,"OKC, HOU, WAS, LAL, LAC, DEN",PG,1073,928.0,33.263746505125816,7.928238583410997,17.92637465051258,0.44226670132570833,1.2199440820130476,3.9552656104380244,0.308435438265787,6.708294501397949,13.971109040074557,0.48015475952238007,0.4762932154925916,4.943150046598323,6.4259086672879775,0.7692530819434372,1.5405405405405406,5.800559179869524,7.341099720410066,8.236719478098788,1.6188257222739981,0.3317800559179869,3.995340167753961,2.5740913327120225,22.019571295433366,35692.0,8507,19235,1309.0,4244.0,7198.0,14991.0,5304,6895,1653.0,6224.0,7877.0,8838,1737.0,356.0,4287.0,2762.0,23627,201.0,22.364398184467106,0.529427070491987,0.2210660372072173,0.35460918413089776,5.2023114423400205,18.805211251821138,12.05818670850611,41.742656617729466,2.3791521909671633,0.8353552616832902,16.255477417908775,32.04433766670403,56.9,47.6,104.20000000000002,0.14041124061414323,3.531037767566961,0.6430040345175388,4.174041802084502,55.50000000000001,11.704544435727895,26.4664714782024,1.794855990137846,5.8138770592849935,9.905995741342597,20.659705256079796,7.345889835257201,9.504995517202735,2.2711616048414216,8.485811946654715,10.763504426762301,12.136036086517988,2.3791521909671633,0.48033733049422844,5.8961447943516765,3.7789868878179984,32.540042586574025,108.08637789980948,106.93205760394486,84.42191527513168,15.448699988793006,0.3478370503193993,0.0,0.0,4.053339683962793,2.8525720049310768,2589.0,1081.0,832.0,365.0,3059.0,136.0,20245.0,633.0,1122.0,11.589569091112855,0.3343539728790766,0.15087641488288692,0.1398582595539617,0.15405547461616054,0.2210660372072173,0.620352880197243,0.3406280398968957,0.3853931413201838,0.3706490530090777,0.2117454051328029,0.5494615039784825,0.03754547237476185,590.0,0.13375840524487279,0.31515801860360865,12.0,0.0,0,0,9,0.05766666666666667,0.3370666666666667,0.0,0,0,11,2,7,9,11,0,0,0,1,0.10793333333333334,0,0.0,0,0.0009333333333333333,0,0.0056,0,0.00046666666666666666,0,0.0,2009,2025,17,0.7789339627927828
DeAndre Jordan,jordade01,83,265.0,1988-07-21,Texas A&M,2009,2023,2008-11-01T00:00:00Z,False,15,NBA,"LAC, DAL, NYK, BRK, LAL, PHI, DEN",C,1019,784.0,26.280667320902847,3.6378802747791954,5.389597644749754,0.6749817916970139,0.001962708537782139,0.012757605495583905,0.15384615384615385,3.635917566241413,5.376840039254171,0.6762182880087607,0.6751638747268754,1.6840039254170756,3.5436702649656526,0.4752146219883689,2.9960745829244355,7.155053974484789,10.151128557409224,0.9479882237487733,0.5387634936211972,1.4965652600588812,1.353287536800785,2.506378802747792,8.961727183513249,26780.0,3707,5492,2.0,13.0,3705.0,5479.0,1716,3611,3053.0,7291.0,10344.0,966,549.0,1525.0,1379.0,2554.0,9132,0.0,18.435332337565345,0.6450665421956683,0.0023724794622852876,0.666317587752054,12.98838312173264,29.85699775952203,21.567696041822256,5.356609410007467,1.0417401045556385,4.614171023151607,16.340870052277822,14.038532486930546,52.1,43.7,95.90000000000002,0.17173304705003728,0.49613890963405527,0.7496601941747574,1.2435810306198651,21.900000000000002,6.957505601194922,10.308790141896939,0.002188200149365198,0.016964152352501868,6.957505601194922,10.285112023898433,3.209451082897685,6.77996639283047,5.718342046303211,13.619335324869304,19.33698655713219,1.776463778939507,1.0417401045556385,2.8668147871545924,2.574085138162808,4.810926064227035,17.109085138162808,120.91822255414489,102.67382374906647,0.0,0.0,0.0,1.773076923076923,98.22692307692307,2.710504107542942,3.673069454817027,468.0,332.0,1409.0,299.0,1246.0,64.0,2244.0,307.0,314.0,1.732845407020164,0.8323529126213591,0.1527272218073189,0.008100336071695297,0.0038984690067214345,0.0023724794622852876,0.7282265496639283,0.4226438760268858,0.3305297610156833,0.06782173263629575,0.7120655339805826,0.02188200149365198,0.48900806572068717,2366.0,0.06713965646004481,0.0,0.0,0.0,1,0,1,0.11253333333333333,0.06026666666666667,0.0,2,2,5,1,1,3,4,0,0,0,0,0.0,0,0.0,0,0.0,0,0.0078000000000000005,0,0.04506666666666667,0,0.0,2009,2025,15,0.9976275205377148
DeAndre Jordan,jordade01,83,265.0,1988-07-21,Texas A&M,2010,2024,2008-11-01T00:00:00Z,False,15,NBA,"LAC, DAL, NYK, BRK, LAL, PHI, DEN",C,1002,773.0,26.352295409181636,3.6646706586826348,5.4271457085828345,0.6752482530342038,0.001996007984031936,0.012974051896207584,0.15384615384615385,3.662674650698603,5.4141716566866265,0.6764976958525346,0.675432144170651,1.6966067864271457,3.5479041916167664,0.4781997187060478,3.028942115768463,7.214570858283433,10.243512974051896,0.9790419161676647,0.5429141716566867,1.4790419161676647,1.3582834331337326,2.5089820359281436,9.027944111776447,26405.0,3672,5438,2.0,13.0,3670.0,5425.0,1700,3555,3035.0,7229.0,10264.0,981,544.0,1482.0,1361.0,2514.0,9046,0.0,18.525396705169474,0.6462945275516002,0.0024061730732815754,0.6626924446127629,13.100208293883739,29.95636811209998,21.68419238780534,5.493001325506532,1.0480931641734519,4.564256769551222,16.312330997917062,14.06299564476425,52.3,43.4,95.80000000000003,0.17406983525847375,0.5711266805529255,0.7617269456542322,1.3321037682257146,22.200000000000003,6.981840560499904,10.340090891876537,0.002219276652149214,0.017205074796440067,6.981840560499904,10.316076500662753,3.222764627911381,6.7591630373035425,5.758458625260366,13.6791895474342,19.439867449346718,1.8307441772391593,1.0480931641734519,2.8207271350123078,2.5723764438553305,4.794436659723537,17.169350501798903,121.38424540806665,102.65737549706495,0.0,0.0,0.0,1.623063813671653,98.37693618632835,3.0826282900965722,3.7041923878053398,468.0,322.0,1388.0,299.0,1222.0,61.0,2275.0,303.0,312.0,1.7553304298428325,0.8317723537208861,0.1535441014959288,0.007971558416966484,0.0037494413936754404,0.0024061730732815754,0.728369286120053,0.42541817837530777,0.33522389698920657,0.0687849270971407,0.7132683961370953,0.02219276652149214,0.4878795303919713,2343.0,0.068093164173452,0.0,0.0,0.0,1,0,1,0.11253333333333332,0.06026666666666667,0.0,2,2,5,1,1,3,4,0,0,0,0,0.0,0,0.0,0,0.0,0,0.0078000000000000005,0,0.045066666666666665,0,0.0,2009,2025,16,0.9975938269267183
DeAndre Jordan,jordade01,83,265.0,1988-07-21,Texas A&M,2011,2025,2008-11-01T00:00:00Z,False,15,NBA,"LAC, DAL, NYK, BRK, LAL, PHI, DEN",C,988,766.0,26.274291497975707,3.6629554655870447,5.4048582995951415,0.6777153558052434,0.0020242914979757085,0.011133603238866396,0.18181818181818182,3.6609311740890687,5.3937246963562755,0.6787389754175267,0.6779026217228464,1.6993927125506072,3.533400809716599,0.48095101690060155,3.033400809716599,7.286437246963563,10.319838056680162,1.0253036437246963,0.5506072874493927,1.464574898785425,1.3421052631578947,2.465587044534413,9.027327935222672,25959.0,3619,5340,2.0,11.0,3617.0,5329.0,1679,3491,2997.0,7199.0,10196.0,1013,544.0,1447.0,1326.0,2436.0,8919,0.0,18.697353519010747,0.6489191032012019,0.0020971146808428675,0.662678647097346,13.154828768442545,30.24392310951886,21.87431719249586,5.713236257174777,1.0647212912669979,4.560641781270466,16.214538310412575,14.001475403520937,53.0,43.1,96.10000000000001,0.17776932855656993,0.6969721483878419,0.793277861242729,1.4894872683847604,22.900000000000002,6.98041527023383,10.298528448707577,0.0022574059093185407,0.013120690319349745,6.98041527023383,10.278481451519703,3.2323510150622132,6.741037790361725,5.76650487306907,13.824315266381605,19.5957394352633,1.916888169806233,1.0647212912669979,2.7971262375284094,2.5421857544589543,4.710347085789129,17.180172579837436,122.26684386917832,102.71585962479294,0.0,0.0,0.0,0.4245541045494819,99.57544589545051,3.53332177664779,3.7792056704803727,466.0,315.0,1340.0,296.0,1199.0,55.0,2342.0,300.0,304.0,1.7853923494741708,0.8266118879771946,0.1606860818983782,0.006619322778227205,0.0034634616125428564,0.0020971146808428675,0.7331256211718479,0.42066327670557424,0.33003339882121807,0.06996671674563736,0.7156210177587735,0.022574059093185408,0.4908033437343504,2308.0,0.06926306868523441,0.0,0.0,0.0,1,0,1,0.11253333333333333,0.06026666666666667,0.0,2,2,5,1,1,3,4,0,0,0,0,0.0,0,0.0,0,0.0,0,0.0078000000000000005,0,0.04506666666666667,0,0.0,2009,2025,17,0.997902885319157
George Hill,hillge01,76,188.0,1986-05-04,IUPUI,2009,2023,2008-11-04T00:00:00Z,False,15,NBA,"SAS, IND, UTA, SAC, CLE, MIL, OKC, PHI, MIL, IND",PG,915,484.0,26.777049180327868,3.6907103825136613,8.079781420765027,0.45678344379818747,1.1650273224043717,3.0688524590163935,0.37962962962962965,2.5256830601092894,5.0109289617486334,0.5040348964013086,0.5288786690112268,1.8852459016393444,2.3398907103825137,0.8056982718355908,0.5825136612021858,2.402185792349727,2.9846994535519125,3.06775956284153,0.8808743169398907,0.2546448087431694,1.1923497267759562,1.9224043715846995,10.431693989071038,24501.0,3377,7393,1066.0,2808.0,2311.0,4585.0,1725,2141,533.0,2198.0,2731.0,2807,806.0,233.0,1091.0,1759.0,9545,1.0,14.602416227909064,0.5719925717317661,0.3850805273254153,0.28916840128974336,2.45433247622546,9.77164605526305,6.197481735439369,17.818856373209258,1.6625158156809925,0.7388065793232931,11.645194073711275,17.316754418187013,42.49999999999999,28.8,71.00000000000001,0.13900126525447937,0.32238275988735154,0.8290967715603443,1.1285988327007062,19.400000000000006,7.0211868903310055,15.395110403656995,2.189147381739521,5.810032243581895,4.832002775396922,9.59760417942125,3.590028978409045,4.492371739928982,1.1061711766866658,4.571388922901106,5.6734582261948505,5.831427288682096,1.6625158156809925,0.48239663687196443,2.2822905187543365,3.6618178849842864,19.878266193216607,115.81874209215951,106.76760132239501,82.3865964654504,17.56226276478511,0.0,0.0,0.0,5.5200930574262275,3.8631933390473847,596.0,248.0,786.0,127.0,754.0,242.0,6520.0,181.0,362.0,14.89826129545733,0.23737210726092814,0.12566997265417743,0.10095514468797194,0.15074625525488755,0.3850805273254153,0.6651972164401452,0.4042368474756133,0.4196640953430472,0.3946263825966288,0.3671171788906576,0.7920209787355617,0.015030366107505817,105.0,0.36079233500673447,0.40277580506918076,26.0,1.0,0,0,0,0.0058000000000000005,0.0,0.0,0,0,6,0,0,0,0,0,0,0,0,0.0,0,0.0,0,0.0044666666666666665,0,0.011066666666666667,0,0.0,0,0.0,2009,2023,15,0.6149194726745846
Stephen Curry,curryst01,74,185.0,1988-03-14,Davidson,2010,2024,2009-10-28T00:00:00Z,False,15,NBA,GSW,PG,956,950.0,34.22907949790795,8.456066945606695,17.884937238493723,0.4728038367060475,3.9194560669456067,9.210251046025105,0.42555366269165246,4.5366108786610875,8.67468619246862,0.5229711805136863,0.5823780559129723,3.9257322175732217,4.314853556485356,0.9098181818181819,0.6579497907949791,4.058577405857741,4.71652719665272,6.400627615062762,1.540794979079498,0.24581589958158995,3.1244769874476988,2.316945606694561,24.757322175732217,32723.0,8084,17098,3747.0,8805.0,4337.0,8293.0,3753,4125,629.0,3880.0,4509.0,6119,1473.0,235.0,2987.0,2215.0,23668,10.0,23.6132292271491,0.6220951013048925,0.5024174433884424,0.2381827766402836,2.180246309934908,12.61441493750573,7.523234422271796,30.800919842312748,2.191547229777221,0.5873941875744889,13.843911010604163,28.99170002750359,98.6,36.50000000000001,135.39999999999998,0.19816948323808942,6.228429544968371,0.24566818445741523,6.4617333374079395,70.10000000000001,12.012783057788099,25.405384591877272,5.547737065672462,13.055184426855728,6.46918681050026,12.360996852366835,5.579983497845552,6.129175197873056,0.92416954435718,5.74704641994927,6.690743513736515,9.138315557864498,2.191547229777221,0.3484613268954558,4.454377654860496,3.3091250802188057,35.14470250282676,117.81587873972435,108.35941081196712,94.47987653943709,5.54249304770345,0.0,0.0,0.0,7.9022827980319645,10.44578125477493,1824.0,685.0,1052.0,154.0,1455.0,243.0,13960.0,381.0,565.0,18.23190722122055,0.15381410628609846,0.10814240748097668,0.07313220059285516,0.1624364208660575,0.5024174433884424,0.647084222106775,0.4422872597255753,0.4670062035876906,0.4597312287993154,0.34335219875928247,0.6233231366317268,0.0018382177673196222,26.0,0.13339458484857744,0.49397784432967634,104.0,5.0,4,1,10,0.0094,0.46180000000000004,0.06666666666666667,0,0,5,4,8,10,11,1,1,1,2,0.17759999999999995,0,0.636,0,0.0,0,0.010533333333333334,0,0.0,1,0.316,2010,2025,15,0.49758255661155765
Stephen Curry,curryst01,74,185.0,1988-03-14,Davidson,2011,2025,2009-10-28T00:00:00Z,False,15,NBA,GSW,PG,946,943.0,33.91014799154334,8.583509513742072,18.19556025369979,0.47173647824318826,4.114164904862579,9.734672304439746,0.4226300358345097,4.469344608879493,8.460887949260043,0.5282358820589705,0.5847905652704352,4.075052854122622,4.465116279069767,0.9126420454545454,0.6564482029598309,4.061310782241015,4.717758985200845,6.414376321353066,1.4809725158562368,0.26004228329809725,3.112050739957717,2.175475687103594,25.356236786469346,32079.0,8120,17213,3892.0,9209.0,4228.0,8004.0,3855,4224,621.0,3842.0,4463.0,6068,1401.0,246.0,2944.0,2058.0,23987,9.0,24.1250942984507,0.6266911686773279,0.5262673400043643,0.24387390504691542,2.1949000904018203,12.718011783409708,7.579874684372953,31.395757349044544,2.129193553415007,0.6453100158982512,13.516802269397427,29.697690077620877,100.80000000000001,37.6,138.6,0.20699036753015992,6.703453973004145,0.295738645219614,6.970532123819321,72.9,12.324994544717729,26.118657065369874,5.885713395055955,13.93493562766919,6.443505096792293,12.187714704323701,5.851410580130303,6.410617537953177,0.9336824713987345,5.809177343433398,6.762779388384924,9.25644502634122,2.129193553415007,0.3704947161694567,4.48455999251847,3.1438168272078304,36.36932884441535,118.9456342155304,108.44680320458868,97.61903425917266,2.403784407244615,0.0,0.0,0.0,8.721880357866516,10.758742479503725,1830.0,658.0,958.0,153.0,1490.0,219.0,13881.0,395.0,563.0,18.512381932105114,0.14557607780791174,0.11563739518064778,0.06931316437544811,0.1432377256148882,0.5262673400043643,0.6532444589918638,0.4514805947816328,0.47329580099130275,0.467959630911188,0.3560864740172699,0.6183632594532248,0.001945322485114873,27.0,0.1270033043424047,0.48675522927772064,104.0,6.0,4,1,11,0.0094,0.4943333333333334,0.0,0,0,5,4,9,11,12,0,0,0,2,0.17773333333333333,0,0.0,0,0.0,0,0.010533333333333334,0,0.0,1,0.22866666666666668,2010,2025,16,0.47373265999563574
DeMar DeRozan,derozde01,78,220.0,1989-08-07,USC,2010,2024,2009-10-28T00:00:00Z,False,15,NBA,"TOR, SAS, CHI",SG,1110,1098.0,34.648648648648646,7.603603603603603,16.22252252252252,0.4687066140945188,0.4783783783783784,1.6135135135135135,0.2964824120603015,7.1252252252252255,14.609009009009009,0.48772816970892946,0.4834508802132504,5.559459459459459,6.60990990990991,0.841079460269865,0.7072072072072072,3.7162162162162162,4.423423423423423,4.078378378378378,0.9981981981981982,0.32522522522522523,2.0486486486486486,2.26036036036036,21.245045045045046,38460.0,8440,18007,531.0,1791.0,7909.0,16216.0,6171,7337,785.0,4125.0,4910.0,4527,1108.0,361.0,2274.0,2509.0,23582,1.0,19.039401976079045,0.5540203328133125,0.09757236089443579,0.40605535621424854,2.333377535101404,12.128226729069162,7.221432657306293,19.624378575143005,1.4437311492459701,0.7867914716588663,9.699914196567862,27.31627145085803,73.2,28.400000000000002,101.5,0.1266860634425377,1.5976859074362975,-0.6864690587623505,0.9118850754030161,28.100000000000005,11.053907956318254,23.63305772230889,0.6929069162766511,2.3450572022880913,10.361783671346855,21.273166926677067,8.087467498699947,9.623913156526262,1.0357072282891315,5.416812272490899,6.4171866874675,5.878221528861155,1.4437311492459701,0.4920254810192408,2.9850806032241293,3.2917498699948,30.892236089443575,112.29833593343734,111.79183567342693,0.15257410296411855,41.10309412376495,40.6239989599584,17.402158086323453,0.5705668226729069,0.08731929277171088,-1.782210088403536,924.0,880.0,1174.0,221.0,3394.0,168.0,11165.0,766.0,1120.0,12.18801092043682,0.21397272490899635,0.1793698647945918,0.22600683827353094,0.2829572802912116,0.09757236089443579,0.6676096203848153,0.4598878315132605,0.44523000520020795,0.4032199427977119,0.3627508060322413,0.8503502080083203,0.032862558502340086,504.0,0.3818056942277691,0.34645436817472697,28.0,0.0,0,0,6,0.0002666666666666667,0.0646,0.0011333333333333334,0,0,1,0,2,3,9,0,0,1,0,0.002266666666666667,0,0.0,0,0.0,0,0.004933333333333333,0,0.0,0,0.35450000000000004,2010,2025,15,0.9024276391055642
DeMar DeRozan,derozde01,78,220.0,1989-08-07,USC,2011,2025,2009-10-28T00:00:00Z,False,15,NBA,"TOR, SAS, CHI, SAC",SG,1110,1110.0,35.64324324324324,7.936036036036036,16.93963963963964,0.4684890708929426,0.5504504504504505,1.8297297297297297,0.30083702609551943,7.385585585585585,15.10990990990991,0.4887908418793227,0.4847364782215604,5.766666666666667,6.832432432432433,0.8440137130801688,0.6927927927927928,3.798198198198198,4.490990990990991,4.338738738738739,1.0153153153153154,0.33783783783783783,2.0873873873873876,2.236936936936937,22.18918918918919,39564.0,8809,18803,611.0,2031.0,8198.0,16772.0,6401,7584,769.0,4216.0,4985.0,4816,1127.0,375.0,2317.0,2483.0,24630,1.0,19.220730967546253,0.5550692043271661,0.1072585431200081,0.40236197047821254,2.2063112930947324,12.037984025882114,7.107438580527753,20.178991001920938,1.4257279344858964,0.808148822161561,9.48865382671115,27.541841067637243,76.9,29.5,106.3,0.12898053786270347,1.7001465979172987,-0.6965928621979578,0.9972070569204325,29.700000000000006,11.182784854918614,23.921003942978466,0.7743099787685775,2.5734228086138913,10.40923566878981,21.33316145991305,8.137074107774744,9.648723587099385,0.985656152057426,5.367409766454353,6.3187190375088464,6.06667677686786,1.4257279344858964,0.4950384187645334,2.954802345566677,3.1574739662319287,31.280886664644626,112.93382873319179,112.16120715802245,0.1483166515013649,37.34771509453038,44.37162572035184,17.43420786573653,0.5546456374481852,0.4296001415428167,-1.268744313011829,957.0,897.0,1173.0,222.0,3520.0,171.0,11909.0,800.0,1135.0,12.535610656152059,0.19366532706500858,0.18115511576180368,0.23708621474067335,0.28071724294813466,0.1072585431200081,0.6722137802042261,0.46477176220806793,0.44886002426448285,0.4084088312607421,0.349719644120918,0.8462005105651602,0.027865079365079364,462.0,0.3664836467495703,0.34654926195531294,32.0,0.0,0,0,6,0.0002666666666666667,0.0646,0.0,0,0,1,0,2,3,9,0,0,0,0,0.002266666666666667,0,0.0,0,0.0,0,0.004933333333333333,0,0.0,0,0.23633333333333337,2010,2025,16,0.892741456879992
James Harden,hardeja01,77,220.0,1989-08-26,Arizona State,2010,2024,2009-10-28T00:00:00Z,False,15,NBA,"OKC, HOU, BRK, PHI, LAC",SG,1072,858.0,34.72201492537314,7.129664179104478,16.15205223880597,0.4414091827894889,2.7425373134328357,7.539179104477612,0.3637713437268003,4.387126865671642,8.612873134328359,0.5093685692624282,0.5263066705168928,7.144589552238806,8.302238805970148,0.8605617977528089,0.7611940298507462,4.851679104477612,5.612873134328358,7.11660447761194,1.4897388059701493,0.5597014925373134,3.655783582089552,2.513992537313433,24.146455223880597,37222.0,7643,17315,2940.0,8082.0,4703.0,9233.0,7659,8900,816.0,5201.0,6017.0,7629,1597.0,600.0,3919.0,2695.0,25885,77.0,23.97378163451722,0.6084760356778248,0.464377330610929,0.5127990167105475,2.481021976250604,15.345782064370532,8.997641179947344,33.970786094245334,2.122341625920155,1.354655848691634,15.493718768470258,29.38267691150395,123.60000000000001,42.80000000000001,166.3,0.21452828972113264,5.669797431626456,0.8385067970555048,6.493613991725323,79.9,10.10136478426737,22.877744344742357,3.8891650099403576,10.668894739670087,6.230269732953629,12.226699263876203,10.108640051582398,11.754454354951374,1.0741577561657085,6.872870882811241,7.954731073021332,10.06194454892268,2.122341625920155,0.7851915533824083,5.170409972596852,3.5877679866745478,34.203723604320025,118.74122830584064,107.92171296545054,30.480334210950513,59.44994895491914,9.893396378485841,0.1427650314330235,0.0,5.799172532373328,4.788896351620009,2170.0,1096.0,1068.0,436.0,3654.0,178.0,18033.0,668.0,1129.0,15.295682660792002,0.2569225726720757,0.1414990596958788,0.062551689860835,0.07428598678201064,0.464377330610929,0.639414351727473,0.35794849819998925,0.4239742088012466,0.4057668045779378,0.189943662350223,0.4517650045671914,0.02288818440707109,343.0,0.08109018859814088,0.3578982053624201,18.0,1.0,0,0,10,0.003066666666666667,0.42900000000000005,0.025266666666666666,0,0,4,6,6,7,11,0,1,1,1,0.24366666666666661,0,0.0,1,0.06760000000000001,0,0.0068,0,0.0,0,0.0,2010,2025,15,0.535622669389071
James Harden,hardeja01,77,220.0,1989-08-26,Arizona State,2011,2025,2009-10-28T00:00:00Z,False,15,NBA,"OKC, HOU, BRK, PHI, LAC",SG,1075,937.0,35.60279069767442,7.386976744186047,16.773953488372094,0.4403837622005324,2.8669767441860463,7.908837209302326,0.36250294048459186,4.52,8.865116279069767,0.5098635886673663,0.5258429458740018,7.413953488372093,8.593488372093024,0.8627408529984846,0.7665116279069767,5.027906976744186,5.794418604651163,7.608372093023256,1.5209302325581395,0.5906976744186047,3.864186046511628,2.471627906976744,25.05488372093023,38273.0,7941,18032,3082.0,8502.0,4859.0,9530.0,7970,9238,824.0,5405.0,6229.0,8179,1635.0,635.0,4154.0,2657.0,26934,80.0,24.137122775847203,0.6091567162229247,0.46974564314268547,0.5123724035220651,2.43518145951454,15.520889399838007,9.060436861495049,35.16103780733154,2.1081049303686674,1.4223290570375982,15.77143155749484,29.806422282026492,125.60000000000002,44.60000000000001,170.10000000000002,0.213426880568547,5.800937998066521,0.8192851357353748,6.605936299741332,83.2,10.195631385049511,23.141736994748253,3.9539884513887067,10.899762234473387,6.247388498419251,12.254793196248007,10.216222924777258,11.852540955765162,1.0539570976928905,6.938141770961252,7.9995897891463965,10.481195620933818,2.1081049303686674,0.8092545658819533,5.324881770438692,3.4326496485773257,34.56911660962036,118.83808428918559,108.25124761581272,33.022862069866484,57.592637107099,9.21302223499595,0.13884461630914743,0.0,5.771948893475819,4.7908891385572066,2332.0,1157.0,1040.0,455.0,3779.0,173.0,19304.0,697.0,1149.0,15.468790008622264,0.24283322446633399,0.15247605361481986,0.06822572048180178,0.06636597601442269,0.46974564314268547,0.6484798683144776,0.36488420035011626,0.42513335771954114,0.41259242808246027,0.18034240848640032,0.4243168029681499,0.020298565568416378,322.0,0.07329597888851148,0.3580796906435346,16.0,1.0,0,0,11,0.003066666666666667,0.4380666666666666,0.0,0,0,4,6,6,8,12,0,0,0,1,0.24373333333333333,0,0.0,1,0.06760000000000001,0,0.0068,0,0.0,0,0.0,2010,2025,16,0.5302543568573146
Wesley Matthews,matthwe02,77,220.0,1986-10-14,Marquette,2010,2024,2009-10-28T00:00:00Z,False,15,NBA,"UTA, POR, DAL, NYK, IND, MIL, LAL, MIL, ATL",SG,986,757.0,28.984787018255577,3.876267748478702,9.252535496957403,0.4189411377836238,1.8711967545638946,4.983772819472617,0.37545787545787546,2.0050709939148073,4.268762677484787,0.46970776906628653,0.5200591910555739,1.7454361054766734,2.1196754563894524,0.823444976076555,0.5050709939148073,2.291075050709939,2.7961460446247464,1.8691683569979716,0.9381338742393509,0.20689655172413793,1.0862068965517242,2.0273833671399593,11.369168356997971,28579.0,3822,9123,1845.0,4914.0,1977.0,4209.0,1721,2090,498.0,2259.0,2757.0,1843,925.0,204.0,1071.0,1999.0,11210,0.0,12.279880331712095,0.5559370166905768,0.548064138003429,0.22572206865180724,1.9519752265649604,8.882746072290843,5.390468525840651,9.889044403233143,1.6590328562930823,0.6014906049896778,9.565807061128801,17.488232618356136,32.00000000000001,23.4,55.500000000000014,0.09330837328108049,-0.38625564225480247,0.14275516987998182,-0.24376990097624118,12.7,6.832684838517793,16.276356765457155,3.2677000594842363,8.724500507365548,3.54795129290738,7.570922705483047,3.098002029462193,3.7500122467546095,0.8910213793344763,4.012670142412261,4.905444557192345,3.2810805136638788,1.6590328562930823,0.3765317190944399,1.90433535113195,3.5486301130200495,20.016722068651813,110.1702298890794,109.82095244760139,1.1341544490709963,61.53010952097694,36.33822037160152,1.1056370061933587,0.028692396514923547,1.6887014941040626,1.850981489905175,501.0,361.0,899.0,99.0,816.0,336.0,4337.0,142.0,429.0,17.252622555022917,0.1797129710626684,0.1043766051996221,0.07759428251513349,0.09039578011826864,0.548064138003429,0.5920962245005074,0.391671157143357,0.38587525805661504,0.3304036530319466,0.5143214248224222,0.9161431120753,0.010481997270723258,87.0,0.3077578291752685,0.41355607264075017,16.0,0.0,0,0,0,0.007933333333333334,0.0,0.018400000000000003,0,0,5,0,0,0,0,0,0,1,0,0.0,0,0.0,0,0.0,0,0.0036666666666666666,0,0.0,0,0.0,2010,2024,15,0.45193586199657093
Taj Gibson,gibsota01,81,232.0,1985-06-24,USC,2010,2024,2009-10-29T00:00:00Z,False,15,NBA,"CHI, OKC, MIN, NYK, WAS, DET, NYK",PF,965,450.0,23.481865284974095,3.555440414507772,6.873575129533679,0.5172621739785919,0.05595854922279793,0.21243523316062177,0.2634146341463415,3.499481865284974,6.661139896373057,0.5253578095830741,0.5213327302879541,1.4238341968911916,1.9968911917098446,0.7130254281266217,2.157512953367876,3.6528497409326426,5.810362694300518,0.9585492227979274,0.5398963730569948,0.9803108808290155,1.0569948186528497,2.45699481865285,8.590673575129534,22660.0,3431,6633,54.0,205.0,3377.0,6428.0,1374,1927,2082.0,3525.0,5607.0,925,521.0,946.0,1020.0,2371.0,8290,0.0,15.208283318623122,0.5579697705207414,0.03727219770520742,0.2907047661076787,10.233773168578994,17.164933804060016,13.713018534863192,6.390401588702559,1.162630185348632,3.319382171226832,11.936884377758163,16.717952338923215,29.1,30.899999999999995,60.0,0.12686209179170346,-1.160339805825243,0.3661120917917034,-0.817135922330097,6.7,7.733252427184465,14.977630185348634,0.11528243601059136,0.4446734333627538,7.622144748455428,14.53848190644307,3.0869991173874665,4.370119152691967,4.701924095322154,7.952224183583408,12.641941747572817,2.0737775816416595,1.162630185348632,2.1402912621359222,2.306866725507502,5.351266548984995,18.69296116504854,113.12515445719329,105.41178287731685,0.0,0.0,6.112842012356576,75.9454986760812,18.080229479258605,2.6068843777581643,2.5499558693733455,251.0,293.0,1204.0,253.0,889.0,72.0,2194.0,202.0,602.0,7.224086496028243,0.46658217122683127,0.20183040600176522,0.1470447043248014,0.1470346425419241,0.03727219770520742,0.6668566637246249,0.41122343336275374,0.421788349514563,0.3790499117387467,0.6820984995586937,0.41172387466902033,0.12453230361871138,750.0,0.37840957634598416,0.12692171226831422,9.0,1.0,0,0,0,0.005666666666666667,0.0,0.04713333333333333,0,0,1,0,0,0,0,1,1,1,0,0.0,0,0.003,0,0.04606666666666667,0,0.0003333333333333333,0,0.0,0,0.0,2010,2025,15,0.9627278022947926
Taj Gibson,gibsota01,81,232.0,1985-06-24,USC,2011,2025,2009-10-29T00:00:00Z,False,15,NBA,"CHI, OKC, MIN, NYK, WAS, DET, NYK, CHO",PF,920,391.0,22.679347826086957,3.4423913043478263,6.629347826086956,0.5192654533530087,0.059782608695652176,0.225,0.26570048309178745,3.382608695652174,6.404347826086957,0.528173794976239,0.5237743892441384,1.383695652173913,1.9260869565217391,0.7183972911963883,2.0728260869565216,3.4880434782608694,5.560869565217391,0.9521739130434783,0.5217391304347826,0.9347826086956522,1.0119565217391304,2.3293478260869565,8.328260869565218,20865.0,3167,6099,55.0,207.0,3112.0,5892.0,1273,1772,1907.0,3209.0,5116.0,876,480.0,860.0,931.0,2143.0,7662,0.0,15.270630242032109,0.5610326383896478,0.04089034267912773,0.29048439971243706,10.14368080517613,16.974176851186193,13.57180924994009,6.5590222861250895,1.15745506829619,3.3089623771866763,11.87581116702612,16.654809489575843,27.9,27.799999999999997,55.699999999999996,0.12773879702851668,-1.1085789599808293,0.3428324946081955,-0.7800623052959501,6.3999999999999995,7.739161274862207,14.936827222621616,0.12716031631919483,0.4868487898394441,7.614574646537262,14.455978912053675,3.1053726335969323,4.360033549005512,4.666153846153845,7.84836328780254,12.501260484064222,2.132178289000719,1.15745506829619,2.1140282770189316,2.278926431823628,5.241878744308651,18.737109992810925,113.92978672417925,105.85449317038102,0.0,0.0,5.0542535346273665,74.63944404505152,20.351162233405223,2.61182362808531,2.4458950395399,231.0,275.0,1073.0,226.0,808.0,66.0,2089.0,185.0,563.0,7.174430865085069,0.46644605799185235,0.21165593098490296,0.14220474478792236,0.1386523843757489,0.04089034267912773,0.6749997124370957,0.4055341960220465,0.4195049604601006,0.38015849508746713,0.6838340762041696,0.46674636951833215,0.12379837047687514,689.0,0.43056606757728255,0.14764179247543735,9.0,1.0,0,0,0,0.005666666666666667,0.0,0.0,0,0,1,0,0,0,0,0,0,0,0,0.0,0,0.0,0,0.04606666666666667,0,0.0003333333333333333,0,0.0,0,0.0,2010,2025,16,0.9591096573208723
Jrue Holiday,holidjr01,76,205.0,1990-06-12,UCLA,2010,2024,2009-10-30T00:00:00Z,False,15,NBA,"PHI, NOP, MIL, BOS",PG,975,894.0,33.09025641025641,6.338461538461538,13.697435897435897,0.46274803444402846,1.5035897435897436,4.0543589743589745,0.37085757652415885,4.834871794871795,9.643076923076922,0.5013826845352053,0.5176338450018719,1.958974358974359,2.4984615384615383,0.784072249589491,0.9456410256410256,3.233846153846154,4.17948717948718,6.36,1.4430769230769231,0.521025641025641,2.6625641025641027,2.1487179487179486,16.13948717948718,32263.0,6180,13355,1466.0,3953.0,4714.0,9402.0,1910,2436,922.0,3153.0,4075.0,6201,1407.0,508.0,2596.0,2095.0,15736,4.0,17.23782971205405,0.5452162539131512,0.29652682639556144,0.17951991445308862,3.146598270464619,10.550943805597743,6.888810711961069,30.013002510615873,2.1664879273471156,1.2984781328456747,15.35355980534978,23.11697300313052,36.199999999999996,33.199999999999996,69.4,0.10317871865604564,1.5058457056070422,0.13344078356011532,1.6496172085670895,29.8,9.454886402380435,20.486300096085294,2.2424882992902084,6.016663050553265,7.2339832005703135,14.485512816539067,2.913560425254936,3.742624678424201,1.4118060936676688,4.825341722716424,6.255788364380249,9.529185134674396,2.1664879273471156,0.7530111892880389,3.997089545299569,3.2450640052072033,24.09223568793975,108.57217245761399,109.22784613954065,59.530700802777176,30.372934940954035,10.175433158726715,0.06561696060502743,0.0,3.6698416142330226,6.5198214673155,1533.0,707.0,892.0,118.0,1033.0,179.0,14407.0,263.0,707.0,13.022189505005734,0.26566450733037844,0.18973750116232216,0.12261807643430557,0.12515993552986393,0.29652682639556144,0.6244643709512445,0.4167214766140781,0.45803985990143514,0.4027812354709729,0.2785499488578247,0.5849983882465981,0.01628091002076682,187.0,0.17395474692372065,0.3883744537085826,24.0,1.0,2,0,2,0.2342,0.0054666666666666665,0.008066666666666666,3,6,11,0,0,0,3,0,0,1,0,0.0,0,0.0,0,0.00013333333333333334,0,0.013066666666666667,0,0.005066666666666666,0,0.0,2010,2025,15,0.7034731736044385
Jrue Holiday,holidjr01,76,205.0,1990-06-12,UCLA,2011,2025,2009-10-30T00:00:00Z,False,15,NBA,"PHI, NOP, MIL, BOS",PG,964,905.0,33.601659751037346,6.435684647302905,13.908713692946058,0.46270883054892603,1.5684647302904564,4.253112033195021,0.36878048780487804,4.867219917012448,9.655601659751037,0.5040825096691018,0.5190930787589498,1.9865145228215768,2.517634854771784,0.7890399670374949,0.9771784232365145,3.3267634854771786,4.303941908713693,6.390041493775934,1.446058091286307,0.5363070539419087,2.6109958506224067,2.1192946058091287,16.426348547717843,32392.0,6204,13408,1512.0,4100.0,4692.0,9308.0,1915,2427,942.0,3207.0,4149.0,6160,1394.0,517.0,2517.0,2043.0,15835,4.0,17.288404544331932,0.5474225117312917,0.30991007038775004,0.177647567300568,3.189775253148926,10.644671523833043,6.9571036058286,29.575064830822424,2.131899851815263,1.3257594467769822,14.759181279328228,22.946002099283778,38.8,34.599999999999994,73.3,0.10863148308224255,1.5422943936774511,0.22417263521857253,1.7767566065695235,31.0,9.438460113608297,20.45433749073845,2.3051123734255374,6.210431588046432,7.160700172882193,14.259718448999749,2.909523956532477,3.7029544331933812,1.43051370708817,4.880587799456656,6.329667819214621,9.40722400592739,2.131899851815263,0.7637101753519387,3.84730489009632,3.1447023956532476,24.106557174611016,109.767226475673,109.35196962212892,58.90185848357619,30.987435169177576,10.13490985428501,0.06535564336873302,0.0,4.442671029883922,6.485613731785625,1492.0,683.0,878.0,113.0,1027.0,180.0,14389.0,261.0,704.0,13.171221289207212,0.25865902074586317,0.19450555692763646,0.12088111262040009,0.11575225364287481,0.30991007038775004,0.6344576747345023,0.41797687700666836,0.4558258211904174,0.4047833415658187,0.2903686404050382,0.5970076562114103,0.015464312175845889,181.0,0.18029482588293408,0.37968424302296866,21.0,1.0,2,0,2,0.2342,0.0054666666666666665,0.0,3,6,11,0,0,0,3,0,0,0,0,0.0,0,0.0,0,0.00013333333333333334,0,0.013066666666666667,0,0.005066666666666666,0,0.0,2010,2025,16,0.69008992961225
James Johnson,johnsja01,79,240.0,1987-02-20,Wake Forest,2010,2024,2009-10-30T00:00:00Z,False,15,NBA,"CHI, TOR, SAC, MEM, TOR, MIA, MIN, DAL, NOP, BRK, IND",PF,774,243.0,20.05684754521964,2.9806201550387597,6.291989664082688,0.47371663244353185,0.49224806201550386,1.6382428940568476,0.30047318611987384,2.488372093023256,4.6537467700258395,0.5347029428095502,0.5128336755646817,1.0684754521963824,1.574935400516796,0.6784249384741592,0.7816537467700259,2.7196382428940566,3.501291989664083,2.0749354005167957,0.7506459948320413,0.8436692506459949,1.3488372093023255,2.253229974160207,7.521963824289406,15524.0,2307,4870,381.0,1268.0,1926.0,3602.0,827,1219,605.0,2105.0,2710.0,1606,581.0,653.0,1044.0,1744.0,5822,0.0,13.935325946920896,0.5374068539036331,0.2574295284720433,0.24999091728935843,4.414042772481318,15.247655243493945,9.836015202267458,15.926159494975524,1.888875289873744,3.4687194022159242,16.129277248131924,18.540150734346824,7.5,20.200000000000003,27.6,0.08505752383406338,-1.0683393455295027,1.4523834063385728,0.40680881216181386,9.200000000000001,7.549098170574594,15.913630507601134,1.2255282143777375,4.113237567637207,6.316155629992269,11.812651378510692,2.716451945374903,3.988108734862149,1.9929721721205873,6.8777054882762165,8.87733187322855,5.233779953620202,1.888875289873744,2.143216954393198,3.4148093274929145,5.712084514300439,19.033477196598813,103.7746714764236,105.98904921412007,0.0,0.49826075753671734,36.036588508116466,59.20658335480546,4.502254573563515,-1.4584321051275446,-1.7735635145581035,451.0,286.0,884.0,163.0,613.0,34.0,3826.0,171.0,298.0,10.596843597011079,0.41338037876835865,0.17496031950528212,0.05540079876320536,0.09919801597526409,0.2574295284720433,0.6562817572790518,0.4113575109507859,0.36058586704457607,0.3504853130636434,0.44748982221077044,0.9271119556815253,0.08888817315124968,383.0,0.38437219788714255,0.3163719402215924,19.0,0.0,0,0,0,0.0,0.0,0.0,0,0,0,0,0,0,0,0,0,0,0,0.0,0,0.0,0,0.0033333333333333335,0,0.004533333333333334,0,0.0,0,0.0,2010,2025,15,0.7425704715279569
James Johnson,johnsja01,79,240.0,1987-02-20,Wake Forest,2011,2025,2009-10-30T00:00:00Z,False,15,NBA,"CHI, TOR, SAC, MEM, TOR, MIA, MIN, DAL, NOP, BRK, IND",PF,721,232.0,20.53259361997226,3.073509015256588,6.478502080443828,0.4744166131449368,0.507628294036061,1.6990291262135921,0.2987755102040816,2.5658807212205272,4.779472954230235,0.5368543238537434,0.5135945193748662,1.0762829403606102,1.59500693481276,0.6747826086956522,0.7919556171983356,2.79750346740638,3.589459084604716,2.1664355062413314,0.7766990291262136,0.8488210818307905,1.3675450762829404,2.251040221914008,7.7309292649098476,14804.0,2216,4671,366.0,1225.0,1850.0,3446.0,776,1150,571.0,2017.0,2588.0,1562,560.0,612.0,986.0,1623.0,5574,0.0,14.081275330991623,0.5372149419075926,0.259433531477979,0.24534889219129968,4.367934342069711,15.338536881923803,9.856221291542827,16.233855714671712,1.9091529316400973,3.4297892461496895,15.930201296946771,18.566421237503384,7.6,19.1,26.7,0.08602816806268576,-0.9397527695217509,1.4458186976492837,0.5250743042420967,9.200000000000001,7.596872466900837,15.992110240475547,1.233997568224804,4.164516346933262,6.36021345582275,11.840448527425018,2.669596055120238,3.939874358281545,1.972291272629019,6.904437989732504,8.883707106187517,5.332579032693867,1.9091529316400973,2.105660632261551,3.379120507970819,5.566380707916779,19.095426911645497,104.12395298567955,106.11328019454201,0.0,0.5224939205620103,37.714671710348554,57.91326668467982,4.158740880843015,-1.1076195622804645,-1.4392123750337749,437.0,273.0,822.0,154.0,577.0,30.0,3727.0,160.0,282.0,10.626891380707917,0.40882768170764655,0.18029924344771683,0.0563795595784923,0.09544947311537422,0.259433531477979,0.6593939475817348,0.41561456363145094,0.36144690624155623,0.35408288300459334,0.4417256822480411,0.9244937179140773,0.08687057552012971,360.0,0.3786238854363685,0.3084925020264794,18.0,0.0,0,0,0,0.0,0.0,0.0,0,0,0,0,0,0,0,0,0,0,0,0.0,0,0.0,0,0.0033333333333333335,0,0.004533333333333334,0,0.0,0,0.0,2010,2025,16,0.7405664685220211
Danny Green,greenda02,78,215.0,1987-06-22,UNC,2010,2024,2009-11-12T00:00:00Z,False,15,NBA,"CLE, SAS, TOR, LAL, PHI, CLE, MEM, PHI",SG,832,709.0,25.118990384615383,3.0600961538461537,7.268028846153846,0.4210352240780552,1.8954326923076923,4.742788461538462,0.3996452103395844,1.1646634615384615,2.5252403846153846,0.4612089481199429,0.5514304613858112,0.6430288461538461,0.7992788461538461,0.8045112781954887,0.6021634615384616,2.795673076923077,3.3978365384615383,1.5348557692307692,1.0252403846153846,0.7620192307692307,0.9915865384615384,1.7475961538461537,8.658653846153847,20899.0,2546,6047,1577.0,3946.0,969.0,2101.0,535,665,501.0,2326.0,2827.0,1277,853.0,634.0,825.0,1454.0,7204,0.0,12.597559691851286,0.5667480262213503,0.6578367864491125,0.10715058136752956,2.7479209531556537,12.19746877841045,7.584827025216517,8.6349299009522,2.0479161682377143,2.4310062682424998,11.549566964926552,15.345552418776021,16.900000000000002,32.5,49.2,0.11317795109813865,0.3396047657782668,1.5048327671180441,1.8609407148667398,20.4,6.102387674051389,14.50453131728791,3.775271544093019,9.438891813005409,2.330269390879947,5.0522752284798305,1.2982343652806354,1.599090865591655,1.2035504091104834,5.569180343557108,6.764160964639457,3.0659457390305755,2.04725584956218,1.5341212498205654,1.9932963299679411,3.4757835303124556,17.260778027656826,108.51370878989425,104.09588975549069,0.2336475429446385,49.67362074740418,46.371644576295516,3.91454136561558,0.0,8.181429733480071,3.620646920905307,478.0,169.0,762.0,69.0,232.0,120.0,2883.0,47.0,190.0,18.986941958945405,0.1403164744724628,0.07484606918991339,0.05217120436384516,0.07440647877888895,0.6578367864491125,0.5985555768218574,0.3536528542035504,0.3646600794296378,0.38106526628068327,0.6674141346475909,0.9419956935738553,0.01186382123546581,55.0,0.37174410258864066,0.4197397004641371,18.0,0.0,3,0,0,0.06313333333333333,0.0,0.0,0,1,7,0,0,0,0,0,0,0,0,0.0,0,0.0,0,0.0,0,0.003,0,0.0,0,0.0,2010,2024,15,0.3421632135508876
Patty Mills,millspa02,74,180.0,1988-08-11,Saint Mary's,2010,2024,2010-01-04T00:00:00Z,False,15,NBA,"POR, SAS, BRK, ATL, MIA",PG,892,112.0,20.173766816143498,3.1603139013452917,7.45067264573991,0.4241649112247969,1.704035874439462,4.413677130044843,0.38608077216154435,1.4562780269058295,3.036995515695067,0.4795127353266888,0.5385194101715317,0.8239910313901345,0.9630044843049327,0.8556461001164144,0.29596412556053814,1.350896860986547,1.6468609865470851,2.2242152466367715,0.6367713004484304,0.08632286995515695,0.9461883408071748,1.2780269058295963,8.84865470852018,17995.0,2819,6646,1520.0,3937.0,1299.0,2709.0,735,859,264.0,1205.0,1469.0,1984,568.0,77.0,844.0,1140.0,7893,0.0,13.375493192553487,0.5614126701861629,0.5982577938316198,0.1286989719366491,1.6704640177827177,7.337804945818283,4.556549041400389,16.32920811336482,1.5937482634065019,0.34315643234231735,10.687163100861351,19.49571547652126,20.0,15.700000000000001,35.9,0.0955568213392609,0.3672353431508753,-0.48417893859405386,-0.10934148374548487,8.7,7.828530147263129,18.463456515698805,4.216087802167268,10.88213392609058,3.6176660183384275,7.56656849124757,2.0292692414559603,2.373342595165323,0.7279966657404834,3.3510252848013335,4.086629619338706,5.538205056960267,1.5937482634065019,0.23302584051125314,2.340589052514587,3.1768769102528482,21.9175937760489,110.30030564045568,110.81789385940539,89.34592942484024,8.959266462906363,1.564434565156988,0.0,0.0,4.657171436510142,2.020361211447624,506.0,208.0,417.0,58.0,249.0,274.0,4571.0,63.0,189.0,19.539661016949154,0.1223525979438733,0.04962978605168102,0.04601411503195332,0.1838210614059461,0.5982577938316198,0.6572631286468464,0.36750302861906087,0.3970935259794387,0.4156287302028342,0.49376393442622946,0.823073964990275,0.0,0.0,0.24140972492358986,0.4369515420950264,16.0,0.0,1,0,0,0.0,0.0,0.0,0,0,0,0,0,0,0,0,0,0,0,0.0,0,0.0,0,0.002,0,0.0014666666666666667,0,0.0,0,0.0,2010,2025,15,0.4017422061683801
Patty Mills,millspa02,74,180.0,1988-08-11,Saint Mary's,2011,2025,2010-01-04T00:00:00Z,False,15,NBA,"POR, SAS, BRK, ATL, MIA, LAC, UTA",PG,911,112.0,20.063666300768386,3.122941822173436,7.374313940724479,0.4234891336707353,1.694840834248079,4.3995609220636664,0.3852295409181637,1.4281009879253568,2.974753018660812,0.4800738007380074,0.5384042869901756,0.8166849615806806,0.9506037321624589,0.859122401847575,0.29308452250274425,1.3413830954994512,1.6344676180021953,2.2008781558726676,0.6377607025246982,0.08781558726673985,0.9407244785949506,1.2711306256860593,8.757409440175632,18278.0,2845,6718,1544.0,4008.0,1301.0,2710.0,744,866,267.0,1222.0,1489.0,2005,581.0,80.0,857.0,1158.0,7978,0.0,13.29118065433855,0.5612585622059306,0.6023637159426631,0.1286633110843637,1.6625341941131417,7.322704891125944,4.544118612539664,16.21497975708502,1.6024400919137762,0.3536491957544589,10.746011598643177,19.386956997483317,20.0,15.8,36.0,0.09445070576649524,0.3149141043877888,-0.4650399387241492,-0.14264142685195316,8.7,7.772217966954809,18.35854579275632,4.213272786956996,10.900038297406716,3.5640879746142904,7.445738045738047,2.0209158551263817,2.352478389320494,0.7243516796148375,3.343648101542838,4.075281759492286,5.505979866506182,1.6041963015647227,0.2381989276726119,2.337952730057993,3.173033154612102,21.7937739358792,110.23903052850422,110.99009738483423,89.47576321260532,8.855673487252435,1.5402122770543822,0.0,0.0,4.57079002079002,2.1064722617354197,520.0,208.0,428.0,58.0,251.0,281.0,4623.0,63.0,191.0,19.614536601378703,0.12021993653572602,0.0503396432870117,0.04558622387569756,0.18156466790677314,0.6023637159426631,0.6552731152204836,0.36949846810373127,0.3961011598643177,0.4159480249480249,0.494120363278258,0.8217564832038518,0.0,0.0,0.24025358354305726,0.4381769340190393,16.0,0.0,1,0,0,0.0,0.0,0.0,0,0,0,0,0,0,0,0,0,0,0,0.0,0,0.0,0,0.002,0,0.0014666666666666667,0,0.0,0,0.0,2010,2025,16,0.39763628405733664
Garrett Temple,templga01,77,195.0,1986-05-08,LSU,2010,2025,2010-02-09T00:00:00Z,False,15,NBA,"SAC, HOU, SAS, MIL, CHA, WAS, SAC, LAC, MEM, BRK, CHI, NOP, TOR",SG,771,289.0,20.053177691309987,2.1206225680933852,5.304798962386511,0.39975550122249387,0.933852140077821,2.7302204928664073,0.342042755344418,1.1867704280155642,2.574578469520104,0.4609571788413098,0.4877750611246944,0.767833981841764,1.0311284046692606,0.7446540880503144,0.41245136186770426,1.8067444876783398,2.219195849546044,1.6342412451361867,0.7911802853437094,0.3125810635538262,0.8664072632944229,1.769130998702983,5.942931258106356,15461.0,1635,4090,720.0,2105.0,915.0,1985.0,592,795,318.0,1393.0,1711.0,1260,610.0,241.0,668.0,1364.0,4582,0.0,9.4259426945217,0.5159646853373003,0.5066320419119074,0.19578423129163702,2.2909514261690704,10.085621887329408,6.157208459996118,11.618562835521635,1.9639997412845227,1.3700278119138476,13.126440721816182,14.547959381670006,2.1999999999999997,14.899999999999999,16.8,0.05210102839402366,-2.74636828148244,0.5999094495828214,-2.158392083306384,-0.7000000000000001,5.235075350882867,13.115199534312138,2.3076903175732486,6.692671884095468,2.9348619106138023,6.381307806739538,1.9053812819351919,2.558696073992627,1.020697238212276,4.472453269516849,5.4931505077291245,4.048017592652481,1.9639997412845227,0.7624280447577776,2.159698596468534,4.384464135566911,14.66402561283229,102.12916370221849,109.93279865467952,14.90479270422353,65.91216609533666,18.90906150960481,0.5209882931246361,0.0,-3.332003104585732,-1.6113058663734554,385.0,148.0,641.0,66.0,307.0,142.0,2914.0,74.0,190.0,16.711745682685464,0.21295291378306708,0.07171521893797297,0.07321408705775823,0.13543451264471898,0.5066320419119074,0.6076088868766574,0.34592872388590656,0.36511409352564517,0.32558870706940046,0.5613499773623958,0.9077207813207426,0.013618524028199987,49.0,0.40264555979561484,0.3477121143522411,5.0,0.0,0,0,0,0.0,0.0,0.0,0,0,0,0,0,0,0,0,0,0,0,0.0,0,0.0,0,0.0,0,0.0,0,0.0,0,0.0,2010,2025,15,0.49336795808809264
Paul George,georgpa01,80,220.0,1990-05-02,Fresno State,2011,2025,2010-10-27T00:00:00Z,False,15,NBA,"IND, OKC, LAC, PHI",SF,908,860.0,33.607929515418505,7.048458149779735,16.027533039647576,0.4397718683432969,2.5870044052863435,6.747797356828194,0.3833850171372613,4.461453744493392,9.279735682819384,0.4807737953952053,0.5204768776197347,3.907488986784141,4.581497797356828,0.8528846153846154,0.8259911894273128,5.433920704845815,6.259911894273127,3.710352422907489,1.6949339207048457,0.44162995594713655,2.6685022026431717,2.6629955947136565,20.591409691629956,30516.0,6400,14553,2349.0,6127.0,4051.0,8426.0,3548,4160,750.0,4934.0,5684.0,3369,1539.0,401.0,2423.0,2418.0,18697,4.0,19.155390614759472,0.5688428365447634,0.41771844278411324,0.2836311770874295,2.732818849128325,17.676395988989384,10.269665093721326,18.388356927513435,2.52739218770481,1.09673613841919,12.955236597194913,27.024986892122165,41.89999999999999,47.499999999999986,89.6,0.14060450255603618,2.6059050989644783,1.1179119150609516,3.745595753047581,44.3,10.440657360073406,23.749223358238307,3.8065965395202523,9.973797352208676,6.620261502162799,13.778545680954252,5.784077205400447,6.777447896185608,1.2168698387731027,8.076723685935248,9.320762878489973,5.516007995805479,2.52739218770481,0.6607287980076025,3.9685345392580946,3.969016253768515,30.484054266614237,109.51943242888976,105.17780836282606,0.0,12.073109188622363,65.58641368462446,21.27582251933412,1.3569930528247476,5.297925678332678,7.476137108402148,1324.0,649.0,994.0,300.0,1644.0,229.0,7918.0,371.0,720.0,16.285342115611485,0.18810745182854896,0.10372116266876394,0.12066047319438986,0.1698776707301088,0.41771844278411324,0.6469064097522611,0.38544101454974433,0.40969642154935115,0.4000374557609123,0.3564200419452091,0.7391008978896316,0.041402706776772845,494.0,0.1932621903263861,0.4333801612268973,36.0,3.0,0,0,9,0.19306666666666666,0.128,0.0138,2,4,11,1,1,6,10,0,1,1,0,0.0252,0,0.0,0,0.0,1,0.036333333333333336,0,0.034466666666666666,0,0.0,2011,2025,15,0.5822815572158867
